idx,time_sec,mar,ear,yaw,roll
0,0.0,0.08029345180628614,0.21763516195755014,-5.648704275537102,0.8317215843580317
1,0.033333,0.07598616169219584,0.20481103321444935,-10.150266575441002,0.6750428256756598
2,0.066666,0.0955429993724234,0.22946265090416135,-8.717777308996562,0.3232261924895602
3,0.09999899999999999,0.10094167135897579,0.21933342395320682,-8.418677795279594,0.18825255613036937
4,0.133332,0.0886054864217027,0.22207836092133526,-8.062312843832268,0.19444245026910825
5,0.16666499999999998,0.0906895434152662,0.214906225248458,-8.957926466681272,0.23421131277585164
6,0.19999799999999998,0.09011697515370098,0.2225779356602009,-8.625738650611142,0.22669172939636378
7,0.23333099999999998,0.08723748935432662,0.22547589283149266,-9.302497723714186,0.1340299531861727
8,0.266664,0.07548306582685518,0.2311170553165436,-9.270689887415786,0.21283684016246449
9,0.29999699999999996,0.0760562022825508,0.22944541559660522,-8.912036762192049,0.06482809567106758
10,0.33332999999999996,0.07910089857925194,0.2312828090657334,-8.360604597578805,0.30203545177710217
11,0.36666299999999996,0.0767578011996447,0.22704866431346682,-8.408447895693348,0.5625458901279297
12,0.39999599999999996,0.07678177397458523,0.22717810419049256,-8.784447476567165,0.4027528648390508
13,0.43332899999999996,0.07762465366609768,0.2331491559978576,-8.487115782070957,0.46608720109107354
14,0.46666199999999997,0.07737347486605596,0.2244550525745732,-8.333187195516707,0.45061863560515986
15,0.49999499999999997,0.07780928450965274,0.23085300302030234,-8.873237882876696,0.6871657904486467
16,0.533328,0.07796593059044558,0.213571981463677,-9.903957152117204,0.7641940361445059
17,0.566661,0.07763624945708911,0.20652857107530875,-10.196319087437692,0.4272909491230526
18,0.5999939999999999,0.07530289388046893,0.21145811950809956,-12.520412805715127,0.2532610547567526
19,0.633327,0.07559902702391073,0.20946400875349835,-12.301070452906435,0.2166481775323682
20,0.6666599999999999,0.07474854894628291,0.19920056768725558,-14.422196745223335,0.3438320184005236
21,0.699993,0.07523639813890266,0.2013079335789697,-10.310197798038724,-0.005162766416836759
22,0.7333259999999999,0.07753727598801731,0.2319440299769936,-9.771322172378353,0.35815000811539793
23,0.766659,0.07528413672426343,0.2175481760295489,-10.915254024603602,0.18775867837481394
24,0.7999919999999999,0.07519240296238293,0.2297642398419925,-10.051107635781928,0.2969888452071479
25,0.833325,0.0791353353439581,0.23699442457822625,-9.274493944942328,0.38832455801303684
26,0.8666579999999999,0.07537466515873878,0.22661730571542887,-9.905913515220147,0.47992657105261133
27,0.899991,0.10637967827082924,0.2264307236290789,-9.570302621168256,0.7563069425415522
28,0.9333239999999999,0.14374358781122326,0.21718632747671482,-11.036817944375809,0.43637443517178237
29,0.966657,0.14645845652168918,0.22704239306040744,-11.433839727259494,0.4754435593765181
30,0.9999899999999999,0.14223033756592846,0.2136604332966333,-10.487386893965809,0.38427751274676736
31,1.033323,0.15973462040808203,0.21485197294994182,-9.675328139387279,0.5225646067885973
32,1.066656,0.16927606984563226,0.22208416336650258,-11.298658871722994,0.5555065423734306
33,1.0999889999999999,0.1754155493666207,0.2149439210291315,-11.132600611992205,0.1928969264202985
34,1.133322,0.17845545421413742,0.21814676221843576,-10.337680014563036,0.44663626765924513
35,1.166655,0.17452953300633156,0.20897590825554857,-10.888982350539374,0.037473485167766225
36,1.1999879999999998,0.17008763481879524,0.2218857693954222,-10.638264324251987,0.3910501050499217
37,1.233321,0.17664362424167304,0.2082724798012194,-12.318661969231034,0.10849566432040189
38,1.266654,0.1766880986323489,0.20955868448326873,-11.226951842127699,0.038710892617527776
39,1.299987,0.1697680735744823,0.21622260451445408,-10.243513981496262,0.34319544552652437
40,1.3333199999999998,0.17509199765784217,0.21206992138515454,-11.520129424436593,0.17402915144040568
41,1.366653,0.174633854656999,0.20934884660991387,-9.972419745514435,0.10589732761728217
42,1.399986,0.17153854961055048,0.2161935291024598,-9.822591266329892,0.29110857844992727
43,1.433319,0.16717560854315455,0.20461644274241808,-10.27027593768222,0.12394672447260703
44,1.4666519999999998,0.1667284387248108,0.20716191643866277,-10.250225450828559,0.16133880705547637
45,1.499985,0.16436883660951934,0.21165891260593878,-8.614428229072805,0.19350923530465367
46,1.533318,0.16653316732711998,0.21001511385029298,-9.81305886935042,0.23467132481810035
47,1.566651,0.1560016474793589,0.2095959985605677,-10.285135928505428,0.19024870470232114
48,1.5999839999999999,0.1572351035601543,0.20388648442895335,-9.147782361096025,0.18250781215770998
49,1.633317,0.14774191247619087,0.20845856801166485,-9.240250812728407,0.032843088440920896
50,1.66665,0.160622777850072,0.209086508634166,-9.845909773309037,0.44555188854446204
51,1.699983,0.15098074147891638,0.20161879066642585,-9.272964634154171,0.08894388681068839
52,1.7333159999999999,0.15924096496175966,0.20642333673048763,-9.30583644674268,0.3562886486382283
53,1.766649,0.15262992113001636,0.19691632720111593,-9.15355562001153,0.12419313056683172
54,1.799982,0.15712914037905595,0.20011882044119877,-9.80047057612074,0.22800323156149258
55,1.8333149999999998,0.15264453931518274,0.1972533328853449,-10.095367695461157,-0.04650344891649746
56,1.8666479999999999,0.15864813070554923,0.20347988763475178,-9.968795399709629,0.23360906901210302
57,1.899981,0.15149779043882078,0.20166802926131097,-10.18580951097544,0.02700435804835018
58,1.933314,0.14877675527343326,0.19921865710407033,-10.536111906131895,0.027047097868510863
59,1.9666469999999998,0.13913999011514097,0.2043193139114481,-10.859889194746248,0.1234417793142849
60,1.9999799999999999,0.14896679821731623,0.19331270520371324,-9.718501577761298,0.24873894330534707
61,2.0333129999999997,0.14599300086489983,0.19554387502798093,-8.80469954937458,0.152120446605165
62,2.066646,0.14870559295383476,0.20468690672750384,-9.116207936669236,0.29803882878984944
63,2.099979,0.14779852935537258,0.1990340503962929,-8.573372614438616,0.24258561574071852
64,2.133312,0.13937574030510516,0.21138196417949925,-8.931033423888264,0.17233361072619985
65,2.166645,0.14250481361434292,0.22357928681207995,-9.89724618937137,0.3875569470908797
66,2.1999779999999998,0.12151411061388259,0.22402747522742236,-9.088343744499193,0.1720126974513747
67,2.233311,0.13423841194094482,0.23660275976573497,-8.884394541903404,0.43222680169891653
68,2.266644,0.11926356440140928,0.22765152902441638,-9.653816568433822,0.09911933623280515
69,2.2999769999999997,0.11419074000335976,0.24249296544778898,-10.440557008913252,0.042660604598611256
70,2.33331,0.11853063034124763,0.24706729521085197,-10.012060693161093,0.09887818213710314
71,2.366643,0.11229714008594367,0.24216027585632127,-9.367865943671772,0.05707580591635497
72,2.3999759999999997,0.11837857684188442,0.23709459075085,-10.020426781332612,-0.08809493569165726
73,2.433309,0.12606846860126814,0.2457415074648041,-9.81763488466722,-0.28081875577602977
74,2.466642,0.1368121642419531,0.24171695424724937,-10.582376822593252,-0.33888848970849555
75,2.499975,0.14379969105443346,0.23521436469171222,-10.38536982088409,-0.37891802151449483
76,2.533308,0.14416024658945165,0.2392205975518975,-11.327750337802174,-0.4098744168999899
77,2.5666409999999997,0.14494614353626561,0.2351899255826551,-11.206048696319634,-0.3033608718477092
78,2.599974,0.15080311844534927,0.2396282493324893,-10.898219947138587,-0.2501776992517018
79,2.633307,0.14067196748965585,0.24146904667787322,-10.796942700391634,-0.2970974755016357
80,2.6666399999999997,0.1427669054580141,0.23087793230937412,-10.768420980629742,-0.5393072381234548
81,2.699973,0.13216832215442742,0.24134937446185872,-10.28894767953297,-0.5998596661914637
82,2.733306,0.09533635295427555,0.23296992404030495,-9.524044917373471,-0.46095002694284515
83,2.766639,0.07283108953265495,0.23486454273927418,-10.469961116575302,-0.4591844654741629
84,2.799972,0.07355466032688834,0.2313664589740722,-9.552401542617147,-0.5273806099007703
85,2.8333049999999997,0.073467448499975,0.23221346532243145,-10.60340629418348,-0.6128277701823244
86,2.866638,0.08785256425251946,0.2328211349865289,-11.47352999733151,-0.5120495039032609
87,2.899971,0.12629841161216304,0.2245403249017248,-11.156113211371357,-0.6051232451461697
88,2.9333039999999997,0.1419683686698111,0.21513839869754825,-10.984240829066827,-0.9707040143916433
89,2.966637,0.1600837926744255,0.21736692300126254,-11.166538949192857,-1.083700182416177
90,2.99997,0.1411824027872461,0.20900303178460833,-9.784027357634542,-1.3537636649764977
91,3.0333029999999996,0.1623720219193303,0.22199096904665547,-9.759566911128776,-1.243800123076332
92,3.066636,0.16871013247559213,0.22248784196404925,-8.804007186206137,-1.2433301119391018
93,3.0999689999999998,0.1756340387461875,0.2333958017618444,-8.695210075042867,-1.3327356695858352
94,3.133302,0.1728963849135348,0.2359744115802969,-8.03823109661587,-1.6185666706610193
95,3.166635,0.17612538995582705,0.24762261853930248,-8.116321555888536,-1.6691662553984932
96,3.1999679999999997,0.17466759348720245,0.24214252865918412,-7.375432031560548,-1.9095429024680501
97,3.233301,0.17607611781657442,0.247878983003104,-8.895997722965532,-1.8826842093719622
98,3.266634,0.17167581660313488,0.2522220152206597,-7.456061248219923,-1.9929987657052162
99,3.2999669999999997,0.17364354773504895,0.24372814202865783,-8.138550171424903,-1.7212885919527496
100,3.3333,0.17273277154998296,0.2498184628420855,-6.249433516590059,-1.9361496693349571
101,3.3666329999999998,0.17857617432538292,0.25607144390073894,-9.249631127598326,-1.9471529131939807
102,3.399966,0.17568120129238984,0.2590258436667305,-7.340929688810599,-2.305530180960208
103,3.433299,0.17912623275914524,0.25117407472883024,-9.821352625936639,-2.0425590869493866
104,3.4666319999999997,0.16870282995715732,0.2522232755536939,-6.4657314229999,-2.357543729713868
105,3.499965,0.17433758689767603,0.24074078093301668,-8.95562063058785,-2.213860169448506
106,3.533298,0.1721410731653754,0.24334697212831752,-8.272762035326197,-2.511721428583007
107,3.5666309999999997,0.1738471721672636,0.24373689806042986,-6.450842166249711,-2.711223934543619
108,3.599964,0.18192658494742128,0.23424483231107818,-8.858588685160457,-2.6139617693920525
109,3.6332969999999998,0.17191146912814986,0.23832642028295226,-7.363466421943085,-2.849794989403787
110,3.6666299999999996,0.18442294638315798,0.22994287481469483,-7.957798363723478,-3.0816210869464036
111,3.699963,0.18196079997437042,0.2362589416666253,-9.320892345781672,-3.0177108981461624
112,3.7332959999999997,0.18240833874467202,0.2241039092021922,-9.189377523811162,-3.0762254949731482
113,3.766629,0.18223600598562215,0.22478193425680257,-8.896085464821672,-3.3744852461618655
114,3.799962,0.18348328447539664,0.21451675392910252,-8.594393847842905,-3.558673128165584
115,3.8332949999999997,0.1885847612873201,0.21958992368581173,-9.04314937358535,-3.3714682034129444
116,3.866628,0.18618221959925835,0.21595437990697852,-9.448240446392461,-3.300760240885217
117,3.899961,0.1865401964679591,0.2089772422001947,-8.702712117506236,-3.174191037792922
118,3.9332939999999996,0.18951354035331308,0.20893469241357399,-9.079933165615591,-3.0632551186179278
119,3.966627,0.1813363845757084,0.2206875772501812,-9.029431738514335,-2.9375365987969713
120,3.9999599999999997,0.185862802374277,0.2228899923247536,-8.792833440809334,-2.9639797656485025
121,4.033293,0.17850849996965815,0.2216928899910675,-9.096820725954586,-2.8627548012826645
122,4.066625999999999,0.17794407704705523,0.21710111456027223,-9.521368278712723,-2.8670422742836275
123,4.099959,0.17558335985157622,0.2231657239312931,-8.80099133120842,-2.7501505774362642
124,4.133292,0.18004085089171096,0.2147482071257735,-8.257772527811571,-2.7224601064306153
125,4.166625,0.1807780990083783,0.21856695981640337,-8.402910767291127,-2.758963119517779
126,4.199958,0.17682858639053178,0.21691640679799049,-9.085557523471014,-2.6127071856720057
127,4.2332909999999995,0.1753986999164721,0.21796863833895846,-8.421687339809514,-2.771338860089577
128,4.266624,0.18086849792770482,0.22190199924195808,-8.60194469978103,-2.589472844543089
129,4.299957,0.17737844357755758,0.2302856991316701,-8.925906093882414,-2.6785079128358125
130,4.33329,0.17619117262674278,0.23300308823502833,-7.787487841304032,-2.6263467681546855
131,4.366623,0.17488857825102594,0.2308558018869628,-9.452174083431531,-2.890654740352601
132,4.3999559999999995,0.1670278493301154,0.2349710222923767,-8.414242504568115,-2.815733377870199
133,4.433288999999999,0.16818256902657064,0.2300182008623168,-8.479008009583701,-2.9118002867873374
134,4.466622,0.1711776966049531,0.22391560630413787,-8.590827774186852,-2.9171513581877453
135,4.499955,0.1726385022414231,0.22797503118631876,-9.0295593983461,-2.809575700735109
136,4.533288,0.17770926407261642,0.23256360329853737,-8.451575528490238,-2.7678639577034825
137,4.566621,0.17837384862741265,0.2316444200775757,-9.136959466182338,-2.584843009815251
138,4.599953999999999,0.1794799115732565,0.22622330070014085,-9.291845151011657,-2.5912815405652374
139,4.633287,0.17721687604733158,0.21857743314098615,-8.605026060442398,-2.6944159011810216
140,4.66662,0.18183153364836316,0.21631196774739198,-9.219793152729771,-2.6537814426353834
141,4.699953,0.17581241926400792,0.2128945027219762,-8.259384548493394,-2.5951403260949526
142,4.733286,0.17734763476875215,0.2241191616632302,-7.814985070765092,-2.5676911369318054
143,4.7666189999999995,0.17746529423738752,0.2083285830841642,-8.886433284487689,-2.455639941488862
144,4.799951999999999,0.1792978071351632,0.21832709580611975,-9.481114368458389,-2.360847978531542
145,4.833285,0.17453780352349843,0.20851942216926184,-8.613519459459196,-2.604684651968457
146,4.866618,0.1822111109095385,0.21450954062156682,-9.121486727178489,-2.4614347571078232
147,4.899951,0.1769646673444042,0.21006142564633334,-9.305264123386177,-2.711121288846977
148,4.933284,0.1789662236965403,0.2162034911307011,-10.02737253332721,-2.6890635600953927
149,4.966616999999999,0.17914764359594923,0.2055968692888577,-9.091517976541109,-2.7225513742078027
150,4.99995,0.1789884729075499,0.21311374951050754,-9.050036814038268,-2.7911638622566235
151,5.033283,0.17926618212050396,0.21218504563103904,-9.464003871698953,-2.912630460054744
152,5.066616,0.175873583735094,0.21389172868125886,-7.854623807052782,-2.6973362070224627
153,5.099949,0.1797095474878944,0.20512392981266292,-8.9312325897514,-2.7884847965728436
154,5.1332819999999995,0.17480225874179195,0.19730772591119164,-7.563842185648356,-2.51085800286014
155,5.166615,0.17523187061600204,0.19493688728507763,-7.862707984767881,-2.528997980099241
156,5.199948,0.17839113728359157,0.20079615859500283,-6.075312156136876,-2.128383834528842
157,5.233281,0.18256443050094232,0.20982706958983022,-7.093854179365985,-2.2878301119853726
158,5.266614,0.18718885713808264,0.22030434883790495,-7.366738136691283,-1.803464859981643
159,5.2999469999999995,0.18749460148456815,0.23846613143274417,-7.74603443319512,-1.6613006412980378
160,5.333279999999999,0.19256210867434695,0.2242438115461306,-6.591055807079172,-1.6309490325997549
161,5.366613,0.18980443424586732,0.23215106832355809,-7.218130615542996,-1.4924370756261522
162,5.399946,0.1947252165828739,0.21659704468513324,-6.797418539864551,-1.287905990446159
163,5.433279,0.20311575021616984,0.19215660316562477,-5.80348366676068,-1.7254764574397392
164,5.466612,0.19044654908717706,0.1713292328041237,-7.229753071715399,-2.0824536731926457
165,5.499944999999999,0.19242069351322594,0.16212760334654214,-8.325030299054177,-2.232613450459893
166,5.533278,0.1969047735778065,0.1528724747506211,-8.505197823339765,-1.9106793339857324
167,5.566611,0.1972836407392678,0.13785454484970752,-8.056307240332998,-1.7859205030979828
168,5.599944,0.19897580022778807,0.16241140640921445,-7.382434840014694,-1.4814648304144171
169,5.633277,0.2033332797568066,0.1774951278453365,-8.935102265027423,-1.0126705349015421
170,5.6666099999999995,0.1995617466761265,0.16494444343563988,-9.361800761347851,-0.6571919248859216
171,5.699942999999999,0.2009661622012778,0.1744670975885967,-9.840403999633786,-0.2919315360906497
172,5.733276,0.20260241336848553,0.17899339962644206,-9.722728763890645,-0.016854042175430812
173,5.766609,0.19825551120716117,0.1812358477631758,-10.269504408058015,0.08026528506020585
174,5.799942,0.19711453084302671,0.1970918373661124,-9.085893690406111,-0.19185749500747737
175,5.8332749999999995,0.19157683291972608,0.1862121962644379,-9.404350851471769,-0.05776609726419356
176,5.866607999999999,0.19299860750063438,0.19682480416863013,-9.1995853395626,-0.2406482650225933
177,5.899941,0.19564358760446046,0.1922615318816643,-9.322052607985938,0.14149959087789885
178,5.933274,0.19386792714167847,0.1926614697105346,-9.13516521619476,0.31992258721987454
179,5.966607,0.19909759532055643,0.202549558095311,-9.799382022935822,0.4004473383321569
180,5.99994,0.19663867404342103,0.20585946905650854,-9.342723873155585,0.1275668976799748
181,6.033272999999999,0.19463684593194294,0.1956727621226303,-8.570915036363363,-0.1591308258997162
182,6.066605999999999,0.1999761866617917,0.19443676956563194,-9.014706922748385,-0.07352229185144522
183,6.099939,0.1924750373924631,0.19881521278409386,-8.496948160054737,-0.148121334755666
184,6.133272,0.191125691025352,0.18078433249991793,-8.233031374331242,-0.034083502201766536
185,6.166605,0.19542336823652712,0.1969802480116763,-8.234873383854795,-0.14460445039780737
186,6.1999379999999995,0.1939399328096575,0.18810341645827638,-8.628456751079671,-0.08501750020411747
187,6.233270999999999,0.19409501534350695,0.19927606143019505,-8.221062526398367,-0.2686695758256744
188,6.266604,0.1907454164407225,0.19100165179192508,-7.7982925795815055,-0.0726472666231103
189,6.299937,0.18729393617527623,0.19175561768131122,-8.443702486877335,-0.13940031861845864
190,6.33327,0.1955005346788562,0.19670966828798309,-8.065968494347567,-0.22725572226731228
191,6.366603,0.1954565385807336,0.1846486703912087,-7.891019525984234,-0.14133523326070788
192,6.399935999999999,0.19487003344967013,0.18709035837062182,-8.179534854430202,-0.08362044322519813
193,6.433268999999999,0.19867891274597702,0.19657573880993845,-8.085206594274283,-0.13563727245551205
194,6.466602,0.1980248046212542,0.20418398057908282,-8.222325183917857,-0.1237196521427446
195,6.499935,0.19927639619061407,0.19639117505538797,-7.6105702460232285,0.04513003650723477
196,6.533268,0.19489236766619195,0.2042961361127712,-7.961494907860971,-0.017536357028489387
197,6.5666009999999995,0.19219178570556966,0.20162706596379548,-8.03703721392767,-0.07262841509348095
198,6.599933999999999,0.1924869816774446,0.19619437866023823,-7.238358236469203,0.04835372312245773
199,6.633267,0.19311435667834087,0.21074627853062838,-7.538304185067268,-0.14072323071497053
200,6.6666,0.19273357542659958,0.196724724538495,-7.907089662811214,0.043963333919374806
201,6.699933,0.18676327418728167,0.2077581440107838,-7.148849000075952,0.08101349004546221
202,6.7332659999999995,0.18821792656203729,0.20745401288363183,-8.070004865917486,-0.09949752095952792
203,6.766598999999999,0.19038200066507638,0.19839624482784374,-7.425169627886069,-0.017539328758085348
204,6.799932,0.18967564676374712,0.2049547840181625,-7.542004161478206,-0.14376310679678986
205,6.833265,0.1890191616314711,0.19900726776729322,-7.678366848305856,-0.17719104662535748
206,6.866598,0.18801493768525315,0.1966305316131563,-7.977529412728341,-0.21020664966555352
207,6.899931,0.18933775807727135,0.19682115404555528,-8.5839782866991,0.0651687746477867
208,6.933263999999999,0.1851927020098381,0.20495464088200657,-7.3544358764893,0.3357141769331247
209,6.966596999999999,0.18596376259408623,0.20150393067403755,-8.146106865653381,0.36199806195590667
210,6.99993,0.18536093849919827,0.1976077210408167,-7.76971636500874,0.17743924587665494
211,7.033263,0.18999966820538067,0.19097874807538703,-8.608253612528337,0.23961470226054804
212,7.066596,0.18728303092001822,0.19021319859170882,-8.826527990247895,0.3100533152679516
213,7.0999289999999995,0.19190806511910635,0.18861542218288102,-9.368125610956943,0.4251706360925952
214,7.133261999999999,0.18389478043410654,0.20225564877604418,-9.93980528282984,0.5752325809282426
215,7.166595,0.18816370698398557,0.20640496376933823,-10.03027037530956,0.47152470577803457
216,7.199928,0.1899282100315764,0.20312948839310796,-9.190673205177914,0.5718766513537061
217,7.233261,0.1939999989824128,0.2026434190414874,-10.301364220983302,0.548110221900799
218,7.2665939999999996,0.18686284252987892,0.2157048521440454,-9.383948626269861,0.8067558407387555
219,7.299926999999999,0.1939033313079577,0.21036199883279366,-8.732782542119303,0.8538831342591197
220,7.333259999999999,0.18767159219738624,0.2036245423716611,-9.842911676981554,1.069605290955549
221,7.366593,0.18839569132784242,0.2032542796312691,-8.886230775844592,0.830240557376451
222,7.399926,0.19067716135578158,0.2029365125389494,-10.736013283194636,0.8604300481869942
223,7.433259,0.1875720281597077,0.20812577299389856,-9.377531367537294,1.1206859976679184
224,7.4665919999999995,0.19079397006183815,0.20553394803263886,-9.884613162122841,1.276956110873252
225,7.499924999999999,0.18857207494537945,0.2130904587871631,-10.466307024256329,1.4713026839605816
226,7.533258,0.18557707520178832,0.21227069178332347,-10.318343823829228,1.3758563070577172
227,7.566591,0.19140429238689521,0.21442259372777234,-10.106157398183417,1.4220982840908085
228,7.599924,0.18796698853784385,0.2198819911437378,-10.596029349706848,1.5293411981356875
229,7.6332569999999995,0.1904743781085375,0.21735435925120233,-10.327173344394957,1.5033580084757616
230,7.666589999999999,0.1932775821068114,0.21629042999140802,-11.804550674523158,1.5041194031275522
231,7.699922999999999,0.18767704474605376,0.21980521436875866,-10.973447126388441,1.5880542527351493
232,7.733256,0.18891032504754093,0.21396860831609807,-11.430970306016617,1.4986256536843496
233,7.766589,0.18798725898078758,0.22393900132228547,-11.217351732056317,1.5974600612181231
234,7.799922,0.190463261938038,0.2116716038332149,-11.78574961642335,1.547803838248671
235,7.833254999999999,0.1890955658127174,0.2181058279392517,-11.060846989941197,1.5432683421845677
236,7.866587999999999,0.1809102723908271,0.21249615054856658,-12.285100902630457,1.2796904948589132
237,7.899921,0.1899761126161494,0.21055815401816436,-10.277408840504696,1.3205838144640074
238,7.933254,0.2034687675415032,0.19907937507660295,-9.351065808853825,1.071831234911526
239,7.966587,0.21823383556130876,0.20903680988819504,-11.062596500257161,0.9355349304933303
240,7.9999199999999995,0.2166822475223973,0.21374625936359726,-11.45440507927349,0.816956047593401
241,8.033253,0.14122005271905996,0.21110746449634327,-10.415020971818125,0.635931457813474
242,8.066586,0.09908108810977716,0.20744064987878508,-11.119680639698162,0.5280708355706119
243,8.099919,0.070790989837521,0.19918016680126793,-11.116342084725487,0.6538181371202993
244,8.133251999999999,0.06975001950187215,0.20827370699665454,-10.095545171457898,0.40645417636890047
245,8.166585,0.09524843648515628,0.2209710834141063,-11.847053885496488,0.15129460652279383
246,8.199918,0.10849682490761528,0.2044238740242285,-10.716075394949888,0.41048944459525233
247,8.233251,0.10292047583719931,0.20551637599216716,-10.87639227327061,0.3226780455234844
248,8.266584,0.09481500259248414,0.20975588099787007,-11.006364981407135,0.38592112531069067
249,8.299916999999999,0.09493272643445476,0.2062373509790042,-10.259641611260848,0.2782518372414486
250,8.33325,0.11737737888152538,0.20197501530569506,-9.701469069475072,0.31258133514260633
251,8.366583,0.1173902683596863,0.20601479596158595,-10.988415322266764,0.5635109475166342
252,8.399916,0.11396703838351281,0.20468212359559734,-10.395407258834481,0.804952794520669
253,8.433249,0.07955705036576506,0.18726606578759653,-10.363381396250904,0.7828868342673432
254,8.466581999999999,0.07494992309445198,0.16565384761164736,-7.533728535104373,0.4947053565633501
255,8.499915,0.07518923389133256,0.13228469279756402,-5.885973017136378,0.7718396403251041
256,8.533248,0.07660643479691881,0.1509415943567009,-7.222604902764229,0.8451014635010673
257,8.566581,0.08948499432137157,0.1735114496618519,-8.119461802654467,0.028798119798702962
258,8.599914,0.07227225916109813,0.1779252798900704,-9.348911929887645,0.033333512545657765
259,8.633246999999999,0.07195485866230199,0.18360811032696017,-10.420694159022384,0.26149367749896885
260,8.66658,0.0703335001983728,0.19143415132513708,-11.667148521351606,0.26071011646852954
261,8.699912999999999,0.07013570581573593,0.20014601184718622,-12.037662865298499,0.5463619129605278
262,8.733246,0.16458210817636632,0.19761496573855883,-12.29908149013683,0.5508616300636486
263,8.766579,0.1999658747395317,0.19688131836196807,-10.846076368987747,0.6601494256173472
264,8.799911999999999,0.18695941655371415,0.19866198129152013,-10.265836651756352,0.9380063707532635
265,8.833245,0.17867438419890047,0.20164494997533688,-8.549997691938001,0.8665553249191654
266,8.866577999999999,0.18264310862171731,0.21586589725580335,-8.347074102543647,0.8812707140792222
267,8.899911,0.19054796069151045,0.19781256537981365,-10.059454904169874,0.8637844489438226
268,8.933244,0.2397829246961061,0.20957273595341316,-9.863653274983472,0.7368398873280907
269,8.966577,0.24130175144510752,0.2116916234653925,-9.692731746962783,0.6814198390861793
270,8.99991,0.2051202503040577,0.21024008060928193,-8.404477645135103,0.3334801852664882
271,9.033242999999999,0.1144860522415754,0.21098052854424693,-8.774628982242957,0.1489532657894638
272,9.066576,0.06983422235247452,0.18623906025588194,-7.789198520148881,0.052020484546946154
273,9.099909,0.06778644018769739,0.2018745646269579,-7.628564430014688,0.3657860555851639
274,9.133242,0.10039265763920846,0.2195176880961888,-9.933863403728548,0.3272731362646027
275,9.166575,0.13438426985978696,0.20374435297623533,-11.047721984660837,0.12261321879919503
276,9.199907999999999,0.15768981468872584,0.21584534794936533,-10.102376543830253,0.37036747195273434
277,9.233241,0.16223749983286007,0.21102857873334074,-10.095908066481146,-0.11916705676735669
278,9.266574,0.14564067085327792,0.21595237968153758,-8.16494376297709,0.16283100496575048
279,9.299907,0.08112959743920294,0.2073567713175623,-9.319967821225179,-0.011155248151957342
280,9.33324,0.07086269983376679,0.21046558138667953,-6.750648543731791,-0.06753568008561153
281,9.366572999999999,0.07004742858916181,0.20531188219521962,-8.25292555642048,-0.18835074904620172
282,9.399906,0.09655579283557505,0.19570274111444486,-8.986992704596023,-0.2621383295601317
283,9.433239,0.1373678041568936,0.20807580087414185,-7.64030839332857,-0.10825194086228586
284,9.466572,0.15606711139568283,0.19905773582882608,-7.831786309899549,-0.09022185243286275
285,9.499905,0.16582244744505956,0.19854286051700545,-7.513572088069547,-0.3938922097803532
286,9.533237999999999,0.1772793798321909,0.20541125915084565,-7.1806105909336475,-0.5432908990777454
287,9.566571,0.18474227302881496,0.20743369425310026,-7.695338384749415,-0.7960771476074415
288,9.599903999999999,0.18339018233532642,0.20462842717085,-7.72462653356156,-0.8882955826595741
289,9.633237,0.10721976459869643,0.2114337080030011,-10.439673400906697,-0.6868794152779627
290,9.66657,0.06981701176397542,0.20499984994086556,-8.579153706465295,-1.0940668160786282
291,9.699902999999999,0.06912427911554993,0.22099682148204325,-6.839298113417591,-0.8686741909960769
292,9.733236,0.06768396212899286,0.19571320938927128,-7.823045099585519,-0.9035665446961018
293,9.766568999999999,0.07090911154337542,0.20389790919764111,-10.727914846150686,-0.937748095363977
294,9.799902,0.06803759317460609,0.2104668158518923,-10.47061763226243,-1.0887107069939423
295,9.833235,0.06821736782964877,0.20630428046844168,-8.864500221328264,-0.6591411820984964
296,9.866568,0.06643705372901043,0.20881599709338433,-9.572180863292385,-0.6292005958944126
297,9.899901,0.0695264665295672,0.21655852884863022,-9.56367337119063,-0.6954316469407726
298,9.933233999999999,0.08724367070760569,0.21323087132860977,-9.144680876974828,-0.45050435488281304
299,9.966567,0.10526387682247013,0.21618247215563102,-9.120786297153469,-0.5434653170742064
300,9.9999,0.09553854077399253,0.22687514043849683,-9.398857436945782,-0.5659235454332415
301,10.033233,0.07063422092500776,0.21717551893531042,-8.480748575532505,-0.608180228584348
302,10.066566,0.07140079575925751,0.21035670923428226,-8.547996442184813,-0.8278094845908892
303,10.099898999999999,0.09696719980793217,0.2169672254115202,-9.91153709340751,-0.5903181583220614
304,10.133232,0.09226461987577109,0.22514879416554553,-10.721004539525232,-0.7752414091628258
305,10.166565,0.0694390286795217,0.22156985126914547,-9.168548110294248,-0.5555443747618908
306,10.199898,0.06925895341173356,0.2259246820103394,-11.522759166492694,-0.08460399648325367
307,10.233231,0.08817406933913587,0.22645056365002963,-11.73942074664312,0.21491536180898477
308,10.266563999999999,0.0991910908201597,0.22291162629932595,-11.001654458637578,0.5455736416723912
309,10.299897,0.1428650394753781,0.21964738385747595,-8.578595553498209,0.6316480903580034
310,10.33323,0.16064913681717227,0.22400576628796837,-11.292791437381473,0.8211808850622799
311,10.366563,0.1583466080848648,0.2227391901811476,-10.58637275281706,0.6825668516466429
312,10.399896,0.08375165804163345,0.2211402359434902,-11.26248121831738,0.4297741523828331
313,10.433228999999999,0.07114339656937638,0.21941211965009927,-12.54243272382047,0.6406438412777292
314,10.466562,0.06902423747456361,0.22119603427991597,-11.692861758780944,0.5131081166727095
315,10.499894999999999,0.0679176737493874,0.22023727338359117,-10.947748522917676,0.8821547084349475
316,10.533228,0.07027920221495755,0.2199600962306647,-9.806828725671098,0.8711373900913176
317,10.566561,0.07450135426609786,0.2236338141633199,-10.325161417236385,1.1444344427071225
318,10.599893999999999,0.11695716520289563,0.22723874331753424,-10.373275982752865,1.1528917085752037
319,10.633227,0.09284728919889344,0.230952243296865,-11.012674200542312,1.4829322277712422
320,10.666559999999999,0.06951326500651092,0.22779712733227694,-10.506114575908711,0.9512248596024427
321,10.699893,0.0696843333073224,0.23411930389472305,-11.449013667042399,1.544733042845056
322,10.733226,0.06787151031557885,0.24102388373306327,-9.263637277350144,1.4127326190374403
323,10.766558999999999,0.06883203445035439,0.23638839978650783,-10.627997363141214,1.7472825371109482
324,10.799892,0.10650439004320267,0.24349788290946806,-10.44740542814584,1.7413792939995332
325,10.833224999999999,0.14848518716321202,0.24159196045350612,-12.187421516396807,1.9134536990950883
326,10.866558,0.14353879649566273,0.24306063857233606,-12.01497267529373,1.8588134779057603
327,10.899891,0.14643335421874035,0.23809479624275237,-12.474449208725325,2.0151332835090963
328,10.933224,0.14443978705488617,0.2261142969390193,-14.430206314200797,1.8871387966251874
329,10.966557,0.08936339348971209,0.23210616169197887,-13.474340398061997,1.9600262506886812
330,10.999889999999999,0.07015045784922093,0.22475978016094195,-13.254532249357228,1.8269294944889964
331,11.033223,0.0680752632290659,0.22248168561247672,-10.852281500792174,1.9342158693487685
332,11.066556,0.06963840260674514,0.22900257013835237,-10.55754920194408,1.963619399463594
333,11.099889,0.0751895478460953,0.2222394617134138,-11.66049045279274,1.7190977274027521
334,11.133222,0.11529930442936834,0.21816367300983164,-11.130983566273398,1.7710500379439953
335,11.166554999999999,0.10895244699338713,0.227999091162011,-11.136489355692843,1.4245095665264444
336,11.199888,0.08552731488404336,0.21857397808397352,-9.537682306686188,1.6490434030863803
337,11.233220999999999,0.10658837798994483,0.23724286924407417,-10.253935819011556,1.725647110656345
338,11.266554,0.14506572150540306,0.24658483519514768,-10.557326073926236,1.7199429886050472
339,11.299887,0.1680475905160298,0.24088249167532177,-10.799512848688535,1.8260133459251928
340,11.333219999999999,0.17286054910715362,0.23495880036401784,-11.544484866461435,1.5790816254832931
341,11.366553,0.17931683608233195,0.224994477994951,-11.504174547313868,1.5579811187552304
342,11.399885999999999,0.1682763132570788,0.22947794668603222,-11.229089618552404,1.4496575190543504
343,11.433219,0.16770442654040754,0.23062552944997736,-11.091929740000571,1.411363254248559
344,11.466552,0.16583769759179015,0.23263919373108435,-11.201221250528683,1.115869150442501
345,11.499884999999999,0.1613764700950889,0.24643797625489955,-11.016805856040364,1.2531915481246347
346,11.533218,0.1589252242986874,0.2274560505634574,-11.60984805734169,1.1912829369302718
347,11.566550999999999,0.1453592041039754,0.23786446809939346,-12.200516486217435,1.4738007640198378
348,11.599884,0.1367998231199335,0.22421113436301315,-12.89534040930827,1.1470385356093626
349,11.633217,0.12486734781695764,0.21662756183036663,-12.522474739644505,1.241995941494102
350,11.666549999999999,0.10802362424628471,0.2266013209394811,-12.287945956897728,1.1965788202788643
351,11.699883,0.09150749479497282,0.22568508999854206,-12.774614816341298,1.0932993988123978
352,11.733215999999999,0.07650443575924712,0.2177970452572013,-12.320006298438086,0.8249751642287437
353,11.766549,0.07449063294141293,0.2232086902701396,-12.30392702744759,0.7369240835368682
354,11.799882,0.07674422271291863,0.21993980649902797,-12.856628595130013,0.8095819838763647
355,11.833215,0.08009655844489846,0.21628691064472416,-12.459115979465242,0.754948214903648
356,11.866548,0.07691550517998735,0.2195937681835649,-12.670469920428445,1.0232843510300256
357,11.899880999999999,0.07753282948300509,0.22213929827637496,-11.951725507057356,1.1141088807443498
358,11.933214,0.07857227628136823,0.22107087711571505,-12.403010987845729,0.8927452884445247
359,11.966547,0.07568730860646888,0.22074494170261785,-11.694692146387048,0.7819125514380508
360,11.99988,0.07444051607680321,0.21264710510494617,-12.158011529679827,0.9070327227156586
361,12.033213,0.07484463163450676,0.2195341277333933,-12.71188729103947,0.7639741325140643
362,12.066545999999999,0.0744400358213754,0.21910984372139092,-11.613595575236417,0.7954593913119556
363,12.099879,0.07414714709864778,0.2176521571239833,-11.455600821110236,0.8905063003821381
364,12.133211999999999,0.07486195138375286,0.22193670463588983,-11.71079299982891,0.66663063368671
365,12.166545,0.07376762743396334,0.22370029878545694,-11.563759669956754,0.9414297245857718
366,12.199878,0.07356475631255686,0.2235633571509708,-12.571708085141058,0.7244338388230515
367,12.233210999999999,0.07212909510410492,0.22698398518583124,-11.71199675657246,0.7512677399706816
368,12.266544,0.07297677218670684,0.2249833014375504,-12.000119766060635,0.6956987111736079
369,12.299876999999999,0.07301294237922745,0.22415346678871423,-11.304381486239341,0.9352462449086489
370,12.33321,0.07276738723091085,0.23054308359032788,-11.835484800430493,0.8667200306935686
371,12.366543,0.07301594937024372,0.22932908553598458,-11.959742487116813,0.9382438379905487
372,12.399875999999999,0.07329226652900467,0.23024587495608217,-11.99873522288689,1.1419914384457246
373,12.433209,0.07501277252737787,0.22578887774704526,-12.152992226691813,0.9787165742432894
374,12.466541999999999,0.10901285526690954,0.2370601863351477,-12.865410626120942,1.011602200344077
375,12.499875,0.13951223407124821,0.2572337651160691,-13.695944059885084,0.38131939502747314
376,12.533208,0.1403566943691802,0.2503901155542362,-15.105518878307183,0.8711389519560055
377,12.566540999999999,0.1338014398346499,0.24962165925718866,-14.87718991849692,0.5679800522677959
378,12.599874,0.13251315032704727,0.2680119958227075,-16.08232798695043,0.640879608862336
379,12.633206999999999,0.12765940494563321,0.2596222181472969,-16.06706326171332,0.5019647068709675
380,12.66654,0.13110476610538568,0.24934436892315776,-16.374515881210904,0.20997123274521598
381,12.699873,0.11826008544675595,0.24674272705328582,-16.381561599288247,0.008354078807761484
382,12.733206,0.13081418595841154,0.2635367118330649,-16.494953733207915,0.23392829461050482
383,12.766539,0.1314046268074367,0.246609548981644,-16.919672509660135,0.19068605095262023
384,12.799871999999999,0.13462949609972846,0.25795024486623225,-16.064831910765104,0.31990785015576173
385,12.833205,0.1357039868267391,0.24415192656691223,-15.929835260921783,0.1611045070888693
386,12.866537999999998,0.1405199299003099,0.26355205051772657,-14.15335586572157,0.4703188272094125
387,12.899871,0.15012128543290718,0.24748213783952078,-15.076107560965543,0.6946544172982513
388,12.933204,0.1524803552297493,0.26064209779732994,-15.002619266567763,0.6832686401127921
389,12.966536999999999,0.15494779212130477,0.26298916478065215,-13.993310390102387,0.57318994256744
390,12.99987,0.15694802232081181,0.24897676407107663,-12.956558664303195,0.8335941472508
391,13.033202999999999,0.1484681692433507,0.2509249654774838,-12.517714816348903,0.7219478756860122
392,13.066536,0.15091252871862373,0.24576416726981493,-11.788310123086596,1.0005755263599747
393,13.099869,0.14984011877949246,0.24699423509211288,-12.157344280516387,1.0287562800019385
394,13.133201999999999,0.14985934149616217,0.24956099641125767,-12.159532322325257,1.0267124263218492
395,13.166535,0.14209890389481664,0.2504467728461362,-12.272662522608584,0.8522492368986639
396,13.199867999999999,0.1503820753763831,0.2550771751364775,-12.214516064096518,0.7587054246647718
397,13.233201,0.14848158402326916,0.2550990679422821,-11.206393721740342,0.6588072010678118
398,13.266534,0.1450582036009002,0.2570042484192188,-11.655181926410323,0.671618819599174
399,13.299866999999999,0.1464801645131882,0.26094098027059626,-10.800974043624763,0.5975783144696677
400,13.3332,0.1468306585519947,0.25487652456316995,-11.178800065739336,0.8065134874074872
401,13.366532999999999,0.14139145919854348,0.252063471314919,-10.77900429454099,0.4984742610368869
402,13.399866,0.14596775780631369,0.25848112109701776,-10.734186423251186,0.37717035370286106
403,13.433199,0.13672652481598543,0.25450762611360656,-10.740589486187519,0.32744021594154055
404,13.466531999999999,0.13777273574812887,0.25533720278821426,-10.330752462192047,-0.0204649044723439
405,13.499865,0.13515838325705978,0.2575353218620657,-9.812694178557427,0.28209296131499656
406,13.533197999999999,0.1275633728114363,0.26084633127573714,-10.299953454877889,-0.2681340437195156
407,13.566531,0.12395296677890875,0.25264188396150516,-9.961725877891048,0.11604762854820225
408,13.599864,0.10694137130383595,0.25063073270051933,-10.828398988739426,-0.08177872809550313
409,13.633197,0.08965210100320384,0.2452076449420098,-10.040061183398759,0.0698059721760634
410,13.66653,0.0765629487605489,0.24715660059748945,-10.414717528038166,0.0519049373570097
411,13.699862999999999,0.0770934659985382,0.24258553004701397,-11.63589775681147,0.4046032289051043
412,13.733196,0.0793235559030942,0.24473956094546895,-12.00411957487935,0.40429834125384306
413,13.766528999999998,0.07946843404804566,0.2428590501920094,-12.092605380079705,0.5647083270595304
414,13.799862,0.08196824400416113,0.25772129016476697,-12.091301418805468,0.3150380230171552
415,13.833195,0.08291379027223465,0.2518466299694182,-12.971472679395248,0.7649544732956073
416,13.866527999999999,0.08485719939164611,0.25747666711803685,-12.412450420184332,0.493501798845383
417,13.899861,0.08193185967214837,0.25622555509142986,-12.69308930581036,0.5413227511708798
418,13.933193999999999,0.08164874479580825,0.2614564736029658,-12.967093352809675,0.2968850033415289
419,13.966527,0.08213254151265018,0.2661834595903839,-12.426868455247693,0.07403556225855527
420,13.99986,0.08192269131491901,0.26306099119983123,-12.080369347847281,-0.01804700880241001
421,14.033192999999999,0.08283881655169903,0.2589325639114888,-12.602872093246159,-0.14394562094181176
422,14.066526,0.08222140175426246,0.26647539571462175,-13.00023877321104,-0.49866818964523607
423,14.099858999999999,0.08215822114886456,0.25017764241178037,-12.786870554922315,-0.3300879004738944
424,14.133192,0.08161523149960812,0.24825879939453732,-12.789406518483034,-0.4322334097035825
425,14.166525,0.08006492595579585,0.24560447415188483,-13.141043461933535,-0.3251866431735529
426,14.199857999999999,0.07749137306304296,0.25243935529949724,-14.199887293616486,-0.32022574000232673
427,14.233191,0.07740919833589716,0.24925577219982406,-14.38006938123507,-0.21650985462736547
428,14.266523999999999,0.0766856240636144,0.25048167408215105,-14.16232593000762,-0.1135938484857217
429,14.299857,0.07542109517292525,0.24761644647754094,-13.03588511861557,0.2358690437488606
430,14.33319,0.0756195853999192,0.24698637243516866,-12.859331104512824,0.46415990367985294
431,14.366522999999999,0.0755134870790987,0.24260192165249528,-13.880723880154255,0.4535728027389615
432,14.399856,0.07519798369056639,0.22458005076514995,-15.04904661190029,0.6197442929784697
433,14.433188999999999,0.07431188111361163,0.18396492724319136,-12.08682153402645,0.7414265740304349
434,14.466522,0.07474822105169102,0.18470258223258523,-13.48719302344536,0.8619346907335361
435,14.499854999999998,0.07620134750528275,0.2016032392733751,-14.58774644502382,0.5383419075366627
436,14.533187999999999,0.10573864809443612,0.2325177134737177,-14.141765346283705,0.7155370173940291
437,14.566521,0.13415596970678387,0.2388458987413244,-13.761841840332327,0.7411463017317749
438,14.599853999999999,0.1514819045279455,0.24099855835186612,-13.920743518970973,0.7147048375504198
439,14.633187,0.1712972965871328,0.24099227834589537,-13.694327404787629,0.7008258783894626
440,14.666519999999998,0.18002381005815432,0.24502517227637727,-14.672582932346975,0.42069691978884616
441,14.699853,0.18140449385405208,0.23666187127237642,-13.509773819838115,0.6123791729938268
442,14.733186,0.17262842893166175,0.24136612513980063,-14.221229651218428,0.2739266586215277
443,14.766518999999999,0.18126096209049153,0.23698838394564664,-12.708446119642531,0.5617009861610521
444,14.799852,0.1743774784984529,0.24027985482885444,-13.397911496308987,0.12055489281718278
445,14.833184999999999,0.1822865914482518,0.24039607753960865,-13.267283117269386,0.508805297850758
446,14.866518,0.1736773778645279,0.23665021630912372,-13.491332489526435,0.32748550146684086
447,14.899851,0.17737317683428896,0.23953720191253972,-13.541719918979908,0.4706715477197468
448,14.933183999999999,0.1665537657802369,0.24145872234387966,-14.268519564024121,0.5371491142692584
449,14.966517,0.16755506667689007,0.23368824643005856,-14.712181376211662,0.4897784330353658
450,14.999849999999999,0.16612844502828977,0.23780302453811625,-13.846271274317303,0.6585663582319026
451,15.033183,0.16025768473898172,0.2403650530958777,-13.780623007666739,0.6450655880640184
452,15.066516,0.1603427840659431,0.24059492852446288,-13.493827746485,0.5373339393703827
453,15.099848999999999,0.16190180544514882,0.2355501484884621,-13.660247338594765,0.5228677207599312
454,15.133182,0.16148906172112418,0.24731230535965787,-13.082257277301483,0.6074834391736605
455,15.166514999999999,0.15605316739809683,0.2455939149948646,-13.379692765364156,0.6205611163378061
456,15.199848,0.15725490428742622,0.2511359987120294,-13.049755154186661,0.5780628372256132
457,15.233181,0.1586247561984189,0.23956369454454096,-13.397141450432459,0.7264830988663452
458,15.266513999999999,0.1608584913567303,0.23710151722946957,-13.225020579727975,0.8081164474880226
459,15.299847,0.1586838379400651,0.23967062392321237,-13.25286766738283,0.8749869166524125
460,15.333179999999999,0.15978956322329166,0.2424705023313863,-13.43292892453014,0.7763473096898691
461,15.366513,0.16215081585958108,0.23936294196514382,-13.11166268203645,0.8529726732192229
462,15.399845999999998,0.16534274809479216,0.2305028664134261,-13.260249114261534,0.8527444698974377
463,15.433178999999999,0.16432490847393783,0.23654060213861683,-13.337092913703508,0.9084047769739874
464,15.466512,0.17277715091702667,0.23132550362641005,-12.591893553269639,0.7840055354555203
465,15.499844999999999,0.16479469096105365,0.22965434548499514,-12.353411879755447,0.7258606803593682
466,15.533178,0.167040559185115,0.22863078615373872,-11.564191047929944,0.5905327679030006
467,15.566510999999998,0.1647180132888542,0.2336662039399232,-12.234148240288379,0.4995938732018951
468,15.599844,0.16948464016125692,0.23451677420137257,-12.324488442212541,0.5168380960455661
469,15.633177,0.1633903432724953,0.22862692459178596,-11.963422032663184,0.2950040868367927
470,15.666509999999999,0.16191431010352378,0.22482107785586036,-11.39422380466907,0.41822453038670715
471,15.699843,0.1702513734934629,0.23233040735096844,-12.991370874983485,0.3386195448560111
472,15.733175999999998,0.1660121688138578,0.24027227282050273,-12.545159779566012,0.2577104868066637
473,15.766509,0.16655778083603967,0.2273810310222224,-11.92622547387559,0.23107520074041676
474,15.799842,0.1688172241379214,0.23675224081873278,-11.76167119691959,0.2217759087358033
475,15.833174999999999,0.1801485373695715,0.23535910593663556,-12.955672465592041,0.10724395507565804
476,15.866508,0.17869323562512754,0.2323899298083155,-11.446713449020862,0.25847680461064215
477,15.899840999999999,0.1778481997925763,0.23192323509805265,-12.356000735004498,0.08713833021259497
478,15.933174,0.1921682270095475,0.23178367280167395,-11.786892357209178,0.1336808063347839
479,15.966507,0.19525889141951083,0.23184026515359388,-12.06370640671311,0.14562490359588054
480,15.999839999999999,0.19375952009134217,0.2302713532930409,-11.665200873154832,0.15186725344113627
481,16.033172999999998,0.1842005758334104,0.2318809243862728,-11.282708160533295,0.14069235210119502
482,16.066506,0.1856682985545782,0.22753356992484142,-12.033889645171685,0.27796622798877735
483,16.099839,0.1802254703784047,0.2229029768653353,-11.24261739297938,0.11465907894893808
484,16.133172,0.1735297516727545,0.2280270012167286,-11.125115295244775,0.16721808763684892
485,16.166505,0.15672588041609423,0.22718363005341313,-10.834138795219076,0.29256761091356914
486,16.199838,0.1424940058237626,0.22678398934393157,-10.166227840931416,0.22431379603896628
487,16.233171,0.11329422743237129,0.23302809075093406,-10.644197930211158,-0.0418551396812188
488,16.266503999999998,0.07132237536321309,0.23811774280988485,-10.82300882550553,-0.31510946133854917
489,16.299837,0.07117099119958624,0.22730021627125768,-9.944952305953063,0.24769228580827285
490,16.33317,0.07394292072284978,0.24194770495127954,-10.000547530102406,0.42421876117709756
491,16.366502999999998,0.13989558861462834,0.24726227082730298,-12.336692378622045,0.5951144378372617
492,16.399836,0.18246438649945843,0.256088451588668,-14.088205030419292,0.5066430871912031
493,16.433169,0.1866076222695633,0.2458826107056552,-13.58428598005312,0.7264668974460093
494,16.466502,0.1631846545998532,0.2360124236098684,-9.573199480214887,1.3436454192999214
495,16.499835,0.15403640294632148,0.25996139570873367,-9.434195222567048,2.2419413224617104
496,16.533168,0.17787423065985813,0.2549683752393881,-6.3402796425826295,2.8241545876953187
497,16.566501,0.18445682438922653,0.2640406267392395,-6.022852020366723,3.0987616355137773
498,16.599833999999998,0.20047732102033716,0.26735885125938863,-3.5016663778266537,3.3237555369938434
499,16.633167,0.20233604308697528,0.274027296103654,-4.797746635058185,3.2639356947869302
500,16.6665,0.20018989463245845,0.2696381920358518,-5.390251768974036,2.973913728554543
501,16.699832999999998,0.22695762230663646,0.26997460436761034,-6.793781705991749,2.683393507686465
502,16.733166,0.22142186830420213,0.2729717820393923,-5.974225885156944,2.3608635333793417
503,16.766499,0.161293212946895,0.26114457879615827,-7.448420957784963,2.579105794560545
504,16.799832,0.07154427807562215,0.27086230737648986,-8.203042748875227,2.5615444583617855
505,16.833164999999997,0.06930107225853976,0.2653339726085935,-6.724767574724304,2.61051351547215
506,16.866498,0.06719029869109798,0.2632004452031244,-6.086425625505489,2.9023651156578048
507,16.899831,0.08408659992769962,0.2759910984455648,-6.087605854804866,2.754291401747479
508,16.933163999999998,0.12753528128146288,0.2727466747657413,-7.378842570489249,2.875313282032954
509,16.966497,0.15316103467330874,0.276315092300112,-6.209583933141595,2.7511544576946623
510,16.99983,0.15427217079138264,0.271065280293465,-6.8968962482251035,2.3729951904668085
511,17.033163,0.15950916838982787,0.26794278499128155,-6.983145417070024,2.4422975861944676
512,17.066496,0.1634713542688587,0.26774865038894735,-7.114907123083824,2.145395198442267
513,17.099829,0.1725981207804652,0.2662101200888425,-7.743627281629543,2.4475349960191233
514,17.133162,0.19095482024374894,0.26899085101691944,-9.186570855068108,2.3185454654839894
515,17.166494999999998,0.18843163106975305,0.26510855803129074,-7.245760427456111,2.399651542558703
516,17.199828,0.1914938619858619,0.264607560656345,-7.329700614281691,2.292831104618543
517,17.233161,0.18474772440533202,0.26781329792607245,-8.255276593512585,2.076444933488738
518,17.266493999999998,0.1757249085044878,0.2686764312899225,-8.278042298274729,1.981738332856857
519,17.299827,0.1627081798045749,0.26657977758352436,-6.928927318604646,2.0254575167117403
520,17.33316,0.15854449439604726,0.27280075998246356,-7.834279330909201,1.9317495549038222
521,17.366493,0.16032211943477606,0.26903461242846904,-7.523349142587132,1.9956672025126863
522,17.399825999999997,0.15541137072571112,0.26462002923661465,-7.468292531462523,1.9038374795522615
523,17.433159,0.15410734161829467,0.26437505015452983,-7.677952892769792,1.8820019666247607
524,17.466492,0.15389665824983684,0.26677722104495394,-7.0967528746487405,1.9433740818797498
525,17.499824999999998,0.15555342498490157,0.2683969060119117,-6.849508903011167,1.8770531748004429
526,17.533158,0.15686813927705828,0.26223699668040656,-7.742620168672354,1.8121738907246823
527,17.566491,0.15706888945354536,0.26008431725170905,-6.771348952662582,1.8318910222390894
528,17.599823999999998,0.15301342445970229,0.26643323434010846,-7.682056839461985,1.7884958116651957
529,17.633157,0.15604669566947033,0.2653451407799349,-7.301613304302766,1.791655203141764
530,17.66649,0.1528872878762561,0.2646550112678946,-7.1425065211146554,1.6186850464705682
531,17.699823,0.15405978393773795,0.2619030424169502,-6.463238488594644,1.7971551337437077
532,17.733155999999997,0.154580142149631,0.2652663988797851,-6.9183707699283445,1.7396353153901778
533,17.766489,0.15398821665715218,0.2720890741080803,-6.874395741057009,1.763658168523677
534,17.799822,0.1559789177012269,0.2653472213253475,-6.61617298947158,1.713928197482991
535,17.833154999999998,0.15542154146349138,0.2690981159428328,-6.912892926864515,1.7298293317770836
536,17.866488,0.15416183740906345,0.27069838654618605,-7.6046404435642305,1.6002730562575471
537,17.899821,0.15698787584943055,0.27111338108033467,-6.705037212337497,1.6150090772771897
538,17.933154,0.15490235183143422,0.2639121401522668,-8.526024955146214,1.667797042796027
539,17.966487,0.14911901730971489,0.2689598878964938,-7.972231644266866,1.7884955202334798
540,17.99982,0.15485218102743273,0.27209143029542593,-6.6770773472674145,1.7138303583734007
541,18.033153,0.1533555419069306,0.2718356022229229,-8.215002112199349,1.5745310343920114
542,18.066485999999998,0.15299286308402482,0.26683437876160443,-7.272853857015144,1.6276294708651555
543,18.099819,0.14923334500383756,0.26148666010461485,-7.201586974295893,1.5557579158594144
544,18.133152,0.1471989790091032,0.2641512009458272,-7.509295163416264,1.355098956985808
545,18.166484999999998,0.14593812244963808,0.2676557784449213,-8.392539257607888,1.2843002142900282
546,18.199818,0.14702679246970568,0.263513791315668,-9.447234202304518,1.1852324590373844
547,18.233151,0.14768120148302552,0.2680581939958084,-8.944311102243475,1.131309023601182
548,18.266484,0.14484423911218916,0.26627939593280336,-8.807725778106727,1.0344866795733019
549,18.299816999999997,0.1462436174836791,0.26508912698286097,-7.975860799513521,1.0340856433568621
550,18.33315,0.14016291208831735,0.26287460563818776,-8.305207618105738,1.0379888155076549
551,18.366483,0.13507531159115038,0.2663349182216369,-8.71932221543266,1.0155797139889269
552,18.399815999999998,0.13706784950237508,0.27278305879546644,-8.41347891445587,0.8586667632211549
553,18.433149,0.13408698612800016,0.27115778459771955,-8.802465453203359,0.9541327627554904
554,18.466482,0.1320144487501251,0.2691476458798796,-8.464950098774679,1.0526747659148257
555,18.499814999999998,0.13185449914905178,0.2706737864481239,-8.262171899855417,1.043537993011892
556,18.533148,0.13073005452814215,0.2696367520086138,-8.966299363058969,0.9372787078751955
557,18.566481,0.1303334798830196,0.27101275998004914,-8.926404730067617,0.9129541377223047
558,18.599814,0.1334665279650235,0.27429277469001156,-8.424341778286685,0.8006455634635979
559,18.633146999999997,0.134480046625533,0.27153530069111237,-7.986432066294564,1.047517750414215
560,18.66648,0.1349371573325714,0.2707915545449472,-7.860851880585728,1.0229640272828049
561,18.699813,0.13442585541305707,0.27110709560642343,-8.425115866269646,1.02902343561105
562,18.733145999999998,0.13121286771326446,0.272667573259475,-9.194320344257763,1.0125191072264936
563,18.766479,0.13386088729586312,0.269963521665435,-9.297184299090775,1.051211642423693
564,18.799812,0.12880587065596655,0.2748731435542524,-9.249597324903334,1.0964938749741144
565,18.833145,0.1291242690297473,0.2676192354755571,-9.25913044841503,1.0821278260674005
566,18.866478,0.13009594227173638,0.27142272509133475,-9.056094801146441,1.1909955037670839
567,18.899811,0.1282990828636715,0.26730661252073434,-9.649634500540925,0.9735169076468125
568,18.933144,0.13133577697633783,0.271260623716828,-9.1163572285061,1.3218809525572959
569,18.966476999999998,0.1311068097019847,0.2696099706670777,-8.565630390272265,1.011686538460879
570,18.99981,0.1337626751313082,0.27901885060900117,-8.601133242058062,1.1452404111636991
571,19.033143,0.12756524410359038,0.26884325525735203,-7.672522151144422,1.03780111936715
572,19.066475999999998,0.13278688756560375,0.27232740618693785,-8.933623263118616,0.9355124998794565
573,19.099809,0.13361838988945413,0.2724548588329935,-8.268614147564636,0.8577720080890897
574,19.133142,0.13263581073573447,0.26718745711078173,-9.19407739980085,0.9267526122889305
575,19.166475,0.13413029708706184,0.27208267379435735,-8.475643911077148,0.7426900853853604
576,19.199807999999997,0.1321018804175975,0.2642125627793033,-9.156561972762448,1.0251917484735031
577,19.233141,0.13476996020784093,0.25140684063603785,-10.638931818346332,1.0914164786955511
578,19.266474,0.13330215664668096,0.24756605330022152,-10.411800169875988,1.1453058341877045
579,19.299806999999998,0.13221039559712602,0.23278411132554408,-11.418138394926558,1.4725890399890957
580,19.33314,0.1330439707830236,0.22736750002073186,-13.00157787354988,1.7113564936274799
581,19.366473,0.13089945021301755,0.2462838932118147,-16.268639787597316,2.0703894567452625
582,19.399805999999998,0.14153174441420774,0.2459253140544655,-17.06454593568146,2.298957133077801
583,19.433139,0.14471063151558522,0.24134549864548804,-17.07800676909018,2.316820551470444
584,19.466472,0.14512546248949967,0.23708317996527004,-18.895729353018144,2.4390145410313395
585,19.499805,0.14433262746451067,0.24585128474722262,-19.86172088679539,2.468391699387573
586,19.533137999999997,0.14273241800231837,0.2544404599673689,-19.07455183921849,2.4533668586756763
587,19.566471,0.13765276396794215,0.25002498630506476,-19.36553872017961,2.637225588312089
588,19.599804,0.13925918401342435,0.25413238451605547,-19.331363781902965,2.7310762241986137
589,19.633136999999998,0.13709597927324513,0.25259068974239696,-19.03867689695977,2.748020383569467
590,19.66647,0.13496294567955813,0.2582605367040957,-19.877956681454986,2.64661157198925
591,19.699803,0.13193409838796452,0.26317384974390445,-20.03917975119065,2.4332585083593177
592,19.733136,0.12735725499974787,0.2599584216322546,-19.572648853420805,2.2113708824013556
593,19.766469,0.12617457121905878,0.2630833470518557,-18.7831947051078,2.3053199252090457
594,19.799802,0.12996327346733094,0.25185623174226973,-18.66038602256436,2.2621922507207675
595,19.833135,0.12954719163534514,0.2600407096538863,-20.368125613531173,2.253841982289044
596,19.866467999999998,0.1369097972072148,0.2601205094864496,-20.557857376350054,1.836410053329015
597,19.899801,0.13601979381449342,0.25805178261695666,-19.837426555384614,1.9260931370602512
598,19.933134,0.13766142820252797,0.2509901803009498,-20.524724724717196,1.706880339186172
599,19.966466999999998,0.13188181768994467,0.253735573657883,-20.644194782339493,1.6644482407385985
600,19.9998,0.13191357068272536,0.24652424777611331,-20.859655274287533,1.572841412948843
601,20.033133,0.13563566723725268,0.23662425815461247,-20.275959579235167,1.4950799569656799
602,20.066466,0.140380251295726,0.2355986126250041,-20.256470514794106,1.5342289190276566
603,20.099798999999997,0.14003608098008785,0.22700932180256927,-20.422391180653673,1.3376483039361489
604,20.133132,0.1337633941672501,0.21054258066111656,-21.23248195757479,1.2718496001498634
605,20.166465,0.1388411192964405,0.20547541106947673,-20.70600949534065,1.1553609624421872
606,20.199797999999998,0.141353049039794,0.17457015016053357,-18.42151942533248,1.1231578057814566
607,20.233131,0.14059693768894965,0.18911463987611088,-17.63168614296879,1.1526485143836245
608,20.266464,0.13912289280295562,0.20802184938470966,-19.196495176572505,1.028793186655317
609,20.299796999999998,0.14029320168448864,0.22738701118370908,-18.99543758391658,0.7308605631739494
610,20.33313,0.12376744912498884,0.2404668350175822,-19.990171044165308,0.81156204850085
611,20.366463,0.12332997125221264,0.24550718626204654,-19.117103546171613,1.004613044128206
612,20.399796,0.11800958480683607,0.25362487719076987,-19.847208597653957,0.5687237872562535
613,20.433128999999997,0.12598919607162243,0.2516818222547015,-19.244417875252264,0.5815738532015997
614,20.466462,0.14190345593539108,0.2550094633018051,-18.751947222782,0.6641988754219719
615,20.499795,0.14546033159480917,0.2584561160685781,-18.272767855648944,0.6691145750115218
616,20.533127999999998,0.14144558030093654,0.2550067269343026,-18.233384121739327,0.472821716419555
617,20.566461,0.17621265771556185,0.2529839022271544,-19.930005206489366,0.5527459905021559
618,20.599794,0.20567765118202988,0.23775036757944934,-18.89327496352625,0.5834669544877124
619,20.633126999999998,0.22526777659186206,0.24543510000119054,-19.39430555223407,0.43845097165183344
620,20.66646,0.2042216893001811,0.2399514352028762,-18.33545189528135,0.3834772927532219
621,20.699793,0.1694726050233805,0.23865474675327478,-17.46272230808542,0.4979800148703856
622,20.733126,0.13873561174994314,0.25611427129357506,-17.554239793277976,0.4024465981205806
623,20.766458999999998,0.12014572098825196,0.2518955854251843,-17.146750906261623,0.6263754351858595
624,20.799792,0.13153731148550424,0.25397373743097423,-14.804855567981427,0.8717354649543987
625,20.833125,0.15028907221456675,0.25537174498766646,-15.640845273967944,0.9523570180152765
626,20.866457999999998,0.15782974430489835,0.2565386937202329,-16.201116374852948,0.869502908522809
627,20.899791,0.17375387346958868,0.25852399297064727,-17.326229843442654,0.5373952644215474
628,20.933124,0.18860897378300173,0.25307997092834456,-17.431456261244715,0.4480790982982914
629,20.966457,0.1616249046783986,0.25469623253065393,-17.140489980188804,0.3797677642400516
630,20.999789999999997,0.08990456690118667,0.2543577214006293,-15.717636388915592,0.454546268480882
631,21.033123,0.07087746793187755,0.24635141727920062,-13.931273739735893,0.6028070730460845
632,21.066456,0.07128697270166233,0.2514184452690346,-13.261095372236534,0.9458225111412863
633,21.099788999999998,0.07160879126250488,0.2469544550951017,-14.86041291582708,0.8673945722212543
634,21.133122,0.10784652195020283,0.24770142960841066,-13.740842277732124,0.686265016512959
635,21.166455,0.11350956259293923,0.24530595217024423,-13.289723371771126,0.780231326656971
636,21.199787999999998,0.13323855992350875,0.24664278888099261,-12.847290483291248,0.5752236515876639
637,21.233121,0.11506431597263132,0.25034076851970777,-13.749302006444251,0.7265217802089747
638,21.266454,0.07074140477294967,0.2486931602327187,-12.90688297215775,0.6983704391673243
639,21.299787,0.07012321707098429,0.23898433236296043,-13.439862024548162,0.6845785140420056
640,21.333119999999997,0.06904702030048682,0.24412652423892453,-14.170432510796475,0.7580776310152151
641,21.366453,0.10134433503550923,0.2512424986861996,-13.38179809862351,0.969607716922613
642,21.399786,0.1399232537306371,0.24965285703733203,-12.635313307879063,0.8363979557396398
643,21.433118999999998,0.1504897792511759,0.2495052745717815,-12.967960918598374,0.9466375007635426
644,21.466452,0.15342293202280693,0.25167018130596674,-12.637071956905112,1.0397998821453311
645,21.499785,0.15558907940738997,0.24397766731258844,-12.405844739604259,0.9787117408976196
646,21.533117999999998,0.16546856365932025,0.2465026930522925,-13.617842488007494,0.911649205056493
647,21.566450999999997,0.1759007882942907,0.24824271437869294,-14.711839945730214,0.7994973562568304
648,21.599784,0.17758056858756535,0.24723513129049202,-15.366743440223475,0.8076310916242384
649,21.633117,0.18398890513225138,0.24517417633225502,-15.720206419346718,0.5242582127250395
650,21.666449999999998,0.18009443892253008,0.24636181613278318,-14.806338311780689,0.7354665095496535
651,21.699783,0.16514263034358406,0.24408015349955142,-14.867492478945186,0.5641587695728569
652,21.733116,0.14674526862993825,0.2524999031252,-14.353191578596281,0.6606856408901367
653,21.766448999999998,0.13660173838978767,0.24825040199099924,-13.384188875895996,0.6937165161477763
654,21.799782,0.1335261488340518,0.24515545162203956,-14.331227939063586,0.7889801302647128
655,21.833115,0.13730472623391432,0.25121904020371144,-14.520601015264177,0.7654626527712176
656,21.866448,0.139777695811645,0.24660737636091679,-14.312747078810592,0.8035829269123
657,21.899780999999997,0.14770877944863084,0.2483386791920558,-14.901408891366893,0.8126908633780804
658,21.933114,0.15004888881183265,0.24309827687753682,-14.904889997437486,0.8124296252956649
659,21.966447,0.15256743639470274,0.24325804387672287,-14.485670530981062,0.9224149102465311
660,21.999779999999998,0.15629288467235447,0.2449764120468385,-13.997198436242838,0.675681214410215
661,22.033113,0.1530117594010742,0.24581683334133214,-14.894023678216188,0.8273157831021416
662,22.066446,0.15095374942697498,0.24532831601319272,-14.31771553874518,0.6553027516572463
663,22.099778999999998,0.1666189621917513,0.24944767559210257,-14.840189070453945,0.8687949846970692
664,22.133112,0.17175717657858186,0.2494927282628106,-15.996661630829976,0.9520607060510125
665,22.166445,0.18946266557122313,0.21546924225356248,-17.81453064690943,1.156381545546296
666,22.199778,0.17809695669783204,0.19102770041615952,-11.744149518749461,1.5946678330296828
667,22.233110999999997,0.17949956176273313,0.16363424862362946,-10.532280194168806,1.3946209268411274
668,22.266444,0.16947009419836614,0.17787267114063693,-10.922215678054446,1.119811370338733
669,22.299777,0.15384122864571728,0.17728870394973748,-11.794590494546677,0.9410274037311991
670,22.333109999999998,0.16444077709752242,0.2177777179061821,-13.783090734096513,0.6365922239883457
671,22.366443,0.15339516615817173,0.23729295762567043,-13.3886151006374,0.6828425172874725
672,22.399776,0.14064378931353452,0.24396844595600495,-12.787725332538459,0.4362457587222876
673,22.433108999999998,0.13447884100138258,0.258386933392883,-12.334346273453795,0.45985167624071455
674,22.466441999999997,0.1377313265165768,0.250347710119685,-11.19316779379094,0.4491573649247872
675,22.499775,0.13410305439826148,0.2586325859946466,-11.229870266093586,0.2091274019550304
676,22.533108,0.13365473542448547,0.24706502763282995,-9.929780620117818,0.3668250647460371
677,22.566440999999998,0.13389970120972566,0.2648563552248505,-11.072163631541086,0.366872834972564
678,22.599774,0.14019267055545753,0.26391446878635527,-11.572439529541699,0.24777074559491377
679,22.633107,0.14070442897575575,0.25719783086872045,-11.244815922459232,0.3025409812333828
680,22.666439999999998,0.14777926564263363,0.2619288023827297,-11.52291825426219,0.23400953755463388
681,22.699773,0.1514518147866248,0.25623068127288356,-11.612292729774381,0.28891922416233884
682,22.733106,0.14703971669724705,0.2592254095539591,-12.386859344116136,0.2577405732861633
683,22.766439,0.14996395257506623,0.25944688610158945,-12.419436353257492,0.13941526839380897
684,22.799771999999997,0.1463573847354371,0.2528567357556978,-12.23001097246919,0.3317078284314363
685,22.833105,0.1498345324180225,0.25933131818066796,-12.14290689695999,0.20334225910092488
686,22.866438,0.15502965724479661,0.25517283811943836,-13.48282677425771,0.257958491886841
687,22.899770999999998,0.1537051870099915,0.2531371531277925,-12.925754740279343,0.4135234983972545
688,22.933104,0.1620352765864741,0.2522016320066947,-12.831547650115846,0.4036968779581154
689,22.966437,0.1570275140010161,0.25683473504225973,-13.478043424648016,0.2355235320015101
690,22.999769999999998,0.15219409203886514,0.25618232050172707,-13.09921704350604,0.13900947316596796
691,23.033103,0.15868375654891168,0.25746163297819735,-13.751455334780768,-0.03223001465654057
692,23.066436,0.15488370454345068,0.25736869743931096,-14.003907721445197,-0.40875066262308923
693,23.099769,0.15664081962169413,0.257659544696242,-14.189609093106364,-0.5133880132649858
694,23.133101999999997,0.15808196218761766,0.25989597641435785,-13.791557977382395,-0.7145014066963726
695,23.166435,0.15590941974593597,0.25558177003877824,-13.258801574668407,-0.8678235383385479
696,23.199768,0.15852491797611146,0.2548545873943092,-11.337827176757166,-0.9624120650232315
697,23.233100999999998,0.15970341385956163,0.25801122170963975,-11.828332312061509,-1.2597138864840067
698,23.266434,0.15653542445652183,0.2540417011753939,-11.594946373106199,-1.3229218464622587
699,23.299767,0.1488457358796995,0.26062558147711734,-10.249480660797156,-1.447812063365604
700,23.333099999999998,0.14814156875662154,0.25884343445836,-10.35805946122784,-1.5819703600936268
701,23.366432999999997,0.1263509670919748,0.25437067509012834,-9.490631673553196,-1.779233110758741
702,23.399766,0.11890295813900661,0.2545738309141623,-7.61300362139925,-1.6994703364257333
703,23.433099,0.11120331942461009,0.2545183899561043,-7.827055037523229,-1.8292761975370928
704,23.466431999999998,0.09972094177764972,0.25802570966593186,-9.180462820092636,-1.7912198761586904
705,23.499765,0.0965641613670575,0.2573339041507472,-7.7632659807345235,-1.9035847018043057
706,23.533098,0.07384658496272285,0.2565755243809451,-8.689797244137434,-2.124497175959532
707,23.566430999999998,0.07262481593346994,0.25195738160506675,-9.236031060961766,-2.1973830327905253
708,23.599764,0.0722732730373703,0.2484256394664216,-9.868652261288043,-2.3386537250876116
709,23.633097,0.07347931679436567,0.24053100781208064,-9.841165509223305,-2.2022490505284646
710,23.66643,0.07420786059815515,0.24472538221548967,-9.420747757503298,-1.9220046121904382
711,23.699762999999997,0.07429612726507474,0.24301104541323854,-10.552155800977197,-1.9098860889720382
712,23.733096,0.07394683482930636,0.24082755975791048,-11.377432623392895,-2.017530684066553
713,23.766429,0.07348964492189901,0.23219589919947767,-9.641190354153649,-1.8058558164570526
714,23.799761999999998,0.0747820602368416,0.23472102323388438,-9.303446271468294,-1.4795044742377976
715,23.833095,0.07371353799518317,0.2349192447500491,-9.079006264244791,-1.7451637753096085
716,23.866428,0.07282540550942398,0.2241209434025599,-9.414639385110638,-1.1108621149876452
717,23.899760999999998,0.07167564110473638,0.23333072021814483,-10.536720328314924,-1.1504337728047795
718,23.933094,0.07260429810023804,0.23128956991311256,-10.35221547766403,-0.5859605002249682
719,23.966427,0.07344146946792098,0.2343660969819833,-10.325873486811012,-0.40945232177072854
720,23.99976,0.07345003759391908,0.23363759773765772,-10.446172531363025,-0.25245460743923415
721,24.033092999999997,0.07379533353878232,0.23321425420047243,-11.434606588309041,-0.36225663493059435
722,24.066426,0.07456397214164277,0.2337303133275737,-12.152282856883264,-0.4172907810604575
723,24.099759,0.1314913531188389,0.2281917708257548,-11.573665702756644,-0.4924730631768153
724,24.133091999999998,0.1478760510134508,0.22328374979489035,-11.947356840503513,-0.29375691443012986
725,24.166425,0.1637164661109665,0.22818974225848665,-11.010592745529452,-0.2188546196442335
726,24.199758,0.17434058190031612,0.2277902467308912,-11.87138239192229,0.7754347418279466
727,24.233090999999998,0.16992835389050104,0.18965351259774574,-11.689824359313812,0.5598434886455164
728,24.266423999999997,0.15613395073081232,0.20860280742215603,-12.191321497181788,1.121806177681912
729,24.299757,0.1556837075639264,0.18919144802728705,-10.584944996642388,0.6587552813119997
730,24.33309,0.14733922054352377,0.1968488833115234,-13.400938905091829,1.8717210491898773
731,24.366422999999998,0.17915012258039711,0.20064773603488723,-13.138353221201546,1.7322697316500326
732,24.399756,0.17713340954012302,0.20415714787279154,-14.633995733622442,2.1498049541293005
733,24.433089,0.18973513292808616,0.20993051979180474,-14.638676359685403,2.442165629248901
734,24.466421999999998,0.20978854067917133,0.21117843569264785,-14.486506004997285,2.656793684936928
735,24.499755,0.21691590196536198,0.20832169883553295,-16.6167731711711,2.726469098375957
736,24.533088,0.21567557606050514,0.21444500497781305,-16.10486164646458,3.042534414979412
737,24.566421,0.21909943723053904,0.2129132279235037,-15.62314006589153,2.963573336189655
738,24.599753999999997,0.22217686814563134,0.20849919696649022,-13.22230303994667,2.7935552658841627
739,24.633087,0.2443060502679981,0.20592796593566223,-14.622261525381468,3.1890723832769443
740,24.66642,0.2512723126522783,0.21579696193877118,-14.091147449937475,2.9203939228813036
741,24.699752999999998,0.26853337548100986,0.2019258349330791,-14.465911798927321,3.262418604533285
742,24.733086,0.2797574310791142,0.2053206253023633,-16.56906976511741,3.442611709264065
743,24.766419,0.2749735996912487,0.20626129817177385,-17.563759595548202,3.4515389968996852
744,24.799751999999998,0.2973948659040966,0.19937162625793348,-16.741690528306293,3.586322521282327
745,24.833084999999997,0.32679657720974264,0.2064577353707604,-18.604071094556797,3.47849399563674
746,24.866418,0.3264428590980194,0.19954443958903328,-18.416257476746527,3.3600742035238094
747,24.899751,0.3556050403954805,0.19915582688461478,-17.35758469782865,3.267595186734516
748,24.933083999999997,0.3731331241679764,0.19773891396579624,-17.36965368850833,3.128893764497985
749,24.966417,0.3945693490338113,0.19075832262949105,-18.420513754035163,2.9707483601883338
750,24.99975,0.39726427231367284,0.20023053125267168,-18.32361892543479,3.18860463695829
751,25.033082999999998,0.4240156066626043,0.19035255374739102,-19.182866595654247,2.978512831214269
752,25.066416,0.4384448844282819,0.18637477172532252,-19.078794898599188,2.815370638323075
753,25.099749,0.45028639903464285,0.19398388764969898,-20.402072527023655,3.036998620429442
754,25.133081999999998,0.4689456672751419,0.205829188031951,-21.05078756976287,2.7432058568287885
755,25.166414999999997,0.4873837840307321,0.19326917389973686,-21.173329722040904,2.8209221151211756
756,25.199748,0.5063626413266269,0.2029798978700056,-19.713680694105513,2.7537918607918583
757,25.233081,0.5135576737885523,0.2019691877004905,-19.626390986860734,2.9481251660734644
758,25.266413999999997,0.5110170833103658,0.21181646458103315,-17.66506070270389,3.033381174217421
759,25.299747,0.5221293925927447,0.21970913013707835,-17.927297379836038,3.5718267420237018
760,25.33308,0.5371973874758811,0.21762211313266966,-17.27264836419461,3.491902962488053
761,25.366412999999998,0.5511094646789015,0.2182847430970994,-16.90974136693663,3.8362399208448377
762,25.399746,0.6168041757660382,0.20672148388681283,-15.256487452763572,3.9233262079437536
763,25.433079,0.6237802851093309,0.2036916141556906,-16.873324299795897,3.998294122792355
764,25.466412,0.6297346705394963,0.20039794004068795,-17.588930741792538,4.152557873513894
765,25.499744999999997,0.6347787792942393,0.19749763060514597,-17.67418753032384,4.144293721855347
766,25.533078,0.6419107523215503,0.19790393320969663,-18.778384074472168,4.445602972663447
767,25.566411,0.6406857587308837,0.2056486499019434,-18.22925812575362,4.642847694351589
768,25.599743999999998,0.638267838332155,0.19857694127123846,-18.20340920786389,4.955823663754582
769,25.633077,0.6417289937902181,0.18732534297763984,-17.133650333239697,5.067008955883854
770,25.66641,0.6482964894922852,0.19924123899656276,-16.9749442951087,5.340756830278514
771,25.699742999999998,0.640077161123442,0.1968161980524128,-16.675113155001796,5.201839880406315
772,25.733075999999997,0.6397802053728219,0.20330234201628286,-18.2859622194532,5.22919421338021
773,25.766409,0.6335622953090658,0.19441868656494032,-17.57384758849071,5.322960528625176
774,25.799742,0.6451079442711108,0.19345189609699948,-20.290280003237246,5.250671730242227
775,25.833074999999997,0.6401330230551092,0.19291368313177826,-19.840199892731807,4.93640562747992
776,25.866408,0.651092532008222,0.1975419853312203,-17.994379160763206,4.815242406277441
777,25.899741,0.6575311989402509,0.19824434658482532,-19.706870416251395,4.627763469783628
778,25.933073999999998,0.629911632439756,0.19324231853565052,-18.740055009144953,4.605159753746971
779,25.966407,0.6360450411603493,0.19637174616103073,-17.600687453194297,4.799257991397958
780,25.99974,0.6316966020484956,0.19211535912003466,-16.1442822942004,4.7031667457656905
781,26.033072999999998,0.6467891462311911,0.1851549770519625,-13.25493827048741,4.753131821346239
782,26.066405999999997,0.646140101082747,0.1866892685267501,-14.235002697796316,5.097297987153663
783,26.099739,0.6544636740444983,0.1905841129896412,-13.352580343321817,5.1092862068885925
784,26.133072,0.6713483557502041,0.16239092464012078,-13.972612741796157,4.898916009939288
785,26.166404999999997,0.6862006828254468,0.15556935691426144,-12.389032993521232,4.7484331451346575
786,26.199738,0.6965156686798869,0.18408714238982268,-11.259574508118748,5.0141778000585715
787,26.233071,0.7067128140709082,0.17501655364997779,-13.528906506291863,5.320424847531413
788,26.266403999999998,0.7059023283795005,0.1748647373599868,-14.188958386798504,5.2826882118431016
789,26.299737,0.7266928407933603,0.18763569132484526,-14.597902880794651,5.758549197524988
790,26.33307,0.7447398079184945,0.17715000577381057,-11.893752716190681,5.385382433808545
791,26.366403,0.7534231527056974,0.16637720507690565,-11.865159724692061,4.911854057367949
792,26.399735999999997,0.7381161547478933,0.171385048213324,-11.91517775179923,4.902111601948916
793,26.433069,0.7498464730099166,0.16344059320789758,-12.367756251306893,4.742427505237391
794,26.466402,0.7399771077164001,0.16480518791670892,-11.960713318880321,5.187025703670012
795,26.499734999999998,0.7681468977490508,0.1661502232491317,-12.918940032897051,4.961889714964104
796,26.533068,0.7724290831598143,0.17275635335087308,-12.209107982989186,4.99414220879565
797,26.566401,0.7784028594248154,0.16500098075906122,-10.601206200445676,5.159155652979003
798,26.599733999999998,0.7720253981522076,0.17136194511097522,-11.754528794418041,5.16186603192509
799,26.633066999999997,0.7863583213695166,0.1712382788072775,-11.092086677164376,5.157340163085604
800,26.6664,0.7712707557965048,0.16908583971781815,-11.703362801154325,5.085773266571794
801,26.699733,0.7661411047938042,0.17301267988608898,-11.299628873193502,5.099426599076518
802,26.733065999999997,0.7801351760772894,0.17288514626240875,-12.285320533173707,5.239301101532433
803,26.766399,0.7844924769980182,0.1670232712350087,-12.250094368933363,5.230369164181408
804,26.799732,0.7692340278405322,0.16969309370793062,-11.030437921080937,5.485087629556537
805,26.833064999999998,0.7604323855376044,0.16473809757623314,-13.607223917067653,5.266452220546233
806,26.866398,0.786381677759341,0.16808873959492854,-13.56655873358468,5.050694777724385
807,26.899731,0.7466262959533198,0.16582721593411148,-12.334347396167402,5.243065901544109
808,26.933063999999998,0.7398647809493402,0.16918398653868422,-12.313116500097887,5.935611212857947
809,26.966396999999997,0.758474379595905,0.1620863841408421,-13.456214694750118,5.437119280558963
810,26.99973,0.7538395560416281,0.16154933004863617,-10.804512522314027,5.507927962153968
811,27.033063,0.7313181659622141,0.17044397818992302,-11.370561205554466,5.461173199347927
812,27.066395999999997,0.7456069719312457,0.16620909579543797,-10.383608907027046,5.776875716771966
813,27.099729,0.7137019062943246,0.163071389244537,-12.89516062104714,5.5193981652951205
814,27.133062,0.727542548799746,0.16314464152270824,-11.30597011783212,5.468789167363831
815,27.166394999999998,0.7509551409938939,0.15940806913143124,-13.731265896122771,5.285149724124624
816,27.199728,0.715701296520795,0.16605913573094194,-9.386474312426774,5.563112378783828
817,27.233061,0.7233294261672175,0.1634885262115932,-12.093858246761192,5.384157493597982
818,27.266394,0.7334480494130026,0.1571594959086096,-12.147743589314274,5.401944875176788
819,27.299726999999997,0.7320623995436082,0.15286714751105238,-10.484777283669287,5.1169036163316415
820,27.33306,0.7264773906022247,0.13265022034673074,-13.387996625070128,4.889280517143183
821,27.366393,0.7273385971438596,0.1233884421914251,-11.355207890280505,4.637568564736497
822,27.399725999999998,0.7188395755427908,0.1019373360495034,-11.930297202106491,4.502511194555719
823,27.433059,0.7110129525155385,0.10581946721918072,-10.48287418872246,4.63217765990413
824,27.466392,0.71604851969264,0.10242891998243674,-10.894655675095914,4.796362146343545
825,27.499724999999998,0.7148442433098177,0.09236164811787144,-14.524278373785648,4.60754465030302
826,27.533057999999997,0.6936223248743356,0.1032150895241016,-9.627956964025396,5.021442631827302
827,27.566391,0.6611160605640893,0.07709985730614281,-10.803272671781952,4.327441291750187
828,27.599724,0.650762007180393,0.09438984347250025,-10.048223374948007,4.262521608672517
829,27.633056999999997,0.6458850033945727,0.11312970753337004,-10.663759031138564,3.986427007118627
830,27.66639,0.6535277997872633,0.11400764424194691,-9.972114733169485,3.6590890704065924
831,27.699723,0.6339679342000472,0.13022102876477287,-10.82020261158174,3.1949481184101978
832,27.733055999999998,0.6267233833953407,0.1376009420240457,-11.245761181813535,3.2790446398782
833,27.766389,0.6244168234525791,0.1442546382449942,-13.797454796761961,2.8500161951356553
834,27.799722,0.5830349230437559,0.13714536692374668,-12.74205647244748,2.5386766175720514
835,27.833054999999998,0.5608580299197685,0.15601869933043105,-11.74966302941981,2.7303722700151534
836,27.866387999999997,0.5490915877565039,0.1569157712874117,-11.04607035163664,2.1576211643387926
837,27.899721,0.5593342193141159,0.16355674794080466,-12.166563477791343,1.6832543388508923
838,27.933054,0.5407186174290833,0.16926347317704332,-10.747527824513048,1.0602802232765578
839,27.966386999999997,0.5124981110771456,0.1600286552423919,-11.5816907471339,0.7236089399615293
840,27.99972,0.47106356945709976,0.17109303865261394,-10.90537376129228,0.7390418302594151
841,28.033053,0.44969140526905815,0.17169878341013486,-11.35889035461683,0.2404076403294152
842,28.066385999999998,0.4464987528839129,0.16642356709503828,-9.241898352667151,-0.18599652283582616
843,28.099719,0.4295318877217959,0.1639273917144673,-8.586296379853001,-0.6058695795605393
844,28.133052,0.42282820423485173,0.1706637879526947,-8.902348918000516,-1.299876836343065
845,28.166385,0.3969350369088298,0.17533382600829947,-7.824060892521655,-1.9777716569372774
846,28.199717999999997,0.3919568890738544,0.1619538408941441,-8.15777439191199,-3.07022585458096
847,28.233051,0.38572075745965384,0.17045303848132487,-8.324222906758239,-3.2331971220578133
848,28.266384,0.3722609436122544,0.17356192330643702,-6.979962984385879,-3.5145203034379993
849,28.299716999999998,0.3651445220482537,0.16590051454438387,-6.155723880529552,-4.552278734272346
850,28.33305,0.358007108053053,0.16807023823132822,-5.904188247694456,-5.184544401917023
851,28.366383,0.3730897549755179,0.16779449846787653,-3.856183953040738,-5.932218479684001
852,28.399715999999998,0.36155590147943534,0.17216845454651508,-3.4744376211175827,-6.380171201930517
853,28.433048999999997,0.36625968116043295,0.17051011856311554,-1.0875784254527943,-7.47402226464822
854,28.466382,0.3609874967704686,0.1882463227424404,-0.03594336473020419,-8.247349433352726
855,28.499715,0.35832055466690693,0.1856159341457393,1.3997452032435984,-8.606125205303112
856,28.533047999999997,0.3718947103102566,0.17427802560892602,5.55515413625317,-9.772085112761628
857,28.566381,0.3808954310577008,0.17360005246537386,7.783636473190356,-10.794108192471702
858,28.599714,0.36440913712782136,0.16888171282989542,9.479515600884532,-11.21072009065151
859,28.633046999999998,0.3614797574475739,0.16768443943316658,10.35298599300558,-11.579815574468762
860,28.66638,0.3611042055673479,0.1652171525618486,11.451279333111994,-12.293337556087131
861,28.699713,0.3559716749055414,0.16937172481241464,12.412517750953889,-12.741687505232703
862,28.733045999999998,0.35719889544834843,0.18566141550645604,12.50069422244233,-12.630080430533946
863,28.766378999999997,0.3514662066015798,0.18426487686176657,12.913079243523622,-12.648044094821245
864,28.799712,0.34542579580870947,0.20059623274047328,12.704946471312054,-12.370517578824042
865,28.833045,0.3377762622490781,0.18546194236008012,11.913668384710352,-12.372077743651396
866,28.866377999999997,0.33144275308449644,0.18034859182158966,11.23143838239812,-11.682938674482378
867,28.899711,0.32087287410999427,0.17220816629461178,10.460193066787122,-11.595676324604854
868,28.933044,0.31101865677560125,0.17321252373792978,11.067578808783175,-11.096352538611452
869,28.966376999999998,0.29199076287481396,0.18145200144741003,11.126886715737138,-10.713336314603064
870,28.999709999999997,0.2823606637139498,0.18563007154603117,10.730716046064492,-10.268227367681517
871,29.033043,0.26863353122636185,0.1919162464075302,10.114403392100954,-9.964561932716608
872,29.066375999999998,0.24934977562437122,0.19409213634275152,7.2499524600138505,-9.561864400157118
873,29.099708999999997,0.21973879635538163,0.12562709083082563,3.814337265095621,-9.92089794352633
874,29.133042,0.20200263794438048,0.11933053626251194,2.160046140184379,-9.341737504257823
875,29.166375,0.18223780717015198,0.10401082408027709,1.6635198308001324,-8.694259404648832
876,29.199707999999998,0.16826805717329454,0.1106921855805709,0.6294768750580592,-8.589947820001065
877,29.233041,0.13316959089411418,0.13366491298141814,-0.30049220611625344,-8.522900478567268
878,29.266374,0.0809970368133325,0.1426829475657533,1.9288507453484551,-8.501386870237036
879,29.299706999999998,0.07742497437788987,0.18547959717196938,1.6267548723026264,-8.527416354856651
880,29.333039999999997,0.07344492923558388,0.20406961443030544,0.5685757716436872,-8.168113910491288
881,29.366373,0.07365823404877933,0.20432191870901395,1.4340207103413085,-7.661857106150453
882,29.399706,0.0738702352522614,0.21286966394134482,1.488073683480889,-7.2373615952009125
883,29.433038999999997,0.07328094908677837,0.22366607067571262,2.47760034039602,-6.878839126114445
884,29.466372,0.07255282416832516,0.22199369654020956,0.6412956738141135,-6.697068372046929
885,29.499705,0.07386586424832042,0.21282544589181,1.186431572905497,-6.477727842741702
886,29.533037999999998,0.07118033480296501,0.2219139614581507,-0.27130029638890124,-6.211792428897134
887,29.566371,0.06921117108548835,0.22735105273947775,-0.6964957241854766,-6.0188337070868405
888,29.599704,0.07056547337048125,0.2200785736399684,-2.3648350331483994,-6.158138297772401
889,29.633036999999998,0.07023497967938618,0.22488270042164382,-3.1348853432436137,-6.03733610312262
890,29.666369999999997,0.07228990979330428,0.21769662389150124,-5.08247860773126,-5.528522577109253
891,29.699703,0.0713342811446493,0.2178075357796742,-6.828036122735417,-5.028729261202287
892,29.733036,0.07126514552665082,0.21141184983212766,-7.952730081813535,-4.804812929342997
893,29.766368999999997,0.07172315423463307,0.21515488062704854,-9.286286668321239,-4.130453835229614
894,29.799702,0.07304128512279832,0.22015812408160162,-10.844918216099199,-4.080558085396221
895,29.833035,0.07309851626363617,0.22046473363505376,-10.136857748669417,-3.3636971603834893
896,29.866367999999998,0.07234241782756767,0.2231507129777771,-9.659645387843161,-3.0216717607033288
897,29.899700999999997,0.07403839665191685,0.21295989107210234,-10.872330630885626,-2.6582614158644415
898,29.933034,0.07519524337092313,0.21880450649787214,-12.479862559633291,-1.9947967377075961
899,29.966366999999998,0.07418741490476419,0.2330997143218531,-11.84192200166715,-1.5397555386644066
900,29.999699999999997,0.07450787097988351,0.23589464587658976,-13.20120899642821,-1.3937460570646003
901,30.033033,0.07472207359305667,0.22924240304466303,-13.44659761220759,-1.069149524259812
902,30.066366,0.07487920742386381,0.2295851750941737,-12.89408257665452,-0.8409940531054759
903,30.099698999999998,0.07428937345116819,0.2294461166923767,-13.667709013906672,-0.7122589934849652
904,30.133032,0.07404252300975235,0.23073446226402,-13.755867732063306,-0.6246733557004633
905,30.166365,0.07329481837987815,0.2386678650233674,-14.094651331890264,-0.524601040853224
906,30.199697999999998,0.07332807055486357,0.23375456049469437,-14.260320765826158,-0.18326798197223185
907,30.233030999999997,0.0735207043407045,0.23172532848333963,-14.686541284957537,-0.09520075884846024
908,30.266364,0.07232834337105452,0.23824521615883337,-15.876458587806008,-0.2355067991489251
909,30.299697,0.07326008832379095,0.23015376691438616,-14.640765752860787,0.35256608900042397
910,30.333029999999997,0.0727728905129879,0.23491430056241797,-14.918138495270986,0.6347336700502084
911,30.366363,0.07321322561162846,0.2290560326143341,-13.97662681463273,0.9382508656874929
912,30.399696,0.07534642025349794,0.22911876521178587,-13.86714465870865,1.5203699057089466
913,30.433028999999998,0.07550751934438595,0.23132122873779123,-14.073213299114489,1.858059522831205
914,30.466362,0.0752668679593416,0.22573078917477785,-13.449606576339985,2.4725532010381164
915,30.499695,0.07373482611658637,0.22689142613371682,-12.562402829565876,2.817294314906998
916,30.533027999999998,0.07415174357011298,0.22697360785312068,-12.1599126633249,3.1824595578216615
917,30.566360999999997,0.07442018238173123,0.22410575469272323,-11.986619692222613,3.573584819380098
918,30.599694,0.0737078089464487,0.22972262629262458,-12.371872445205652,4.1417551853509735
919,30.633027,0.0741969085044066,0.23141330172604518,-13.992346676051216,4.376633702852237
920,30.666359999999997,0.07585188434916082,0.2343455463308936,-13.738236535233067,4.871397925592788
921,30.699693,0.07574569331192066,0.2269601317999173,-13.276516636905397,5.184042325796715
922,30.733026,0.07507490701148455,0.22930538989459098,-13.273089607159694,5.344812641433903
923,30.766358999999998,0.07465079732665351,0.22023211818564237,-13.750793969737096,5.203938342702455
924,30.799691999999997,0.07670738693668,0.22489850718882176,-14.476577886256537,5.048392667277112
925,30.833025,0.07629026147680223,0.23095865825589484,-14.453448604579114,5.141596022304151
926,30.866357999999998,0.07563224978359415,0.23034679639176908,-14.791950125205044,4.821891830564298
927,30.899690999999997,0.07853569810410033,0.23104980665173044,-16.421602343390088,4.780292170855963
928,30.933024,0.07625703807083,0.22870474586712658,-16.78531425027781,4.525299403937566
929,30.966357,0.07844407861420494,0.2252947989077339,-15.769629753760285,4.594638536704688
930,30.999689999999998,0.07824642122312295,0.22461392613917697,-16.210117593183746,4.251249682274677
931,31.033023,0.07758455325298491,0.22440323711365923,-15.253666064034318,3.9830634725356013
932,31.066356,0.07942188997824313,0.22256646139387268,-14.847023733448609,3.972072382922694
933,31.099688999999998,0.07851806326084741,0.22425222195106823,-16.173398296052323,3.7281934060606785
934,31.133021999999997,0.08004458018630672,0.22706257057645524,-15.124488904049185,3.497305422777613
935,31.166355,0.08102412255744587,0.21970127582436022,-16.332427721351234,2.9037672302690756
936,31.199688,0.08089104262260266,0.22071327830153092,-16.25907757562729,2.2509553194718337
937,31.233020999999997,0.07961948106424419,0.21700482630835688,-16.846967569555552,1.9742950528158276
938,31.266354,0.08186788343270682,0.21790807346525676,-16.151765829944267,1.6598143610886238
939,31.299687,0.08157885079747287,0.22128210696664274,-16.193386520469048,1.0918177334295347
940,31.333019999999998,0.08327512444463897,0.21804867153638674,-15.197582608094857,0.9088467047649222
941,31.366353,0.08277414717229893,0.21958373421449623,-14.327730302864403,0.3084562863961538
942,31.399686,0.08062962303684225,0.21852045137591436,-13.936812529297141,0.01575599964048068
943,31.433018999999998,0.0813104076743153,0.216889358184858,-14.775343774144766,-0.055898670289333215
944,31.466351999999997,0.08256898956541994,0.2186412274415394,-14.770848736154605,-0.4346284875605891
945,31.499685,0.08115624338913256,0.22686328976459108,-15.422944973912994,-0.6875986649251764
946,31.533018,0.08122806827481582,0.22000768654088232,-15.40255907876346,-0.8882655775296948
947,31.566350999999997,0.07974946112579523,0.21623616174157317,-16.291800322282437,-0.5557436279834497
948,31.599684,0.07869375086588318,0.21134722062829736,-16.079825754306356,-0.9825524458724432
949,31.633017,0.07796535060450202,0.2236608298189757,-15.270336426521864,-1.043305103169204
950,31.666349999999998,0.07938418019615975,0.21348770001221254,-15.985164024282007,-1.371302717087422
951,31.699682999999997,0.07842641300177124,0.2060595587347609,-15.811745200522036,-1.4044536706590198
952,31.733016,0.07912180255489228,0.20924469667898477,-15.472570248838762,-1.6899957351242354
953,31.766348999999998,0.07947944190465302,0.1996552919684758,-15.432193381389881,-1.842975515498472
954,31.799681999999997,0.07916834109947302,0.14603562870583442,-11.610673571044925,-1.8045627917180294
955,31.833015,0.07975184490177961,0.14050377690971338,-12.828175991152674,-2.0346530437104815
956,31.866348,0.07736699396409256,0.17915029362421553,-12.337940495214099,-2.350084318703466
957,31.899680999999998,0.07509208363195194,0.20125324628862898,-11.069347194757134,-2.529912043725457
958,31.933014,0.0756494006853069,0.20305485084952787,-12.206604001368403,-2.8727908813749923
959,31.966347,0.08029952566169181,0.20979823707227502,-11.162043959907574,-2.7830562315954244
960,31.999679999999998,0.12145715268440227,0.21979992942858734,-11.582727577593756,-2.4130106921807473
961,32.033013,0.14512708672240626,0.221098702159082,-11.330855119036348,-2.440580568923647
962,32.066345999999996,0.1540670025436824,0.20976525050549172,-8.576384775730874,-2.6906776618152004
963,32.099679,0.16273151133404898,0.2179023377974595,-11.034611580580718,-2.824831980704281
964,32.133012,0.16519435363884125,0.2163159428219354,-9.651044170476771,-3.0008852946215576
965,32.166345,0.1596750574286943,0.20651916813489185,-10.947251913974952,-3.053979680275424
966,32.199678,0.154714318046277,0.2074958192225103,-10.027966247304212,-3.1117877661747753
967,32.233011,0.14895236907298046,0.2067525042802732,-8.894105906079625,-3.3363610434444735
968,32.266344,0.14039163863434376,0.20855469407054844,-9.330060992903688,-3.4925809641534404
969,32.299676999999996,0.12540783736545583,0.20849655178185567,-8.541737552393252,-3.387469467432823
970,32.33301,0.07980786582990651,0.20957185962812117,-7.422469717599228,-3.6265041222746115
971,32.366343,0.06942145516242723,0.21371386945716758,-7.925094198944775,-3.5997652488102707
972,32.399676,0.08242761526690003,0.21366320863284316,-9.39575728421012,-3.5348659810916865
973,32.433009,0.12943686101856433,0.21790207973801273,-10.976149660166927,-3.4573850081955073
974,32.466342,0.1580409148924332,0.23695964648229065,-12.29807270783095,-3.06587977519205
975,32.499674999999996,0.18976146474306704,0.23522605382970546,-12.861215909309315,-3.2266069660831294
976,32.533007999999995,0.1846072958931563,0.22658841327758678,-10.725179334951108,-3.1966162435577408
977,32.566341,0.15871288137674092,0.22434318867015351,-8.797572586579294,-3.268801873879781
978,32.599674,0.1488151096558078,0.23411760504658566,-9.147098550285095,-2.82335861707373
979,32.633007,0.14786156294078676,0.23637518379992015,-9.81506195564955,-2.8174645962157556
980,32.66634,0.15408864439170689,0.23896569020303915,-11.463727397771297,-2.7364307344450016
981,32.699673,0.17811235482356605,0.24038899516963436,-12.801081387697007,-2.881452406170528
982,32.733005999999996,0.19590699478286536,0.24217982850610847,-12.58718406407091,-2.8185369826341082
983,32.766338999999995,0.2190128487008726,0.24531607924888021,-12.474968220920557,-2.789712207098277
984,32.799672,0.2165811274647642,0.2422571858398963,-9.223296355902477,-3.066183008619309
985,32.833005,0.20440827506406942,0.2480687414243487,-9.539806676540175,-2.844014904734591
986,32.866338,0.19556460527388458,0.2529122762770778,-8.474543914976255,-2.990117654115377
987,32.899671,0.1848861940719313,0.24769542086560983,-10.008916135289905,-3.3560463431967866
988,32.933004,0.17527083217534256,0.2517312629111258,-10.039666511365958,-3.153133782842878
989,32.966336999999996,0.1785192311518299,0.2445936821741791,-7.903267705043841,-3.0232952194513385
990,32.99967,0.17740940078436934,0.24849162521792975,-7.993203141872352,-3.3415649134777112
991,33.033003,0.17900861700585657,0.25145388121497014,-8.191672055210807,-3.1102462739709598
992,33.066336,0.1700159117607891,0.23815269692520757,-7.913068797280424,-3.3713073139426992
993,33.099669,0.1604472033461635,0.24908413690995246,-9.853714930220182,-3.323796962109696
994,33.133002,0.1461856276420153,0.24126601098635184,-8.114120158457359,-3.3248613180306172
995,33.166335,0.11580579524272569,0.2483934684344149,-7.991658686238666,-3.239780541210488
996,33.199667999999996,0.0800913200394697,0.24422330336059178,-8.025118189694073,-3.24181404173885
997,33.233001,0.07678220977191559,0.2430768185148203,-8.055790302752126,-3.2336134172301976
998,33.266334,0.07491199833156617,0.2458767855250676,-7.752408357187833,-3.1534135234793315
999,33.299667,0.07488871105072208,0.23838045570683264,-7.425846230330905,-3.2058152978927703
1000,33.333,0.07540957430206666,0.25000340922641845,-7.907355747616782,-2.8661596259459694
1001,33.366333,0.07622163548088613,0.23889915186194932,-5.9168171217046845,-3.080815760267151
1002,33.399665999999996,0.07413264772626932,0.2437366965129631,-6.960228902556344,-2.6370702651406632
1003,33.432998999999995,0.07463955259871206,0.2441751200281964,-7.126282654219537,-2.8960836226467794
1004,33.466332,0.07407351704103568,0.24854255995174537,-6.815471169622133,-2.3699503085869638
1005,33.499665,0.07512276201244938,0.24440739232789732,-7.958019510400233,-2.7489543242083094
1006,33.532998,0.08280603096201432,0.24318874306443108,-7.985695239858406,-2.336596124936517
1007,33.566331,0.07783889713513033,0.24839333719079382,-7.737334251965696,-2.398706725625588
1008,33.599664,0.1031611029999375,0.2422864797850129,-8.21005577392037,-2.1240436805277922
1009,33.632996999999996,0.11787445101687201,0.23802527153594827,-6.965785812764185,-1.9928392369246404
1010,33.666329999999995,0.11666371845837789,0.24012688197547466,-7.4289734121771485,-2.0935684893129762
1011,33.699663,0.09462046881202597,0.24159642280058866,-7.586991395792078,-1.6453066203604396
1012,33.732996,0.10387421690361487,0.24499308116159912,-6.3925304767712525,-1.492014696530356
1013,33.766329,0.08413342340482842,0.24491163748589578,-6.354554763900048,-1.2183869843041075
1014,33.799662,0.08402898941001649,0.24053985474148726,-6.93415618294512,-1.011625411945186
1015,33.832995,0.08760423030511756,0.2513470503380816,-6.182822169917699,-1.0085550174963402
1016,33.866327999999996,0.07445402479649668,0.2576103026877004,-8.129119880586476,-0.8732978415430077
1017,33.899661,0.07674309632772262,0.24704743868472362,-9.69428896441111,-0.6014894551610103
1018,33.932994,0.07573036277430786,0.24900753524953934,-10.477076022631264,-0.40229351206246433
1019,33.966327,0.0760464906298865,0.2503813275477852,-10.143444584157,-0.4667393762777676
1020,33.99966,0.07564462844843022,0.24809893889794482,-10.918415942066169,-0.3844473680390366
1021,34.032993,0.07685051238620648,0.2528716669896276,-11.742572051716833,-0.4987968492661373
1022,34.066326,0.07647780090297425,0.24918855827862912,-11.483350091361093,-0.3474359494171589
1023,34.099658999999996,0.0759636058847924,0.2461335558462246,-11.850594820018156,-0.11432078965741911
1024,34.132992,0.07802061108119733,0.2575267159295542,-13.04305095002972,-0.14072324085200538
1025,34.166325,0.07834588632635604,0.2455389877214579,-13.90743287354974,-0.16437105994070836
1026,34.199658,0.07764374692629003,0.24235633825272324,-14.097321909287608,-0.060894874348151606
1027,34.232991,0.07699805378008204,0.23403395378040423,-14.099308985354506,0.054937279035744434
1028,34.266324,0.07526929249283695,0.23044389311588398,-13.411439298955724,0.1990025006536135
1029,34.299656999999996,0.07469988295420195,0.2336766640306212,-13.142228905080593,0.2136657881494092
1030,34.332989999999995,0.07488422698633097,0.2223412812547096,-13.250175213842166,0.3918053746337487
1031,34.366323,0.07400895366601994,0.23929725711834193,-12.690397564802765,0.23989872327292136
1032,34.399656,0.07345761602543657,0.23866069333071752,-14.475519143200192,0.6290085565015137
1033,34.432989,0.07459647331158806,0.23541149624316304,-13.857140250879743,0.44912710967644565
1034,34.466322,0.07432990054535157,0.22622108749447462,-13.78347165857966,0.7672114980279887
1035,34.499655,0.07405861824697543,0.2176678297022633,-14.389168697821013,0.9728595378624233
1036,34.532987999999996,0.07373697546468522,0.21549825074743809,-13.952295677843546,1.0928264451269265
1037,34.566320999999995,0.07338167809051213,0.20832336728372491,-13.919313998247697,1.094081839335955
1038,34.599654,0.07501182860045622,0.21451117067863976,-14.203609667553932,1.1016593268630022
1039,34.632987,0.07496188268988001,0.21145967324214854,-15.766620940754676,0.9355177650555754
1040,34.66632,0.07675937577583174,0.21881278752372152,-15.775177288456067,0.9003253329952121
1041,34.699653,0.07717882981136244,0.21164012681967553,-15.712078053312414,0.8757016743437136
1042,34.732986,0.07615963593076636,0.21347318264547144,-15.879670016606592,0.5607275281858266
1043,34.766318999999996,0.07566753287029854,0.22188197951998462,-16.021092963230497,0.5931231505942457
1044,34.799651999999995,0.07673484652623931,0.22823174033158042,-15.767333676733413,0.05615740308528432
1045,34.832985,0.07669721220153355,0.23157800007190327,-16.776006755638182,0.4883449467377293
1046,34.866318,0.07668550033945955,0.22355619107967506,-15.68316287498995,-0.11513306911012165
1047,34.899651,0.07660693887374584,0.2207010861936615,-15.603099781948822,0.30596497706338155
1048,34.932984,0.07558474889469091,0.21161158878077835,-14.526484978057452,-0.032264422089779476
1049,34.966317,0.07690944433117432,0.19705201040961073,-13.34750683235368,-0.40167209073201166
1050,34.999649999999995,0.07568738156418199,0.1539337078507314,-12.089730515609116,-0.42410012404202135
1051,35.032983,0.07446816448526036,0.180518924742903,-13.537636514503124,-0.12883588657188788
1052,35.066316,0.07536770781343834,0.1916919613908208,-13.890580073804175,-0.03369219945152451
1053,35.099649,0.07695594124617755,0.1909987417689218,-14.755962766107771,0.7286208447386843
1054,35.132982,0.08211578674917322,0.1912739439845845,-13.750166716780006,-0.13878135659263516
1055,35.166315,0.1490377224352628,0.17788766153011235,-15.465377554088809,0.7734513143180334
1056,35.199647999999996,0.171063158173344,0.20491081990781196,-17.70725931683486,0.3390154169425252
1057,35.232980999999995,0.17765328205859587,0.21164197874793647,-16.644802831927006,0.2420786343185565
1058,35.266314,0.17206547406259212,0.21558500672439734,-15.516455187412154,0.3238135092188472
1059,35.299647,0.16714023611522663,0.22169644599084054,-14.5702038716748,0.21114669248837548
1060,35.33298,0.17489175685934624,0.21204302851980417,-13.979184189444176,0.10809931098980573
1061,35.366313,0.17480122279276053,0.2201159315964771,-14.428204034014877,0.020651538505150873
1062,35.399646,0.16003955367905465,0.21648565099983597,-13.886631420314913,0.021795548632468832
1063,35.432978999999996,0.14890332604599116,0.2177537792316256,-12.875920721949125,-0.08761522537630188
1064,35.466311999999995,0.13348104352898482,0.21871922709293856,-12.215243012432696,-0.2930619017041828
1065,35.499645,0.10115274315076439,0.22935222155658486,-14.109234936241371,-0.4311260028740949
1066,35.532978,0.07886831118274087,0.2197130570641811,-13.08063772995445,-0.49311346682294455
1067,35.566311,0.07562359214690255,0.22215397241818613,-13.000700946651925,-0.5581014297806389
1068,35.599644,0.07612829436873166,0.22548984573297198,-12.9893847692586,-0.5950759727671247
1069,35.632977,0.07638947527872327,0.23041089199254894,-13.858440771409438,-0.1995909993613435
1070,35.666309999999996,0.07659123723710516,0.22969261162789334,-14.31438125200887,-0.48382497325465884
1071,35.699642999999995,0.07647724873713355,0.22840660069295976,-14.353546307879018,-0.4394552084489818
1072,35.732976,0.07639347687377827,0.2292503103154828,-14.129237874814418,-0.5932092994019735
1073,35.766309,0.07664297073091862,0.23265762607527318,-13.695117750285862,-0.4160135370065774
1074,35.799642,0.07764161306817956,0.23560884025453543,-13.570028644171344,-0.564299171472976
1075,35.832975,0.07649536525355885,0.2332535717184535,-14.003950568690096,-0.9555195252754066
1076,35.866308,0.07599781093245842,0.23381106730333967,-13.555711561653164,-0.8930780635826612
1077,35.899640999999995,0.07524212562808523,0.23378987018791503,-13.099807352632041,-1.026138657224935
1078,35.932974,0.07382898264143993,0.2369121104601763,-12.121698808045467,-0.6803256607624919
1079,35.966307,0.07430741503211054,0.23881224947294485,-12.262690593345061,-0.647446820721272
1080,35.99964,0.07392442853017235,0.23819442401672763,-13.191376074112133,-0.6064498858278856
1081,36.032973,0.07206522046506952,0.2398804061704001,-12.85627432858806,-0.7051353926093118
1082,36.066306,0.07189984525427559,0.23533011718827646,-13.25848263443811,-0.5819512160721271
1083,36.099638999999996,0.07220891688971641,0.23582572125928014,-12.877115403980902,-0.5456900180909062
1084,36.132971999999995,0.07297627949858218,0.2314362750799348,-12.880612911681164,-0.7811687989067342
1085,36.166305,0.07356052456634517,0.23471792870748387,-13.065722308861067,-0.6260305683822045
1086,36.199638,0.08470780301689874,0.23796808478252643,-12.994776370713145,-0.7573651565169094
1087,36.232971,0.10366997204542058,0.232719189555963,-12.299249716171126,-0.8986868338095939
1088,36.266304,0.10891729913440219,0.24152195540075697,-12.760837610689611,-0.998044523623571
1089,36.299637,0.10556692856197072,0.23077282054971943,-11.882723619918655,-0.8485334468286746
1090,36.332969999999996,0.11070089549164838,0.22484010553311884,-10.622609120667423,-0.9028719079354901
1091,36.366302999999995,0.10949197262648527,0.22468013382963403,-10.349745657240943,-0.8798997168048326
1092,36.399636,0.09957804125753254,0.23406864006260836,-11.749657489656714,-1.0744803955855033
1093,36.432969,0.07566221561114575,0.22468697224151365,-10.498895999398071,-1.2542389855205007
1094,36.466302,0.06932357501143811,0.22054628447710073,-9.954577169849863,-1.4310320608706648
1095,36.499635,0.06734915568789936,0.21803742198189605,-9.22921911977632,-1.3104607243242168
1096,36.532968,0.06770528856753247,0.22247800851049632,-9.607810511359666,-1.3606791724697058
1097,36.566300999999996,0.06866177399465255,0.21560164365281737,-9.262617367113414,-1.1171272888027008
1098,36.599633999999995,0.07433524995805495,0.21787527471380397,-8.250820012532452,-1.0111618344630893
1099,36.632967,0.1091402118622847,0.2167494542807982,-8.636385502066881,-0.9145140434101235
1100,36.6663,0.10651864791578122,0.21441723060155637,-8.522555875853465,-1.0143449581876072
1101,36.699633,0.10104507063658083,0.2189474852866988,-7.766518832788384,-0.9956735277759006
1102,36.732966,0.11041454185058816,0.22058201302765668,-9.271353974787903,-0.8682779322267964
1103,36.766299,0.11509168357227209,0.21805984905828407,-8.782940857472521,-0.923228514031624
1104,36.799631999999995,0.12023912731194127,0.2265180791780224,-9.524342349663293,-0.7219357178533257
1105,36.832965,0.12982726432619535,0.2181241560056954,-9.115532359794571,-0.8250607381146878
1106,36.866298,0.1337769082915338,0.21926086059797126,-8.729523419722375,-0.6548799585151238
1107,36.899631,0.13667341368020003,0.22067670225639252,-9.897527281495934,-0.6958700241221962
1108,36.932964,0.14047779765761106,0.21778735753823308,-9.88433489661182,-0.5953586877662794
1109,36.966297,0.14200806946966113,0.21463623658906794,-10.424243633122238,-0.5449529740854502
1110,36.999629999999996,0.12751535889234933,0.21525138352721088,-9.23056909402743,-0.21925383369941337
1111,37.032962999999995,0.10452859358820434,0.2142408201170647,-10.110718927373807,-0.3763820983771117
1112,37.066296,0.09738637359830957,0.21110094269574803,-9.466034948763072,-0.32045758676497693
1113,37.099629,0.09779973287094834,0.21515789160834375,-10.227382005984463,-0.18964300317659685
1114,37.132962,0.12253236450751073,0.2082371567946376,-10.543553302952281,-0.15536503009001063
1115,37.166295,0.14021452329836218,0.21303518819605494,-11.437610411411391,-0.07837901907631867
1116,37.199628,0.1518283319947721,0.21244772841464798,-12.269300023197136,0.40768118391957303
1117,37.232960999999996,0.13765144354212372,0.23055834817652376,-12.770708380018952,0.044272146078988654
1118,37.266293999999995,0.1195165619095886,0.20787127781922893,-12.920951145486168,0.3584623529750042
1119,37.299627,0.08184534996600963,0.22250293403963622,-13.170296784387048,0.32293460378096817
1120,37.33296,0.0733601310733046,0.22240829138602258,-12.884541529747183,0.5059205856043998
1121,37.366293,0.07407756326700674,0.22357014466640035,-13.14418203819107,0.29496471517363027
1122,37.399626,0.0734183944947383,0.23268301116329232,-13.36440492868488,0.4314774305243753
1123,37.432959,0.07446008457801138,0.23155262300132634,-13.61038420861902,0.5343658366694474
1124,37.466291999999996,0.07432074946526136,0.23286773049688586,-15.009412543587098,0.7898885716594596
1125,37.499624999999995,0.0744862135536978,0.2385067545388004,-16.136566749358355,0.8564868218395904
1126,37.532958,0.07578426570665506,0.2230308095147035,-16.87952772945878,0.862359836510614
1127,37.566291,0.07648891098595437,0.221924970631239,-18.306435660436,1.1361459138406043
1128,37.599624,0.07782297726134121,0.21982229498171202,-18.871558170651912,1.250749323477983
1129,37.632957,0.07925109976004203,0.22057008607017586,-18.68705677437916,1.163295379363007
1130,37.66629,0.08015715105242971,0.2310744912442398,-19.142446422287577,1.2488450247949672
1131,37.699622999999995,0.08346030967046342,0.20929865421478214,-18.98256811861099,1.4454308950590729
1132,37.732956,0.08021482942649155,0.202832369678692,-18.86884053018416,1.4563562357999202
1133,37.766289,0.08374974683488168,0.2068267075852645,-18.03831271371483,1.9087479123060311
1134,37.799622,0.08341924582857412,0.21257193684668516,-18.30742470431863,2.0333985146070295
1135,37.832955,0.08239349389841942,0.2352800073782314,-18.291403004755104,2.094972071748317
1136,37.866288,0.08258261722587469,0.2340357650262226,-19.189126023417668,2.166951378384753
1137,37.899620999999996,0.0833104047497381,0.23767806434474292,-19.86420921713353,1.9320144845098663
1138,37.932953999999995,0.08310951373804049,0.2391325851091335,-20.749051018071327,1.9641471027081934
1139,37.966287,0.08607597536178067,0.2507801109480735,-21.401005621010796,1.510351934064664
1140,37.99962,0.08995087592868282,0.24430637052492116,-21.524633183886962,1.775426786110514
1141,38.032953,0.08554868125587892,0.2454563087856213,-20.920348244528608,0.9934580194324775
1142,38.066286,0.08620802334280922,0.23117204077436543,-21.233610269963922,0.9827298985056763
1143,38.099619,0.08590057350491648,0.24995070852987616,-20.812602771420526,0.9755197859718451
1144,38.132951999999996,0.08865470960186907,0.23590239659198858,-21.003507442732253,0.7014034331508501
1145,38.166284999999995,0.08800615775901019,0.22994716722267383,-19.99292170796784,0.5705838902808573
1146,38.199618,0.0890995619162564,0.23056976721397038,-20.14722906397077,0.5188914538234272
1147,38.232951,0.08965779562928733,0.22643835915923655,-19.892452924232447,0.49104690937360956
1148,38.266284,0.08827235109643779,0.22249811435193406,-20.274726706928767,0.3660783097071413
1149,38.299617,0.08987807146914593,0.22401079379483535,-20.44164900060159,0.09161741809988035
1150,38.33295,0.08742281876940697,0.22025850554409687,-20.89302668140168,0.16491409204324237
1151,38.366282999999996,0.08482190593368644,0.19971784014909277,-21.255659541951527,-0.0582849217451464
1152,38.399615999999995,0.08670655798081334,0.21762481877712508,-21.573258401413423,-0.1221103262371298
1153,38.432949,0.08435726870161421,0.2019970960775636,-20.21593041538733,-0.3906509252221834
1154,38.466282,0.0816475869295486,0.19937560290531553,-20.383181706197714,-0.6915167595444837
1155,38.499615,0.07939464308733132,0.19816517027965427,-20.538007096536333,-0.8883395657432613
1156,38.532948,0.07897055930317787,0.2044233228921329,-21.035625122435682,-1.1201598040743592
1157,38.566281,0.07793047916917917,0.212116079456602,-21.02397069138844,-1.0228479980043812
1158,38.599613999999995,0.0785593980221133,0.21561864813392728,-22.28049080975555,-1.1860058181018278
1159,38.632947,0.07853593237439167,0.20825331136610098,-22.527952175322373,-1.1841022249982212
1160,38.66628,0.07790689691832889,0.20527962656055557,-21.28503133941162,-1.4851729653524526
1161,38.699613,0.07899960870602679,0.20908267265571823,-20.77277577047459,-1.0980989079179713
1162,38.732946,0.07842696899136196,0.2108578441563569,-21.919640901346767,-1.7838066868592768
1163,38.766279,0.07856300671383795,0.20410626171574478,-22.951543610744203,-1.5097854046607877
1164,38.799611999999996,0.07868311511100114,0.21215822149061558,-22.656401686955135,-1.663166625345679
1165,38.832944999999995,0.07751592091515094,0.21456512973695074,-23.099678073098673,-1.5911869424605312
1166,38.866278,0.07768670868395293,0.2144982177780399,-22.77832934148322,-1.951242555543406
1167,38.899611,0.07680344411804958,0.23192546483606935,-22.858959341637455,-1.8376761778911785
1168,38.932944,0.07747749355134592,0.22423846042303636,-23.264666552756093,-2.11010561956055
1169,38.966277,0.07748197462607394,0.21676928136229545,-23.41342088845873,-2.135541050517949
1170,38.99961,0.07673192010481371,0.21755674196770375,-23.550482463530738,-2.110213281342306
1171,39.032942999999996,0.07721153931826862,0.2110830644633669,-23.839660124381574,-2.208133788522646
1172,39.066275999999995,0.07673749652912072,0.2105706259677803,-23.55025195372989,-2.1643656984763733
1173,39.099609,0.07709699271121348,0.2080284939502542,-23.197875555207673,-2.196934270531121
1174,39.132942,0.07622015633144485,0.22822741297072557,-23.244255067342994,-2.149906996171518
1175,39.166275,0.07596372424839708,0.22256436103705157,-22.771635419310357,-2.2169034730346215
1176,39.199608,0.07530623637467641,0.22239830100129002,-22.414563549099807,-2.0701152297697143
1177,39.232941,0.07532431289344954,0.1763357062402009,-21.47565795631306,-1.5102838077101002
1178,39.266273999999996,0.07353228615498947,0.1492599818686091,-17.975802166606393,-0.47547621385090916
1179,39.299606999999995,0.07392297251915796,0.11284548413872796,-17.2107659833452,-0.2637916568578845
1180,39.33294,0.07316040079529793,0.15196635351886728,-18.28578045507889,-0.7074517270542993
1181,39.366273,0.07152908316197178,0.16252604712876156,-18.915884185798536,-1.0251751235515665
1182,39.399606,0.07267540046728442,0.1845275442437913,-18.35007265094859,-1.3171138264384312
1183,39.432939,0.07212802888901101,0.21901391527327135,-19.37284946594183,-1.8441583975021203
1184,39.466272,0.07274283961490115,0.22788049181079184,-18.887989862969388,-1.836089921917349
1185,39.499604999999995,0.07220563568561246,0.22813415603768628,-18.48922555301723,-2.147494188660615
1186,39.532938,0.0729638225695499,0.22360660459655246,-17.866866218999036,-2.385461738140669
1187,39.566271,0.07312116465068537,0.22044308201096274,-17.580769235616174,-2.4771685264526395
1188,39.599604,0.07290603155160022,0.21538195223339432,-16.536702733005686,-2.61640633890611
1189,39.632937,0.0729062551168652,0.21560825988766702,-14.260964871927825,-2.581367190359969
1190,39.66627,0.07181067504503263,0.21367544234671348,-14.117646631625716,-2.8482998920564775
1191,39.699602999999996,0.07321277887787227,0.20197779500088364,-13.581801748495556,-2.898848713094508
1192,39.732935999999995,0.07214515344762801,0.20324106355644406,-12.86604326700299,-3.0981430650293373
1193,39.766269,0.07173999813143396,0.21205423433093157,-13.182391655166358,-3.4802972221324335
1194,39.799602,0.07217552120515522,0.20344609979755868,-12.596130938291829,-3.687002197853181
1195,39.832935,0.07287000979867841,0.20514423783141203,-12.507783956235853,-4.0692793816293955
1196,39.866268,0.07257517463994698,0.2006075146096487,-12.74864070942748,-4.234994918497976
1197,39.899601,0.07131148052980993,0.20285455614003897,-12.050771338975876,-4.2880698317916055
1198,39.932933999999996,0.0723277337262521,0.19468616648246423,-12.067409008476563,-4.126131280139279
1199,39.966266999999995,0.07180979324709132,0.19347429513753364,-11.107189329210879,-4.162683036293826
1200,39.9996,0.07122424322370642,0.1908187091725283,-11.097490766535081,-4.174758759940527
1201,40.032933,0.07141443379110182,0.18894796541279357,-10.364315014466102,-4.0802627345770315
1202,40.066266,0.0705135766060831,0.18568008073274267,-10.081849374616082,-3.941247872931768
1203,40.099599,0.06927501315742968,0.19439511645344665,-7.930830739505778,-4.132142273215522
1204,40.132932,0.06981793535303404,0.19058690722151178,-8.006970379292673,-4.1646255422916285
1205,40.166264999999996,0.06896579251987776,0.1859833599312411,-7.6658819723139935,-4.1353574029502855
1206,40.199597999999995,0.0690896012501397,0.1858138543587298,-8.196844705288374,-4.281101198338649
1207,40.232931,0.07098449812298835,0.192726672036765,-7.850019630932612,-4.094518908482487
1208,40.266264,0.0707237764950486,0.19251067282593168,-8.03356792629892,-4.1785750210627555
1209,40.299597,0.10876684003154949,0.1990916790990946,-6.212995450645749,-4.1491826826444225
1210,40.33293,0.14521321573205034,0.20428405745311157,-7.676007272838411,-4.545134753393788
1211,40.366263,0.14547758036181765,0.2022988834137821,-8.34997878649037,-3.967345599961495
1212,40.399595999999995,0.14759727564705882,0.19955041029541454,-6.067534326835261,-4.02732522840542
1213,40.432929,0.15951206079462515,0.202844538404311,-6.080072273221918,-4.09323911231608
1214,40.466262,0.16512657682783968,0.19828816969460958,-7.132063648241051,-3.7196548167021093
1215,40.499595,0.16541921376584579,0.20311726278128936,-7.518265423164189,-3.9383142398836735
1216,40.532928,0.16261339089327292,0.20389220633688013,-7.176090023883671,-3.8940656462914487
1217,40.566261,0.17814877466884327,0.20012249231120086,-7.541249083535154,-3.8588593263451183
1218,40.599593999999996,0.17924642589360143,0.21128113155242328,-7.890292910680849,-3.9640549454186726
1219,40.632926999999995,0.18838517263939455,0.21296782413344,-8.068415562414398,-4.006032791734677
1220,40.66626,0.18137284259809638,0.20794987900887796,-7.063675569321026,-4.101829084993158
1221,40.699593,0.1726286745959844,0.20441208275823153,-7.518097798866268,-3.9359218284440676
1222,40.732926,0.1826788385040484,0.21525463052460808,-7.761287044477706,-3.818462166573079
1223,40.766259,0.18341695233286756,0.2271689248851292,-7.387393744094223,-3.7162947718850403
1224,40.799592,0.18487296663834898,0.21402458930927232,-8.009632369441405,-3.779145061864662
1225,40.832924999999996,0.1812108974060445,0.21455487781714916,-9.354407691538258,-3.805337608377458
1226,40.866257999999995,0.17565040065169948,0.2198514949554983,-8.69104703409483,-4.075364432921671
1227,40.899591,0.1701785535181829,0.2095865537331491,-9.025477434368534,-3.987422416750778
1228,40.932924,0.17412020265019593,0.22156765193348704,-7.781767327881694,-4.026059228413087
1229,40.966257,0.17024445611105005,0.21740173956064685,-8.52089722068912,-4.369631472550174
1230,40.99959,0.16722797447710883,0.15323160873990677,-5.143803264044824,-4.86097826773445
1231,41.032923,0.15663534119584185,0.140010077821504,-8.205742460969446,-4.362518413033907
1232,41.066255999999996,0.16898180563537069,0.15323512107596443,-9.356776259874916,-4.661708954553935
1233,41.099588999999995,0.16353642062796583,0.16110176722151026,-8.964934336024864,-4.998616041554996
1234,41.132922,0.1637996298044116,0.17689075273760907,-11.190180423721124,-4.964513070480611
1235,41.166255,0.15915552309371395,0.19429298091927505,-11.794410964015496,-4.983970146350416
1236,41.199588,0.1593703867040499,0.2116213265977694,-11.022615180990915,-4.844521460477567
1237,41.232921,0.1641634412041253,0.2064316023223916,-10.705069266318725,-4.855571540015872
1238,41.266253999999996,0.15598167416875974,0.21356546990672773,-10.934260007503722,-4.485693222893835
1239,41.299586999999995,0.15871687539718257,0.21227765441660854,-12.092337253302468,-4.442614962863086
1240,41.33292,0.16482175712556943,0.21593995025666818,-11.985779261682325,-4.403684011045808
1241,41.366253,0.16582076133552542,0.22114322466003733,-10.897157740040269,-4.286180125162216
1242,41.399586,0.16700030383317016,0.22292712375977566,-9.820801793363563,-4.136416880151165
1243,41.432919,0.15935482663062978,0.23254834332688862,-10.27715875819008,-4.381479767050512
1244,41.466252,0.14987297313741918,0.22448194664811993,-8.815110976936571,-4.346588303232295
1245,41.499584999999996,0.13077223042565164,0.22911490198377077,-8.274233192069238,-4.469196187597371
1246,41.532917999999995,0.11286578671043167,0.24047082903990638,-7.477466339464368,-4.433329397025035
1247,41.566251,0.11392552336201513,0.24038568519862652,-8.91239511410815,-4.404517734438689
1248,41.599584,0.11351384820314987,0.23776225743917737,-8.600766513011106,-4.247941598745404
1249,41.632917,0.10402115836649621,0.2464306746630469,-8.585486229589508,-4.256610984808282
1250,41.66625,0.11940723137515134,0.2508002339346571,-9.356300659796647,-4.353830595612187
1251,41.699583,0.13189365650901533,0.2571015308455972,-8.206144645188074,-4.197123890438032
1252,41.732915999999996,0.14178780395044188,0.24660072001023453,-9.198503407750911,-4.261051109133452
1253,41.766248999999995,0.14351096195479157,0.252787711539537,-9.59324994225875,-4.013394441370716
1254,41.799582,0.14956269216254206,0.25638750568604085,-9.09148022073909,-3.9099250058932262
1255,41.832915,0.16121634525091458,0.2565471964374088,-9.870362617420952,-4.047889618952346
1256,41.866248,0.16409827643364974,0.25702052416526555,-10.029333887413275,-4.060919401487948
1257,41.899581,0.17168741436231968,0.2572861208688971,-9.170152215719302,-4.197210874541571
1258,41.932914,0.17043438612753067,0.2534089383552307,-8.365910859122515,-4.273170463748724
1259,41.966246999999996,0.1760945865541619,0.24838550137119852,-8.4351833600775,-4.2363657297970425
1260,41.999579999999995,0.17251430160347725,0.24925496632868277,-8.847394568476503,-4.188609474919718
1261,42.032913,0.165972741530925,0.25048970294102557,-8.613515414571925,-4.396712076378968
1262,42.066246,0.1624674208883111,0.2476935048622426,-8.883388305612364,-4.390387311191125
1263,42.099579,0.1642024411198068,0.24963405429809477,-8.254883284522593,-4.507413846511722
1264,42.132912,0.15840363788148754,0.2455183536325392,-8.90088581663991,-4.471904004916637
1265,42.166244999999996,0.1576850494184226,0.24883114548996005,-7.222888655940846,-4.673715384810161
1266,42.199577999999995,0.16058229911978197,0.2408016713331973,-8.18048155520501,-4.808081472832692
1267,42.232910999999994,0.15633044772462426,0.24368331500994433,-7.99128259698649,-4.793690782393805
1268,42.266244,0.14055950037195,0.24657357527787943,-7.761184025315753,-4.666276750655141
1269,42.299577,0.1036773864032443,0.24689366794855222,-7.1139032828488595,-4.509051058587828
1270,42.33291,0.07238077403781559,0.24933078516267698,-7.013455289784294,-4.314157230608057
1271,42.366243,0.07285716081007433,0.25608553419114277,-8.533752317637237,-4.1769631882001885
1272,42.399575999999996,0.07261174131669865,0.24993463636284152,-7.468338963374377,-4.08316734080764
1273,42.432908999999995,0.0722743557672588,0.24225420288379323,-6.897763940895641,-4.038442224829488
1274,42.466242,0.09143954450918873,0.2506219849678921,-6.687512846507746,-3.7620704137352274
1275,42.499575,0.13633016013656232,0.236571932658235,-6.729229240091896,-3.7353095110085897
1276,42.532908,0.13434871182428398,0.24699628652138905,-6.05235873653411,-3.397820019345192
1277,42.566241,0.1477158422449292,0.24398716113442886,-6.697385957194681,-3.285798286187238
1278,42.599574,0.14902922298344629,0.2502572935010319,-6.7961633871469465,-3.222771249999365
1279,42.632906999999996,0.14054494898580155,0.24358956699722825,-6.257600807439408,-3.088931160152279
1280,42.666239999999995,0.13863060089659068,0.2484494883321726,-6.253558724368934,-3.1363186312403735
1281,42.699573,0.1350655508026737,0.25538482701802845,-6.119013963585204,-3.1782828420587075
1282,42.732906,0.1345460853298665,0.2501790627266448,-5.937162360331896,-3.1684156938867862
1283,42.766239,0.1328263936335345,0.24806150635290022,-6.67716971060914,-3.049054237301415
1284,42.799572,0.1352493092920603,0.24650416427917593,-6.660332498629566,-2.9798942216542086
1285,42.832905,0.13883418547916268,0.24753393931783546,-7.655692453091713,-2.9795824218443085
1286,42.866237999999996,0.1418872230663269,0.25352905785936924,-7.533799716188558,-2.8350961381212008
1287,42.899570999999995,0.14158103162793279,0.24393231839320167,-6.080602969846103,-2.5635071544350323
1288,42.932904,0.15022775434499383,0.2504346249882491,-7.562203394531205,-2.7467027228939034
1289,42.966237,0.14672494494641405,0.2538857310056721,-7.694027196659843,-2.5519016935031815
1290,42.99957,0.14777737743483238,0.2569846800439254,-8.024716239660249,-2.635714302113773
1291,43.032903,0.1464200996628648,0.25337072928328497,-8.274167351517363,-2.5784118355537435
1292,43.066235999999996,0.15014220872164213,0.25352205040862996,-7.660655539499982,-2.448620228985611
1293,43.099568999999995,0.15057722026274487,0.2539508615453726,-6.948054624376562,-2.582622440846825
1294,43.132901999999994,0.15794962595373802,0.24745299082727865,-7.272522816841459,-2.599857132427241
1295,43.166235,0.15580856422738992,0.2500561435966947,-7.718978606143259,-2.8954851942255067
1296,43.199568,0.15346609691261429,0.24584834199880218,-7.776765408896197,-2.968369043227991
1297,43.232901,0.15202803782893706,0.250937245672474,-5.593410113461202,-2.94303065124973
1298,43.266234,0.1516080266369991,0.2511586156305,-7.190519540462899,-3.0158286198812783
1299,43.299566999999996,0.15382108952968018,0.24830772309822802,-6.995351721702816,-2.868749368211306
1300,43.332899999999995,0.1537448281595778,0.2549027242227008,-7.375802056347255,-2.8809509073764636
1301,43.366233,0.15105724363758521,0.24882415427546345,-7.159470514913655,-2.715591550554459
1302,43.399566,0.15355997328117757,0.2484778045008339,-7.550344617270727,-2.6260419147322773
1303,43.432899,0.15617825091660162,0.24127087086236665,-8.205495853500373,-2.4818602029940093
1304,43.466232,0.15273740353786094,0.24451358662730815,-7.940573111878972,-2.803603835500341
1305,43.499565,0.15296600439360356,0.24618048627428274,-8.643831967566097,-2.6807564764458305
1306,43.532897999999996,0.15965628850070385,0.23520132136845368,-8.472253356755633,-2.3643495171088125
1307,43.566230999999995,0.16220415844557706,0.22726958732062774,-8.382831342842282,-2.135424344027487
1308,43.599564,0.17017155844189774,0.2275239782217217,-9.256856456758337,-1.9705739931997104
1309,43.632897,0.16502212422571105,0.23102887922360787,-7.589170403880378,-1.5714348245846101
1310,43.66623,0.17396363264523954,0.23027958006373117,-8.504867046160168,-1.6543554426158469
1311,43.699563,0.17294570259982764,0.23417551855903332,-7.564162503776931,-1.357128306364686
1312,43.732896,0.17385284377271434,0.23286658993864714,-7.5204117331813185,-1.2939945506993575
1313,43.766228999999996,0.17491287559169424,0.23727878678309938,-7.196897977449482,-1.2050178787836385
1314,43.799561999999995,0.1801667620559194,0.23021886297823085,-7.29912989561994,-1.520149868932568
1315,43.832895,0.17806279948095965,0.23067943538270314,-7.790850786432342,-1.3616392711580063
1316,43.866228,0.17898345679390604,0.23630152077028538,-6.171854147288183,-1.5684058363775548
1317,43.899561,0.1737486570723049,0.24063934669763448,-6.005193781148001,-2.1507805933016693
1318,43.932894,0.17217321378838255,0.24100347742763795,-5.996313557052288,-1.9211910290416907
1319,43.966226999999996,0.17181457951077225,0.24260910704194438,-7.180213834153227,-2.194057645642906
1320,43.999559999999995,0.16570210083383888,0.23965804110693167,-6.4909902309800405,-1.9000240117917992
1321,44.032892999999994,0.1684645055596321,0.23820677219287434,-7.0420329260784875,-1.9278901326835296
1322,44.066226,0.1649802837190505,0.2373984390795899,-7.653825469784806,-2.0370040744401243
1323,44.099559,0.17112679749593862,0.23617036050923257,-7.533649279703753,-1.9883150126890605
1324,44.132892,0.16973796681414222,0.23099226084954233,-6.588975783068225,-1.843976589890968
1325,44.166225,0.1730302221950761,0.237624647765605,-6.646630690833234,-1.6842273415371272
1326,44.199557999999996,0.17078290134340196,0.22447565471044534,-5.8218543832412175,-1.3397925588753592
1327,44.232890999999995,0.17741071768165914,0.2225653936368023,-6.1825144419028435,-1.0214529425820926
1328,44.266224,0.18520660150057744,0.2196261791666574,-5.651635804804112,-0.4505082130485845
1329,44.299557,0.19136135690992023,0.21612498703552788,-2.9805625665738713,0.4793216496857831
1330,44.33289,0.20542677763712247,0.22982592322329687,-1.8381646688384787,0.963061560299246
1331,44.366223,0.2118205547974385,0.23190745733473578,-1.1381116184770612,0.8932868523043357
1332,44.399556,0.21071454231209094,0.23669501971338563,-2.0456578628578908,0.7446041808080127
1333,44.432888999999996,0.21042973680884142,0.22655014641842428,-3.7404105168917323,0.521904759263228
1334,44.466221999999995,0.20819204013615764,0.22352772599517257,-3.5135418826978233,0.7629772568100347
1335,44.499555,0.20866264734380327,0.20259976950509423,-3.4256979602416613,0.2804682355016637
1336,44.532888,0.20922034897064215,0.21397622994892262,-2.6545019606497853,0.20311692728438577
1337,44.566221,0.21103990962316016,0.22340818275733393,-1.6876185691203385,0.28053429060038737
1338,44.599554,0.21209007915454647,0.21839229780765612,-1.823486897209092,-0.11129277953119837
1339,44.632887,0.2144673323997181,0.21443902252471564,-2.4112942721763195,-0.5264904796623373
1340,44.666219999999996,0.21539016944920028,0.20637414430187545,-2.9435313907520833,-0.625100461815007
1341,44.699552999999995,0.22416965356293886,0.21216738837080468,-2.2387693778797155,-1.0736189513063683
1342,44.732886,0.2248476028909274,0.21158984852182455,-1.824010903998348,-0.9673896364342803
1343,44.766219,0.22100479421617628,0.21925186776436018,-1.8893976713107108,-1.139117127487202
1344,44.799552,0.21623059429151334,0.19836182156318738,-2.1778270310774417,-1.3582210091572586
1345,44.832885,0.21743115361221055,0.20534719068605126,-2.9661016996754173,-1.351510187331782
1346,44.866217999999996,0.21670628787734816,0.20645327589484888,-2.8747869813108933,-1.7439571958108888
1347,44.899550999999995,0.21521868376134648,0.20770591511495323,-2.2475206744427085,-1.8741918649490152
1348,44.932883999999994,0.21730326382227272,0.2077676586876601,-1.848473520460439,-1.980249095661959
1349,44.966217,0.21682261203255698,0.2081655474918661,-1.5112795896032147,-2.0031761796697594
1350,44.99955,0.21787641201041466,0.19933154898574457,-4.225853548445704,-2.108665889952737
1351,45.032883,0.21082986150261654,0.19370196383189037,-6.106996689455148,-1.6855077316537066
1352,45.066216,0.22248220186669934,0.20423503869836349,-5.0202547302023435,-2.13719377891025
1353,45.099548999999996,0.20813759301791848,0.22812602228617146,-5.018968613232961,-1.821518179647403
1354,45.132881999999995,0.19681180822960712,0.23599336418106548,-5.817865385591204,-1.804543505120191
1355,45.166215,0.2008884024604552,0.236891183804897,-5.186627921175546,-1.6112702312334963
1356,45.199548,0.20856159597650828,0.23292409339686837,-4.5202257663053125,-1.6133601669959632
1357,45.232881,0.20712622835366337,0.2291624694417956,-4.334966086194274,-1.6541719604302807
1358,45.266214,0.20654123915857384,0.23164209093677243,-4.534849681064473,-1.7899218998786417
1359,45.299547,0.21191179578969307,0.22405632025303357,-4.834775053167947,-1.3470212989544823
1360,45.332879999999996,0.2146473930180436,0.22595554863699657,-5.028195940850468,-0.9774184461263795
1361,45.366212999999995,0.2155346051990888,0.2337940174021555,-6.224540991945881,-0.6173113023033739
1362,45.399546,0.22751916131652117,0.23580225571422622,-5.696237380921827,-0.5556580694773847
1363,45.432879,0.2505609564276052,0.23696948623226566,-5.776607188520381,-0.737143297876947
1364,45.466212,0.2618817196201425,0.22618862552510582,-4.7532101248656815,-0.4492384016614831
1365,45.499545,0.2657664542633157,0.2120300059640575,-5.136173171954102,-0.3920974323827968
1366,45.532878,0.26303533537358037,0.2142684511852137,-4.931314344113448,-0.5531755515676848
1367,45.566210999999996,0.2580070920160364,0.22156430084351492,-4.032774772497339,-0.18722342781684537
1368,45.599543999999995,0.2104429298463145,0.22372514869852994,-6.0921592531482585,-0.1723128654068923
1369,45.632877,0.18355821964215616,0.22948750144921143,-5.364731765947127,-0.31695578359158993
1370,45.66621,0.17409538181308223,0.2368737768048153,-6.334512644900637,-0.27755866279411573
1371,45.699543,0.16809397277920704,0.2395907279559605,-6.1305765483060926,-0.17828964281592583
1372,45.732876,0.17494733607653268,0.22993335816957794,-6.776232365225213,-0.2532580752694741
1373,45.766208999999996,0.1888429019856809,0.22702333128927016,-6.167895181504616,-0.16027136064374864
1374,45.799541999999995,0.1962904197915656,0.2287982550063813,-6.3016491781629975,0.030311209259163786
1375,45.832874999999994,0.20156728852298847,0.23350320185799817,-5.791554954966072,-0.1850725120020946
1376,45.866208,0.1937945955857639,0.23221885246852964,-5.702280921452748,-0.11642142538291383
1377,45.899541,0.1892598581323573,0.2315671291497432,-5.153485100783632,-0.33022786360839446
1378,45.932874,0.168036855979268,0.22380801236404374,-5.373365919515832,-0.7239840047864156
1379,45.966207,0.15579671905023285,0.24304011452371116,-5.420441160630391,-0.6689634642844928
1380,45.999539999999996,0.15659184295105705,0.22808042572178483,-5.570226122872907,-0.6944869614447595
1381,46.032872999999995,0.17199807828256106,0.23630608925641564,-5.816802663165948,-0.5218561523990846
1382,46.066206,0.18444681135146074,0.23006271307481835,-6.797571116226454,-0.7836466694103271
1383,46.099539,0.17863541564588606,0.22915698341705354,-6.589343382479913,-0.7631400652871645
1384,46.132872,0.16867926094024116,0.22945128565151732,-5.389211029663846,-0.9883914989345028
1385,46.166205,0.16952124386654704,0.23338127010851278,-5.005344147984624,-0.7351733144851524
1386,46.199538,0.16871656562969467,0.2300884485626888,-5.852645990801265,-0.6956379263426
1387,46.232870999999996,0.17069148574247806,0.2248733100333098,-4.863554031157082,-0.5553199633351339
1388,46.266203999999995,0.1890296967717003,0.2219891667736749,-5.993822013766019,-0.5762546557498551
1389,46.299537,0.1793264136563443,0.22768834148158737,-6.06831885173679,-0.6451736698699511
1390,46.33287,0.18701227419724142,0.22831024393645705,-6.843231925017298,-0.8829619198391803
1391,46.366203,0.18266683965059635,0.22033011576114697,-5.968321052334986,-0.723718734112762
1392,46.399536,0.18522992669973348,0.21825967717359615,-5.106096282592867,-0.9098363111443258
1393,46.432869,0.19113539686575468,0.2299415129832234,-6.7749663354941445,-0.9297692849986243
1394,46.466201999999996,0.1869800728374879,0.2411938826386601,-6.273116997149721,-1.1420293605716694
1395,46.499534999999995,0.1945916413740658,0.23039149911145113,-6.077657326484272,-1.0918384718869645
1396,46.532868,0.19463285558646878,0.2270366445624469,-7.444103897734831,-1.2280114251528247
1397,46.566201,0.19717816556132098,0.2323256363886208,-7.35335505752356,-1.0797195760107918
1398,46.599534,0.19462061130015862,0.229916238698255,-8.081305768324125,-0.9932475376307883
1399,46.632867,0.19642853215098385,0.24234892266979174,-7.627930538621037,-0.8567734715135694
1400,46.666199999999996,0.19752067532488105,0.22968014908177248,-7.73100468812321,-0.8789486446546529
1401,46.699532999999995,0.1971731191052987,0.22510242112991335,-7.874366601625549,-0.7897212350448893
1402,46.732865999999994,0.19670536933165497,0.23429755227601226,-8.122774669082942,-0.793595198309448
1403,46.766199,0.19499152845835319,0.2311255906804866,-7.444600718420883,-0.5758033741695295
1404,46.799532,0.2046602288274758,0.22601583723908714,-7.779651325552335,-0.5683664410551618
1405,46.832865,0.19966881757107413,0.22356307059508507,-7.008395184111417,-0.5388897860295557
1406,46.866198,0.19724543957215118,0.21705825578971422,-7.111028394340739,-0.39809134832186777
1407,46.899530999999996,0.20028381165983247,0.2175586191244287,-6.5412021360609165,-0.6798656246418305
1408,46.932863999999995,0.19892108283345744,0.2116865886327219,-7.079714993636126,-0.5266578634735704
1409,46.966197,0.20384283326822697,0.2210209408945564,-6.348687206507488,-0.6914782831327186
1410,46.99953,0.19992945429930545,0.2102162855379474,-6.743149907761556,-0.8023963099862136
1411,47.032863,0.20713153805245482,0.21186885265223798,-7.210553592557188,-0.7780238540370058
1412,47.066196,0.20039923987002722,0.22060984646990894,-6.482038287676867,-0.7239489622291517
1413,47.099529,0.1999496967903618,0.2106146401721184,-6.692498059783152,-0.8490191321690492
1414,47.132861999999996,0.20004766812597713,0.21452091489489833,-6.8362309335324385,-0.5883872146942762
1415,47.166194999999995,0.20254724924823433,0.21257040408157513,-7.065716794416168,-0.5907370058440358
1416,47.199528,0.1985904881121932,0.20978226884141732,-6.52768167370422,-1.0766471174199361
1417,47.232861,0.20215940103546773,0.2220291121416547,-7.271674575605239,-0.7540517621399399
1418,47.266194,0.19575327120992403,0.20954101690997812,-6.149062499744829,-0.9048762994024895
1419,47.299527,0.1968273016971077,0.2136213936868608,-7.564394835691003,-0.9650290478483106
1420,47.33286,0.19337335586363855,0.20884981476467274,-6.067537789077192,-1.0766965142866893
1421,47.366192999999996,0.19838697521051507,0.21155181383479715,-7.278381109438688,-1.3493259876259232
1422,47.399525999999994,0.19866534184327247,0.21308254917776082,-7.977543321479828,-1.2293379901730737
1423,47.432859,0.19718029260514283,0.2146767482692785,-8.036709838666964,-1.2135474356537743
1424,47.466192,0.19357434847382937,0.2164297708804804,-8.580205300086298,-1.110505160664765
1425,47.499525,0.19807499598898878,0.21340112262260805,-8.235410799394156,-1.1484452307917021
1426,47.532858,0.19560625901741616,0.22281423363725616,-8.32633383153407,-1.287976347163167
1427,47.566190999999996,0.19442508422442148,0.22459190647390204,-9.24195479051744,-1.1526724939002022
1428,47.599523999999995,0.19638783707951346,0.2326336716975254,-8.651364613660563,-0.9629146709859507
1429,47.632856999999994,0.19230765790926543,0.22610561011506003,-8.298283464895094,-1.0195204175966361
1430,47.66619,0.19744855755741253,0.23748632890891988,-9.317319193299314,-0.9351389878642686
1431,47.699523,0.19717927295180857,0.23457100308502465,-9.47905231216921,-0.8545462103770601
1432,47.732856,0.19848548915597292,0.23700044631210415,-9.33570743828801,-0.47374799468890566
1433,47.766189,0.19245277218218132,0.23145259946859423,-8.190671826625723,-0.044391277221965814
1434,47.799521999999996,0.19045259729058542,0.22500134541927233,-7.0788824630769085,-0.0690172769067364
1435,47.832854999999995,0.19523195518430034,0.22592145777209108,-7.307714332192547,-0.14012308603243057
1436,47.866188,0.19458498439067065,0.22997253238390716,-8.340138429572136,-0.40446295810293015
1437,47.899521,0.19070069043568283,0.2289029749954717,-8.482209524616325,-0.5784713008809451
1438,47.932854,0.19007219432825154,0.22347482374888789,-8.97477698638124,-0.5692634277915675
1439,47.966187,0.19379761489646657,0.22346456716363355,-8.501074152124872,-0.5144487336005752
1440,47.99952,0.19100237911726023,0.23241439563922386,-7.777596054493217,-0.43113928780956445
1441,48.032852999999996,0.19093072029739086,0.23249938174449708,-8.271189268361843,-0.286549116954363
1442,48.066185999999995,0.1870984859142077,0.2069502512706642,-7.104949130264812,-0.40775491259801794
1443,48.099519,0.19124188258916505,0.19026960036567842,-5.383181599374721,-0.7739234647953085
1444,48.132852,0.19578214704751742,0.11812977343545923,-5.17677269948617,-0.8643470521734193
1445,48.166185,0.19986572278737935,0.17146540198092858,-5.743125033545084,-1.2515255585627976
1446,48.199518,0.19686643254758332,0.19549563052843652,-7.383256921125111,-0.7292877518171929
1447,48.232851,0.19056335126680818,0.21146196690282565,-9.272870923826462,-0.881241077926609
1448,48.266183999999996,0.1945971347116593,0.20880679397420604,-10.184555180374398,-0.4563542129791896
1449,48.299516999999994,0.1897409939629483,0.2177610534361827,-9.233396750313336,-0.3572617889386973
1450,48.33285,0.18815649477258994,0.22148824915257304,-8.796655046864382,-0.19468157728578356
1451,48.366183,0.1862721620762366,0.22551226910612776,-9.188041051261253,-0.3414174082405985
1452,48.399516,0.17370931313876628,0.2275707016556229,-9.368290494658227,-0.0282999279065227
1453,48.432849,0.1709570898165434,0.21507503216677482,-6.318783365340248,-0.21153946060780746
1454,48.466181999999996,0.16943291890051865,0.23267572596259317,-7.169843863336843,-0.5021724025776608
1455,48.499514999999995,0.15699318814443508,0.23023964050258794,-7.720462078064461,-0.31739635450944303
1456,48.532847999999994,0.13450599648116812,0.22665385068998184,-7.384265848922121,-0.49133615182808504
1457,48.566181,0.1238360515027636,0.22462009489509582,-6.66018650107502,-0.6884128146493133
1458,48.599514,0.11625422169496175,0.2311851782267359,-8.875004335921052,-0.8452102728464278
1459,48.632847,0.09943987702801348,0.22650473700037815,-7.790907184888306,-1.056152101278963
1460,48.66618,0.08614896268494326,0.2279149525590314,-8.521337993821456,-1.0995358287073884
1461,48.699512999999996,0.07896716975622882,0.22758059690663587,-8.314377510556271,-1.0755156308500524
1462,48.732845999999995,0.07154327838626344,0.22969070104041034,-9.29743087598276,-0.9336965113235193
1463,48.766179,0.06987500694706522,0.22880172151130107,-8.644809232920256,-0.9928554231918266
1464,48.799512,0.07010415638329508,0.22634431055408114,-8.643811391244796,-0.653639756691822
1465,48.832845,0.07090929557036904,0.2273219514744982,-6.599371381899043,-0.6837908623806134
1466,48.866178,0.07359893029403361,0.23274878110981767,-6.686040923065863,-0.4828328288218168
1467,48.899511,0.08449592394940494,0.2288971153790409,-8.21455269019603,-0.5304946832937322
1468,48.932843999999996,0.07165199420789145,0.23209972121976655,-7.668219918522682,-0.6702475522817916
1469,48.966176999999995,0.08291582846335299,0.23127104870948967,-8.121233989030713,-0.507407787826532
1470,48.99951,0.09923696000434006,0.23638681199695488,-7.5351145555677075,-0.44208416181207477
1471,49.032843,0.12690823219387043,0.23029770096877109,-6.743754127386171,-0.7139673025912864
1472,49.066176,0.14977230767248256,0.23140749234707172,-6.845943863365769,-0.24300406677903574
1473,49.099509,0.16484864145184885,0.22712834287883465,-7.510367872958199,-0.7107546958982915
1474,49.132842,0.17398326871737677,0.23113124711121924,-7.69289937145711,-0.3468598402155898
1475,49.166174999999996,0.16743726954099394,0.22796074791441073,-8.33289232627603,-0.7184502183216753
1476,49.199507999999994,0.183089360551337,0.23101067065278064,-9.373837763628952,-0.38647058200936396
1477,49.232841,0.17211341984743628,0.22699658009465867,-7.8571073562012925,-0.842690388558957
1478,49.266174,0.17730352657912807,0.2376112791549887,-9.197763968729955,-0.47227421098700983
1479,49.299507,0.16817496995007772,0.24251776065174319,-11.185461048076817,-0.4204158452790823
1480,49.33284,0.1527485302795764,0.23858544075385218,-11.636679582828931,-0.3073727579247217
1481,49.366172999999996,0.1355602210223587,0.2368349249071699,-11.033303343313333,-0.20954065035646946
1482,49.399505999999995,0.10251834003453483,0.2325466206966429,-8.742785275542237,-0.504401631304368
1483,49.432838999999994,0.06988467929172204,0.23454771642108246,-10.947900284786217,-0.2534556372053173
1484,49.466172,0.07129937693215187,0.24469774327444696,-10.468968018363716,-0.17264760712258276
1485,49.499505,0.07413168456279828,0.25452514119335096,-10.329991691013644,-0.295152535957873
1486,49.532838,0.11441609884256061,0.23714650646319724,-8.218444924093937,-0.39572787239941093
1487,49.566171,0.14249230984631628,0.2426676671847421,-9.973637483758148,-0.25909978896148844
1488,49.599503999999996,0.16497038570014555,0.23985066811689165,-8.3343218753738,-0.6029859324164553
1489,49.632836999999995,0.17606331827223382,0.23460014792873976,-8.962613153857781,-0.47331307204637985
1490,49.666169999999994,0.17504779086765332,0.23267314560359054,-10.063411228254592,-0.5925531920478564
1491,49.699503,0.17649027149026136,0.23497079926762726,-9.768183252074827,-0.680124390328585
1492,49.732836,0.1738110265749536,0.22992592533331396,-9.038779157688,-0.7943245717411707
1493,49.766169,0.17736590750166814,0.2392898596978844,-10.160131502044733,-0.6875215081876848
1494,49.799502,0.17355725724115895,0.22892786341617594,-9.225433307070253,-0.7391529312957461
1495,49.832834999999996,0.1668207649558502,0.23890973457683295,-9.70239599957466,-0.8271916742115725
1496,49.866167999999995,0.15081959811747,0.2258432417134384,-10.154178940493166,-0.6680412221256762
1497,49.899501,0.13641247454575203,0.23537947998264655,-10.029585701901512,-0.6823057295930723
1498,49.932834,0.1313169377722781,0.2405635052022376,-10.438292614885277,-0.5787456522801138
1499,49.966167,0.10003457620292566,0.23718389512838267,-9.892922819733588,-0.5984484302221019
1500,49.9995,0.08385001651269877,0.2380435476824304,-9.235149206918809,-0.7558595363235189
1501,50.032833,0.07356654772311871,0.23952189482989633,-9.019424881596443,-1.128304916083602
1502,50.066165999999996,0.07396922864935354,0.241400359811202,-10.05215079100405,-0.8448655476127092
1503,50.099498999999994,0.07291994855596742,0.24217161128289044,-9.010887087971783,-0.9364944672567883
1504,50.132832,0.11113282172594824,0.24399829881143292,-8.54961620452989,-0.8595539589621781
1505,50.166165,0.14880638359206408,0.24228993907725316,-7.594573278230735,-0.8006934025087074
1506,50.199498,0.17123684220065888,0.2497290635545048,-9.351835901745057,-1.117455211925034
1507,50.232831,0.18094047495972554,0.24266828887578695,-8.905107837352482,-0.9770016835182295
1508,50.266163999999996,0.18307864760996304,0.23372165594222855,-9.657342988893689,-1.0914033249431876
1509,50.299496999999995,0.1776261195595751,0.23952519872031872,-10.337301100333018,-1.0539260628905234
1510,50.332829999999994,0.17351352562628347,0.2368896449007361,-10.448841906440475,-1.0024816955795228
1511,50.366163,0.17474599948413114,0.2454078647158412,-9.392414994672498,-0.7646162336857004
1512,50.399496,0.17377120878929064,0.2437204667288116,-10.654780353305323,-0.98395463171072
1513,50.432829,0.16908793315647574,0.24476491508761888,-9.679005294917431,-1.0701262830373146
1514,50.466162,0.17447312244088206,0.2310032401789736,-9.414626653479147,-1.2620031264657643
1515,50.499494999999996,0.174074034644058,0.24789448060371183,-11.099894402993089,-0.8363468359482022
1516,50.532827999999995,0.1734597750337298,0.2445571912801059,-9.872753604545565,-0.801906390755003
1517,50.566160999999994,0.1650083091228406,0.2388324547772538,-10.11411921407674,-0.9546363355573813
1518,50.599494,0.17997015303063774,0.23951910313433872,-11.016197943643197,-0.8414255871886546
1519,50.632827,0.16060381134220453,0.24149775553146083,-10.433867334572277,-1.0184896358340474
1520,50.66616,0.13233914086032622,0.23886931469723693,-9.984932935570018,-1.1761008782705993
1521,50.699493,0.0908849414137872,0.24714732121011418,-10.13613713870402,-1.1052800042581874
1522,50.732825999999996,0.11489525173457683,0.2419326701851558,-9.490443823612761,-0.9590019505262091
1523,50.766158999999995,0.1395573478509228,0.24839067861603698,-9.298344549871974,-1.1009821513455458
1524,50.799492,0.15448064492034327,0.2562598063088796,-10.261739733584093,-0.977675653022901
1525,50.832825,0.17481681232162882,0.2519712013678159,-10.467654286983866,-1.1085010337048191
1526,50.866158,0.1749647272962165,0.2508490772507503,-10.83140224864104,-0.7669671199370769
1527,50.899491,0.1794123815301892,0.25173034599031885,-10.31539226729039,-0.8600033045308475
1528,50.932824,0.18547444178573128,0.2544467878409436,-12.031210928061189,-0.34241312338238056
1529,50.966156999999995,0.1752698915544537,0.2594566958731117,-11.16857629765253,-0.7101831138757484
1530,50.999489999999994,0.18211613840351892,0.2527672904438523,-12.138961269486645,-0.3968989785830093
1531,51.032823,0.18994020151694457,0.2587591819389937,-12.749682399778498,-0.5758362909831234
1532,51.066156,0.18505322586945175,0.24937350427446198,-12.401274908372006,-0.451047695056395
1533,51.099489,0.1893933116794878,0.25019641188841407,-14.153318007415306,-0.5071415488593426
1534,51.132822,0.19252727901125644,0.2507476422639102,-13.849500681170507,-0.5441372055265052
1535,51.166154999999996,0.19079763127959173,0.24930354848562625,-14.316698283086692,-0.385509017481711
1536,51.199487999999995,0.1938288467565166,0.2631962681679317,-15.480846856411633,-0.09560470222041947
1537,51.232820999999994,0.18938544644273983,0.2564005865817457,-14.855363240507275,0.16495429894185082
1538,51.266154,0.1914164653530345,0.2546622268570995,-15.296783097802882,0.383447152735687
1539,51.299487,0.18969461146357652,0.2506791756682356,-15.585252505298055,0.3805538974171999
1540,51.33282,0.1890266363857159,0.24902152653858994,-15.602822834554747,0.4089764412270803
1541,51.366153,0.18945533915987176,0.24762474696437828,-15.632837875309193,0.47206933937184264
1542,51.399485999999996,0.18723830672731748,0.2477999504722211,-15.732679181976117,0.49453009598396414
1543,51.432818999999995,0.18500266464584209,0.24804993534277675,-16.131543233098707,0.46274440331999644
1544,51.466151999999994,0.19166706424381208,0.24181180407856412,-16.28171063062804,0.441658822603266
1545,51.499485,0.19527156298968268,0.24827169086115236,-16.170734503133954,0.4940123749482743
1546,51.532818,0.19865512735156832,0.24803973100330234,-15.12647980060397,0.4314702658209478
1547,51.566151,0.1955428904741702,0.24817725628491022,-15.286317175727575,0.4962008741425116
1548,51.599484,0.202419225204988,0.2480331910240361,-15.00534173721068,0.5934676041018022
1549,51.632816999999996,0.19392132930775619,0.2504908015357532,-15.506600436347199,0.41512346347059886
1550,51.666149999999995,0.1976954644755763,0.2526030745657294,-15.401446788052944,0.27653240208621027
1551,51.699483,0.19416488302840093,0.25212681139547116,-15.196257223206024,0.26309507784594904
1552,51.732816,0.20060872571039748,0.25132203219572774,-14.245612113720744,0.09059385898786187
1553,51.766149,0.19984980748110898,0.23943382496977672,-14.486911536372942,-0.06479835364049137
1554,51.799482,0.19325357123794512,0.25460371032998996,-15.154972019219178,-0.12168779971079073
1555,51.832815,0.19415363174592437,0.25191853148032706,-14.805352292897334,-0.21065903421942206
1556,51.866147999999995,0.19911763779338115,0.23775413200092288,-14.840906597622881,-0.08575475919211795
1557,51.899480999999994,0.1940446587188261,0.24447155656688768,-14.410325040326327,-0.0929071006396579
1558,51.932814,0.19444105605533807,0.24196928542970159,-14.208937280306202,0.09641910908374368
1559,51.966147,0.18868624532893333,0.24262403533589555,-14.247756241986348,0.07813678554851232
1560,51.99948,0.18939303364709995,0.2343617664713894,-13.916654191170618,0.0071294993968065625
1561,52.032813,0.18620278786375494,0.23819782818597948,-15.376915018422832,0.18012733601536013
1562,52.066145999999996,0.18835235540461315,0.2405844610300358,-14.650434701773825,0.12045876700144725
1563,52.099478999999995,0.18542976556076932,0.24013620486541692,-15.018922458924955,0.1907209045170824
1564,52.132811999999994,0.1871275008434511,0.24361421002105246,-15.177791197828595,0.21207974670725976
1565,52.166145,0.1853795208228208,0.2433409734928726,-14.742576783444033,0.19225299375332522
1566,52.199478,0.18777785547687947,0.23828397732076134,-15.213715570097852,0.10553471737940737
1567,52.232811,0.18717399615303967,0.23561756103556708,-14.437216822722393,0.236266819934115
1568,52.266144,0.18642884625573455,0.22754241644508083,-14.74184374656942,0.19250997231066935
1569,52.299476999999996,0.1946915349279942,0.22726823070076543,-13.51993185346067,0.17494665014937372
1570,52.332809999999995,0.19952158949046897,0.217780996667302,-14.881969211213327,0.23680382322279425
1571,52.366142999999994,0.2040392460100928,0.21819638805940716,-14.359877650764803,0.2703735605557566
1572,52.399476,0.20929609762901455,0.22095636833932442,-14.415014360017928,0.19292065660164429
1573,52.432809,0.22235918123670192,0.22156070639352926,-13.221458061851532,0.06995001889261575
1574,52.466142,0.22543921036807438,0.23218859317242513,-12.317401900241915,0.18430712031041332
1575,52.499475,0.23002288428087955,0.22241046613502008,-12.513702899737739,0.22885084464625408
1576,52.532807999999996,0.23006747500094907,0.22942588006348752,-12.379839909869238,0.2928984183162953
1577,52.566140999999995,0.2391543034128741,0.21253798662424708,-13.149261493236489,0.3587239753058474
1578,52.599474,0.24064056943879472,0.21923241249070155,-11.841237726540577,0.1306744177166293
1579,52.632807,0.2529681940496759,0.22596089064069952,-11.794327003585364,0.19494547238886262
1580,52.66614,0.2520799941728501,0.21689400422889826,-11.62561047108586,0.18584245024710344
1581,52.699473,0.25821058733536,0.20620094969028424,-12.26433868123417,-0.07929648323300269
1582,52.732806,0.2607247849953913,0.20588756917030449,-12.788325503373123,1.0325613373733726
1583,52.766138999999995,0.27352369042082697,0.1695133921804598,-12.0532301596551,0.3376356982552882
1584,52.799471999999994,0.2804340310089199,0.1719227957737321,-10.570920114194648,0.6227513218667673
1585,52.832805,0.29330203508458924,0.15835096790140354,-14.004153434012819,0.8094372150821493
1586,52.866138,0.2874226566480683,0.16147079877618878,-11.926309971014103,0.4478163777305207
1587,52.899471,0.31369922781062437,0.18365957360807394,-13.602672991200038,1.1345043929212117
1588,52.932804,0.3192301492897302,0.180716752304442,-15.679550963958693,1.005156539318314
1589,52.966136999999996,0.3393834983834834,0.17534822709370643,-16.21759150639087,1.423326642779229
1590,52.999469999999995,0.35678817561985154,0.17858620077161505,-15.942249748641464,0.8456262936630654
1591,53.032802999999994,0.3704329043751508,0.17879704397845417,-15.15745031063263,1.3556135157926377
1592,53.066136,0.38171245589777236,0.16708308797404048,-14.655236926684916,1.0830001506640266
1593,53.099469,0.39308983582377177,0.18323727435912088,-16.84034119711271,1.2724965436406537
1594,53.132802,0.395508895172042,0.17080050042562178,-15.20421172351429,1.6509368493606233
1595,53.166135,0.4090089093200295,0.1693409449939548,-14.326111055682597,1.843937950373503
1596,53.199467999999996,0.41190284607789546,0.15303410396305045,-14.070693717591523,1.665428667617578
1597,53.232800999999995,0.4288629264635165,0.1427830248534991,-15.833551882223997,1.7704264778192147
1598,53.266133999999994,0.4447993962633913,0.16910264217451446,-16.25703405117426,1.7568061563191082
1599,53.299467,0.44602132336871436,0.15834983578528364,-17.39710019698751,2.012479517492108
1600,53.3328,0.47767993232237593,0.17389370059787593,-17.53369135387922,1.9477305478765898
1601,53.366133,0.4723333979809365,0.14634685033815462,-17.51949703629462,1.9383725028915866
1602,53.399466,0.4929179472791862,0.15338983194004502,-18.41182622755867,1.9352222019863914
1603,53.432798999999996,0.4828102846615091,0.14000231239582386,-17.71202420914162,1.7506352619678403
1604,53.466131999999995,0.4953789709324787,0.14199221166686204,-17.18580870647967,1.7215618918736764
1605,53.499465,0.505714863004284,0.1713179415921393,-16.192055644117232,1.4130744680436744
1606,53.532798,0.5088537891115151,0.179551294123264,-15.138014367886328,1.9259101470114273
1607,53.566131,0.5108263702244804,0.1920166097190943,-15.541670168673718,1.9795296210232003
1608,53.599464,0.519396689263132,0.19508198070427557,-16.51192929977616,2.296685516970862
1609,53.632797,0.5192663990218587,0.19791398296681031,-16.50915297356948,2.3841064085327557
1610,53.666129999999995,0.5434685043155082,0.19694259766903693,-18.162184777722427,2.20962111713202
1611,53.699462999999994,0.5585115631413325,0.19354583544149,-18.010958868566888,2.4606975674592757
1612,53.732796,0.5721349582450508,0.2001711524361123,-17.38519991141191,2.4445477780302864
1613,53.766129,0.5768757020550135,0.19156920517599504,-17.307377065434565,2.2662852393024964
1614,53.799462,0.5653402766932191,0.18771720448349727,-17.102326909526834,2.369888331033146
1615,53.832795,0.5709948814742521,0.18188775266067267,-15.126104899861451,2.5648643630061816
1616,53.866127999999996,0.5892095990894617,0.18537590200573362,-14.953556933470264,3.009571816752803
1617,53.899460999999995,0.6053402482794612,0.17761074669743104,-16.015687975274066,3.1070295088374094
1618,53.932793999999994,0.6106013820280152,0.17987222799734626,-14.055080729619,3.2317304415615262
1619,53.966127,0.6325793560050502,0.189236739054602,-17.692393606201573,3.3311470114348367
1620,53.99946,0.6584934065353034,0.19194748139279638,-14.96389437855524,3.706685809999422
1621,54.032793,0.677255308985774,0.2087545081226283,-17.721733831444656,3.757884398077304
1622,54.066126,0.6906922163385661,0.19879209242049495,-17.922517643093002,3.72462690521478
1623,54.099458999999996,0.6826641008131831,0.2029435862803873,-17.26559156638858,3.6159501187821594
1624,54.132791999999995,0.6845577380327467,0.2032502058243024,-18.59289819455346,3.783691559982976
1625,54.166124999999994,0.6884606118698864,0.2014635789925242,-17.158968517108107,3.631230407256055
1626,54.199458,0.7196243981755209,0.19912740372768148,-17.601875211400934,3.8590933548397177
1627,54.232791,0.7141172424763271,0.19634695101088323,-15.753389609563751,3.972544570868418
1628,54.266124,0.7374447956600166,0.19798842804279315,-16.19199147233534,4.1177778474193145
1629,54.299457,0.7519226622646584,0.1988678084362102,-15.649145063676734,4.062152953369176
1630,54.332789999999996,0.7617780485838465,0.20554596059676522,-14.940559141519673,4.321052855833703
1631,54.366122999999995,0.7610097018512618,0.21058617730520085,-14.251553576443747,4.252824919535219
1632,54.399456,0.7795948983928449,0.21357309377974956,-14.886011208782286,4.499418972718265
1633,54.432789,0.7657186925835393,0.20574003133935248,-15.290192747872245,4.568682415572782
1634,54.466122,0.7522953023622153,0.20669045055849739,-15.559553919387707,4.814610155954761
1635,54.499455,0.7561577252544475,0.20510791497839198,-14.56407951947613,4.622150698272274
1636,54.532788,0.7617962854496135,0.20292759796296206,-14.950762989593912,4.650757537110745
1637,54.566120999999995,0.7821357943626894,0.20914750855390496,-13.938475205806903,4.984868090582644
1638,54.599453999999994,0.7694518672088632,0.20419947459765445,-13.842628069013706,4.838498698608588
1639,54.632787,0.7936219127857556,0.19575017933498656,-13.768191604725356,4.903991865107462
1640,54.66612,0.7870483493974456,0.2059113947487025,-16.753311047922654,5.071807276327684
1641,54.699453,0.774376306527762,0.20039267892618096,-14.444262513076856,5.163434766139661
1642,54.732786,0.7943595627283961,0.20329531965385977,-16.20008829769614,5.229085562428957
1643,54.766118999999996,0.8055860137361761,0.20515175062962054,-16.506987450910604,5.587045540387442
1644,54.799451999999995,0.8276787049023354,0.20484484288125476,-16.527392923470252,5.720935288574025
1645,54.832784999999994,0.8473428383935584,0.200908396996887,-17.210288114792732,6.115469460842123
1646,54.866118,0.8537483913100004,0.2021687794113336,-17.091053684583898,5.548655108395639
1647,54.899451,0.836576037522693,0.2086809714429379,-16.961831913590093,5.648844708385524
1648,54.932784,0.8593452353690287,0.21033243517406236,-16.301516697492204,5.7329498151867035
1649,54.966117,0.8833312168049975,0.19883682488359436,-16.57695519910168,5.921692406571688
1650,54.999449999999996,0.8306861403346935,0.2053779025341811,-15.2415652108696,5.679133266903491
1651,55.032782999999995,0.8552121406502919,0.2039849443693693,-16.183368961090025,5.454362604542018
1652,55.066115999999994,0.8285965008255672,0.19982248057867025,-14.253291479305199,5.8935776147076515
1653,55.099449,0.8225561734407718,0.1925811189413551,-15.304773747084885,5.765736354164972
1654,55.132782,0.8128755483588329,0.19025023898622317,-12.357340015035133,5.8772586994547735
1655,55.166115,0.8051592922707064,0.18123785406594006,-10.941799026885162,5.922376840453394
1656,55.199448,0.8327505511183423,0.17113480362685712,-11.101630945778819,5.83456281307993
1657,55.232780999999996,0.8233037408005761,0.18395066338380278,-11.234046968190663,6.019019399721819
1658,55.266113999999995,0.854164765048306,0.18089428050615902,-12.237559930022222,5.932029207025134
1659,55.299447,0.8114779939534882,0.18393699113992423,-13.553850985922969,6.128129565301376
1660,55.33278,0.7964776374210516,0.1779445427032375,-13.99368759858037,6.496806741969915
1661,55.366113,0.7753409464795555,0.17071848330504039,-13.25784205294441,6.059913791935729
1662,55.399446,0.7479080451896513,0.169686203712752,-11.51113156994629,6.144169447578927
1663,55.432779,0.7284219089913655,0.17367257119162377,-14.110382872060212,6.048050399647857
1664,55.466111999999995,0.7156176082076204,0.16663665867870142,-11.753737955161238,6.388232679437784
1665,55.499444999999994,0.7157459434752118,0.16833744295725767,-13.304426468476965,5.651638160247027
1666,55.532778,0.7102081273617725,0.16064292209175837,-10.627963268935492,5.911735817257512
1667,55.566111,0.7288733796080482,0.16378449373648066,-11.678875057657235,5.989645773352616
1668,55.599444,0.7128613080714816,0.1578669368434218,-10.4719671380347,6.016102655770224
1669,55.632777,0.7215223668654739,0.16604235104607362,-11.040698624874219,6.060796202530493
1670,55.666109999999996,0.7164856849240223,0.16595077349103465,-12.002863937488659,5.729803358517325
1671,55.699442999999995,0.7295408301250451,0.14719339712046658,-11.873398216996,5.541790464558271
1672,55.732775999999994,0.8121248031793724,0.12863879465731184,-12.57729732615089,5.377186443065598
1673,55.766109,0.8490446762447612,0.12675767127375046,-12.73074689649622,5.435813948415973
1674,55.799442,0.8533791439024884,0.12772797268951813,-11.84709951380679,5.193305619015022
1675,55.832775,0.8547526278333555,0.11427576985890167,-14.088080855797187,4.558306110070424
1676,55.866108,0.8489579580401273,0.10934399925135779,-13.066150146955398,4.271841280258058
1677,55.899440999999996,0.7999876932582803,0.10652477500080115,-16.962782816919194,4.34655742598411
1678,55.932773999999995,0.8000263395361653,0.1156774191648559,-19.500925683138874,4.1826308381004775
1679,55.966106999999994,0.7976556543125664,0.10815052145416978,-17.312246458477674,4.1656506582767285
1680,55.99944,0.7966193332327995,0.1259474808055805,-14.372849860236892,3.9827558512891295
1681,56.032773,0.807524135036525,0.13638666616712394,-15.602059388949465,4.226177790444273
1682,56.066106,0.7812702602075855,0.1462913464547822,-15.169800588136265,3.797811921865263
1683,56.099439,0.7814538889282734,0.16741741355752354,-20.255906553286227,3.510829176580481
1684,56.132771999999996,0.7743694396109324,0.14666109484220227,-16.73556106365169,3.479459116522925
1685,56.166104999999995,0.7683565815936557,0.15303059754901757,-15.560826701153319,3.347168451736511
1686,56.199438,0.7595341595386643,0.15847692491492607,-17.654179555959047,3.183750434279208
1687,56.232771,0.7331799733290569,0.15909656506520875,-16.86629394060627,3.117350885070928
1688,56.266104,0.7194645714882328,0.1725164043326843,-19.359173236010847,2.7718957903586134
1689,56.299437,0.6908078735149535,0.17954917017787367,-17.46151212710485,2.6469939740342414
1690,56.33277,0.6543807161910864,0.17348039372866297,-16.731087316215863,2.9241202276861986
1691,56.366102999999995,0.6235804801374794,0.18682607639059082,-14.974629867045655,2.501321883258197
1692,56.399435999999994,0.6047876713825484,0.1811237835551007,-14.937333330272994,2.542338890814674
1693,56.432769,0.6074545156893757,0.1972683875945998,-13.05197995665476,2.2205887955617927
1694,56.466102,0.6003417136681192,0.18369861559033296,-12.523105388592471,1.8968353750750298
1695,56.499435,0.5796171212435568,0.18556506516903398,-8.31705774405741,1.666111238840615
1696,56.532768,0.5756538898869481,0.1922954590927084,-6.37006294421188,1.709391305669992
1697,56.566100999999996,0.5684699779893719,0.189904600450722,-6.045059985620692,1.6849964468793441
1698,56.599433999999995,0.5372732008609391,0.17971041931517034,-6.606394219387302,1.6984981757638873
1699,56.632766999999994,0.5150636649261974,0.17399300325127665,-8.367723940809913,1.6854572290310321
1700,56.6661,0.5181433317489181,0.1832402544325194,-8.863790076671823,1.9440007355385187
1701,56.699433,0.5045919220169861,0.16107349893820375,-2.797507923083386,0.48615404366394016
1702,56.732766,0.5076661642957407,0.1597630127218187,-9.097509842240697,1.7238628149353867
1703,56.766099,0.4880625104806536,0.13647225704539503,-2.3591962582872115,0.7513028781345652
1704,56.799431999999996,0.48419839579376234,0.16405188074427374,-5.40253212968026,1.6267507167864657
1705,56.832764999999995,0.4879074838969328,0.13373716601133687,-3.2037229765500235,1.0116547433181287
1706,56.866097999999994,0.4849177792533438,0.17317379925032778,-4.814151260836836,1.4932029412497847
1707,56.899431,0.47279032635877727,0.13828802749884245,-3.238176611274387,0.5047830921291782
1708,56.932764,0.46515407900798467,0.15374576131396558,-4.253948616880852,1.225301725719745
1709,56.966097,0.4526965892100717,0.16373550380823287,-6.660240059084614,1.367863627920968
1710,56.99943,0.448404525771234,0.16818424417533373,-6.314120500815758,1.6046620665096125
1711,57.032762999999996,0.4449777510569377,0.1644944741889006,-6.104817879265557,1.2964384997686973
1712,57.066095999999995,0.42961411534915733,0.15660163781006073,-2.132023107067369,1.3195812251072008
1713,57.09942899999999,0.4310467099694136,0.16916862172889294,-4.08772414380973,1.4053800731758639
1714,57.132762,0.4291880909503662,0.1666612970474347,-8.051325258622294,1.7154615478404867
1715,57.166095,0.43684254219477986,0.16665245489830177,-6.880004931211824,1.531838103757947
1716,57.199428,0.41641436845031776,0.17111188676818198,-10.539916389344775,2.3834567368538333
1717,57.232760999999996,0.4009686353737625,0.17912688847580122,-14.970844172204385,2.975615088302571
1718,57.266093999999995,0.38457523598548843,0.17555384611322533,-14.353812129835584,3.1181499674438204
1719,57.299426999999994,0.3644195458977556,0.208386703534218,-15.832600705312394,3.7260528211965753
1720,57.33276,0.34058709598441506,0.2016178732593377,-15.187694408130179,4.112097448417703
1721,57.366093,0.33155967098880923,0.20388375829461025,-14.803874172912641,4.2657955623906325
1722,57.399426,0.3027173875658847,0.21240029462295915,-17.193196400742675,4.59223006964975
1723,57.432759,0.26491299893835685,0.21919887994426357,-17.70981454366831,4.437248352427355
1724,57.466091999999996,0.23839945401695917,0.22009821005633137,-15.799350793539828,4.626402095400229
1725,57.499424999999995,0.20099882942632988,0.22281153296279982,-15.497059318549685,4.357737887170621
1726,57.532757999999994,0.17221336443381743,0.21955397843467847,-16.10646395173126,4.089797656060849
1727,57.566091,0.15202883125640623,0.22190492712530996,-13.755637226532633,4.352648297484868
1728,57.599424,0.13427428081328022,0.20543220381563423,-14.962295811123077,4.1636390738502405
1729,57.632757,0.0904225618801181,0.21175742741979248,-13.502405038357098,4.127361437444896
1730,57.66609,0.10455303672583943,0.2118552934998298,-13.798172247926223,4.095649883502888
1731,57.699422999999996,0.0940800258516396,0.20793400577958274,-14.550651942677112,3.84050941835525
1732,57.732755999999995,0.07790490577455532,0.2087634854606556,-14.20336032296475,3.835811011661145
1733,57.766088999999994,0.07718107091087696,0.21097188296548822,-13.71073360104096,3.505268657320415
1734,57.799422,0.07698952284694977,0.20485303895947213,-13.16799430591819,3.5934668660344378
1735,57.832755,0.07437069659741152,0.210411453062753,-13.130260040279985,3.4795134285381053
1736,57.866088,0.07606084782384386,0.21234668076562618,-13.996777363873615,3.2954987129036386
1737,57.899421,0.07438419939580034,0.21167598268056045,-12.552092335914356,3.1502178263635106
1738,57.932753999999996,0.07367608879683078,0.21485853782287437,-13.709502266447226,2.7359667029465062
1739,57.966086999999995,0.0723731626575686,0.21073827704834505,-11.517217040760531,2.275379016138397
1740,57.99941999999999,0.07031501195029016,0.21539965271183648,-11.124743068723548,1.954613684627651
1741,58.032753,0.07054499191545544,0.21622328172001432,-10.703956228556532,1.710459659434461
1742,58.066086,0.07180889875960651,0.21780058221051765,-11.153992216037956,0.8729834251665317
1743,58.099419,0.07180566101404894,0.20799491169881215,-10.30613999436084,0.290840017569579
1744,58.132751999999996,0.07170046231472295,0.2112875581341898,-11.385205834247657,-0.08637633019109951
1745,58.166084999999995,0.07440334475680321,0.21060481015552487,-12.40855343091753,-0.8592592333822775
1746,58.199417999999994,0.07448188711653184,0.21093498360757343,-13.629915078608729,-1.8483283715039662
1747,58.232751,0.07460359336493001,0.21665441503850796,-14.509857052784751,-2.184060297974396
1748,58.266084,0.07721189041487496,0.219775834567341,-14.781430301369667,-2.722215921958698
1749,58.299417,0.07559298192957828,0.21360206867737241,-14.036735923852525,-2.412674487926259
1750,58.33275,0.07607247356331508,0.22149718373360305,-14.285564818182717,-2.935758389362329
1751,58.366082999999996,0.07454009823142635,0.2170837487550472,-14.29911564681776,-3.0329979474113693
1752,58.399415999999995,0.07639124608215357,0.21722245086072212,-14.668536879593045,-3.4740116258902503
1753,58.432748999999994,0.07538348932825269,0.2134547316267395,-14.540070954839411,-3.5022799442784325
1754,58.466082,0.077783914149539,0.21010473652134934,-15.033039397861133,-3.6685087016790927
1755,58.499415,0.0773629523940849,0.2113070971177269,-15.157011969993992,-3.7240785026689704
1756,58.532748,0.07662706409562335,0.21072172631946268,-14.198949153431062,-4.1657196132763366
1757,58.566081,0.07552097048488247,0.21511115064585828,-14.279335841647464,-3.7599335429248306
1758,58.599413999999996,0.07823934875121322,0.20702443039273394,-13.672382815493995,-4.067156937806278
1759,58.632746999999995,0.07515088482291928,0.199109953215446,-12.638357312630555,-4.06010428866752
1760,58.666079999999994,0.0742908703815452,0.2019708861848179,-12.512827741606404,-4.2714260527686285
1761,58.699413,0.07723868099343106,0.1953684807417328,-12.203652939140378,-4.604717562769291
1762,58.732746,0.07479253040999749,0.20394596344149374,-10.537505611388228,-4.774379576566268
1763,58.766079,0.07410819201129541,0.19343412103003452,-11.003010214243414,-5.134105714982718
1764,58.799412,0.07461860320739241,0.20339948771985256,-11.442282889617585,-5.572627384022764
1765,58.832744999999996,0.07500812017718834,0.20758144959768518,-10.61116011856025,-5.626766727191815
1766,58.866077999999995,0.07483311077720751,0.19810093074361512,-8.724665740941115,-5.895838316813825
1767,58.89941099999999,0.07367632190732172,0.20057602515265827,-7.458340586618078,-6.143685576791512
1768,58.932744,0.07328031771512376,0.20009567564968822,-7.095048482981464,-6.632319126332361
1769,58.966077,0.07404941139354725,0.20482489536210147,-7.843794835633532,-7.0095898783393515
1770,58.99941,0.07355557977264343,0.2026531954389065,-6.3420040721633395,-7.053487683338071
1771,59.032742999999996,0.07447660481314877,0.20652850020043756,-6.621142728138949,-7.230284458222776
1772,59.066075999999995,0.07430680491399905,0.21102466720088686,-6.040827092254538,-7.214242809792606
1773,59.099408999999994,0.07358700355286392,0.23224405912780424,-6.228019848450563,-7.1203326871461465
1774,59.132742,0.07252868675543839,0.2375271435134222,-7.098730179958132,-7.177147764215208
1775,59.166075,0.07219411888593256,0.22534305094793772,-4.875315914818276,-6.874609630642825
1776,59.199408,0.07417004808350727,0.22414090560424121,-5.589741574690571,-6.534856857021519
1777,59.232741,0.07340923291877849,0.22892915669643626,-6.908519537433143,-6.072847055463624
1778,59.266073999999996,0.07270981521391384,0.22981052826837428,-7.254658657628365,-5.78923797242972
1779,59.299406999999995,0.07242000002864919,0.22424941358530476,-6.85256825898011,-5.281127564124333
1780,59.332739999999994,0.07427963235657331,0.22095306638685466,-7.469938882321195,-5.296772305592752
1781,59.366073,0.07498799316241814,0.2160206360997125,-9.713123635513858,-5.3521526680681255
1782,59.399406,0.07576314035909147,0.21709967695234483,-12.136931591375845,-5.553181981315473
1783,59.432739,0.0798304141868982,0.21697438725162138,-15.446917727689213,-5.715599954654047
1784,59.466072,0.07785972406540892,0.2187849255263109,-14.944005431056988,-5.564637423150995
1785,59.499404999999996,0.07684102570786691,0.2102975670936325,-16.63042713376897,-5.912195871621918
1786,59.532737999999995,0.07547251894350196,0.20991144157372926,-17.547819165380325,-6.189576607647103
1787,59.566070999999994,0.0776046251328133,0.20827677662886096,-17.995142949730546,-6.206359171743976
1788,59.599404,0.07732766431168252,0.2049551423010527,-19.07141329207264,-6.111243875428539
1789,59.632737,0.07861982518477176,0.20689105020079518,-18.59772948569592,-5.76216412793325
1790,59.66607,0.07987545308260144,0.2064210061529006,-19.156464734089152,-5.501536506023368
1791,59.699403,0.08109943104152614,0.20138159732779823,-19.284007058625885,-4.998113053614773
1792,59.732735999999996,0.07931814248491711,0.2053234873164067,-19.784144280893404,-4.503976799191266
1793,59.766068999999995,0.0786785672801622,0.19908693851117637,-20.335354988439466,-4.515357661009
1794,59.79940199999999,0.08060056877473613,0.20583165747821644,-21.357691164885654,-3.8596965225717215
1795,59.832735,0.08092829274699197,0.20543822317148983,-21.463329089654867,-3.577918246106421
1796,59.866068,0.08139478998443433,0.1985161221897564,-21.189175061221647,-3.0575794954604936
1797,59.899401,0.08081016138277018,0.20413143523649446,-21.95609321300361,-2.798672575649528
1798,59.932733999999996,0.07837795762999794,0.2010386764323187,-22.416917609799327,-2.5911232890729057
1799,59.966066999999995,0.07687691586311386,0.2185825522413194,-21.90578262305441,-2.153344072678883
1800,59.999399999999994,0.07811885785476734,0.21818262407942846,-22.144235891188707,-1.7309428637247406
1801,60.032733,0.07776811462214064,0.207404811023867,-22.072500228694732,-1.4936113975716523
1802,60.066066,0.08002176163783171,0.2085769932897451,-22.83670917222202,-1.3463356921214469
1803,60.099399,0.08148115673473488,0.20829778884966363,-23.831358406652065,-1.7218906574855937
1804,60.132732,0.0836185917044865,0.2024087306807117,-23.526265687756055,-1.568944881897867
1805,60.166064999999996,0.08728125811594972,0.20449727894117561,-24.118950809424607,-1.6363443620339633
1806,60.199397999999995,0.0900600936349532,0.20425370652065417,-24.560570742185806,-1.4319261665435752
1807,60.232730999999994,0.08438692702774936,0.20992455096745946,-24.32301224704671,-1.601109063838228
1808,60.266064,0.08527861928794664,0.22506422901988832,-24.015472312389136,-1.431722847897003
1809,60.299397,0.08317199847474267,0.2237165539057195,-23.424949852877603,-1.3670301352284384
1810,60.33273,0.08400978874459207,0.2194247559148721,-22.272942134201205,-1.2961016777490946
1811,60.366063,0.08302940390582801,0.2149618034060164,-21.770454919701727,-1.4636867070400297
1812,60.399395999999996,0.08384836542197456,0.20830605495765875,-21.441664435102666,-1.6540043839680925
1813,60.432728999999995,0.08429874196798494,0.21178042305964742,-22.909773883632354,-1.6264169141609044
1814,60.466061999999994,0.0837930100133377,0.21754945489544683,-21.648280818445112,-1.8820856274619853
1815,60.499395,0.08436002121597792,0.2179379220640839,-22.411223009135377,-1.8880919350888608
1816,60.532728,0.08126556442988024,0.21191605572008335,-22.095365773667506,-2.3957271696848643
1817,60.566061,0.08166222904997184,0.21412512559416885,-22.61012501405964,-2.879476478815757
1818,60.599394,0.08353210113554604,0.20342211905678226,-22.14353918491873,-3.34045266679468
1819,60.632726999999996,0.08276501894344894,0.20775814676549462,-21.991322385394163,-3.7521967012049937
1820,60.666059999999995,0.08460500594669965,0.2066321051332033,-21.746892290916335,-3.5562531772101713
1821,60.69939299999999,0.08230598682578552,0.21945798524983973,-22.432504634902973,-3.599060273711286
1822,60.732726,0.0785843333742331,0.2170551346007638,-21.121843166210834,-3.3503193018479447
1823,60.766059,0.07852656330913904,0.2049056125434513,-21.10736838437879,-2.48172088560431
1824,60.799392,0.07692158261417247,0.19921934799392904,-19.75571629444514,-2.0373376099032328
1825,60.832724999999996,0.07560394408808296,0.21462351549075076,-20.72372171435326,-1.3482083839258692
1826,60.866057999999995,0.07675974528130841,0.21363691463799336,-19.440401978255384,-0.5114624443191711
1827,60.899390999999994,0.07889587858584725,0.21685648491350656,-20.24031561998684,0.17068546920925295
1828,60.932724,0.07837090422102137,0.22171454173877542,-20.264942468664344,0.025805442821987858
1829,60.966057,0.08816512169871688,0.2084813093650123,-19.942190076868112,-0.11925990909863489
1830,60.99939,0.1242162364547415,0.2124774917298723,-20.28507430806292,-0.9879895449938453
1831,61.032723,0.15440487460878782,0.21525952235807347,-20.23420523156734,-1.6826240473762129
1832,61.066055999999996,0.16413119332515544,0.21073753578334692,-21.517943744533973,-2.5027053212056596
1833,61.099388999999995,0.1727527788368799,0.2135235389693272,-18.957252341097295,-2.4667702813722925
1834,61.132721999999994,0.1704842279775801,0.2162350454677922,-19.521249816600836,-3.3583491349137433
1835,61.166055,0.15997200576316312,0.21187298820117678,-18.356918553873655,-3.162611382514589
1836,61.199388,0.1426243340381604,0.20809215716270119,-16.704623086316474,-3.6718163259808057
1837,61.232721,0.12605728509173242,0.21306010335504327,-15.990947498581795,-4.0529802195569875
1838,61.266054,0.10820755222478014,0.2170741316713679,-16.90792373013941,-3.6491767048702735
1839,61.299386999999996,0.09719348444692612,0.22540202949132593,-18.180259750397514,-4.086220843984101
1840,61.332719999999995,0.07644195334736596,0.21825047059974237,-18.04538233044497,-3.3664242782426714
1841,61.366052999999994,0.07595616522511636,0.2274308294958482,-18.625833078225888,-3.903563359988979
1842,61.399386,0.07686331694322152,0.21972450626968337,-18.662190938365292,-3.700668289941128
1843,61.432719,0.07793172992993172,0.23051690630766541,-18.708283121217256,-3.5286962785725837
1844,61.466052,0.07759545938336682,0.2300962107654779,-18.597698305356605,-3.436381535935445
1845,61.499385,0.07685280749537136,0.22797243517574395,-19.193874937552096,-3.1252385777218543
1846,61.532717999999996,0.07567851234414857,0.23238463115483632,-17.534956733464995,-3.458139069068804
1847,61.566050999999995,0.07716609417356565,0.2194144674250637,-17.859501387625716,-2.981866686530135
1848,61.59938399999999,0.07627724827671455,0.2235132764170692,-16.63146033942509,-3.1619829338119625
1849,61.632717,0.0770028764846392,0.21979216296210907,-16.60047750705985,-3.252614788431562
1850,61.66605,0.07741187947714556,0.2209467502427013,-16.354046556258073,-2.7127762948396943
1851,61.699383,0.07662814692959997,0.2235254471060671,-17.08965802477207,-2.573501097211645
1852,61.732715999999996,0.07646451611267015,0.22873619167242848,-16.42082573763456,-2.55343438070559
1853,61.766048999999995,0.07469087216360207,0.22633154494932095,-16.601600492910666,-2.365378909436556
1854,61.799381999999994,0.0761600360422878,0.229220204527756,-16.41014692648208,-2.1802797332820427
1855,61.832715,0.07471539208998311,0.22788907146097537,-16.78495319736955,-2.005661680826693
1856,61.866048,0.07569411520030409,0.21641064453387582,-14.978848042221465,-0.6616755380203687
1857,61.899381,0.07372237554093874,0.21908308231539103,-13.417082290451333,0.07314875332501812
1858,61.932714,0.07416972707350013,0.21210733647457924,-12.869993356130053,0.781579815456806
1859,61.966046999999996,0.07527717023003218,0.20940347461568615,-13.998309713894914,0.7509764555157079
1860,61.999379999999995,0.07507158775840188,0.2407455790868757,-18.363439720778793,0.3270933412952745
1861,62.032712999999994,0.07401501641593398,0.2400088948171622,-21.224065067567015,-0.2609460295048318
1862,62.066046,0.07506529816878608,0.23562325569959341,-21.496755971943,-1.187246517197136
1863,62.099379,0.07542879989210363,0.22881369354544234,-20.864172439993457,-1.440125858596218
1864,62.132712,0.07459604873544469,0.23263780521471425,-19.804175219989204,-1.4657531241068131
1865,62.166045,0.07271270479441252,0.23276175014628908,-16.994188982117194,-0.6598163994487164
1866,62.199377999999996,0.07108511957782163,0.20871102788921225,-12.25836826360882,0.5479344159401209
1867,62.232710999999995,0.07273894492242376,0.23069143544707613,-11.396437578289918,1.8257597311016214
1868,62.266043999999994,0.07160905993883569,0.2218771047407953,-12.210792891274352,2.2058962028608544
1869,62.299377,0.07195718078238034,0.21123254493412086,-13.217610163730814,2.707976007928264
1870,62.33271,0.0732560806324097,0.21405787687578903,-16.46333253887235,2.152348491647657
1871,62.366043,0.08484071700804173,0.24265841284817155,-16.384757259170133,1.9432005664846668
1872,62.399376,0.1193189841832312,0.2313418453467178,-14.861979883714397,1.753116497782036
1873,62.432708999999996,0.150071786691237,0.20527436603330362,-15.060946232919944,1.5940608956435325
1874,62.466041999999995,0.1657839453557116,0.19696536476882784,-14.55640683889632,1.542452034210383
1875,62.49937499999999,0.16722788933512994,0.14454996617583998,-11.28963093270615,2.346397240297437
1876,62.532708,0.1774296624502242,0.14976232331871733,-11.08199514127106,2.324562733861175
1877,62.566041,0.17022826172165503,0.18082896678605137,-13.50679831514716,2.0775744610583726
1878,62.599374,0.17239050792377228,0.2106426889716982,-15.316760216919375,2.250654130600981
1879,62.632706999999996,0.16445797208618046,0.20465579853262336,-15.423661070745084,2.308173440281647
1880,62.666039999999995,0.15696744337471313,0.2195560217735429,-15.018510341919459,1.9984067892933663
1881,62.699372999999994,0.1514010094047008,0.22163005376692796,-15.075762133161708,1.9616993041550193
1882,62.732706,0.13160856154188927,0.2145775407890338,-14.204575038305377,1.3113327691263557
1883,62.766039,0.12924042655253182,0.2106700918156824,-14.529035144502506,1.586905767014434
1884,62.799372,0.12118830657218506,0.21381716143553087,-14.36092810476319,1.310266631852676
1885,62.832705,0.12437351587341443,0.20821412506959253,-15.159723056473808,1.1245120210933446
1886,62.866037999999996,0.12365382927470772,0.21015062613753915,-15.039682434458483,1.5358000980642035
1887,62.899370999999995,0.1255308644949419,0.2200059287079421,-15.729317430453323,1.5366692568101112
1888,62.932703999999994,0.12085453924932703,0.22104390511245312,-14.830589077165623,1.8195595604795605
1889,62.966037,0.11547688671871466,0.22431513125919886,-14.117727879534801,1.5554258045824156
1890,62.99937,0.10803309261678493,0.23304068338588418,-14.257461898801932,1.5179866596435936
1891,63.032703,0.10655415924510492,0.2231633648341929,-14.20261765495863,1.3839214524442767
1892,63.066036,0.10397174754234075,0.23164367734424515,-13.42612380042836,0.9701040538939896
1893,63.099368999999996,0.1102855300526191,0.21855029992350988,-14.939254364551639,1.1907279212846669
1894,63.132701999999995,0.12620846717605536,0.22755029089299111,-14.962597668120878,0.8915559815706794
1895,63.166034999999994,0.12406891641027307,0.22782824684246467,-15.088005118674726,1.0356003719422053
1896,63.199368,0.12281119377992596,0.21484324505224411,-14.73845591889634,1.237373351777553
1897,63.232701,0.1328400659421151,0.21933548741899647,-14.405556042011485,1.2313698055095619
1898,63.266034,0.13581430326033744,0.21694827489238888,-14.771190332603053,1.2797347331921973
1899,63.299367,0.13458961987147317,0.2229190053280345,-15.693589048377904,1.0791188038252697
1900,63.332699999999996,0.11906127260663517,0.22202138636282742,-15.970175964556804,0.9082560360836526
1901,63.366032999999995,0.07679383272455242,0.22978764091326936,-15.506778287584089,1.2206643044970509
1902,63.39936599999999,0.07523216564133602,0.218588890280795,-13.88605607409723,1.223826971170386
1903,63.432699,0.07785760789923754,0.215908505664695,-13.387013949219133,0.998568840299575
1904,63.466032,0.09917810202458449,0.21493354933911418,-12.54622882403572,0.5003339455995319
1905,63.499365,0.1088506052433744,0.2227724017229657,-11.934504036341789,0.8613634415000894
1906,63.532697999999996,0.10539937794501777,0.21614024595931403,-10.676942424047702,0.7581190214047357
1907,63.566030999999995,0.1107912200518395,0.21509372999822068,-10.78504268938265,0.7550255081033722
1908,63.599363999999994,0.11879064786684469,0.21182252959568793,-10.113034885146515,1.0467800107815468
1909,63.632697,0.1334419515633732,0.20516060453746993,-9.10950089123597,1.4821764702996323
1910,63.66603,0.14651630779771807,0.20572448433470208,-8.993100031567346,1.263604513948426
1911,63.699363,0.15623213672287817,0.20665231735885417,-6.959191557288972,1.8243589620447491
1912,63.732696,0.16057146158428615,0.21444757058397945,-8.070443524132742,1.8111462849749893
1913,63.766028999999996,0.1629222280818279,0.20162000916016015,-7.663341554863297,1.7488850917685326
1914,63.799361999999995,0.16688149545274614,0.20723405822944732,-6.583944308593112,1.8457404746814552
1915,63.832694999999994,0.16932146139994164,0.19933760115770463,-6.977033242006024,1.6392602344522595
1916,63.866028,0.16575888881370768,0.20240551703696014,-6.692444510873049,1.8084159022133375
1917,63.899361,0.17289318633596398,0.20218969140758822,-5.84510694253593,1.795227656276462
1918,63.932694,0.16809981279512667,0.2088524504605424,-5.9308357196133255,1.7315525904706128
1919,63.966027,0.1751779308905626,0.215575578855239,-5.553508860674939,1.787643247933228
1920,63.999359999999996,0.1822208914129271,0.20667814238861154,-6.024769269057761,1.7111198523829056
1921,64.032693,0.1918988869232065,0.20451931685358174,-5.989941327691022,1.8674908756924036
1922,64.066026,0.19322745115335554,0.20159488452453772,-6.32002196852659,1.867740503316294
1923,64.09935899999999,0.1914600992360327,0.20074546177287017,-6.791830734207537,2.0647362251692942
1924,64.13269199999999,0.18962186269683814,0.19455972834102103,-4.923736211484813,1.9959549811579818
1925,64.16602499999999,0.1903422575670793,0.20046101847031772,-6.9117129697282715,2.222136355119049
1926,64.199358,0.1868527272575752,0.20437714952230235,-4.944857728393725,2.026261924198415
1927,64.232691,0.18429852675411124,0.19366082714693572,-6.29487836921472,2.128054923042148
1928,64.266024,0.1888127890581876,0.19903798448764567,-5.704413792336331,2.053679196919541
1929,64.299357,0.18789701714150894,0.18098212371827876,-6.264395489691758,1.9833865420474623
1930,64.33269,0.1902134908738183,0.1857299595941026,-5.290137962972005,1.8674421361190492
1931,64.366023,0.19106709354413848,0.18349219602124814,-6.652415994442316,1.9495984222804041
1932,64.399356,0.19011186938483138,0.19232139507318996,-5.8577630421694415,1.6963602534418567
1933,64.432689,0.18943867962005628,0.18946096470219564,-6.452675509369043,1.5444265707565827
1934,64.466022,0.18960656526199857,0.19870896613872846,-6.388313062600052,1.648233117436316
1935,64.499355,0.19002105914581108,0.20214624002161652,-5.971330844259539,1.5701388539826486
1936,64.532688,0.1929857753136141,0.2065826597741886,-6.942802946703313,1.3607877075405659
1937,64.56602099999999,0.18764162097430123,0.2054486407957526,-7.026765466132438,1.3303206106880159
1938,64.59935399999999,0.19484962236184192,0.2096109955675139,-7.307828002591439,1.1003765447301075
1939,64.63268699999999,0.19655131104865337,0.20492703641146964,-8.061755988168898,0.9412291639340515
1940,64.66602,0.20272254242058485,0.20708845101871703,-8.201929496128034,1.111687720976716
1941,64.699353,0.20277332245735233,0.1981437159447359,-7.920380328404481,0.7928056924559533
1942,64.732686,0.20328784671656017,0.19868571587844408,-7.869983448846238,1.129500366446477
1943,64.766019,0.20046648248403023,0.20000894423115453,-7.587859302183817,1.232752002334682
1944,64.799352,0.20558474179063402,0.20765597384404538,-8.66905729824072,0.8450185844547499
1945,64.832685,0.20663869655573736,0.20046781086799265,-8.20695548959286,0.8542894177989345
1946,64.866018,0.20838917083967895,0.20298012954259087,-8.733462659160889,1.035949083848461
1947,64.899351,0.20386611171440575,0.20667683503009915,-8.237635512540388,0.8960427024590635
1948,64.932684,0.2033543843287067,0.19805586450279128,-8.179555317203661,0.8163280770750891
1949,64.966017,0.20260382306556027,0.19161802276709244,-7.67385673533,0.8560849393056598
1950,64.99934999999999,0.20020482876995846,0.19616714768786409,-7.431174587464983,0.6052857697311242
1951,65.03268299999999,0.2061481088075899,0.20293980517526156,-7.781854008910788,0.8105645206677785
1952,65.06601599999999,0.20405787492315722,0.19719195048849886,-7.616083082877,0.7558183182981321
1953,65.099349,0.20060995771995058,0.19096835642988855,-7.158236315955959,0.7031207517742849
1954,65.132682,0.19991017384597157,0.19663702307703954,-7.778231719573235,0.7285281450891397
1955,65.166015,0.19867817131735832,0.20076892534635407,-7.8104386238807315,0.30458343765803364
1956,65.199348,0.1926013389043633,0.197488475846067,-8.645843958726187,0.906769936421745
1957,65.232681,0.19915236668007347,0.18892065242087336,-7.553091918940834,0.46186905098069814
1958,65.266014,0.1966670372451302,0.20895159265120547,-8.847685961053196,0.6258426903311115
1959,65.299347,0.1981600723519814,0.1911169992013752,-7.5154939240479175,0.4876069917547218
1960,65.33268,0.19897656513477574,0.20824812291845451,-8.569998488590546,0.40166687656504696
1961,65.366013,0.19871582383871908,0.20819916172655664,-8.316108929401723,0.21981634331212904
1962,65.399346,0.19610703322780382,0.19581520844845923,-8.662551114049549,1.0660312517510542
1963,65.432679,0.2005097114911636,0.20019149063594452,-7.5204963215328196,0.21816063713381115
1964,65.46601199999999,0.19636266910393171,0.20181861884247837,-9.184241958061133,0.8048857137429444
1965,65.49934499999999,0.20220325318581303,0.20049568811850985,-8.118322890549257,0.33588353370857243
1966,65.53267799999999,0.1929337418128709,0.20252393712161534,-8.43578184758603,0.7479569299356144
1967,65.566011,0.19820668275315823,0.21132651911404834,-7.287404889241873,0.1719548739276108
1968,65.599344,0.1926925975073226,0.20107937344145588,-8.761451228774371,0.6220952718891802
1969,65.632677,0.1958757896463369,0.2032616795809647,-7.516781208549927,0.6661442100630994
1970,65.66601,0.19748392684496444,0.2088199645176564,-8.263398290993278,0.701134054170078
1971,65.699343,0.19616255645953723,0.20496414488439935,-7.28486202284668,0.14275623578550514
1972,65.732676,0.19617580628266879,0.204331709094289,-9.098457938660056,0.9136395570883191
1973,65.766009,0.2032908161839267,0.19155590319219645,-6.5276878382143915,0.6083482334193676
1974,65.799342,0.212787243447996,0.20439811993603563,-8.334593853477564,0.9287505640953023
1975,65.832675,0.21392487730274254,0.1923898181333391,-7.758138669289468,1.0129162065460413
1976,65.866008,0.21768269960267805,0.19608761847263245,-8.515928609799928,1.0734582063529603
1977,65.89934099999999,0.22498207681786514,0.1915333534717893,-7.896754859993444,1.090110091726801
1978,65.93267399999999,0.22266039278582087,0.20195965688849832,-7.6976992414073475,1.4111272505318655
1979,65.96600699999999,0.23091739034765266,0.19701363096113972,-7.984747445804396,1.2789417633891735
1980,65.99934,0.24282103810132435,0.19791964167582948,-7.638839155391828,0.9479184147441834
1981,66.032673,0.24224070220953048,0.19363881664526322,-8.569799364456742,1.0844001023644108
1982,66.066006,0.24510994872279523,0.2058146841569921,-8.60946194596023,0.823155235654314
1983,66.099339,0.24556340440463992,0.1979770646159938,-8.375437588447689,1.2705901294732456
1984,66.132672,0.25182685618561235,0.20663903751641025,-8.579354550465311,1.519917354555036
1985,66.166005,0.24824989127825464,0.20459299636092498,-8.14459539448848,1.674191083485009
1986,66.199338,0.24496109415244513,0.20128776015990882,-9.014938345124683,1.8021335359563333
1987,66.232671,0.24623697826899316,0.20534278356194569,-9.24881155853004,1.8156994086019322
1988,66.266004,0.24249949171024812,0.19750894601113148,-8.36915193571453,1.4483699283724756
1989,66.299337,0.23243592748935119,0.19459877471319215,-8.848473077506151,1.3573915352209447
1990,66.33267,0.23647353915404545,0.20415943884373067,-7.594293926065571,1.221255935276587
1991,66.36600299999999,0.23518954140874432,0.20104904542138688,-7.80036692978426,1.0432873748421914
1992,66.39933599999999,0.23162921723261504,0.19855772746180503,-7.010697597248801,1.3553852203890027
1993,66.43266899999999,0.22548347427163176,0.20938664406842938,-6.926485512045018,0.9239457354810529
1994,66.466002,0.22420501228675216,0.21257986769220605,-7.147262509369601,0.6443401662554592
1995,66.499335,0.22090306846502578,0.1990833066906727,-7.923219729396927,0.33829526185519887
1996,66.532668,0.21725655496604268,0.19725533962803035,-7.67453808560774,0.19739664423874176
1997,66.566001,0.21219787122658193,0.1843241298072263,-8.946731656511096,0.25771992769397384
1998,66.599334,0.21138735691929358,0.177961007132845,-8.119489780355437,0.4265612183345823
1999,66.632667,0.2109859010667262,0.17727472773534286,-7.934155759647595,0.15204875207775528
2000,66.666,0.2061959320796772,0.16814619180862528,-7.084838420965061,-0.1577776061161107
2001,66.699333,0.20639551998982336,0.15724506668846078,-7.886981081595286,0.02379139398020224
2002,66.732666,0.20831475748510994,0.16433804553274872,-6.40735912210055,0.10022601342337532
2003,66.765999,0.20434428059391152,0.18634622750174898,-7.183328660188807,0.32058441664301224
2004,66.79933199999999,0.2039533358273928,0.20022126593641365,-6.793603366543744,0.3663761487862839
2005,66.83266499999999,0.1894988843502706,0.20149304740976465,-5.840375536501082,0.4626070208010931
2006,66.86599799999999,0.18832179177077912,0.19775264627254263,-7.0201699942148,0.4932565595315629
2007,66.899331,0.18697387244051805,0.2120608448176125,-7.018231111841818,0.7570216285712983
2008,66.932664,0.18162711993439945,0.2057094316587692,-6.637516990049024,0.7403767087535428
2009,66.965997,0.1915642325282324,0.22118262318240434,-6.579670653588008,0.7420977468370393
2010,66.99933,0.1919425940064445,0.20989286021707226,-6.797040824414745,0.44806517852725114
2011,67.032663,0.20402025949116429,0.19784215039930966,-5.6705896860851075,0.4230249253326688
2012,67.065996,0.20254793480618805,0.1966398247202988,-4.994235763142397,0.3607920871424321
2013,67.099329,0.20391125834735624,0.2092919193586651,-5.486954848452479,0.5702414458842029
2014,67.132662,0.21009441239432047,0.19755657111803038,-7.034951712463822,0.24765788185900514
2015,67.165995,0.20994023536410705,0.20721270104080658,-7.637881191145119,0.4334971376940754
2016,67.199328,0.20956920823948474,0.19538961196202878,-8.105166650043536,0.5693707399156472
2017,67.232661,0.2097252660203035,0.21239196197023724,-7.626248216408506,0.4083003685076931
2018,67.26599399999999,0.208263586572066,0.20773985122268945,-8.059894343939838,0.36327753315327155
2019,67.29932699999999,0.20901538543554185,0.20917246565494763,-7.924910795591897,0.3881730655512512
2020,67.33265999999999,0.21141682330548356,0.19913757334155008,-8.245064764408994,0.519557031948901
2021,67.365993,0.21183238616254998,0.20631027975654598,-8.367833206886816,0.5448878592567405
2022,67.399326,0.2070197932790771,0.19729319694018674,-8.58583692236115,0.4618649641957124
2023,67.432659,0.20353596512735966,0.2030676355943835,-8.082400726130293,0.4318347795194754
2024,67.465992,0.20318220827716596,0.2086011316980485,-8.469452301999324,0.426978927849886
2025,67.499325,0.20016751701178218,0.21232778201749322,-8.299846061894781,0.5371117312155886
2026,67.532658,0.19479441669639805,0.21104555103773498,-8.123667565530525,0.40681424197607646
2027,67.565991,0.19821634148023096,0.19958124207960537,-7.360710626666843,0.6414401551433404
2028,67.599324,0.1958216968505342,0.21189711147559592,-8.165793571824427,0.5627897899374396
2029,67.632657,0.19302871867243696,0.1974280635145262,-8.990324221528333,0.7291506304031049
2030,67.66599,0.19248975748474365,0.20845058633471014,-9.503308032661636,0.6118122917417722
2031,67.69932299999999,0.19047708387433407,0.2014349780817553,-8.460133549701126,0.7514686575712366
2032,67.73265599999999,0.19059882583032528,0.21000774602868588,-9.826929695159494,0.4521743417531532
2033,67.76598899999999,0.188666072608372,0.20276580579141373,-9.823363937127843,0.5973598510152736
2034,67.799322,0.1849829367249123,0.21401384565192483,-9.302737340464322,0.5577030494269153
2035,67.832655,0.19336473874342985,0.21359094430080855,-9.222169275594343,0.5499483974915813
2036,67.865988,0.18803893481812622,0.20982852005310665,-9.140682122263422,0.357091803926051
2037,67.899321,0.1921443275577529,0.21228168115713597,-8.122992608036993,0.35898195525009585
2038,67.932654,0.1925291791511156,0.2207202053779972,-8.39504112370886,0.30374311255190956
2039,67.965987,0.19192232819727778,0.2159279391044891,-7.771551488776727,0.2784054949384921
2040,67.99932,0.1901081977256504,0.20852639380525795,-7.2819841448697495,0.23667699849203402
2041,68.032653,0.1919542628848349,0.20661462179234663,-8.263323251329796,-0.0006845199093433931
2042,68.065986,0.18775315151380073,0.20227792267429817,-8.289385000616695,0.2491353760744781
2043,68.099319,0.1863474104846868,0.21188462782938722,-8.446044725444565,0.027606952249509924
2044,68.132652,0.18285837262023646,0.20691645155963356,-8.328823000400789,0.13880880232149262
2045,68.16598499999999,0.18188310678773198,0.2007179612164373,-8.736401948441348,0.3527999692593585
2046,68.19931799999999,0.18205039037035423,0.2016497624410935,-9.422994249250587,0.08149833712718281
2047,68.23265099999999,0.18576587513652884,0.1949517664549178,-7.570324596108685,0.2783253224912036
2048,68.265984,0.18129475386276175,0.20675257023481783,-8.465055774823659,0.3134503327753318
2049,68.299317,0.19108275820140871,0.19557247937269556,-8.634343812816269,0.6421620358095614
2050,68.33265,0.18558323840319438,0.1922890877387331,-9.251073208532196,0.47144865024860333
2051,68.365983,0.18485407225454908,0.191716145050921,-9.738387959764212,0.7217670515518346
2052,68.399316,0.18247929915353833,0.19330920382605832,-9.698795027910533,0.9514924571777735
2053,68.432649,0.18050096145949776,0.18913809102866663,-10.482440140008434,0.9895601619690332
2054,68.465982,0.1822364831898752,0.1937566933716076,-10.230060147004405,1.1087576303832307
2055,68.499315,0.18203567464454629,0.17984587485740008,-10.797701815206837,1.2852966005401443
2056,68.532648,0.183053925087468,0.18836648731235384,-10.963090761065555,1.4655647922119488
2057,68.565981,0.18508630904843112,0.18728697176350578,-11.028202713763894,1.5206674970987044
2058,68.59931399999999,0.1808929406340395,0.1896376819737926,-10.714990010432352,1.7934430699995312
2059,68.63264699999999,0.18433659884729495,0.19489851838530703,-10.328686807420233,1.7036535265609567
2060,68.66597999999999,0.18080494427835359,0.19576268099443306,-10.204888535049928,1.80201318822717
2061,68.69931299999999,0.18087771492720037,0.19341066909781868,-10.868253554410062,1.7290422470989772
2062,68.732646,0.18185488500307193,0.19689451778503878,-10.967687383419632,1.5503770435584223
2063,68.765979,0.1802229201446583,0.19758699252360787,-10.509636787866707,1.4460862000678902
2064,68.799312,0.18094911050379633,0.19901569710143438,-10.713916540111224,1.3898072466494729
2065,68.832645,0.1829141728060937,0.20148317508718905,-10.08123240757394,1.3602098066449697
2066,68.865978,0.18349828308066604,0.1983732285054055,-10.837876497713742,1.1565861507380797
2067,68.899311,0.1792658945684705,0.19725007061102356,-10.882075591779449,1.2869725964721812
2068,68.932644,0.17890665635477285,0.19926735458767264,-11.66304319477914,1.2406814693399555
2069,68.965977,0.181354041872868,0.1973054761188242,-10.61045597302108,1.4191070270434738
2070,68.99931,0.17969688177057977,0.191280281576797,-11.266679713507811,1.3871731862794918
2071,69.032643,0.18016765811624563,0.18981274312144453,-11.475240307716344,1.596043596938332
2072,69.06597599999999,0.17795035750790109,0.19657717183535411,-10.588934244840047,1.5979377223104927
2073,69.09930899999999,0.18020085871291128,0.19040289640186073,-11.126512716527879,1.3430049465894687
2074,69.13264199999999,0.18284698493060034,0.20256245024906333,-11.044582509514564,1.4785628798316615
2075,69.165975,0.18435865949444005,0.19791870432026548,-10.67394850803316,1.246924606111339
2076,69.199308,0.19099216508570827,0.19432892378322342,-11.005544398311942,1.215514316036005
2077,69.232641,0.18629964340870867,0.20491989352387704,-10.988253844821381,0.9981212422374071
2078,69.265974,0.1838336883348681,0.20572916554364895,-11.79143818039865,1.1201862433356717
2079,69.299307,0.1837715174020616,0.19936864530821263,-10.798435180958203,0.907618107977188
2080,69.33264,0.1830570151726213,0.2045877155350569,-9.682401358519462,0.8932428370165819
2081,69.365973,0.18220387247876796,0.20716836801158706,-10.454026396269617,0.7654128397500117
2082,69.399306,0.18910324948052548,0.20774498261944652,-9.729280964985145,1.067705646016537
2083,69.432639,0.17906881907117062,0.20254188477909302,-10.179384167250056,1.0407245041415425
2084,69.465972,0.1786352982580088,0.21182245607180292,-9.066618253342412,1.2722695928758043
2085,69.49930499999999,0.1805292189229445,0.20968371520889412,-9.605255984609581,1.2729751174544024
2086,69.53263799999999,0.1748218663878792,0.21349664266164778,-9.683441770201869,1.1544439974739888
2087,69.56597099999999,0.16949303151507952,0.20596729644902984,-10.142036774743426,1.3314370375173086
2088,69.59930399999999,0.15642147114923383,0.22244632099080883,-9.386657244671339,1.3840193995945163
2089,69.632637,0.15745388474401306,0.20309697124295756,-8.664178232918596,1.5593246883507668
2090,69.66597,0.15476477812273864,0.1989367181929454,-10.826094820313594,1.1994575114079513
2091,69.699303,0.1589393249053311,0.20480956305822118,-10.974689237169027,1.406776018814224
2092,69.732636,0.16004569543386804,0.2116416708344503,-10.98374062947454,0.9299420450438094
2093,69.765969,0.16575060431239227,0.20616397420277457,-11.32233585138714,1.4320281005102804
2094,69.799302,0.17146399621410727,0.19107641122326074,-10.073645486469704,1.5934172465315517
2095,69.832635,0.17330626304317223,0.18168670660498704,-9.704663524052515,0.9658527935007895
2096,69.865968,0.17548208086869896,0.17310983791191892,-8.817502739020858,0.9831294545488797
2097,69.899301,0.1722320283878882,0.16835761631568308,-8.979713812771541,1.2467639061139257
2098,69.932634,0.18486836710285454,0.15715861365306272,-8.410632941966078,0.6654956062015301
2099,69.96596699999999,0.19973787318999603,0.1741660640825424,-10.769872504575059,0.7966177192500494
2100,69.99929999999999,0.23718865329432554,0.18432898441828802,-11.631772621955626,1.101019403711596
2101,70.03263299999999,0.2619547591043934,0.17854311146858598,-12.31680663655086,1.3939814500661907
2102,70.065966,0.22169815007247504,0.18826720809156614,-11.308254146710045,1.1451434441227821
2103,70.099299,0.1969589560885589,0.1864614344668548,-10.716186845175868,1.3894153653094057
2104,70.132632,0.18742089161243344,0.18944558233519132,-9.693820747076558,1.0125908299724766
2105,70.165965,0.1793472233345916,0.18541718291996903,-9.666194570856476,1.2110025882643536
2106,70.199298,0.16653924354526192,0.18897529734042134,-10.01813254075245,1.38696261256635
2107,70.232631,0.1622008994217708,0.19946788987219874,-10.037776641694826,1.1277357340732488
2108,70.265964,0.14934470657796783,0.1974731202063234,-10.961076736090146,1.0801332127075098
2109,70.299297,0.14882507005200904,0.20121277020990663,-11.472370860329724,0.943722011534328
2110,70.33263,0.15321352821060277,0.2005151037699563,-11.159164355369102,1.001470316006331
2111,70.365963,0.17009765957596695,0.20032978926169898,-11.577884142062267,1.0361518739148832
2112,70.39929599999999,0.20560756560550353,0.20769353021489634,-11.183655284283397,0.9758672448574908
2113,70.43262899999999,0.20452881771791775,0.21254556536546002,-11.662078771730522,1.0983994591541277
2114,70.46596199999999,0.1750559566238675,0.20771067860176567,-11.249597451857912,0.9532509335554524
2115,70.49929499999999,0.14830724655272812,0.20554346430547416,-11.88649966706162,0.6961047547882622
2116,70.532628,0.14322368130675317,0.20473146720897673,-10.428553648226714,0.4340590942966109
2117,70.565961,0.14204958018750785,0.20949815012553133,-10.347049344012365,0.6206268225465111
2118,70.599294,0.16004609678318335,0.21520030076893426,-11.221797167517758,0.637080528356955
2119,70.632627,0.1772512640206916,0.22072868100483847,-9.834957620180464,0.7081630889866111
2120,70.66596,0.1976852576408761,0.21304754337233878,-11.138771323263038,0.6853114018757479
2121,70.699293,0.21195793575785934,0.20862360690736595,-10.841790573318464,0.7143348725186497
2122,70.732626,0.20925479712440032,0.20875768412349766,-10.662065416786925,0.6789549541457371
2123,70.765959,0.2083980683258904,0.20933941074845064,-10.960441112588219,0.8132198358514147
2124,70.799292,0.20259536125347513,0.21017776724301662,-10.855773817991267,0.7698277635344988
2125,70.832625,0.20187911216341214,0.20436429791708483,-10.920126385592793,0.8422826848567857
2126,70.86595799999999,0.19346710623232702,0.21184068218121904,-9.784771988715441,0.758415775937823
2127,70.89929099999999,0.19239778234893493,0.2104875660321853,-8.620371738042982,0.47809726021445886
2128,70.93262399999999,0.186631541775706,0.21368011692074512,-9.204741266634983,0.41271218526698566
2129,70.965957,0.18717365603322716,0.21916174128945437,-8.6464470239262,0.44260467288729743
2130,70.99929,0.1963759780883592,0.22356233827593808,-9.799944787811832,0.2506174516871566
2131,71.032623,0.19498039220456612,0.2159840204283357,-9.624238448915062,0.395626809640024
2132,71.065956,0.2178457407968873,0.2235355444336441,-8.10469153773839,0.5939966983067357
2133,71.099289,0.2566547326085002,0.21591311935008406,-9.239362358476054,0.4436505899694187
2134,71.132622,0.2515121913305816,0.21884790617506006,-9.67955881607573,0.3343817981838831
2135,71.165955,0.2494897045741573,0.22414101571619108,-9.909725286552426,0.2363971223185477
2136,71.199288,0.23749182601371305,0.22656859340743662,-10.54356905033916,-0.01483235080471929
2137,71.232621,0.2144974820573079,0.22557484996960195,-9.45184863504283,-0.021791590330866153
2138,71.265954,0.18231201950254516,0.22651647730344515,-7.7864039733910255,0.039633525908772615
2139,71.29928699999999,0.1573332679304743,0.2324211560570295,-8.999637895062511,0.20532510885563632
2140,71.33261999999999,0.12689691852622118,0.23227713337402878,-10.244178975091117,0.4884849951010803
2141,71.36595299999999,0.13176289160406793,0.2354318097496167,-9.82370446435436,0.690503241112605
2142,71.39928599999999,0.1418464130822203,0.22743480196403038,-9.981255922692126,0.8150343679985436
2143,71.432619,0.14446256440411642,0.22507113002399054,-9.46141848493367,0.7730850146408929
2144,71.465952,0.13305011213334775,0.22160557930422242,-9.547788583108957,0.6284720209389456
2145,71.499285,0.13914603285091517,0.2137563160791443,-9.082162951273434,0.5856458982564773
2146,71.532618,0.15272197354655523,0.21772210405102974,-8.565697554367718,0.23173881458308954
2147,71.565951,0.1582601750995458,0.2289036746152268,-7.9268276555663135,-0.04045798854915194
2148,71.599284,0.16916765537371256,0.22097120473054024,-7.218407901082083,-0.03021418997037421
2149,71.632617,0.17617356031516912,0.2181476849896762,-7.985869116674786,0.18310080143302263
2150,71.66595,0.17687486606098074,0.22174062556667745,-7.914150048682119,0.0643350217602213
2151,71.699283,0.17772570009353214,0.22508431815763202,-8.207315919329297,0.22883525702096713
2152,71.732616,0.1848805376665059,0.22112798043510296,-8.994250199499634,0.31630697646212397
2153,71.76594899999999,0.18146896000038848,0.22462474280658665,-8.840353143213845,0.21176768088392683
2154,71.79928199999999,0.1540084137061759,0.22521076030876966,-10.938554165771627,0.2180950092320127
2155,71.83261499999999,0.1346127706581894,0.22786511327111855,-10.030634074294571,-0.005985072193284631
2156,71.865948,0.1404820589555036,0.23303197633674816,-9.523344728326544,0.37907464355936865
2157,71.899281,0.1596803562500439,0.23484225085066907,-9.358744213134832,0.22024744242205838
2158,71.932614,0.18291164369478738,0.23495935914306249,-9.86435617312057,0.3740705551562016
2159,71.965947,0.22934219969601588,0.22943362812007484,-9.19806028156873,0.28137561897606117
2160,71.99928,0.2534448406016036,0.21985669111014391,-8.321745936340887,0.022036695271719264
2161,72.032613,0.24267369119596918,0.2171865496521903,-8.352178625419619,0.23034565589042008
2162,72.065946,0.23102497369744396,0.21795059835795888,-7.984736946492534,-0.042932568861714794
2163,72.099279,0.20306113457377606,0.22975062522625478,-9.262505758808206,-0.09342317690299198
2164,72.132612,0.1716632052497675,0.22982380689592252,-9.636783780825386,6.113877790212512e-05
2165,72.165945,0.14783847390335508,0.22950028054749255,-7.8958717630295885,0.09426830067414531
2166,72.19927799999999,0.13838531151637898,0.21582615859996823,-7.519305566108483,-0.38641324364423474
2167,72.23261099999999,0.13914236639123595,0.22413365277594743,-8.622406756208761,0.4345723334515554
2168,72.26594399999999,0.15852454307175534,0.23483120162511495,-7.584536677079937,0.3186921055437077
2169,72.29927699999999,0.17612660585872666,0.23119490925563535,-6.938092297419269,0.2028632106603007
2170,72.33261,0.1927219168809291,0.23602307125771801,-5.461173202963026,0.3179057225691689
2171,72.365943,0.1979790187727281,0.23348437795554744,-7.065161135920271,0.4804945426948494
2172,72.399276,0.21153502488784406,0.2258809210328574,-7.0645097667193095,0.9558210572404582
2173,72.432609,0.2011228855491877,0.2314111582238923,-6.468875286769818,0.9702776411486371
2174,72.465942,0.19957183758415384,0.22924250236537352,-6.515172171954451,0.8112396274683052
2175,72.499275,0.19034055746497666,0.22368303563911116,-8.458541791735998,0.9295166228376336
2176,72.532608,0.18043926693739162,0.22635199629060349,-6.230452110208024,0.9153971191558353
2177,72.565941,0.16179264146816866,0.22828206732463158,-7.301821052975475,0.7709653986585782
2178,72.599274,0.15112285533990255,0.22967191700674405,-7.999921883953553,0.7593737463051501
2179,72.632607,0.14818598551689227,0.23239595439808128,-8.411806119871633,0.7107642910495503
2180,72.66593999999999,0.1518411380066072,0.23768453927854072,-8.587044031947075,0.5931357961871114
2181,72.69927299999999,0.1566264400676508,0.23915522532222472,-8.928504192504757,0.6366689380668579
2182,72.73260599999999,0.16757526123938007,0.2284734794327223,-8.599666357532355,0.7417966621657168
2183,72.765939,0.17446167415080843,0.23332701799891786,-8.711549412756499,1.0293600349482082
2184,72.799272,0.17848198713610597,0.23037789102791267,-7.757632063432414,0.9637071881826837
2185,72.832605,0.18640586657429425,0.23411651451591242,-9.60993186224783,1.5331817912641628
2186,72.865938,0.1891091080865706,0.22101696362690892,-8.359216920031754,1.619068410046094
2187,72.899271,0.1893120789469505,0.2407510248997233,-8.62566332976702,1.419950993549613
2188,72.932604,0.19479469328034132,0.2358410414205051,-9.54085322818927,1.7316754392074056
2189,72.965937,0.19523257965754465,0.22664938542452528,-9.393062948958404,1.8120918840679254
2190,72.99927,0.19702075209455067,0.2348887981890425,-9.238812669448796,1.6706365336259108
2191,73.032603,0.19684127691124872,0.2358723200177105,-10.039690116724888,1.882395596132616
2192,73.065936,0.19914312409881946,0.23881497363668336,-9.326007310177626,1.6944331082393977
2193,73.09926899999999,0.19754737390741894,0.24414598399888415,-9.108257702812434,1.711504771041877
2194,73.13260199999999,0.19657604881259605,0.23567829722785155,-9.047988817278585,1.6463695541050334
2195,73.16593499999999,0.19470122705376625,0.23137522340996985,-9.316320880131306,1.5918811011476592
2196,73.19926799999999,0.1979971057570708,0.2324796392889718,-9.236676823394562,1.528934655967307
2197,73.232601,0.19747900989217423,0.23099469383428298,-9.321175389994536,1.3118517032301371
2198,73.265934,0.19419373020287958,0.2293369219256528,-9.646346093655781,1.4699430632107802
2199,73.299267,0.1919444482852223,0.22837878688972013,-9.12262257758558,1.4059214182890425
2200,73.3326,0.19552607456010443,0.23047584753462805,-8.87591101402201,1.3377060407586283
2201,73.365933,0.19903012874781706,0.23098023477214924,-8.761312438818248,1.2370879776926897
2202,73.399266,0.1961395395340482,0.20970332948831744,-8.778513621438478,0.9931063208971348
2203,73.432599,0.1971803737649581,0.18408851607267845,-6.488627605873606,1.0424824245081992
2204,73.465932,0.19933389546309666,0.1283683428559123,-5.188836732545323,0.810229424601909
2205,73.499265,0.1984470988147513,0.16178145886223505,-6.4345689973514375,0.5354483459802063
2206,73.532598,0.19554095715742323,0.18369388175076423,-7.489975998721809,0.2497101145393073
2207,73.56593099999999,0.19659929741768037,0.1973763025459599,-7.054986450624643,0.2507783984721376
2208,73.59926399999999,0.19622383762794002,0.21380267583141072,-7.947291002344217,0.5205584579697736
2209,73.63259699999999,0.1908958472708348,0.21379285191579073,-6.7379094668640445,0.6353920580807686
2210,73.66593,0.19401544030872453,0.21799726992178803,-7.380891615208007,0.3391487637223155
2211,73.699263,0.19624322230740807,0.21987701479151606,-8.170164649965079,0.5322299243964206
2212,73.732596,0.1954913800913423,0.22327592367272814,-8.18491732005438,0.6665352298833931
2213,73.765929,0.19522565356611582,0.22937017612205343,-8.39479927089844,0.8452507394218931
2214,73.799262,0.19042582354899018,0.21379043826612038,-8.24149689804018,0.9617827012238622
2215,73.832595,0.19308063840648937,0.21757216908588523,-7.926658141442208,0.9257628217541471
2216,73.865928,0.1913236259539093,0.22296196790572193,-8.668351853967563,0.7178139050580074
2217,73.899261,0.19411705049530106,0.22073420653743558,-9.663019135314535,0.8025573698789695
2218,73.932594,0.19236167338065252,0.22047539196294186,-8.636716539355259,0.880929769316075
2219,73.965927,0.19114309465701074,0.22346817642389968,-9.082912745971324,0.9799515775786579
2220,73.99925999999999,0.1890335528727835,0.22059179090533249,-8.668049723823923,0.7656397531358479
2221,74.03259299999999,0.1889826313581956,0.2250888924324914,-9.787497833962888,0.9014809728109171
2222,74.06592599999999,0.19050716785686375,0.22810528046955592,-9.020563130800257,0.8091872806801603
2223,74.09925899999999,0.19033815322792916,0.23389625607713146,-10.215810504717574,0.9507367533468326
2224,74.132592,0.18372394475766135,0.21887717362598952,-9.23140225745121,0.6928805294224485
2225,74.165925,0.18694666256807388,0.23683576897686176,-10.07221180214811,0.8618007279761547
2226,74.199258,0.1870489379975305,0.21602998702797022,-10.788461456290646,0.6087052105788705
2227,74.232591,0.18321302842698542,0.23749973657980672,-9.774220760197773,0.2476046132313755
2228,74.265924,0.18133502382010405,0.2325417883365874,-9.924082514774994,0.1148568515773452
2229,74.299257,0.17911363311480327,0.22249804958598562,-9.125045457241544,-0.015491155508501999
2230,74.33259,0.17580603574358028,0.22387632496822063,-9.226958008468756,0.22939091100023135
2231,74.365923,0.17787231141543783,0.2350828138127315,-9.285119142264854,-0.11134837901152989
2232,74.399256,0.17383764139288022,0.22906910288143154,-9.37154766590733,-0.03269284593236896
2233,74.432589,0.17657793271940234,0.22480761342903577,-9.608119955798644,-0.3931450570313391
2234,74.46592199999999,0.17342522000499633,0.22658477287746775,-9.903521263620913,-0.399832353426026
2235,74.49925499999999,0.15911134259596263,0.22265008413516668,-8.99298310635058,-0.12074760967607197
2236,74.53258799999999,0.15135204636692018,0.23270982672539484,-8.358559347560046,-0.08451999909047293
2237,74.565921,0.14960911018075695,0.23232760065980895,-9.280607270799297,0.1635565439993836
2238,74.599254,0.14427603303822,0.23874659939073684,-10.272940234240393,0.032994013235301864
2239,74.632587,0.11757376298607128,0.23631053916872025,-10.61508556406809,-0.05963288392938525
2240,74.66592,0.10547010721513554,0.242062772931161,-11.40596867124875,0.09736467300311079
2241,74.699253,0.11532006894911545,0.2395879465389888,-10.060456631179138,0.2131218233270874
2242,74.732586,0.1298538571045985,0.23909709583035388,-10.173669824939338,0.39251848246526677
2243,74.765919,0.1479559135435082,0.24046568729397994,-11.040342577525195,0.6557758846276897
2244,74.799252,0.1623873547987458,0.23703987861156636,-12.022082034235401,0.6118858660714477
2245,74.832585,0.1703025591749211,0.23438584632923604,-10.486233772758819,0.7885556184521618
2246,74.865918,0.18021112306162573,0.23595633759101153,-11.664622130336666,1.1539514539411768
2247,74.89925099999999,0.19327353909960793,0.23974786046663393,-11.645144141303238,1.0456036467740955
2248,74.93258399999999,0.17194065381251503,0.25173681347874366,-10.329078581484447,1.2391270300885286
2249,74.96591699999999,0.15326524832223024,0.2605326302551106,-10.11328567165154,1.7725421064966707
2250,74.99924999999999,0.16198675565653428,0.25891349218586285,-9.39985170650721,2.1471267330275348
2251,75.032583,0.1717696035575495,0.2639106623704219,-8.108755123158486,2.046226129540502
2252,75.065916,0.1517710147052801,0.25559945338569234,-9.615701079142324,2.011824781746557
2253,75.099249,0.10236694369399733,0.26725917692913254,-9.382424436366625,1.7926177889065258
2254,75.132582,0.07052010897700949,0.2590260468308561,-10.069736824736198,1.3246355497880442
2255,75.165915,0.06944671416254186,0.2615104691372909,-9.73150334232392,1.5261081775333685
2256,75.199248,0.07036533530865,0.25256845787560045,-8.001641398627303,1.6336683533434095
2257,75.232581,0.08356968574051023,0.2663346784861234,-8.872440885824481,1.648297310748326
2258,75.265914,0.11623101932092629,0.256441900445479,-9.711695883375016,1.7887088086635816
2259,75.299247,0.14823197732026255,0.25819121672508755,-11.241763544328458,1.6381075008021635
2260,75.33258,0.15444522533139665,0.2541458635024134,-11.871652671827386,1.6198473502952202
2261,75.36591299999999,0.18166222262297466,0.2466301821505551,-11.904043108061598,1.5121535800410113
2262,75.39924599999999,0.19391727085582247,0.23764971046425387,-10.884474027227713,1.3285845968715342
2263,75.43257899999999,0.1990211323806607,0.23742700097503144,-10.327918121156337,1.4214340858654928
2264,75.465912,0.19059624532604363,0.23314166248076854,-11.098808750597794,1.4220284424308927
2265,75.499245,0.18684405079508667,0.23231775515047304,-10.264471968220494,1.3469376424686337
2266,75.532578,0.1791170013914475,0.22377909477954783,-11.474074920818033,1.229553321304928
2267,75.565911,0.1765849286211702,0.18848993091385896,-10.589925832143985,1.183444492919414
2268,75.599244,0.17873369803113903,0.12365284119213077,-7.930384194148643,1.847714833412697
2269,75.632577,0.17858625634717934,0.10623916964352484,-7.871283411360564,1.9140019310865133
2270,75.66591,0.17594884501017238,0.10336804452515168,-6.732835136118533,1.9793530536560078
2271,75.699243,0.17363065048079498,0.09949900475820829,-6.998498552365723,1.6693349126849624
2272,75.732576,0.1751861064230346,0.13098928274479626,-7.0728168061943615,1.5669223575648241
2273,75.765909,0.17424851095084054,0.1639294134638813,-5.517503852240856,1.1994832675371503
2274,75.79924199999999,0.18532360065652592,0.17796334675876177,-9.323527165580018,1.8096283690961577
2275,75.83257499999999,0.17993533409447893,0.18581285364086317,-8.88027741812149,1.5050092348433903
2276,75.86590799999999,0.1854916606338199,0.18975734736083516,-10.894660326782683,1.930577786490063
2277,75.89924099999999,0.1888058636036682,0.19846949907825323,-11.043777489630964,1.8497947826214014
2278,75.932574,0.19372936715109554,0.20491275074753892,-11.507476043734908,2.032969782256872
2279,75.965907,0.1966530265172074,0.20641305649671016,-12.608107973338841,2.4090925991305796
2280,75.99924,0.20451847510791993,0.20742719572884843,-10.757408986698344,2.4093155346911956
2281,76.032573,0.2109113639957329,0.2197222578849489,-11.848539679384187,2.3763081519567253
2282,76.065906,0.21544083531199304,0.2099396469172789,-11.479152937990651,2.1922114736471445
2283,76.099239,0.21580763384263488,0.21322204135468087,-11.996123349210913,2.295325982306284
2284,76.132572,0.24085699242351774,0.20801923820787183,-11.686968530620877,2.247568565731308
2285,76.165905,0.2640619654657847,0.20701360172064595,-12.585519201043814,2.219608094343311
2286,76.199238,0.2745537585876535,0.21098419855803613,-11.281008478607072,2.21907815657062
2287,76.232571,0.29139885264310345,0.21725864878291196,-13.002242418208494,2.187595338545636
2288,76.26590399999999,0.3041028911186854,0.2160254343554544,-13.207552952954302,2.0563554902172765
2289,76.29923699999999,0.3093616684041984,0.2159048267303199,-14.383593712126695,1.9303973608613774
2290,76.33256999999999,0.32916317929805344,0.20875295133507465,-15.074130122677145,2.099555639825375
2291,76.365903,0.3331862848561423,0.21805597612713673,-14.70035902709115,2.361723000088169
2292,76.399236,0.3503648682307809,0.2088068929565567,-15.541997977084113,2.56018023662838
2293,76.432569,0.3532673018589084,0.2090293841797724,-16.76351812413354,2.345449914638958
2294,76.465902,0.35705641744614275,0.21173999456605966,-15.401710785219645,2.3388882116720193
2295,76.499235,0.37573338358804687,0.20676988913917496,-14.871924882718005,2.2794483900208067
2296,76.532568,0.3864808150645392,0.21025066842011758,-16.5418214153741,2.5847838445616653
2297,76.565901,0.40191912411574665,0.1938597361318345,-15.142661247001259,2.402875388543899
2298,76.599234,0.41510620479945054,0.19261318480182027,-13.195212512921952,2.461218228335977
2299,76.632567,0.4150962287180109,0.19032399749342221,-13.749217929950857,2.918866660795733
2300,76.6659,0.42573379298159975,0.19722040220089093,-16.225416384929225,3.286421279306817
2301,76.69923299999999,0.43569500889373197,0.18078851408645472,-16.259569097252562,3.272929629425334
2302,76.73256599999999,0.4436111941811492,0.17920221787271473,-13.690121540727757,3.203390085598563
2303,76.76589899999999,0.4575988335601238,0.19574254643814953,-16.83280893169993,3.533033999407488
2304,76.79923199999999,0.46852926464253714,0.2031849982530904,-15.369015514521893,3.9311365295727234
2305,76.832565,0.4753647771695127,0.19344629683148123,-18.0744563401676,4.177928530463873
2306,76.865898,0.46391894054305904,0.18981646631104065,-16.269600808161464,4.545352296258679
2307,76.899231,0.47041652627898894,0.19639067139851246,-14.120542538324662,4.706981816608226
2308,76.932564,0.4762339784498727,0.18652683536830283,-14.88946135493219,5.1563785151967325
2309,76.965897,0.48301027665362745,0.17598584067899622,-15.259385065174756,4.924419725250268
2310,76.99923,0.48854884919049896,0.18901460651205948,-14.731640029053628,5.438218510738159
2311,77.032563,0.5159406528881897,0.18998408851250465,-17.615841864073293,5.278946755733059
2312,77.065896,0.5319596499001358,0.19219180338689734,-17.256525293810974,5.264365580208554
2313,77.099229,0.5454806626626123,0.19168191748966348,-17.49103121769361,5.394678945727888
2314,77.132562,0.5497631391782022,0.1984902276618188,-17.660392669357908,5.527253360810725
2315,77.16589499999999,0.5721742081122596,0.19225659831008654,-18.691217101039438,5.921244745871025
2316,77.19922799999999,0.593606675667047,0.19355929074363692,-19.62205236811219,5.845847256833554
2317,77.23256099999999,0.5963050195131357,0.19605301106414627,-19.22173888276547,6.05716094419926
2318,77.265894,0.5961931763979631,0.20260997642851444,-19.6960395653058,6.003333040371867
2319,77.299227,0.5988697981299701,0.197132390746051,-20.720364676802266,6.0805070731343385
2320,77.33256,0.5866674310959564,0.20147510157146892,-19.89352667540827,6.203154701839463
2321,77.365893,0.6106970552476492,0.2034658646519896,-21.548211275059206,6.176951984994397
2322,77.399226,0.5957741551892924,0.20121479482633545,-21.18286683518057,5.8214820927062405
2323,77.432559,0.5953626598600361,0.18463780503005123,-22.18916713045951,5.917516481616456
2324,77.465892,0.5857918111513689,0.18937146772913005,-21.231355233728156,5.93444859651346
2325,77.499225,0.5976784106592952,0.1918835576362563,-24.428338360681753,5.480907070175875
2326,77.532558,0.5965449173164032,0.1808274357079439,-22.14598205113319,5.792610300541446
2327,77.565891,0.5918688941768484,0.17437184921569823,-19.401165709637176,6.213515082160479
2328,77.59922399999999,0.5921018048766273,0.18414966934165738,-21.21003777291409,6.325835365199093
2329,77.63255699999999,0.6041315277004279,0.1645346690489442,-18.60702532158718,6.065310825402868
2330,77.66588999999999,0.5989755173411706,0.13123309254965632,-18.685599618680225,6.253844570364685
2331,77.69922299999999,0.615088864086413,0.12063899132413083,-10.885332063647127,6.113445471498243
2332,77.732556,0.6266751894919045,0.14725284126631502,-13.181621661332837,6.3127882499733845
2333,77.765889,0.6410629288579814,0.17675088187711566,-11.909093555016085,6.356657212843521
2334,77.799222,0.647726854088931,0.1889160081322253,-12.555885686737065,6.652087789008056
2335,77.832555,0.6666952607825635,0.19933170522539934,-14.8047117900966,6.621952574537092
2336,77.865888,0.6666383536243019,0.20187862353489577,-13.56129294970136,6.968496569262215
2337,77.899221,0.6969380492782791,0.20636248672656643,-15.51625669937782,7.123830348840062
2338,77.932554,0.6920908825331331,0.21569612025011686,-17.79312560642142,6.809534796730961
2339,77.965887,0.7069461153004658,0.20514288794186678,-16.363107776124053,7.001105349064224
2340,77.99922,0.7208285119909768,0.2014005437871499,-18.07904974169257,6.880380321834086
2341,78.032553,0.7224568965942616,0.19800786986999197,-16.606895341441245,7.0081971846474085
2342,78.06588599999999,0.7311364372392943,0.20770921102178747,-17.102405707829035,7.031498231720328
2343,78.09921899999999,0.7212364867118166,0.1960268224319075,-17.10005885460636,6.955406767294568
2344,78.13255199999999,0.7189600128645216,0.1879706354630168,-15.385974543614719,7.462637690600981
2345,78.165885,0.7430979012982782,0.18618705265102029,-14.672129734003956,7.343733326768858
2346,78.199218,0.7459752100066197,0.18780832921892143,-14.789534083076894,7.015440417060857
2347,78.232551,0.7558558006627611,0.19581475310378738,-15.359393851767795,7.474309309319692
2348,78.265884,0.7480160114180967,0.18227808706558107,-12.25568397194224,7.029537628605205
2349,78.299217,0.7590730658984389,0.18453785871216105,-14.435742706146124,7.174290297313864
2350,78.33255,0.7513663579464138,0.17863430424470947,-13.483389917814248,7.3792399416353245
2351,78.365883,0.7535578711369274,0.1790628781896289,-14.033787133876826,7.0599944178956715
2352,78.399216,0.743552873209739,0.17802079970602247,-15.432369904486498,7.583473235601056
2353,78.432549,0.7518021679784822,0.1847492259025075,-16.48129336361876,7.415910341093087
2354,78.465882,0.7369206673177899,0.18460602214457028,-15.856367886374349,7.413551722310674
2355,78.49921499999999,0.7547654577267485,0.17593107536321928,-15.669787215768615,7.742516663192997
2356,78.53254799999999,0.737631915685446,0.17432583610094188,-15.309929714836183,7.708795285424372
2357,78.56588099999999,0.7202399598391862,0.18715475003016108,-15.039883094278448,7.50979373051419
2358,78.59921399999999,0.7359701556611242,0.17878134912289975,-16.30948214146922,7.353473858640846
2359,78.632547,0.7277519721871318,0.17941300784601047,-14.688121540131009,7.473002599959767
2360,78.66588,0.7227745225628496,0.1750589632718676,-15.13475907645789,7.7053407175648045
2361,78.699213,0.7088394107340823,0.17325322396645182,-14.807429943488433,7.7424314580107065
2362,78.732546,0.7066091776937222,0.17957045616715347,-15.965620115163306,7.59064744658501
2363,78.765879,0.6923889540859423,0.17028286995586134,-13.445241153625869,7.649461643965249
2364,78.799212,0.6822743177737797,0.17616961184868396,-13.348131526427732,7.435780455269563
2365,78.832545,0.6602577310276792,0.16602057859930291,-14.752056355015482,7.146892072338901
2366,78.865878,0.6531569969018951,0.15744123720206227,-12.868374598484476,7.281891790126962
2367,78.899211,0.6455962175276981,0.167409598507227,-11.383686527238666,7.410957793054424
2368,78.932544,0.6696280084041655,0.15587166705406436,-12.727108248680754,7.001943918305249
2369,78.96587699999999,0.6614181897358692,0.15991511753982124,-13.038379877689025,7.396760696788324
2370,78.99920999999999,0.6521048699284036,0.1630803781796041,-12.586000386240407,7.303216384517168
2371,79.03254299999999,0.6835459949041015,0.15817939861457736,-11.620255982218595,6.9212653271361395
2372,79.065876,0.6605726449409375,0.16315706490681553,-11.641522566061347,7.073606919885405
2373,79.099209,0.6854141594311676,0.1539383777585922,-10.884646121320884,7.04334178194081
2374,79.132542,0.6946737555795389,0.16658251789169207,-10.985144401309507,6.846461883772431
2375,79.165875,0.7243354107114874,0.16347282127870838,-12.36563413996448,6.8817106090814315
2376,79.199208,0.7476823819502132,0.16490140924774307,-12.850905060985502,6.814217253180188
2377,79.232541,0.7521157471588223,0.16939961787082308,-15.66831439255203,6.4993628000612205
2378,79.265874,0.7650589265550867,0.16080235604826737,-10.770756317605041,6.608053151247986
2379,79.299207,0.7565723439182002,0.17328227308383592,-14.513203557628838,6.331785491406043
2380,79.33254,0.7341746327186611,0.16590572030867284,-11.408612542152953,6.365876333462496
2381,79.365873,0.7265245002702266,0.13990401163616575,-12.886823707997415,6.316325091149573
2382,79.39920599999999,0.719792915616565,0.11968688183866132,-12.394081683638952,6.2908950387189195
2383,79.43253899999999,0.7369256845524267,0.10694556009923567,-14.680740865280699,6.097279131443844
2384,79.46587199999999,0.7478325075434337,0.10427936488079181,-11.169396335062306,5.925893523843375
2385,79.49920499999999,0.7249520823493782,0.08596446709104748,-10.714924235571798,5.536291488568371
2386,79.532538,0.7118131411556861,0.10501671398000022,-10.78538547062153,5.7204687204796265
2387,79.565871,0.7180467979816064,0.09373342254158973,-12.101506639790612,5.276881350893064
2388,79.599204,0.7064143811005643,0.11500459208889482,-11.520991657812692,5.330072408262296
2389,79.632537,0.7090536477584866,0.11753068803969093,-13.042965202288917,5.0332517814916224
2390,79.66587,0.6834011719640848,0.10997753723754433,-13.876634789737464,4.934998158761632
2391,79.699203,0.6549534260516883,0.12930631868804232,-15.283925854957197,4.556136520073669
2392,79.732536,0.6573805648539204,0.11519545971988412,-14.920883595402245,4.282373528833778
2393,79.765869,0.6281158117882205,0.12027978445838308,-14.485892613742562,3.642712875437643
2394,79.799202,0.6092765153518641,0.15697187138818253,-15.241378458208022,3.135866596003621
2395,79.832535,0.5855397155668286,0.14740607737186046,-15.152357402087135,2.4671933130477326
2396,79.86586799999999,0.57102804222726,0.1384838738325484,-16.075555551308984,2.156429498666928
2397,79.89920099999999,0.5590287010913183,0.15719051514882182,-15.110023443988783,1.2165634046686256
2398,79.93253399999999,0.5717147039757143,0.15756479673044027,-17.084032656864963,0.4331513000357114
2399,79.965867,0.5473689709700635,0.16019113337744717,-15.001723262533831,-0.057984897738902794
2400,79.9992,0.5308832247625946,0.15677734430191567,-17.60048575308671,-0.7165122260818834
2401,80.032533,0.5175495272575488,0.15453724593366358,-18.634053956844568,-1.3463125959553575
2402,80.065866,0.5239071945871724,0.1435916009788893,-20.00822454827579,-1.9758163544993275
2403,80.099199,0.50645784000384,0.14004840096789573,-16.7997240903115,-2.2129455922818138
2404,80.132532,0.5126753771271483,0.16624691811601072,-18.36515970867631,-2.924351370041742
2405,80.165865,0.5082960169480663,0.1507916869822819,-18.314265949700925,-3.17651013382706
2406,80.199198,0.49796594263727084,0.163761184754187,-17.953590057814793,-3.241672454176203
2407,80.232531,0.5024644748732466,0.16676415317341056,-17.34937854573019,-3.2615048670487123
2408,80.265864,0.49941296493122816,0.17291778842070404,-18.732257510296364,-3.3290996099272725
2409,80.29919699999999,0.4929588635754269,0.18295355972658056,-19.047094305847594,-3.555698388841093
2410,80.33252999999999,0.47944332908936405,0.1974070144495842,-18.563703932685367,-3.2765300181262775
2411,80.36586299999999,0.4730451539772549,0.19311609440060853,-17.35709346717734,-3.040877683039183
2412,80.39919599999999,0.4506677329421069,0.19366190013867668,-13.849877487588284,-3.123436997758074
2413,80.432529,0.425689232566438,0.19456254247561922,-12.26066245446259,-3.4893001160940034
2414,80.465862,0.4165225840655953,0.19004399420387535,-12.49949172504057,-3.7065442324326914
2415,80.499195,0.38796005619557433,0.19307562692123104,-8.742599136924376,-3.688128925008131
2416,80.532528,0.37924639909332775,0.1895790813985424,-7.551533157913693,-4.29696383463608
2417,80.565861,0.36429696389958516,0.18805726405807652,-8.430661689662783,-4.289284333117224
2418,80.599194,0.32971136981440263,0.19748008441628673,-10.722602006297775,-3.8593898191654232
2419,80.632527,0.2907660955707449,0.2101950361591406,-14.061461520108017,-4.096726097910275
2420,80.66586,0.2616303218009058,0.16980683891567444,-10.156866576122052,-4.173375933946734
2421,80.699193,0.22980690778459756,0.14841454698862433,-9.832686689905639,-3.9006636780678052
2422,80.732526,0.20342618851534655,0.12305973635083889,-8.095578519414818,-3.5243412027291763
2423,80.76585899999999,0.16331268843492508,0.11832753130584373,-7.98502880866043,-3.7779421087729865
2424,80.79919199999999,0.16460942698805026,0.1282885151079602,-8.927425221037135,-4.071857518706084
2425,80.83252499999999,0.1659497067310067,0.15513756031628187,-13.202830654459015,-4.989030134185944
2426,80.865858,0.14661520529449915,0.19334529320646232,-14.112870532806387,-5.488858846949117
2427,80.899191,0.1320599281810537,0.2050397897752849,-13.273624065346715,-5.7862412592391514
2428,80.932524,0.12074346135339409,0.21528643161092292,-10.632504560682472,-5.890376423205088
2429,80.965857,0.08612222015824685,0.21636911910216478,-9.046757482000375,-6.1206148095616255
2430,80.99919,0.07309893564850706,0.22501388510598228,-10.153533449308952,-6.402242966736464
2431,81.032523,0.06962965568480997,0.23133361558176452,-8.321854190332907,-6.449684907171431
2432,81.065856,0.07195750348368046,0.22633714891172127,-7.4568473734600484,-6.441723979385824
2433,81.099189,0.07098868678421566,0.22867406659654788,-4.6826622432804905,-6.439300615458365
2434,81.132522,0.06991381063434624,0.23442437726599014,-3.6893153983043057,-6.593243416062388
2435,81.165855,0.06960788904950127,0.23782531933054332,-0.5249190205417854,-6.538267467302713
2436,81.19918799999999,0.07052294734641583,0.23805613784655844,-1.483665196622854,-6.904947668495613
2437,81.23252099999999,0.07153982889773908,0.23617287104773524,1.6059441996468937,-6.927584230560886
2438,81.26585399999999,0.06956122849937077,0.2407093930894431,3.4231214595474677,-7.023364643076634
2439,81.29918699999999,0.07158724414706569,0.22721300921898263,3.103096436608441,-7.247067080288636
2440,81.33252,0.07208162267644183,0.22759677767864137,3.873684722091188,-7.17542249239574
2441,81.365853,0.07138184895230547,0.22262307681167143,3.0110529778722754,-7.388814418928427
2442,81.399186,0.07267227283846484,0.23302887432958114,4.314206498140196,-7.298910378812878
2443,81.432519,0.07348709887128885,0.22579871988564645,3.971949535431436,-7.370568167431302
2444,81.465852,0.0729903243312134,0.2243969729226219,2.292648303828507,-7.758179256282455
2445,81.499185,0.07219735588894859,0.2224419039943238,2.0029885458254824,-7.664504258442299
2446,81.532518,0.07349433021319872,0.20738331219107722,0.29872793038746015,-7.712819546278469
2447,81.565851,0.07408137048255617,0.20383681724593591,-0.7761076188544046,-7.368969691248045
2448,81.599184,0.07474658370800355,0.2133216513491351,-0.8074960949266582,-7.063703235827355
2449,81.63251699999999,0.0754005745608527,0.2226469061402126,-3.0189276355132355,-6.8410057595576514
2450,81.66584999999999,0.07702505746556547,0.21694669547128598,-3.9745139363473263,-6.5557410299715135
2451,81.69918299999999,0.0795269729839423,0.22183786818861118,-4.7209594648487645,-6.133085262953915
2452,81.73251599999999,0.07791899289615398,0.23073672336744586,-5.566655640293126,-5.911527067547174
2453,81.765849,0.07740650831707344,0.22702818116454015,-6.605907574555036,-5.531170314125683
2454,81.799182,0.0785160576477962,0.2313688413786315,-6.294778306406771,-4.9965769601262755
2455,81.832515,0.07603818436122116,0.22961439867465477,-8.91450600957128,-4.442536915753188
2456,81.865848,0.07661784612754072,0.23787662152860817,-10.408040696653705,-4.09382423475679
2457,81.899181,0.07723363582572436,0.22953570057708106,-11.502438316818834,-3.5858366037098763
2458,81.932514,0.07551984393929151,0.23757819633935673,-12.614039189896749,-3.159687309698106
2459,81.965847,0.0758932124471432,0.24002872133579356,-13.688438616576125,-2.7180357254055263
2460,81.99918,0.0767984565151709,0.23591214545081024,-14.597937475124823,-2.333573234319838
2461,82.032513,0.07636043570222208,0.2309133514354867,-14.451504361181003,-1.8893812935576326
2462,82.065846,0.07837420679188399,0.23121203691914427,-15.311862836673955,-1.4197321644039886
2463,82.09917899999999,0.0779745204381693,0.22482560617334535,-15.51220765711923,-1.0208770834289331
2464,82.13251199999999,0.07780377963717351,0.2257126711707087,-16.589206848392692,-0.8871223000432534
2465,82.16584499999999,0.07452517645077615,0.23291403794715737,-16.42443716188653,-0.4999951184427338
2466,82.19917799999999,0.07566431549373692,0.2341778231849289,-17.05231549667457,-0.48000023080849813
2467,82.232511,0.07549033167978837,0.23851863577975757,-17.351971812560784,-0.4495138139561397
2468,82.265844,0.07496674309872778,0.24626155921509735,-16.57072118855349,-0.5705337001318611
2469,82.299177,0.07454036595357949,0.24641184880130274,-14.88330105551028,-0.606845786265368
2470,82.33251,0.07750275178865063,0.23024634230398588,-14.854518772047376,-0.8014155315587327
2471,82.365843,0.0758580877338762,0.23098068122327758,-14.154688346409824,-0.9690937897618664
2472,82.399176,0.07452435015675922,0.22882374838880454,-13.28123938875432,-1.3259087973064385
2473,82.432509,0.07545405736599,0.2214549307158342,-13.239170081017575,-1.717623479117828
2474,82.465842,0.07604999392574474,0.22630454498221417,-14.76031848756851,-2.1815769758652808
2475,82.499175,0.0762795576125137,0.2323052689530355,-14.63920645745345,-2.5367766637730407
2476,82.53250799999999,0.07600961197133278,0.2395187010680001,-13.903726678108617,-3.1063356441771517
2477,82.56584099999999,0.07526923265913621,0.23697192372964526,-14.015246755791095,-3.42456747328054
2478,82.59917399999999,0.07493658016659183,0.23952575935139994,-13.99735466556509,-4.013361325966019
2479,82.63250699999999,0.07581472693602515,0.23693181065038782,-10.972244008871108,-4.547702137747423
2480,82.66584,0.074690786686418,0.2371894871704529,-10.159010675542943,-5.07085049017654
2481,82.699173,0.07582496750073799,0.2358728324712452,-9.101165391851135,-5.58999618001686
2482,82.732506,0.0738459751062377,0.23528844431530738,-7.762676084414928,-6.120568166249978
2483,82.765839,0.0743884983424363,0.23303279825147186,-6.333419712595307,-6.341137240459846
2484,82.799172,0.07563587908216596,0.22442168763374187,-6.219079661692148,-6.481223200122391
2485,82.832505,0.07741531562860167,0.21930797438648375,-5.778916241230675,-6.8729036014634675
2486,82.865838,0.07690618106424785,0.21889720805132779,-4.3823270925211375,-7.243719666743884
2487,82.899171,0.07514627515310636,0.22589965653179117,-3.509520338978559,-7.442293800065272
2488,82.932504,0.0751104386011791,0.22826684853645454,-4.012712400159453,-7.6250606723781384
2489,82.965837,0.07467821289959653,0.21943897328034184,-3.1758367044045532,-7.752490499525116
2490,82.99916999999999,0.07365046996210012,0.21648242232465853,-3.3741836870339563,-8.031836471754058
2491,83.03250299999999,0.07307944688487265,0.22370804476204179,-3.365549311989544,-8.029890631599475
2492,83.06583599999999,0.07125934684316812,0.22691440204070487,-2.8583041182975304,-8.380305187851798
2493,83.09916899999999,0.07139414101222892,0.22853748992463457,-0.4549393074491619,-8.444360902124876
2494,83.132502,0.0727373209078574,0.21794274316899734,-1.3419053102971847,-8.499709459059007
2495,83.165835,0.07166488886777651,0.22237363720832068,-0.512212295304477,-8.229105855544221
2496,83.199168,0.07050515525884225,0.231902535671919,0.2791160053072764,-7.731227788942098
2497,83.232501,0.07022701693056876,0.22675259438581816,2.5125891283639263,-7.369725200472109
2498,83.265834,0.06999579729918358,0.23775265338948276,3.2586093651078665,-6.7026822757956355
2499,83.299167,0.07038830394081545,0.23335066585980926,2.6040714278435617,-6.2407979627740735
2500,83.3325,0.06945314192282591,0.22905824491007643,3.2271551563539638,-5.816549875875055
2501,83.365833,0.06692478484939465,0.22761481336426237,2.8277095312178804,-5.699404373730935
2502,83.399166,0.0672809253326587,0.14461582517473454,0.27071576559276783,-5.5522860922402915
2503,83.43249899999999,0.0687260033932502,0.09497840091513733,0.8205425155403946,-4.911187200613217
2504,83.46583199999999,0.18032413205887501,0.13997532155552944,-2.6522811915837305,-5.005129721654337
2505,83.49916499999999,0.24551507216383125,0.19959056373711065,-3.529900911411835,-5.9247603399429485
2506,83.53249799999999,0.22337803354935948,0.21492526430204872,-3.9204642637476788,-6.334186523204086
2507,83.565831,0.17932696707001577,0.2273442464804834,-7.3171911767293825,-7.0039778623107125
2508,83.599164,0.17713060396835487,0.2135230517291733,-7.0170794881630885,-7.797548917480327
2509,83.632497,0.17658032003631646,0.19896597678060401,-7.809512638565186,-8.525139618250018
2510,83.66583,0.1635169163093754,0.1974854749431143,-12.004193675507674,-9.241767116533753
2511,83.699163,0.16813017924888338,0.20722495928455356,-13.5806914547958,-9.832283994974626
2512,83.732496,0.18236733451122747,0.208732920844847,-16.382401182365324,-10.272480656995684
2513,83.765829,0.18028485179756332,0.21906262656051134,-17.08404687991747,-9.960333790633582
2514,83.799162,0.1772242654285732,0.2253057006149613,-18.118260799963732,-9.707375203786242
2515,83.832495,0.15455409248827218,0.2259698233599952,-18.045712496723326,-8.529887611605348
2516,83.865828,0.12774085204153285,0.22869696610363943,-18.478436837931664,-7.910984652066351
2517,83.89916099999999,0.0849685243018618,0.21272640084718175,-18.230390526915734,-7.131735797889581
2518,83.93249399999999,0.07865591094974093,0.21700347724718777,-18.18352021198573,-5.931026206721722
2519,83.96582699999999,0.07825015223867757,0.21992851168830901,-18.3987158015005,-4.723681629262041
2520,83.99915999999999,0.07919478633427124,0.20929409675574961,-17.867367109634632,-3.972991493570762
2521,84.032493,0.07812106423345455,0.19933167003145758,-16.06994362729696,-3.07791071564009
2522,84.065826,0.10270835872633377,0.18781165552370532,-16.36405249878786,-2.48918160295206
2523,84.099159,0.10073401352101384,0.1914710551282079,-16.198502380635322,-1.7212822328397683
2524,84.132492,0.07616571893803226,0.1865620743424335,-15.909945339166601,-1.2309512936809943
2525,84.165825,0.07596783150374707,0.18694281897355486,-15.982948882692472,-1.3108948913948186
2526,84.199158,0.07584594045927488,0.19070302754399998,-17.460838226907324,-1.4221914605395645
2527,84.232491,0.07578515247075257,0.19887125069986966,-18.48790739964531,-1.5008254488951849
2528,84.265824,0.09286557644478319,0.19635632911103618,-17.74410482961743,-1.7954187008387463
2529,84.299157,0.09798681068904994,0.20201284995599272,-17.290108049592416,-1.8609400019099547
2530,84.33248999999999,0.10089335341266209,0.20672467996801486,-18.11984157554651,-1.8569150433820591
2531,84.36582299999999,0.12289986457300991,0.20163113384942855,-18.095148775270474,-1.6237576831547378
2532,84.39915599999999,0.13223278285074508,0.2067880471786261,-18.389125097924016,-1.6497193524618516
2533,84.43248899999999,0.1125545864061038,0.21110332745564023,-18.351092199600345,-1.421835429456317
2534,84.46582199999999,0.07996464522507034,0.1997921900584075,-18.181344689583447,-1.5555532982794895
2535,84.499155,0.07480941958202464,0.20479750477907221,-19.389127566269504,-1.4688655257592746
2536,84.532488,0.07504170997600738,0.2039509294429927,-18.941076205257268,-1.2215790684324332
2537,84.565821,0.07464021502814507,0.20587826673452,-17.986195560381784,-0.8489236862376934
2538,84.599154,0.10253967686087315,0.2079718027392986,-17.323045966950946,-0.5903020951690384
2539,84.632487,0.11647065589742439,0.22098855625116304,-15.92520337301675,0.031315632836938966
2540,84.66582,0.13020348387856223,0.2184337293495719,-14.912970933941603,0.16930351621301773
2541,84.699153,0.13953115667702734,0.2118806518392094,-15.610802402906282,0.26416734697495076
2542,84.732486,0.14871729965975408,0.21190571795463187,-16.438594346197064,0.2239820671177412
2543,84.765819,0.15122660412960054,0.22379197884919946,-15.376835937773725,0.09832332809151895
2544,84.79915199999999,0.133032317285828,0.2151389195994088,-15.343805301191447,-0.10635874085019906
2545,84.83248499999999,0.11985795591671201,0.21837564065374349,-14.811677646474173,-0.09681420662795061
2546,84.86581799999999,0.10040631053793911,0.21683916623244504,-14.849503277790722,-0.492426758675705
2547,84.89915099999999,0.08298111249213787,0.22343908433022308,-15.618923195710657,-0.5182578774530112
2548,84.932484,0.0764574277289533,0.21497087631141734,-14.7297721369784,-0.6751994647588565
2549,84.965817,0.07710397980547519,0.21856450523369142,-14.75960566742566,-0.6928793562042955
2550,84.99915,0.07722838952590051,0.21784581356195018,-15.11733651088838,-0.6603845825665029
2551,85.032483,0.07705922954990914,0.21649006148415417,-15.757791716052628,-0.5732542469942428
2552,85.065816,0.0769607642966183,0.21696538015095856,-16.073777810678514,-0.5480152848557968
2553,85.099149,0.07521850182453384,0.22754240872836184,-17.741217223270265,-0.3083190118057209
2554,85.132482,0.0744032959447686,0.22322484864938746,-17.72237722292895,0.052107647407014686
2555,85.165815,0.0756513476556611,0.22830281063273583,-17.15323523470045,-0.2856994795589641
2556,85.199148,0.07649203777236352,0.22165364540477328,-17.276110966049956,0.08431641838628653
2557,85.23248099999999,0.07548167225496061,0.2255954907246125,-16.51956482573581,0.21082443513773197
2558,85.26581399999999,0.07634837615852282,0.22043109373495334,-14.773758726194858,0.5283804003977436
2559,85.29914699999999,0.07534132492419664,0.22007419307757964,-14.478702528966297,0.5511199497041039
2560,85.33247999999999,0.07715232814112585,0.21916832163633385,-13.915000965130853,0.9613980694388043
2561,85.36581299999999,0.07787156524910946,0.214880629959424,-13.198166937052527,1.6138259951475977
2562,85.399146,0.07520688778247861,0.22854660030535828,-12.092670045910216,2.2579354174917023
2563,85.432479,0.07336627481676475,0.23016742541979904,-11.406826582410856,2.767860973116758
2564,85.465812,0.13186289440578292,0.22991610230105247,-11.328341908764296,3.1560547730347848
2565,85.499145,0.16837122994955506,0.2394327802620733,-12.342497750517865,3.1421246166207792
2566,85.532478,0.17538033023978913,0.22816651149991685,-11.591855664632803,2.8811130458009284
2567,85.565811,0.15995812539885274,0.22858368558745026,-11.689262757095932,1.9602241455042828
2568,85.599144,0.1495280596708438,0.23560528437228118,-13.221173752616219,1.2767964751415704
2569,85.632477,0.14200018744508056,0.23553355022186678,-13.41667392452868,0.7695479048810807
2570,85.66581,0.13056932856420497,0.23433298028832658,-14.756374720342205,0.055375649535319794
2571,85.69914299999999,0.12549697450385347,0.22999172794575756,-14.346647848062346,-0.17591172782784498
2572,85.73247599999999,0.13238895125066594,0.23577906202263743,-15.72117238845853,-0.034924772188030785
2573,85.76580899999999,0.1484074508896559,0.22457754182733755,-15.729845616891362,0.10158649506467339
2574,85.79914199999999,0.16133231275051604,0.2348646251575612,-14.692994624611316,0.25481434198647746
2575,85.832475,0.15939449331873987,0.23643806913462023,-14.003218589166302,0.2946082893319006
