idx,time_sec,mar,ear,yaw,roll
0,0.0,0.17372624730591127,0.2743899749253026,-12.72076424933823,5.255778729101714
1,0.033333,0.16404458111965162,0.2762204708703218,-14.314087296402398,4.223350116561106
2,0.066666,0.16426988397965858,0.28198752327974846,-5.412361113435554,5.316276391401076
3,0.09999899999999999,0.17623835327283932,0.27983963114771004,-3.578780518926775,5.8717358244530455
4,0.133332,0.16780205758437475,0.27668244085973265,-8.904072895156153,5.188133253929491
5,0.16666499999999998,0.16368506238931513,0.2784344966301337,-11.752207401873331,4.523271976882941
6,0.19999799999999998,0.16962975225133387,0.2859521526681917,-9.724163626261536,5.156245725072239
7,0.23333099999999998,0.16185967046416933,0.2816876172549255,-7.073252283384167,5.327479090458926
8,0.266664,0.16784487106243048,0.2806654998258956,-8.83179613944707,5.059737693016674
9,0.29999699999999996,0.16709607254159797,0.27807722803803236,-5.9674729139822595,5.248493474828431
10,0.33332999999999996,0.1567759929560702,0.2873717700432754,-3.9607430030568334,5.542427114395715
11,0.36666299999999996,0.16096722609681174,0.23856526361235675,-2.7284436849101743,5.466486051098378
12,0.39999599999999996,0.16467230781658315,0.1747361434494383,-0.2596783623380595,5.712034177223303
13,0.43332899999999996,0.16467229428677202,0.1654111618263194,-2.5335669827336718,5.461281430795958
14,0.46666199999999997,0.16695260928427166,0.1543034887170176,-0.5146860067783396,5.869587737319519
15,0.49999499999999997,0.16827953474876,0.1794702361589303,-2.8212925582696315,5.406084874713342
16,0.533328,0.1660007064030393,0.19592862658283247,-3.1197695515105384,5.40177816536054
17,0.566661,0.16509174970727708,0.20012075629719234,-2.091941790218597,5.335431717630202
18,0.5999939999999999,0.15622764097692143,0.21293122513009807,-5.3328149885081855,4.851637123341461
19,0.633327,0.1620940569625475,0.220294599139031,-5.6081272576105565,4.6655610066369775
20,0.6666599999999999,0.1602798728440609,0.22071851659426228,-5.801489630673116,4.75310304972456
21,0.699993,0.16321012997114537,0.2447514022513048,-5.9034835395325524,4.5169302595256084
22,0.7333259999999999,0.15897464451348575,0.269893196201082,-9.649088836267095,4.232300301557117
23,0.766659,0.159959959167288,0.27580753796432855,-6.861211355188018,4.435124325417062
24,0.7999919999999999,0.1652044114126678,0.2851588303060014,-6.979356821379765,4.298270806372521
25,0.833325,0.16019165020947362,0.2815073283166004,-5.012306837084314,4.135484667081854
26,0.8666579999999999,0.16295424463936747,0.2772725962671999,-4.009722843117771,4.506758977814796
27,0.899991,0.1713797806107774,0.299099172553842,-6.166465872368902,4.443381049906262
28,0.9333239999999999,0.16536062458955816,0.29737968161384126,-3.2785911296227592,4.800777898585189
29,0.966657,0.16156460940914813,0.29083528204629244,-2.776617677201312,5.134729425999815
30,0.9999899999999999,0.1660429283987543,0.29236004299277774,-5.010828551798308,4.860059335332128
31,1.033323,0.1668314397288814,0.2912856015756823,-8.472816842700166,4.166647653026253
32,1.066656,0.15773306736366657,0.300077102281457,-8.63157504810456,3.9244300925159026
33,1.0999889999999999,0.16271169176822642,0.2958054941299093,-4.1675562020239685,4.388968413758708
34,1.133322,0.166606859562333,0.30193357819177535,-6.692164903778347,3.931529583952166
35,1.166655,0.1646219367006527,0.31014158403040415,-3.1304311548774,4.296095610221623
36,1.1999879999999998,0.16617554164840506,0.30628044411887007,-7.048331866718176,4.07744180692851
37,1.233321,0.16576680376543385,0.3089706744596519,-6.739056856822366,4.241430316863516
38,1.266654,0.16319004897170344,0.31255258412828923,-4.297485913814085,4.689600738498572
39,1.299987,0.1754261457520508,0.310623138650466,-6.490978917875678,4.331584594434682
40,1.3333199999999998,0.16568811624898871,0.30731761584465267,-8.365739569259855,4.4071558144885135
41,1.366653,0.1617173656260051,0.3175393671217135,-7.562727246844536,4.344078544619522
42,1.399986,0.16100391586982676,0.3163245677176013,-8.623865064823873,4.480588208200939
43,1.433319,0.17088099333349768,0.31015007651231474,-7.389259936376827,4.823834259192956
44,1.4666519999999998,0.1703161020906426,0.2955792601525412,-7.877538349949035,5.000764471342838
45,1.499985,0.1704116878926297,0.3134346795990618,-11.057793781738159,4.772775096127584
46,1.533318,0.1659327805664425,0.2984961834564106,-10.685739539763595,4.794148250168874
47,1.566651,0.16823138306385169,0.3234128952142695,-9.611440569630135,5.371288929458125
48,1.5999839999999999,0.17268994285696515,0.3008272077472991,-11.164009425664942,4.9777089863993975
49,1.633317,0.16884269330786936,0.3206923042684822,-12.617350826649387,4.974888693793469
50,1.66665,0.16301247289619344,0.29697662666952485,-11.31461698680577,4.894877712783346
51,1.699983,0.16537726254047536,0.3167537364062631,-11.245952551754517,4.944500102908553
52,1.7333159999999999,0.17368300837587577,0.30448901330975264,-11.739167299315318,4.492380863375088
53,1.766649,0.17592610874050185,0.3040615102280842,-13.027455064499367,4.292451182156558
54,1.799982,0.16712179581592954,0.3117626536999587,-14.181885662259655,4.568571198535843
55,1.8333149999999998,0.1699807310856077,0.31507076894216257,-13.771841539101024,4.324497603414295
56,1.8666479999999999,0.1666976618378826,0.310111541567636,-13.773633834268692,4.7800803565253736
57,1.899981,0.16799978505303473,0.31661478155499323,-13.243566034167811,4.661434785322404
58,1.933314,0.16688063367473838,0.3098787651043931,-12.861394973202405,4.631280752935007
59,1.9666469999999998,0.1684302712438196,0.31394111013212295,-12.199485044554558,4.467990481989257
60,1.9999799999999999,0.17063019247202338,0.30682975357803477,-12.018639931843337,4.738925289556909
61,2.0333129999999997,0.17270290985307785,0.30460429672420525,-13.047461972643145,4.228913062080028
62,2.066646,0.17014186715400453,0.31121551311670786,-13.801870243642428,4.215504918309675
63,2.099979,0.17517777059742282,0.3085591599297712,-13.364620701728166,4.098928435908769
64,2.133312,0.16738250379744532,0.3119200634308177,-14.108982490952611,4.362383552033863
65,2.166645,0.16687229357332842,0.3224407414117264,-13.689505209904166,4.225081701475577
66,2.1999779999999998,0.17190661449698508,0.3079878827334499,-14.061608101677123,4.191252841921588
67,2.233311,0.17163678492072645,0.3112408238840829,-14.857755251986253,4.289581868266647
68,2.266644,0.17371671706754066,0.30501716355231717,-14.596553147666832,4.390159330489145
69,2.2999769999999997,0.17697398930617442,0.3130179341493773,-14.613234374098168,4.4710040556553965
70,2.33331,0.18022354713547623,0.3052133599463436,-16.435974233991708,4.099755735007209
71,2.366643,0.175700073562517,0.28100965995393,-15.311825644054634,4.276586006396911
72,2.3999759999999997,0.1794490000937423,0.23012578919291943,-16.69706337409168,3.6603022107689025
73,2.433309,0.17602286121371624,0.19377750182550257,-13.763163637208116,4.108135601249749
74,2.466642,0.17520470477489394,0.20855018777572146,-14.086936964609883,3.915779596243212
75,2.499975,0.17474885134503598,0.25949778351986497,-14.217749105797662,3.8363351988938525
76,2.533308,0.17143872463523208,0.27568879047879563,-13.005105283029035,3.7421325910059497
77,2.5666409999999997,0.16803975036452246,0.2913191802838208,-12.307480931524225,3.866709022596758
78,2.599974,0.1736343030008126,0.2879599440002653,-11.26328289746683,3.7397602266705805
79,2.633307,0.1684905889371561,0.29705234632137667,-11.751242769375736,3.6753334725720865
80,2.6666399999999997,0.1680407543718424,0.2992762521489548,-10.628995339657587,3.665900398235922
81,2.699973,0.1674922695857201,0.3028146050021808,-12.350367470813282,3.3991000176141584
82,2.733306,0.17007590422673047,0.3084088271280594,-11.359760230924838,3.3889367259089203
83,2.766639,0.16875915613415063,0.3031724439031107,-12.118790286978927,3.293794442650097
84,2.799972,0.1773291454935747,0.29921036686628255,-12.145182258353648,3.2831166755355885
85,2.8333049999999997,0.1699946284181203,0.31429269743981647,-13.248676235656388,3.1280361218305814
86,2.866638,0.1727987312876035,0.309105080887662,-12.128711494299383,3.475988412746849
87,2.899971,0.17485172640733784,0.3069789770728344,-11.979993462599744,3.4497256405413315
88,2.9333039999999997,0.1790570717084773,0.3099460026431291,-11.06397897699711,3.231898270281753
89,2.966637,0.1732365050460868,0.32128906012421615,-14.052849340724261,3.0539984449880984
90,2.99997,0.17712646968403173,0.31204190437940127,-12.4530143625361,3.5311528898559352
91,3.0333029999999996,0.1719767954854577,0.32160032196804245,-14.19027929859638,3.2851645712259057
92,3.066636,0.1761440525342648,0.3067662179421303,-15.01161837301395,3.1495581769473704
93,3.0999689999999998,0.1780685468553112,0.32095099341834277,-15.611707874130074,3.098469854592191
94,3.133302,0.17711124941289205,0.30211978064815387,-13.27439276359478,3.0359645560305046
95,3.166635,0.1809673580790758,0.3133364347937875,-13.440783038703954,3.109791073049319
96,3.1999679999999997,0.17518232736157754,0.3166505975384911,-13.565749732085946,3.007888270494175
97,3.233301,0.16349820580998595,0.3167384428907316,-13.394864574090597,3.0978361187358576
98,3.266634,0.1769354919053123,0.30721805872350205,-13.778279203719737,2.9346463842674266
99,3.2999669999999997,0.1715660754096939,0.3145230989236141,-13.993783266164563,3.1251965791088567
100,3.3333,0.17665332182950172,0.3029801228971737,-13.448042856329442,3.6650239271428675
101,3.3666329999999998,0.1778164073233003,0.3061511559110937,-14.488390494953018,3.4960854481534995
102,3.399966,0.17215012661013984,0.3015548276081197,-13.122487948681886,4.0559282039741005
103,3.433299,0.17317923712437192,0.3091272882119023,-12.857888489371556,4.094049728826324
104,3.4666319999999997,0.1798616171821682,0.3062900340839464,-11.365092546616188,4.298144770717754
105,3.499965,0.16463745763288662,0.30785654970063997,-12.801452440672712,4.00825442510189
106,3.533298,0.17150713415219476,0.3096388625966887,-13.386565467293334,4.235778384255933
107,3.5666309999999997,0.1696349930824323,0.30623077975680113,-12.85247342444888,4.402086769755192
108,3.599964,0.16378821095712187,0.303475300921115,-11.481755365462472,4.519908500531485
109,3.6332969999999998,0.15633110728450425,0.2965460981113194,-13.025072482414389,4.616991973329927
110,3.6666299999999996,0.15089120312538917,0.23642693209065585,-11.79393418276499,4.660494426075702
111,3.699963,0.13590352381985568,0.17598307833600407,-11.75470382320373,4.966658904137092
112,3.7332959999999997,0.12981097445219902,0.17164229245699333,-12.329230381093458,4.697300914639145
113,3.766629,0.11648327891577662,0.16658607967118408,-12.024122818041395,4.96025707055726
114,3.799962,0.08671718994984165,0.21001151528198742,-14.301223065308035,4.7376951610827245
115,3.8332949999999997,0.07147423452914553,0.2556808737533409,-14.452427245375231,4.886737063209162
116,3.866628,0.0714423025756353,0.2710233904849032,-13.602504479773572,4.875509230254311
117,3.899961,0.07176989396811763,0.2763459113654436,-11.04401272288715,5.14061077232255
118,3.9332939999999996,0.0725320799890905,0.28779659232219035,-10.960145244143568,5.3685505930495445
119,3.966627,0.07428846970842949,0.2971973232498125,-11.060827453253205,5.709436611867683
120,3.9999599999999997,0.07179216107083775,0.3000807214584401,-10.486411333197735,5.455462972204988
121,4.033293,0.07270256674074786,0.30751757561138887,-12.241821717827856,5.7227349000834
122,4.066625999999999,0.0735035840956774,0.31427666259010134,-11.67962131860478,5.7009868457880195
123,4.099959,0.07447768575280447,0.3126620841400187,-11.247093910884598,5.719862048962701
124,4.133292,0.07304517023859627,0.30309688749570407,-12.410360186767226,5.869336975919808
125,4.166625,0.0744194903352612,0.3098864380040647,-11.194465343703154,6.002427601659511
126,4.199958,0.07515662271811871,0.30928187582650146,-11.202722614436253,6.235096015488993
127,4.2332909999999995,0.07452786586133031,0.31469814873459856,-13.351473800632688,6.212588216830312
128,4.266624,0.07648521352580812,0.31517240256812734,-14.363678993200597,6.369357462341456
129,4.299957,0.07548503935983805,0.3085094376690459,-13.521047608044563,6.668167128217737
130,4.33329,0.07607228095771507,0.30286684127875085,-12.925330738759799,6.707800262234321
131,4.366623,0.07511828997421953,0.3070333650009287,-12.67067783513648,6.758182277493065
132,4.3999559999999995,0.07492675638042076,0.3162469812493712,-10.530776221059217,7.26493034018412
133,4.433288999999999,0.07616443974644795,0.29611864146661115,-11.231156165342885,7.316658764220563
134,4.466622,0.0791611427678437,0.30293817221056335,-10.826429069381593,7.649624972060817
135,4.499955,0.0775162797502485,0.2953708783427753,-10.490620346173033,7.872730131718132
136,4.533288,0.07920927096025958,0.3091188446186851,-11.062365213389118,7.78769668496636
137,4.566621,0.08122403707809571,0.30027798583126164,-10.315454758488517,8.0698732060168
138,4.599953999999999,0.08118276638236438,0.2994752005146246,-10.42562837892569,8.208482256580439
139,4.633287,0.07990703907681573,0.3117071040502037,-11.620866142722615,8.043442507298707
140,4.66662,0.07891996621597279,0.30694134426309017,-11.91186334384196,7.907154756980885
141,4.699953,0.08155633569182551,0.30843533027390296,-13.519178106135136,7.831303839924351
142,4.733286,0.08023075978171122,0.31314148965172856,-10.734796134963897,8.266248999242835
143,4.7666189999999995,0.08212612849796413,0.30756079350037846,-13.738587992424064,8.240886503657276
144,4.799951999999999,0.07887246380050966,0.3040565408746084,-13.39345278093525,8.35263651943856
145,4.833285,0.0799589135795271,0.3019594672672783,-14.06911644273561,8.256367148717313
146,4.866618,0.07715479306029095,0.3119835764287001,-13.520708776101769,7.957650119043972
147,4.899951,0.07887169744769235,0.30360723055955186,-13.955873035111743,8.238229178359198
148,4.933284,0.07600553324598454,0.30597842935081343,-13.601437341147822,8.15467932119791
149,4.966616999999999,0.07850843672654785,0.30381620718800284,-12.78245436285516,8.25235952262496
150,4.99995,0.07840664137704313,0.29841191612102447,-11.108708487944675,8.665317951695654
151,5.033283,0.07846372783763626,0.3024293998753119,-9.46744030817166,8.93370118275864
152,5.066616,0.07837457860738732,0.2989724084918005,-12.399552963762046,8.27241671953843
153,5.099949,0.07652885405692027,0.2997177125777797,-11.638926581958744,8.501894663922226
154,5.1332819999999995,0.07792207746078275,0.30397706970005356,-9.160196284995136,8.792003628926023
155,5.166615,0.07621549328730083,0.301465856406153,-12.310675456079997,8.748726357913739
156,5.199948,0.07557373388740482,0.2932480450251089,-10.963659750107816,8.710553635622068
157,5.233281,0.07632528194724864,0.3070887380521867,-13.020067586027011,8.320779889663093
158,5.266614,0.07565413399090704,0.31097345695084455,-12.825262175670945,8.544261608881051
159,5.2999469999999995,0.07370243025050069,0.30684986449850193,-11.172412724955338,8.652009377291495
160,5.333279999999999,0.07442846010906028,0.3082049129508452,-12.373495392768659,8.636066697681752
161,5.366613,0.0739654013596311,0.30669866386225975,-12.331931824129908,8.65410819758969
162,5.399946,0.07474010205864699,0.30999363012309766,-12.343173632799486,8.643848344004208
163,5.433279,0.07301317840792194,0.30731336997187175,-13.769609822270658,8.313255254072224
164,5.466612,0.07318037438767819,0.3048517900789871,-12.543198054600614,8.312607141844117
165,5.499944999999999,0.07362743657025927,0.30685399938111135,-13.307829915037464,8.305078659428807
166,5.533278,0.07282811652530416,0.31271978565104436,-15.047234624629573,8.177723174552584
167,5.566611,0.07603340626145713,0.30970894977129076,-12.49847824311878,8.357218475507409
168,5.599944,0.07406807550525986,0.3040382605355572,-12.795129089023487,8.399834946819228
169,5.633277,0.07359187589319346,0.3052801452590531,-13.414914130649331,8.353757192777442
170,5.6666099999999995,0.0739442796152937,0.30207668385014896,-10.511786168736059,8.751522532717049
171,5.699942999999999,0.0729644313244066,0.31128546224432235,-12.07803390711214,8.393445037698054
172,5.733276,0.07317908929081994,0.3089528439989301,-13.896931117628053,8.387425686404015
173,5.766609,0.07333524282359222,0.30754592672067854,-13.40674743103344,8.453503794975058
174,5.799942,0.07177135967960942,0.30408002664382533,-9.426102448338558,9.268354202835619
175,5.8332749999999995,0.20080140474162314,0.2973451223080059,-11.722587611099751,9.01763764058354
176,5.866607999999999,0.23523792659687306,0.30866854900130486,-14.386358834488314,8.899083316016227
177,5.899941,0.14629595636441806,0.2949423286882908,-16.374399130652026,8.644307560765235
178,5.933274,0.076200239141061,0.29535405453770847,-15.165177858960051,8.856983842422308
179,5.966607,0.07415114406837305,0.2981653727731899,-13.900138747691976,8.836001289722962
180,5.99994,0.09269968598271641,0.2933754786353225,-14.673145688975088,8.834332039668645
181,6.033272999999999,0.16962835847386482,0.3028164091819635,-11.120896806312082,9.052895178896792
182,6.066605999999999,0.19771782382318612,0.31364042273562587,-12.24576243854073,8.910004173932522
183,6.099939,0.1813232150927513,0.2985243430837642,-9.713600279890478,8.948571618576455
184,6.133272,0.18321149625049218,0.3060544888086463,-7.039834280678488,9.070396394098829
185,6.166605,0.17438719575636707,0.29615086042714817,-4.695494956533282,9.213944697740613
186,6.1999379999999995,0.1813826699710288,0.2965066166982131,-7.424276122370722,9.214645959728625
187,6.233270999999999,0.1830593256862379,0.2924375459756866,-6.4852310009872935,9.497225483083113
188,6.266604,0.19257226790851112,0.2962347684845878,-7.795417545675614,9.23128876870624
189,6.299937,0.1859463981417519,0.2909909918614312,-8.420834232290451,9.343427893860472
190,6.33327,0.19524305036834824,0.2871018062026227,-7.085946629472016,9.5749771026901
191,6.366603,0.19507905058061842,0.2985166303178445,-11.362533375237275,9.159557167453993
192,6.399935999999999,0.19033747509187987,0.2920761976739107,-10.83258512421491,9.012928070820479
193,6.433268999999999,0.17836372837460898,0.29420730578364773,-9.126147589062903,9.04399659523456
194,6.466602,0.18337928404997364,0.2870268481375311,-6.972412865421394,9.401268154263372
195,6.499935,0.1727737682033737,0.29342865786195277,-8.798928127997044,9.277446688695255
196,6.533268,0.1702436039373327,0.2924866245917994,-8.889246060344382,8.961717755648815
197,6.5666009999999995,0.17781092766142007,0.29363555030675925,-7.949437299703207,9.100744056857996
198,6.599933999999999,0.18242562684367736,0.2906741750807743,-7.664060939070072,9.399026467405449
199,6.633267,0.1802129624439231,0.2868009126434228,-9.542382520677437,9.535790439935722
200,6.6666,0.18176985593360276,0.2834061726376724,-9.211266816939432,9.458541264986454
201,6.699933,0.18292340434114485,0.2790529464044364,-7.539895391195098,9.573449338476623
202,6.7332659999999995,0.17498756866443554,0.28433604781766175,-8.403763892897093,9.370497516059364
203,6.766598999999999,0.17286854369449584,0.29361881967785247,-8.955045636523419,9.074622002901505
204,6.799932,0.1800493355902918,0.2864279562774408,-9.81595839632859,8.609755656046621
205,6.833265,0.17842975053452806,0.2918991329832327,-8.934488693224305,8.095615776033219
206,6.866598,0.18872745269697916,0.29096573784949725,-8.277299949774067,8.210145094869908
207,6.899931,0.1731339852188793,0.31303200633127926,-10.579620841262242,8.062179475686138
208,6.933263999999999,0.18221396666297843,0.2963955123247377,-7.350042873265992,8.77401815845571
209,6.966596999999999,0.16965647166610023,0.2979464627677077,-9.269138089872863,8.61752605418655
210,6.99993,0.18626511550784441,0.2893328027947292,-7.276609183894179,8.675827680847805
211,7.033263,0.18380832237281458,0.29247477906658864,-6.462864464221127,8.57994745407147
212,7.066596,0.18163645373055512,0.30222662539015677,-8.98394141493541,8.357498221711829
213,7.0999289999999995,0.1714505679356378,0.305790691650806,-7.2256606677916135,8.575136272234369
214,7.133261999999999,0.17953193670088147,0.2963373204876337,-5.768793811679689,8.95532277728683
215,7.166595,0.1839872521709115,0.29197282559765114,-6.180407389934312,9.335504832686132
216,7.199928,0.1829993898762486,0.28901686586034725,-4.578836581633915,9.35185570407756
217,7.233261,0.18567052878102058,0.29589276471649295,-2.8445243929972617,9.358304624801956
218,7.2665939999999996,0.18296811898831605,0.3017753528167971,-6.0022476615077665,9.135044426898684
219,7.299926999999999,0.18830608024412798,0.29434890296886906,-6.702763364216584,8.96504848081185
220,7.333259999999999,0.18068633332441705,0.2961902587855286,-6.716734543218365,8.470612840634628
221,7.366593,0.18429768378051756,0.29438671976723874,-6.811369832176878,8.17495414913225
222,7.399926,0.18242581255393406,0.28954368908833106,-7.186645181498958,7.943576244710984
223,7.433259,0.1766203411535748,0.29447298970220254,-7.325305814559978,7.944140981244036
224,7.4665919999999995,0.1789623555982603,0.29823156784991744,-6.604369804887838,7.753321843695507
225,7.499924999999999,0.16878258895065998,0.2902074873110328,-7.975331321669812,7.573907344984637
226,7.533258,0.163110813219057,0.3007891811242589,-8.10714426749543,7.2237681822718764
227,7.566591,0.1636149625458914,0.29609986823518686,-9.042050015637498,7.092215606263182
228,7.599924,0.15778794460451576,0.29187076563350656,-4.459308559043082,7.395406332603278
229,7.6332569999999995,0.159955586845769,0.29183758619163347,-7.279321650837841,7.2483711694978865
230,7.666589999999999,0.16823727637928226,0.3021491344152416,-6.236421263749077,7.088595128727142
231,7.699922999999999,0.1660429650488817,0.29097152212449107,-6.075691867537462,7.337248425291581
232,7.733256,0.1730159404138713,0.28202820522435823,-5.65448783134509,7.495794762931633
233,7.766589,0.1638152894746778,0.2939435213702256,-6.771669324213576,7.184326112485046
234,7.799922,0.15788284232623276,0.28986064273846157,-5.459305326369404,7.02231539252818
235,7.833254999999999,0.15270169220587715,0.28954611597087515,-6.232341866538424,6.715392898727257
236,7.866587999999999,0.14165102995773624,0.2935073588076522,-6.645170624864329,6.569802840443819
237,7.899921,0.11585473550829939,0.2975532818196971,-9.147226194963926,6.1713276246270885
238,7.933254,0.09358614095748267,0.29412683223567737,-8.416583989603229,6.233456786916826
239,7.966587,0.090777597193217,0.3002993889100257,-10.029664508011434,5.784113360643558
240,7.9999199999999995,0.12898813882258642,0.2984775911639522,-8.9245393103033,6.057857883815098
241,8.033253,0.15824926468407707,0.29815576042588715,-6.494540154262252,6.435105742718233
242,8.066586,0.15852530777304194,0.2948022021540544,-7.569613772067793,6.461824235101969
243,8.099919,0.17938741308184092,0.3019129754847629,-8.829234202032232,6.439222118376476
244,8.133251999999999,0.17477393825662738,0.29829199339393436,-7.211115766414624,6.33728768065222
245,8.166585,0.18471454914620453,0.29664218099867884,-10.047993464239156,6.3551633125958045
246,8.199918,0.18584413988787685,0.30080247500257484,-6.670045232894145,6.565302600954429
247,8.233251,0.19483075569849673,0.29327712484433366,-6.555578166907782,6.589931111000728
248,8.266584,0.18736416477420562,0.2950978086578806,-8.947431458310332,6.296734774999065
249,8.299916999999999,0.19078813570208675,0.3111390642380002,-10.412269401042947,5.7999769885535715
250,8.33325,0.19883332998615882,0.30462052190635475,-11.71198329786574,5.802486946002216
251,8.366583,0.18459175948266435,0.3150355724224534,-10.435036485069933,5.651605437363932
252,8.399916,0.20621360819624307,0.29868615890967054,-9.98218266518145,5.993444222865166
253,8.433249,0.20054912204326183,0.30052206502012985,-9.110070467344382,5.989734719397962
254,8.466581999999999,0.19972477965504778,0.2997989556788533,-9.614460125413888,6.19077281487159
255,8.499915,0.19936001720678503,0.3040676176921437,-8.63751956496376,6.179062107753493
256,8.533248,0.21230225261278837,0.29735557075062463,-5.815031266913717,6.383203295408609
257,8.566581,0.19923057054044924,0.29953100301404323,-9.018164850682941,6.119949222527788
258,8.599914,0.1954488114205745,0.2998235791828511,-9.855660493523132,6.0407006957020775
259,8.633246999999999,0.19862498392687775,0.2980585796613224,-7.694761064076925,6.239437425771437
260,8.66658,0.19596038897844542,0.3058249730173167,-10.125968182833024,5.965570095480034
261,8.699912999999999,0.20198429886164598,0.29899411522968455,-6.849859213404047,6.516285950649399
262,8.733246,0.20612332468825664,0.22040920275287765,-7.534304175875866,6.308375459076446
263,8.766579,0.20677753529130008,0.14575179415457928,-4.0115003051884495,6.1366916585101166
264,8.799911999999999,0.2177165956490671,0.16481892526938552,-6.05088573980964,5.798737689708108
265,8.833245,0.2205054828323953,0.20470956676402835,-12.898598089086756,5.496994450553247
266,8.866577999999999,0.21060853112713163,0.2608271464209607,-13.784374946238119,5.3676127139954
267,8.899911,0.2030162300990682,0.2759172489414924,-13.282459802455831,5.329836345346783
268,8.933244,0.19397416347814603,0.28569308275253846,-10.941816750150586,5.596931184188246
269,8.966577,0.19196593798208503,0.29132891110675163,-8.531784861040027,5.774594561764432
270,8.99991,0.18378966576153058,0.2979752207856021,-8.325852845371552,5.936243099265171
271,9.033242999999999,0.17707067245569622,0.3000988296712222,-8.519001425519148,5.519241424605974
272,9.066576,0.1756075830135622,0.30118570489999275,-7.540022859600489,5.470141557152616
273,9.099909,0.16613039811731603,0.3016903241671162,-7.336447948778141,5.5671909220922045
274,9.133242,0.17870946756831557,0.2943747314445546,-6.989135346096394,5.625663561273777
275,9.166575,0.18500268209341378,0.30159035079583163,-7.826656015960135,5.673232176343328
276,9.199907999999999,0.17707702274763912,0.29566612045295176,-9.985998049574615,5.498142141418022
277,9.233241,0.17379401287515897,0.2970900483559654,-11.575820342927484,5.225492497314205
278,9.266574,0.18145712494747876,0.2978042327601584,-11.934795288295629,5.133649943540873
279,9.299907,0.18268022284714902,0.30515975756922276,-11.244843934055503,4.831819413740102
280,9.33324,0.19518836705286727,0.3043716087003686,-10.064135413325154,5.0600251403287935
281,9.366572999999999,0.20104047136364436,0.28857752773545164,-15.19427916844892,4.87939266034896
282,9.399906,0.1839295110641291,0.29772831849577275,-12.91929077381571,5.243978997360506
283,9.433239,0.1577286343520759,0.2961386116193472,-10.804560419041772,5.509744140636401
284,9.466572,0.09849733354376684,0.3104394148849939,-8.967684405428948,5.8044547149319765
285,9.499905,0.1316929368826752,0.30901204141768135,-7.497734831909274,6.091925780623293
286,9.533237999999999,0.1630376338168453,0.30868630306514827,-9.422568588664474,6.340569195453705
287,9.566571,0.18292105367815445,0.3143141663949489,-9.288928413368838,6.638533838716886
288,9.599903999999999,0.18084670986377904,0.31300858992438085,-10.457440203154684,6.7880104137628186
289,9.633237,0.18160823540315926,0.3025237643846902,-9.392685377848613,6.842012491282477
290,9.66657,0.19361504300718402,0.3057507042007911,-7.3573982519423575,7.249184677964421
291,9.699902999999999,0.19714531920458334,0.3053417735893539,-6.714719759379044,7.520286769858866
292,9.733236,0.20180076489260498,0.2983319553150604,-6.7416407464305586,7.409993116396007
293,9.766568999999999,0.20040321252365628,0.28807484961696433,-6.557328103505162,7.494715700418184
294,9.799902,0.18803159592863888,0.30104185458812166,-10.437751413414635,7.397560673368111
295,9.833235,0.21514059210579303,0.2986839714458065,-5.130893662574681,7.599103189231331
296,9.866568,0.1995999722923578,0.29084357081193224,-6.268473146592808,7.746585491892014
297,9.899901,0.19954699680565235,0.29419003156084844,-8.007365524986755,7.522915063625788
298,9.933233999999999,0.19457690637319658,0.2942658190625793,-6.499960893679073,7.531514354398293
299,9.966567,0.20099687882814055,0.2982486700420106,-2.509639204470993,8.190656759185256
300,9.9999,0.19577754365633984,0.2986272507050303,-4.760453616338708,8.394574503101968
301,10.033233,0.194326505496843,0.2919329123219319,-3.6627331535762275,8.5100896081122
302,10.066566,0.19297000457889277,0.28347771235326713,-3.4470347435621216,8.892039798083058
303,10.099898999999999,0.19331778348583595,0.2887800604409726,-0.8975921640970866,9.125356523409787
304,10.133232,0.18311621404144368,0.2878881389258269,-1.9330565777705144,9.328959240646999
305,10.166565,0.1950042616680384,0.28447528229489816,-0.9557441001914426,9.25179751347718
306,10.199898,0.18805328538959984,0.2898155049132922,-3.41186433775657,8.968061792689602
307,10.233231,0.19141569523457072,0.28836051755342507,0.09599145115850015,9.198643121311365
308,10.266563999999999,0.1885762211240185,0.29357879710404156,-3.047047990788347,9.175741294373301
309,10.299897,0.1872483629393334,0.2909231186707887,-1.067993649775801,9.420595818974258
310,10.33323,0.18968394216633622,0.2769078739233837,-1.5950174532834533,9.08516071266543
311,10.366563,0.18913445863143294,0.27134343159421714,-1.7000116184481904,8.323519403196372
312,10.399896,0.19296363281404014,0.22404574560914817,2.423505387621176,7.756992762306397
313,10.433228999999999,0.18248829429012636,0.19165915382979276,8.897662145297815,7.639654890943717
314,10.466562,0.1878962179811628,0.18564340629401033,20.253275069724644,7.683326055310348
315,10.499894999999999,0.1988003356519842,0.22930624607224526,26.363556697164142,7.906059799436075
316,10.533228,0.18940723497155337,0.2687069335400911,30.429568692806225,7.036204391865429
317,10.566561,0.19334767075293563,0.294049530315326,34.287367771528,7.046990709182387
318,10.599893999999999,0.19143232521058592,0.34466274982834544,39.3087313559746,7.382270282870031
319,10.633227,0.2038381437479423,0.36865331530602674,48.7921247201335,169.14953903845245
320,10.666559999999999,0.1821268134014874,0.3875799645040461,23.722073889427488,-175.54602094906573
321,10.699893,0.20044097917993703,0.3904423614021872,51.163744692797614,166.52597862514264
322,10.733226,0.22777020469118836,0.3892055087468363,51.33140354360418,165.77079695914685
323,10.766558999999999,0.25539858276149124,0.4121218819406805,44.61899556987901,6.6814549408656045
324,10.799892,0.23400430143651701,0.39366926104106015,43.555733996183484,6.7097182786693566
325,10.833224999999999,0.16789719746893894,0.33191726884301964,40.82335901094128,6.677161710423572
326,10.866558,0.10323378881110994,0.2867187729143684,38.935605316761944,7.618712115178843
327,10.899891,0.11128502118760732,0.17562096725154194,34.7406785463865,7.408828722992137
328,10.933224,0.13357941500932685,0.13891460677273132,31.21167344638326,8.07573348089602
329,10.966557,0.1540899542065038,0.12812995940017738,28.156925074621242,8.728818468240872
330,10.999889999999999,0.17518670639110842,0.17856394888324967,24.360545174227788,8.778419024360113
331,11.033223,0.16857587764407272,0.1951739078406628,18.43002596612697,9.274980617368032
332,11.066556,0.16973706493662213,0.22140126556982276,9.707271211969946,9.18617368708936
333,11.099889,0.16617122005295434,0.22770071781949558,-0.3203562314106016,9.268808983613756
334,11.133222,0.1763734763874681,0.23967729838534368,-4.247754947807866,10.096114569115382
335,11.166554999999999,0.18241175818886696,0.2401236265527876,-7.5900092067648535,10.040884966231095
336,11.199888,0.1907562011847497,0.24112959865179912,-9.685042113184755,10.253139010714163
337,11.233220999999999,0.19105284970320138,0.23551914823063125,-13.557684992085324,10.038367226470037
338,11.266554,0.18876581975500176,0.2502806908188584,-14.978935339390818,10.077930381337863
339,11.299887,0.1968718144085153,0.25961848203321164,-15.641433949822662,9.97548141317508
340,11.333219999999999,0.1893338106516789,0.2578662170636967,-17.379754071476228,9.523052320621542
341,11.366553,0.19361159285977061,0.2795581279641385,-19.655131583435026,8.713600150143556
342,11.399885999999999,0.1835220457543277,0.27668794636235394,-19.440869025211445,8.691318419473975
343,11.433219,0.1895889846764484,0.2728822170829709,-19.268226390230303,8.016014211830674
344,11.466552,0.1868907424502083,0.26118966404605587,-17.94402208228018,7.393929700017807
345,11.499884999999999,0.18491813423867834,0.2734237542224732,-16.653250145907805,6.91600354111111
346,11.533218,0.1770961673476619,0.2695652400782085,-19.1678521127449,6.375459135694326
347,11.566550999999999,0.18655233951081437,0.27174470666325545,-16.922194315729147,6.398578770001217
348,11.599884,0.18622383575267756,0.2710309544040691,-17.451036034269713,6.331706406731268
349,11.633217,0.18333719607372084,0.26502961601005426,-16.620714218496513,6.402976946322734
350,11.666549999999999,0.1794516241303323,0.27028222373773253,-17.319664967406005,5.946191703690844
351,11.699883,0.17781076049218458,0.2740877212941456,-18.236240329126506,6.119860973582127
352,11.733215999999999,0.19098890042330716,0.2738074642446315,-16.657386118115852,5.989787524408306
353,11.766549,0.18361016678026887,0.2746187097489585,-18.626033106103293,5.795081343673144
354,11.799882,0.19020995326843446,0.2729928786859521,-17.979903552547547,5.439598813447787
355,11.833215,0.18309362531152176,0.2727636371686801,-17.696220827191972,5.356307579051724
356,11.866548,0.19060310978780948,0.2735868540485512,-16.611508465952905,5.462946808013204
357,11.899880999999999,0.18995314868828317,0.27182341618181427,-15.881269833555098,5.458614186705811
358,11.933214,0.18714710419799074,0.27178081314688657,-15.52798523245103,5.491412901787768
359,11.966547,0.17923254041486447,0.26761310537630545,-16.412437711724944,5.291378006856874
360,11.99988,0.18354736772105695,0.2647829471736318,-16.421525334082006,5.152775030453592
361,12.033213,0.18404487542610704,0.2651453379025388,-15.294687592887232,5.006277524687624
362,12.066545999999999,0.19496782662296205,0.25894667933964505,-16.65035797237085,5.245816512738221
363,12.099879,0.19375709179983955,0.21831205111570376,-17.239364655235217,5.328433140476949
364,12.133211999999999,0.1954492956897227,0.1582198943359615,-17.55804855013618,5.792842791527426
365,12.166545,0.2105199768716351,0.21295682580263825,-21.859176231944055,4.995025609715136
366,12.199878,0.21811497818522482,0.21238917300627919,-23.574072986368222,4.8837749625508415
367,12.233210999999999,0.22809615231453367,0.26262024065839107,-27.558471397344437,4.107107924778393
368,12.266544,0.23655275865721082,0.27664307810717037,-29.851240005745964,3.656246964969137
369,12.299876999999999,0.2466415595045731,0.26870315514341386,-33.202110153141255,2.6221579401522384
370,12.33321,0.24234806928300467,0.28559130202851246,-34.69691462803946,2.7320719846054193
371,12.366543,0.23424613292072824,0.3018611940692394,-34.83086327648709,2.0176062927620615
372,12.399875999999999,0.23144595513746513,0.2979041556216483,-36.93379629627783,1.6168438559555245
373,12.433209,0.22220604386221007,0.2976769589247804,-36.70231405794101,1.2271997850414162
374,12.466541999999999,0.2344844678001313,0.30380629404885806,-37.30947044765227,0.5938937784467744
375,12.499875,0.24395895489619324,0.31338364760978943,-37.51177756527653,0.2059205647656415
376,12.533208,0.2520891673673661,0.30908348655510476,-37.526709136466074,-0.2280791435708115
377,12.566540999999999,0.24164645603708104,0.3084879730875364,-37.09541998061788,-0.8171488791340104
378,12.599874,0.2564750820265282,0.32688646441609204,-37.56382728948663,-1.3174633754047358
379,12.633206999999999,0.24220277530324782,0.3257805349081232,-37.26746211193451,-1.3165552006771046
380,12.66654,0.2284046366675054,0.3261741338809081,-35.83039759544426,-1.2984428119109892
381,12.699873,0.2414189632624467,0.31346109902604913,-36.294987932575886,-1.5044749496415328
382,12.733206,0.23126630234357445,0.313727811835764,-35.35044427039015,-1.4026358764777542
383,12.766539,0.25711703639752076,0.31404766471622747,-35.906629121985006,-1.5152446577718333
384,12.799871999999999,0.23127455152249085,0.31530531561149705,-36.32599911382643,-1.8202125697474918
385,12.833205,0.25138804614949595,0.31300456698976586,-36.33239030059471,-1.2982092670345173
386,12.866537999999998,0.23443687980618905,0.3020804445767412,-35.461498763290244,-1.5567046240120455
387,12.899871,0.23235321681261994,0.3065001497092231,-35.095277422226744,-1.3493343142476286
388,12.933204,0.24214387938316617,0.29546485354813756,-35.13176048549809,-1.242355866658974
389,12.966536999999999,0.24887764045636385,0.30582019428169177,-35.10382173009322,-1.361079001023526
390,12.99987,0.2315393356784211,0.3162075662794436,-34.370472190450386,-1.15971956974187
391,13.033202999999999,0.2248774687376138,0.3148578058078759,-34.062897249731805,-0.8136402271879757
392,13.066536,0.225604742657001,0.31333583089401956,-33.093256073763726,-1.039516372566233
393,13.099869,0.23850006911089303,0.22594177031112328,-33.17359260214477,-0.7970859141869029
394,13.133201999999999,0.22812447133947583,0.16619538259989064,-30.862656668784464,-0.8403430843849486
395,13.166535,0.21149092725049481,0.17351275755539047,-26.84411826640502,-0.45769586888860253
396,13.199867999999999,0.1974120879132217,0.22641460019472673,-21.504391555692678,-0.5990386331688653
397,13.233201,0.18368872707963294,0.28418354439902443,-7.354187179564629,0.8678451224919482
398,13.266534,0.17571874459496717,0.32449505445744553,7.278833799276839,1.5029211079150229
399,13.299866999999999,0.19644212268066616,0.3314765818793763,21.903176634357752,3.653391114803578
400,13.3332,0.1939671974273278,0.3505712304465318,22.898132838389923,2.9782570295008126
401,13.366532999999999,0.19193623309065513,0.358317071896895,27.21890969861776,3.130854332415008
402,13.399866,0.18505291452246483,0.3653836950877656,29.408618198537884,2.517977858464099
403,13.433199,0.18342535366858406,0.3619417148334838,30.885489679315974,1.6790965684033128
404,13.466531999999999,0.18138160458582078,0.36315448418257845,31.785049341112483,1.0755540633592189
405,13.499865,0.18892839136570336,0.3658436959876734,32.43391359695734,0.5791674093204303
406,13.533197999999999,0.2126878289102815,0.3701627023020123,33.493751204572774,0.7692727715967632
407,13.566531,0.21663208809064602,0.3577335887333024,33.15099456977229,0.13025747517507041
408,13.599864,0.2200680021156907,0.3725862832350862,34.33366520241544,0.6987535637838884
409,13.633197,0.2114268973817943,0.38706822612149966,34.99039117358852,0.1490016684746039
410,13.66653,0.23760275422053995,0.37703228152353085,36.40681017149165,0.1444037275436578
411,13.699862999999999,0.2490083752538311,0.36791181640393944,37.137646020459634,0.7554042313261229
412,13.733196,0.20745151276711654,0.3867730118799091,37.38655826454762,1.0493452623702495
413,13.766528999999998,0.21354130576391558,0.39420339413726335,38.51204014146758,2.2068441974763147
414,13.799862,0.20681173873233705,0.4035631179754994,38.648990266158755,2.75220294170763
415,13.833195,0.20167949714907463,0.3876301855879531,38.176865151127245,3.360685754192581
416,13.866527999999999,0.21301988511653266,0.3966313979682385,38.75887576358978,3.5648301172092527
417,13.899861,0.20163910192807946,0.39451090944449707,38.103909773074804,4.143479062363598
418,13.933193999999999,0.21977946730744422,0.39054207026321164,38.25828308384385,4.514988230508622
419,13.966527,0.21874019816340012,0.3830120082413019,38.380091053702955,5.484897731065014
420,13.99986,0.31260101687935554,0.3958702598244763,39.52129640372361,6.286670424256872
421,14.033192999999999,0.30337248836241565,0.3955852618083415,40.18160739316568,7.1502813993578425
422,14.066526,0.31636753307447896,0.4030099828182765,40.75890537439577,7.319390066478569
423,14.099858999999999,0.2898963304556408,0.3921678121519871,41.25560750787071,7.758807680361571
424,14.133192,0.19718172213307908,0.38994215712903446,40.08700844333578,7.707174199355474
425,14.166525,0.1700460966250077,0.38121010214733286,39.694622759994175,8.186796671031962
426,14.199857999999999,0.15546699820636423,0.3694991406799032,38.01711713124452,8.731784919449447
427,14.233191,0.10463931267346799,0.3602714352512721,37.58466736392853,8.613279628221937
428,14.266523999999999,0.11790975745876014,0.37968044665722733,46.60595546640184,177.34631286379866
429,14.299857,0.14465676196449823,0.36810086937928477,46.67470730981435,178.00446891508327
430,14.33319,0.14825510457583066,0.37137301662064626,45.98559057613147,178.52618135956666
431,14.366522999999999,0.161718311547217,0.37405162890614624,37.45138549360931,10.597683537722006
432,14.399856,0.1617222512225279,0.3675515969738579,37.3645481908362,11.20638067361757
433,14.433188999999999,0.1638095398633576,0.3724667804332993,45.47171301145293,-179.50089793041457
434,14.466522,0.17103446020312543,0.3853504283541712,38.08753973450381,11.812615110681932
435,14.499854999999998,0.17975848054650187,0.39196650261226706,38.10975133389281,12.375239481121616
436,14.533187999999999,0.1794555082799972,0.3824517437544859,37.63846861428917,12.674443449645226
437,14.566521,0.18895446244054465,0.3972860903496075,38.0061676328076,12.730484656842526
438,14.599853999999999,0.19319555897938745,0.4027227354912227,38.27749434731432,12.76024984902151
439,14.633187,0.24855853081374357,0.4150721250720172,38.17483754150238,12.555188008664436
440,14.666519999999998,0.2906519990843621,0.39760289106377406,40.14245409103329,13.243781207225789
441,14.699853,0.38887386636562876,0.39524235084342807,40.94718131484357,12.857935862296518
442,14.733186,0.3696102159487515,0.40556422180722895,41.23542726635765,12.89184465937065
443,14.766518999999999,0.2486424080123522,0.4137754274859808,40.64340846127514,12.772163381070794
444,14.799852,0.12154286028422835,0.39911407666454013,40.06867024327288,12.358574714294248
445,14.833184999999999,0.03935982561836536,0.4183788734921169,38.750840274650955,12.006594708782307
446,14.866518,0.0834467630579612,0.4178009095257681,37.34666752664937,11.431307782853363
447,14.899851,0.15754652643514463,0.4214041686762062,37.76859679004166,10.599848009073584
448,14.933183999999999,0.1992399389279845,0.37107880044256975,37.08486013833813,9.526153362710044
449,14.966517,0.2162588407968139,0.3261901817252033,35.73032945768034,8.594398827575633
450,14.999849999999999,0.18455210374327244,0.2958038587984559,33.483641583016635,7.8587923505314095
451,15.033183,0.15306945906193606,0.3188072827063765,31.67546119719909,7.192711106593923
452,15.066516,0.14492353020195103,0.341043581276783,31.280480298544767,6.7827755772730125
453,15.099848999999999,0.16731142893538078,0.3639432364196259,31.005679593142467,6.391757705906386
454,15.133182,0.17872263521059012,0.35862139891213235,31.379131397011562,6.223459611536343
455,15.166514999999999,0.1537455784759855,0.37322437173016487,31.36570755780504,5.667268606605681
456,15.199848,0.156299618729557,0.36270728675316244,30.464222313543498,5.765661382345398
457,15.233181,0.16077974627655828,0.37113269752755074,30.316509322824377,5.609711558841847
458,15.266513999999999,0.16893875710009357,0.36606785267578207,29.920675460526024,5.456191757321519
459,15.299847,0.1716740711851656,0.35246580084922674,28.155985574330153,5.036418111388716
460,15.333179999999999,0.1696080263047526,0.35200112980590237,27.58990255287839,4.764757561638212
461,15.366513,0.16172854022254288,0.3451198186851768,28.08828888348219,4.967154762304279
462,15.399845999999998,0.16637050680264268,0.3445493345431049,28.002728267465496,4.987294122234652
463,15.433178999999999,0.17319183497773566,0.3464608153968705,28.430816988395904,5.039041596929866
464,15.466512,0.16516623559643212,0.346924634283749,27.910067969668017,4.938248397187057
465,15.499844999999999,0.17856655526236523,0.33882327030087533,27.749317406855496,4.580357594475373
466,15.533178,0.16862007705567264,0.34948311739843974,26.72471240419848,4.320319012117243
467,15.566510999999998,0.1607363757323953,0.34849415512048865,26.83186884408207,4.5499349331488315
468,15.599844,0.10310696282269226,0.3520280462755021,27.095040064423227,4.123454279490062
469,15.633177,0.05515219437438257,0.35735970884832824,27.951100319611424,4.069931077223062
470,15.666509999999999,0.05472504098914189,0.3581642082710619,27.30584933479239,3.895781191413473
471,15.699843,0.05780980488404459,0.36068606164147043,27.76257859730449,3.925932417536174
472,15.733175999999998,0.060121090753762665,0.342412475271589,27.96045220680511,3.867506550224191
473,15.766509,0.15446343376408359,0.34371436489954404,27.966955106347463,4.082497286018698
474,15.799842,0.1496207062654362,0.34965353760303775,28.915654005323695,4.022362421284867
475,15.833174999999999,0.13848459673747313,0.3417580961019592,27.609059006925566,4.140640129545854
476,15.866508,0.13050870306604356,0.32528863356644044,29.7719051331938,4.2288413497512
477,15.899840999999999,0.13329627980692768,0.23003741084777063,30.25094497221019,4.526743228164385
478,15.933174,0.12980871968615895,0.22468130825233745,29.729176300856974,4.56766808306116
479,15.966507,0.14724008646048395,0.2530851680363763,29.07014955857026,5.125196909786868
480,15.999839999999999,0.14073364970888758,0.2873701603271255,27.99189208815368,5.265166691185694
481,16.033172999999998,0.131668265702995,0.3208439444621681,28.369149729791822,5.502324400899023
482,16.066506,0.13787469484173784,0.3455077168312445,27.28177042887713,5.948530786220186
483,16.099839,0.12830551613751123,0.34262867925681817,27.533447244284297,5.846833966934987
484,16.133172,0.14158314721989784,0.35495973933650216,27.483382512181866,5.879137567769131
485,16.166505,0.14138549241974777,0.3574693676277676,27.598994501568683,6.427312835730468
486,16.199838,0.1532426872282017,0.3677989225026476,28.47218183028146,6.474515611560273
487,16.233171,0.14663232172668603,0.3597808705545767,27.58644207881517,6.459263588373448
488,16.266503999999998,0.1495857896850978,0.35979927113019405,25.99992195233202,6.071562014381714
489,16.299837,0.14171194211209923,0.3595172996825083,27.223873642207298,6.564961153966344
490,16.33317,0.15044416562278773,0.35803728378861693,27.447696147465685,6.5875967294252025
491,16.366502999999998,0.13330751853842482,0.3586304558312046,28.141670988962847,6.9036841078129765
492,16.399836,0.15429736421437265,0.35602152973318246,27.940555886205313,7.2698389957859275
493,16.433169,0.15366434238017912,0.3521430081429494,28.308310767499165,7.136244888328131
494,16.466502,0.1582709473490767,0.35527056294427534,28.4977873154257,7.148883495335391
495,16.499835,0.15365446798329893,0.35560285231622724,28.58199232375886,7.277236602955896
496,16.533168,0.17486463219444398,0.3538949638918675,29.55482679501581,7.413329722625481
497,16.566501,0.2153404103859398,0.3552392351921597,30.31181444302107,7.856360220325657
498,16.599833999999998,0.2101292914726444,0.3560423964345447,30.722030106361505,7.5665677653980445
499,16.633167,0.20725979582407564,0.3497892193048634,30.00383028381437,7.691040330415469
500,16.6665,0.09596335307596442,0.35176388029307426,28.954279103119013,7.271556341851487
501,16.699832999999998,0.050002132308815526,0.3572944096587897,29.613375864897034,7.484922937642174
502,16.733166,0.0726554004671769,0.3434154491383945,28.88379230257894,7.665478223444406
503,16.766499,0.1680714779858424,0.34849781611032443,30.739993012425497,8.292549788414295
504,16.799832,0.1936232949626854,0.35245463459233317,29.691799049770673,8.482531109491019
505,16.833164999999997,0.18052006817351635,0.3682317731024849,30.44995429303721,8.463125075145467
506,16.866498,0.16693734491162035,0.36681219739396637,29.147324692939705,8.397827003718072
507,16.899831,0.13518536733395184,0.37128494898504805,29.400486905997283,8.248725106708765
508,16.933163999999998,0.13746155553662706,0.3632847075864868,29.677625423494128,8.26270207194848
509,16.966497,0.12192042606353651,0.3508392763918652,28.067673700776282,7.842082905591475
510,16.99983,0.06460681561585112,0.3720906444168829,28.661780225548394,7.783086469938567
511,17.033163,0.05677349852018196,0.36058815310399794,27.75724151839936,7.9487010732120105
512,17.066496,0.054666552869412174,0.36767927386388066,28.56928773345202,7.646761974857582
513,17.099829,0.05621769910535367,0.35868928848189696,28.805882376004458,8.130081022434982
514,17.133162,0.07991938765652377,0.361556775987669,29.47669750077513,7.893919851496293
515,17.166494999999998,0.16692618424507105,0.34647260538617874,28.482492710525616,8.387448676329866
516,17.199828,0.18774634840012216,0.36374782749822654,30.672639695365653,9.036318686087926
517,17.233161,0.20068030769783463,0.3591850989471941,30.555936889029592,9.087570206484768
518,17.266493999999998,0.2071614391883317,0.3643408930249984,30.95548225609126,9.249707889536761
519,17.299827,0.20897670472059476,0.3694647149242995,29.771723646957447,9.028788802292619
520,17.33316,0.17609256546435406,0.36006904759222996,30.472006424999158,8.92320723206628
521,17.366493,0.12827978507126134,0.3622616854523281,28.426012729847873,8.132830394400548
522,17.399825999999997,0.14045855058471302,0.368462737943426,30.577153302886,8.590770044952777
523,17.433159,0.1519306998813472,0.36743660360485375,29.840502972022605,8.098633929300334
524,17.466492,0.18575685705171804,0.35617950429296985,31.146182801364862,8.434636086785435
525,17.499824999999998,0.22232193720406518,0.3435017649654055,32.35196458739086,9.136868181109726
526,17.533158,0.23907726244800728,0.3468554283877988,33.333171560425185,9.371703623210074
527,17.566491,0.22317528037790738,0.3565916864626798,31.179129488129853,8.856744542551338
528,17.599823999999998,0.19028736811916577,0.34822889582431127,30.40614394611214,8.921811788984357
529,17.633157,0.18157198643935654,0.36203935092992945,29.92582995338128,8.607667696789942
530,17.66649,0.17934744161684896,0.3555886572120492,29.713092513391494,8.178480108222924
531,17.699823,0.17665067385744537,0.3720843589424959,30.13349605314101,8.155234756141223
532,17.733155999999997,0.14145468322614735,0.36745902221755383,30.309861260785524,8.19303392802298
533,17.766489,0.048577971212739705,0.36228959540921535,29.457857425094968,7.432673233621277
534,17.799822,0.0527637242181355,0.3559940918769544,30.63613315144688,8.101105388276455
535,17.833154999999998,0.04876488637735314,0.3532872080905184,30.359452510680125,8.316355563048099
536,17.866488,0.05760175380943138,0.35997645379224125,29.61691142746887,8.238712884691735
537,17.899821,0.12602476955922937,0.36012062747099016,30.132403108589692,8.56753356795259
538,17.933154,0.11631692769535844,0.35344184375480603,29.392428370070665,8.237537375756181
539,17.966487,0.11095039355978817,0.3573495372613643,29.84255291474422,8.578287741793043
540,17.99982,0.11596499838134626,0.35497432026615916,29.59014818408427,8.775471444641695
541,18.033153,0.10312154918314928,0.34498935148955945,29.686951165749107,8.881385364186173
542,18.066485999999998,0.10589869433933166,0.3625436470701601,29.152819389569586,8.922962077905561
543,18.099819,0.11580818856588918,0.35838966725649635,30.30837657167365,9.814953396791253
544,18.133152,0.10586326741336172,0.3587711967169914,29.371099373163958,9.194651413871744
545,18.166484999999998,0.11948204001331314,0.3625039820636142,30.146867446773665,9.770030550807363
546,18.199818,0.11449376959017091,0.3693096851491681,29.401942913984758,10.14634944553405
547,18.233151,0.12668350315206905,0.3650244037784276,29.58662418137127,10.12409047799361
548,18.266484,0.14205259668723122,0.35987487953560066,29.453588570844747,9.389140219565293
549,18.299816999999997,0.1488129714172756,0.3631899928213697,29.216229866646817,9.605024203325662
550,18.33315,0.1754999324431533,0.3615961390223298,28.469339484421702,9.452861625481253
551,18.366483,0.18260294117281334,0.3519528460517807,29.346038083610367,9.479487673537227
552,18.399815999999998,0.19487840315631594,0.3718393076505639,29.241865467903445,8.935553195502465
553,18.433149,0.19276425223996657,0.34775347737564255,28.589317220801906,8.765017883298148
554,18.466482,0.20382641592730077,0.3511290914612327,28.895379714642363,8.67036548047356
555,18.499814999999998,0.19788549469855948,0.3504427278706118,29.695135460329524,9.048833822565395
556,18.533148,0.20186867423282662,0.34761178314674746,28.647424817727035,8.580265478878907
557,18.566481,0.2044639986168341,0.3521984243233325,28.540094610339672,8.37685334294813
558,18.599814,0.191989089537614,0.35022301113008014,27.892354925631135,8.377112579574888
559,18.633146999999997,0.19793729211159014,0.34952420778730464,27.52221650453105,8.398375266448348
560,18.66648,0.19434612866345652,0.35661256378568396,28.01568086790806,8.28095572796337
561,18.699813,0.18298780457156916,0.34608968983669697,27.75253955633275,8.40213972300703
562,18.733145999999998,0.19476862817938748,0.29440287605747867,27.79394464418974,8.350157349598144
563,18.766479,0.18732605555150747,0.248762278954409,25.868805430069933,8.119588673751984
564,18.799812,0.19425457056770778,0.2218006630157348,23.239851165072803,7.5731748454401915
565,18.833145,0.18227278617882017,0.20661865969539467,17.676693885667795,7.277207286390613
566,18.866478,0.17958363429550703,0.19843374124643484,6.049860796442138,6.478588876672806
567,18.899811,0.18184721855339714,0.21903247161543965,3.2722428125882805,6.590082832701574
568,18.933144,0.14926318633888253,0.23506071126700065,-6.569514103394766,6.229898297358559
569,18.966476999999998,0.11083444919859327,0.24864257718426758,-10.776938801532763,5.691562459907758
570,18.99981,0.08464462632338482,0.25539543388002356,-11.495894778573762,5.826915700889333
571,19.033143,0.08269031894066341,0.2660173903599519,-16.168475676012303,4.672654365703343
572,19.066475999999998,0.14079929345547273,0.27426190748179224,-17.240974022532946,4.51499143140197
573,19.099809,0.138762828069506,0.29755454494187156,-18.87004046596064,4.000586639559906
574,19.133142,0.08199858260615,0.30253509918242544,-18.675929749609512,4.089671881682349
575,19.166475,0.0679789235095378,0.31356577027046595,-17.842932842763513,4.269198023467311
576,19.199807999999997,0.06821404578736831,0.30845992364963803,-18.412390755693444,3.9449259689513294
577,19.233141,0.07122821308364614,0.3177262757475498,-17.95654666954205,4.016692389234265
578,19.266474,0.17902426379736555,0.323989111349686,-20.26702585830442,3.7310364666386504
579,19.299806999999998,0.23219471979851453,0.3262940924228834,-21.05624534992589,4.185315402212319
580,19.33314,0.24977401124863416,0.3163416138755046,-20.378742982109728,4.507182446414839
581,19.366473,0.22559901778007346,0.31948875754063055,-21.865907327529655,4.026413841762695
582,19.399805999999998,0.2143762776338652,0.3199726998036526,-21.244573145466987,4.441913938643132
583,19.433139,0.22570865429770806,0.30301089309247364,-21.674834983312643,4.376833843840512
584,19.466472,0.20902283872685923,0.30817601700979574,-20.707398075915023,4.974293953658438
585,19.499805,0.1977556281238653,0.3043805139894491,-22.097148042771746,4.618776862454305
586,19.533137999999997,0.19443302783297312,0.2988858271538134,-20.772750372408023,5.310568311489884
587,19.566471,0.16418028232666307,0.31634635252652266,-22.028723771943298,5.134719954781809
588,19.599804,0.14831922618872825,0.3190969788305358,-18.850058965719896,5.361554387132491
589,19.633136999999998,0.08007625872975803,0.31495515740274216,-18.291617967169447,4.884618611843601
590,19.66647,0.07142136184832264,0.3175231541635302,-16.57558825697967,5.009745436279455
591,19.699803,0.06877263384337312,0.30787061244021885,-15.379978264772246,4.40551873840133
592,19.733136,0.07042644659844723,0.3069669443408132,-13.641795415351492,4.825812490130101
593,19.766469,0.15774953085083793,0.30275449352201567,-13.952508344560682,4.859808921652943
594,19.799802,0.17339855901690823,0.29360850749355283,-13.744657831401252,4.84367815028764
595,19.833135,0.18159680288579802,0.3064331921673336,-13.949355582949478,4.680675666514868
596,19.866467999999998,0.18793660880729987,0.2973585004682616,-10.47781346770547,5.21836058535873
597,19.899801,0.1721850008454907,0.29659875440253686,-11.262055223983895,4.884200012977302
598,19.933134,0.1841879748319048,0.30077919858612456,-12.147171006270518,4.775761035049066
599,19.966466999999998,0.20130677036043693,0.29354119710397464,-12.463982338686101,4.294422363315271
600,19.9998,0.194308417981847,0.30053588370643103,-11.701181110589333,4.2057517315025
601,20.033133,0.18868549015481587,0.29682378828731193,-12.29795087866834,3.950395535141341
602,20.066466,0.18118452626535014,0.29720247490992246,-14.423614989129888,3.3143297018948017
603,20.099798999999997,0.16349009189819225,0.3115299237785575,-13.159300086020332,2.9962330064874383
604,20.133132,0.16241992987392434,0.29551928408208694,-10.934974173300535,3.351829276000246
605,20.166465,0.16764811069457933,0.300052093333002,-11.224385884445516,3.192727282205072
606,20.199797999999998,0.19243899147796803,0.2986214664787708,-8.968129591818322,3.4356180936409313
607,20.233131,0.16197545955871265,0.29708648273935306,-11.316510294855563,2.9892790307676935
608,20.266464,0.16138046273314383,0.29894844210470906,-9.889314760112088,3.0479318688526122
609,20.299796999999998,0.174421050635203,0.3020106499007833,-9.299644268091118,3.164065925560152
610,20.33313,0.1639431941250685,0.30332660135766387,-11.010981087760081,3.0235309752519295
611,20.366463,0.17696203484720058,0.29076028225361833,-9.748426665387798,3.383880642711994
612,20.399796,0.16986177663439525,0.30701682245998774,-13.440694146791069,2.7096196455224075
613,20.433128999999997,0.1742489498076843,0.3187797033924926,-15.140947037250244,2.522768463594746
614,20.466462,0.17608758362625312,0.3123048577157478,-15.355861460822544,2.7029271009550793
615,20.499795,0.16853293288901747,0.3160995268296709,-15.945625768013002,2.5295042227413767
616,20.533127999999998,0.1710347345206956,0.31465222653918357,-16.832417796738525,2.7091680185758924
617,20.566461,0.17541012407125084,0.31054852680209327,-15.63848028187097,2.7908201198810634
618,20.599794,0.16130564483978846,0.310309308420622,-14.359656938500695,2.90983264634631
619,20.633126999999998,0.18077718450341357,0.3169442978614473,-16.085720569648597,2.93106626994568
620,20.66646,0.18247257078219103,0.317238192045578,-15.049212644845896,3.0266342229936467
621,20.699793,0.17536643249217007,0.3123053405736648,-15.137924478967472,2.981420322189225
622,20.733126,0.17720398468856144,0.32149350333737015,-15.221511436241737,3.0462578586760745
623,20.766458999999998,0.17995671311733993,0.3127453190380333,-16.136898936098767,3.1412243406776827
624,20.799792,0.18033390353801504,0.30756311275663917,-13.654841767906296,3.440911750555311
625,20.833125,0.18188666020188515,0.315184907057906,-14.024394693640197,3.5958054743448518
626,20.866457999999998,0.1799976088716682,0.3123608548791902,-14.418410657515428,3.541664447235387
627,20.899791,0.1757615795423838,0.31394739548146866,-13.923794169936636,3.724907433614615
628,20.933124,0.17064109916818757,0.30462464523574184,-14.08414166819224,3.6948088080089567
629,20.966457,0.1656912607127493,0.312079905454582,-13.4817328533535,3.6319441393603156
630,20.999789999999997,0.15760786176160888,0.3003523933364929,-12.49144849526407,3.6425720636379695
631,21.033123,0.1173182620026838,0.2998286603102134,-11.561331222466498,3.595119773654423
632,21.066456,0.08803413784269758,0.29630172744679717,-11.32969803295964,3.258796291195719
633,21.099788999999998,0.06793042247278877,0.30183090201808127,-9.778986946888683,3.450199724011687
634,21.133122,0.06938468917900129,0.2933841911316574,-9.617834641544581,3.316095830086342
635,21.166455,0.07049270538656915,0.28540993789875385,-6.060412350016098,3.3778587791773687
636,21.199787999999998,0.06842926340351059,0.29481221461130735,-5.019707768826215,3.0522847535420117
637,21.233121,0.0675390224098415,0.29012769261664284,-8.970863694543858,2.5525363234934693
638,21.266454,0.07016855579308319,0.29050955874670215,-7.812974611789473,2.4906635717638252
639,21.299787,0.06857846840402995,0.29611929301148915,-6.345984513975714,2.5258670068006848
640,21.333119999999997,0.06961721643901687,0.29884049586965755,-5.235562751542638,2.3651553612808427
641,21.366453,0.068699287379793,0.30654454758887095,-7.081199140836748,2.1754162170126263
642,21.399786,0.06960262234015945,0.3032057690187515,-4.8270682799951405,2.4023812900445582
643,21.433118999999998,0.06810753396220456,0.29807059965865873,-6.3147492195197215,2.130919856028373
644,21.466452,0.06752281882012148,0.30117356656275907,-7.3097852714791545,2.033492178797428
645,21.499785,0.06853373823047094,0.298401856606557,-4.523544561440364,2.467229207874136
646,21.533117999999998,0.06804423973864566,0.3020281273364911,-5.816011365148008,2.6311269208761
647,21.566450999999997,0.0677282685804715,0.30257701853877195,-6.757598568117416,2.593990268255172
648,21.599784,0.07053344921914662,0.3037870689989316,-2.159255743059985,2.9502839123156663
649,21.633117,0.0692849154563307,0.3085182288605186,-1.583020850286054,3.0868979457934675
650,21.666449999999998,0.07102303537106756,0.30511677169374224,-0.6148754066126502,3.4764204241017853
651,21.699783,0.147236306449666,0.3015091615100307,-3.5335269698747496,3.2815178289994087
652,21.733116,0.16105531349889274,0.3138350870605816,2.426145120037462,3.700889564365348
653,21.766448999999998,0.1722166595893277,0.299932917220082,-4.625176833105167,3.390261898850252
654,21.799782,0.1699351293506769,0.3028493924333572,-4.192539193553051,3.419766506411523
655,21.833115,0.1499743732335262,0.3028528197693563,-6.105457472812472,3.3849690248943363
656,21.866448,0.14318099265379894,0.30403043521223067,-3.636128134667595,3.5034339829810857
657,21.899780999999997,0.15449843024465912,0.31170958870282633,-1.221976738827867,3.841841908762795
658,21.933114,0.15307767828107874,0.3067840461159481,-4.945341854134057,3.8863038600106172
659,21.966447,0.138091974733124,0.30269794532078576,-7.215653610807565,3.5992025716564875
660,21.999779999999998,0.14466625852075093,0.3063479031264218,-7.01701673788388,3.4523155970532975
661,22.033113,0.12736731544765925,0.3056582358561757,-4.841008968295997,3.5620251363132964
662,22.066446,0.13612243323963308,0.306224835888259,-5.996407481010665,3.605828213697204
663,22.099778999999998,0.14684040987421462,0.29797969001871566,-8.601983938569358,3.2605720566404672
664,22.133112,0.16350884206820665,0.309787303351315,-6.780164046741508,3.403795967148585
665,22.166445,0.13971189004031814,0.2942337977429726,-11.181036380168795,2.3094557130697155
666,22.199778,0.15562460144742363,0.30739498095023604,-9.665433965712984,2.3967995938045785
667,22.233110999999997,0.13706204468815325,0.30526347490429206,-12.040213246212689,2.034116969595725
668,22.266444,0.13101007909538245,0.30469060099999346,-11.20565758521554,1.7884271306419586
669,22.299777,0.1462701572587856,0.30626054542219516,-10.001671366852149,1.5324073209059375
670,22.333109999999998,0.1472694313211394,0.3129897732221394,-12.423891955013525,1.1447130267698382
671,22.366443,0.15096762604789554,0.30926123610326783,-8.74301091456288,1.6096936198342693
672,22.399776,0.14361315989397508,0.3092346619428258,-9.9855595550137,1.923128462421337
673,22.433108999999998,0.13796329822908993,0.30888980501793206,-8.81692782883002,2.1903644064330985
674,22.466441999999997,0.15485586899249124,0.29952419634735816,-8.409611325305136,2.3126706147453975
675,22.499775,0.1526533182762685,0.30255443307186014,-10.059475959762485,2.313274093153494
676,22.533108,0.15000313397380455,0.29726316691426796,-9.951944843606432,2.3548969023617823
677,22.566440999999998,0.15159276912296266,0.2911734089849367,-11.178683522146411,2.552467502819593
678,22.599774,0.15539375135949876,0.2520215518946768,-10.853619006377876,2.6045456842029164
679,22.633107,0.14014800484016066,0.22062812423564845,-9.161018508558536,2.702773972784893
680,22.666439999999998,0.15852450755380287,0.20673331684929735,-10.60532668313985,2.4496876145103075
681,22.699773,0.14718085862749164,0.21341205413476713,-5.467034309280868,2.733454947380218
682,22.733106,0.1485281573036032,0.2427102056769977,-5.49674710827958,2.665723270958245
683,22.766439,0.1241040485511607,0.2705670605448899,-8.687217480031606,1.7896445541396175
684,22.799771999999997,0.1183537162141995,0.2791445355190042,-4.610336278352851,1.8450557007789519
685,22.833105,0.14142915906154638,0.28714733055920866,-2.0714167248674866,1.638101496565474
686,22.866438,0.15724581115623226,0.2918922758657825,-2.768483534743389,1.3714134222162182
687,22.899770999999998,0.19042256627578255,0.3010291564432948,3.6310614169452617,1.5452099695778716
688,22.933104,0.16886321762232648,0.29866233594518987,-1.3072844208583656,0.9584083522445823
689,22.966437,0.13452401915535936,0.3015831330736237,-2.4123570829036884,0.7552762309712678
690,22.999769999999998,0.11986964404468292,0.2877834017628019,-2.116547070834556,0.30802768330511643
691,23.033103,0.12422279363882897,0.29117917573757707,0.7361912744898208,0.3695024755286563
692,23.066436,0.13840388869282438,0.29661963459442586,1.0891480277765981,-0.18307548827537598
693,23.099769,0.16735024496467787,0.31032670859225586,4.766097093662714,-0.1955551183101303
694,23.133101999999997,0.17774135246736417,0.3051598789152286,3.0718556516195314,0.005887832668802679
695,23.166435,0.1823443689943506,0.295217979368936,6.238652187173657,-0.2562679422009741
696,23.199768,0.16898166189518807,0.2836690996259549,4.867801301645998,-0.49051028610647374
697,23.233100999999998,0.17873187858624442,0.2212620966192782,7.33107675324527,-0.79526373128025
698,23.266434,0.16172596162337022,0.14292791435184193,7.843716235168702,-1.1209582427769413
699,23.299767,0.1541504617227389,0.1478255841098008,4.1781893248658895,-1.1697069599394219
700,23.333099999999998,0.15668280995824127,0.175738948941282,6.281672858642977,-1.064165648269891
701,23.366432999999997,0.16408032187560748,0.19844940856211873,8.866635030484456,-0.586770485702466
702,23.399766,0.14440828912596712,0.2396558976473166,4.431434727418995,-0.5060057593513922
703,23.433099,0.11052226394759458,0.2619944185459738,6.615505235517729,-0.38120148854526875
704,23.466431999999998,0.06548319064083549,0.27257015677012164,2.696912850347023,-0.3295113757353824
705,23.499765,0.06608969409855721,0.2885877774718021,4.415178357701455,-0.20358776841105405
706,23.533098,0.0657818428250773,0.2782872502047691,1.2204328078378908,0.0070869028392636655
707,23.566430999999998,0.06943667774213663,0.28080551443301116,5.1191217069457675,0.7415025838275495
708,23.599764,0.16842638256188064,0.2808303156227093,0.6941665380277678,1.0480840044594049
709,23.633097,0.1702489464919787,0.2824131918732137,-2.005977437637329,1.2368820979436956
710,23.66643,0.1822525654107524,0.2862668521878361,-3.81591600376492,1.6605279158997048
711,23.699762999999997,0.17998316723588734,0.28944272184536546,-1.4040479848606946,2.002795619620811
712,23.733096,0.17719235822216184,0.29285875569756636,-1.8933452597834897,2.2675952191641984
713,23.766429,0.17673126883936865,0.28919485108403276,-7.1488139192300695,2.3663620460955697
714,23.799761999999998,0.17418976375912534,0.2868768190451939,-4.280611267672721,2.769875628875618
715,23.833095,0.17433217967210554,0.28571607238326324,-5.534447462418878,2.877873699455804
716,23.866428,0.16999039491029896,0.29003936099455574,-2.010693262017801,3.559863999617576
717,23.899760999999998,0.1779702958767849,0.28341199833244907,-4.739193324069354,3.4851213711193596
718,23.933094,0.17035592282439216,0.2866664007397932,-4.554226891125457,3.9005036570254132
719,23.966427,0.1729571529305056,0.2982960713377862,-3.527368893247571,4.0960385485074156
720,23.99976,0.17260502173255593,0.3031336763436125,-6.006931474428724,4.0967149556231375
721,24.033092999999997,0.16777592868001392,0.2962666169787537,-6.4976238625417775,4.13828950027057
722,24.066426,0.16079566941515083,0.30011874743332545,-9.996280812086852,4.293506803118841
723,24.099759,0.15883207622639728,0.30213679555965256,-8.992174110290648,4.36727489803774
724,24.133091999999998,0.16217136670676024,0.30015068013234314,-9.413227909793502,4.69703141481039
725,24.166425,0.16944746160874674,0.29398400609113096,-10.84704266061242,5.158722616569338
726,24.199758,0.13954088302216755,0.3020086345785891,-14.741104949641631,5.414041305018581
727,24.233090999999998,0.11199926663706937,0.30444619533828926,-16.198598583319644,5.336756110506059
728,24.266423999999997,0.08664812977259738,0.304539089630118,-14.514905162806627,5.9157822821718025
729,24.299757,0.07458044312707776,0.3032399725975725,-10.470548991051334,6.4364881382325905
730,24.33309,0.0749735329490216,0.306896105318657,-7.5567634624310625,7.058084782436241
731,24.366422999999998,0.07491019976499919,0.30074118143711703,-6.572779701861403,7.487480641293336
732,24.399756,0.07391145503176688,0.2983111549041212,-6.671602446353625,7.772910235642203
733,24.433089,0.0727799319711896,0.3006247539782234,-6.931752218059256,8.261948975613109
734,24.466421999999998,0.07247248528411789,0.30348777859056786,-10.423680208984736,8.09881753881561
735,24.499755,0.07263620711894726,0.30401982569537767,-9.06306160927197,8.141668337848744
736,24.533088,0.07415290305385043,0.2964486448268341,-10.213999682111622,8.157736011146882
737,24.566421,0.07345457589778394,0.28945559554175077,-11.976040159483075,8.176997317318587
738,24.599753999999997,0.07277512511078069,0.29977113993515236,-12.84207930527296,8.330630181960785
739,24.633087,0.07083190823138316,0.3042251243764892,-14.738743332762992,8.280667827995936
740,24.66642,0.13403970109957897,0.31005599169987663,-16.95551335447402,8.187594390753961
741,24.699752999999998,0.20705650080427188,0.29817395629450827,-15.36028348562907,8.315535893447969
742,24.733086,0.22967376171183476,0.29979610791749034,-15.575956017356878,8.56213077138061
743,24.766419,0.2474310803626922,0.29979542055474473,-14.09629637840483,8.761190075102922
744,24.799751999999998,0.2139777747895183,0.31481650049783544,-16.290334782219976,8.557316589600239
745,24.833084999999997,0.2004658524207731,0.31576092544207524,-14.203379846346227,8.871253301710905
746,24.866418,0.17469989317266624,0.3214685935826066,-13.775903522612994,8.438946762579489
747,24.899751,0.1520002443696027,0.3078863873717035,-13.020065174782241,8.09028495542779
748,24.933083999999997,0.07380763648597657,0.3042510859037772,-6.200316725843685,9.431289931359544
749,24.966417,0.06900003097731978,0.30583885345645434,-7.2344163799480015,10.118150076816862
750,24.99975,0.0694614296660302,0.29386686134411444,-8.094842206942916,9.875165853218618
751,25.033082999999998,0.06700474758790548,0.29582347404329373,-4.222589817593593,10.107925354704753
752,25.066416,0.08094278897852698,0.2957742826421096,-2.994282885680394,10.471827380503939
753,25.099749,0.1638566900289421,0.2961206187043069,-7.062458245498162,10.333528818684076
754,25.133081999999998,0.18271115165078322,0.300320483158364,-4.822376469483792,10.835367439385822
755,25.166414999999997,0.1735821854919319,0.28742826425452883,-8.424472504659612,10.88474731307878
756,25.199748,0.17027805630053822,0.2902317022868115,-7.659666729209383,11.063846466380829
757,25.233081,0.16208665160114002,0.290143681942151,-2.3301346694512373,11.428460831036269
758,25.266413999999997,0.1659380626086928,0.29713394151492534,-0.27098006997573465,11.552783982992274
759,25.299747,0.15974043505186472,0.2969358929900876,-2.6407585336924946,11.822052445615936
760,25.33308,0.16607988158521947,0.30342683037035645,-1.6271059173337517,11.511632735458987
761,25.366412999999998,0.1703398042313793,0.3005339977888003,-1.3537452495519442,11.614478120114342
762,25.399746,0.17291315503728433,0.29422483206158806,-3.20889622712604,11.695852602143566
763,25.433079,0.18401045873984404,0.29603412024182973,-3.1740230292130787,11.700961046475244
764,25.466412,0.17024702053932544,0.2966718004726673,-3.8667585461520106,11.445447026197254
765,25.499744999999997,0.16353275341664458,0.2906896827423475,-3.750094601699019,11.248017041549653
766,25.533078,0.15566246203212,0.28918689194615277,-3.1597836054600954,11.3133140839548
767,25.566411,0.15880353130297079,0.2914455631682977,-4.018795188126755,11.144214957954636
768,25.599743999999998,0.17044380067890186,0.2958869077179636,-4.784872239049791,11.083563359622994
769,25.633077,0.15854950086673802,0.3032826913995083,-2.760412079429039,11.245220049939679
770,25.66641,0.16275259905331857,0.2993048097201829,-3.500816172803223,10.944733240175783
771,25.699742999999998,0.17097399904402638,0.30116592561133687,-4.425575657291639,10.550943408357083
772,25.733075999999997,0.16896570271142466,0.2959744707366112,-5.633820153541404,10.192645288691983
773,25.766409,0.16484731194770894,0.300040321577441,-6.4643921430675455,10.076221937530214
774,25.799742,0.1670876395963337,0.30110636859588924,-7.325553628736883,9.643183582596105
775,25.833074999999997,0.16999543638060885,0.29934119280037463,-10.464555706640974,8.988220138835636
776,25.866408,0.16815617589569473,0.29784383235759126,-7.396945705498216,9.006851820306222
777,25.899741,0.16444989426279324,0.3000734948440987,-9.36478678514345,8.577117985180209
778,25.933073999999998,0.1628262774642853,0.300267848418448,-4.944281606246042,8.787490454861878
779,25.966407,0.17255942874555616,0.29970359264938295,-7.381106707567055,8.790691026882827
780,25.99974,0.16211371804425928,0.30353632782520373,-5.295292858408968,8.804244366251654
781,26.033072999999998,0.16885900765414538,0.296211332265945,-6.943422842869689,8.36029903574463
782,26.066405999999997,0.17071949080094526,0.29596398105254307,-7.517443066479324,7.947294490955862
783,26.099739,0.1634476031862648,0.29591322457257985,-6.829308383615527,8.030716965037577
784,26.133072,0.16296380349190334,0.29816838082624364,-8.692983851635086,7.447710538160375
785,26.166404999999997,0.16098219837343108,0.29666122089844005,-6.417913862216906,7.684840207425205
786,26.199738,0.16127781785352283,0.28987826464487104,-7.300242905044097,7.767185302023833
787,26.233071,0.17521681193096045,0.29928116873881894,-6.3880741948277695,7.9101395168676065
788,26.266403999999998,0.15892346647130567,0.2960114145844291,-4.874175342620011,8.022376662773466
789,26.299737,0.16452479815804202,0.2945951586389597,-2.756095996667671,8.003288976555444
790,26.33307,0.15299824748734236,0.29227217257470073,-1.831582441131819,8.087728770611713
791,26.366403,0.15405719061752138,0.29108899171507274,-0.5747613511532323,8.145249071630909
792,26.399735999999997,0.15212415858695894,0.2881155071015159,-0.9668619046716539,8.077360849668922
793,26.433069,0.16111409453581835,0.2936663621979922,-2.88135426136051,8.204248983422781
794,26.466402,0.15149119055337223,0.29308440618871245,-2.005405612589249,8.188240788693395
795,26.499734999999998,0.14597625976221784,0.2949630165574693,-0.7642564983238039,8.275343679347273
796,26.533068,0.16338924304867497,0.29867873008118206,-2.7229117351066208,8.22878627640999
797,26.566401,0.12456023312810055,0.3023327639140013,-7.2782939649812,8.218688794039393
798,26.599733999999998,0.14735331528422493,0.2902566110960477,-6.077996800549648,8.350804193059208
799,26.633066999999997,0.16381973815782047,0.27893298925876686,-7.477800122585117,8.346207924495502
800,26.6664,0.17076295510588688,0.23347974644188696,-10.233643250746534,7.968228417718389
801,26.699733,0.1653931628115038,0.19262516658776552,-10.98452608458753,7.88679749550928
802,26.733065999999997,0.1769726041690008,0.17517225426637945,-18.185335420423687,7.845865518726399
803,26.766399,0.1871346621776251,0.205270379175988,-19.587596056182154,7.630714059677319
804,26.799732,0.18294292660967867,0.23532193900036852,-21.311343226687367,7.628864276635181
805,26.833064999999998,0.1426042885384436,0.2545465096614714,-22.919680677710513,7.416428792040227
806,26.866398,0.08133489466935427,0.25548114151078155,-23.655136321660045,7.587987004022047
807,26.899731,0.08570185565950854,0.24471056539509767,-25.32178602900308,7.423476255321631
808,26.933063999999998,0.0897695706254452,0.25706013559634516,-26.59045154170958,6.3737750712807
809,26.966396999999997,0.13853741036657827,0.2601851728951429,-28.65946655225089,6.477292302409908
810,26.99973,0.18315657845637584,0.27265069338604186,-29.96553022375209,6.176627771660712
811,27.033063,0.21476182960046147,0.26371484082735097,-32.10491045845938,5.060505658413538
812,27.066395999999997,0.22522019537039,0.2728840357680451,-33.677730843218924,4.718028914929787
813,27.099729,0.21366358118581621,0.27256319971287624,-33.903369665748215,4.346331521049653
814,27.133062,0.11473946493887364,0.26886284441098396,-33.017060375942755,3.786511697635383
815,27.166394999999998,0.09352304415230835,0.27081536409826407,-32.52985243708887,3.1582149801287684
816,27.199728,0.09917162298820217,0.2715367097537902,-31.65927596084277,3.326142238459966
817,27.233061,0.09692752435828557,0.27948368497403475,-32.218301807874894,2.4272645543875866
818,27.266394,0.1447181676615222,0.26746181019733395,-30.48717390792335,2.762870716975641
819,27.299726999999997,0.23761766450016822,0.26877247329423903,-31.870874619052124,1.9002268785849152
820,27.33306,0.2345016475420364,0.29029798065462975,-32.126999493170686,1.7475402176788843
821,27.366393,0.20769798257322183,0.28383390188949154,-32.207392845799305,1.0470139347524614
822,27.399725999999998,0.22333296947878636,0.28186342501112427,-31.348465160728125,0.6851828590579302
823,27.433059,0.13865831082378915,0.2845654787780141,-30.60441989114659,0.7003037239265955
824,27.466392,0.09383043475948885,0.29436778443742395,-31.868504316268012,0.30974293067818026
825,27.499724999999998,0.0898987844521922,0.29559373831374147,-31.701994498541943,-0.03132790014215734
826,27.533057999999997,0.17241664469472792,0.30253729510858474,-31.745059162106028,-0.24363497660130373
827,27.566391,0.20234398191839972,0.30281982452174405,-30.105333874337337,0.3961649786484348
828,27.599724,0.22056321127209605,0.29711422633559653,-28.770482187166397,0.6289931857257197
829,27.633056999999997,0.20428841456749355,0.2964137243351236,-29.598620615564972,0.3137848092307283
830,27.66639,0.2129740213813483,0.291664561487743,-29.32848591283859,0.20554974601652073
831,27.699723,0.21409164570435293,0.30731028842613894,-29.329124609548405,0.4228465675471157
832,27.733055999999998,0.21162851712494568,0.29813722772411866,-28.556824196140685,0.7656838100383757
833,27.766389,0.18167596708024775,0.2910026863018474,-29.29970495972524,0.5600145648792307
834,27.799722,0.08596825552019519,0.296097715700079,-29.846875137742913,0.4859554431595011
835,27.833054999999998,0.08625822213075582,0.2951755496042782,-30.215089060027346,0.27099179174745663
836,27.866387999999997,0.08735006648220253,0.3059071861100465,-30.9303067320399,0.054918262312641256
837,27.899721,0.10857326412011263,0.30575285474900693,-30.92261807854972,0.04955332622751056
838,27.933054,0.19855224960521756,0.3127101711042287,-31.564854920031195,-0.009674197429838336
839,27.966386999999997,0.19922810251426526,0.29462605490339233,-30.349346349625822,0.22075079951676382
840,27.99972,0.22426052498807936,0.30395730284732325,-30.495728519721865,0.32794390749370755
841,28.033053,0.229963146595714,0.29810225354932524,-29.994505661428356,0.37879477712877374
842,28.066385999999998,0.2454754540894749,0.3109640356900709,-29.851049886448205,0.4830225332058883
843,28.099719,0.2558479003923105,0.3065429455402901,-30.65140545596482,0.4420510143247961
844,28.133052,0.21827349263503837,0.27566383631780833,-31.385584279323417,0.22194248357519697
845,28.166385,0.23153787345991259,0.22995519530579436,-30.21538292401441,0.19697047891271757
846,28.199717999999997,0.22092930570026506,0.20483451773142486,-30.223709325789425,0.0822980419907747
847,28.233051,0.2135966321467764,0.19959705492012286,-29.781661701563355,0.3493909679029809
848,28.266384,0.2262533342887321,0.19419519394352414,-25.488399364376384,1.3220092096024962
849,28.299716999999998,0.21043525743930708,0.22157878716075952,-26.64792326285733,1.1794460310972428
850,28.33305,0.20231319827488342,0.2426995453149283,-26.001761355390013,1.2174764691044448
851,28.366383,0.2331400823412765,0.25909728566414253,-25.387118594627662,1.5595025301833005
852,28.399715999999998,0.2207696985839217,0.26913685792397524,-25.995462321248475,1.5519040561831263
853,28.433048999999997,0.2229928758083916,0.2849281553417044,-25.570741537540034,1.7087300833657275
854,28.466382,0.2490639817210683,0.2896570183906161,-26.81268568207113,1.2993238802270595
855,28.499715,0.2765872764813576,0.296539207172228,-26.806998557054815,1.6775117148837588
856,28.533047999999997,0.29574174616337284,0.2974439690735266,-25.77650954948684,1.8516358077164932
857,28.566381,0.3151344597655885,0.2905723531755228,-26.362470843925973,2.2533316105714967
858,28.599714,0.33008975925425305,0.2968546283447684,-25.445783680217183,2.3859692675252004
859,28.633046999999998,0.3423288280072437,0.28224682172815463,-26.808317327548302,2.364726653248699
860,28.66638,0.3542788797230711,0.28500297544655356,-26.648924747199903,2.7212835499336157
861,28.699713,0.3863708859210064,0.2851347509421684,-26.66248526291392,2.566167496447886
862,28.733045999999998,0.4039742638667231,0.28072870775823416,-26.38868629120421,2.6685146581252184
863,28.766378999999997,0.4225689126260915,0.2607052051677011,-26.648770474202816,2.6649779533191937
864,28.799712,0.427617703823875,0.2694854058750275,-28.065606721249637,2.545622636489499
865,28.833045,0.41959601743294683,0.2575397002374684,-27.489206868948965,3.0030942193555403
866,28.866377999999997,0.4258680052809258,0.260767491927242,-28.114587789850162,3.0950058024118525
867,28.899711,0.42503042436321464,0.25328217157918126,-28.628844940404594,3.1167012503459177
868,28.933044,0.41468864068812517,0.28295134310311587,-30.090692200626748,2.992848004432494
869,28.966376999999998,0.45078476534686973,0.2801287105791381,-29.576912402610123,3.246973502686468
870,28.999709999999997,0.4350814181055183,0.29522709137509306,-28.862276467124858,3.8167230926684326
871,29.033043,0.4399559398008291,0.29223559445047587,-29.997910068151022,3.2533929218027673
872,29.066375999999998,0.4431635029346126,0.29615262050676516,-30.11053084002495,3.3803845428613366
873,29.099708999999997,0.4425212064270759,0.2964050846393338,-28.50777841666012,3.6985507961776687
874,29.133042,0.4495701843595665,0.2968964983548923,-28.43873087908531,3.795920757088392
875,29.166375,0.44387975989919237,0.29026858629409646,-29.16777678713152,4.067693449258381
876,29.199707999999998,0.47181833489715924,0.29496176189474,-27.928369123091667,4.485451611407674
877,29.233041,0.4532999840129607,0.27079186937793376,-29.89190092827371,4.539766877067286
878,29.266374,0.4564026700450479,0.19520702102896392,-29.45261586203379,4.687273317598361
879,29.299706999999998,0.41875108567572433,0.13409041500219787,-27.540295489299393,5.729843514173633
880,29.333039999999997,0.42805701241446553,0.19773955092960974,-30.05178858019727,5.496978090128924
881,29.366373,0.45335476941585934,0.24230005438832403,-31.074129347527446,5.957094415642672
882,29.399706,0.4602490553503822,0.2653750627941357,-32.386701808106615,6.03294198970922
883,29.433038999999997,0.46514919005605465,0.2958238400626324,-35.32684935093491,5.5251498047929735
884,29.466372,0.4995567479515318,0.3043508922792091,-37.30728780037643,4.55829876884314
885,29.499705,0.5020275491425451,0.3152688240788495,-38.05420979772791,4.214620215274967
886,29.533037999999998,0.47760980581535056,0.3107838640361841,-38.6601904027921,3.38701345933251
887,29.566371,0.501162711593807,0.3084937120574772,-40.25874849212274,3.4704244861552227
888,29.599704,0.5070527914627806,0.3003528707213664,-39.598386076869424,3.4569817576206683
889,29.633036999999998,0.47552451250985306,0.3030437193811749,-38.968871499136206,3.501490506228973
890,29.666369999999997,0.47347694849715277,0.3113724687100397,-40.06404821320626,3.012428925106019
891,29.699703,0.4962057310235852,0.3024947396404024,-40.66096101589483,2.8180454510689668
892,29.733036,0.5028641614804271,0.3057662125205692,-39.90294699973235,3.310701200456262
893,29.766368999999997,0.4809870046342852,0.31456553802305554,-40.446639132723625,2.8652522235951827
894,29.799702,0.47616650185797654,0.28176065743194706,-40.456287772968274,2.811470533608041
895,29.833035,0.49438232502855367,0.21523999323625387,-40.6790789058822,2.6746386039163306
896,29.866367999999998,0.49640997423446315,0.17982087483023132,-40.446587033974026,3.4092915367331296
897,29.899700999999997,0.5137173631787056,0.19788229880024377,-37.63648855175125,4.096964418257501
898,29.933034,0.4743986030760663,0.2292764490269168,-34.29692713705183,4.70358701495823
899,29.966366999999998,0.44926687892679035,0.23431452873701475,-33.65362887432132,4.495847758115766
900,29.999699999999997,0.4344075507047469,0.26275207327442435,-33.68211255344844,4.221505952496352
901,30.033033,0.45527386142867254,0.2874655969172565,-31.472098999536136,4.289851863478977
902,30.066366,0.4833250287290435,0.30056957116608485,-30.955222571024333,4.840510864285755
903,30.099698999999998,0.45918930618390863,0.3069965111324398,-30.686168257786544,4.78701279873957
904,30.133032,0.4545743612891592,0.31177182749174137,-28.627343013871712,5.012954352401982
905,30.166365,0.47716214972965004,0.3212909785701884,-31.03305479217461,4.445242078645898
906,30.199697999999998,0.45655900546709044,0.3183241759552661,-29.44980465430691,4.578088716873123
907,30.233030999999997,0.46508287054171604,0.31235462783562074,-31.068639587344347,4.246931544963901
908,30.266364,0.45170012831930295,0.32280735190528453,-30.364864090633077,4.0139110410812755
909,30.299697,0.47012183007185104,0.3186415559043558,-29.966945173575006,3.9132255394511395
910,30.333029999999997,0.47095771520720947,0.3121848756337854,-30.595572394601994,4.420214497899645
911,30.366363,0.46908555165285115,0.3218225715963656,-30.489434992660602,4.2409259423845755
912,30.399696,0.4571416879676272,0.29973332779372713,-30.250607964123343,4.209299280226417
913,30.433028999999998,0.4644626049632287,0.2928657640261105,-30.147137769864713,4.248269625676217
914,30.466362,0.4493023627081879,0.2906580489432454,-29.955682791002708,4.118255867505797
915,30.499695,0.4607749437735837,0.2928366016354826,-28.856611073183476,4.375011636377799
916,30.533027999999998,0.4758386299609695,0.2959978470737903,-29.92398092000153,4.032112239639683
917,30.566360999999997,0.46017651935770054,0.29616474901704337,-29.153611819756716,4.453711258536998
918,30.599694,0.4685943451943908,0.30214691877423405,-29.00191952286837,4.576802304674004
919,30.633027,0.46404157184930106,0.3024783248956279,-29.166211806493866,4.6529327617192315
920,30.666359999999997,0.46933650234888574,0.299159264947618,-30.21201025323566,4.362538690705087
921,30.699693,0.4740104213664626,0.30889073589334165,-30.17757522723805,4.019757396293068
922,30.733026,0.4746363621594118,0.3054242211146616,-30.52633830760003,4.275078404546538
923,30.766358999999998,0.4824569466081463,0.3081466083804409,-28.91090117884167,4.569841528041102
924,30.799691999999997,0.493603149989099,0.30910218747865237,-30.173077489369586,4.583611216579893
925,30.833025,0.5026427181522105,0.31177789999519046,-30.327367647784353,4.721430371901863
926,30.866357999999998,0.4959959819705599,0.30825492985706565,-30.865055652777286,4.753104519377228
927,30.899690999999997,0.49225661723821795,0.3142131060982809,-30.43613545267688,4.688266590589139
928,30.933024,0.49413997305686447,0.3139130289227726,-30.071177597126155,4.684186273298308
929,30.966357,0.49422459884613046,0.3001728289807791,-29.99819912202843,5.062574247321375
930,30.999689999999998,0.4851245640559168,0.24903348675992734,-29.994766681752164,4.813321556514366
931,31.033023,0.504286646559842,0.1594005412232187,-29.314418685020943,5.319036446450496
932,31.066356,0.4917666480171487,0.13456560777518844,-27.67914793291349,5.564715039965637
933,31.099688999999998,0.4959581810615562,0.18180277338300893,-28.56266763644546,5.897099532024424
934,31.133021999999997,0.49844376839507776,0.21420186111577705,-30.347368624864973,5.50762413933584
935,31.166355,0.5055943470299705,0.23441502197416236,-32.07656972867954,5.845376326349446
936,31.199688,0.49500980764263225,0.25886341265048185,-32.83083811252927,5.688742690457569
937,31.233020999999997,0.5335926513213403,0.2816658050999862,-34.7633913529027,5.142699630108994
938,31.266354,0.5492828570208903,0.2989581049733135,-37.3697914050906,4.522772914496555
939,31.299687,0.5004669562336305,0.2944962563337775,-38.85741236608112,3.6127225974131596
940,31.333019999999998,0.51554897478397,0.3018322289775893,-39.26116592451515,3.261421943194564
941,31.366353,0.5130888270355831,0.30135715783404815,-39.608678229482976,3.131552859070175
942,31.399686,0.5066916136246634,0.2954910453856817,-39.19403571174773,3.17438428036357
943,31.433018999999998,0.5282677416947896,0.3006341802262751,-39.971529976471835,3.0113413875256168
944,31.466351999999997,0.5206124464258889,0.30364167215988136,-38.940911123222,2.880936519428443
945,31.499685,0.5419263135950699,0.30667353755893445,-39.6223717823293,2.76760149974351
946,31.533018,0.5236302752416717,0.303448708010016,-39.45330009547594,2.7448482351488592
947,31.566350999999997,0.5247735941807631,0.3010301780217184,-39.18926470296791,2.942195138576694
948,31.599684,0.56100230101653,0.29832548725256475,-40.346064919606874,2.0941787167867885
949,31.633017,0.5373813316827196,0.2971626498647123,-39.03308638638861,2.6545606172639835
950,31.666349999999998,0.5560163224286081,0.2998082820320404,-39.79091876009473,2.8293665053103325
951,31.699682999999997,0.5565290000489379,0.311379438375906,-39.77626736783427,2.5441138522103213
952,31.733016,0.5677489265348321,0.30693742647080685,-40.30265232343077,2.6702449642386576
953,31.766348999999998,0.5410775384057306,0.30788528638625356,-39.32090608670939,2.5474406472539233
954,31.799681999999997,0.546074651517199,0.3050902975374805,-40.73162627449858,2.1653208365884224
955,31.833015,0.5297055795247481,0.29973939234498204,-40.12412359745022,2.22971092441322
956,31.866348,0.5494410389544079,0.30415726033364865,-39.90401234151931,2.399246446623136
957,31.899680999999998,0.5378778419737993,0.29553281467085096,0.06249624344544931,10.94614707301791
958,31.933014,0.5265545580103349,0.2982740779503399,-39.30198023586914,2.5312062255091994
959,31.966347,0.5026570337958532,0.3047741194299769,-37.89248295745864,2.7867066077401983
960,31.999679999999998,0.46750349989478557,0.3043589619107186,-37.388552705383056,2.8877546310515454
961,32.033013,0.4460352066204859,0.29843056086700054,-37.2596884636491,2.713376424588331
962,32.066345999999996,0.4489961831420363,0.2989199990853262,-35.69401057682801,3.1598793676294985
963,32.099679,0.41990594780506085,0.28934361485503535,-36.0377289293279,2.749130182076167
964,32.133012,0.41576823629428605,0.2971334984227054,-34.88641143937389,2.9920890633277017
965,32.166345,0.39692779142538853,0.2990419603417839,-35.04344755352198,2.9605596362011246
966,32.199678,0.40952404186531516,0.28874920013425903,-35.72302282698785,2.6342263123166454
967,32.233011,0.39460195878106996,0.30445784760993444,-33.775089317963364,3.3546914069127554
968,32.266344,0.3921191623975187,0.3041798527088987,-34.55708096933087,2.779469687157312
969,32.299676999999996,0.3976101135298775,0.2953277490728165,-33.6187169909559,2.8374161370583186
970,32.33301,0.36110902539228973,0.30945963015316297,-33.53356261898025,3.0406802568250453
971,32.366343,0.35405089421569047,0.29705407108485826,-33.62347395983093,3.0882623255957227
972,32.399676,0.3529033533830591,0.24671263981213581,-34.03699579983575,2.845347068367592
973,32.433009,0.3517596399203941,0.14653439365073478,-32.20134445019548,3.440566765664882
974,32.466342,0.3095607963669277,0.16165454486723174,-32.15648330033831,3.531981371372174
975,32.499674999999996,0.3167037851782649,0.1461214378342396,-28.9408515839909,3.377468582449446
976,32.533007999999995,0.2948360061849333,0.20082981226036864,-28.852101015592517,2.9526207242678026
977,32.566341,0.3257073552455005,0.22730126918606403,-29.645401194122478,2.8719633188723015
978,32.599674,0.2850094583858465,0.24621674525060272,-28.68274272520658,2.7303196424295195
979,32.633007,0.2953377309799636,0.2648729568813261,-28.03842642369585,2.8818783535819983
980,32.66634,0.23520635547037472,0.2834300632746969,-27.71340821208128,2.7369359520653997
981,32.699673,0.21990553226140572,0.3063918203097985,-25.318165975577266,3.2260229438711567
982,32.733005999999996,0.20291379706187748,0.3147808587771499,-22.088645060282502,3.309900168785006
983,32.766338999999995,0.2101212213403639,0.3150264800240522,-22.089829990645537,2.91519967385864
984,32.799672,0.19324235882650032,0.3376480364425384,-21.472234044676405,3.1878448633250507
985,32.833005,0.19844380238717413,0.3133813572040519,-19.339520015800062,3.454261067054944
986,32.866338,0.17456038431716425,0.32405957647173156,-20.25429175951924,2.997070635222329
987,32.899671,0.17594753947631342,0.3138930964631236,-18.294115530876887,2.9171409866134193
988,32.933004,0.1818328588939032,0.31645499192563653,-18.544797074877952,2.6700753630992065
989,32.966336999999996,0.18628800262014084,0.32684690904746094,-16.36537186791892,2.6113981560892756
990,32.99967,0.17723288459150366,0.3136844510924375,-13.249709997240162,2.7665262482602366
991,33.033003,0.1936206183785466,0.3150993975026501,-12.793352271989317,2.600334574275291
992,33.066336,0.2035163074451782,0.32359383028048694,-10.147355507030765,2.7601234470505376
993,33.099669,0.20215697957155862,0.323492953391487,-6.0612856306224,2.8476091940847823
994,33.133002,0.1951339222379678,0.32749098762826323,-2.637055939981212,2.55080950810554
995,33.166335,0.19897834777306156,0.32533489634001156,0.828141947283086,2.4191006598327647
996,33.199667999999996,0.19073078853026482,0.3242047847444334,-3.3470328411655914,2.260736574250409
997,33.233001,0.18183251036979947,0.3260702846865361,-0.4194091687810658,2.301016623492643
998,33.266334,0.18185533366327641,0.3205844642918667,0.7019611338281124,2.469042289698271
999,33.299667,0.17861071030588693,0.32378007149630406,-4.033130253896299,2.2749526421849082
1000,33.333,0.17846076814014586,0.3082244673637067,-2.5966398372555766,2.5271454776512954
1001,33.366333,0.18023348635552197,0.33438999619567633,-6.15816488195007,2.3969305607479043
1002,33.399665999999996,0.17578227455168657,0.3341598732550065,-8.187099899169016,2.666395408429607
1003,33.432998999999995,0.18307920962779098,0.3327039089406548,-11.49729145669662,2.9470349843650214
1004,33.466332,0.17745421195062797,0.324073674532404,-11.952314123020871,3.652406053890315
1005,33.499665,0.1714962406058555,0.330396651321489,-12.626212679171854,4.226859125859068
1006,33.532998,0.1570536259544053,0.3320905958601077,-13.657221093641642,4.540874973933484
1007,33.566331,0.1585159503485551,0.3318284266762058,-13.169800977243924,5.02119845495956
1008,33.599664,0.13233252057735004,0.32577463567431886,-13.622009341831603,5.155960497611552
1009,33.632996999999996,0.11509070747599885,0.32768144810787914,-13.765565021471168,5.367384424589355
1010,33.666329999999995,0.11106896085457758,0.33441387472485307,-13.148950641027923,5.8381759669717415
1011,33.699663,0.0714764976353677,0.328535918243627,-12.830970904257754,6.402350384829783
1012,33.732996,0.06986143521284247,0.3273874715644516,-11.41891889711777,6.54766887540928
1013,33.766329,0.07172292829716502,0.3237440343630301,-10.781087225177828,7.066985972046536
1014,33.799662,0.06826102478570831,0.32752977225747043,-10.921144773890518,7.288203657751196
1015,33.832995,0.06984555232701732,0.31389876310840636,-10.301691360881978,7.681212030700839
1016,33.866327999999996,0.07366528618072957,0.31916919161141266,-10.451193714469472,7.757439906075552
1017,33.899661,0.07311911763619634,0.3174550495673083,-9.912402507019637,7.737658861498377
1018,33.932994,0.0758589974252951,0.3179838905051929,-11.78534840313681,7.798180312567546
1019,33.966327,0.07404804905566703,0.31721348787381143,-8.80051721722974,8.370984302884356
1020,33.99966,0.07565212145921946,0.3171514616270582,-10.062312414546984,7.969351693474462
1021,34.032993,0.07522339662786151,0.3094374458752041,-10.560684187265949,8.138946814996089
1022,34.066326,0.07479031396229019,0.29951393264643555,-10.290043601223653,8.612941045661792
1023,34.099658999999996,0.07328473174507395,0.2990292637613603,-11.11932303515467,8.186644654916421
1024,34.132992,0.07539951261766659,0.3087952404444172,-9.160841744427236,8.913961356631397
1025,34.166325,0.0731630852850806,0.30637866616949555,-10.408728861193309,8.06651338356065
1026,34.199658,0.07594388562976061,0.294614489740344,-7.901135948626944,8.142891900803898
1027,34.232991,0.07260040559492417,0.29839234353807687,-8.873111242088141,8.03094118116727
1028,34.266324,0.08288850964320689,0.30053317571591043,-9.548920918645516,7.860561200175183
1029,34.299656999999996,0.075149790358336,0.29045523288927594,-7.960475064487851,7.938406872104579
1030,34.332989999999995,0.07326038059355765,0.2995012411634098,-9.272643364792529,7.086757672639341
1031,34.366323,0.07502311979737901,0.3001669531614801,-6.100809759556006,7.093694569511422
1032,34.399656,0.07363897520438326,0.30226298815963576,-6.257642812205158,7.177058185319866
1033,34.432989,0.07411979408764809,0.29384757130755934,-4.608284952349425,6.878729607915253
1034,34.466322,0.07017848620663578,0.2956054592758552,-4.663380289546303,6.0941212241548435
1035,34.499655,0.07304369947601203,0.2952605927302974,-3.054588427985968,6.266241975090747
1036,34.532987999999996,0.07171064738340481,0.3041355775715019,-2.6868943435061428,6.142655744756304
1037,34.566320999999995,0.06968839800459715,0.31130066899261166,-1.1882715873682466,5.941326903837311
1038,34.599654,0.07129598678720867,0.31207087937658184,0.15080953806091288,5.340368102936472
1039,34.632987,0.0695033355176016,0.3067975121933893,1.7341410822177235,5.47169271156208
1040,34.66632,0.06844148005702838,0.3079881372869573,-1.963727914155419,4.970187166099472
1041,34.699653,0.06930720139621342,0.30215525675743493,0.7221391748576496,4.979711286104836
1042,34.732986,0.06936599291252533,0.30235641704553123,-0.45562545250894165,4.847663448461414
1043,34.766318999999996,0.06660408137230543,0.3022083763802178,-0.3685132279682453,4.680826417094238
1044,34.799651999999995,0.06655059981444576,0.3030407127512862,1.1375013283373754,4.553198939143947
1045,34.832985,0.06546256304646589,0.29316390051439045,-0.6649821764865504,4.149370593206932
1046,34.866318,0.06610677220773921,0.29688272237707236,-2.7570903342604067,4.140313288064552
1047,34.899651,0.06829316452695773,0.2975330726852744,-3.384885998315191,4.049969599573268
1048,34.932984,0.06690941963138809,0.30419910805381434,-4.181213780058343,3.94161589202038
1049,34.966317,0.07086649891429246,0.2997560881092957,-2.888090446400509,4.297332343982596
1050,34.999649999999995,0.06703690196380524,0.2972316141910063,-4.092073074262449,4.46811014086026
1051,35.032983,0.06928677977666398,0.2970463194091025,-2.9869946241072323,4.712604523217902
1052,35.066316,0.06692605427413642,0.2858499318464252,-4.639641208345907,4.473733676906942
1053,35.099649,0.0710645007288351,0.293101875445243,-3.1026062820322853,5.2567325531074065
1054,35.132982,0.07191015976928572,0.2205660810617317,-1.3391295703636523,5.188951684495329
1055,35.166315,0.06896254701550293,0.15865835228910202,-0.5552208945083963,5.200915883774827
1056,35.199647999999996,0.0684370115992985,0.14815835102174807,-0.6764059587203624,5.863766340056494
1057,35.232980999999995,0.0683146670431508,0.1599828207350975,-0.600190172665816,6.0925169897541505
1058,35.266314,0.0723092062102324,0.1995826634157022,-1.7514328251489417,6.159563577215763
1059,35.299647,0.07188445012819582,0.24554249695765687,-4.249710692339825,5.8824686537115705
1060,35.33298,0.07035154836530479,0.2513534439389447,-2.3543564196779725,6.094645962712628
1061,35.366313,0.07022125834715272,0.27360780753645686,-2.0256519604243706,6.153055916264747
1062,35.399646,0.06935766072070491,0.2719920642714362,-1.9182367495625339,5.86771215903622
1063,35.432978999999996,0.07080991943513239,0.2782098926471786,-0.7116348255355855,5.412141257863164
1064,35.466311999999995,0.07182837708504328,0.27863582585803826,-2.3884538034420495,5.221304950330331
1065,35.499645,0.07115001039217562,0.2826121083705385,-0.5314562349793861,5.2392026247776915
1066,35.532978,0.07028968058380732,0.2847578134411425,-1.674376749800527,5.045149117512684
1067,35.566311,0.06834090553045336,0.28781963128531834,-2.930025611030504,4.785223037802481
1068,35.599644,0.06934819595221307,0.2921231896191318,-0.6563793743952858,4.955815522954325
1069,35.632977,0.06745779294428657,0.2880303687511802,-1.066944527304469,4.849121573251125
1070,35.666309999999996,0.06723117966060163,0.2811467891461641,-1.34424628377435,4.599798748655338
1071,35.699642999999995,0.06765290575082816,0.2889238181906316,-1.1843800355732637,4.491933694784084
1072,35.732976,0.07017499605924082,0.2902464328685551,-3.2184854912386545,3.9925739437206005
1073,35.766309,0.06699533495593882,0.29440719842207846,-0.5068206107240698,4.25702367837939
1074,35.799642,0.06921616529966057,0.2831734720602902,-1.5907943915982032,4.39210109023263
1075,35.832975,0.06942085461703147,0.28081782255628485,-2.0382220929821107,4.481641639701926
1076,35.866308,0.06693560733250914,0.2904519047169769,-3.1419068416563096,4.542513459490428
1077,35.899640999999995,0.06447118018344912,0.2835814155774753,1.7834676203093216,5.321791437233148
1078,35.932974,0.0671003518870119,0.29181259762361966,0.5331412481031238,5.542841784391143
1079,35.966307,0.0668070308936882,0.29230146813499597,0.659615942666091,5.543256067254087
1080,35.99964,0.06771522421656692,0.29149765453215404,-0.23311808363504902,5.913383329343059
1081,36.032973,0.06776240353103921,0.2915116035353076,-0.30596140421204665,5.63445496539099
1082,36.066306,0.06895469778877865,0.2864053375346991,-0.13292075138300305,5.729505006966823
1083,36.099638999999996,0.0668603512892245,0.28112113427773533,-0.9183755950141165,5.60019476922097
1084,36.132971999999995,0.0686920884616431,0.28479673048646925,-3.9522596863674035,5.259812482238105
1085,36.166305,0.06719210560790131,0.28794438909938425,-1.149129049911876,5.335053968892256
1086,36.199638,0.06699375137278665,0.2848059537503008,-1.997624485676072,5.346518934847162
1087,36.232971,0.06811398325711131,0.27040927920858504,-0.45047072144720146,5.40570426159852
1088,36.266304,0.06788627049035799,0.2166677081701579,-3.1162242473506123,5.04375537509756
1089,36.299637,0.06857945121683921,0.17905988535909262,-1.3230944128852895,5.313763736335086
1090,36.332969999999996,0.06889713682020292,0.17342684962061558,-2.215366425752886,5.253798790637431
1091,36.366302999999995,0.0697941030084859,0.18435502614412608,-2.544428339205039,5.12168581662012
1092,36.399636,0.06705207715800579,0.22990127285995113,-1.510865708119255,5.349246391723208
1093,36.432969,0.06707328825679844,0.2501078167508126,-2.2102914395354807,5.3783940254092535
1094,36.466302,0.07002731288538742,0.2739726212219656,0.06648851066201564,5.412920069508285
1095,36.499635,0.06807386486703257,0.2906583675433979,0.08476625789832659,5.249839420624481
1096,36.532968,0.06658152581634946,0.29666612721552654,1.388848153743021,4.932851189416227
1097,36.566300999999996,0.06743158801934268,0.2986253829965324,1.4049577999671587,4.539756855176403
1098,36.599633999999995,0.06750239943827063,0.3001429718248242,0.8050474624797647,4.342786728335642
1099,36.632967,0.06724776228999797,0.3064870743858979,-2.752545940205434,3.920578727007709
1100,36.6663,0.06711712582302072,0.30397561889550684,-2.255015125757107,3.523505010808288
1101,36.699633,0.06881643367613105,0.3002488732822276,-3.3001689429379772,3.340239098421651
1102,36.732966,0.06959714355884988,0.30276732635743,-3.7106131756802103,3.19052480343639
1103,36.766299,0.06971849022942794,0.29754034696175613,-5.633377944170564,2.629414787236458
1104,36.799631999999995,0.06829207735480125,0.3016217085654289,-3.7425038776846002,2.6705401610661266
1105,36.832965,0.06932486379479187,0.2999944206317653,-3.704789469075884,2.4347373866441715
1106,36.866298,0.06792301936413463,0.3083989893057132,-3.7600398122485204,2.404477781156831
1107,36.899631,0.0680133517321368,0.30616255319537977,-7.289202265353562,2.225224498817621
1108,36.932964,0.06821733343015429,0.30701085564974406,-6.1087803844180275,2.629385424706597
1109,36.966297,0.06821965894466525,0.309167741274575,-5.676061066267158,2.7728091909211963
1110,36.999629999999996,0.06867989561510712,0.31288697761475714,-7.987746660277308,2.788223235015984
1111,37.032962999999995,0.06955013031770857,0.3161402082627106,-7.165540437763989,3.7442491831099125
1112,37.066296,0.07045135048718568,0.30658056028044367,-8.7187170004495,3.4228775331652264
1113,37.099629,0.07152820337528826,0.3186090343472681,-8.311103595612375,3.6343269882627243
1114,37.132962,0.07099002435899082,0.30478764355226895,-9.570401734934883,3.643505619395185
1115,37.166295,0.07055166190430077,0.31017979276991225,-8.496745935257552,3.983194133838181
1116,37.199628,0.07107266941363254,0.2977486059180221,-6.4298267195165915,4.270736163313133
1117,37.232960999999996,0.07034431415563762,0.3029689011073543,-5.544521433521606,4.483774888587562
1118,37.266293999999995,0.06980980852068354,0.3051245245168861,-1.883025036166457,5.237861074939427
1119,37.299627,0.06832496425138775,0.31171479097254867,0.12947359617329707,5.338769409995406
1120,37.33296,0.06818327362564149,0.302695408617654,0.21973385571578316,5.05249251241226
1121,37.366293,0.06803984585276106,0.3077511187659327,4.198068048059725,5.157529691987071
1122,37.399626,0.07026572496313688,0.3115195120867783,4.434706927056742,5.199937293051438
1123,37.432959,0.06769410284483411,0.3182159851884871,2.702977868549315,5.071578625972047
1124,37.466291999999996,0.06533821126475362,0.3150862477330015,4.868275917871806,4.939129375388766
1125,37.499624999999995,0.06721999034731743,0.31852005636355385,4.5987625049132355,4.973909170962199
1126,37.532958,0.0668939715690586,0.3135204566679993,3.1453696529166586,4.905982096120188
1127,37.566291,0.06789077352212178,0.3136932581102789,-0.9142110625386026,4.719561812428881
1128,37.599624,0.06683956101956257,0.3049622683122453,1.2776884717054822,4.8702791658252
1129,37.632957,0.06978813948746261,0.30905828489465953,-1.4825149069300596,4.533169461962281
1130,37.66629,0.06964195683766183,0.3020534712109605,-2.510655481645464,4.242373727570593
1131,37.699622999999995,0.06945886923072049,0.2964013481270747,-2.612321100366525,4.211654208280258
1132,37.732956,0.07196086262489161,0.30282831731816084,-6.741803770424953,3.9923490556854104
1133,37.766289,0.07212628178189272,0.2970847031316345,-2.270541390692441,4.257048185068563
1134,37.799622,0.06707502945499504,0.301768139823669,-3.872288882071701,4.367023336990107
1135,37.832955,0.0717578046562046,0.3020290784962525,-1.2463267686314434,4.83242431201239
1136,37.866288,0.0704169169031678,0.30640764878101023,-5.774974116728846,4.3310520020857375
1137,37.899620999999996,0.0695750069707599,0.3019010041775815,-2.023886257974301,4.911267742906051
1138,37.932953999999995,0.07076530262526234,0.3015405142691987,0.2518074755175306,5.302444800374153
1139,37.966287,0.09157178131894154,0.30364278637123887,3.7710848708860882,5.6351590223597485
1140,37.99962,0.14670193988886845,0.3043580082235548,-0.4858805707870559,5.779266054712579
1141,38.032953,0.17715631015802172,0.31360648377280426,-3.6463614020342945,5.366365389704548
1142,38.066286,0.22003791716337814,0.30454475699330974,-6.918730286302429,5.3078122932761955
1143,38.099619,0.24363331780500577,0.3088365556643665,-3.253049951941124,5.392439165650447
1144,38.132951999999996,0.22700987210722975,0.30675203470845336,-2.248748812601627,5.510775225790791
1145,38.166284999999995,0.23382620065622461,0.3045307000712403,-2.2158797562213555,5.132006051534725
1146,38.199618,0.19648015930821416,0.3114221758752451,-0.9001912120823641,4.899508852634198
1147,38.232951,0.1742588797964796,0.3135779350795444,-2.908708967703046,4.964370872829198
1148,38.266284,0.17407153260105668,0.30578034589811354,3.093472456579511,5.069638505044052
1149,38.299617,0.14875956973813617,0.31617049820292037,-3.7234525085811128,4.6403209684040245
1150,38.33295,0.13936941885606888,0.31101330588484033,0.3945793734019176,4.960654520045664
1151,38.366282999999996,0.1589907014630807,0.3004147588111844,5.727912360780172,5.27028782056561
1152,38.399615999999995,0.13382791542845943,0.3107471448574078,1.3077104833978173,5.22890067432338
1153,38.432949,0.1482684294166436,0.3032130880297193,0.1064184733540333,5.002224611578665
1154,38.466282,0.1589574554985811,0.3086660630145109,4.6007179994102865,5.250557524689222
1155,38.499615,0.1536195350768627,0.30104483951595484,0.9417318614777671,5.485412224997859
1156,38.532948,0.15328056144933278,0.30449103342051315,-1.3620716108409658,5.406948251657202
1157,38.566281,0.15330686911100883,0.30285471695282407,-0.9728514423004507,5.5363746423596485
1158,38.599613999999995,0.1663974362590171,0.30592490422272833,0.5787129010147041,5.702655658653554
1159,38.632947,0.1740398721006666,0.3014747161162902,0.1921663493725996,5.802712380655465
1160,38.66628,0.17704188282507172,0.3008799905866032,-1.8904997911079673,5.880767108269449
1161,38.699613,0.18268656752531853,0.305702929138833,-2.7836571631430336,5.978464669075807
1162,38.732946,0.1841864109946576,0.30389020649291065,-2.5130958518741005,5.924351159996909
1163,38.766279,0.18539152885476542,0.30373867036727537,-3.4457785999940636,5.964770741558608
1164,38.799611999999996,0.18332856973003156,0.2975607319362347,-6.084984616290434,5.9543116472072715
1165,38.832944999999995,0.1820493440631406,0.30714234003066965,-5.205809478262993,5.950558736912628
1166,38.866278,0.18867015964531333,0.3067083907982391,-0.2083308693899471,6.154935684256386
1167,38.899611,0.18608727999327365,0.3091412477404718,-5.219416663042994,5.767732152198902
1168,38.932944,0.18676370124360625,0.29805641775641906,-4.271649376213702,5.780187358901388
1169,38.966277,0.1966974738722631,0.30316219976693926,-6.018583373886837,5.443409718905756
1170,38.99961,0.19294526611834598,0.3065217493863188,-2.980984806340375,5.501140510826476
1171,39.032942999999996,0.18464615170235835,0.31319842883241444,-2.5777882415569153,5.912996887273015
1172,39.066275999999995,0.18360980534512944,0.30239195024915944,-4.515430247082583,5.510784479782996
1173,39.099609,0.18116853628503804,0.3058445254776796,-4.802293959197357,5.601753107483719
1174,39.132942,0.18650428730007954,0.3063083502551711,-3.2758942937375193,5.790374764837215
1175,39.166275,0.1778315288618154,0.3056961726866748,-4.264966821036424,5.571002074920238
1176,39.199608,0.17811062771148548,0.3028160516597858,-5.341713953611188,5.50332334966962
1177,39.232941,0.17835017546779267,0.30462642077228136,-4.698621659518301,5.705225153618014
1178,39.266273999999996,0.18529939617895355,0.30522989186582705,-4.931405382036848,5.327228146866392
1179,39.299606999999995,0.17797025674576225,0.31390353146923966,-4.821029046450869,5.565598152076821
1180,39.33294,0.18467660451717935,0.3142121688063674,-6.335735061694817,5.457246321280163
1181,39.366273,0.1774073748662517,0.30857980729469564,-4.911287264324738,5.620920094067016
1182,39.399606,0.18286065334045357,0.3115390554878734,-5.18005034265651,5.549732999979397
1183,39.432939,0.1808539012963155,0.30929249780381163,-4.143585217473597,5.537587861046469
1184,39.466272,0.18922962647730213,0.29890648846406054,-2.047076555731461,5.488031010047931
1185,39.499604999999995,0.18490873023594617,0.31386305287645344,-1.4679673610551793,5.668713166749827
1186,39.532938,0.18929434955356697,0.3101863805004343,-2.6545052618065452,5.671347958275388
1187,39.566271,0.18208555053166034,0.30143999601342236,-4.788968887241097,5.673534942973535
1188,39.599604,0.17894843312270817,0.3065327350561313,-5.1323426736632305,5.454518611011913
1189,39.632937,0.16598492428219186,0.30464348481536285,-4.437335728448366,5.526975146542293
1190,39.66627,0.14602518276740714,0.302895094220724,-6.15667150304949,5.138646909573063
1191,39.699602999999996,0.08429619123903835,0.30847069299356955,-7.299049341152583,4.789624905832651
1192,39.732935999999995,0.06798727984861463,0.3035271866324901,-6.316518276226329,4.915820181545931
1193,39.766269,0.06869716237669252,0.31277673484174195,-7.3338554656615065,4.622298335487589
1194,39.799602,0.06908695393603557,0.3120675016460951,-6.4110277655340395,4.695585512554064
1195,39.832935,0.15216703294205466,0.31369116316821977,-5.49059619431246,4.782154911021472
1196,39.866268,0.1651323229872484,0.31517254772645376,-7.634589479181793,5.0861102865957
1197,39.899601,0.16901840570033266,0.3081508169113375,-6.439685787481738,5.129627670039178
1198,39.932933999999996,0.16834778322043562,0.30709011787527785,-5.712476089855775,5.465626938884929
1199,39.966266999999995,0.16742654982560787,0.29962685089404273,1.0361282612837843,5.687759679844127
1200,39.9996,0.17642825980325824,0.3126473127670251,-4.903520769237095,5.494845366834639
1201,40.032933,0.17482677714955588,0.3057431666322704,-4.237425248854749,5.398705732147938
1202,40.066266,0.18434574591779612,0.30109320873053613,-3.34543406301176,5.280113451487345
1203,40.099599,0.17108709434849492,0.3012486284923296,-4.57957651930244,5.15546464861438
1204,40.132932,0.1005287561923737,0.3065908916880197,-2.8100356465106677,5.202019416032623
1205,40.166264999999996,0.06856578732572177,0.3034196091336189,-4.1717526839246615,5.119744418394367
1206,40.199597999999995,0.06926679800090903,0.3041956494343573,-3.8323667785136095,5.437050066323234
1207,40.232931,0.06937142667543499,0.2998903755914094,-8.202317213870282,5.2975963582243555
1208,40.266264,0.15110852197358549,0.3138300164039701,-10.788470243627938,4.997107290522235
1209,40.299597,0.20904421738995374,0.3054256110073344,-11.569848806768023,4.833187946474156
1210,40.33293,0.20956687865845708,0.3037491220846674,-9.054161896414263,5.109744771325394
1211,40.366263,0.17925039110530858,0.30649261422040736,-6.985870694762173,5.206028618709708
1212,40.399595999999995,0.16496553005497483,0.29846843081700214,-6.041996640183879,5.583192820275934
1213,40.432929,0.16471805791425373,0.30400801087545304,-5.787408382948443,5.513715301522442
1214,40.466262,0.15350622092072852,0.2993339051627433,-3.8403175326524113,5.5016082504462505
1215,40.499595,0.12179370516767406,0.2976908837782166,-3.954370788200074,5.309004452646556
1216,40.532928,0.07434492188859265,0.29423577885941166,-4.561810100838054,5.42467379015244
1217,40.566261,0.07618061814680015,0.297112684752759,-2.420087950277481,5.295098469675139
1218,40.599593999999996,0.13217518531632086,0.2982928855072011,-6.989041065224825,5.054355177883271
1219,40.632926999999995,0.06875438509332996,0.29625964259479354,-7.057000098149308,4.641008840257064
1220,40.66626,0.06796062799089048,0.29568349917405756,-1.7464464220807936,5.152705331042575
1221,40.699593,0.06586524203845082,0.29827381215632864,-2.227993783028316,5.189729604551527
1222,40.732926,0.06741222499192505,0.29671305703029366,-3.475704626065255,5.164316352260292
1223,40.766259,0.1459255083492689,0.29753081962221456,-1.7490068789250075,5.408186022546961
1224,40.799592,0.1747834371975847,0.30670145448780006,-2.1642462422559374,5.64778189583462
1225,40.832924999999996,0.18882570277295402,0.2990265693201759,-2.648921030163767,5.46240127383284
1226,40.866257999999995,0.21859173636794466,0.3012956980622511,-1.890517379987652,5.645174688444044
1227,40.899591,0.21657993160759692,0.3008921253231262,-6.5668826996930365,5.397394507209812
1228,40.932924,0.2085968970910696,0.3013654581155298,-5.612298039598213,5.333965111301461
1229,40.966257,0.20009532652429496,0.2962482210154811,-3.3376011790053592,5.6045134566874495
1230,40.99959,0.20222509566323524,0.30136131040845243,-3.9644317022215527,5.657834577939889
1231,41.032923,0.2094014433460422,0.2894024663204753,-2.273111224835839,5.902561859567404
1232,41.066255999999996,0.2575800564878668,0.29985610955496517,-4.772139040975101,5.708127115542137
1233,41.099588999999995,0.23384186771470172,0.2961163337117211,-8.669130041166492,5.462018545271595
1234,41.132922,0.1717935164547015,0.29569803494667446,-8.293564383345519,5.392154189194813
1235,41.166255,0.1926303791506917,0.29587407987418235,-6.240225237606403,5.599460954691289
1236,41.199588,0.16933820636728775,0.28312505602436666,-5.341363574175087,5.802268471194528
1237,41.232921,0.16265986391326825,0.27006818944198074,-2.738508958035319,5.807883839609145
1238,41.266253999999996,0.16602672681160596,0.24692061535305182,-1.4431600855688171,5.594645852422382
1239,41.299586999999995,0.18005261488854585,0.2520338794097037,1.1316392229476175,5.431657908556064
1240,41.33292,0.20006097515181306,0.21896469303052177,9.465922227128805,6.633225411908902
1241,41.366253,0.19695058383429995,0.17231648079564957,10.7951656583688,6.584244670756311
1242,41.399586,0.188314783619012,0.1721747985508411,12.518736534952113,6.648372692344455
1243,41.432919,0.19516486873183886,0.1827624737564592,12.887796533182408,7.147691253664835
1244,41.466252,0.19250253899512168,0.22097326158853486,8.640364856117817,7.066060967038141
1245,41.499584999999996,0.19305303368570306,0.2569565076380991,10.850499494290766,7.655469075832452
1246,41.532917999999995,0.1898932099714816,0.2805666600907282,9.897935594215628,7.7499838068118745
1247,41.566251,0.20084730340252005,0.27916443315210704,9.109154150070344,7.857628688266252
1248,41.599584,0.1907253754853457,0.297871588546265,8.383546310435229,8.081130300116682
1249,41.632917,0.1909713085196366,0.28964772156132734,7.576507265468738,8.02282215381534
1250,41.66625,0.1765918726098975,0.29411798709770487,4.91575953405458,7.905080530642108
1251,41.699583,0.2072103213122962,0.2894320180407527,6.55216598901499,7.957327069284869
1252,41.732915999999996,0.19230994626587294,0.3081601966052805,3.3491771248262197,7.858752235510934
1253,41.766248999999995,0.1846642837389664,0.3080065113767434,7.504497037803483,8.163485308348717
1254,41.799582,0.18250926231267223,0.3070086516512085,9.840714532077332,8.04512435487168
1255,41.832915,0.19086942900722953,0.29446782634624336,7.9599901544481995,7.972220585820139
1256,41.866248,0.1786298806499132,0.29916980771566937,7.679787719545473,7.788363398944892
1257,41.899581,0.17830160485156835,0.3034841069094931,9.356806909686144,7.833622070401815
1258,41.932914,0.1893217945466244,0.2954454899396348,11.30689297890765,7.897023012242978
1259,41.966246999999996,0.16942297006153603,0.2927770989744597,14.494996568016791,7.9633660817584335
1260,41.999579999999995,0.17745242104079498,0.29159746437567113,14.4205126299863,7.736502878237724
1261,42.032913,0.1769305649621908,0.29692767507028883,9.77208494105321,7.123032567483146
1262,42.066246,0.1799473355850193,0.30051335354676667,10.86280781976413,7.029546606962031
1263,42.099579,0.183841138126593,0.30321622944090854,10.358456521689751,6.518116994923105
1264,42.132912,0.17609977055318632,0.3034220321897686,9.401621735173878,6.360672247830973
1265,42.166244999999996,0.17515328447358663,0.31095144121072443,10.248033613506301,6.70048488619662
1266,42.199577999999995,0.1734360386759304,0.3090286053095439,7.939225630434784,6.856549646862978
1267,42.232910999999994,0.17691564276983035,0.30528284949254547,10.403410367853938,7.21571135328037
1268,42.266244,0.17595041603668002,0.301504985079843,10.20103154227264,7.176430755202664
1269,42.299577,0.17671510448911923,0.2999263335636012,10.524489799425258,7.2231827783948885
1270,42.33291,0.16874680645388893,0.3010909476963223,9.483257110965296,7.249616028999101
1271,42.366243,0.16541261634566473,0.2953696817660308,10.330401444414703,7.3214758009595675
1272,42.399575999999996,0.1731446543808273,0.3022843071923619,10.956585884625493,7.491805411640865
1273,42.432908999999995,0.18323606079465085,0.29522245557300614,9.248102444614565,7.632294084221188
1274,42.466242,0.16693284844052775,0.3003975314752586,7.251503982073316,7.396501699461986
1275,42.499575,0.16697880780220045,0.29027183734367,7.81671599582236,7.34267639520096
1276,42.532908,0.17359041943480547,0.29776303578512375,9.028763782976787,7.26251347873416
1277,42.566241,0.17273758185023552,0.30474203619944445,9.399476754900396,7.47583480384181
1278,42.599574,0.17123356477558435,0.3001717948817273,9.687406984046701,7.2604244507925575
1279,42.632906999999996,0.16931924556454342,0.3116295664412947,8.633121547402876,7.428196736625107
1280,42.666239999999995,0.16848506570952057,0.3079459404342473,8.383142475510457,7.355867179867379
1281,42.699573,0.16901869629235078,0.3153891937393456,7.635621903012323,7.398584985939128
1282,42.732906,0.17058380417707997,0.3071005533156346,7.802574581469219,7.4808471522183995
1283,42.766239,0.17488246126356627,0.32021231792714444,6.989558376068661,7.574572327999039
1284,42.799572,0.16284992532823236,0.2956876943687017,6.166270781679245,7.316255017211771
1285,42.832905,0.15115052775915988,0.315326946462677,7.077626824311556,7.3185435720211744
1286,42.866237999999996,0.14299845262995192,0.3179703360960085,5.949064027174358,7.362003182497363
1287,42.899570999999995,0.14200280135658191,0.3086095525748829,6.772791745456673,7.425832665662079
1288,42.932904,0.1395770620298989,0.306327214596538,6.622120595052191,7.441391793845519
1289,42.966237,0.13238983495693862,0.297937090189717,8.593556211780466,7.375164278398366
1290,42.99957,0.1313150705255694,0.303344484416355,10.236818703080743,7.655152010641059
1291,43.032903,0.14402418177338072,0.32184676602404394,14.537876865784852,8.248495737249494
1292,43.066235999999996,0.1482045173353758,0.3050115307594926,16.82622544287966,8.09355326436725
1293,43.099568999999995,0.1549973113797204,0.31277627421960014,17.644847283358086,8.216031625985796
1294,43.132901999999994,0.12036157611044981,0.3091110023352446,14.129376890065842,8.283136883156537
1295,43.166235,0.07209385784746043,0.3014666200368835,9.954800411770737,8.36677461423858
1296,43.199568,0.07520141791362252,0.30053498140852,14.126290954633005,8.43762135495642
1297,43.232901,0.13011650363874627,0.3144692420148828,16.94810125760187,8.561149635463801
1298,43.266234,0.21896304664812097,0.31109582268924935,13.391727927052893,8.31417363078342
1299,43.299566999999996,0.21269237568801583,0.30576209923308817,12.955345674110147,8.06078609690025
1300,43.332899999999995,0.22949667641229576,0.3091459203568696,10.668616761214002,7.87954163084089
1301,43.366233,0.2242450429989294,0.31059927166465573,12.968601817618556,8.124905648653233
1302,43.399566,0.18597322792577034,0.3170076791571819,10.639185435952745,7.470696253668832
1303,43.432899,0.11974440125293816,0.30884242645065985,11.006252915515718,7.475685491814973
1304,43.466232,0.06739719231814907,0.29460472721180786,10.5242389984177,7.493204229168186
1305,43.499565,0.07111128190806094,0.2930886917518626,11.003920285335733,7.647803494209009
1306,43.532897999999996,0.11275713826204643,0.3097667931612984,9.417030121243476,7.797128090877231
1307,43.566230999999995,0.1642196363709142,0.28818492957129643,8.992329613368884,7.686733939450747
1308,43.599564,0.20391577272308367,0.29828514707683057,10.496954710530053,7.954567906508938
1309,43.632897,0.20470556865820724,0.27978556644901253,9.64593745442553,7.772086498879784
1310,43.66623,0.21630459398288068,0.305005052085956,10.70684233820101,8.412998556439836
1311,43.699563,0.20607661957236453,0.29572369674844123,7.130296953728634,8.131851629162202
1312,43.732896,0.20785202855363394,0.2869632214206968,11.263998255945225,8.42662901770666
1313,43.766228999999996,0.20661221552074419,0.2883394674054066,9.271780040043994,7.922522628586823
1314,43.799561999999995,0.2256934545186942,0.2994455240678732,9.497556600624447,8.100918914452548
1315,43.832895,0.22796251512286486,0.2816767286399675,9.947197493669082,7.911394992408018
1316,43.866228,0.19757250755840713,0.2975215639468513,8.845668438723498,7.309709348251049
1317,43.899561,0.1316699838818137,0.28160033279675667,7.1533142239879295,6.673867101065832
1318,43.932894,0.06927282193942452,0.3042064859062686,7.730869254458051,6.9610751291431345
1319,43.966226999999996,0.06964698148776055,0.2884064662638228,12.753791814833056,7.2546207152312325
1320,43.999559999999995,0.06762554412132164,0.28612775151662484,9.558006740286565,6.966833176428386
1321,44.032892999999994,0.1804789870962849,0.3028408639657042,9.290775452829724,7.105381140486988
1322,44.066226,0.17637400617058874,0.29505558410295235,7.656203075399743,6.585013474355755
1323,44.099559,0.13807954781008547,0.2942739129771601,6.336127750476378,6.362871058793435
1324,44.132892,0.06719536960117006,0.29124663634712106,6.13137337757216,5.979843555561598
1325,44.166225,0.10748269009468783,0.2990573187281981,6.269440235587503,5.885512162343378
1326,44.199557999999996,0.16447582236411515,0.30895184353499916,7.660496391841496,6.1679250478895495
1327,44.232890999999995,0.17550457585425228,0.29537388247113305,6.2583977363198215,5.634000647151461
1328,44.266224,0.15229433514046142,0.2945400480677008,7.323903571615184,5.520354370332512
1329,44.299557,0.07261834547576794,0.28906011422702294,9.75900431600035,5.899340497251662
1330,44.33289,0.06922916154425957,0.29649143261813693,6.309247180975755,5.542385182346715
1331,44.366223,0.06803888929952068,0.2862026280609027,7.272840286273585,4.98825307267791
1332,44.399556,0.066149921504114,0.30064197785217794,8.885684642643882,5.327936189076254
1333,44.432888999999996,0.0657556384481238,0.29846258794749847,10.380716140147635,5.404199966868435
1334,44.466221999999995,0.14328387751680413,0.2878296992781298,6.2598468507206855,4.402636717669812
1335,44.499555,0.17975551217975766,0.2901473332658562,7.748549418294564,4.676534848822153
1336,44.532888,0.18946152972235317,0.2919671174633792,9.186800063336085,4.718823658627622
1337,44.566221,0.17314047634722105,0.2945495468629436,8.317323740130515,4.791041772287262
1338,44.599554,0.1687369674762204,0.29378216073131247,8.62026633788438,5.2687078533746545
1339,44.632887,0.15663630012491675,0.2877074442112362,7.278837716631105,5.402769550120368
1340,44.666219999999996,0.13762121714598527,0.28361938615085447,4.027650209683518,5.527808409898059
1341,44.699552999999995,0.12431225193133491,0.2867731194286355,6.956475276520593,5.662589407959017
1342,44.732886,0.06498631764583496,0.2960816380802711,7.181368630217994,5.306908145289275
1343,44.766219,0.06726183869635174,0.3026888328315428,3.5637369312111375,5.4231798756941
1344,44.799552,0.07150448702951148,0.2925264593052918,4.33340348408024,5.462203689473426
1345,44.832885,0.1254288276232092,0.29718288210200494,4.588244531948436,5.667324341290193
1346,44.866217999999996,0.1398447389308861,0.292494267691382,1.7781092523681135,5.301593879671678
1347,44.899550999999995,0.154778754510234,0.29126159121888506,3.205695592232991,5.585539304032656
1348,44.932883999999994,0.15609038048533402,0.2900629002362895,0.807076682699862,5.3545748822244335
1349,44.966217,0.15674359137111016,0.29189227945359797,4.330944222586702,5.545356892736084
1350,44.99955,0.1484063758749464,0.29535360057428506,2.5473915675949277,5.288133447498582
1351,45.032883,0.13666139078891598,0.2908120612909914,3.716689823708072,5.41121352596698
1352,45.066216,0.11584420321417985,0.28368240899638986,2.4746822748526403,5.300474300713911
1353,45.099548999999996,0.11418085640110527,0.29600873091880353,3.3993427840443684,5.3976484063789405
1354,45.132881999999995,0.12511558534998585,0.2947146709013623,2.8984241205751293,5.595435410671566
1355,45.166215,0.13370879313167966,0.28507348810469796,2.7778007312360273,5.877814651696576
1356,45.199548,0.14687883105271993,0.29054311407606226,0.8978353543467285,5.902942068540615
1357,45.232881,0.14620212133902966,0.28366786677666944,0.561947553189568,5.947016990690615
1358,45.266214,0.15513954325026927,0.2920545780260251,-1.8928145703508645,6.251685425527973
1359,45.299547,0.16268706807868108,0.27738836740406303,-4.078421766995878,6.008995881436063
1360,45.332879999999996,0.15990555110080437,0.262447167814106,-3.9422413740246744,5.997839131594895
1361,45.366212999999995,0.15952069951784548,0.19239827126941028,-2.38686228238134,6.041315237812844
1362,45.399546,0.1644333436638804,0.16983699230196125,-4.810200929322727,5.866952945768425
1363,45.432879,0.15259862023763807,0.16202938108994436,-4.1114436448161005,5.983745420216641
1364,45.466212,0.15820272017936265,0.18224334748304727,-5.287276388358972,5.936478358711914
1365,45.499545,0.10309697150982924,0.18646657717266377,-10.878134489767644,4.976265981957827
1366,45.532878,0.07117270825562241,0.18689274284889124,-12.491467212234634,4.753324700657519
1367,45.566210999999996,0.07060869991729768,0.20140798822626146,-14.338839161716598,4.406024854600941
1368,45.599543999999995,0.06947107112539104,0.20871275100180536,-14.087898837793466,4.5122957041028
1369,45.632877,0.11993384627445894,0.2085156666957219,-14.792160938458071,4.45624006714235
1370,45.66621,0.16248948996729418,0.21167233784525324,-14.442058813375635,4.55250793442122
1371,45.699543,0.1711615072354306,0.22231527890088226,-11.543977404352585,5.032408050080688
1372,45.732876,0.19434187130341066,0.22405036915626259,-15.96969039372522,4.917502138517147
1373,45.766208999999996,0.20796916631216575,0.22102391069276978,-14.421067512953366,5.1023713205980075
1374,45.799541999999995,0.2097689988644548,0.2348260022427261,-15.647212655139779,5.027824493651911
1375,45.832874999999994,0.22440256819073462,0.22744992169745074,-17.189729889518915,5.127743924046899
1376,45.866208,0.21818732481412614,0.23149395725545818,-17.180025157011013,5.018878917925861
1377,45.899541,0.20803725509388055,0.23155178986273522,-19.210652806939695,4.571668067757907
1378,45.932874,0.20387837944535378,0.22900525788904663,-17.962700220524752,4.679365386732387
1379,45.966207,0.2051918106244837,0.23669218082370913,-17.753444396595395,4.637060130997886
1380,45.999539999999996,0.2032679538217284,0.22786581301193318,-17.557302229494574,4.6748663340458165
1381,46.032872999999995,0.18518512018222924,0.23294583383140693,-17.19348507956925,4.723394401249012
1382,46.066206,0.16734753644544223,0.2262652973212146,-15.801394829312322,4.737846694390319
1383,46.099539,0.09162140793203957,0.2278897620097584,-16.68978292438117,4.076770556369336
1384,46.132872,0.07086167486692477,0.24669187065870096,-15.469293703630322,4.251699701719983
1385,46.166205,0.06976356104459527,0.2349965179976098,-14.681210547349702,4.08051568014498
1386,46.199538,0.09065925389784864,0.2329764991299922,-8.316548606887237,4.8698966484651445
1387,46.232870999999996,0.14717766448380737,0.19284278531930393,-6.008477413658847,4.644061446669258
1388,46.266203999999995,0.1488722270717736,0.1466907150318705,2.7621300732606953,4.304901132391935
1389,46.299537,0.14735950683756696,0.11936477790158023,9.659672247191683,4.0487477140698145
1390,46.33287,0.1389532537984402,0.13359053955676164,19.15134978816527,4.613904007362158
1391,46.366203,0.14912371021267187,0.13205673234368456,25.287360462749064,5.104164063679683
1392,46.399536,0.14769243559271797,0.2598206282599715,30.535678365504005,5.509211788688717
1393,46.432869,0.12666595236575762,0.2916909290479626,35.78481983023083,4.7972875310410075
1394,46.466201999999996,0.04518175799528971,0.3493144003574564,47.95766676728437,167.64444499674553
1395,46.499534999999995,0.033893134155196715,0.35554139610291585,-0.525089787319642,-6.029835263674295
1396,46.532868,0.02980278133246306,0.39182781351099305,-0.415372135660325,-11.503570552119859
1397,46.566201,0.031543661581142454,0.4059607878755648,-0.4870404731965383,-8.891500320240084
1398,46.599534,0.07813543506904497,0.42036013285171525,46.33461115157568,7.298400155165549
1399,46.632867,0.1675867257677036,0.4477312752276563,53.25698293322191,163.7205529395423
1400,46.666199999999996,0.11674789440225741,0.373664868511807,52.54089416270326,165.30040990927193
1401,46.699532999999995,0.13281775641636215,0.32330736144505756,50.184909495401264,167.0415792196615
1402,46.732865999999994,0.13653248035691765,0.31109444197805214,41.371096092582754,6.457140964932107
1403,46.766199,0.12665971903569684,0.24558836278719287,45.938026769611355,170.71460735062044
1404,46.799532,0.15290297520661297,0.15329366624749752,35.05080362746585,6.720487878865539
1405,46.832865,0.1518810684219368,0.19928546033191458,31.478447457083682,7.4963547379713305
1406,46.866198,0.16490156965427696,0.21000828272897865,27.102116304085342,7.003668625502541
1407,46.899530999999996,0.1727244866353094,0.23230058927749309,24.52926745321797,6.771475014480749
1408,46.932863999999995,0.17345532872311753,0.2505399314009898,20.83007979090581,6.70898943488244
1409,46.966197,0.18151780312207175,0.24419469104078673,7.472794182563692,5.886610744539703
1410,46.99953,0.1636841206347856,0.25635637021800106,-1.3459211752463964,5.631745909776279
1411,47.032863,0.18828106090144534,0.25975870386523425,-3.7951730928578598,5.8968350690365545
1412,47.066196,0.18875293928110534,0.2567810913552971,-7.523292170931193,5.949218968430139
1413,47.099529,0.1877850960946585,0.2602700430247496,-12.887567804162206,5.736829038075202
1414,47.132861999999996,0.18637205067351753,0.25911248444711665,-13.22528461792784,5.857895919142478
1415,47.166194999999995,0.19073987668029616,0.25269824998962365,-14.474524731159603,6.295707223367786
1416,47.199528,0.1891857959314631,0.25052355728466946,-14.488902911666035,6.56201482428146
1417,47.232861,0.19077635666886386,0.25121308280667465,-15.44355232782206,6.666799188584397
1418,47.266194,0.19054083025449883,0.2513000617481429,-16.3434291025319,6.486368943127477
1419,47.299527,0.18772672774255736,0.25562170093252734,-16.77124949445566,6.177870504731303
1420,47.33286,0.18739869112193536,0.25124837260098154,-17.82022505170227,5.675695325293018
1421,47.366192999999996,0.18931799252797527,0.2595140835857136,-17.285463532064124,5.367325462384791
1422,47.399525999999994,0.17908526153145332,0.2575943067085833,-14.423087534471552,5.603204374741123
1423,47.432859,0.19097770286475385,0.2576902088710724,-14.961640605706304,5.407443739978735
1424,47.466192,0.18385900923892956,0.255984409147742,-13.904689176331752,5.373721001679077
1425,47.499525,0.1757959528369695,0.2659179856999663,-13.498071656978329,5.824914056889494
1426,47.532858,0.15333135336345047,0.25162793156046226,-12.465805345033473,5.658790766819647
1427,47.566190999999996,0.07274320227249939,0.25813582564227056,-15.818923544322432,5.2571878848901665
1428,47.599523999999995,0.0727665009966047,0.25768058062497656,-15.806237326259117,5.167429208089938
1429,47.632856999999994,0.07436282052153066,0.26125235664422763,-14.442517326955352,5.289088100700964
1430,47.66619,0.1482646299580041,0.26245412057486656,-14.819297674410697,4.870225953845099
1431,47.699523,0.19524913105822345,0.2581377037985493,-13.468795693128742,4.97798930134057
1432,47.732856,0.21205024716925397,0.25914841982185294,-11.345389713490313,5.318235124423506
1433,47.766189,0.21514016785100534,0.25999281114711614,-7.730202003229985,5.521112847115639
1434,47.799521999999996,0.18964289359929004,0.2542847685250966,-8.24123939328766,5.497417750221097
1435,47.832854999999995,0.168863838691026,0.253908025594997,-8.819786658071354,5.116420999596708
1436,47.866188,0.15098534776218256,0.2600965728412432,-9.509838751465333,5.204642546078012
1437,47.899521,0.0727470238341652,0.2586738468055032,-10.515878288020831,5.194732948189934
1438,47.932854,0.07236702119307446,0.25640905208250453,-13.763611917926633,5.021900149912752
1439,47.966187,0.07188597237368773,0.23731279415820916,-13.257121293926826,5.176350282127052
1440,47.99952,0.06830271490921856,0.19734657041348092,-13.451376898573972,5.486289828477416
1441,48.032852999999996,0.175836983988089,0.16403689721389345,-16.610331164299463,5.281256112677938
1442,48.066185999999995,0.20026784170626108,0.11810975927507496,-17.034765900211095,5.510991955925178
1443,48.099519,0.2338521049513631,0.17637002345077935,-20.45747088387238,5.460359915907754
1444,48.132852,0.2543527968726895,0.1921761073914369,-24.544990587915102,5.676983651350793
1445,48.166185,0.25422706817071966,0.22349467408929669,-28.481920009761485,5.073293608231774
1446,48.199518,0.2512655784045066,0.2304889743631791,-31.60458951579967,4.670191905742203
1447,48.232851,0.27018769596833625,0.23936639532465437,-33.75057158460562,4.197434004592286
1448,48.266183999999996,0.28540326075977107,0.25742777420510765,-34.79900813221297,4.102316882741821
1449,48.299516999999994,0.26875974314001305,0.2355009768540114,-35.70405964132769,3.2892056693936107
1450,48.33285,0.2890131771893533,0.2412724512163604,-37.50081650484257,2.8406713511301867
1451,48.366183,0.2769877373473583,0.22876734875187563,-35.88089185048997,1.7408904166681303
1452,48.399516,0.2764824077070124,0.24446016387527855,-35.60355283837577,1.9111265089237899
1453,48.432849,0.277569260801652,0.23497215041097183,-35.37275945687143,1.592290261829146
1454,48.466181999999996,0.2611882215975502,0.2249310355828023,-34.483545755135864,1.8228277201058598
1455,48.499514999999995,0.2573661874542575,0.2264408767394609,-33.43754117323015,1.7736647992212244
1456,48.532847999999994,0.25266015751206816,0.24099612177948862,-33.09699953579137,1.8863001480195882
1457,48.566181,0.2502855958349062,0.22314400510759458,-32.271705601867616,1.348960172437161
1458,48.599514,0.24463818122476663,0.22686088216969597,-31.703777850050507,1.394617508228069
1459,48.632847,0.24877376980131613,0.2237959213984423,-31.87873673935453,1.272079482048409
1460,48.66618,0.2451477343346248,0.22026864850446254,-30.924047254769185,1.4989784740625245
1461,48.699512999999996,0.23769630852660836,0.21867756357933676,-30.156726931590427,1.412026397005291
1462,48.732845999999995,0.2255167251603349,0.1866566470458857,-29.89339348350851,1.3809121009831358
1463,48.766179,0.23144709516125306,0.1520242743965483,-30.81051805683756,0.5299835871292585
1464,48.799512,0.22644037617073223,0.15160993564401376,-29.0933648387148,0.9537089665985031
1465,48.832845,0.21503770485592708,0.1636208632204447,-22.83494136774655,1.6295022682835019
1466,48.866178,0.20189593059326358,0.1799887189870472,-22.01446669167322,1.3189528323318531
1467,48.899511,0.1903824929858856,0.1861715078747132,-19.65897287851618,1.6054893823837784
1468,48.932843999999996,0.19534612153027534,0.2243884161535289,-17.323015060000653,1.5222673305906251
1469,48.966176999999995,0.19259830919945936,0.23782258326756384,-18.565820316520156,1.4777456956199517
1470,48.99951,0.17984200794903896,0.2427200968125952,-12.983994299783342,2.2144834341623723
1471,49.032843,0.15191489509814654,0.2363288779808898,-12.875397324603496,2.2326113207362974
1472,49.066176,0.13116632562102162,0.23665942029825865,-12.161621502516269,2.5065645421681872
1473,49.099509,0.1512710515455305,0.23529524566012192,-9.747030674649812,2.7039553022432696
1474,49.132842,0.16919869396548398,0.22612574769266214,-5.060544727424347,3.400337448638686
1475,49.166174999999996,0.19303781471297415,0.22255452787578295,-4.932789079046486,3.2018611822686127
1476,49.199507999999994,0.20561073863686552,0.21912238019892763,-0.41166471326866555,3.6054141624125995
1477,49.232841,0.20783162216164627,0.21955264549977815,-0.13356259738736842,3.4131540661044095
1478,49.266174,0.20913460542973739,0.21118624445019424,3.7786964676634582,3.6759208378585555
1479,49.299507,0.21106720526077943,0.20113786102523415,3.5918132264624147,3.406223184854242
1480,49.33284,0.2190849668293042,0.2127571702448045,5.539092411471089,3.2753077171218377
1481,49.366172999999996,0.22592407154205815,0.21309392154784088,5.674645426754556,3.511241626563372
1482,49.399505999999995,0.22160530524471497,0.21108598241127824,6.94196551325642,3.080457169845925
1483,49.432838999999994,0.22180443258027163,0.20620232869825034,8.958358090459246,3.3098412710859404
1484,49.466172,0.22080269181125958,0.20771146565441728,7.023235760014872,3.302261681319126
1485,49.499505,0.2166856875146359,0.2093923509300991,5.578501150287453,3.1229376227272905
1486,49.532838,0.221421615661731,0.20726157551809954,7.688113741468864,3.03325428054675
1487,49.566171,0.21884419975941888,0.21369854391848703,6.391442283800353,3.4443490872765667
1488,49.599503999999996,0.2174003646052243,0.20343246661443368,8.802770842885094,3.4740369839026854
1489,49.632836999999995,0.21706928179251844,0.21600578278430677,8.38696946439239,3.445088391918933
1490,49.666169999999994,0.21690848790916897,0.21474751642080492,9.005104076304953,3.5702503203295795
1491,49.699503,0.2148723593452748,0.21962516334634002,9.011862490582454,3.845625297582338
1492,49.732836,0.20955012750820365,0.22441043751923523,9.764245190714709,4.149609477173815
1493,49.766169,0.2112205486664768,0.2226942546885088,10.080461469567613,4.262166113192089
1494,49.799502,0.21011669200052407,0.2208084548321988,8.826719223707196,4.303597111040666
1495,49.832834999999996,0.20781241991720276,0.2252394553932393,9.735241604614608,4.525995573216596
1496,49.866167999999995,0.20941032343607435,0.23849401468612536,9.004148978044304,4.662887033379975
1497,49.899501,0.20735958771038956,0.23478935550321622,8.760937979153239,4.65182828981594
1498,49.932834,0.1975165345835918,0.23880271884273668,9.059252065572304,4.7209310598756895
1499,49.966167,0.19906686004124202,0.23456244667113985,7.102227242186854,4.454474890741596
1500,49.9995,0.18615612005946422,0.23463105105117982,7.558643675417901,5.0015043049267645
1501,50.032833,0.19355181180692801,0.21925312474442554,9.971480833865616,5.654862248637352
1502,50.066165999999996,0.1928950375326486,0.2417534108536571,9.478116905703674,5.240062157847502
1503,50.099498999999994,0.19894179159741918,0.23457197063203772,10.356513983397333,5.486836242651898
1504,50.132832,0.20677961865049577,0.2364224355885305,9.563670331801102,5.545676089605752
1505,50.166165,0.20104334159108,0.23890256940462015,8.194424075676716,5.346124646231401
1506,50.199498,0.21102541367050365,0.231353730552403,11.572739270779847,5.517761848566506
1507,50.232831,0.1988033423501429,0.23452968874140404,10.687386476165964,5.6188721491953535
1508,50.266163999999996,0.20010964083637234,0.24501189578504862,11.224401034133857,5.575479314099969
1509,50.299496999999995,0.20436199709609537,0.23045065669353443,11.111012371099447,5.788453715370034
1510,50.332829999999994,0.21097807003254943,0.22876161080395938,11.95588008068541,5.77632738712907
1511,50.366163,0.24688797800459356,0.22399278034053383,9.945078989681878,5.365657359643702
1512,50.399496,0.26489601580384403,0.235244882088334,6.501389507990597,5.783220306084014
1513,50.432829,0.25240058501814444,0.23173540652511332,9.764046492082672,5.824741978748684
1514,50.466162,0.22701750498317233,0.23019026477750046,4.66158991289892,5.694994411309509
1515,50.499494999999996,0.19856366366725464,0.23055964393988038,7.676237541679475,6.207264372137568
1516,50.532827999999995,0.18161931220099867,0.22338407064449925,10.420872967357617,6.352532590364102
1517,50.566160999999994,0.17262776936373156,0.22743044028617737,10.181010596427866,6.725337312539918
1518,50.599494,0.16033653684283575,0.2264562051010447,9.863213020276671,6.7483977952450385
1519,50.632827,0.0778394582305635,0.23529581150217366,5.976621388618683,6.439323656300544
1520,50.66616,0.07130386865060107,0.23003413297372588,5.8320436210063225,6.27732609998853
1521,50.699493,0.0704104523346907,0.23599578035830698,4.084185060450125,6.157693111082281
1522,50.732825999999996,0.1205155987734718,0.24144096664040376,8.55336385536927,6.870465499471023
1523,50.766158999999995,0.17432292864424934,0.2401590160297132,9.046418604684865,6.5295918763727885
1524,50.799492,0.16912241708801393,0.2320905930410376,10.457026541027622,6.682842797845442
1525,50.832825,0.17571090420843416,0.22822173858874625,9.896968063677233,6.4610876513050375
1526,50.866158,0.16906644170243842,0.24635021185577888,8.185940207960845,6.464818008431082
1527,50.899491,0.1782920772669851,0.2414647761567187,6.96979554374024,6.202837965770091
1528,50.932824,0.16937556434989878,0.24304221239748913,10.086755940723252,6.473171988213931
1529,50.966156999999995,0.16561187101570413,0.24693179092170076,3.5882755826355646,5.7810609521660155
1530,50.999489999999994,0.17240977936352905,0.23465603121729411,6.658716766320353,6.101803205742747
1531,51.032823,0.17179416473793957,0.24112674126476952,3.205757702662308,5.503957912327242
1532,51.066156,0.1458627313750256,0.24040966289413523,6.0991728699042635,5.669535651088169
1533,51.099489,0.06989210987918418,0.24139806792200424,2.7508306079443616,5.369690826766795
1534,51.132822,0.07294594034852458,0.24430102997798658,-1.5913676256750078,5.038269651695528
1535,51.166154999999996,0.08360352102665822,0.244419619170409,1.0870403578044665,5.27097103465308
1536,51.199487999999995,0.07496430678525717,0.24412338321538773,4.320173304565872,5.503420898379783
1537,51.232820999999994,0.07519871130749813,0.2440585117084712,-2.617598495295596,5.067583273158659
1538,51.266154,0.07435217090262786,0.243193403109598,-2.9992612071450444,5.099730456414417
1539,51.299487,0.07815232517012605,0.24538240190266708,1.299086532035243,5.033682155900492
1540,51.33282,0.07372930557592879,0.24668227292935935,-1.3106128459339779,5.287833184466847
1541,51.366153,0.07142148927649161,0.24893501627900566,-0.6854815798898761,5.232151774370391
1542,51.399485999999996,0.0690706550553044,0.2469600741997124,2.1576855012056595,5.322585639673572
1543,51.432818999999995,0.09170213551957103,0.24271263888850056,7.09133910930454,5.3576021832634275
1544,51.466151999999994,0.1616459780626555,0.24863264970921467,6.909036910747482,5.362941597135158
1545,51.499485,0.19743255565924195,0.24680165762795048,6.16728855142741,5.40691167130458
1546,51.532818,0.21238417515162525,0.24022250623146824,3.6198732878507367,5.422952811822448
1547,51.566151,0.22528457284583922,0.23755314523760615,7.490092132652731,5.274000700828708
1548,51.599484,0.23537528414369752,0.23333840063648642,7.391132795042598,5.429904042928629
1549,51.632816999999996,0.2157919027915526,0.23767957647862625,6.742186941197033,5.334423236206378
1550,51.666149999999995,0.21323362852268388,0.24770583654709707,5.751160672786566,4.99699872626101
1551,51.699483,0.20057209329294146,0.24461204753388405,5.009334009196031,4.99418455488143
1552,51.732816,0.19866417901787012,0.24585359775832563,1.0447753803268793,4.346394666146149
1553,51.766149,0.21532340587633436,0.2530621404894346,6.117582041126666,4.825573084593596
1554,51.799482,0.2032088342792342,0.24904973705818031,3.0135975951513045,4.5903540469727435
1555,51.832815,0.202691874257352,0.24687239281801382,2.514258132320182,4.706517914158993
1556,51.866147999999995,0.19862960676021493,0.25295493738340735,2.6764996375890115,4.662779951015271
1557,51.899480999999994,0.20964201800714874,0.24517148221617874,2.4431799396470706,4.987641518542269
1558,51.932814,0.2001377141176403,0.24829503254074198,3.4694092228091757,5.103502275547256
1559,51.966147,0.19141002694886994,0.24694660165608157,4.818833120020932,5.381498065624554
1560,51.99948,0.1853690525241892,0.25611896729728195,2.0139690102122803,5.522508350229906
1561,52.032813,0.1727629113932605,0.2595636776816424,-1.6037611607539473,5.2082756235548535
1562,52.066145999999996,0.1640828564033756,0.2525582269651674,-1.175750312674105,5.125637192464311
1563,52.099478999999995,0.15927694144552,0.24753948821275448,-3.025563549790431,5.038780182119116
1564,52.132811999999994,0.16488780343568424,0.26088501762119937,-2.205572787473067,5.046220862419894
1565,52.166145,0.17575203673682974,0.25591656384771044,1.3407918936900474,4.902144095404851
1566,52.199478,0.17779894334315988,0.2584673307649946,3.0301121541244838,5.076367098280336
1567,52.232811,0.18738984690425142,0.2575890309460961,1.803689797382879,4.955772944128863
1568,52.266144,0.18612187842273287,0.25094424811006955,0.11800781999369005,4.814753690956274
1569,52.299476999999996,0.18368876983985297,0.25284658924960635,3.5830115326535816,5.260128453981884
1570,52.332809999999995,0.18332518544574977,0.2533981922971206,0.6641098774468293,4.81218707639129
1571,52.366142999999994,0.1813360801564304,0.2573399470456324,0.017115148670691464,4.793230198202748
1572,52.399476,0.179370465911384,0.2549514965452936,1.3481260823033874,5.197686831475538
1573,52.432809,0.18138466004509893,0.2503643305981351,1.2773972103308402,5.1155008269472715
1574,52.466142,0.18203317804987174,0.24352838975786945,0.8136419897755748,4.895286142438417
1575,52.499475,0.1903109058726669,0.2566124881304187,1.761238958651819,4.924158656567212
1576,52.532807999999996,0.18948864012566452,0.2491941048111811,3.1469611182253474,4.919488958793164
1577,52.566140999999995,0.1869702202557402,0.25847892984967813,1.3331932925424625,4.585579684638941
1578,52.599474,0.18599556952908794,0.2496366333529109,0.14771417920753765,4.426511481857761
1579,52.632807,0.19045516899218684,0.24532582707013206,0.036752006427918676,4.727034813931797
1580,52.66614,0.20987351482821848,0.24577069325097103,-0.7588075438354295,4.648009401239378
1581,52.699473,0.23264159784157717,0.25123585204762355,0.9736197558571608,4.845543590817971
1582,52.732806,0.2845456273454106,0.2559590328230146,2.925344689894464,5.062137493580775
1583,52.766138999999995,0.3083762093066756,0.26719869679593433,2.348424831697445,4.99885779162007
1584,52.799471999999994,0.28806806967395443,0.26239678136885913,3.2373069876228304,5.066294454792511
1585,52.832805,0.24239580804992883,0.26621903149971915,-4.786329657915117,4.62490973414843
1586,52.866138,0.1628947389007699,0.24559971915805262,-5.014356586590248,4.832766012489852
1587,52.899471,0.14776107305916109,0.24849170577285212,-3.956546328763096,4.7944109070085235
1588,52.932804,0.14318308324426945,0.24248094919151922,-7.44357650931481,4.788214950431059
1589,52.966136999999996,0.08527862887796438,0.24024741244368947,-6.786597581962988,4.819215586546627
1590,52.999469999999995,0.06737826644052544,0.24809987498225833,-3.4174339329499808,4.7922547217274225
1591,53.032802999999994,0.1544474615605555,0.24380129738038359,-3.116614438254598,4.705226399338228
1592,53.066136,0.17442543012360054,0.2418099815358373,0.44093850136941337,4.6679776013161725
1593,53.099469,0.1840821900495832,0.2490617242468911,5.396660072320407,4.938640951813372
1594,53.132802,0.18831959478168178,0.23947054590918343,3.9301103419212384,4.976279274373244
1595,53.166135,0.1788370953964052,0.2431101858268177,3.4631591809141895,5.098723725677179
1596,53.199467999999996,0.17963995169763225,0.24670896158277533,4.803781744090236,5.589524277305349
1597,53.232800999999995,0.17918959796520442,0.2352731843605647,3.6260290960885464,5.476862982293795
1598,53.266133999999994,0.18137062911381174,0.22852153126226427,0.6814712379401677,4.90760975159208
1599,53.299467,0.18793130342293593,0.23057191586746778,5.366809813229756,5.432860611268075
1600,53.3328,0.19117233747487744,0.21652361788336166,4.682831385612609,5.22670266544398
1601,53.366133,0.1939745341305204,0.21721182994702215,2.6063832922705883,5.063947909230798
1602,53.399466,0.19139899127313162,0.1786106257252999,-1.3117021638936148,4.398653542581887
1603,53.432798999999996,0.18496383518242912,0.18143409650205644,-2.2770744413623216,4.126685816038893
1604,53.466131999999995,0.1879765964007216,0.16817130053801282,-2.222749677712926,4.1170360501433585
1605,53.499465,0.1868656134771485,0.16676937997682595,-4.085167830338309,3.4861342604222654
1606,53.532798,0.1714095764246761,0.16490356958540775,-4.161890370002213,3.845628199888621
1607,53.566131,0.17107964358816427,0.1709954689351617,-4.719323655829177,3.869043202365155
1608,53.599464,0.1937466957334115,0.17868349698626818,-5.5369849973104275,3.7254337024246307
1609,53.632797,0.22002950449397043,0.2067861538772898,-5.241815596594354,4.015698255696315
1610,53.666129999999995,0.24964121004207845,0.22353990126878043,-4.23457531516339,4.466825064033856
1611,53.699462999999994,0.2811583587808275,0.23686434034021542,-6.888893142524285,4.569064334868196
1612,53.732796,0.26759123853175926,0.2371260778007951,-4.802458676665353,5.166983289689708
1613,53.766129,0.24027167000086944,0.24473441653157924,-8.854049771088066,4.652304627359484
1614,53.799462,0.20745143307407918,0.24901637419611589,-6.69524920181289,4.493560993559581
1615,53.832795,0.19778902327359263,0.25278647964844086,-9.441765999207833,4.238826486120597
1616,53.866127999999996,0.19104561808301607,0.23475165024976485,-9.465487637086873,4.509992980029453
1617,53.899460999999995,0.19219400773459874,0.15117519174707209,-5.639854299883883,5.199963801260704
1618,53.932793999999994,0.19502816997719702,0.15750437108670062,-10.865722212662755,5.235546493715387
1619,53.966127,0.18909633786900423,0.15904757176135814,-12.664602739001639,5.066162208218882
1620,53.99946,0.14867908993403198,0.2137081264312512,-17.56806025510405,4.82806483022582
1621,54.032793,0.10440036677436626,0.24249871825355712,-24.038473833148768,3.909260096528635
1622,54.066126,0.16121927682836473,0.23693684102536278,-25.026960326662312,4.593811560198298
1623,54.099458999999996,0.21113520283672252,0.25232726359930346,-27.991343430065363,3.3798840990931978
1624,54.132791999999995,0.22932427064673855,0.2730178095403519,-27.43264061708706,3.585709483815794
1625,54.166124999999994,0.23929997789127946,0.26977687067417777,-28.78443296858477,3.2860328124529623
1626,54.199458,0.25929601662280055,0.2642495679060289,-30.14741548157112,3.0856867708277593
1627,54.232791,0.25226371249792484,0.26535231784735624,-30.41155178558757,2.882026901559513
1628,54.266124,0.24824637062852464,0.27290440388173004,-31.11094251534999,2.6966842028096885
1629,54.299457,0.2504471769179751,0.26555114823321857,-31.856963135949908,2.378203610726424
1630,54.332789999999996,0.25491657538343804,0.2767599271537716,-32.67150555215095,2.659692868858993
1631,54.366122999999995,0.24066269932862272,0.27833375923449266,-31.594153879667875,3.0302529239452483
1632,54.399456,0.22370089855490471,0.2811192967199914,-31.43797998299809,2.9059049131903665
1633,54.432789,0.22749502614481923,0.28512651580068904,-31.746790981212538,3.2562541122792794
1634,54.466122,0.23510631293495896,0.27969384523325425,-31.650549142146087,2.925959979170677
1635,54.499455,0.24019935496581604,0.2738066124476536,-31.461219442996384,3.036145263289054
1636,54.532788,0.22026628713281113,0.27646944986454136,-31.728305073638257,2.76146839508178
1637,54.566120999999995,0.2199813338365442,0.26946472431913515,-31.526369306916624,2.577090162178515
1638,54.599453999999994,0.21033739462019715,0.2731821191857403,-32.21661552268689,1.9696672360247076
1639,54.632787,0.2228984314145894,0.27354530375542163,-31.049772482126503,2.6141219371148994
1640,54.66612,0.22925693611774556,0.2708505970353237,-30.987671120947535,2.3549215913167116
1641,54.699453,0.23289584321368548,0.27106176491438483,-31.047988485588526,2.43412445841977
1642,54.732786,0.22928083429428261,0.27873893593573235,-31.125359543919796,2.592597170387908
1643,54.766118999999996,0.21973115337708682,0.2847500819411709,-31.66370356331492,2.374253690943897
1644,54.799451999999995,0.22662158265492233,0.2752543282187282,-32.08251562545888,2.4294659283902904
1645,54.832784999999994,0.21866835933629578,0.2540037883645462,-31.479854251335773,2.292287881309858
1646,54.866118,0.21286004767140707,0.1599102291166214,-31.891936159031165,2.3242755945003335
1647,54.899451,0.21596467809717046,0.1071361245258944,-31.107236653617637,2.42947116398605
1648,54.932784,0.2177151002363753,0.10612832011562394,-29.515551499051,2.6175092101251685
1649,54.966117,0.22861820699517496,0.10758912862194,-28.359588483194052,2.9841211346470087
1650,54.999449999999996,0.22079556712891082,0.11406166487123125,-25.825088416233623,3.501188379835238
1651,55.032782999999995,0.20371870262861255,0.1318912442273979,-23.39906922461258,3.429212058067585
1652,55.066115999999994,0.21738134111108107,0.11937233541328233,-20.765525255512042,3.3746880989641617
1653,55.099449,0.19722842003882568,0.15067430506612234,-19.57256055604187,3.309725915062097
1654,55.132782,0.20594697212876284,0.1736070003423249,-18.393700531351744,3.407055856471306
1655,55.166115,0.20817519480301735,0.186753947976179,-17.835860545298523,3.4361868089039893
1656,55.199448,0.19570774899969975,0.2108698178381952,-17.24337065406011,3.2166135515057035
1657,55.232780999999996,0.2106888720886043,0.2215420609931058,-16.36070097186548,3.578380050962502
1658,55.266113999999995,0.20473570532235313,0.23384829896132883,-15.759618081205048,3.579109829578736
1659,55.299447,0.20301996896225488,0.23872905993883378,-14.24381762378497,3.4982177772629752
1660,55.33278,0.19712526388270113,0.23051742996162283,-14.599326304229109,3.5673631864067605
1661,55.366113,0.19921012887816703,0.2315532893173022,-12.636030517389928,3.5755156786389275
1662,55.399446,0.19780447878955768,0.24168104853970557,-11.397819137563783,3.638022350546249
1663,55.432779,0.20096161710680152,0.26000781587682426,-11.757306119254169,3.451253941482409
1664,55.466111999999995,0.1973186754798783,0.2726878406796085,-13.2435593000143,3.303535177742851
1665,55.499444999999994,0.1991807646836496,0.2812208532764638,-10.868216478124808,3.7060702005734085
1666,55.532778,0.20343549886198833,0.2949482142643049,-11.416807019459217,3.5872866230879543
1667,55.566111,0.20095125228694646,0.29139555791769234,-13.195456218815428,3.522684468645614
1668,55.599444,0.20265869051673163,0.28636177869209034,-15.00549680998939,3.36380206286293
1669,55.632777,0.21914709805583282,0.2972500488293805,-15.79721998988314,3.5399954412117647
1670,55.666109999999996,0.22256149278795404,0.3073349440905951,-12.359364271986932,4.112064039532368
1671,55.699442999999995,0.22290079633465648,0.3022623147650242,-12.744969409302719,4.125851679122254
1672,55.732775999999994,0.23541208695223872,0.3067005562439091,-13.150524593811642,4.205076738955573
1673,55.766109,0.2598952379774901,0.3059077996484403,-11.70566714912267,4.522867066064575
1674,55.799442,0.25922109614369315,0.29703438127217596,-9.432333347992811,4.763293312240324
1675,55.832775,0.29301468743124776,0.317843796233639,-13.623722149986396,4.464196646309449
1676,55.866108,0.299194730067369,0.3120162077257974,-14.653533150876903,4.40357907270121
1677,55.899440999999996,0.3122100613865916,0.3193461727559062,-13.08831061860267,4.761649220170979
1678,55.932773999999995,0.319548269480305,0.3218804071929129,-14.797787458154511,4.537709364087509
1679,55.966106999999994,0.314951431865417,0.32125327872377885,-12.925933868469123,4.857579181896539
1680,55.99944,0.35097912146708715,0.3143273679841797,-10.91454462343137,5.2283471566687485
1681,56.032773,0.37683165809380004,0.30724411274524144,-15.893340010612247,4.311411434428873
1682,56.066106,0.3704045991600738,0.3136296351648173,-17.239542512700254,4.384261689651774
1683,56.099439,0.38203233074558535,0.31055905964424924,-17.838566578831205,4.336990853556567
1684,56.132771999999996,0.38225241157816003,0.3070033784821585,-18.711571243359753,4.510895515207267
1685,56.166104999999995,0.3926978888016036,0.31075274771646655,-22.01555665980282,3.966995819732607
1686,56.199438,0.4099430068197332,0.3052739865806029,-23.677365033714416,3.7968044451564307
1687,56.232771,0.42559807264350763,0.30169413304504933,-24.974623770104003,3.8015254200619197
1688,56.266104,0.4203095911784516,0.3066372328342467,-24.380056455848834,4.270917039162267
1689,56.299437,0.4502564056641579,0.28960973623947944,-25.123060764284958,4.153174747513436
1690,56.33277,0.4337365130833055,0.23496595234275403,-23.21715340867241,5.450236042894808
1691,56.366102999999995,0.45012085297975296,0.17382702400837985,-26.445153503313524,5.475964529494419
1692,56.399435999999994,0.49107173848230135,0.11010763623719098,-23.70429200587073,6.52175130831237
1693,56.432769,0.49155211634295215,0.1897060739665486,-31.55173873019505,6.095755591195124
1694,56.466102,0.5207638218606435,0.2204992195738575,-32.97859609746519,5.855440271514915
1695,56.499435,0.5210208366183683,0.2588512418938961,-37.67340850802871,4.847666506615725
1696,56.532768,0.5513017787411704,0.25581771576697665,-37.00347090949333,5.145720512040162
1697,56.566100999999996,0.6393223944675929,0.2857939688399744,-39.01830890312953,5.032348732442031
1698,56.599433999999995,0.7154471667898308,0.254301076003018,-40.19068569891155,5.095043506885627
1699,56.632766999999994,0.6940189679630578,0.24949699847293022,-41.57713582500552,4.617162689766759
1700,56.6661,0.7048048111036943,0.2639215975586734,-42.5444892362798,4.4309304297271925
1701,56.699433,0.6512068592038374,0.27459758986280575,-41.14398003327193,4.661903876909655
1702,56.732766,0.6565335179932649,0.2822259016510011,-42.67061941533533,3.749191099947935
1703,56.766099,0.7174508306162303,0.27540729029975763,-44.663327657823615,3.1675536046302093
1704,56.799431999999996,0.6117122262540021,0.28658614573626917,-43.85540220648472,3.7762536424064823
1705,56.832764999999995,0.6516166946987171,0.27702995494113836,-43.81996632474862,2.610578733244414
1706,56.866097999999994,0.7106051138866232,0.2849879070167379,-44.58778995204782,3.3960828105459755
1707,56.899431,0.6598551897998493,0.28833021790739854,-43.6162284377694,3.0228266924319187
1708,56.932764,0.6841535757534475,0.2840769411455193,-43.77278946411212,3.120846274221826
1709,56.966097,0.6933983476007022,0.2842202404934244,-44.0353969203324,2.599917047760259
1710,56.99943,0.6911575701900345,0.2912705865977725,-44.53494390947439,2.5768985043067976
1711,57.032762999999996,0.7162289216060692,0.2867037244856746,-44.62458772143193,2.65247912637935
1712,57.066095999999995,0.6641637561824747,0.2956093828884634,-43.8304368620203,2.7549265961640237
1713,57.09942899999999,0.8143505650563231,0.29312858048091456,-46.15879249047003,2.5010417517483816
1714,57.132762,0.6796718184430607,0.2916280942225555,-44.54088480477429,2.3426072417130595
1715,57.166095,0.7096809210975054,0.30453180065936575,-44.99665521828828,1.8839054656747096
1716,57.199428,0.7603020194186004,0.31404960628122025,-44.992563503713285,1.8404829519147279
1717,57.232760999999996,0.6526862262870551,0.2818667047209945,-42.7303358133556,1.7572625628955312
1718,57.266093999999995,0.8835532764607283,0.2878689118651554,-46.26940167088807,0.9615631223918109
1719,57.299426999999994,0.6887696892305124,0.29146155303759214,-43.22472901573111,1.6994768056430192
1720,57.33276,0.8058626592854177,0.3028449078143227,0.3529154342995598,11.441384763035861
1721,57.366093,0.8421515263932823,0.3037639125849421,-45.86396542709307,0.3243117761800853
1722,57.399426,0.7737881597784723,0.28457605821466836,-45.42850593644975,0.8074002031215545
1723,57.432759,0.7182138090673726,0.2866711390683542,-44.47618919273571,0.6340869840822289
1724,57.466091999999996,0.7722991704964859,0.2934938758979775,0.3346981353270489,11.185119683512237
1725,57.499424999999995,0.7631503646178939,0.30224344943410103,-44.988369923898205,0.04303143702095017
1726,57.532757999999994,0.771209390405306,0.29086235328379123,-44.81596795534104,0.2625067414698009
1727,57.566091,0.7950208338988265,0.2829971990239769,0.33148985563730693,11.682368131994313
1728,57.599424,0.8221354452686803,0.28702286806689203,0.253825039315076,15.798262665128442
1729,57.632757,0.7833510008958127,0.27743133213839377,-43.62912122855976,0.9837339918882996
1730,57.66609,0.8553946177056365,0.2557963270050958,-44.70274688258358,0.26182548660936406
1731,57.699422999999996,0.7878311397788678,0.2789710322825733,-44.116528108221324,0.15240402859988447
1732,57.732755999999995,0.8003244766251327,0.2763550346375328,-44.20793690251803,0.06252864654386671
1733,57.766088999999994,0.7956369689991006,0.254985674672176,-42.57439553461434,0.6749007100792689
1734,57.799422,0.7965870101096347,0.2711852079667522,-43.84978906928804,0.6303749871081525
1735,57.832755,0.769372204282755,0.2669384854988986,-43.17964234991102,0.51644686866797
1736,57.866088,0.7948894148489871,0.2551762697039324,-43.053565187587566,0.6022508502963749
1737,57.899421,0.815847144445442,0.26013561961439036,-42.65840806263079,0.4374423854728717
1738,57.932753999999996,0.7589217083519864,0.2716990147122834,-42.292628529224615,0.6070356263980574
1739,57.966086999999995,0.8344542357464112,0.27185519528746016,-42.87793513605698,0.5347464929114712
1740,57.99941999999999,0.7902421680715088,0.2588799950438522,-43.024228330190276,0.4984743455089247
1741,58.032753,0.733123047374005,0.2787782996418633,-41.56406102299968,0.6869578680122903
1742,58.066086,0.7154120575863373,0.2772364958128226,-41.2605764038275,0.7200131090654711
1743,58.099419,0.75924254601665,0.262150895375906,-41.789322594983034,0.575175635738999
1744,58.132751999999996,0.7412677275628332,0.2480454317743082,-42.22595102971706,0.5822316428464293
1745,58.166084999999995,0.7615492132840258,0.26106652429065563,-40.785483019297864,1.2424242729065615
1746,58.199417999999994,0.6580773255746524,0.2613141561413143,-39.35367479143854,0.6543407427138671
1747,58.232751,0.600158715437513,0.23667007526739225,-38.907088505034785,-0.32385347530273667
1748,58.266084,0.5327181089952444,0.2118009926854715,-38.42584284305592,-0.3667006476892613
1749,58.299417,0.4710948833151063,0.21049378504121868,-35.694746867392844,0.5041745874051472
1750,58.33275,0.4284152054950958,0.14731243448793113,-29.31209612184679,1.8945501755117062
1751,58.366082999999996,0.3978482133458112,0.17318834043802195,-22.058291320771644,2.3360103433894848
1752,58.399415999999995,0.3697728963790114,0.20639453807788322,1.9873331753104673,3.0869011613082784
1753,58.432748999999994,0.3585207959048074,0.2519143817884427,14.181270206695592,3.3054306127551674
1754,58.466082,0.33549427270478566,0.2771157626835358,21.824624132405717,4.4414325825199175
1755,58.499415,0.31994497764158464,0.28557345172971865,25.489358944846153,4.8435936742314905
1756,58.532748,0.29992683498172884,0.3054702321124826,27.53139612946014,5.343463717192873
1757,58.566081,0.25683546890534226,0.3335539441063261,30.18331690907478,6.0576934521738215
1758,58.599413999999996,0.23176352841733794,0.34245265232201405,30.170109172020375,5.8397933446625
1759,58.632746999999995,0.22646013997959452,0.3517342232546666,31.97477690477618,5.634144193276737
1760,58.666079999999994,0.22740969971794087,0.35982192334051505,32.57852339811577,5.639104513581562
1761,58.699413,0.21824959697241642,0.36402152943475363,32.90926622118507,6.2980531701788856
1762,58.732746,0.22005438623622608,0.3641417434895754,34.862796174914706,6.90785657713328
1763,58.766079,0.2098770646342634,0.3782329111131049,34.550303606553804,6.52578112899755
1764,58.799412,0.19609942134076533,0.3865840455039054,34.61302100940368,7.034236646144144
1765,58.832744999999996,0.20087458719713533,0.38184525170802497,34.985339395732154,6.591761439736242
1766,58.866077999999995,0.20197486070032375,0.37607150355760977,35.242673886722784,7.158350151268575
1767,58.89941099999999,0.1982726964359811,0.3836329696588675,34.93917206853192,6.957375859167143
1768,58.932744,0.20312745095553847,0.38611519111414794,34.642873103454484,7.150437785077656
1769,58.966077,0.18348797525914823,0.3751076148626,34.133384892447104,6.894836285554933
1770,58.99941,0.16414943780169064,0.396085367588601,34.10318344533399,6.819490188471652
1771,59.032742999999996,0.1625098508912481,0.3999243893152925,34.376869219108066,6.840013004605741
1772,59.066075999999995,0.1716210485033437,0.39663195699749554,34.35634937539501,6.910148207786533
1773,59.099408999999994,0.16299443002899583,0.3905951357253826,34.424490822297095,7.092565800309112
1774,59.132742,0.15895286769532835,0.3979191717114511,34.80773734805489,6.824163437181229
1775,59.166075,0.1498824784511129,0.3838283878653782,35.43372076273072,6.928519641989472
1776,59.199408,0.14645757262200698,0.396609147479589,35.537198534494564,6.71602418618839
1777,59.232741,0.14274639620144605,0.3978567431825951,35.2980525193569,6.473417763044992
1778,59.266073999999996,0.1529981756462434,0.3891083272488428,34.99244416142596,6.685326587502635
1779,59.299406999999995,0.15753247533526601,0.39194587613614756,35.05020750699079,6.797579339340866
1780,59.332739999999994,0.1472633778010173,0.4084848694201596,35.323271141101976,6.436819882187478
1781,59.366073,0.14454697424888474,0.39782232516922855,35.163812456692916,6.840948625785607
1782,59.399406,0.15502900414549217,0.4019676336680859,34.657275258521246,6.743150082484011
1783,59.432739,0.15235223161971123,0.3975571100692153,35.16650083901551,6.344250383066606
1784,59.466072,0.14118713090354604,0.40123796744718243,34.655966393320426,6.145834131009899
1785,59.499404999999996,0.14069374820535213,0.40540915324865895,35.23354508114363,6.401542522213924
1786,59.532737999999995,0.15925366628885063,0.4072263340613025,34.675232632015486,6.57942564366701
1787,59.566070999999994,0.1475566034451558,0.3999569611570477,34.86995479036256,6.2955507954838135
1788,59.599404,0.14712516567680442,0.40186137572461694,34.934410757855225,6.649405396277162
1789,59.632737,0.14548685504594688,0.4024606300346941,34.462588639596696,6.245283891593297
1790,59.66607,0.12111883378433376,0.39797457942291026,34.3844445291669,6.489336996224024
1791,59.699403,0.10046095751892352,0.4080642107574149,34.96233944627694,6.198679339475015
1792,59.732735999999996,0.0424694514281845,0.4072100180256464,35.431454169721086,6.307768474197913
1793,59.766068999999995,0.03865248187259003,0.3966417832042012,35.00851466363971,6.296781958221282
1794,59.79940199999999,0.03834783934750237,0.4083455881611358,34.30901161108673,5.956941662144803
1795,59.832735,0.03931659481399844,0.4070452938898307,34.54888173509456,6.305963181083632
1796,59.866068,0.04181020748488313,0.4016898745403107,33.978867588591356,6.216272832751841
1797,59.899401,0.06893348637705804,0.3956150054454319,35.43502982259072,6.819452980889072
1798,59.932733999999996,0.11236598746775632,0.3966655075885364,35.44914488660815,6.770042137835787
1799,59.966066999999995,0.11902844057562599,0.3905348820625806,35.240631344670135,6.7755846906892065
1800,59.999399999999994,0.11671785272576965,0.402155817076678,36.087929697879815,6.6585565598010295
1801,60.032733,0.12160927732112314,0.4009976984822783,35.7239192632825,7.050418627263024
1802,60.066066,0.11731884152107154,0.3946648305595265,34.87007688934567,6.604543305004434
1803,60.099399,0.09465779520063669,0.4069565886845399,34.90361562444837,6.416221230691456
1804,60.132732,0.09157836940683323,0.41153908908083325,34.91422716545832,6.363727552187037
1805,60.166064999999996,0.10800640290976257,0.4064652215893384,35.26837037635037,6.46430965387783
1806,60.199397999999995,0.0872051939092742,0.39427801905707144,34.692311032909984,6.149977032569218
1807,60.232730999999994,0.10031993109607502,0.41385502746498437,35.261845189165804,6.076006199806175
1808,60.266064,0.10272537727421133,0.40970338768223175,34.380598565387686,6.0925987794110785
1809,60.299397,0.11419412838779723,0.4030969272928,35.22004181438498,6.759132531905302
1810,60.33273,0.11447711227791375,0.4014911165726573,35.033415749949164,6.292850301856266
1811,60.366063,0.12341763177076955,0.3957990904138618,35.38283538380426,6.618200624900423
1812,60.399395999999996,0.1265693656007276,0.39154725245302996,34.75959065113378,6.769913186514264
1813,60.432728999999995,0.14283095964987952,0.3919153815822417,35.56839015280964,6.958726071402864
1814,60.466061999999994,0.13309474977023172,0.39618202927332435,34.72458887079991,6.759804727704066
1815,60.499395,0.14788624947409967,0.3886761924618861,35.05037424367635,6.706831424838514
1816,60.532728,0.16117268739959395,0.38893186766444643,35.07032283508805,6.735198309968591
1817,60.566061,0.16062972340335033,0.3842523188140999,35.023376932522986,6.945529074228672
1818,60.599394,0.16631206968361456,0.4029340887820993,35.839207560358155,7.210471389534481
1819,60.632726999999996,0.1834793279360786,0.4126350239028774,35.75940597748688,7.227293774607097
1820,60.666059999999995,0.1913701981027482,0.4092874942294368,36.13683067676492,7.349377788342305
1821,60.69939299999999,0.20602131954692113,0.41647431425576575,36.17030639059106,7.342238695358515
1822,60.732726,0.21729126318795536,0.4195620598530183,36.01964391890524,7.077155579915132
1823,60.766059,0.2344072931957429,0.42859087397088835,36.08334680536447,6.5513056073519955
1824,60.799392,0.23959746120878514,0.4145198415423334,36.23466182107021,7.156355485829904
1825,60.832724999999996,0.2303748322570288,0.4188903770847436,36.286365336436035,6.89632431315639
1826,60.866057999999995,0.2338019574590772,0.4131284087567056,36.09857880422007,7.111013997195488
1827,60.899390999999994,0.24501493113298534,0.4066232626259756,35.73089026833865,7.286638183088098
1828,60.932724,0.22867855844095694,0.41092562739174554,36.719539702591135,7.4242195680256735
1829,60.966057,0.22523385957423123,0.4260763776716432,36.451615549097276,6.966746423400903
1830,60.99939,0.2195868361547356,0.41657853806995904,36.22019303615089,7.059335739582019
1831,61.032723,0.19796805721786934,0.4240372712921183,36.08589808912494,7.12826585722492
1832,61.066055999999996,0.18501046854099346,0.40957650174116556,35.96173321789479,7.437397074699834
1833,61.099388999999995,0.17633205789585277,0.41721638258243865,34.85740294968906,6.822750073651191
1834,61.132721999999994,0.17189554628005363,0.3825054885683934,35.995519835717054,7.656004143279812
1835,61.166055,0.1658069083161777,0.3698878179005419,34.36062859637263,7.892280721458409
1836,61.199388,0.14319890281335673,0.3573201125014983,34.117208989433564,7.5856170685571955
1837,61.232721,0.14168886247580642,0.35549008096398704,32.72595735859951,7.384747058735431
1838,61.266054,0.13504697329378,0.37056139066524696,30.149841763079095,6.812566720939007
1839,61.299386999999996,0.1385808346151037,0.3561033519677484,29.79202313072703,7.335755413124073
1840,61.332719999999995,0.14328464143033948,0.34448977012091964,27.854832404505455,7.457961237113466
1841,61.366052999999994,0.15445431170328702,0.3360276682952924,26.73236183565317,6.995516264925942
1842,61.399386,0.1478818649050766,0.34170706351905483,24.927299594717226,7.01442048221045
1843,61.432719,0.11735207559243162,0.32879333848727166,21.053298297690855,5.946472092591593
1844,61.466052,0.0912174114284638,0.3182920351051456,21.757721321584135,6.261006406642665
1845,61.499385,0.10428943449414937,0.31138225621813287,18.070009639948402,5.52607795445316
1846,61.532717999999996,0.12221357253180778,0.31014101970611635,18.0836052486234,5.439555570834782
1847,61.566050999999995,0.16361222304011416,0.3280812487533793,12.954191539479412,5.230927512283114
1848,61.59938399999999,0.19239364837856007,0.32055956048571793,14.249475091734585,5.513889561528428
1849,61.632717,0.1948392269538103,0.30967794005697025,10.76533415442769,5.531137078151991
1850,61.66605,0.19341274017962767,0.3145276385305768,6.875269170942535,5.2781518718442335
1851,61.699383,0.15914649403754996,0.30928874255568317,-7.583908659659142,4.404058229394741
1852,61.732715999999996,0.07228792204576237,0.31184232114740534,-10.642519065233934,3.7601767793745866
1853,61.766048999999995,0.07355688681376787,0.3182054839165597,-15.263538639839139,3.8235864688272954
1854,61.799381999999994,0.12860697347237893,0.32017629693056826,-16.338634429771645,3.7414133744802105
1855,61.832715,0.17211093092817772,0.3119277119359969,-20.531137020546016,3.488056248806355
1856,61.866048,0.2104065841596814,0.30872684231486675,-20.025521658559725,3.717485055746253
1857,61.899381,0.21245810653005184,0.2985868512213389,-21.965710867034527,3.616899462454213
1858,61.932714,0.2113472622477113,0.30424969994450957,-21.403307111378904,3.603375243228098
1859,61.966046999999996,0.20749865895279299,0.3059842702361052,-21.336731471885834,3.7099903708628736
1860,61.999379999999995,0.18663376227873482,0.2978331285892917,-21.68385789196317,3.8191192649427355
1861,62.032712999999994,0.1692689268104787,0.2989338356673682,-23.684061387555726,3.2592273733570307
1862,62.066046,0.12456238078289517,0.29027844802050373,-20.99276253970091,3.5360653996319416
1863,62.099379,0.08456952733446936,0.2960494711872219,-21.926857995115817,3.1715639435090996
1864,62.132712,0.08659549930750865,0.30357938646055466,-21.202783850583838,3.3648296639682354
1865,62.166045,0.08659410070999712,0.29291222611315226,-20.444829191125407,3.2641173582667466
1866,62.199377999999996,0.09065533271683952,0.28497533351613835,-20.564960026889004,2.9567176214285884
1867,62.232710999999995,0.09305752985227436,0.28040891391156025,-21.323163783294646,2.874113568931443
1868,62.266043999999994,0.09072608919388744,0.28176734661809955,-23.103880561530598,2.5592182852376464
1869,62.299377,0.09628387438358658,0.2891737184010895,-22.963635726656847,2.6458558634966916
1870,62.33271,0.09701619068827877,0.2909899200600381,-25.257987434790326,2.5979675467510437
1871,62.366043,0.09618746408717944,0.2949461730095241,-27.686410901742786,2.160550909149184
1872,62.399376,0.09621212148128626,0.3022750658077259,-31.121851451143282,1.163491289100306
1873,62.432708999999996,0.09625047964216506,0.31443019793801325,-39.70348960794431,-166.95236668726852
1874,62.466041999999995,0.09972992421069067,0.3070383521920155,-34.91492937935892,0.166960018950581
1875,62.49937499999999,0.09856929089459422,0.31021009494397916,-34.26245744741283,0.3120798743895028
1876,62.532708,0.10000149881506734,0.31178374797016495,-43.886175627083965,-166.12826350654382
1877,62.566041,0.10076363284989821,0.30745529639537955,-35.22249720421821,0.331944612442797
1878,62.599374,0.10402647333151452,0.3158505511002666,-36.24991143987418,-0.2142569589061489
1879,62.632706999999996,0.09947535216242147,0.2982814681453262,-36.51804808045685,-0.35150817012130403
1880,62.666039999999995,0.09726665409833136,0.2962316040529988,-36.57498915419263,-0.17685992928075508
1881,62.699372999999994,0.0989452646516936,0.3034483995782853,-37.21932251159006,-0.1591444744247782
1882,62.732706,0.09880947447012127,0.30502236490446394,-34.686601486459125,0.2850406048654049
1883,62.766039,0.09960877125731508,0.30953063664481223,-35.62090120849059,0.5919428359995221
1884,62.799372,0.09918108030464245,0.31614010358062616,-35.26760790894895,0.3032328249698429
1885,62.832705,0.09841570466174894,0.31667642542343766,-35.095414978452375,0.7550289204097607
1886,62.866037999999996,0.10178036727498128,0.3189337028985594,-35.172576368727455,0.3594083275069174
1887,62.899370999999995,0.10043436039549093,0.31600980577526033,-34.041988203984715,0.8853622541774747
1888,62.932703999999994,0.09721569010610984,0.3109565817416614,-33.79263442922312,0.41811308561717114
1889,62.966037,0.09628842619926929,0.3209167859857923,-33.83194179967586,0.46103046814337223
1890,62.99937,0.09732517122075375,0.30239752918772844,-33.11467098752293,0.7544595811243722
1891,63.032703,0.09135299116607339,0.3059980196342075,-32.90131119335083,0.5174928196098476
1892,63.066036,0.09278640173246044,0.30888565614636826,-31.991038611092417,0.9346162947800448
1893,63.099368999999996,0.09225821539904971,0.28591413730840176,-31.814219628388926,0.9442315561790118
1894,63.132701999999995,0.13112107280491425,0.2606307603986599,-31.331352212998063,0.7079094468489292
1895,63.166034999999994,0.17561478971362082,0.19265626782192696,-32.48060551200867,0.5118249331705591
1896,63.199368,0.19699255552186776,0.12709869580788485,-29.199054680310496,1.2005566794802143
1897,63.232701,0.2044528200988979,0.14347443679525396,-26.434029781857156,0.7088412748495957
1898,63.266034,0.19988361339563268,0.17699642494722495,-24.130288781130783,0.8130522924364573
1899,63.299367,0.197358559646972,0.20131808872213897,-22.77259512879022,1.2100145068956571
1900,63.332699999999996,0.20176078301481484,0.2371495366403277,-22.57915692756576,1.1641251671036585
1901,63.366032999999995,0.19396666233234583,0.26775258571641647,-18.814892231143517,1.571298285459092
1902,63.39936599999999,0.2008914524490512,0.2881778295527817,-16.639482543944666,2.408406978283976
1903,63.432699,0.2021503078882945,0.2854590694024076,-16.06491696545118,1.9676238985107068
1904,63.466032,0.19936985585434772,0.2879263797697342,-15.098103269555105,1.9387600739309567
1905,63.499365,0.19250436959180586,0.2767805066043224,-11.109000282991051,2.5302458937661
1906,63.532697999999996,0.19983902924105865,0.2887352287978799,-11.556100160643565,2.566817508319675
1907,63.566030999999995,0.19727932348786958,0.2826673146142533,-2.850725916488474,3.298580103298399
1908,63.599363999999994,0.19876954793503016,0.28387894456919177,-2.381019206430169,3.320691198860464
1909,63.632697,0.1989375264742561,0.28694364403392636,-1.7096444840231937,3.528369460333684
1910,63.66603,0.19031979260129303,0.2862990986341091,-4.931821454394522,3.4258121097518193
1911,63.699363,0.18146011860848307,0.28731724037970496,-5.137055151492156,3.3804712196308344
1912,63.732696,0.18245833623816435,0.28672996669369555,-8.231752174012243,3.456059014130543
1913,63.766028999999996,0.17049928746305257,0.2795843058088602,-8.570386995570844,3.6582947703623048
1914,63.799361999999995,0.1675985293934596,0.282197878929654,-7.398302085137823,3.8183147938215796
1915,63.832694999999994,0.16901908723167564,0.2724893812865753,-7.36472392174454,3.7532873306911414
1916,63.866028,0.17023977157254294,0.2739515087531268,-0.8827163577402009,4.635072168627864
1917,63.899361,0.16734760190313494,0.27153657589271785,-2.8658188572965333,4.392507702822188
1918,63.932694,0.15118241415348535,0.2771407518116096,-3.355935516137971,4.55445043401149
1919,63.966027,0.16942515997010837,0.27738560698840076,-2.103633538830083,4.784631063194436
1920,63.999359999999996,0.1600961364378885,0.27877180342972496,-4.691302041627602,4.720756665374813
1921,64.032693,0.1592815968163997,0.2746535544260835,-2.214014179046991,4.900481656192217
1922,64.066026,0.15846738365947619,0.275977469984084,-1.9484544026380624,4.82157230115141
1923,64.09935899999999,0.16489515586883188,0.2771836664350126,-5.246634114979583,4.8214886909594865
1924,64.13269199999999,0.17436254345616195,0.2876536185620884,-7.291181238797255,4.681906063206049
1925,64.16602499999999,0.17501853666669898,0.2834355366592237,-6.020310627855002,4.861589427292558
1926,64.199358,0.1786249914126523,0.2791761513088773,-5.9446010546276975,4.850817768100044
1927,64.232691,0.18495995649052746,0.278213911909213,-8.821045487577683,5.104197736800809
1928,64.266024,0.17559008956136898,0.2766462060491319,-7.329938828243941,5.594455473735468
1929,64.299357,0.17396230575232788,0.27489921192456834,-4.878620201851947,5.64012577485448
1930,64.33269,0.17836599673731415,0.2790440857210101,-2.3822011825299336,6.112525539256659
1931,64.366023,0.17382640339033584,0.2838046699725827,-6.241931426829369,6.023262281660434
1932,64.399356,0.1765984183088041,0.2895987515531931,-2.8958018227543327,6.195759476350569
1933,64.432689,0.17032513589829487,0.29031587002269854,-4.943718003389846,6.1021211155840565
1934,64.466022,0.17545177779486335,0.2969609945551245,-0.447165225385239,6.3977333056832215
1935,64.499355,0.17284168686604898,0.2974836697060196,-0.08180642511174245,6.5616887063852865
1936,64.532688,0.17705263568405524,0.29486407526605585,0.34456414472819863,6.239112370592732
1937,64.56602099999999,0.17200010002498672,0.2996769038588597,1.4282513596323734,6.546405614064527
1938,64.59935399999999,0.17710974247636593,0.304438297734355,-0.3994092819616725,6.228582447657786
1939,64.63268699999999,0.1720739960041076,0.310709962123217,0.9952964636550546,6.31191687076144
1940,64.66602,0.17721716118818284,0.3149808493781563,3.019597715599945,6.306446718929793
1941,64.699353,0.17497066273953824,0.30850251305659604,3.0658510138831407,6.757478486692696
1942,64.732686,0.17871446400788804,0.3214977107586128,2.4565968200972463,6.437598852488827
1943,64.766019,0.1777187008534607,0.31440417585833147,1.3127430694917674,6.493779715262021
1944,64.799352,0.19065438179363717,0.3118248022998532,3.745054401578276,6.596470034249367
1945,64.832685,0.20932599910218594,0.3184990954688418,5.960094732019997,6.603902822037928
1946,64.866018,0.21530089466352373,0.3214276959319444,9.64976909243659,6.9463222627589145
1947,64.899351,0.2581942976376574,0.31329585031567597,15.105988584029209,6.99298506057602
1948,64.932684,0.2867656290559927,0.3181243811652645,11.466664125796934,6.60119112933017
1949,64.966017,0.23730129240521622,0.30442859121720367,7.888994010442253,6.146932871127309
1950,64.99934999999999,0.1496474371926638,0.30476603264285523,-4.457935563340818,5.351163199094493
1951,65.03268299999999,0.06665992371921442,0.2970734348359738,-0.2092915881003913,5.2792436047430105
1952,65.06601599999999,0.0690928601787871,0.301927609380545,3.404955682694039,5.377121654496727
1953,65.099349,0.15805023073095312,0.3105743755517664,7.551000119435452,5.594330985616524
1954,65.132682,0.18493781137509213,0.2983858896454913,10.155154605333061,5.796305482066304
1955,65.166015,0.18173370849986653,0.2871287901566184,9.207987807678322,5.667569311504209
1956,65.199348,0.16507699228949083,0.2798744098746023,8.737037009424151,4.964877026902713
1957,65.232681,0.17276010566254157,0.22234257478582017,14.186169783917379,4.850608434847381
1958,65.266014,0.17917751974575127,0.18149139413027632,15.945014666357205,5.329990257163176
1959,65.299347,0.1688759960844679,0.22121546589479,21.297919837443782,5.8119978410097115
1960,65.33268,0.12464939961640285,0.24752097146410124,23.202009459565236,5.549115367915847
1961,65.366013,0.058041807247622215,0.28944694751852207,25.322439440059927,5.517691592483305
1962,65.399346,0.05797684380064443,0.2967353453454105,27.334247305107127,4.661655761289319
1963,65.432679,0.1276407251553874,0.3028529634603111,30.135169259165345,4.347813105763502
1964,65.46601199999999,0.17393928846458126,0.3103204379404487,31.36823957698645,4.374376842235166
1965,65.49934499999999,0.20610409632288265,0.3078543000950372,33.34148567421132,3.9960004751156006
1966,65.53267799999999,0.22172580767691163,0.30764506490819576,34.73847486653159,3.3233273931098237
1967,65.566011,0.20949302076672374,0.29562647958800636,35.41099466232624,3.376575456338899
1968,65.599344,0.21781992123000546,0.30431297589926637,34.1279831267417,2.878512381864033
1969,65.632677,0.20985969226988474,0.30156738615488976,35.03696471815103,2.7022869787339636
1970,65.66601,0.21088993741751347,0.29869473448827255,35.29620977285928,2.781729971517916
1971,65.699343,0.20996349462754307,0.3071232503682085,35.28577401403112,2.237707583173641
1972,65.732676,0.22620638567065526,0.31934415596971677,35.674566578902514,2.4424810849627723
1973,65.766009,0.2206099372354564,0.31721363840159444,35.90199161539972,2.750030469601061
1974,65.799342,0.24427406049600092,0.3275370539603198,37.313745982713336,2.795310733452948
1975,65.832675,0.20602768152957632,0.3149496254319336,37.91228704755205,3.0653087108354886
1976,65.866008,0.1631463709609977,0.32394536299358434,36.78452831507201,3.450944918440247
1977,65.89934099999999,0.046660678251037944,0.33441554454390454,44.05811534656293,169.03205938481932
1978,65.93267399999999,0.04527499474903481,0.33154680438905376,43.54015375174818,169.7960533770306
1979,65.96600699999999,0.048273341371039356,0.329588839076018,43.2450044906389,169.53974549431058
1980,65.99934,0.06364316316430868,0.3311652886756804,43.669978669338775,169.87510414031544
1981,66.032673,0.1422131003850374,0.32845236719429083,36.64237827388634,4.218759146529477
1982,66.066006,0.16465003913378887,0.3342267607453763,36.02942773043481,4.500352351346946
1983,66.099339,0.16573477265167666,0.32959129553564337,36.89689000622121,4.407520838937326
1984,66.132672,0.16138270020882478,0.3262277958771953,36.44264423918326,4.078411356857335
1985,66.166005,0.1658169683943449,0.31885443990113105,36.1575224730324,4.280380269953627
1986,66.199338,0.16472883560968127,0.3233013597819528,35.707938445833804,4.165525885023196
1987,66.232671,0.14874769759210163,0.3177419493263556,35.96253991332191,4.3255340507577085
1988,66.266004,0.16633900951139474,0.3322664955800422,35.864662670626416,3.9581408759684904
1989,66.299337,0.15145273261603318,0.32895789039450374,36.020750228755766,4.026389010682241
1990,66.33267,0.15238801372343433,0.33949866265246,35.90329839847857,3.9884264104731697
1991,66.36600299999999,0.15899595429696203,0.3278616394946901,35.149577953596875,4.053414783325303
1992,66.39933599999999,0.158382637086287,0.34115643132082407,36.5040909959689,4.364366520830971
1993,66.43266899999999,0.15976398071042208,0.33411216263859955,36.46620489074621,4.166310501265316
1994,66.466002,0.1601931589895748,0.3383578525403779,36.114292539999155,3.704741218333447
1995,66.499335,0.15952813492307083,0.3459923512235782,35.520735415874,3.556988927696161
1996,66.532668,0.16545997484426156,0.3320050833193401,36.014198134998196,3.951184242269296
1997,66.566001,0.1705450742882046,0.34465626953900663,35.3873207627581,3.5498222204502072
1998,66.599334,0.1690795040767823,0.329906226145627,35.64914894475016,3.4233068781767204
1999,66.632667,0.17190314402905765,0.3450711865424976,36.108702872875966,3.2620072024999183
2000,66.666,0.1687470065834298,0.3366797922899404,36.01349277181244,3.8135081264617057
2001,66.699333,0.16548584350542886,0.3374932684164316,35.40871902587422,3.5065099992660427
2002,66.732666,0.16559597559804368,0.3337830037274056,35.54543617515907,3.663526394311151
2003,66.765999,0.16022607257170698,0.3517488689668785,35.88937061820838,3.660059409610827
2004,66.79933199999999,0.16115809797010044,0.3279970113312647,35.04704898298882,3.7113794983329287
2005,66.83266499999999,0.16248308785562324,0.3412390647603917,35.06574247316287,3.4075212523310014
2006,66.86599799999999,0.16318659796517473,0.34196970270233795,35.124376487850256,3.606797801388255
2007,66.899331,0.16243549410357616,0.33072363157618806,34.7707629743266,3.2264659384100547
2008,66.932664,0.16141568417987323,0.33539466685109276,33.80335342207891,2.984009533142064
2009,66.965997,0.16026597263081832,0.3329071470765278,33.82018381511208,2.419488950683181
2010,66.99933,0.16325716812401642,0.3262204454441652,34.50316746038296,2.945771104073935
2011,67.032663,0.1542608336939427,0.3155069696396167,33.50191287683395,2.8192500691786604
2012,67.065996,0.16103119264290178,0.3171187255791682,33.462261503635304,2.77043311592491
2013,67.099329,0.1687462860941158,0.30497809675762744,32.89974590822302,3.216224121725997
2014,67.132662,0.16235619927624903,0.31973842231240757,33.353793830762456,3.1034071471654787
2015,67.165995,0.16076254775284482,0.33033168872807894,32.899704633065674,3.2131580759112457
2016,67.199328,0.16240255760397523,0.31889847311138597,33.99023347015241,3.456600592535397
2017,67.232661,0.15631728050642418,0.30327925892500474,33.7414741291156,3.7212018056258525
2018,67.26599399999999,0.13551188826983884,0.3117010380865286,33.90487467375515,3.8681175603647318
2019,67.29932699999999,0.11207252534032026,0.3137526271575972,33.90717234551611,4.0984647712606765
2020,67.33265999999999,0.05652044882940886,0.32626297587244063,32.59628764350043,3.7142548429715614
2021,67.365993,0.049354948060521237,0.32108070925270416,31.913360786161398,3.600449905471275
2022,67.399326,0.051827271185350944,0.3243247915667809,30.27177458611911,3.8090965554451928
2023,67.432659,0.13573288551934137,0.30679095675849677,29.379676774125212,4.4461712234951385
2024,67.465992,0.1556264842984558,0.28338129994207173,27.596891222569845,5.047935630848692
2025,67.499325,0.15360254145958363,0.2999257125377766,25.58088140328539,5.212429522590665
2026,67.532658,0.14165661531198082,0.31099951171302176,23.131421446262813,4.873117496097868
2027,67.565991,0.15236239063123017,0.2995034253122194,21.084091553893444,4.570602047738722
2028,67.599324,0.15282016267780352,0.3032319509277785,19.807659612669305,4.611863395612153
2029,67.632657,0.1814247001316654,0.2927119021423184,19.605754443336632,4.897069895273863
2030,67.66599,0.1776758590466605,0.28890288305500555,16.451288720712693,4.74972720024997
2031,67.69932299999999,0.2004080783889093,0.31236086685206904,19.76162848791232,5.3257444510810785
2032,67.73265599999999,0.20062223501571644,0.2879985721568012,16.1047632071571,5.304532055395929
2033,67.76598899999999,0.20224006636601805,0.2908281196706912,12.015743865880808,5.376212182235365
2034,67.799322,0.20022212320466007,0.27565824909605513,4.497054795792745,4.980404340442508
2035,67.832655,0.19754206909292424,0.2737446991095817,5.3789895223515,5.055559153297551
2036,67.865988,0.1899993904556337,0.2793825519310974,-5.000365937665533,4.69576961731376
2037,67.899321,0.18969153939079458,0.2828735255583396,-8.906626368385815,4.336586672646648
2038,67.932654,0.185808383934551,0.27320368192342065,-6.707131240332754,5.0799247901914
2039,67.965987,0.17887678495279938,0.2912842897813734,-11.51676434896994,4.4562377418098205
2040,67.99932,0.17012599827858657,0.294380615243625,-13.666697531420098,4.259219112738406
2041,68.032653,0.1746270628710887,0.2936725353393851,-14.549246730318883,4.1403322641058935
2042,68.065986,0.20212823633650748,0.2848733260749703,-12.936747081152228,4.5221209109766916
2043,68.099319,0.20656859122330806,0.2936334352841968,-13.024470805099817,4.276626345158578
2044,68.132652,0.21952487704047643,0.2862057187332099,-11.74333668009781,4.556136452812915
2045,68.16598499999999,0.23730271493144087,0.29090477148629246,-13.883477399446287,4.232757314900363
2046,68.19931799999999,0.23133677237003208,0.29699956847491416,-15.715072889762409,4.604499266765199
2047,68.23265099999999,0.2259512940451928,0.3011672868405881,-15.744217492113659,4.601845808025246
2048,68.265984,0.21121929056984048,0.30404960311010854,-16.683615745434288,4.704761272940747
2049,68.299317,0.20670367191675154,0.300757336304689,-16.409263063874118,4.788817985539847
2050,68.33265,0.19651112118793834,0.2893515167455747,-17.58916135574306,4.549707698906591
2051,68.365983,0.19473553379679928,0.282134810716956,-17.147282460586737,5.267559903448298
2052,68.399316,0.1953428873457379,0.28966694006504434,-20.965110374312673,4.948068435574346
2053,68.432649,0.20913219272768993,0.3070388410332992,-26.118440160053844,4.271615836160675
2054,68.465982,0.22847239783400727,0.29346676394821664,-28.819249837628142,4.312368117488557
2055,68.499315,0.23188281545481254,0.3059515351263444,-29.465764412088546,4.280578123094441
2056,68.532648,0.2300595266023535,0.3084135672588239,-30.886342752061633,3.5191508831659863
2057,68.565981,0.2278393175551078,0.2987305734273482,-32.018710941429966,3.622345994851341
2058,68.59931399999999,0.2323414460239566,0.30390255240710795,-32.357629931391756,3.2977519914561357
2059,68.63264699999999,0.2317214960407453,0.3111587700694769,-34.28440117218568,3.202051961975287
2060,68.66597999999999,0.22808115976998547,0.31572397892936255,-34.82721833324837,3.144740531692164
2061,68.69931299999999,0.2375887080302974,0.3187850094747333,-34.65517781393951,3.3032447297566727
2062,68.732646,0.16510538769170086,0.30033758984650216,-34.43776623188713,3.373116644814443
2063,68.765979,0.14123976637273294,0.3055791549342822,0.4904234103810611,10.45948824017944
2064,68.799312,0.1515943127612335,0.2980175464694354,-46.885750348681384,-162.525121034333
2065,68.832645,0.23686429709865955,0.2965268425317116,-37.76797204158854,2.9161400497726104
2066,68.865978,0.2558328854897907,0.3032866677450432,-36.76552249166599,3.4215224790874945
2067,68.899311,0.270675096784651,0.2969844873117229,-36.99538828708161,3.547179679302859
2068,68.932644,0.24810230014712834,0.2906415824844537,-38.006181635820525,3.2720505569886895
2069,68.965977,0.26514394610026676,0.28124942463583613,-36.99808082354474,3.110550958251332
2070,68.99931,0.2715022766712341,0.304312857336222,-35.930949151540545,3.78972684973311
2071,69.032643,0.2702276597897546,0.29454140362824366,-36.64526251443352,3.4323444289769793
2072,69.06597599999999,0.25613787584002196,0.3031136316884886,-35.66553028468181,3.2285511323615412
2073,69.09930899999999,0.2567705290366507,0.3058317616267382,-35.364967010188444,3.593547035267181
2074,69.13264199999999,0.24630012287744033,0.3065114136632875,-34.98499625996963,2.9348547145562764
2075,69.165975,0.24368794217598422,0.3036271314978294,-35.6655856731896,3.2773699226069177
2076,69.199308,0.24824504929934949,0.2940644926809512,-35.20171594515764,2.8146582213803497
2077,69.232641,0.25589266387754284,0.28958873613992453,-35.32624684825624,3.006011179843092
2078,69.265974,0.27123996236011594,0.2947653449946548,-36.38251453304774,2.727494899838706
2079,69.299307,0.26729704784829655,0.29870486302826577,-36.08498278672603,2.961306935523299
2080,69.33264,0.2731967932083847,0.3017038254655744,-36.64367269990266,2.842982012300208
2081,69.365973,0.262485682122597,0.2895609920516005,-37.361272354713925,2.4572989001864314
2082,69.399306,0.26644379487688247,0.291683884750094,-37.037528029584834,2.69772197477174
2083,69.432639,0.26817355720030045,0.28602727933583283,-37.187475829957855,2.569301626149557
2084,69.465972,0.2423300521556258,0.2922654482755502,-36.92119414259822,2.338391109539351
2085,69.49930499999999,0.20376340584495,0.2912109630861015,-36.11366325247902,1.9582806632037795
2086,69.53263799999999,0.1434474817423974,0.2958982138113155,-36.138754980553664,1.7724032193845662
2087,69.56597099999999,0.10120999511638633,0.28408214870596005,-35.791785298115954,2.14659893196599
2088,69.59930399999999,0.10287801695937157,0.29237055989032246,-35.46455718979899,1.459030197901592
2089,69.632637,0.13198361149834228,0.28133922846818227,-35.42997826529415,2.1558030418385066
2090,69.66597,0.18850952734379256,0.29048416464084875,-35.12000696181889,1.8362268336779206
2091,69.699303,0.20059396580972322,0.28947566394285096,-35.73984577699846,1.5482204525376528
2092,69.732636,0.20431348424686824,0.29538631199491855,-35.040582272551696,1.562053320204346
2093,69.765969,0.21487061436400126,0.28781799303540806,-36.75990271864723,1.5018564286697318
2094,69.799302,0.257975210863123,0.2856524162445957,-37.302825601922876,1.42869320667587
2095,69.832635,0.21614861877311153,0.27376156768088444,-38.47710555065168,1.4322647571598646
2096,69.865968,0.2059210608346934,0.28755786964044294,-38.79783551683334,2.0229291415135884
2097,69.899301,0.10474502762584592,0.2683187008710858,-38.487598461983495,2.320288889063368
2098,69.932634,0.1075650813213116,0.27070165866215307,-36.89784815537743,1.90008478912179
2099,69.96596699999999,0.10891099602751252,0.27949591851603495,-37.62383768487102,2.4329385037609885
2100,69.99929999999999,0.2861928326651553,0.2711611848391465,-37.21206098423879,2.3344139967750626
2101,70.03263299999999,0.2881867579570776,0.2585829426899854,-37.21519722971013,1.5510961143085826
2102,70.065966,0.27256422698310506,0.18909444927768876,-37.1838236951783,1.0180835678341231
2103,70.099299,0.2519986339014523,0.09538534533844295,-36.2667551576519,1.5147297865688283
2104,70.132632,0.22317867670737082,0.08413317428304365,-35.37792941985311,1.9065332963005928
2105,70.165965,0.24012839768832767,0.12463501765504695,-33.511622227965745,1.8954935350442395
2106,70.199298,0.21596263117764555,0.15358080371966976,-29.758067758090483,2.303452915293934
2107,70.232631,0.21750209029533782,0.16184959748903988,-28.971219340663488,2.782863227994488
2108,70.265964,0.21348302062065674,0.18718926225809893,-25.81150244239363,3.7565666421025865
2109,70.299297,0.21999270561526113,0.2012789048708037,-24.810712792454492,3.7958615276320953
2110,70.33263,0.22574518989480072,0.20848879259893974,-22.650348184830747,4.487271008153673
2111,70.365963,0.21876589825980175,0.2162617362753798,-21.76474056997717,4.808879308749089
2112,70.39929599999999,0.2227798221308744,0.2215076089284848,-21.959996222988945,4.766216679610709
2113,70.43262899999999,0.21812821037411043,0.2218170183600808,-20.886348686126038,5.283597216310987
2114,70.46596199999999,0.2184168315899095,0.23180584019717215,-21.715192261029237,5.084915137965229
2115,70.49929499999999,0.21423351381070666,0.2269523344471135,-21.62077826452579,4.917877645601595
2116,70.532628,0.20021270177260242,0.22569992821731444,-22.41817432693142,4.9516116173800055
2117,70.565961,0.19226395057059723,0.22180283261827433,-23.96947071578526,4.855691910524597
2118,70.599294,0.13848232662052418,0.23860091203146683,-24.250106248711283,4.958934688540713
2119,70.632627,0.09196131605667775,0.22869169572853626,-26.291791775782674,4.691541326610464
2120,70.66596,0.0839624637278948,0.20937006433130934,-26.123298367195346,4.833756607298119
2121,70.699293,0.15033719059448888,0.2441358538879965,-25.694251104271327,5.143844714158964
2122,70.732626,0.19417287397875727,0.25844300724079183,-27.303533226603637,4.996105323663581
2123,70.765959,0.2240516789774958,0.2648718786511347,-29.05428272321123,4.443812977856037
2124,70.799292,0.22455212128072102,0.2612396300635811,-29.406897217090105,4.37336703810387
2125,70.832625,0.21984571539150183,0.27699970515771555,-30.520844166355193,4.28284972355716
2126,70.86595799999999,0.22830440558901924,0.276726305388656,-30.90663364872171,4.111853842450889
2127,70.89929099999999,0.22422880846806084,0.2758616943657758,-32.21141095303584,3.867597714622527
2128,70.93262399999999,0.20479656198106005,0.28101877414527,-31.64433041990564,3.9967153537281406
2129,70.965957,0.22508699324980336,0.2827355501528001,-32.24024857523828,3.9613345724402733
2130,70.99929,0.2236530938971538,0.29139444966523487,-33.23417468546102,3.7545231924159252
2131,71.032623,0.21796610044660525,0.28777139421238623,-33.380745157655234,3.7583475624055653
2132,71.065956,0.18496111064499207,0.2831685949993701,-32.93793449025956,3.690825920996611
2133,71.099289,0.0948678216457883,0.29022719982096334,-34.31809248756662,3.9938310180050847
2134,71.132622,0.09785317402263294,0.28600239178948283,-33.00439619323633,4.057630021910438
2135,71.165955,0.09575932992815159,0.2817504274583481,-33.721616897017775,4.211981702579652
2136,71.199288,0.1730214510011275,0.2838200157399261,-33.32517537270033,4.465026136727163
2137,71.232621,0.20058385784679741,0.28547920494747814,-33.597780523217835,4.114168922989606
2138,71.265954,0.21067823068776295,0.28708944633133354,-33.83385967781031,4.3412719000931315
2139,71.29928699999999,0.2140110386416142,0.2850208042918319,-32.92279559013473,4.526898113146774
2140,71.33261999999999,0.2052341120773031,0.2826796571583157,-34.093317383902054,4.218985789625333
2141,71.36595299999999,0.22767662640740913,0.2942638121286577,-34.15318108334703,4.602361868103956
2142,71.39928599999999,0.20909571591769074,0.2882419067722905,-33.75552032507109,4.623157869372535
2143,71.432619,0.19868856091859946,0.28840827768411625,-34.19782308965584,4.283599432080324
2144,71.465952,0.19434241031123314,0.2914873927831113,-34.03948924050015,4.478173662731653
2145,71.499285,0.21267808291537413,0.2935014943598568,-34.37709471779219,4.814428838401271
2146,71.532618,0.20702081606685085,0.2930608758265452,-33.276550779023125,4.831565743546456
2147,71.565951,0.2061763339868256,0.2771576041766286,-34.40360315398964,4.44179656484013
2148,71.599284,0.22307912905028268,0.2849419750285037,-34.05486780248296,4.9239564999757475
2149,71.632617,0.20901329300972438,0.2963765557665119,-33.990377020119745,4.885279779903936
2150,71.66595,0.21309510140286395,0.29421629582126707,-33.02803098808382,5.076119283073854
2151,71.699283,0.2167743013038357,0.2877621591423521,-33.655611339867555,4.983454140769142
2152,71.732616,0.20847533234742355,0.290177978020292,-34.08316332692675,4.8925695454983975
2153,71.76594899999999,0.21780046103467154,0.2930945260222393,-34.28029018353191,5.007012023306626
2154,71.79928199999999,0.216694060483324,0.2904931056217342,-34.49086046677907,4.9753624511442185
2155,71.83261499999999,0.18923768655613082,0.2995667390226543,-34.71873537930135,5.042993478944179
2156,71.865948,0.14181603875345875,0.2802505863639937,-36.00273565099988,4.7369928712854
2157,71.899281,0.09927705547061741,0.3051443996093903,-34.67678438986723,5.073520664189625
2158,71.932614,0.09802301649662386,0.288541573921072,-36.074626100628116,4.701645732508919
2159,71.965947,0.09889083872777878,0.31175971753944987,-35.8140776574224,4.572405248853864
2160,71.99928,0.1000260080040389,0.29937062306178774,-36.30281129958832,4.240573724304547
2161,72.032613,0.09656336593027828,0.29310840441109687,-36.079275110296045,4.372085194207296
2162,72.065946,0.09490487806920185,0.30716040300465985,-35.68341452687313,4.5452245035824665
2163,72.099279,0.09737423132712437,0.3057797790053368,-35.610784069947634,4.923434062533792
2164,72.132612,0.1801069592770547,0.3009121816389407,-34.789156910215475,5.028251010853095
2165,72.165945,0.18536806755102686,0.29533337218022426,-35.478497079725194,5.151751260922832
2166,72.19927799999999,0.21320494558692668,0.300912937287765,-35.1752480471813,4.893711660114339
2167,72.23261099999999,0.19826297353683542,0.28867823272966103,-36.10277909538407,4.498102833699771
2168,72.26594399999999,0.2171932412047515,0.29263105723782157,-36.116998253681125,4.556644515404462
2169,72.29927699999999,0.22395515346569944,0.308297949923989,-35.0603046388029,4.516326762139106
2170,72.33261,0.22138915963790817,0.28944765797092364,-36.07706527288921,4.494723049726937
2171,72.365943,0.2244125743638742,0.2926719450794205,-34.81151872229345,4.568604135264779
2172,72.399276,0.2209541773361935,0.2914056561237772,-35.38804318857743,4.300913466046512
2173,72.432609,0.21197619795124206,0.2822810481274586,-34.4810716353558,4.2388692437967075
2174,72.465942,0.21931667316577405,0.28426834152856095,-34.001656206752884,4.467185641673959
2175,72.499275,0.22838969825616667,0.2635409876076007,-33.64181674126732,4.254791373698365
2176,72.532608,0.23099998905884123,0.2422244900621428,-33.72044840510047,4.112631198922501
2177,72.565941,0.22125870653541926,0.1904550563592715,-34.26498482329715,3.7673581144904356
2178,72.599274,0.23500555907677798,0.15189845710363442,-33.03350641160828,3.3941587261826394
2179,72.632607,0.22674812129487956,0.17405396383089833,-32.632109845897695,3.327933542455454
2180,72.66593999999999,0.22464134821264573,0.15602876655407172,-31.18224997761588,3.0456567144164723
2181,72.69927299999999,0.21824437632729068,0.1792463110266896,-29.799680348106353,3.169485263845626
2182,72.73260599999999,0.21290469347012395,0.1914955420584603,-29.71206918755351,3.156763471968361
2183,72.765939,0.2126305339108788,0.21654120562403023,-31.67691349312371,2.727870448319856
2184,72.799272,0.21057121157266245,0.22863909154589435,-31.0013106993109,3.2821656671986896
2185,72.832605,0.1958240587541896,0.22986787841139472,-32.013345965447726,3.4527325783203127
2186,72.865938,0.20491454221436045,0.24042035089770825,-30.639548897994782,4.13838540034156
2187,72.899271,0.2188077550302264,0.24415472511840403,-32.21303366382749,4.514968371106433
2188,72.932604,0.21289437126207228,0.2236126318476993,-33.25332181858782,4.4631647433116415
2189,72.965937,0.18527158739337188,0.1290654050562625,-33.93744057401765,4.83063067696254
2190,72.99927,0.18406452540192764,0.09721978892385266,-34.36365482509217,4.590608590253672
2191,73.032603,0.1974004158686804,0.19364470625462282,-34.322311467035476,4.5960892419045765
2192,73.065936,0.201739834674939,0.24281880453470644,-34.42323301649862,4.367958549465328
2193,73.09926899999999,0.1963040405408597,0.25888353439069167,-35.79168283058426,3.77855509219807
2194,73.13260199999999,0.23862598878153263,0.26625024750602433,-36.333518922667544,3.4481417062634354
2195,73.16593499999999,0.2780356561361979,0.2722275162385586,-36.53782250935569,3.3775815576854447
2196,73.19926799999999,0.31018819858316365,0.2807038314326177,-36.96567997845615,3.271048430448378
2197,73.232601,0.34373985896172693,0.28424214899359473,-37.61253896473016,3.169886142357152
2198,73.265934,0.3532445876791079,0.28696974369117617,-39.11237768544968,2.7058849218312555
2199,73.299267,0.3840270140339773,0.2924732997768311,-38.79153846494509,2.9307335099524394
2200,73.3326,0.408789528075366,0.286697134014038,-40.483239451714454,2.800945876433109
2201,73.365933,0.39779667305643135,0.28330303523392814,-39.89576228115357,2.9067845236563064
2202,73.399266,0.41157899061035147,0.2748196894634014,-39.29233066637231,3.1658690138639796
2203,73.432599,0.4262951425971031,0.2821739903587368,-40.38704339669509,3.3710094059026385
2204,73.465932,0.44297572691223475,0.2713933667717616,-39.52118492391759,3.0118425362404873
2205,73.499265,0.466542175330457,0.28756125661608545,-39.927166774936815,3.2246476790747094
2206,73.532598,0.4741353550084205,0.2734529977827913,-39.889046405189646,3.009573988118265
2207,73.56593099999999,0.46757608010817475,0.2812214620246105,-38.44923208819194,3.5418688860081513
2208,73.59926399999999,0.4904694629657472,0.2944927925041163,-39.14594468900172,3.713583035500371
2209,73.63259699999999,0.5347211840027084,0.27771959327644946,-40.558317781619,3.582906639418547
2210,73.66593,0.5643209192874603,0.2660089339687338,-39.00660297265291,3.9939027978425408
2211,73.699263,0.5379290129836677,0.27252241688511947,-38.55279497139138,4.187654243943116
2212,73.732596,0.527491276964069,0.2792249005638421,-38.16365913832084,4.147377144560931
2213,73.765929,0.5855843070728906,0.27479791529809083,-39.40309421228053,4.618320337007457
2214,73.799262,0.6177597047901571,0.2826463685634101,-40.04813705593975,4.0759420063201235
2215,73.832595,0.6097953941413825,0.2851806988495751,-39.6896204980325,3.896707997359047
2216,73.865928,0.6383309675999199,0.2712311521084975,-40.01349533755411,4.4970030382043396
2217,73.899261,0.6442755408044557,0.27545912940826867,-39.51281797026733,3.9359494435586475
2218,73.932594,0.6235235999103788,0.28916158389089885,-40.357591275977235,3.2762372668030357
2219,73.965927,0.6336553862347958,0.27809464486658625,-39.50343858819548,3.760409902227564
2220,73.99925999999999,0.650463064494843,0.28319261661394923,-40.292150018615544,3.5663553910226264
2221,74.03259299999999,0.661724543491452,0.27443229694263827,-40.445491111377365,3.5111982538878395
2222,74.06592599999999,0.6605367120913068,0.2675499739100568,-40.58454861866982,3.3832730539366693
2223,74.09925899999999,0.6657037597378069,0.2816075865046216,-40.00629069832197,3.4911537387595226
2224,74.132592,0.6790809848757506,0.2751814581665225,-40.68670623218883,3.5479142932160017
2225,74.165925,0.6930585785391167,0.2807915385110698,-41.061918336315,2.915730317444881
2226,74.199258,0.6866042137039823,0.278366057846669,-40.846467677068084,3.24205183314516
2227,74.232591,0.6619644396822344,0.27666122666938575,-40.901035825064206,2.9858937875033478
2228,74.265924,0.7014197422612165,0.28508729207566386,-41.284556694596276,2.793411642406034
2229,74.299257,0.7460471486180636,0.2818436360928408,-41.584977657386915,3.0977129157802454
2230,74.33259,0.7235993061519047,0.2827443582815765,-41.177922062698016,2.5452025185297353
2231,74.365923,0.6952825605263562,0.2750636839233145,-40.965025498613166,2.4741891722313167
2232,74.399256,0.7106080826576268,0.27774960427901385,-40.985287436618975,2.551077006506427
2233,74.432589,0.7418629865556499,0.2881838675721359,-41.523080302788586,2.6485102614989713
2234,74.46592199999999,0.7500933718732453,0.28201364577291677,-41.18451362902154,2.385639625173896
2235,74.49925499999999,0.7367270361949656,0.28215900105921354,-41.54127875248801,2.5565167903894386
2236,74.53258799999999,0.7158024687710587,0.2819924084683145,-40.95152570218783,2.6642912935993834
2237,74.565921,0.7288533152821286,0.27673708891838167,-41.47317392147188,2.601984494864668
2238,74.599254,0.7376648505822235,0.27943732848303143,-41.570586589325586,2.841538574260885
2239,74.632587,0.7062575716959574,0.27650439371648516,-41.11855259723155,3.0119178879143855
2240,74.66592,0.730496769348292,0.27925058489205973,-40.782911790962686,3.1457479247468045
2241,74.699253,0.743216048475671,0.28118343841202287,-41.570934398726415,2.6993468455109855
2242,74.732586,0.7370780488176264,0.2757945392851393,-41.39559857498178,2.96718120112861
2243,74.765919,0.7088484706752481,0.2802408681017348,-40.51438342175103,3.0135415717529845
2244,74.799252,0.6746045180316447,0.2816039834285442,-39.75914829063451,3.292894311867793
2245,74.832585,0.664527760329022,0.2844409201209098,-39.40673126899704,3.4969924507570784
2246,74.865918,0.7258913537756242,0.2816814437433962,-41.079795278274425,2.193140481476369
2247,74.89925099999999,0.693703394899194,0.28594929473258557,-40.780431709927115,2.9321096839539975
2248,74.93258399999999,0.6747054333640985,0.28364997101545153,-40.40572178831341,2.838131863034579
2249,74.96591699999999,0.6503615645353017,0.2812309133300241,-39.78474398524118,2.977058748742085
2250,74.99924999999999,0.6608362275591814,0.28840348956732764,-39.90221342931148,2.880066122754225
2251,75.032583,0.6751558266342365,0.2665706579244588,-40.41911913343767,2.681061699115917
2252,75.065916,0.6675207864500513,0.28628819270168826,-40.72108380458603,3.0075762175928134
2253,75.099249,0.664100477646798,0.2788619913602507,-39.88144066141221,3.33250156345561
2254,75.132582,0.640120470042845,0.2892076883802828,-41.179195070982814,2.9315437468714647
2255,75.165915,0.617912817047479,0.2730457987553233,-40.359513927158325,2.8889604806014395
2256,75.199248,0.5799943694901191,0.2757965456977733,-39.338062304889135,2.788151704478693
2257,75.232581,0.5690953151927921,0.27743954207233823,-39.10445854463172,2.810689181866119
2258,75.265914,0.5986235448952099,0.2790124039171459,-40.301104358585064,2.907347366652475
2259,75.299247,0.5432055392604032,0.2669194581187241,-38.195582600424245,2.9144969325245396
2260,75.33258,0.6000392063324556,0.2812655556340343,-40.39537777723047,2.901003346581607
2261,75.36591299999999,0.5521208072917722,0.2913053314232189,-39.445034434557684,2.5065030288799885
2262,75.39924599999999,0.5255250389714304,0.26976964675967235,-39.34381437244233,2.4871436514276515
2263,75.43257899999999,0.5054039349556785,0.2651089798427561,-38.3964136643683,2.3475497549395623
2264,75.465912,0.519982369644641,0.27039493593320935,-40.044788905621196,2.4434388676155736
2265,75.499245,0.5091940387829617,0.27995970595641184,-39.43761359178175,2.339172624083047
2266,75.532578,0.4407203507605175,0.2638136223394663,-37.55239313698102,2.5305433225896343
2267,75.565911,0.3974981931241823,0.2223926452303931,-36.519013887109345,2.112471129109035
2268,75.599244,0.39335028504129305,0.18911763228905598,-36.20338700808141,1.923868009022341
2269,75.632577,0.38515614538107806,0.17209315610915474,-35.73216087581058,1.981788138556779
2270,75.66591,0.3381402834831003,0.16234549442192583,-32.61304157062407,2.523551435637685
2271,75.699243,0.32360751845810776,0.139299511313266,-29.960217026784864,2.6675498854815407
2272,75.732576,0.30919778903603806,0.12900595802321208,-26.733292142722977,3.2539505534892323
2273,75.765909,0.3041939628491009,0.11132789415611465,-22.54266084946538,3.351550400381843
2274,75.79924199999999,0.2750521453921303,0.1516954047637942,-21.288064880289667,3.288597080201143
2275,75.83257499999999,0.26432773419507305,0.17551260280279435,-20.140001770447,3.1292807390570654
2276,75.86590799999999,0.255269229920113,0.1830081186966834,-17.046494707904326,3.52585308425631
2277,75.89924099999999,0.26642224605931736,0.2069112968509983,-12.707590920242724,4.115862107186396
2278,75.932574,0.2629794459005381,0.20423736225015698,-11.854155217162592,3.5443977561078266
2279,75.965907,0.25864629055762095,0.2174230512972392,-6.762470075014922,3.68167626878704
2280,75.99924,0.2435310870995912,0.23462633375002656,-3.437555775944637,3.615553547244326
2281,76.032573,0.2211487261196219,0.25080862698998,-2.9136393160850473,3.670642621745403
2282,76.065906,0.22343212820948916,0.2596821624614318,0.5257285487355632,3.9711245484811237
2283,76.099239,0.21583532991814872,0.2592600381881195,-1.949580892162146,3.6467925062535818
2284,76.132572,0.213668436549116,0.26395820048986796,-0.3955775090316818,3.5043858518231743
2285,76.165905,0.20648754522287283,0.25478634562819713,-2.750740233749904,3.0944758644943433
2286,76.199238,0.1992386143286194,0.2617926659616144,-0.820190535574243,2.845706122228765
2287,76.232571,0.19863597296307442,0.25720156979251085,3.509751057351783,2.6892522840777557
2288,76.26590399999999,0.1991100639547129,0.2524878431719161,4.086907408803672,2.718917810211013
2289,76.29923699999999,0.19430342100983425,0.2604326984256803,2.232813492428541,2.0600231748640114
2290,76.33256999999999,0.18638953583250784,0.25210691024023607,6.302253089631571,2.0698556859430775
2291,76.365903,0.18732459084149347,0.25568092724029295,8.20677634865216,1.62501085492105
2292,76.399236,0.1916992817943964,0.25201150378966847,8.959314692738351,1.5947593812115748
2293,76.432569,0.18522488165834733,0.2523591972084395,12.511655393118575,1.3811765260445166
2294,76.465902,0.19080580845457176,0.249333902068838,11.862597838357297,1.0359174880830602
2295,76.499235,0.1859565404503627,0.25808553702724024,10.327910521294882,0.23890837860283812
2296,76.532568,0.18312188507265797,0.2665182248927192,14.435470310858827,0.3171531602892633
2297,76.565901,0.18624858486421442,0.2847663493978392,18.043521623512323,0.8796998067385358
2298,76.599234,0.18182146878252925,0.2831516560884294,18.38354786249158,0.9000907304100398
2299,76.632567,0.172385563145023,0.28826673613646925,19.03161493280174,1.071541293033019
2300,76.6659,0.1783635275702475,0.29180955857279,19.331956842513556,1.4810458340758186
2301,76.69923299999999,0.19155201299223276,0.29709176369880874,20.056196598037495,1.6737937241962757
2302,76.73256599999999,0.17396123043421133,0.2941390161793782,20.306078114591216,1.6445712626185482
2303,76.76589899999999,0.16869055885665643,0.28331994615150324,20.94261987261047,2.513844495993157
2304,76.79923199999999,0.17741698366765696,0.28570592373858295,19.9322643881874,2.4584086678563373
2305,76.832565,0.16867487287970434,0.28271394834474173,19.755091343269903,3.4826529901008656
2306,76.865898,0.1629553530614291,0.2832332665633301,19.540747374829895,3.4539787348740916
2307,76.899231,0.16676833026130644,0.2867542365128234,20.738432866346034,4.15956375753514
2308,76.932564,0.1673118002617158,0.28125034356725587,22.06317720221158,4.621217088251582
2309,76.965897,0.17468641974430094,0.30021576771530567,20.421489671252512,4.759386426503337
2310,76.99923,0.17773256377748858,0.29980994789834936,21.351089817901588,5.072878571767807
2311,77.032563,0.1661769833272756,0.3024117810982494,21.264785230258667,5.312911002176235
2312,77.065896,0.15385884515241,0.302809944755604,22.16062006875197,5.238105566854457
2313,77.099229,0.15847671540093844,0.3033236820571523,22.92978163131738,5.720496072698901
2314,77.132562,0.1661965532668044,0.3117314024684187,23.67785670707907,5.613761469792234
2315,77.16589499999999,0.15054670607197293,0.31093936559939905,25.118939490742523,5.901860689118488
2316,77.19922799999999,0.15013463089002918,0.309838875295244,25.610193358025917,6.197878639263408
2317,77.23256099999999,0.1253271649597169,0.30255093949007783,26.551809997960873,6.831386455080816
2318,77.265894,0.10907663348492369,0.2961784650647372,28.480841409146613,6.994356077091999
2319,77.299227,0.09169802599661728,0.31266113992327493,28.748322419139924,7.071140731145699
2320,77.33256,0.08725056483985925,0.3065719454059296,29.08990294643752,7.1682292931145195
2321,77.365893,0.06405831368642086,0.2990893085231031,29.58208204897381,7.024097741727033
2322,77.399226,0.06284911019983057,0.2953865629892592,28.58695362831223,6.729924243913764
2323,77.432559,0.06272788373507703,0.30745988872152175,29.412432626323984,6.836605589345799
2324,77.465892,0.11777412595708972,0.29031873322433277,28.26189960561234,6.753226857917944
2325,77.499225,0.1558723164094426,0.3041164859886071,27.951772431639192,6.694283841686579
2326,77.532558,0.18222922973724148,0.30576994363188814,28.127725529892192,7.049909851903468
2327,77.565891,0.18569573467155964,0.29905746047206033,27.696652086361944,7.036639715762727
2328,77.59922399999999,0.18035833848854146,0.30753395730084354,28.329411214257725,7.109815670064104
2329,77.63255699999999,0.18218877079542986,0.31475886206881254,28.129872557344832,6.83208008209466
2330,77.66588999999999,0.17495157681795293,0.3107544523628387,27.145317128613094,6.850523762299866
2331,77.69922299999999,0.17628408841279455,0.3150172893598722,26.598393020453543,6.571664738479795
2332,77.732556,0.17212857426052666,0.28859612910721677,24.513310260436906,6.591505527555039
2333,77.765889,0.1767848582842803,0.23789544696883472,23.95490742401294,6.897714526589474
2334,77.799222,0.19112700967358054,0.23765524566800553,22.083036232819836,6.685496736304949
2335,77.832555,0.18128153606875888,0.2451632604350591,20.73379400659605,6.849809663859183
2336,77.865888,0.15879741906038194,0.26089275640714055,15.896847827128251,6.549264802757147
2337,77.899221,0.11547567718919408,0.26368742199945405,11.74832633932583,6.668490486497132
2338,77.932554,0.06649816458730588,0.2548770371402975,6.136350373474255,6.645097380502081
2339,77.965887,0.0679563325853289,0.26365077055222386,4.684680508066059,6.803675592614423
2340,77.99922,0.10600813298841885,0.2592434359037385,-0.6443522771049341,6.549603747466294
2341,78.032553,0.14731997220195645,0.25405095597578103,-4.210615310796905,6.4924588834101495
2342,78.06588599999999,0.1656179652279407,0.2628516299852311,-0.4068768299903988,6.831080673774105
2343,78.09921899999999,0.1678430470599056,0.26571998467982205,-5.523287747127004,6.348491872694828
2344,78.13255199999999,0.17570562499518294,0.2585189199325814,-3.263456603694167,6.246616243840652
2345,78.165885,0.14835595205622218,0.26118770271946856,-3.7163277785082895,6.048067028005417
2346,78.199218,0.16044526478443963,0.26120788738253164,-5.91583020879279,5.793507326234596
2347,78.232551,0.16353765362754857,0.26304491874048685,-6.415791864905635,5.779196567751811
2348,78.265884,0.15694219698736664,0.2561875569138494,-7.897842184692673,5.4574108923546145
2349,78.299217,0.14777065820743576,0.27162387791928877,-11.45938288320262,5.206631818958824
2350,78.33255,0.12545207979314543,0.2660342298290661,-12.407022108121218,4.875492468923627
2351,78.365883,0.0950464363193352,0.2729091072676966,-12.645893359010353,5.072069526079737
2352,78.399216,0.07197639350817857,0.2783039859922929,-12.403092210539855,5.031105152452651
2353,78.432549,0.0713618192920926,0.271690836078757,-11.25841671470225,5.480807541844826
2354,78.465882,0.07483732952830786,0.27952586965594994,-11.3096691873783,5.388040262127501
2355,78.49921499999999,0.07439802209865849,0.2775966859366571,-12.703770665088962,5.310779615680853
2356,78.53254799999999,0.07528808878120366,0.2658533482281016,-12.629853167807264,5.396376062115728
2357,78.56588099999999,0.07561143975324021,0.26788717396274875,-13.730548822565199,5.235757727258048
2358,78.59921399999999,0.07560680124629068,0.27264557855861665,-14.56015032526568,5.128025853696941
2359,78.632547,0.07553655894082059,0.2581612425190275,-13.48962281742764,5.246302939672528
2360,78.66588,0.0752894285235709,0.25721312274715646,-13.156225695737293,4.9534778246728335
2361,78.699213,0.07750164744518402,0.25460701762661353,-13.152582158010857,5.006864186387878
2362,78.732546,0.07413480180584647,0.252687338628185,-13.681667933278211,4.60211224146735
2363,78.765879,0.07359647302256486,0.26217120283857537,-13.413539157337116,4.550690070651613
2364,78.799212,0.07376299067344791,0.2608554649008674,-11.070786552132011,4.850088328814906
2365,78.832545,0.07401367365589549,0.26352314671747723,-15.174733585454552,4.169291555206834
2366,78.865878,0.073934523794415,0.2727777536199852,-12.345107265624366,4.19408395117124
2367,78.899211,0.07274791149747344,0.2706714495031155,-15.172439786080487,3.988009885436267
2368,78.932544,0.07340182410483599,0.27128462571875095,-14.500997930623473,4.118171492103343
2369,78.96587699999999,0.07274479363289404,0.2717106671992731,-13.546336390511813,4.387684573342151
2370,78.99920999999999,0.07136425377926935,0.26827069728200315,-12.245824619650433,4.239853284495042
2371,79.03254299999999,0.07194005345853362,0.2707403491424355,-12.63109344550574,4.190628098540287
2372,79.065876,0.07295872202451067,0.27751758418293193,-12.463524957398615,4.287347913925506
2373,79.099209,0.07222086989067825,0.27000936250693686,-12.609562839056785,3.9690097984905126
2374,79.132542,0.07101209581057148,0.28493410352326776,-13.205029048675781,4.115752562025924
2375,79.165875,0.07263276291601813,0.2733219556641139,-13.478968547589421,4.000727203215356
2376,79.199208,0.07201298236470609,0.2752021769228213,-12.248577229726592,4.457203995173056
2377,79.232541,0.07173067880020065,0.27193585089977035,-11.349075780019431,4.498809517625383
2378,79.265874,0.0753698824152467,0.273887774926205,-12.349082841821117,4.322018500939192
2379,79.299207,0.07266624549062035,0.2742744967346257,-12.721073127392337,4.1831549670544
2380,79.33254,0.07390096035137311,0.26989857761332303,-13.410216199703294,4.124772042484867
2381,79.365873,0.07121418447803972,0.27508603795177733,-12.325764473602709,4.028389284799809
2382,79.39920599999999,0.07127745096019115,0.2414938644327992,-12.94830587625493,3.842421592512841
2383,79.43253899999999,0.07211417696050436,0.1806393059927937,-11.988075246688398,4.030906650335528
2384,79.46587199999999,0.07289951052052536,0.20331882462714906,-11.797072024809886,3.896530322310262
2385,79.49920499999999,0.07235853005957636,0.24920899369535202,-11.948771268817005,4.012777738538142
2386,79.532538,0.07334209040916635,0.26338219338783,-13.238442803921949,3.9363385533036124
2387,79.565871,0.07370394430638492,0.288069282331033,-14.330548151555702,3.866460388790395
2388,79.599204,0.07287930425033123,0.2947972145972215,-14.951440780510975,4.0631840406026445
2389,79.632537,0.07302604404212834,0.2959113526465378,-13.89777624514837,4.288446037839358
2390,79.66587,0.07305899532746299,0.29652759398304024,-14.315143182577525,4.098200447158184
2391,79.699203,0.07165363327714487,0.30886437565623015,-11.932337592468935,4.5172856262582535
2392,79.732536,0.07199820389448952,0.29861016119301154,-13.450697516734284,4.358939336468834
2393,79.765869,0.0722128556501868,0.30643643104000234,-12.759352662454026,4.5641144821533315
2394,79.799202,0.07262388765316144,0.2996943656871516,-13.085148093516965,4.204669967181906
2395,79.832535,0.07192154538718577,0.29689621761240315,-12.541305865585604,4.341569124563025
2396,79.86586799999999,0.07263516072168484,0.30142486400502705,-12.286323828729103,4.305349503070344
2397,79.89920099999999,0.07283700459763891,0.30393414293272447,-12.620959190109811,4.231066304915847
2398,79.93253399999999,0.0727635442054393,0.3054946170349767,-13.366817258680229,4.206368110770364
2399,79.965867,0.07198838414009381,0.3016891353799199,-12.38835886996635,4.236689217411195
2400,79.9992,0.07130875075479294,0.2947460830917997,-13.849220773220738,4.067249405221655
2401,80.032533,0.07278491237790295,0.29902136138198976,-12.900732725082731,4.387032979510328
2402,80.065866,0.07299179056236171,0.3041064121211906,-13.705457433689434,4.425695542337806
2403,80.099199,0.0739240928708515,0.2846711977682572,-16.020536663888812,4.366916764961793
2404,80.132532,0.07258887464076248,0.2859071836312538,-14.719026600980373,4.5147021914228285
2405,80.165865,0.07190410736893886,0.2868095060795589,-14.554458522262456,4.379228890082633
2406,80.199198,0.07258914276621606,0.29337386302279306,-14.643302580883017,4.749215765422483
2407,80.232531,0.07515230797775807,0.2863656770213383,-13.97800846120527,5.168711614001207
2408,80.265864,0.07353882986021741,0.29449834514042983,-13.698584486613836,4.954849922920682
2409,80.29919699999999,0.07281268119224388,0.2995436758989297,-17.440686628146604,4.575291273138256
2410,80.33252999999999,0.07470437874579189,0.3052656231158081,-17.192022096123484,4.210056977390124
2411,80.36586299999999,0.07268778769477756,0.28920529856668165,-14.066414096045722,5.00891542768659
2412,80.39919599999999,0.07261894974517384,0.2899860196278561,-15.170431441449638,4.557774702689804
2413,80.432529,0.0720807332721094,0.2983211813786264,-15.389425649640758,4.710818458285709
2414,80.465862,0.07246277760992662,0.2891605616805534,-13.849686597730027,5.2305316827229476
2415,80.499195,0.07319314022021138,0.29647250846721285,-15.458916715357692,5.119132847955324
2416,80.532528,0.07385746808620465,0.29500903747060336,-15.407991860420537,5.050396673367194
2417,80.565861,0.0715752411825308,0.302447185118621,-15.783502479425486,4.959897900901254
