idx,time_sec,mar,ear,yaw,roll
0,0.0,0.06355597717382257,0.2765409069081726,11.294261858284434,-3.1054194454176027
1,0.033333,0.06258810494906836,0.276844382101873,14.837502037975998,-2.7685794996808544
2,0.066666,0.06559520058794487,0.2542693822731309,13.021558510476485,-3.100423965613725
3,0.09999899999999999,0.06288215375181416,0.2681876370557049,13.259251946570666,-3.1250749470752726
4,0.133332,0.06228845276670793,0.26650098755332674,13.531291719057156,-2.9644956496083346
5,0.16666499999999998,0.06512245687157227,0.2647213646967446,12.401378478421538,-2.9830494642811267
6,0.19999799999999998,0.06312224743517801,0.266595988340417,12.673080795975288,-3.131805887924994
7,0.23333099999999998,0.06353844921670464,0.2611904409938541,12.967417800369091,-3.3260789703000944
8,0.266664,0.06514279592273549,0.2617805082958269,13.326756711529121,-2.9237471582333194
9,0.29999699999999996,0.06377388190625068,0.2643773346582072,13.468452094841055,-3.028380945692222
10,0.33332999999999996,0.06563868416828006,0.2697750886755101,12.490108308175222,-2.9629748179449327
11,0.36666299999999996,0.06434051221109031,0.2716161157297469,12.471340261835481,-2.8732067043814946
12,0.39999599999999996,0.06324952392821613,0.26883162668730526,11.838122602559608,-3.028980130527483
13,0.43332899999999996,0.063293177507653,0.24533815633869624,12.892825946964873,-2.7006495856929402
14,0.46666199999999997,0.06335236192314825,0.243971026946052,12.096300467292714,-2.835214741713781
15,0.49999499999999997,0.0635111052852764,0.2427609052275172,11.774602659946643,-2.9315866988791917
16,0.533328,0.06241449494798227,0.25147890994309485,12.441536164675677,-2.764576666286804
17,0.566661,0.06243069670625903,0.2482731985380192,12.121043438276635,-2.8748714651161418
18,0.5999939999999999,0.06392309316415228,0.25184304923083534,12.860859960979099,-2.837228025540634
19,0.633327,0.06431401364786597,0.2466057966096838,12.275323705921073,-2.7705780856698485
20,0.6666599999999999,0.06260945683012982,0.2449477716690898,13.1180533969434,-2.819588549865792
21,0.699993,0.06204827928935373,0.236919077532527,11.828282066177191,-2.948398161812416
22,0.7333259999999999,0.06332180383426544,0.23774126519836797,12.528311191799448,-2.741588229856636
23,0.766659,0.06429726930020227,0.23482751150764203,12.989477328026668,-2.870285525034234
24,0.7999919999999999,0.14228637523020965,0.23555862104116593,16.020591848411943,-2.8515424979921153
25,0.833325,0.23013314517032296,0.22867351470369537,17.342186746013443,-3.2002309983067883
26,0.8666579999999999,0.24483286019251624,0.23513769200869272,14.413840864806126,-3.5314170457006866
27,0.899991,0.2033993885823612,0.23044467991899595,13.130379944401067,-4.045071987677852
28,0.9333239999999999,0.18497654040415212,0.22154823873399837,14.878553587884186,-4.585907378624103
29,0.966657,0.1603664141598627,0.21414221090081823,13.321545793319352,-4.724853076332344
30,0.9999899999999999,0.13643516989183446,0.2203575899482218,11.781744221533371,-5.079535680245667
31,1.033323,0.11254163837186577,0.22438142475889686,11.474092977887128,-5.090798171273617
32,1.066656,0.10571288595292606,0.21326275409252404,10.989252590348746,-4.966878658839248
33,1.0999889999999999,0.06408658938353157,0.22031473515718397,10.68011740291521,-4.92203699533043
34,1.133322,0.06466979155252091,0.1857789288620827,9.384434408866209,-4.799106303944147
35,1.166655,0.06514371101637632,0.20169037871774848,8.618621569391504,-4.9557308564232585
36,1.1999879999999998,0.06666574827407724,0.20718762398810403,8.421155350191352,-4.808945895115023
37,1.233321,0.06773323544847547,0.20889192339892426,6.194955635664123,-4.502981661080801
38,1.266654,0.06646430615916564,0.20896392617050108,6.762985157432975,-4.717191600701535
39,1.299987,0.06820946689391046,0.20409994150470717,4.298521011974121,-4.643496663757713
40,1.3333199999999998,0.06871318412366728,0.2219667837220307,1.7416696220972574,-4.808938424809002
41,1.366653,0.06894121226158009,0.21599279560269882,5.582942710282244,-4.203013379543719
42,1.399986,0.06754287327164105,0.22785425961948857,8.46255366276078,-4.043848167314142
43,1.433319,0.06810332799299672,0.2371664747833214,6.408230156127583,-3.9122721640985745
44,1.4666519999999998,0.06628198953766816,0.2316113397185579,2.8051705549617565,-4.34718840273599
45,1.499985,0.0685163775295565,0.23350736005634207,5.095453834546139,-3.9416985567444023
46,1.533318,0.06752362770630584,0.22191529264722232,1.5472912472796267,-4.236871554268963
47,1.566651,0.06658121340323796,0.22017741008508368,2.81094069026731,-4.591059688237494
48,1.5999839999999999,0.06797279782712734,0.23285224675581825,-1.8036297091774527,-4.987559945916785
49,1.633317,0.06990612539783565,0.24368012465226993,-4.265995677946085,-4.940183644024536
50,1.66665,0.07166951013802363,0.24138348557386222,-2.9770120526300627,-5.164276115236802
51,1.699983,0.07316912984674391,0.26025107988399554,-4.465736289677998,-5.647996968715464
52,1.7333159999999999,0.07262397404086689,0.2475695195040713,-4.5476178358928445,-6.066861442476061
53,1.766649,0.07423309432478843,0.24577021917851666,-4.423924113708632,-6.376317584493643
54,1.799982,0.06870767653692829,0.2636794332949608,-2.88818505425141,-6.21216454755587
55,1.8333149999999998,0.06808833030755974,0.2599326120968397,-1.3309126147532198,-6.331854643582409
56,1.8666479999999999,0.06823893213701054,0.26361231321145495,-1.4038660067573576,-6.413216700831308
57,1.899981,0.06795249655106138,0.27090739478702774,-0.7986702969177111,-6.342565956031834
58,1.933314,0.06739010160988504,0.24676108242420491,-1.7531886884159387,-6.432777510253408
59,1.9666469999999998,0.06742667108190856,0.2346380605421135,-2.8461924374952905,-6.57909440219664
60,1.9999799999999999,0.07079708359073769,0.23060671953964876,-3.6572967113875445,-6.939282851811129
61,2.0333129999999997,0.07190398318045026,0.23052686260479646,-4.906916277558144,-7.2298274037311545
62,2.066646,0.07178282217329326,0.227973529553484,-3.8501592847112893,-7.2526723757347
63,2.099979,0.07026402756358406,0.22646235809096765,-5.007365562273385,-7.593041750154387
64,2.133312,0.06993740208321998,0.2249007394717973,-3.893110762414083,-6.910280465837359
65,2.166645,0.06926946390082774,0.23176489910750794,-2.9605102204234357,-6.502236364036685
66,2.1999779999999998,0.06905326609728175,0.22196570592229076,-3.024189801502698,-6.182171210580733
67,2.233311,0.07135238951364078,0.23267598832674696,-4.194782415538513,-5.992232512136254
68,2.266644,0.0713471300613744,0.22603294881449765,-4.663700731716416,-5.87701365910302
69,2.2999769999999997,0.07184497404469702,0.2273422200269444,-4.6218853577828005,-5.522060534974899
70,2.33331,0.07145814341144516,0.22406643222266281,-4.807742616381315,-5.3599179245062025
71,2.366643,0.07167991468697957,0.23455965099146814,-3.9694854296638256,-5.023768053685467
72,2.3999759999999997,0.07154604866991693,0.24161743481368342,-3.3811639948318346,-4.761282834336234
73,2.433309,0.07074372173124582,0.23742727833312405,-3.4886854962134866,-4.569162899404031
74,2.466642,0.0718313773522774,0.2275121115928207,-3.007691770305722,-4.472925251711734
75,2.499975,0.07095673125366865,0.23689893813609686,-3.0980809006014387,-4.535343537441056
76,2.533308,0.06984423274558967,0.23313335849378608,-2.5476547234711613,-4.233908019110794
77,2.5666409999999997,0.07007225466378816,0.23350334035696318,-1.4801390903596063,-4.186512098733036
78,2.599974,0.06873128903128897,0.24091149036844411,-2.2219911774945253,-4.208778691162865
79,2.633307,0.06780902895393685,0.22930080597181984,-1.8770085526722569,-4.174471395663858
80,2.6666399999999997,0.0686515618432587,0.2235125573725357,-0.455071929105892,-3.7647502456886146
81,2.699973,0.07013837508291426,0.23261535545664697,-1.516899001074378,-4.380655321322401
82,2.733306,0.07235043564299581,0.23650407930147327,-3.035050919754441,-4.4211590720996705
83,2.766639,0.06820841042349127,0.24191006073995358,-1.517754529275748,-4.175797255435108
84,2.799972,0.06843581240192256,0.2361002783649916,-2.8333141832230155,-4.438767298887631
85,2.8333049999999997,0.06746392522336178,0.2647995618579146,-1.5223252854488791,-4.73420343241562
86,2.866638,0.06988492071762088,0.2723323750545178,-0.20737207943347646,-4.623068126748766
87,2.899971,0.06820021745753407,0.2780061595924469,2.8864621191780957,-4.868416166522328
88,2.9333039999999997,0.0655283773936815,0.3036734785590178,3.449880319504567,-5.250720347831895
89,2.966637,0.06722594911182754,0.28491035391797404,5.489765268022242,-5.333107294593231
90,2.99997,0.06640415936949087,0.28544188018608363,10.135423342536864,-5.7790600168552535
91,3.0333029999999996,0.06573885335341037,0.24221749475449553,11.226541245717051,-6.155647340591435
92,3.066636,0.06156057676165272,0.2954461373934788,16.19626760907494,-7.013794594615999
93,3.0999689999999998,0.057271220941720234,0.24496573104876396,18.680481024995654,-7.650952480990998
94,3.133302,0.05377201939238531,0.21661126039095138,20.4509172130142,-8.685690149453148
95,3.166635,0.05402416197495769,0.2566646149566849,22.728666292296406,-8.916452279365574
96,3.1999679999999997,0.05244565398793036,0.2873109652577271,25.26789920405215,-9.385980320579057
97,3.233301,0.052027368872427204,0.2939306160970936,27.09857723071869,-10.134612145941745
98,3.266634,0.05313020664808157,0.30963056337873973,28.02193974996787,-11.61045299368186
99,3.2999669999999997,0.05324611461615729,0.3025290818987062,27.77709123588975,-13.075057254188561
100,3.3333,0.05115323667556371,0.29462877693945927,27.933969422913343,-14.285419780911484
101,3.3666329999999998,0.04878386115093556,0.33528628118457027,29.10811502093741,-14.926640244657518
102,3.399966,0.048189447559366286,0.35148187785349244,29.744465143822815,-15.651799781232567
103,3.433299,0.049728360924923894,0.32084298468295513,28.90156292643422,-15.860164863070178
104,3.4666319999999997,0.04867559014789071,0.3401454692160826,30.353938742328385,-15.594262885250014
105,3.499965,0.048463393047368505,0.30965504734915733,29.827386834228935,-14.886354281535144
106,3.533298,0.04756641619189385,0.30250716274320094,29.612600892747373,-14.22311014787973
107,3.5666309999999997,0.0479164060244346,0.312092010714325,29.95997729250508,-13.38093901560725
108,3.599964,0.05247107270070776,0.3005576082749426,29.891691355681072,-12.53303881042742
109,3.6332969999999998,0.05207486965861349,0.3087046886711914,30.271879275250253,-11.870404727206562
110,3.6666299999999996,0.051852618222659144,0.3029822093178871,30.057893876168055,-11.060542256810699
111,3.699963,0.052025069975620564,0.3116771790339831,30.065428169554465,-10.233302750470791
112,3.7332959999999997,0.052368356512338024,0.3298874991209424,30.19338204340187,-9.530238208553403
113,3.766629,0.05263645160707121,0.34066213894084996,29.829011858466846,-8.480556112136696
114,3.799962,0.048858866966718456,0.3328975814950198,28.99994208002234,-8.65164919741045
115,3.8332949999999997,0.04950474730916554,0.33386050281751245,28.243593799693222,-7.879466210008362
116,3.866628,0.05157123425168217,0.3368436785295488,28.56614327101441,-6.9813486326992304
117,3.899961,0.048496577654226866,0.3423687279388776,29.4945739597519,-6.283909240425322
118,3.9332939999999996,0.04832802181874564,0.24680711234075878,27.005926052439218,-6.44254108137751
119,3.966627,0.04541936065448775,0.21980956364984983,28.898359667428423,-6.388300846625761
120,3.9999599999999997,0.04318753351712249,0.3114225248844883,31.024431659581364,-6.064078517458841
121,4.033293,0.039917131700782656,0.31743470337366625,32.72365836944471,-5.274295927740295
122,4.066625999999999,0.04213978704973484,0.3179016792831312,34.753599547312746,-4.6338533885335265
123,4.099959,0.040154946929081545,0.3550787856683556,37.552675680112394,-4.473033766301049
124,4.133292,0.03888322124661389,0.3692204178593182,38.17909638380044,-4.400699699793325
125,4.166625,0.037272929070770185,0.34562702796485956,38.71566382560685,-3.743245525299912
126,4.199958,0.034427847144110964,0.3656186910189122,41.122030473565246,-3.9554893849274353
127,4.2332909999999995,0.0353440181679453,0.4001265963463092,41.82766790248976,-3.280739198785495
128,4.266624,0.037920374926247516,0.40922842505762363,42.0847832994497,-3.392000720384304
129,4.299957,0.03765429921429432,0.40272229016947486,42.28574020181129,-2.931686145656401
130,4.33329,0.03469761920737788,0.40576154058573,42.143722219219796,-2.577283289256132
131,4.366623,0.03363722235292349,0.40114443435764885,42.78249396942273,-1.7902428136241493
132,4.3999559999999995,0.03176021137095492,0.3980585279837643,42.60549984637269,-1.5370049443138536
133,4.433288999999999,0.025142820673542572,0.3959017118280388,41.962908521087115,0.7654620148756967
134,4.466622,0.03488031887722389,0.4161624831078804,41.95522981902895,0.8428239756012342
135,4.499955,0.03004836079220659,0.39764460879035624,41.67489969830569,1.106885452737675
136,4.533288,0.033797455625382916,0.40475810889285846,40.807424099789245,0.7534710873294025
137,4.566621,0.03337415550113494,0.35825511939640536,38.525063920527664,0.9772193366342139
138,4.599953999999999,0.03403624772371179,0.3595951701797752,38.45114428002101,0.9480063629113951
139,4.633287,0.03311431053016579,0.36816590094021723,38.16933616324363,0.6491142032161192
140,4.66662,0.03553081053869684,0.35560623613900644,36.16089027545794,1.2559176408883055
141,4.699953,0.03842271131781561,0.3438775024180197,36.350178273291796,1.0556116357525394
142,4.733286,0.03941265537790295,0.21804702707204748,32.86305769794668,1.0363634573774085
143,4.7666189999999995,0.044225195788366256,0.16986474685117606,30.89198417318061,0.20050544652483443
144,4.799951999999999,0.0482876735153295,0.21315975754084615,29.617575155442555,-0.17273127066865737
145,4.833285,0.052154859156915735,0.2541511701480882,28.79692143832493,-1.4068841718935687
146,4.866618,0.05517450085065494,0.28726613658858535,26.860101143609892,-1.4763020551742887
147,4.899951,0.055092945756280626,0.2946315230744437,25.202835915657236,-1.6939958000390065
148,4.933284,0.0584596713732852,0.28081457988962344,21.298094498048425,-2.8103560349637373
149,4.966616999999999,0.05738314250655942,0.26625268946856745,19.67214117615609,-3.0523965095461625
150,4.99995,0.05922155956014509,0.2774168656190683,18.04771582270951,-3.0049067649765253
151,5.033283,0.06133100358823189,0.27254574288484307,17.705710178218013,-2.8881239572796016
152,5.066616,0.06344473249007931,0.2833457622312279,16.83700842238138,-2.6992811851823877
153,5.099949,0.06419151228963482,0.2767311768080676,16.122453572264828,-2.5461270207003155
154,5.1332819999999995,0.06538730236587607,0.28172805961031333,15.495571299986052,-2.8134247484719084
155,5.166615,0.06735905448709475,0.27578219486225414,14.248966453498678,-2.8077442954726046
156,5.199948,0.06716513112324075,0.2728935046371421,13.269637490277168,-3.257528160326576
157,5.233281,0.06551128274651444,0.2830818859245025,11.692798988996211,-3.2278097784400592
158,5.266614,0.06649110175714579,0.27679410028639484,10.499920217592692,-3.5036190450811615
159,5.2999469999999995,0.0665964687164034,0.27636434085796524,11.418502314762552,-3.303292843545196
160,5.333279999999999,0.06579395315939164,0.28139324367900004,12.014761816422315,-3.363764526818321
161,5.366613,0.06632522732157951,0.27805559482299047,11.977511804039667,-3.4415085536631205
162,5.399946,0.06723838996179618,0.26572449595817277,12.905619961055153,-3.362059300300088
163,5.433279,0.06653762066875359,0.2648934761849908,12.788192336470143,-3.1276541085433536
164,5.466612,0.06593659199383152,0.2781942487066229,13.759655681557971,-3.1953624246687897
165,5.499944999999999,0.06676126226810186,0.27585135700368013,14.143398870251835,-2.8657451334354276
166,5.533278,0.06435221129268986,0.2641095742811257,14.623585938332727,-2.8618694413881736
167,5.566611,0.06448241426500251,0.2753540942475115,13.434080570699608,-3.129440414809465
168,5.599944,0.06501246282156894,0.2933836305687847,12.970773611650621,-3.5200606537896175
169,5.633277,0.06474061624062301,0.27861755558978707,12.438419222924665,-3.1568258070464608
170,5.6666099999999995,0.06457343858584252,0.2802099483844791,12.669664723282795,-3.340901701805224
171,5.699942999999999,0.06491272760276234,0.28788898877172153,11.924038973304349,-3.70702357470751
172,5.733276,0.06557780552822014,0.28131840156067145,12.570635996743704,-3.5783796508137007
173,5.766609,0.06424457446378982,0.28059704533541274,12.24952046325211,-3.577179920348835
174,5.799942,0.06534048841222244,0.2764261418633641,12.214862234516165,-3.655881224443391
175,5.8332749999999995,0.06596187589204254,0.2807441167587281,12.120866991563926,-3.816507908550892
176,5.866607999999999,0.06585751279960202,0.28340488081035603,11.125882339564429,-3.7476473147685905
177,5.899941,0.0672072158400563,0.27520782178611525,10.054981717712549,-3.791737097803148
178,5.933274,0.06846385069130968,0.2658386373684723,9.425054749557676,-3.912726065253054
179,5.966607,0.06672684542101771,0.2719197898954988,10.663294827954905,-3.8893087796080374
180,5.99994,0.06746369340793994,0.2738813388113666,9.397510074545513,-3.842296023015791
181,6.033272999999999,0.06733999443032763,0.2684217655009623,9.705264568595538,-3.6262374456750828
182,6.066605999999999,0.06812755981763643,0.2670075518616305,9.71900945482873,-3.593632480709772
183,6.099939,0.06866199705076055,0.26103817945010666,9.621204786139037,-3.7217523349143553
184,6.133272,0.0671596045958874,0.2604676977378267,9.676992556662317,-3.6946706909361744
185,6.166605,0.06708523949427252,0.2656669286400707,9.274340571629383,-3.546706327180441
186,6.1999379999999995,0.06700867270297575,0.2792290589036563,11.455297935897843,-3.698821591170722
187,6.233270999999999,0.0660691130825408,0.27399847712272757,10.820831352478203,-3.760934758998427
188,6.266604,0.06718344310568175,0.2760494653152692,10.938809633519712,-3.892402018148311
189,6.299937,0.06681337739230647,0.2731775081755482,12.037903470215028,-3.9990521614044807
190,6.33327,0.06662956964442442,0.28128093663278575,10.525688488632177,-4.2096243790424355
191,6.366603,0.06715656500316633,0.2785901122629595,10.464789785746028,-4.399709270681577
192,6.399935999999999,0.06698783242908675,0.27454747219579034,11.460488566758345,-4.4108410938162645
193,6.433268999999999,0.066882305506464,0.28748242173174055,10.515710134430341,-4.5917446277216305
194,6.466602,0.0664819190028973,0.27258191840357093,9.792509258260887,-4.672332458623564
195,6.499935,0.0674484657028262,0.27642968014981417,11.215412503168357,-4.701548554766141
196,6.533268,0.06574255827638274,0.28234808408947876,10.130682192938243,-4.897447557790554
197,6.5666009999999995,0.06654537674264613,0.2780395727877529,10.60094874150583,-4.638556911151991
198,6.599933999999999,0.06666265325263443,0.28037640340119474,11.815223469510334,-4.609261913641021
199,6.633267,0.06605242071731197,0.2673007029218091,12.187494420823489,-4.7518655480925815
200,6.6666,0.1251254368111462,0.26006678751070655,9.168987008607507,-4.956277547358432
201,6.699933,0.16515598181041977,0.2923509094088906,13.628666331664698,-4.772401927945393
202,6.7332659999999995,0.18493130973821612,0.2731658725738403,12.463285083856553,-4.735640002498525
203,6.766598999999999,0.1706612381462844,0.289185544813258,14.644506146257424,-4.4788960328434895
204,6.799932,0.16392194870855795,0.2810811248588528,13.379502013562142,-4.795650805566245
205,6.833265,0.15316261822938548,0.27560757021238746,12.549325297398497,-4.524008618828338
206,6.866598,0.15330565690871814,0.2711474914664227,13.088082712686436,-4.595136336872853
207,6.899931,0.13970199440721362,0.27634514605283444,11.866342549774744,-4.514641345997516
208,6.933263999999999,0.11744787925427738,0.2651129148808144,9.985829428704648,-4.1920343878398585
209,6.966596999999999,0.08146667809009771,0.2592783758415252,12.366043609290141,-4.028900415506821
210,6.99993,0.06859241673005505,0.2589477681367049,11.020961051734382,-3.858176944743071
211,7.033263,0.06672703504981627,0.28490487970500533,11.883829914328569,-3.949282040264959
212,7.066596,0.06751434392951906,0.25139657022266587,10.9497704527513,-3.6688202629030258
213,7.0999289999999995,0.06626418766081203,0.23535871109104234,9.012270522242527,-3.531235299535777
214,7.133261999999999,0.06851965745830774,0.22986958828855542,7.967955114898007,-3.609669455740416
215,7.166595,0.0694172256452422,0.24030330155840612,9.345111780362076,-3.4649610792846564
216,7.199928,0.06753135437752318,0.23181217525186992,9.363688148580652,-3.2036985709187262
217,7.233261,0.0665236691075417,0.2292251012107773,10.215952352344303,-3.3592149574302907
218,7.2665939999999996,0.06617595030669499,0.22588018112359157,11.327736508815267,-3.3080883783582156
219,7.299926999999999,0.06506383737207816,0.22863020808164497,10.394808067380737,-3.7242562858036328
220,7.333259999999999,0.06544673890210333,0.23358331323522488,9.215398927607437,-3.8345444536514655
221,7.366593,0.06647194716779126,0.22698288708265338,10.655184054397667,-3.9268071941520057
222,7.399926,0.06786307362712757,0.22978898237170278,10.49622398325739,-4.515604305429802
223,7.433259,0.06820964245735564,0.2179440888921088,9.877241778631104,-4.6436927242185755
224,7.4665919999999995,0.06945928809432836,0.2410182854975985,7.679784449723262,-4.924833208369566
225,7.499924999999999,0.07050086948028722,0.24398042971226855,2.3781171090273205,-5.298890884261484
226,7.533258,0.06708081861050597,0.2524009125857306,2.7680526457999597,-5.158909035108017
227,7.566591,0.06843968063862817,0.2478599675302846,1.534815194111804,-5.062649320862908
228,7.599924,0.06883898788067204,0.25946003393092437,2.7658051203129057,-5.022404453182018
229,7.6332569999999995,0.06840192419641038,0.2604778373115035,2.8864036720180777,-4.9516538841070314
230,7.666589999999999,0.06875828844491695,0.2590531976988656,1.1174747466616615,-4.892456800566912
231,7.699922999999999,0.0692636945460656,0.26071826837770834,3.5892720584944464,-5.016664728558576
232,7.733256,0.06821655007056458,0.2684249286623378,4.238984325258982,-5.094538606551634
233,7.766589,0.06819678579076024,0.26907436899135323,3.9999568171094104,-4.959865688949228
234,7.799922,0.06822111883233191,0.27143637819815286,1.8352603954198097,-4.852936552570779
235,7.833254999999999,0.06771732651411899,0.26393441801893697,0.29091061076416685,-5.069874077061869
236,7.866587999999999,0.06731131094897068,0.2578621183382631,0.2618425044641874,-4.865007399375757
237,7.899921,0.0684276766825231,0.25591919781575917,1.4685894982882413,-4.7100172144752515
238,7.933254,0.06668154091116726,0.25456963927795534,0.9920450355236683,-4.756258664725869
239,7.966587,0.0691282644145577,0.24682867699753536,3.721261076049922,-4.7819790625330025
240,7.9999199999999995,0.12802082335350468,0.2744979373452114,5.796479700042804,-5.179490671050155
241,8.033253,0.17176058142177897,0.2649757388667698,10.10056530583048,-5.483106799273078
242,8.066586,0.20133825627612484,0.2762214766722496,10.230942305537935,-5.579090728058931
243,8.099919,0.19375565891972057,0.2624815646472632,8.921242176266519,-5.520584195544654
244,8.133251999999999,0.18346977015905555,0.26183592339808903,8.495814307512875,-5.6687900719393545
245,8.166585,0.1708862556892177,0.2529513090146242,7.252763013360266,-5.598232055391158
246,8.199918,0.15663744512651379,0.261558989049579,5.979642519255343,-5.57499193907381
247,8.233251,0.13315191660456197,0.25346937661163776,5.223168062403553,-5.5861618729276685
248,8.266584,0.11311253327737089,0.26747094454347775,1.7269538948361074,-5.38782424618144
249,8.299916999999999,0.1048288885740847,0.2563763754857732,1.8671260201462083,-5.287371971850494
250,8.33325,0.07139755958956226,0.24790604874812058,4.195947551175895,-5.362424417141657
251,8.366583,0.06943070737032891,0.2547609449532122,4.649400971282404,-5.486809967535331
252,8.399916,0.06860869457533901,0.24351205466983855,3.908371409287673,-5.598057254370013
253,8.433249,0.06652940142095937,0.25247438747132794,2.785570340850319,-5.657373973999034
254,8.466581999999999,0.06689902999355109,0.2542385641570137,2.8039878012835344,-5.80729809077787
255,8.499915,0.06651238629876144,0.2656121947699604,1.2676303836002965,-5.7262058117586765
256,8.533248,0.06716988998165724,0.24644060998498699,1.9107510767278606,-6.121617668457055
257,8.566581,0.06744402543414185,0.24892378294312567,1.2159578106294178,-6.191469108770848
258,8.599914,0.06828953236732917,0.24435612283017544,2.139972751461811,-6.372397987272714
259,8.633246999999999,0.06833786758145273,0.24548010816736432,2.9058635715742662,-6.390252696072688
260,8.66658,0.06777550591765205,0.25148270848931353,2.00167482460899,-6.574805090099123
261,8.699912999999999,0.06800248019467042,0.24790749212430702,4.0044432544948405,-6.4820480323220435
262,8.733246,0.0673947679306918,0.2548928305525875,3.141197561341463,-6.408307800233466
263,8.766579,0.06685219789854646,0.25888916546840385,4.453562981819446,-6.305628148006834
264,8.799911999999999,0.06715455694844114,0.255157871788317,5.108607311360649,-6.192290710662013
265,8.833245,0.0665965456747265,0.2657851410330574,4.868378943181733,-6.243048350619314
266,8.866577999999999,0.06518332066242875,0.2585104103070353,4.1045188999408335,-6.181224544965205
267,8.899911,0.06507807044977107,0.2652938304332473,5.10500561803437,-6.090822892928943
268,8.933244,0.06721358075636368,0.25430573740075424,5.093783092783684,-5.679977343385686
269,8.966577,0.06657998064177538,0.2548301744524739,4.7219783145248515,-5.655906047606869
270,8.99991,0.06728981330110066,0.2584285046967322,4.44515777833113,-5.543288243435988
271,9.033242999999999,0.06770900503192341,0.25784323527967395,2.473310026643944,-5.535553095544427
272,9.066576,0.06739330515548132,0.2397442680156237,3.3125493109236497,-5.547901320215515
273,9.099909,0.06703476711733558,0.25382488514702856,4.022704707966932,-5.469135210006355
274,9.133242,0.06800722212413043,0.24967683409426306,2.673021578916514,-5.426442699636721
275,9.166575,0.06683857605255716,0.24293958926235254,1.8652364435060036,-5.4484909529435
276,9.199907999999999,0.06799254142797283,0.23897108734080913,3.2329141121639235,-5.218326349437271
277,9.233241,0.06749992383360469,0.24676871648881732,3.9847939849427427,-5.008983618275273
278,9.266574,0.06759233708592359,0.249517963593065,3.545739057408663,-5.150042499588656
279,9.299907,0.06701206533991097,0.2299000148725728,2.2692224626534214,-5.143509043273569
280,9.33324,0.06640096791838626,0.24783929975478358,1.9320982760477385,-5.21394855701524
281,9.366572999999999,0.06719957667867602,0.24404810023556764,2.333099442465902,-5.210995000597659
282,9.399906,0.06765306418583455,0.24446568689474585,3.6300267598111087,-5.023521034222655
283,9.433239,0.06763838322952778,0.25173907786224947,3.4226855520622523,-5.13919447101829
284,9.466572,0.0674250621075228,0.24723116264614486,2.5517277304970305,-5.059973577327407
285,9.499905,0.06801872435070436,0.2462582802800981,1.0964536153938629,-5.243651666480889
286,9.533237999999999,0.06640642910291665,0.23828396399228113,3.7383786242856387,-5.020125584742736
287,9.566571,0.0671279395679965,0.2411998786464415,3.1448429365502277,-4.684903736550846
288,9.599903999999999,0.06714986636838674,0.23866803397688205,3.689009931762355,-4.584180670298929
289,9.633237,0.06723472029272712,0.24576807237410847,3.3140053563343552,-4.620079338756574
290,9.66657,0.06774672237027883,0.25411782532829486,2.457607138949594,-4.722754109037596
291,9.699902999999999,0.06816047545682366,0.24270273259288327,1.5741739677309237,-5.131573832200547
292,9.733236,0.06799038769151797,0.2357276517917313,2.182493809377125,-5.229079360657893
293,9.766568999999999,0.07036689411814737,0.18931650983107892,-2.470052796438219,-5.7024566163247075
294,9.799902,0.06839831362266098,0.09537145686315761,1.738785376798257,-5.504323673848889
295,9.833235,0.0666062493818071,0.1311623666960677,1.492132994436565,-5.665649320962409
296,9.866568,0.06683934129511902,0.21635034234771652,2.93396823453621,-5.305797360427119
297,9.899901,0.06577073689385382,0.23300013809903944,0.9130902612130859,-5.580193957428532
298,9.933233999999999,0.06846413831845732,0.24472737938901212,0.6175417388510037,-5.223560796993442
299,9.966567,0.06593009969806246,0.2446023653501309,0.9762671135671848,-5.0628560964159774
300,9.9999,0.06662220721194274,0.25213433147064046,-0.20387373425010585,-5.173475452154206
301,10.033233,0.06702753149814879,0.2563920978707409,3.2302844184165305,-5.253421081912409
302,10.066566,0.06842201368338471,0.25849042306193,2.5271738216993738,-5.612230348051438
303,10.099898999999999,0.06770085808647736,0.2743364572334902,3.9596460467289654,-5.9130505515948455
304,10.133232,0.0685204908932472,0.26195848571701474,2.417231870583659,-6.196537463570919
305,10.166565,0.06779637598711263,0.2458364287824384,0.6460296387565749,-6.628000622033808
306,10.199898,0.06836842424472929,0.25694702126323005,2.0563745179041315,-6.963499086561783
307,10.233231,0.06674413385486173,0.2533868854524433,2.4894378604765195,-7.185498760669328
308,10.266563999999999,0.06832538408743989,0.261752681811355,3.7471530491634324,-7.5283853087553405
309,10.299897,0.06782095809974528,0.2775287229200333,3.3338268239328097,-7.502771797203449
310,10.33323,0.06644498204729173,0.26752405287021275,4.015141587437706,-7.405894961995962
311,10.366563,0.06705749579422733,0.2835915822029273,4.456510752654141,-7.358803438156292
312,10.399896,0.06429897398540232,0.28435623002199506,4.169394228217663,-7.005449391311972
313,10.433228999999999,0.06511224863697282,0.2839945493007677,6.386288894308164,-6.8033276218731675
314,10.466562,0.0649844677737286,0.26274515303842544,7.7514624336062,-6.453532429896181
315,10.499894999999999,0.06511916737135788,0.2543187078777115,9.185113960919972,-5.768207819899187
316,10.533228,0.06527401646958261,0.25819186609240435,9.302257455903186,-5.308778283654957
317,10.566561,0.06592020468184703,0.2695027957619849,10.292686742024502,-4.869612010635886
318,10.599893999999999,0.06580167431579123,0.27809334473983527,13.985798080909408,-4.360109058616233
319,10.633227,0.06759217674184953,0.2649925730690541,15.15698668888885,-3.5821849092889044
320,10.666559999999999,0.06741914374932136,0.26280018034447256,15.118095948410962,-3.7739315905642865
321,10.699893,0.12335595637203621,0.26899911623263184,14.789807415025166,-4.110241840763925
322,10.733226,0.17038877035244546,0.26305637514877034,16.168426672185678,-3.641388952372028
323,10.766558999999999,0.18771832713549164,0.2571421527814829,17.75374499480749,-3.587160118537707
324,10.799892,0.19024489231687783,0.26993731148285777,17.596632422598137,-3.4935595145819183
325,10.833224999999999,0.1970843103442127,0.2703312513615723,19.010527229746195,-2.881797012573054
326,10.866558,0.19202342153592558,0.27052640654734905,18.217631126971725,-2.673620093994062
327,10.899891,0.1941218487200763,0.2855519365692265,20.140989121086427,-2.2918048389910934
328,10.933224,0.19670636573579195,0.30930230043165485,23.88521105858386,-2.140052193657973
329,10.966557,0.19839625542142464,0.3187510954506735,25.63516800791812,-2.455926975795873
330,10.999889999999999,0.18351320490029085,0.2996599323339899,25.35693219832766,-2.1767044193409855
331,11.033223,0.18837145369960162,0.30552320064205196,25.200279748157957,-2.5228009572425973
332,11.066556,0.19182270200817647,0.28244368071879145,25.277744291118506,-2.485079204637581
333,11.099889,0.19059735437231745,0.2763657943106186,24.84333330082087,-2.3815354353281446
334,11.133222,0.18063089552736836,0.28833859318259975,23.580162352114556,-2.0938807812555766
335,11.166554999999999,0.16118376250498054,0.268380686463187,21.72607767048926,-2.787406319657437
336,11.199888,0.1535427930306921,0.2517234904336708,18.683296895012187,-2.9327471078827654
337,11.233220999999999,0.12934717563224127,0.24605717961900786,18.490477713714302,-3.1553912533843835
338,11.266554,0.06554916206314533,0.18960094530508298,15.198766093704299,-3.3870329934473817
339,11.299887,0.06409215330386063,0.08415449272898555,14.260378285656541,-3.905146027628442
340,11.333219999999999,0.06483698447724384,0.13242388628429325,15.221534847092883,-3.725500201236756
341,11.366553,0.06703302387192377,0.1847003425947387,14.99882215037172,-3.7454269531559934
342,11.399885999999999,0.06763764449093493,0.2340531333765702,14.469088143526706,-3.6053613148958354
343,11.433219,0.06643228097690944,0.26081444656172925,12.772393284969484,-3.7293436206871537
344,11.466552,0.06674829598289732,0.2787631952563795,10.744788427183272,-3.5973869594125607
345,11.499884999999999,0.06714924783164326,0.2644494292126722,10.376463284695957,-3.690689797619204
346,11.533218,0.06671603786278464,0.25353190675628995,8.364897924735613,-3.8029329638433476
347,11.566550999999999,0.06897404006178696,0.2638810555622202,4.565431903513932,-3.4976260977008975
348,11.599884,0.06907532478285157,0.25995772094979597,4.044450069672353,-3.7428743101352318
349,11.633217,0.06921520452890442,0.25549258735500696,2.1411245843327738,-3.569841182423045
350,11.666549999999999,0.06886540589010144,0.2424553711573989,3.566795855051246,-3.5837723896964144
351,11.699883,0.06931139595500611,0.24906086585182208,1.2612080661087715,-3.8208720161336025
352,11.733215999999999,0.07014385515884654,0.23871498697080717,5.857869109355466,-4.175901771826664
353,11.766549,0.07247876606493515,0.2570864012353782,4.952405716155145,-4.699210678357256
354,11.799882,0.07060706843393658,0.2577947477800473,2.853661100689976,-4.8285407921670265
355,11.833215,0.06997152136705884,0.2546744009829859,1.7671244858497352,-4.870111224910372
356,11.866548,0.06766287667112657,0.27488290682637107,1.5468796235556324,-4.892834528029109
357,11.899880999999999,0.06735561794626121,0.27739662830463085,1.1612192156826784,-4.747774908792125
358,11.933214,0.07064657632659777,0.2634896613449351,-0.09018911142810097,-4.511812228056968
359,11.966547,0.06885296826856617,0.2667477402402588,0.49939346376035726,-4.514547002931071
360,11.99988,0.06937735105186567,0.2899238583393246,1.4289664497841374,-4.716633123605832
361,12.033213,0.0731203769188658,0.2764219101614752,3.3826146680620783,-4.429582171421571
362,12.066545999999999,0.07185812640203872,0.2963234806130487,3.749253390737483,-4.569061582027319
363,12.099879,0.06950784940604735,0.27144416743192323,3.4019199886153384,-4.791838663933529
364,12.133211999999999,0.07025892652978084,0.27013280929538747,1.6353436789429907,-5.110810816011417
365,12.166545,0.07080711213151822,0.28046822238079394,3.8155930479158138,-4.966290675831417
366,12.199878,0.06765000433255836,0.26630080878157336,3.218164080916025,-5.599642133076462
367,12.233210999999999,0.06768251009497495,0.26829511313435317,4.142274391648798,-5.405043480354606
368,12.266544,0.06822680400159493,0.2688019614770913,5.753421763450542,-5.537449227630157
369,12.299876999999999,0.06828076861939539,0.2560608877768258,5.099913895745952,-5.738311741985815
370,12.33321,0.0692435824962963,0.26194388963668563,3.8402645787736778,-5.777079541130681
371,12.366543,0.0683442116277485,0.27922090761118584,5.285974031700146,-5.453278178642259
372,12.399875999999999,0.0662249487221746,0.28125743327963976,4.806158858821674,-5.482821163401271
373,12.433209,0.06809494789233746,0.276181765773401,3.657244478702099,-5.414655080320844
374,12.466541999999999,0.06754721784927141,0.2733167177816305,5.549802483098916,-5.231814438189864
375,12.499875,0.06816092478517027,0.267008481605882,5.340396571175434,-5.288932413897266
376,12.533208,0.06694827140110837,0.2817342282620523,9.119316167746153,-5.052735382371206
377,12.566540999999999,0.06682391976829359,0.250477599517276,8.129702100410425,-5.258063224107496
378,12.599874,0.06593201216017339,0.26248075280301963,8.530065139442222,-5.1107482620182285
379,12.633206999999999,0.06463613766978436,0.2632169806192578,7.909774733324325,-5.318241475807214
380,12.66654,0.06588058302217076,0.2564903560882235,8.899458823929123,-5.230119438136085
381,12.699873,0.06693887594761636,0.26744159848080745,9.95368244550874,-4.98706337370882
382,12.733206,0.06527068101210794,0.26348162607886144,8.698606879103453,-5.432590848382953
383,12.766539,0.06567355735646381,0.2631850495621955,9.41578351956823,-4.97156673256392
384,12.799871999999999,0.06684723588680246,0.27004230735047463,9.105627653112887,-5.046138009585581
385,12.833205,0.06724596270072469,0.26251618782924424,8.400560225795893,-4.973931903214668
386,12.866537999999998,0.06663216423353333,0.25527384477427806,9.032000982701655,-4.848527543027186
387,12.899871,0.06686860900917127,0.25147787982377745,8.759796621983101,-5.058432463209064
388,12.933204,0.06686990181426121,0.24719332158461924,8.82694281715672,-5.1929706113245855
389,12.966536999999999,0.06782405056556143,0.2518424746711417,10.078966908130738,-5.060963357689938
390,12.99987,0.06735373648502319,0.2628274324309734,9.197686320974908,-4.7080082056738375
391,13.033202999999999,0.06975205936217914,0.23949441413441647,4.782251700509783,-4.043867881580202
392,13.066536,0.07208399798157512,0.22715495493831744,-0.5618480495282576,-3.9877920469830026
393,13.099869,0.07620792298615704,0.2666825344180776,-10.173092077786016,-4.401129548499158
394,13.133201999999999,0.08354765805520065,0.27629875645753926,-20.708442630699164,-5.015733962201796
395,13.166535,0.08829348520021801,0.286953377716217,-29.29151691380996,-4.605260190521168
396,13.199867999999999,0.09345922105209402,0.28896500538467074,-32.01657955928774,-4.0049620252950495
397,13.233201,0.09430707914269235,0.30627206011973057,-32.86223570711497,-3.088316040955735
398,13.266534,0.09796298519830574,0.30958966422412626,-34.17221821061353,-2.311739841416801
399,13.299866999999999,0.1009756514817597,0.3057897617365065,-36.6014517261865,-2.03817315477041
400,13.3332,0.1031317848538073,0.30512071430638893,-38.088104540122124,-2.1612252147195363
401,13.366532999999999,0.10079914486389753,0.3140982855640152,-38.54919174210882,-1.877160392051409
402,13.399866,0.1029340342768097,0.33317075168721766,-39.05328255818799,-1.8249718348297617
403,13.433199,0.10742706615000965,0.31033070617828895,-39.07140688976177,-1.649736991197578
404,13.466531999999999,0.10756930229922948,0.30591892424505607,-38.52075049400284,-0.6577083069051569
405,13.499865,0.10445527340171556,0.306241590680373,-38.30522249249918,-0.014530391483215822
406,13.533197999999999,0.10679225116097138,0.32139332135655074,-38.66990239432191,0.7467567295519064
407,13.566531,0.1042634840904364,0.3150091969013605,-37.75117744658653,0.9269339850787801
408,13.599864,0.10401323760930778,0.3248358774649833,-37.71385550163426,1.557245907023487
409,13.633197,0.10363206172982843,0.2928389168973916,-38.42744731585689,0.38865618588462697
410,13.66653,0.10126522565125651,0.3115891395302799,-37.41900448231539,1.3213500223018264
411,13.699862999999999,0.10157576420984682,0.2907925623759962,-37.883183291786345,0.5322390565486508
412,13.733196,0.09921677203660093,0.3002911826240049,-37.14959509190108,0.11921775537626593
413,13.766528999999998,0.09675746262169857,0.3098131578619546,-35.333440330562496,-0.27602789215517615
414,13.799862,0.20486281426968864,0.3160711037925813,-37.59640040617373,-0.5715517289267772
415,13.833195,0.24482986239517743,0.30235806494190753,-36.017377337278745,-1.4678052981377168
416,13.866527999999999,0.2619005811152206,0.299514043312243,-37.03927839737974,-2.5954375761629547
417,13.899861,0.2812332706147557,0.3005346760140221,-36.26704009708384,-3.7234305188330357
418,13.933193999999999,0.27128852403636594,0.3034775931604029,-34.77257479421704,-4.782446011088691
419,13.966527,0.24654880478101956,0.2904439170219262,-35.77952365234678,-5.922735113346474
420,13.99986,0.21938437969537625,0.28195661400123295,-32.930694747840235,-7.083928884331159
421,14.033192999999999,0.20211763742761985,0.28277131605332007,-33.24202997962332,-7.440727937220496
422,14.066526,0.16457427612613543,0.2714243820360468,-32.15649919634786,-7.624292189623214
423,14.099858999999999,0.13856875765818183,0.29305765043816145,-30.311241092829043,-7.752928689551538
424,14.133192,0.08428099042176747,0.27143213825699575,-29.14008317756295,-7.833209184810936
425,14.166525,0.08451209697875403,0.26857624892789667,-29.164941948542115,-7.995516631896821
426,14.199857999999999,0.08258501105096219,0.26828761903063714,-27.762762528879502,-8.133020300687589
427,14.233191,0.08808682265382538,0.26723269069791633,-27.55776037374328,-8.1692144251259
428,14.266523999999999,0.15743887246056637,0.27855107136143686,-28.9841332087272,-8.106642384727746
429,14.299857,0.19126379958554154,0.2822008744664076,-28.814149450938814,-7.837782172460533
430,14.33319,0.203216925686589,0.27210177837631755,-27.650955952655835,-7.033722273821356
431,14.366522999999999,0.19409791562815384,0.2736015748085283,-25.851451124754856,-6.851775023056441
432,14.399856,0.19372729455073154,0.27655101373723456,-24.10967374484947,-6.511250098753602
433,14.433188999999999,0.18750309697451908,0.2773258431278057,-24.406258796055923,-7.074191685645627
434,14.466522,0.18935827980915812,0.24320202575268854,-22.573818705856247,-7.181871299102025
435,14.499854999999998,0.18246934240598933,0.2582639913702553,-21.198851906613307,-7.513064251775491
436,14.533187999999999,0.18305443674980357,0.24513643129963125,-18.12862559298906,-7.240090715349839
437,14.566521,0.18582466605335946,0.24674510918273423,-15.937552647763287,-6.8526557972068485
438,14.599853999999999,0.18852453409910133,0.23996516391040812,-12.31885574893627,-6.573192290345549
439,14.633187,0.18273678300576204,0.2363545125926071,-7.765458861011628,-6.090015345336856
440,14.666519999999998,0.17652550282006893,0.25708397411482475,-7.044699602773679,-6.413322664571629
441,14.699853,0.17900001451984512,0.26699086463562,-4.598434711165877,-6.474034497621151
442,14.733186,0.1751439680322918,0.2756096031576746,-4.065216838724272,-6.408271578720023
443,14.766518999999999,0.17059057145347156,0.2819588624708141,-2.746863223122408,-5.854635716133535
444,14.799852,0.1565204951707413,0.2613685315726225,-0.49957606725427617,-5.381847061186719
445,14.833184999999999,0.15757637230699828,0.261269222249704,4.370765313493173,-5.496291047877876
446,14.866518,0.14800714804270568,0.25538048188301093,6.909208107405191,-5.656272390275227
447,14.899851,0.15398938551536664,0.2586382969692645,8.916380072274375,-5.369039607461906
448,14.933183999999999,0.16066125631157005,0.2661346827347666,8.643670423310562,-5.510460231877183
449,14.966517,0.17305612016559577,0.2612792614692804,11.15746696782494,-5.311471801255363
450,14.999849999999999,0.1718101503940459,0.27131074881553985,10.867254890020627,-5.257446181958463
451,15.033183,0.1729704002015403,0.25262858570009183,10.679256553390461,-5.617585775285218
452,15.066516,0.16743781573802569,0.26648507410982486,12.214689660739579,-5.94388569044478
453,15.099848999999999,0.15026440500053048,0.2617240153312211,11.31122843368093,-6.467851394641099
454,15.133182,0.11428942692731942,0.26303834586906283,12.492254363024019,-6.881647471687391
455,15.166514999999999,0.12707553722335044,0.2795302589668931,12.764852485248143,-7.243266587392245
456,15.199848,0.16516542633065673,0.25790736341181536,13.425816637022699,-7.061923465550819
457,15.233181,0.20324729711037018,0.24020659882931267,15.232140281101366,-6.75496361769131
458,15.266513999999999,0.25320551822093895,0.26105343381266927,18.109591700617216,-6.702274403384199
459,15.299847,0.22869700511592164,0.25802155671922045,16.478266679464546,-7.211731538093803
460,15.333179999999999,0.21289079669619512,0.25715362061041735,16.753146329528857,-6.875085273507464
461,15.366513,0.18751892734176764,0.2527657859772516,15.952048243022293,-6.40690509733171
462,15.399845999999998,0.1913184972662755,0.2539805484287486,16.46061971067325,-6.023125904353321
463,15.433178999999999,0.21382140687578466,0.17709186315405384,18.718851333096907,-5.914006335764751
464,15.466512,0.22629435419230706,0.09412259374175345,18.734679730466254,-5.569887133041338
465,15.499844999999999,0.2243535729503441,0.07498507031747229,18.682404986080602,-5.3928809474981225
466,15.533178,0.22384531117227247,0.11365020645000481,17.29028043351872,-4.789264041554213
467,15.566510999999998,0.21030794237414607,0.16581822778859245,19.593115746390158,-4.260568112084461
468,15.599844,0.20452493151807116,0.23704642177906224,21.630838120874376,-3.9834461305614903
469,15.633177,0.20182868115695182,0.2627048279377733,23.202039133350333,-3.4300364499946476
470,15.666509999999999,0.19840230031001593,0.2977688783213459,24.24719209539322,-3.575785978666002
471,15.699843,0.21162141866664794,0.30193401379471607,24.067426761990898,-4.633654237619035
472,15.733175999999998,0.20229610347466,0.2916128227377353,22.25073757040109,-6.146255201442552
473,15.766509,0.18046467668124744,0.2937744578566456,21.296615622703282,-7.763372622279855
474,15.799842,0.1644795139010743,0.30664894147501365,19.709261760965564,-8.6001622914176
475,15.833174999999999,0.16058738163057312,0.29288201400720104,18.979471161982005,-9.150955160045527
476,15.866508,0.1564452868389215,0.3022121445787803,16.55290309406578,-9.761915564202436
477,15.899840999999999,0.15369837916146384,0.30274421148346065,15.633114483019646,-10.070091497304835
478,15.933174,0.1557988373187936,0.3207095127066698,16.3433872146533,-10.43903539544853
479,15.966507,0.16105317942572606,0.3018218488650569,17.140349203358564,-10.685977557516287
480,15.999839999999999,0.18284785300743808,0.29054352594266475,16.818977607890922,-10.674140243035081
481,16.033172999999998,0.20654304006403107,0.27956975945459617,19.26874446313097,-11.151677250137098
482,16.066506,0.2297182442395762,0.26790881792364785,20.586606627214746,-11.633720027375459
483,16.099839,0.24167535519277805,0.2673291202599152,21.66424791396408,-12.327275970356762
484,16.133172,0.23538316099611709,0.2785428137207584,23.520957854222868,-12.523718292629837
485,16.166505,0.2266305009868074,0.29420757727836855,24.315824149589726,-13.028018069043354
486,16.199838,0.2181457416039449,0.30063207892919097,24.100078166987227,-13.025827146821142
487,16.233171,0.22512544120786776,0.27133378091659655,24.685309765457173,-12.958670093341901
488,16.266503999999998,0.23809691682827994,0.2849235276320489,25.44509409361883,-12.865841585990145
489,16.299837,0.2648640944951801,0.28861783937442953,25.514992936078063,-12.222844988831573
490,16.33317,0.2769508485259403,0.29707245450783365,26.600072385700557,-11.840049986121151
491,16.366502999999998,0.3133823987138459,0.311165443697517,29.301816947903372,-10.742746360944283
492,16.399836,0.34001045912863,0.3129849629337641,30.503068694221845,-9.132682615786775
493,16.433169,0.32828020874612734,0.31219735352774947,30.914143302441655,-8.382567047333938
494,16.466502,0.2926232861031747,0.30531877967360305,31.030493694436444,-7.326581630941606
495,16.499835,0.26873090855700044,0.3190980315240588,30.34992754966884,-6.714372613104223
496,16.533168,0.24485436206915553,0.3147685488000349,28.772246735774463,-6.751865517465032
497,16.566501,0.23429244703544286,0.3101127011240392,29.295088245671096,-5.797028705661912
498,16.599833999999998,0.24307946313953005,0.28708057285777333,28.77856370965726,-5.460907789749852
499,16.633167,0.24483086927911987,0.2811916090743596,29.127919050208458,-5.329258679737836
500,16.6665,0.24018658158947892,0.2925059730578821,29.052809856251738,-4.984882260002301
501,16.699832999999998,0.23322809618470242,0.2959652459341664,28.72263650930136,-4.4430438821357185
502,16.733166,0.16858069320123473,0.2817380542681228,28.155067472435565,-4.458390172770131
503,16.766499,0.07905986353483577,0.2707907197979005,27.665914048426714,-4.614496777086126
504,16.799832,0.056044369667605495,0.26499717222115377,27.02933084405864,-4.544155177248353
505,16.833164999999997,0.055029045375612755,0.2690452506762711,26.235324176553014,-4.168015703605928
506,16.866498,0.05897079737954124,0.27050952288539276,26.105771583244486,-4.2816474229237365
507,16.899831,0.1616027238655811,0.27539759586144696,27.16481924394748,-4.018264913912146
508,16.933163999999998,0.20699804815754771,0.3090865691396186,27.6426907929335,-3.8900228888766213
509,16.966497,0.22043059111673383,0.27835594105547623,27.1464323667112,-4.096382083417701
510,16.99983,0.21971316439559568,0.28489321897524095,27.185718986695118,-4.041122377417943
511,17.033163,0.213527005106266,0.28045496852394114,25.488134057208406,-3.9456925999845436
512,17.066496,0.2078273150068716,0.3133864505015474,24.66103821345779,-4.319924859363352
513,17.099829,0.21512089605640689,0.31040260773355544,25.15700204641653,-4.606198396844478
514,17.133162,0.20647247675459202,0.295247347050975,24.092687401990656,-5.035074943661617
515,17.166494999999998,0.20756825879704738,0.29351532452304574,23.03302081597027,-5.568509341617461
516,17.199828,0.2056869802963489,0.28482795475164063,21.18321926724011,-6.037193923661731
517,17.233161,0.19522233097931638,0.28647846020277007,21.918392732002996,-6.453766986741821
518,17.266493999999998,0.1948540668980225,0.3021268328839322,21.519592320784156,-6.661322758147788
519,17.299827,0.18563983577870002,0.2949218830617043,20.97235008581556,-6.747474064642231
520,17.33316,0.1687073439051374,0.28507982829662504,20.776935575785288,-6.825211429402079
521,17.366493,0.14908451640208722,0.2799492933568503,19.04794666529264,-7.094038307726049
522,17.399825999999997,0.09218972997424513,0.2626875869131792,16.884403244952612,-7.646975741730415
523,17.433159,0.06329918552570697,0.2776296155836816,15.322086116289407,-7.782875857429201
524,17.466492,0.06802860087701076,0.2727973529554218,13.117617165272618,-7.784063514546826
525,17.499824999999998,0.06959415911311694,0.28146277319668733,10.615241371258321,-7.422606290892474
526,17.533158,0.07094303043130366,0.2902067965155436,10.939478896763958,-7.303734926075026
527,17.566491,0.07108691364337147,0.2919643465639189,10.12736296377161,-7.040433099941779
528,17.599823999999998,0.06951132646888744,0.2842889789498019,11.96635378622972,-6.5905126774161005
529,17.633157,0.0675864602892097,0.2841428968234633,10.8398952305779,-6.684265720424165
530,17.66649,0.06760611878006294,0.29234681765306847,11.860947914414526,-6.485550007049447
531,17.699823,0.06612727829022168,0.2866763708377007,9.402739956597078,-6.448613025060511
532,17.733155999999997,0.06995740525540238,0.25576102321143146,9.57488237925117,-6.537492552909886
533,17.766489,0.13985069894106975,0.26507568520036356,10.054506461479773,-6.558590141178014
534,17.799822,0.15577353316385603,0.26208563207749525,14.515599118295851,-6.216564632869512
535,17.833154999999998,0.16346431223240754,0.2946221178802064,15.550361027432166,-5.736762481542594
536,17.866488,0.15769096720565515,0.2763225684847419,14.637006050060046,-5.778968179733732
537,17.899821,0.16348848099340244,0.26933692415652893,14.883469929889042,-5.698539982536878
538,17.933154,0.16866281618621035,0.2675408822440025,16.380164785027613,-5.753708755882993
539,17.966487,0.17394063155657613,0.2713255155293612,15.857496219404608,-5.6272087704570986
540,17.99982,0.1720566515512953,0.27392895273133605,15.34889124476792,-5.407193313734941
541,18.033153,0.17474659706110182,0.2734260105901065,14.006040698398753,-5.302644604338874
542,18.066485999999998,0.17315317236509065,0.26443505149327207,11.897244353456765,-5.2160197730536115
543,18.099819,0.1709011312241943,0.2759814192870211,7.772895945546105,-5.040445608974167
544,18.133152,0.17465488487088443,0.267886808977024,3.939727995965347,-4.5006671978940584
545,18.166484999999998,0.17519211970107085,0.2746223157913289,-2.2301269142673807,-4.475835638147475
546,18.199818,0.18208211000209285,0.2713184237193751,-5.180709890521042,-4.421173261473622
547,18.233151,0.1855262844249343,0.26053792435500767,-1.6190136615512452,-4.390811173979208
548,18.266484,0.17680100949546917,0.2557572518125478,-5.845429129047357,-4.35223641237767
549,18.299816999999997,0.1793057141369418,0.24892537674364315,-2.4750548481704304,-4.03997239776971
550,18.33315,0.1778315877403741,0.27167063192787044,0.9909174460837058,-4.387928176606334
551,18.366483,0.18381811549487156,0.2785772529955728,-1.0232449713509342,-4.56603001613653
552,18.399815999999998,0.18341922024947846,0.2888834527362552,1.7644623543656512,-4.35596241169804
553,18.433149,0.19671118458881268,0.26582249813171976,2.735348444747705,-4.384516692698694
554,18.466482,0.20443508192415297,0.2644641068393529,1.723104444242359,-4.713007838065982
555,18.499814999999998,0.20578380350126094,0.2578585861299256,1.4147342265484062,-4.372318966079271
556,18.533148,0.1942865029202914,0.27190555975405756,4.879458337195273,-4.223392905942495
557,18.566481,0.16687733206290084,0.27328369490548743,5.505978947956557,-4.135495469686943
558,18.599814,0.13966419371224512,0.2739183441264719,8.750769895907007,-3.8329154887170778
559,18.633146999999997,0.07210393511776478,0.26280096963565125,8.117569930873616,-3.986950864840924
560,18.66648,0.07312652142833773,0.24599260468459236,6.607675858911302,-3.5996305823287003
561,18.699813,0.07503237358069903,0.2492794653767747,5.5141654662638615,-3.90181897811674
562,18.733145999999998,0.06993535217035479,0.23385810063738108,7.990684079204084,-3.8984163834983723
563,18.766479,0.06798727941487961,0.22205664153170449,8.85773664403721,-4.2951726771022445
564,18.799812,0.06933673002813531,0.1611521340979908,10.680865265185146,-4.496855460565937
565,18.833145,0.06884239054054063,0.1289473544220544,11.07036970688468,-4.52473220881005
566,18.866478,0.06610645947719351,0.1305265426923806,10.634677088758739,-4.875885335431835
567,18.899811,0.06309520633963255,0.08727075153650196,9.111832949463398,-5.166403334038066
568,18.933144,0.06563028556494896,0.11647101617451476,10.206948244610757,-5.680423412487493
569,18.966476999999998,0.06698105220830118,0.1182038753541913,7.5716236255767395,-6.569931154523926
570,18.99981,0.06862878603465261,0.11145018321472339,3.409683602754408,-7.558418809648222
571,19.033143,0.06895322060504197,0.11043401635723335,0.379716976762745,-8.932004222042456
572,19.066475999999998,0.071073692919214,0.10978970866465552,-1.5611431371735143,-9.67934542213818
573,19.099809,0.06942809541954967,0.13386484268182605,-2.0709743187762872,-10.139728028914035
574,19.133142,0.06943479053035702,0.1398971037723885,0.44785323117948045,-9.92741789728501
575,19.166475,0.16235209375892434,0.18091120104640368,1.8488174817408438,-10.520373190732267
576,19.199807999999997,0.20949177615904813,0.18214281807360727,7.0746829153337725,-10.071065549694739
577,19.233141,0.251395381399677,0.17635768200097574,7.770828538590602,-9.763426122370536
578,19.266474,0.24430160845261817,0.1691357810977529,6.831995840380057,-9.371842233082456
579,19.299806999999998,0.23201619943927546,0.19268526952193737,3.9167778076992756,-9.327362809140558
580,19.33314,0.22797305149816835,0.2073361600301832,4.23018270825344,-8.77102224072027
581,19.366473,0.2207779052891855,0.22169275521915324,5.628798578435984,-8.62756305223813
582,19.399805999999998,0.21680784053024255,0.21587279001478876,3.024055428796779,-8.390257131624674
583,19.433139,0.21882254414744504,0.22256870586275984,3.2644533577781205,-8.089796461483129
584,19.466472,0.2102657658473304,0.21725607814142106,-0.8262299906634061,-7.971037264787775
585,19.499805,0.2217078312983373,0.20404589965238146,-1.729653864319392,-7.331945682619999
586,19.533137999999997,0.21665084630958678,0.19325673765501877,-4.793541002715712,-7.277608304669344
587,19.566471,0.21991475480032777,0.1943073849783002,-3.480137454184958,-7.112414258017042
588,19.599804,0.2302667614415016,0.1961494656472699,-6.269839061661889,-6.965613167711992
589,19.633136999999998,0.2328825568706055,0.19314025756030379,-3.6216056414960027,-6.918003944560008
590,19.66647,0.2331653713431546,0.191045553784789,-0.5603173841752381,-6.770904893595219
591,19.699803,0.2226697129451822,0.19508265775077718,0.6604934091401357,-6.6459656830281855
592,19.733136,0.22018473160970814,0.2193879393201777,-1.2546431363277366,-6.406971186253514
593,19.766469,0.21442787441138045,0.22640044086564348,-2.882634444386276,-6.196097801536537
594,19.799802,0.19885961045364633,0.22066296314791828,2.0348157244265535,-6.059393565404394
595,19.833135,0.1761140178496255,0.1981943894662755,6.809436540146949,-6.04308925025326
596,19.866467999999998,0.12892576256587404,0.19183808128190574,12.024855664109316,-5.95956093214362
597,19.899801,0.06474411967030531,0.1771087972184469,14.484183295013047,-5.811360540188428
598,19.933134,0.06355184702928467,0.16215326515712117,17.43616693362571,-5.904616254029464
599,19.966466999999998,0.0596742262552609,0.22133224484022768,18.985182671879386,-5.9182942162999845
600,19.9998,0.1432622784309157,0.23433825080645615,21.579319018017802,-5.846902584561125
601,20.033133,0.07350257533355806,0.2530087380727059,21.410424571294662,-5.6346567873336895
602,20.066466,0.05936898388620659,0.2690705904773598,22.04206601938977,-5.346295866005372
603,20.099798999999997,0.056504949405601836,0.24460325374532063,23.191667426160596,-5.5219266834003236
604,20.133132,0.053230388891375234,0.2280869165556782,24.668885808225905,-5.484150705697401
605,20.166465,0.05499681217546725,0.25150952925968034,25.645537278600244,-6.109779038078081
606,20.199797999999998,0.051467386299528926,0.24260766638382963,26.787429079178565,-6.04166330586662
607,20.233131,0.06796310800986834,0.26020993947399207,29.040657477142705,-6.464076347754447
608,20.266464,0.13707574422184082,0.2812350664130692,31.652832124141614,-6.341411031793475
609,20.299796999999998,0.17739612068078803,0.2927912865597341,32.77321445397937,-6.100372670792632
610,20.33313,0.19666818191201688,0.29674715945908847,33.23859328607012,-6.629283056672437
611,20.366463,0.22048188824565798,0.28654850103417,33.776934865944206,-6.080196931850916
612,20.399796,0.23727783394428512,0.2974516534673286,33.75632933626605,-5.924808862637489
613,20.433128999999997,0.22598694254042653,0.29030408131105967,33.570303788949886,-5.479453858321966
614,20.466462,0.1927062507871008,0.30233953364915145,33.749084621032665,-5.593862171238964
615,20.499795,0.16909730346017798,0.28652873189393746,33.29504115004649,-5.663903454247889
616,20.533127999999998,0.16894482412938813,0.2643261762150553,31.401195487692686,-5.780982471013203
617,20.566461,0.1762365264064217,0.30338831263695987,32.71257995080067,-5.62848127427629
618,20.599794,0.18355840820080802,0.2959247974064149,32.504421681504105,-5.247412410696724
619,20.633126999999998,0.1719903013725544,0.2758994507995075,30.00126643083843,-5.227832316537504
620,20.66646,0.167233111393575,0.2965897186650094,30.83365328597293,-5.532451122864904
621,20.699793,0.2040791564048528,0.2712365750923943,30.748560947755475,-5.91409007165946
622,20.733126,0.2571631382538659,0.26706614765158976,31.25468046271353,-5.630223495573131
623,20.766458999999998,0.29069099885941074,0.3044583728698188,31.885589501530816,-6.302067582038876
624,20.799792,0.18094127489600084,0.24700936930358525,32.72019672751403,-6.362206088946175
625,20.833125,0.07848929004394754,0.2852299454883822,32.96760723777069,-6.546971213812668
626,20.866457999999998,0.040509398803729925,0.30670461734593985,36.63590224103622,-5.91470507237399
627,20.899791,0.15651762873537126,0.384002487395541,40.84481294279273,-4.800263397956606
628,20.933124,0.2626120304566566,0.40635302786048544,43.73951902106668,-3.86661445978926
629,20.966457,0.22569590904350004,0.38068142763933044,46.38749122221422,-2.249474895255469
630,20.999789999999997,0.19558057514710545,0.3937314217523903,66.87558582544688,164.16576538177176
631,21.033123,0.07689919873717138,0.3583471284963755,65.93378794765322,164.43889875019883
632,21.066456,0.10874027207783866,0.33465365679103737,67.54447489487139,162.0882258224944
633,21.099788999999998,0.029909898135578636,0.35790441239664794,68.44712311304481,160.3504797413554
634,21.133122,0.028546481891005032,0.4120648162030951,69.8238048521049,154.54507230238266
635,21.166455,0.03687870209642115,0.37358552466841477,22.87590600649933,145.19617867435682
636,21.199787999999998,0.10056670033853932,0.5253427136527465,77.20921599106612,145.5867827380993
637,21.233121,0.0756019218795547,0.40054442412362234,73.67064740474348,150.00746445577926
638,21.266454,0.19213761350450423,0.41714554078750066,71.23855559759683,153.96263437982927
639,21.299787,0.22552485775933032,0.3886346032704968,-46.25770710668647,-9.42068766592792
640,21.333119999999997,0.2497210271336562,0.42352454893994396,-31.81391065191535,171.80582527451583
641,21.366453,0.24344748758930487,0.4318576153749821,70.1670998453755,160.19931752918671
642,21.399786,0.2207588169136287,0.36748715001106547,68.63236657135288,157.31981526938736
643,21.433118999999998,0.25956049994564057,0.40947679998980396,50.65256409505532,-6.359697528056059
644,21.466452,0.1852009821005042,0.44325582726562496,48.942829929122205,-5.254122323723295
645,21.499785,0.22778481922897514,0.3687289800417968,47.541653508741916,-7.573274189939083
646,21.533117999999998,0.20941699600129918,0.42934734656373424,49.623830637910665,-4.393910341864431
647,21.566450999999997,0.2706713046651091,0.3843737381792779,49.347028960517925,-4.063229950561898
648,21.599784,0.2448310140077494,0.3623076682093196,68.7878345844071,160.3571586274648
649,21.633117,0.23789380513819344,0.43128419736523155,70.51523855608364,161.46144510587087
650,21.666449999999998,0.23745818573596583,0.39099730820667544,70.58963909947687,166.94161245368568
651,21.699783,0.19809447496194077,0.4014336098940301,68.65705798726138,165.07634434021253
652,21.733116,0.2216659392892947,0.3405735464808247,48.50111540372512,-1.9135729111264161
653,21.766448999999998,0.2258010334509641,0.4145134581902797,47.82606096287143,-1.6685848821466291
654,21.799782,0.22104171914789233,0.394910380245516,47.939950407289814,-0.3568165854775646
655,21.833115,0.1959455286018802,0.42113578656745027,65.96935258816332,166.64871768423308
656,21.866448,0.18384414666118143,0.42265065647681,47.78774485899339,-1.1592050014621893
657,21.899780999999997,0.1902873668463144,0.4273592121984039,65.40821219473325,167.85749955356502
658,21.933114,0.19190132908830876,0.44675220443711383,67.34843921100823,165.6697220798392
659,21.966447,0.16805410299915724,0.4404478801313042,47.50436812653242,-1.7280711510863278
660,21.999779999999998,0.15033885309454095,0.42513486047505533,66.11498440771027,162.67359031859348
661,22.033113,0.18074393933802568,0.42249856214366854,47.83398522169622,-1.5359657655778307
662,22.066446,0.18183097496870965,0.4639517514618141,67.6830492388673,168.69285663870167
663,22.099778999999998,0.19207637085118523,0.4169160226272825,65.92183980181154,163.27412440759977
664,22.133112,0.21156849497789576,0.41921207084646706,49.978723936449775,-0.12792266266384247
665,22.166445,0.207040862393582,0.4492351828069933,65.87058687740009,165.67021202186314
666,22.199778,0.20976951766827182,0.43586531408481,45.885775166884,-2.534158878923785
667,22.233110999999997,0.22050514913610322,0.4430130306735407,45.87516670023276,-3.5006545263677635
668,22.266444,0.2287888215205573,0.437931662733955,46.34966130922834,-4.563042914481469
669,22.299777,0.1954565829433883,0.4629835189130277,46.15212555584942,-6.907063128111861
670,22.333109999999998,0.17382779828693887,0.411692076104332,46.04330645443886,-7.686353366780242
671,22.366443,0.18835759209894398,0.427797574130541,45.66489145945091,-9.72273684693895
672,22.399776,0.18110765317725366,0.37877182523356046,44.657560083798536,-11.788032374482789
673,22.433108999999998,0.17770639850248612,0.3601232551373006,44.45984647931427,-15.189124904433044
674,22.466441999999997,0.16259142654312944,0.3402199615664354,43.08957496409238,-14.555646217374788
675,22.499775,0.18009805983311936,0.37573542029785145,41.6498310417172,-12.215070327892262
676,22.533108,0.13470247949081693,0.33823461412063727,38.649222066456126,-11.774274106889193
677,22.566440999999998,0.12313543655215844,0.2917048446236827,35.81382896648525,-10.349541115519155
678,22.599774,0.13716477777237257,0.3058859661294423,33.66566573041505,-9.830265831176153
679,22.633107,0.17689691447131003,0.3272284162010785,32.12104142416451,-8.740187500633366
680,22.666439999999998,0.2024797897017937,0.2993482714198938,29.125915691110386,-8.250584352187797
681,22.699773,0.2068968497061779,0.2491037731505063,27.274539227726724,-7.654195812950314
682,22.733106,0.19503321309248586,0.24510262844260156,23.894040365272204,-7.029898197976106
683,22.766439,0.21792342031803627,0.2651386997612376,23.276665934082267,-6.9414399701091405
684,22.799771999999997,0.1936483618600732,0.2670086856360927,23.04938890298685,-6.9421981846196905
685,22.833105,0.18247892902109714,0.24033119702109002,19.936795575962655,-6.742284282165498
686,22.866438,0.17332873837163532,0.2518880041240371,18.445121285032936,-6.3598903520470325
687,22.899770999999998,0.17596492434006658,0.2446495983215544,19.69011436220285,-5.859005997454936
688,22.933104,0.15460996577815145,0.2622191770189235,17.625660365159497,-5.966508741966156
689,22.966437,0.06110251971786039,0.2715334981817533,19.48469267863174,-5.951991934445046
690,22.999769999999998,0.06381212816013251,0.25654560959609063,19.630422764584615,-5.784984566535759
691,23.033103,0.0634833268561167,0.26840371820675235,20.30236557101953,-6.209281054170318
692,23.066436,0.06266948153404017,0.2675596656129111,21.422481089737474,-6.498903973279201
693,23.099769,0.10861585155293589,0.27269198751690393,21.576736344266155,-6.924137546769243
694,23.133101999999997,0.17582671632779193,0.28848752997871413,23.008083853359995,-6.137291592385185
695,23.166435,0.20275808241389315,0.29490627463744956,22.566241681734624,-6.331737817269634
696,23.199768,0.20831991426298582,0.28762802800051357,23.57925074371735,-5.9706382275574414
697,23.233100999999998,0.21945815431004367,0.2855618691059303,24.334916645952628,-5.928818439332262
698,23.266434,0.22320300903968285,0.2894209384853822,23.485136635620332,-6.246595453613128
699,23.299767,0.1977164712941305,0.28663633528611954,23.949828784977214,-6.202947909379145
700,23.333099999999998,0.059944167528109625,0.269701666598133,21.89196053607052,-6.060807217603323
701,23.366432999999997,0.05786310429539768,0.2909852568266389,21.91399106451174,-6.080626444497932
702,23.399766,0.0584932069223916,0.27389253127536073,21.70388625903319,-5.757349894555756
703,23.433099,0.13120107814789878,0.27738673671888026,22.753777586936753,-5.258026818841462
704,23.466431999999998,0.18441116513502445,0.28512221118753966,23.454120005088303,-5.071745448598826
705,23.499765,0.1834562006040587,0.2883967736547849,23.225096097523338,-4.785374401666737
706,23.533098,0.16138707719190448,0.3000032965322521,20.770584828499455,-4.939191257108741
707,23.566430999999998,0.14787352888628796,0.28082069281323885,20.320759984002642,-5.003266694403478
708,23.599764,0.05756540710748138,0.2716395955369051,19.398661108953725,-4.995205275837617
709,23.633097,0.05618505904249345,0.27911053762545757,17.41136702007344,-5.303348168769709
710,23.66643,0.058571042685591226,0.2578110077272334,17.982158822586108,-5.063977807642312
711,23.699762999999997,0.059781693811358,0.26166813978353737,17.88158445258574,-5.135981168415773
712,23.733096,0.05882564446354772,0.27780224079077426,18.10794730247464,-5.387178365786519
713,23.766429,0.16888579749373892,0.2931817339560944,20.95761365208457,-5.17091813034498
714,23.799761999999998,0.20246549527053365,0.30604334494364505,22.425367058186495,-5.1517801271958685
715,23.833095,0.20170170648289354,0.2982443909072272,23.685333687766676,-5.327283601508969
716,23.866428,0.20918176684283504,0.3007190284158262,23.900749966347792,-5.201168705852087
717,23.899760999999998,0.20268345082449168,0.3059394127858217,24.264406449432258,-5.489807754826207
718,23.933094,0.20384190534142366,0.2884508042314086,24.465464384140375,-5.969382115240852
719,23.966427,0.20016610704144727,0.2974207951795791,26.200002417888093,-6.212664146730399
720,23.99976,0.19820780672580401,0.2968301966745329,27.222571993270275,-6.1027842291173
721,24.033092999999997,0.18968153374190544,0.3119995691284454,28.363452883523184,-6.10737117931253
722,24.066426,0.19281814859532836,0.3113416345807207,28.594640419516494,-6.190119264565956
723,24.099759,0.19565319658851352,0.3042307442554051,29.42872021946119,-6.201399685692074
724,24.133091999999998,0.207831672408591,0.2976683966069087,29.819256792176798,-7.1181563882515295
725,24.166425,0.2157751452733201,0.3005429833791834,30.691172130887747,-7.038053112599366
726,24.199758,0.19870861675289836,0.3126937918826974,31.460748212649833,-6.794954219900288
727,24.233090999999998,0.13901998793972659,0.3185602071729933,30.87573930792188,-7.692570177796415
728,24.266423999999997,0.047980705926839985,0.3082707585548773,29.822564401672157,-7.782092010125414
729,24.299757,0.04662762199651551,0.30640752478814276,30.79086867916097,-7.867598127536736
730,24.33309,0.12301788078097925,0.316463328258088,32.082260169380966,-7.521237606583041
731,24.366422999999998,0.06783323395260336,0.33326406069854875,32.71989116326639,-7.437471214763054
732,24.399756,0.04678102527185222,0.3233654058354869,34.214090563593366,-6.699893556038175
733,24.433089,0.046122742011198176,0.30786480029724794,33.87960363771349,-6.230923909631708
734,24.466421999999998,0.044978585242214084,0.3216542788229043,33.92602200867069,-6.137704653580113
735,24.499755,0.08612396826568106,0.33561125791855717,33.36520840981067,-6.080387579309607
736,24.533088,0.13913785445687643,0.3386016191019271,33.93346259233379,-5.361482272621919
737,24.566421,0.14804742629567655,0.3377781035110036,35.575402896137405,-5.974532638874055
738,24.599753999999997,0.17004231343511297,0.3662585641903072,36.41435178749617,-5.6121645753728995
739,24.633087,0.16423113756428717,0.3663590106070146,37.461039372948626,-6.066987181917135
740,24.66642,0.15964617010479773,0.38894950913184834,40.28100644747304,-4.572673312143492
741,24.699752999999998,0.11493677972284669,0.38827229775570615,40.872229887776825,-3.456617914307468
742,24.733086,0.165873047572146,0.4077779155224227,43.094228213561685,-2.3752518303913144
743,24.766419,0.19174867990308953,0.409367888106529,44.226538138768326,0.3015486963080721
744,24.799751999999998,0.20649091753075535,0.4655899961543122,64.19153599261057,167.8901734740729
745,24.833084999999997,0.19522682202149436,0.4237683430812944,45.46616636704334,-0.42659592395250695
746,24.866418,0.20308926102737074,0.4855960096767351,65.34875888385345,162.8472385710431
747,24.899751,0.20026105730637958,0.41006043092017364,47.48137039231496,-2.893412429993867
748,24.933083999999997,0.1597613702405255,0.41823244440497837,46.630952076814275,-2.2624417069741773
749,24.966417,0.12436087443745274,0.46055445229821595,29.831593289969028,104.72846261919237
750,24.99975,0.0690973196035364,0.4835305635943129,67.20362349234357,163.82216525725352
751,25.033082999999998,0.029883952982165254,0.4278440566246111,33.28150301774254,175.59855593048582
752,25.066416,0.0245257233640487,0.39801490855910493,14.736545666452852,0.633270167390851
753,25.099749,0.03508038652270469,0.40088726199244273,46.72483644632249,-3.0507169009066977
754,25.133081999999998,0.1734274972343994,0.3657689923043297,48.31693658549744,-4.079843755475224
755,25.166414999999997,0.23371196629885763,0.3994081661357556,70.06035886476535,162.7308192485267
756,25.199748,0.16435177363875828,0.39428681346609784,69.86174451493534,164.10388591452786
757,25.233081,0.2022685424431623,0.35124684333625067,68.14356648234367,164.6550143340489
758,25.266413999999997,0.2513171397355215,0.31990519806706275,4.496834464453359,-175.1140290737767
759,25.299747,0.24733288984922658,0.34321338534015133,46.46503539562263,-2.5392201031733794
760,25.33308,0.24885405803232558,0.3790759158431959,47.261222765898985,-2.4919852140703957
761,25.366412999999998,0.23672510453296625,0.3778949571608518,48.444166882208904,-2.083933862200985
762,25.399746,0.19746307368084326,0.376588056905567,48.272141804062414,-2.6291944127429248
763,25.433079,0.1873778456778003,0.38024907103442984,47.65233010322695,-2.3212563856183577
764,25.466412,0.25106231017079955,0.408127544744432,47.06225864870918,-0.5403254258390673
765,25.499744999999997,0.22316879338913928,0.4323918472027771,68.20084726970833,170.14272343000957
766,25.533078,0.2830498609768398,0.41276446223375995,-73.0414954210617,24.699869249101955
767,25.566411,0.3507993831213437,0.3843536997776769,50.26893281075681,-3.4950571227044716
768,25.599743999999998,0.40026271692430787,0.3830152849125496,66.4039027360298,161.32376932254934
769,25.633077,0.34874558317196114,0.4020880908732418,68.53248062615606,166.12956928049752
770,25.66641,0.4001699203727732,0.3864634214722872,67.43164446805386,164.25913233583609
771,25.699742999999998,0.3328584027457169,0.4200984663403167,48.55619142507131,-0.5318625911226506
772,25.733075999999997,0.3105373468799975,0.4007392461932243,67.1782346523212,169.89976234059043
773,25.766409,0.24169395171234853,0.41433657140006863,66.12248996269844,165.79402405068566
774,25.799742,0.1922206135096027,0.42153648869545374,47.03851023382335,-2.1557110744582997
775,25.833074999999997,0.1954722729353974,0.4172821816062987,46.65565787451554,-2.1509406254202643
776,25.866408,0.219358657277298,0.3900607406313029,43.74278373438522,0.6647382653743055
777,25.899741,0.20828678181669052,0.3930527125427458,41.811789184576604,-0.9094862999554587
778,25.933073999999998,0.1859110382237259,0.3574729441814646,38.37895161070057,-4.416208117206645
779,25.966407,0.19505812028251726,0.36020343050563297,37.520216004224004,-6.168659028964947
780,25.99974,0.20590139422219614,0.37837287417628407,37.346436407642564,-6.589951513818156
781,26.033072999999998,0.1871757096938334,0.3306540120161292,35.462412755602244,-6.7942912382091185
782,26.066405999999997,0.17888708759869076,0.23800940473913507,34.72533331261885,-7.204189411564106
783,26.099739,0.1734835868158969,0.164760790744765,33.40271520541948,-7.407250694057357
784,26.133072,0.16430642751558866,0.17462531464378392,33.75496210425008,-7.777509480169912
785,26.166404999999997,0.17599902924500496,0.17380521456160894,33.74837231181014,-7.476477609503037
786,26.199738,0.17747703704439313,0.22370262394813967,34.202548273848286,-6.994685995447452
787,26.233071,0.19090679714818862,0.18954575105209237,31.934644907084007,-6.5271232624166755
788,26.266403999999998,0.19935181637012958,0.14459132080855244,31.074313170032074,-6.066873372067234
789,26.299737,0.22150938510756626,0.2100223300854029,30.532555679840776,-4.1999546841175
790,26.33307,0.21478560183765516,0.2155226960114584,28.661846445073394,-4.87709607388747
791,26.366403,0.14243069565843738,0.2698102044706338,25.941306123894034,-5.308402940875518
792,26.399735999999997,0.06181763256168123,0.2701684915209769,21.54942670139036,-5.370564394852325
793,26.433069,0.06966514901463093,0.26003029745492,21.69652303272475,-5.5892512273313955
794,26.466402,0.16835815264124293,0.2721193857510853,23.10999644790129,-5.379039149828304
795,26.499734999999998,0.20637619249230807,0.2696801719785366,22.301190236864926,-5.330356281354464
796,26.533068,0.13154747555423218,0.2968115704439099,21.852183427785445,-5.5253528758548525
797,26.566401,0.08375133512793116,0.2690254508683708,20.378972775401287,-5.4846956584455056
798,26.599733999999998,0.09461814294381407,0.2746177741939159,20.0273901611429,-5.79934884923368
799,26.633066999999997,0.06513737457839082,0.26265363109511364,18.46569927753012,-4.508835027346676
800,26.6664,0.0694919221216311,0.2568899139810301,14.606715306580302,-2.95964368249931
801,26.699733,0.06963048232815972,0.2894838126886109,10.583724254362657,-1.8128425431672264
802,26.733065999999997,0.19298779699270627,0.26099449712805567,8.969815089227708,-0.316788142919172
803,26.766399,0.22124852517621524,0.2408853950356551,5.750487406091415,0.23547503055502986
804,26.799732,0.1996184527964821,0.23601109593184955,7.56005188196843,1.2400951397431585
805,26.833064999999998,0.18155712233174806,0.2563169583715209,8.786755778539321,2.1187974779343195
806,26.866398,0.17472984054160867,0.2703095594190618,6.20771051121143,2.8846057214085867
807,26.899731,0.16404098845552528,0.2566057195620544,9.983759985050499,3.452730305125093
808,26.933063999999998,0.17425358135359323,0.2731796913344454,15.081161453334078,3.6575170375255244
809,26.966396999999997,0.1819841760380231,0.2652686918347521,16.494854181413217,3.5618420468322043
810,26.99973,0.21051050246379527,0.2574765640640155,20.432263899786815,3.4406879439634235
811,27.033063,0.23033238231981207,0.26113324424963213,20.86941357199311,2.490955257371658
812,27.066395999999997,0.26276178742480194,0.26841995798145757,22.588581320967847,1.530437376391202
813,27.099729,0.27141927078735906,0.26474921264792095,23.4741342430279,1.1842642866400706
814,27.133062,0.3163871498893914,0.2750236788068829,25.561135206618662,1.7339571260256168
815,27.166394999999998,0.2563525225942643,0.27388367890349763,26.234975751470614,2.0097653253424075
816,27.199728,0.2352558895835413,0.28208281081490477,25.60102913376431,1.0164518473202286
817,27.233061,0.24528050589064393,0.29856458639026495,26.86009486844979,0.6378495342698429
818,27.266394,0.2628949301867181,0.28854336477838227,27.562015921201002,-0.2791071956631528
819,27.299726999999997,0.2569453011985343,0.3029657318570026,29.485511559277885,-1.4232211445981124
820,27.33306,0.2734758347714909,0.31533867622553424,30.879432110272624,-1.8163849347969372
821,27.366393,0.2786967358495984,0.3444460916379299,30.484780902904248,-2.1212560007444003
822,27.399725999999998,0.3245615527873756,0.36259716647420404,32.918654474440046,-2.9259791942080353
823,27.433059,0.32614864577639574,0.3455559628451579,33.125143233988275,-3.8512290858114815
824,27.466392,0.33392551929894126,0.37204701956841313,34.363275773497854,-3.9437669444435706
825,27.499724999999998,0.3165247959164678,0.35872110571451343,34.07077497475557,-4.151700136643338
826,27.533057999999997,0.2519922372036463,0.3635291741844107,35.275232258361505,-4.098817927050647
827,27.566391,0.12688949030786542,0.364660398783762,34.74695429001279,-3.9518245882307
828,27.599724,0.06523464272161351,0.34093719635256176,35.0096027066907,-4.371257706958291
829,27.633056999999997,0.0674009870927937,0.3726003189695115,37.16836059814176,-4.701040046482019
830,27.66639,0.10444666642508828,0.38381836881986375,39.23645998991417,-4.182618012646664
831,27.699723,0.15075486972350047,0.3856013270333831,41.06568214614958,-1.3352458801741298
832,27.733055999999998,0.19892286489937902,0.4391165228913795,45.22917701705574,-2.4145110366423888
833,27.766389,0.19633319667810686,0.45164395741076246,48.24316965890474,-1.967514150547215
834,27.799722,0.1612944050206593,0.41766513228948376,47.569759868305994,-0.6921027092780497
835,27.833054999999998,0.17142224426579786,0.3587481750173298,19.350166394130362,164.52073302442494
836,27.866387999999997,0.16509847259634897,0.343626770840353,46.87109391723255,-1.36825649820196
837,27.899721,0.07342161251555267,0.48812191052280274,50.93465531367669,0.5082693349182683
838,27.933054,0.13548000802554902,0.4500529476321872,50.50658657514444,-2.172076991952451
839,27.966386999999997,0.054366376469279706,0.40815943228749807,51.6983380016162,-5.505557253553326
844,28.133052,0.0495006492513015,0.3922278635985329,57.72354137062548,179.1013364187944
845,28.166385,0.16864229958943322,0.45396250322726694,-35.53084716605753,178.38600542848735
846,28.199717999999997,0.31180227964189644,0.3467054632674419,65.84813264848307,155.71385491881108
847,28.233051,0.3009794080314564,0.23972914187473718,44.32347133873974,-5.01981018306916
848,28.266384,0.2612946734547189,0.30537458960507413,40.777674031190806,-4.751239301158972
849,28.299716999999998,0.2308112942135325,0.2838412270317588,38.49659292900383,-3.2456377946072794
850,28.33305,0.20954885707921017,0.3550820010235367,36.349503384182725,-3.4298892970126795
851,28.366383,0.19076280446785002,0.3205533282105123,33.901522057486346,-4.002836553901823
852,28.399715999999998,0.1742920577582998,0.31152393004473367,31.542722127341015,-5.2076233552206626
853,28.433048999999997,0.14842154249088196,0.3071133659684242,28.745567149913736,-5.463672878450757
854,28.466382,0.128613488111036,0.2991998114722706,28.076709564749805,-5.527777260496047
855,28.499715,0.134197196805,0.29364057540721245,26.929077796880534,-5.455383809535708
856,28.533047999999997,0.1342801782850019,0.28360029783181084,25.462799359444396,-5.420414200025699
857,28.566381,0.13918216627357902,0.2863702598784995,25.10307535377387,-5.121644935492304
858,28.599714,0.14795148860386556,0.2888214708321089,25.196120818011597,-5.096255126453745
859,28.633046999999998,0.14784976713295608,0.2919374522562008,24.809522273710055,-5.01644247101813
860,28.66638,0.16234294141610392,0.3148116833490179,24.05603683079448,-4.9690993781502835
861,28.699713,0.17518459255630517,0.30429761458050975,24.604726734894417,-5.388026680253717
862,28.733045999999998,0.20419725294182284,0.2883294946765971,25.423674701917147,-5.947431169372837
863,28.766378999999997,0.20954233263552152,0.31504854697262386,28.169713901662124,-7.571377954191906
864,28.799712,0.1904458824630994,0.32878379887951426,28.488084040276583,-9.462558816915838
865,28.833045,0.18169036613134512,0.32149512854697454,31.30497226941013,-10.38357017797214
866,28.866377999999997,0.1699008141761048,0.30463828142749216,30.9520586975369,-10.81411184156077
867,28.899711,0.13629003467626227,0.2939736625270324,31.366646446626742,-11.43501563384709
868,28.933044,0.05123448133538167,0.3039587712938784,30.08699534685542,-11.85999368215291
869,28.966376999999998,0.05228381252784527,0.3023541774968692,30.718092102354536,-11.227700898562167
870,28.999709999999997,0.053848946418704274,0.3129574575742703,31.500372146288083,-10.942994013144176
871,29.033043,0.1339976207832634,0.3331011689804515,33.60969061386901,-10.386677110243282
872,29.066375999999998,0.23041785073538848,0.3314335797328325,33.736297104884535,-9.518450532980182
873,29.099708999999997,0.2926844108423694,0.32386990321222553,32.50868288660774,-8.49611407153136
874,29.133042,0.3284518597271589,0.321281286688758,32.38778707561871,-7.743484823918638
875,29.166375,0.36593367355801587,0.32260941182664177,32.803941612341205,-7.494495290951405
876,29.199707999999998,0.2407502178051178,0.3205363115183647,31.870047184988476,-6.761286171431731
877,29.233041,0.20777132417488908,0.33654409008076064,30.760399880590196,-7.162207786890115
878,29.266374,0.19179640912415327,0.30648780450876645,29.931745475445165,-6.482698641019971
879,29.299706999999998,0.19888477524727724,0.3138667860380939,29.248800745850467,-6.151033085580351
880,29.333039999999997,0.2125500473733659,0.2997250806074194,30.008228846015243,-5.881850699579666
881,29.366373,0.22923584924769538,0.29444152200068063,31.84068201838936,-5.934319955855282
882,29.399706,0.24539961221200712,0.29834835749660116,32.02461534494833,-5.57806137579382
883,29.433038999999997,0.2027546801613674,0.33118716890375177,33.70285169237528,-5.824683251855175
884,29.466372,0.11569781974657425,0.2834350606541388,32.07698010663134,-6.1989502610427865
885,29.499705,0.06209129913639111,0.18002716982248085,32.69319966964152,-5.970491279552468
886,29.533037999999998,0.06477075162327217,0.21200978926984643,34.29772292061918,-6.130043918299679
887,29.566371,0.0941094506322694,0.30114461015137883,35.25583755060694,-6.310481734503505
888,29.599704,0.13864848589482956,0.3430679925748369,38.85016102626695,-5.269117832639491
889,29.633036999999998,0.20838605171422317,0.3725935062231456,41.22042124125069,-3.303204471079982
890,29.666369999999997,0.2638407832385981,0.4148020663225008,44.13167967551086,-3.6496349316125642
891,29.699703,0.28347704037804744,0.3778743903117747,46.313277679857954,-3.1035060923703583
892,29.733036,0.3003402426715611,0.38991589015684436,63.50776839670358,167.27323646044005
893,29.766368999999997,0.29862340495800327,0.389101934217321,63.38638136391934,164.28929925984744
894,29.799702,0.2463870200964297,0.3647004129791867,64.09727320684365,163.0038193609388
895,29.833035,0.28140640002446893,0.3755725676448747,46.60792048779828,-6.269519603182978
896,29.866367999999998,0.2471787347150605,0.33970567870746016,45.98336320413719,-8.233376657995624
897,29.899700999999997,0.22739422288553834,0.3704084160617056,47.47541058390897,-7.915277134113139
898,29.933034,0.22806026895036818,0.3806537331452573,46.754704711184516,-6.66175870988587
899,29.966366999999998,0.2273801994872,0.39647482727501726,48.88262946302903,-6.450000834356538
900,29.999699999999997,0.2691845592707397,0.3573995649708669,47.174239739288,-8.964393063490366
901,30.033033,0.24060883609959766,0.37093907557597566,65.66719886354292,156.61997293535623
902,30.066366,0.21816424529470085,0.3828311024224469,66.43237343865326,153.35347146113213
903,30.099698999999998,0.25508806522459465,0.36558439501727347,27.089595173101564,174.1002137624942
904,30.133032,0.2823852756755436,0.3454986995798425,-55.200058950677374,-15.754053907529443
905,30.166365,0.22736205329864476,0.3435980222852846,-72.5835067896291,4.248629474971663
906,30.199697999999998,0.20337410781751591,0.359826878814418,-72.47526470263729,-2.9267890578183997
907,30.233030999999997,0.22619881517704277,0.37323174858810165,-72.72242766688909,4.688937193186897
908,30.266364,0.208512618315496,0.39352194135170987,-33.207807786487145,169.21189169040923
909,30.299697,0.19026020943570904,0.38145795315363956,48.75351688217374,-12.229556335717238
910,30.333029999999997,0.24628986913850084,0.3717054723715434,57.90423628052905,-6.575492111260055
911,30.366363,0.29057954617657816,0.34326989570173905,6.592805877299282,-4.952137278397113
912,30.399696,0.27246109955739134,0.29842714557813166,41.7184907740794,-8.388642230871564
913,30.433028999999998,0.2734087637152841,0.23852227914510685,37.90939045283318,-5.010996955743619
914,30.466362,0.24316301887585262,0.20305418185118945,35.39278200987939,-4.722557711406306
915,30.499695,0.22796816063668854,0.12746636797036948,33.31255003664596,-5.15399441776315
916,30.533027999999998,0.2414022607495467,0.1323454542112851,35.000186047946954,-4.49272844322987
917,30.566360999999997,0.22787720838998773,0.1374374675275679,32.843956766062405,-4.4077481862239845
918,30.599694,0.21685322405896756,0.09964265741206303,29.95969539936733,-3.609787729451564
919,30.633027,0.1996923572034657,0.09894457655539565,25.651129790294142,-3.8771387468227205
920,30.666359999999997,0.20235746624477727,0.09540081848386478,23.555992013347065,-3.098543328520672
921,30.699693,0.19825785737184684,0.07189029753973505,22.719007719956753,-2.279773420881407
922,30.733026,0.18667624864973478,0.08331071717219754,22.070951550464205,-2.14507699079554
923,30.766358999999998,0.19099200227407997,0.0919491198876577,20.510404777830967,-1.8306137065018535
924,30.799691999999997,0.19805359291030233,0.05440184478341261,17.419994119337453,-0.96504570540168
925,30.833025,0.1952358566546288,0.049041951453331845,16.366118373495574,-0.697362184776227
926,30.866357999999998,0.19779834750683548,0.050819612346294736,12.00344751977747,-0.40737545401942193
927,30.899690999999997,0.20016817836739997,0.058201489984166785,8.886401262676847,-0.840434317665926
928,30.933024,0.19999283522633765,0.0524687742034001,8.216834606995453,-0.39076338099534574
929,30.966357,0.20082724339378696,0.05600306688022229,4.163923771182005,-0.2738710176961135
930,30.999689999999998,0.2012729822220631,0.052300323654438076,1.6347918397595271,0.37836807789435006
931,31.033023,0.19785567165158785,0.08194561046763814,-2.326970883844243,0.7570502179946362
932,31.066356,0.21527540894342168,0.0989777442858463,-1.9232619857873314,0.7334834850425848
933,31.099688999999998,0.22629489887162407,0.1352102041966221,-6.516370639688875,0.902528836861353
934,31.133021999999997,0.22362977052540722,0.1682452228449167,-12.056443190897992,-0.12709696760663902
935,31.166355,0.22596065270442933,0.2181424952477302,-17.406358336808786,-0.7854012567252503
936,31.199688,0.2217485113742445,0.23717061159198724,-15.514383049428767,-0.9353935793878733
937,31.233020999999997,0.22721194353156282,0.2391317122797643,-17.981837067964015,-1.5352976819569226
938,31.266354,0.23041071462473423,0.24155081567819406,-16.41806451787018,-1.572363880976798
939,31.299687,0.2344691756652328,0.24625739641495126,-16.784456788821654,-1.8379337146052324
940,31.333019999999998,0.22921912048931928,0.24333546480765983,-14.111669873436664,-2.075928658380871
941,31.366353,0.23098100297882876,0.24280084391628795,-11.809630740902785,-1.9722416230978648
942,31.399686,0.22907474920181312,0.25370863124506954,-7.774540825003508,-2.179428844816837
943,31.433018999999998,0.2339966818065691,0.2053153379010365,-0.38831026314851647,-2.6424797590724745
944,31.466351999999997,0.23099850220831936,0.1749056191134784,-0.6938265482701743,-3.032237443682702
945,31.499685,0.22019952503678802,0.16887110184597606,0.98156272616364,-3.288981919186175
946,31.533018,0.21897123410775585,0.18475990656414432,2.0432273682477824,-3.546296538211802
947,31.566350999999997,0.2168410882292932,0.17766741343393358,2.909218085172976,-3.0724535891697458
948,31.599684,0.21347547344971182,0.18096096520119265,5.87726520500526,-2.383033470191325
949,31.633017,0.2139212454517905,0.169466876905536,7.382373548535676,-1.9699563717666182
950,31.666349999999998,0.21194976741757737,0.15700826752905836,10.75409612932497,-1.043981147413816
951,31.699682999999997,0.20821173760465936,0.162903282457686,11.179025521298284,-0.6160494188631697
952,31.733016,0.21255142711645703,0.196429041117858,9.564343031575886,-0.3782538686240561
953,31.766348999999998,0.21072738375747835,0.18625447415449423,9.587850917606346,-0.4931546824263688
954,31.799681999999997,0.2143563200613238,0.18663331539192338,8.577022143691838,-0.3601459851989094
955,31.833015,0.21370819677799108,0.2148178948936746,8.48563939050293,-0.33684153212851725
956,31.866348,0.21784222700340583,0.23030413527836224,7.574094241270126,0.018216482453192212
957,31.899680999999998,0.21655654897779905,0.24299840658831076,5.7138705402819765,-0.4015550151569237
958,31.933014,0.21989455557062995,0.2443548315196419,2.506534580184485,-0.03888932066302708
959,31.966347,0.21866105275079262,0.2432599265460956,1.3893039077828586,-0.045841876156794414
960,31.999679999999998,0.21938242544511324,0.23900146874778788,1.7580392355292074,-0.6051046780401648
961,32.033013,0.21955768601461784,0.23294636989173428,0.07176806773630101,-0.7460839187114742
962,32.066345999999996,0.19341512243119574,0.23368043850532566,-4.885790268580024,-1.3270036656408022
963,32.099679,0.19850867888895843,0.2323250704059014,-4.4765329824305615,-2.269182677516531
964,32.133012,0.21567131841923487,0.21922089579949589,4.974810392521033,-3.0157117821171044
965,32.166345,0.22596617896225923,0.23194260578451703,7.813083197065982,-4.1466037378335745
966,32.199678,0.22601522016036682,0.22626788526787506,7.434881015799614,-4.839589883374352
967,32.233011,0.2276316680769486,0.2415083277404847,9.015022707870935,-5.413490852824166
968,32.266344,0.2264558371366628,0.23459293071198906,12.006030976405343,-5.694667515455135
969,32.299676999999996,0.2350452827389321,0.21758921384550936,11.13339662312041,-6.613800648336047
970,32.33301,0.22936942052807507,0.22083910204924362,12.009521158082437,-6.324702920859086
971,32.366343,0.2374632922455239,0.22137779509625566,12.644173630939346,-6.341011394799108
972,32.399676,0.22973676051265174,0.22629699213378218,11.733990763187931,-5.9779229034328765
973,32.433009,0.2222444819170208,0.23546302134640248,11.89337053938688,-5.652107831671832
974,32.466342,0.23299030307742566,0.23329074413574757,8.820618591455807,-5.45248008184834
975,32.499674999999996,0.23171398840413132,0.23710197822132834,10.084562915457008,-5.201909775141685
976,32.533007999999995,0.2259531924658818,0.2313133371752551,9.432685320980033,-4.973616472261529
977,32.566341,0.2282978831570987,0.2260077364649348,10.424986441663739,-4.837351764577731
978,32.599674,0.22701465227510662,0.2321255481156258,10.321866397876178,-4.6052343857677736
979,32.633007,0.23346046636822299,0.23652083586791178,10.445882246556101,-4.524335637938119
980,32.66634,0.22880862602299404,0.237974173193432,9.806096951220937,-4.483455031330235
981,32.699673,0.23155185401782155,0.22665554671300683,10.758804183074158,-4.305553607204082
982,32.733005999999996,0.231688039320449,0.2231416382668993,10.11706026803045,-4.2836820510028755
983,32.766338999999995,0.22815526233723915,0.2306224751383193,9.64516567218907,-4.504690299661619
984,32.799672,0.23380936917152503,0.23774306651701846,10.297315109307052,-4.213764915921067
985,32.833005,0.23304703722049278,0.217040670869637,11.202890612923309,-4.177183212495309
986,32.866338,0.23928730569282095,0.2191906924037144,12.486790923834679,-4.396872534753588
987,32.899671,0.2377263995480048,0.22626006938586601,13.45402704533472,-4.755950506323728
988,32.933004,0.23534538379077075,0.21905237074253803,12.865671308029174,-5.084573133769679
989,32.966336999999996,0.23580911937512755,0.2192503987863758,13.344528966847744,-5.805461733062753
990,32.99967,0.23140097557906378,0.22570397100921968,13.703617018695603,-5.565274147424861
991,33.033003,0.2330583876014025,0.22352131103605238,13.8276631188221,-6.322189931155863
992,33.066336,0.22755191964494614,0.22163504719012964,13.057093513548939,-6.782477443521394
993,33.099669,0.2306107201562613,0.23320946900442294,10.828631713400894,-7.031457769287029
994,33.133002,0.22976973995099062,0.2241960023473828,11.517868093465836,-6.633191791146468
995,33.166335,0.23021721538087314,0.228803530336275,12.013085965188731,-6.756141331823158
996,33.199667999999996,0.23027251193920123,0.23963617762268352,10.42080914117597,-6.518942113772885
997,33.233001,0.22866074923835708,0.22767018702213618,9.210803707154568,-6.146212020935548
998,33.266334,0.22983538373354337,0.21697771807766073,8.711251180337944,-5.856579036774451
999,33.299667,0.22040608101711595,0.2224805699379903,7.959727371029524,-5.943085070136612
1000,33.333,0.21748082999083201,0.22088004412861498,5.652059109933403,-5.914778005020101
1001,33.366333,0.22013974785059684,0.22486019416559322,4.891029720508185,-5.435834234405741
1002,33.399665999999996,0.2251224906892298,0.22469999164349946,5.663508635935277,-4.837471894840456
1003,33.432998999999995,0.23082620324841666,0.22941064627519592,4.1576040226131346,-4.4166175767705464
1004,33.466332,0.2329474070749998,0.2297169005674346,3.0596673603136013,-4.2466302750709675
1005,33.499665,0.23412483300803724,0.2317855602027613,2.0826027742915945,-4.082040163073686
1006,33.532998,0.23404686047060028,0.25330490157015056,4.392050168573433,-3.8375475097614458
1007,33.566331,0.22770776189648317,0.24540856582812118,5.90204280950489,-3.440805017056447
1008,33.599664,0.22616335269041254,0.2643499568645938,5.4746807306976395,-2.961644777090289
1009,33.632996999999996,0.22874365082840936,0.25173480040760676,3.357984986311189,-2.7595695308665653
1010,33.666329999999995,0.23043158599532176,0.25386657562472054,0.8226850440961342,-2.7879837772037708
1011,33.699663,0.22446422499890636,0.2564953477242383,1.1965669678855695,-2.915551577134024
1012,33.732996,0.21819606899920188,0.2611954014570877,1.4150067687451426,-3.0152788317408796
1013,33.766329,0.22233131705711895,0.25342401381567886,1.011065165929099,-3.4192969605121144
1014,33.799662,0.20947999140651488,0.2570993013459649,0.7261673848464834,-3.9067958502976787
1015,33.832995,0.2044311288197994,0.23154689750372143,0.5036045084592227,-3.736717596657727
1016,33.866327999999996,0.21698478794909437,0.23374336720301536,3.4647344560862026,-3.49710907879239
1017,33.899661,0.20997145163817948,0.22734086752228028,3.24777731774994,-3.935820963517748
1018,33.932994,0.21198760608776454,0.23463215022793485,1.9640894156912871,-4.21510752695449
1019,33.966327,0.20173077462409203,0.22346018760698447,2.8473239440919773,-4.3845467618429685
1020,33.99966,0.2008758115975922,0.226029446544598,2.8297089453238664,-4.270506188098007
1021,34.032993,0.20194293738645472,0.23126094486339963,2.8675420523663457,-4.4362249529599165
1022,34.066326,0.2021675316823388,0.2331101017580065,1.5933904286671543,-4.474586063350305
1023,34.099658999999996,0.2054991184623572,0.2325167065990412,1.0301683210425678,-4.681486091334498
1024,34.132992,0.20514440515233173,0.22790379271106037,1.2532651054787076,-4.563302802244955
1025,34.166325,0.205336919676755,0.2358746005467971,0.07676196385710524,-4.891890447521135
1026,34.199658,0.21234341227408746,0.24740516764599887,1.0707057038650851,-4.467952666892783
1027,34.232991,0.21411479428186406,0.23399563086875153,2.264899364589141,-4.772669656115317
1028,34.266324,0.21793720164918712,0.22550288402743726,5.068797485337386,-4.387582172892802
1029,34.299656999999996,0.2126633145878903,0.23041946124968182,3.7479377867624093,-4.689289297899217
1030,34.332989999999995,0.20490075628531737,0.23335821675296842,2.755672762406375,-4.39025334495804
1031,34.366323,0.20643377816575015,0.22882198854515481,0.6526276420871345,-4.559779459216821
1032,34.399656,0.22120363726412356,0.22338511579396858,-0.8915906898045629,-4.8603223086682075
1033,34.432989,0.24391047475387215,0.22827288666638124,-0.01232575702732751,-5.685672101345049
1034,34.466322,0.26251617387658444,0.23108043783172824,0.9736372760688013,-6.4460196393562486
1035,34.499655,0.2568130824419061,0.2315477085166114,-3.8559362357070714,-7.4753107247805
1036,34.532987999999996,0.2441203317071187,0.22820565405308718,-8.65947208219034,-8.52469388653364
1037,34.566320999999995,0.19368507086884595,0.22922208426906426,-2.96200030561373,-8.989164528498994
1038,34.599654,0.17587175742060485,0.23975038930268874,1.7006456422225216,-8.953622124020452
1039,34.632987,0.1516981591460585,0.2174449060070343,5.6791629094291896,-8.60458899649362
1040,34.66632,0.12476697230424777,0.22072965382517945,9.463826462364658,-8.221926396016535
1041,34.699653,0.09465347106206252,0.24316998442129012,10.291671744602581,-8.202672736003388
1042,34.732986,0.06931109619817725,0.22732398856688707,13.046451524795984,-7.410312647665007
1043,34.766318999999996,0.06837262085821359,0.2443780312159065,12.895448023736202,-7.148618320404855
1044,34.799651999999995,0.06921764959761637,0.23862195511494266,10.88829256227901,-6.651013660972016
1045,34.832985,0.06979543416034896,0.2368261386595331,10.225557861945296,-6.119057704140708
1046,34.866318,0.07378078386042176,0.22112663128946097,10.17935205001678,-5.461361615351603
1047,34.899651,0.07430623697520493,0.2337348998045406,8.699699428282324,-5.3484997536220416
1048,34.932984,0.07255713936274458,0.22279082465074584,6.815257240303126,-5.098719462846347
1049,34.966317,0.07350949217322277,0.2282625031130809,4.324970373099906,-4.589205231698381
1050,34.999649999999995,0.08218836998519916,0.22665946354353508,3.6698148854904793,-4.264316150642533
1051,35.032983,0.12065179301602319,0.22238904571979234,3.127824006483692,-4.146224545490431
1052,35.066316,0.16323460031952197,0.199296753531232,3.8173419838657505,-3.9795420763629687
1053,35.099649,0.2083925786572863,0.20416639259220398,5.065360124027185,-3.9592198184261993
1054,35.132982,0.22344490029912364,0.2284485313859172,3.6850171331814274,-4.136746060168208
1055,35.166315,0.2326538152945655,0.22020369540059753,6.989474299401317,-3.711778834683404
1056,35.199647999999996,0.23185007126263688,0.22295501148072677,5.95350087493662,-3.7084880950234362
1057,35.232980999999995,0.23602133100368533,0.22302503885390668,5.661002012660723,-3.8061007854303375
1058,35.266314,0.23407205760561597,0.22553307972765466,4.461790389049659,-3.7096322459756865
1059,35.299647,0.23495413331565562,0.2177949344353852,6.607848196191986,-3.621234319059578
1060,35.33298,0.2346596861255495,0.23010731298950965,6.9104339297108845,-3.7217240269020166
1061,35.366313,0.23115770703882568,0.21695794105945343,7.908937493990063,-3.8152352082282364
1062,35.399646,0.23848990636665643,0.2076978477213321,7.623848784631803,-3.822683211403507
1063,35.432978999999996,0.23461440601880823,0.2254824689619105,7.010413686946154,-4.249870213154178
1064,35.466311999999995,0.23478444177956437,0.2042693481021846,6.833033886485229,-4.203285151944925
1065,35.499645,0.2330704011501453,0.2177391838064925,6.9650981453706775,-4.65261182606687
1066,35.532978,0.23348992029056717,0.20427505804832854,7.580719879893214,-4.883181824226912
1067,35.566311,0.23461999014399348,0.2114615790064921,8.8699509927082,-5.097744696532412
1068,35.599644,0.23315313242388394,0.19746643828475752,8.636891858155163,-5.232837559756563
1069,35.632977,0.23375478673048197,0.20959774111136178,8.769972381268312,-5.421641652473613
1070,35.666309999999996,0.235418237905831,0.2055504189046333,9.040105043599661,-5.468630352827945
1071,35.699642999999995,0.23575858242888828,0.2082926042246842,8.244784687340609,-5.406647985260748
1072,35.732976,0.23603652812954826,0.19796422815361278,7.146784462952261,-5.691357125537851
1073,35.766309,0.22941204233763451,0.20489868571217165,7.087279649690227,-5.540492979629108
1074,35.799642,0.2272467913161012,0.21446749422163586,6.062538052108256,-5.503040554772181
1075,35.832975,0.2306734473301758,0.2205677100538362,8.14935283370536,-5.717103289049551
1076,35.866308,0.2284233616780627,0.2079167845921916,7.068158812190464,-5.661783923253213
1077,35.899640999999995,0.22147904882646663,0.21724648052724332,7.698815633320778,-5.75363976646907
1078,35.932974,0.22057301449898145,0.21943721327824595,7.081807197443846,-5.869212592742489
1079,35.966307,0.21323236672077242,0.21223221916143487,5.896395649819186,-5.7504134472437665
1080,35.99964,0.20295095192496498,0.2152288637377251,3.9150198766046307,-5.882876680891563
1081,36.032973,0.21256920884278863,0.21629118151318139,4.617107372693021,-5.550562656775304
1082,36.066306,0.2050335861314252,0.21979516287751888,5.992523371818401,-5.605766795998542
1083,36.099638999999996,0.21878998070007413,0.23307661308618804,7.8163184345387995,-5.571185647425152
1084,36.132971999999995,0.2204852111231641,0.22222252769981332,9.365681724417906,-5.708471199442885
1085,36.166305,0.22649057258311342,0.21595040905222634,12.073905031074705,-5.253985825406116
1086,36.199638,0.23537756022455641,0.2176908056938951,12.059008510680476,-5.418834649473032
1087,36.232971,0.2460099271254562,0.23186550310908194,13.238616435107128,-5.737016922333008
1088,36.266304,0.2503252585943361,0.2123535990123252,12.207847065207094,-5.58215941616992
1089,36.299637,0.2430170435291878,0.20226491607054514,11.011209923555121,-5.3960671785744765
1090,36.332969999999996,0.24247356901685338,0.22937865323909168,7.4190787307665005,-5.562122914504674
1091,36.366302999999995,0.220154304656416,0.20779684889124617,8.867393211907373,-5.827774850248305
1092,36.399636,0.22385554876450164,0.22023395353907743,9.181069920509886,-5.873432415387377
1093,36.432969,0.22893141358878477,0.23013085794082605,9.861728327673605,-5.981071393794191
1094,36.466302,0.2242421370374348,0.2043870616708567,11.209957165440514,-6.413289449935741
1095,36.499635,0.2238534263502115,0.20367516496094326,9.640224922382671,-6.886801289103259
1096,36.532968,0.22433195009268325,0.2066620796740421,9.365123973588732,-7.26859554789616
1097,36.566300999999996,0.22890274655584503,0.20317443502677612,9.298788692938949,-7.300202151264965
1098,36.599633999999995,0.2273910376618181,0.2045968669503268,10.632397761605398,-7.264348365664418
1099,36.632967,0.22105665917552947,0.19900214574008473,11.808554763126011,-7.287975878595428
1100,36.6663,0.2231774078273727,0.1958636419834925,10.380168155255932,-7.140760684917816
1101,36.699633,0.21795794539716862,0.19965830261424555,11.371098598860291,-7.154660940985725
1102,36.732966,0.22501741262537472,0.19323893126976982,9.498667536174562,-7.077692526654181
1103,36.766299,0.22537102215622246,0.19616657775394902,9.756333909275034,-6.978817083767714
1104,36.799631999999995,0.22870299195746394,0.20974845055150615,11.316635814312187,-6.900385584132375
1105,36.832965,0.22533912569257022,0.21587039094109428,9.461786917704913,-7.271691624849047
1106,36.866298,0.22490871159127213,0.20950189663494417,8.352036258096817,-7.007130983102077
1107,36.899631,0.21828776153922985,0.20659865769862457,6.941484325876758,-6.934684804933904
1108,36.932964,0.21563327924654674,0.20334439332674403,8.872881321298655,-6.442206661760656
1109,36.966297,0.2116683004431937,0.21308925072624926,9.564600778714212,-6.276316321896292
1110,36.999629999999996,0.21217864145602258,0.21795097880624079,8.734858485964047,-6.044619317437852
1111,37.032962999999995,0.21225998871531584,0.21044692188481678,7.474220596125456,-5.815295154431874
1112,37.066296,0.2062087127984006,0.2101375784618223,6.1302355321134065,-5.679079925088568
1113,37.099629,0.20620047094318691,0.2095506512627378,4.690045891976919,-5.3922632572266425
1114,37.132962,0.20176661068637547,0.22652566350404751,3.687485067533158,-5.551576137544723
1115,37.166295,0.2005703020696862,0.2327404434352635,4.527218250081652,-4.997261383976729
1116,37.199628,0.19041011365908633,0.24081317790431445,3.215478265851512,-4.9353162093115275
1117,37.232960999999996,0.18436227653857373,0.23689162452574147,3.46510009431631,-4.707722909523046
1118,37.266293999999995,0.18930520876486462,0.2342417888365338,4.246999974574716,-4.87017437760273
1119,37.299627,0.19591839429194224,0.2349803368168424,3.401110877297161,-4.685970246165884
1120,37.33296,0.20133585771389848,0.2407700280022888,4.157973346302535,-4.793804185042762
1121,37.366293,0.1986065584210676,0.23078034954793994,5.133469682279966,-4.887597884996229
1122,37.399626,0.2030326456520319,0.23375281847705043,2.9618078156759844,-4.699949883831436
1123,37.432959,0.20535649345311105,0.22523158298246038,4.217869274166531,-4.593810272748553
1124,37.466291999999996,0.22147717585370402,0.22744085120929358,5.410489312879113,-4.86018513316517
1125,37.499624999999995,0.24570608375030334,0.21864793528754778,10.362005613413961,-5.201957204329244
1126,37.532958,0.26731148661740695,0.21167509009893987,11.99956147412039,-5.537117657520954
1127,37.566291,0.3193432025894243,0.23345468331329067,14.31422877946378,-5.072095715135772
1128,37.599624,0.27457080639199455,0.2058479387930361,15.567686897042964,-5.016468396018652
1129,37.632957,0.229984360425532,0.21227102992418168,10.79997598604678,-5.232433316464342
1130,37.66629,0.16961832026199636,0.21408229235746884,6.3263415444292646,-5.2964269535711495
1131,37.699622999999995,0.1603475632642645,0.22331437746794436,5.385250141140017,-4.97922464721283
1132,37.732956,0.13972627423436942,0.23066937260488615,4.716148072549312,-4.831250870525289
1133,37.766289,0.13132517628416412,0.21417018033713303,6.615775624574535,-4.673242128334102
1134,37.799622,0.12609512262843692,0.20377820910562555,6.53399247809395,-4.63515231499324
1135,37.832955,0.134220102608369,0.209990111748997,6.021732257162105,-4.570958723633764
1136,37.866288,0.15056527396010227,0.20736882238793225,5.2733911966439155,-4.592839385507009
1137,37.899620999999996,0.20613473744839347,0.22914881850229712,7.366336286756774,-4.39335659173395
1138,37.932953999999995,0.2237435523303089,0.21556838335289596,9.796112020117345,-4.846247574139002
1139,37.966287,0.24561774772282724,0.21121258021696532,11.043004824278798,-5.054708632109702
1140,37.99962,0.2685652473105287,0.22732192671309992,13.978801576382596,-4.66878062171446
1141,38.032953,0.3083622328040729,0.20603187417177565,17.968864974012078,-5.160378252135967
1142,38.066286,0.3252082229924671,0.07698448810306463,14.516125533908566,-5.235158454857652
1143,38.099619,0.3441464672385541,0.0377631221898891,15.5580494194238,-4.817541305443913
1144,38.132951999999996,0.36516134775025,0.04215021931167196,15.256504765808366,-4.648251372792367
1145,38.166284999999995,0.3999711468742309,0.05198787539365027,18.060638224334017,-4.412741201580251
1146,38.199618,0.4016575309980884,0.04481024011625538,17.361369149389528,-4.398343777862183
1147,38.232951,0.4042294756565218,0.04138125507243017,15.4725970117225,-4.50695002492556
1148,38.266284,0.3905512494419007,0.048305820284746934,14.71922847026806,-4.501078477369924
1149,38.299617,0.39236678164518496,0.04707209766637756,14.336445914157782,-4.1219354584543275
1150,38.33295,0.4176255222055602,0.04184546434453064,16.316686505116333,-4.227638066151019
1151,38.366282999999996,0.4094992075511202,0.07208929317427115,13.90209383349178,-4.178805490414949
1152,38.399615999999995,0.41394381128170626,0.0820452847268429,14.564095121033214,-4.193575812697029
1153,38.432949,0.43342224440660476,0.09355603506174429,14.3344118007463,-3.8445128224562204
1154,38.466282,0.43541428901112594,0.1028837277561824,15.973380768524319,-4.148346232073203
1155,38.499615,0.4468716440819935,0.1284364335757987,17.755453715612052,-3.774451535820573
1156,38.532948,0.46687003295325036,0.14007487572906746,18.358840945089927,-4.154342692372737
1157,38.566281,0.4605941151706399,0.13351509279823598,16.31333192924665,-3.934439021500263
1158,38.599613999999995,0.45449881271298737,0.13957578429794965,18.379037257288804,-4.151242818978955
1159,38.632947,0.46138733363231926,0.14364513404807405,16.90253710992774,-4.048989107845801
1160,38.66628,0.46751477871309294,0.15195292466367027,16.4254700484215,-4.03434629492454
1161,38.699613,0.46853828170556494,0.15573495978655746,17.404746456752573,-3.9910454112940967
1162,38.732946,0.4773858933115341,0.14978972234555277,18.621935931480525,-3.8457818418406924
1163,38.766279,0.4640315589988187,0.16919124275007077,20.368537132233172,-3.2686307944223327
1164,38.799611999999996,0.4723053871888774,0.21076837384122732,16.87879990516285,-3.7162468293029964
1165,38.832944999999995,0.46278249188292003,0.17967402937853066,20.346860865510493,-3.9057562847971363
1166,38.866278,0.4762096085275265,0.20266857539669936,18.284770601301833,-3.909919021493656
1167,38.899611,0.47615978111361856,0.19011457870297926,18.489323003192432,-4.021630395256479
1168,38.932944,0.48897115624618875,0.18436618752196696,17.711176557256675,-4.378078532130591
1169,38.966277,0.4851775191229901,0.1889463377566944,19.85734195854903,-4.6580287597234085
1170,38.99961,0.5031775012803961,0.19799871739906522,17.961620070779304,-4.683112814720132
1171,39.032942999999996,0.498562525170986,0.18139213462909792,17.137536595254943,-5.135638244872707
1172,39.066275999999995,0.5008552137998501,0.20086358119834663,16.85141458115636,-5.386715748450468
1173,39.099609,0.5059173220954917,0.20443979233974152,15.821178096229438,-5.46876614068517
1174,39.132942,0.5130817231787917,0.19759129430889838,17.452118089300217,-5.631796191904035
1175,39.166275,0.513573731092984,0.20429165576123742,18.437374713196142,-5.3718846344098266
1176,39.199608,0.517272280070908,0.19085043002844762,19.24803314025865,-5.425238626281814
1177,39.232941,0.5251219931342517,0.2073127801098123,19.248716426521156,-5.36824625216216
1178,39.266273999999996,0.5100421923997365,0.20820967717253613,20.213002202710605,-5.543290382076763
1179,39.299606999999995,0.5397266862998799,0.19690292156634182,19.11027327647078,-5.194452352403064
1180,39.33294,0.501889716333419,0.1998078335577712,19.53389776649339,-5.521457712923512
1181,39.366273,0.527966505099644,0.18766235605033704,19.277169929861692,-5.06358073848689
1182,39.399606,0.5157100989870159,0.1983049503394032,19.616200074418423,-5.008162129527642
1183,39.432939,0.5264687614339333,0.2085175556510668,19.539563426598086,-4.786853533928572
1184,39.466272,0.5001283693140283,0.2184326920626083,18.546840748464938,-4.795053473850376
1185,39.499604999999995,0.49834376298353017,0.2137794923022071,20.151554798370817,-4.867797221131558
1186,39.532938,0.5118497306215012,0.191151732284234,18.16909318051404,-5.025455594284764
1187,39.566271,0.49707974206337013,0.19040338897021528,18.999607144766703,-5.1217538023774685
1188,39.599604,0.5108511556465949,0.1911102564203151,10.35350227372506,-4.750287594837647
1189,39.632937,0.5065411032670548,0.16578108237834835,15.19121567554147,-4.560686179961003
1190,39.66627,0.5195535189314702,0.17622954787749862,17.612205576537363,-3.737875682249433
1191,39.699602999999996,0.48892570190272605,0.13087390791207862,15.562034791529,-3.8804922354925075
1192,39.732935999999995,0.5026981777559156,0.149683194996677,17.8825762026507,-3.6556627739583707
1193,39.766269,0.4887759175956247,0.06315147944445663,14.531353932413744,-4.426550843495778
1194,39.799602,0.4916474062475651,0.042728793199417504,16.573160130313937,-3.9062650783470176
1195,39.832935,0.485469287713504,0.10073530120154012,15.829458334350019,-4.186528927288655
1196,39.866268,0.4796152474777954,0.06580787811308636,16.36814391021836,-4.400379999755703
1197,39.899601,0.47637229174760887,0.08201689661783276,15.86295413222079,-3.943627665342471
1198,39.932933999999996,0.4620143959914998,0.06222244971097974,14.59386120876434,-4.4966584645981875
1199,39.966266999999995,0.46040951178139966,0.07944671234566601,15.829167120192114,-4.534243648223851
1200,39.9996,0.439136095770216,0.053559446952727345,15.866995562743083,-4.904170988341103
1201,40.032933,0.4277144017806319,0.07582156243559515,15.689510313265938,-4.867976329381562
1202,40.066266,0.4322419864139632,0.06832989059264453,12.885219987397214,-5.347760115202088
1203,40.099599,0.4216868512458738,0.08523886652720226,14.768559479730088,-5.634046300530665
1204,40.132932,0.4343635765433098,0.06908981983365088,15.044473033361626,-5.826568367759516
1205,40.166264999999996,0.43148890834121856,0.06369599989181349,16.121761906343377,-6.190402832749091
1206,40.199597999999995,0.43685458057895094,0.06947007430020787,16.611254236734577,-5.97861938558374
1207,40.232931,0.4467707198100699,0.06504782033894935,15.9434833986658,-6.915704127645262
1208,40.266264,0.4609211767634615,0.07406090108275726,14.228300761476435,-7.057200780152797
1209,40.299597,0.45551574825316443,0.043329924555647645,17.960144870152458,-6.781749003244143
1210,40.33293,0.45020134404779955,0.03562125602491993,15.895740369267573,-6.7425063176226985
1211,40.366263,0.45388927028593307,0.045994195427890974,17.72518295285403,-6.833443398581949
1212,40.399595999999995,0.44057154010487753,0.07267053382052893,14.702271567668634,-7.014178302367777
1213,40.432929,0.42520811274509457,0.10765962800069327,16.564902571554338,-7.111429457644557
1214,40.466262,0.4197182827383434,0.11122764632814501,13.44369417120913,-6.882737304001837
1215,40.499595,0.40802485136853744,0.14983024530425193,14.171617445195455,-5.850876102397615
1216,40.532928,0.393584356357914,0.1756219036247529,14.982364553350973,-5.897403862655747
1217,40.566261,0.38089129556851625,0.1782303249561177,16.776162998854254,-5.92532794912129
1218,40.599593999999996,0.3583828257122754,0.19623006700914697,17.516997339134175,-6.2930810469503005
1219,40.632926999999995,0.3524319895430996,0.22108242207966372,16.92314957656262,-6.209861744051948
1220,40.66626,0.34609110388148084,0.22880751493394097,16.34119268413929,-6.471179207781682
1221,40.699593,0.3559948624380996,0.21282574599120904,16.95184353370461,-6.2521724814152515
1222,40.732926,0.33924221906004376,0.2297357936830505,16.521488010502217,-6.12272944905755
1223,40.766259,0.3355371433240194,0.23342267639077563,16.310199868599376,-5.931336323756279
1224,40.799592,0.3255700860341809,0.22395682554346968,11.412234881727713,-6.234352043310846
1225,40.832924999999996,0.2762687820370042,0.23009708406118756,11.39879365924598,-5.8740997013125895
1226,40.866257999999995,0.25906138246463095,0.20786370653768443,8.580531277195258,-5.9852335950277995
1227,40.899591,0.2420367321074585,0.2225178436535486,6.296855622530901,-5.917585522286979
1228,40.932924,0.2360616397904324,0.2331903051758364,6.863578888834186,-5.644089528733944
1229,40.966257,0.2304015677951811,0.23929692308016048,3.243523216879783,-5.544386769669334
1230,40.99959,0.23133046696905352,0.22284130100284671,1.598280305234117,-5.434700185030105
1231,41.032923,0.22497317173132683,0.21446910008767606,1.1696404149336894,-5.642593705974415
1232,41.066255999999996,0.21872180080987408,0.21811912652863513,-0.07345501371041949,-6.142313457050607
1233,41.099588999999995,0.22144884015314165,0.21059730334579016,-1.9757454136442094,-6.572114771397766
1234,41.132922,0.20617203662598493,0.21113093167248675,-2.5455149094266716,-6.889691101231728
1235,41.166255,0.2028197364932656,0.23716826719064008,-4.270308338313622,-7.112883772126367
1236,41.199588,0.18713167728677416,0.24923848489160666,-3.122650223965373,-7.231404393842425
1237,41.232921,0.18054728962630928,0.2479900680396616,-0.4620801128392973,-7.037577660770295
1238,41.266253999999996,0.18359714178435674,0.24692465785160295,-1.959869476182364,-6.979884726578022
1239,41.299586999999995,0.18089328367742225,0.24194005878288577,0.19811566040934875,-6.581887436311688
1240,41.33292,0.17871206236912401,0.2149594891174022,0.8082890118859865,-6.035995130471286
1241,41.366253,0.19119820597503978,0.2063547466226542,-0.45232371659098664,-5.598626705061104
1242,41.399586,0.18647362722518726,0.20710796831732714,-3.370886799984658,-5.201224425371451
1243,41.432919,0.18604054763580763,0.19391421526002622,-1.1299268428281006,-4.7306934052310945
1244,41.466252,0.18620372434757806,0.20679509254902406,-1.6555483180845938,-4.905869978507808
1245,41.499584999999996,0.18589492185800233,0.2144807615938107,-1.4459208337823035,-4.404718207082381
1246,41.532917999999995,0.170468087989039,0.2053697423570252,-0.6450303519925773,-4.775052953367651
1247,41.566251,0.1701378664838117,0.2273166393886502,-2.910641795466255,-5.199852429665507
1248,41.599584,0.16455732436197348,0.23472118018941024,-3.409828726357502,-5.294117153307186
1249,41.632917,0.16882232367672043,0.21708913927727985,-2.033412951837896,-5.355708014693307
1250,41.66625,0.16026193000527533,0.22318311177857764,-2.3994760498328853,-5.235245483433691
1251,41.699583,0.1650873553773617,0.24340609512238903,-2.243351145793032,-5.267377573709307
1252,41.732915999999996,0.16181884575359093,0.23054949808600264,-2.3974258781156528,-5.025739245183051
1253,41.766248999999995,0.16543706799719257,0.2179194962691124,0.18051948717550653,-5.145289824355146
1254,41.799582,0.1633698595812683,0.2335679454630512,-0.45948981093188307,-5.2734227910672455
1255,41.832915,0.15534570348257057,0.22423645374371143,-0.02939618358304757,-5.3384300825587765
1256,41.866248,0.14244624012370527,0.24188622358948866,-1.8924912088134096,-5.213243737338746
1257,41.899581,0.12085587875000449,0.23147007229737765,-0.5341330088409528,-5.266008480832014
1258,41.932914,0.09488307313907327,0.2450221837943206,-3.2121901973218527,-4.77205197846364
1259,41.966246999999996,0.06964444176637054,0.21244868202875772,3.136266292972568,-5.074082698543924
1260,41.999579999999995,0.0652079083848583,0.22941425145987931,-0.4053524758088351,-4.814874003903848
1261,42.032913,0.06387198730816397,0.23095957489522986,-2.713518016639903,-4.854998877292409
1262,42.066246,0.06671551306324353,0.2138108924138738,-0.7799533941552924,-4.599762998393278
1263,42.099579,0.06567118640889238,0.23460066829422827,1.2913475615633838,-4.553850120464716
1264,42.132912,0.06627388319007448,0.26108899100956,-1.9722352308720568,-4.6744077986017665
1265,42.166244999999996,0.06759824267099912,0.23818418573058658,1.964698208937311,-4.294966303960425
1266,42.199577999999995,0.06610288421145818,0.24665543666744194,-3.3395993266772064,-4.572636054417634
1267,42.232910999999994,0.06882155024880542,0.23312798005391183,-3.4268769941832304,-4.262208907481835
1268,42.266244,0.07069555915897444,0.21047037851762176,-6.049979603172019,-4.325167473960165
1269,42.299577,0.0713386807271759,0.1621204729358804,-3.9516815393123252,-4.176651012216909
1270,42.33291,0.07121710135550911,0.10181071570682475,-0.585490894979416,-3.915116078799914
1271,42.366243,0.07036265849605425,0.1077898613804257,-2.2490960512077645,-3.9554460443321044
1272,42.399575999999996,0.07178470322889953,0.1256772810309624,-1.0654466343813307,-3.877490537953174
1273,42.432908999999995,0.07229032429339681,0.19199485143060568,-2.9580458557113487,-4.261070742602319
1274,42.466242,0.06962329115062313,0.2027946986534931,-2.253338721826121,-4.0437367906172925
1275,42.499575,0.06967045738430762,0.21661617030417651,-0.5875101090426402,-4.171939789941118
1276,42.532908,0.06830271930255905,0.25209898236158995,-0.04131660170497155,-4.521809476498658
1277,42.566241,0.06858042097277244,0.24934804331037752,2.286967285060967,-4.323485273925347
1278,42.599574,0.06667360542810057,0.25883923334731185,-1.3479052868564412,-4.170116856814072
1279,42.632906999999996,0.06671554322862255,0.25167159796982186,-1.4891970688691036,-4.35870838324213
1280,42.666239999999995,0.06630570381199966,0.26716032104782017,-5.632772493735455,-4.681763304813341
1281,42.699573,0.06748274988840548,0.24255953803516728,-2.9857827439679143,-4.246428305196913
1282,42.732906,0.06691837907801856,0.26454672263336376,-6.681331206719831,-4.368519794851455
1283,42.766239,0.06765198371906063,0.2705983419583534,-2.759365698804856,-4.228704114631315
1284,42.799572,0.0673943387351137,0.25799370759457463,-4.150954228181305,-4.2155951925406985
1285,42.832905,0.06852779616786137,0.24499226008988217,-2.309008524600079,-3.6209090718046566
1286,42.866237999999996,0.06885243722800233,0.2522975894669032,-4.450901437303355,-4.110634535602744
1287,42.899570999999995,0.0704795558080691,0.24602208996431627,-4.761504665129507,-3.8349445473962045
1288,42.932904,0.06879120862214547,0.24201493519677791,-4.251591097718317,-3.8366180614124397
1289,42.966237,0.06931710180307031,0.24278613163028556,-4.234781637618319,-3.9636951346392935
1290,42.99957,0.06963505982867417,0.23359903646131092,-2.3680492109856766,-3.659957609220816
1291,43.032903,0.06999623917084657,0.23408793702185032,-2.0647594105014795,-3.72156555126451
1292,43.066235999999996,0.0704222096707551,0.23982623700383973,-1.7789829811590867,-3.808695045394654
1293,43.099568999999995,0.07010812673880917,0.24296224611241418,-1.8622344099766392,-3.823102943385435
1294,43.132901999999994,0.07051824123152027,0.23759362170855847,-3.9318924371605433,-3.8714951888407647
1295,43.166235,0.07086035810678978,0.2363487243244684,-2.0363882315124724,-3.9981452132285353
1296,43.199568,0.06991142247483204,0.24517564924370086,-2.646351103995832,-3.9575790806596842
1297,43.232901,0.06813726162120798,0.24890998247589152,-2.89474323349675,-4.524532164535411
1298,43.266234,0.06784285114126772,0.26531992193932064,-1.780681832727352,-4.707830194882578
1299,43.299566999999996,0.0666436966895198,0.24738082485931018,0.5066860443184134,-4.988713328372212
1300,43.332899999999995,0.06743968748333341,0.24566314360127156,2.3756784221495293,-5.357793018289705
1301,43.366233,0.06719334872980788,0.22181831231908,4.664122984604163,-5.470365870719865
1302,43.399566,0.0680726601849784,0.2336046494676855,3.776277418202271,-5.944738877103576
1303,43.432899,0.06602865192918982,0.2433679383122095,3.207848753291958,-6.434774079322646
1304,43.466232,0.06427573475977068,0.24850937775919113,1.8175834857348652,-6.723919966188764
1305,43.499565,0.06632682653534783,0.24056495766493574,3.072147174579849,-6.858519977100076
1306,43.532897999999996,0.06702793644703339,0.2360611844028062,2.2182202447667394,-6.945805656596428
1307,43.566230999999995,0.06509128153640326,0.23792137142919206,2.543609543214138,-6.967229701426665
1308,43.599564,0.06540217448498516,0.24970475331124706,1.9855310756377849,-7.133114261494414
1309,43.632897,0.0638908206783638,0.2564545058189529,3.291834813613732,-6.837470019665488
1310,43.66623,0.06498869871557585,0.25659502359839537,2.2418507877091063,-7.061866217685103
1311,43.699563,0.06466620882640936,0.2559242524623983,3.2386980109365533,-6.565685973200066
1312,43.732896,0.06414665345564527,0.2534085481139783,4.6356026730372,-6.570503852815012
1313,43.766228999999996,0.06404455176489672,0.26402247556518055,3.613270571549835,-6.270743303356137
1314,43.799561999999995,0.06564957007720426,0.2526490323178119,2.6173640338471906,-5.958395502352159
1315,43.832895,0.06501943229129543,0.2547935729306422,1.7918955168805755,-5.551461639995211
1316,43.866228,0.06494718918023411,0.24194140497858088,2.7296528502082222,-5.044016429354521
1317,43.899561,0.06632258111631942,0.24106033339144334,1.0054408335255516,-4.617337295024231
1318,43.932894,0.06679366486636629,0.22758848329036951,-3.355393193785144,-4.069605160213606
1319,43.966226999999996,0.06925350218149139,0.2224848487634109,-2.4851005434085494,-3.599199226759558
1320,43.999559999999995,0.0720584150372073,0.22133195899449282,-1.6250439636007616,-2.568434585721343
1321,44.032892999999994,0.07155218175241072,0.20560872726126078,1.3681798092750714,-1.8863100453826918
1322,44.066226,0.0676805732273475,0.1965230884417894,0.23628979979221856,-1.1419421009989505
1323,44.099559,0.06967037085337127,0.2069689308371772,0.4407544413762107,-0.672320081144743
1324,44.132892,0.0674007509371226,0.2344505582202887,1.6769263116108544,-0.2113900214947975
1325,44.166225,0.06738876393625576,0.2301478428147838,0.4810391199234271,-0.10501480086959344
1326,44.199557999999996,0.09519527776408997,0.22934610482324586,2.5494332578935515,-0.38046820317303864
1327,44.232890999999995,0.1521202021075387,0.18872413788778858,1.4301175573961116,-0.8304321855844762
1328,44.266224,0.1868967228094403,0.20821134851938972,2.0545264548784385,-1.7713117375965552
1329,44.299557,0.23279325788177366,0.2021709217771643,1.407193518666075,-2.4390186909736142
1330,44.33289,0.23026619634027135,0.2115392592681355,1.9835298521832134,-2.740428722384792
1331,44.366223,0.2287837400744804,0.17687141634310083,5.347448251740215,-3.345188681695457
1332,44.399556,0.22558393189294962,0.19152504287174948,4.154101148302863,-3.8766659588740677
1333,44.432888999999996,0.22429436405664854,0.19264528798922897,5.346637191802195,-4.970509644541696
1334,44.466221999999995,0.22182136138255096,0.17102527885848046,4.114944357049614,-5.7086373163930215
1335,44.499555,0.2169662820115916,0.1870155704122731,0.6646059591664238,-6.20361656361092
1336,44.532888,0.21755797614823422,0.19604758457500168,0.35793252085655103,-6.250259573848953
1337,44.566221,0.20811292294113498,0.19906328707750504,-0.38048360089097494,-6.064561311811889
1338,44.599554,0.20740118762920495,0.1884769728126574,1.4968031881103465,-5.6337405796214775
1339,44.632887,0.1963685370811222,0.2177749464117878,-1.3593607393770097,-5.234891026657707
1340,44.666219999999996,0.17213587628705582,0.22560365580091823,-2.357785100513342,-4.5813281339198815
1341,44.699552999999995,0.15204872832140517,0.21368946138753625,-6.851522431976359,-3.9023967743824155
1342,44.732886,0.12614381380787124,0.19031307486240284,-2.385214656803417,-3.4582631472132372
1343,44.766219,0.0692734508056417,0.22675131506574042,-3.9004895583769175,-3.2769239233915077
1344,44.799552,0.07161997239664546,0.1636631935571367,-8.72807586505395,-2.6112909562494955
1345,44.832885,0.07118982982176131,0.15181071984323563,-8.077373147806625,-2.992647092497765
1346,44.866217999999996,0.07210196867464681,0.18321876222125633,-8.215614073602353,-2.6471282267395035
1347,44.899550999999995,0.0697319472009163,0.18480270458142795,-8.390909729888817,-1.8568795058467904
1348,44.932883999999994,0.07041041066325829,0.2013184854310374,-13.095866516669645,-1.9065855245226975
1349,44.966217,0.07132543204468257,0.20681996038612172,-10.789815651268551,-1.035633853543327
1350,44.99955,0.0724510436252105,0.18841970756077145,-13.58569349552686,-1.4670352988414375
1351,45.032883,0.07188788475332808,0.21490959028807638,-14.90181582956293,-1.5819950922420611
1352,45.066216,0.07122608301601875,0.21730688455238528,-13.042899447566581,-1.4939006033388416
1353,45.099548999999996,0.07338305423812495,0.22884430510302478,-13.601023057216867,-1.3794381818725492
1354,45.132881999999995,0.07092362943250172,0.22569515013030514,-12.359398193676606,-1.7301747896863495
1355,45.166215,0.07326420779927813,0.2246822774713149,-9.234663494191977,-1.7462479189019458
1356,45.199548,0.07179429371882216,0.21633026773920486,-4.542356377158836,-2.0663864453111533
1357,45.232881,0.07089329891048941,0.21617408328365673,-2.4597620440073524,-2.7178039048299576
1358,45.266214,0.0707990621794825,0.23425652339881814,-2.7561068588767577,-3.0811915444065576
1359,45.299547,0.06939576746802845,0.21503156220058195,2.2474709733754787,-3.0955793865260706
1360,45.332879999999996,0.06933247423173057,0.20715114540685325,4.520847114911205,-3.367877207795375
1361,45.366212999999995,0.06931889585896647,0.22284169122063657,3.7675658026933325,-4.184952990204202
1362,45.399546,0.06730353540544584,0.22261817305320242,6.628706863281747,-3.9129564427108043
1363,45.432879,0.0673293524053969,0.20889490460385912,7.639161880095202,-4.005266669606872
1364,45.466212,0.06698202163955534,0.18544716605019562,7.180637959351454,-4.566432773780537
1365,45.499545,0.06579440902388983,0.18612034097076358,7.228236119933724,-4.495717769982739
1366,45.532878,0.06748197213590666,0.1818732785062253,8.072150012187992,-4.741815684853599
1367,45.566210999999996,0.06706740605652516,0.19619143986565296,8.157900688170795,-4.793859475550075
1368,45.599543999999995,0.07993896805532322,0.19202295759810567,7.917407342176039,-4.869961455762242
1369,45.632877,0.09471556678933135,0.20677182659829743,6.3210404084349765,-5.0228783719969705
1370,45.66621,0.10372114605409033,0.19710048116935103,7.601209612437928,-4.894902391894929
1371,45.699543,0.10630572742502051,0.19677110462749986,6.8562046439831095,-4.784016951679515
1372,45.732876,0.10718339548608298,0.20837934708229794,6.469461934107985,-4.252024284983814
1373,45.766208999999996,0.10700847495054801,0.20999221786330596,6.295529662766306,-4.152109008931186
1374,45.799541999999995,0.11103481691058367,0.22073397338980422,4.516192884504477,-4.1089418697419235
1375,45.832874999999994,0.11313065408490526,0.20076944597573976,2.3999231406673407,-3.4323422518141378
1376,45.866208,0.12606375179478624,0.18981034992005863,2.499764301367994,-2.7930752109368484
1377,45.899541,0.13765387142938842,0.19225417801621608,-0.09381413327264572,-2.515515960638093
1378,45.932874,0.14023046144267012,0.2147573260660753,-0.026760128403050545,-2.363998014598407
1379,45.966207,0.14651596666268482,0.20663227064795658,0.7912306314915311,-2.122765132778688
1380,45.999539999999996,0.130648180678899,0.20243529761704226,3.408047073278654,-1.4546227272391183
1381,46.032872999999995,0.14745492728599077,0.22295400837873225,3.3797405146551,-1.4025075328343684
1382,46.066206,0.15250084258131472,0.20219734513492837,2.557889586900327,-0.8948113923968825
1383,46.099539,0.18185843182320005,0.16796719230820426,0.021858854204043397,-1.1087165027715205
1384,46.132872,0.2003432994875588,0.11435986889072235,-2.047853108569722,-0.7808091021380668
1385,46.166205,0.2374458629998668,0.1470466038933212,4.868789225488959,-1.1348279841745694
1386,46.199538,0.2796209945091416,0.13525633248458738,3.4234051997620134,-1.2147441996122301
1387,46.232870999999996,0.3104454516147623,0.09260162592787587,2.6967547264282192,-0.9568628358157902
1388,46.266203999999995,0.34378719388384066,0.07949262874235051,3.1062972123679757,-1.0267003229547305
1389,46.299537,0.3558262033138097,0.07457781663562571,5.225545628400661,-2.1557753777199924
1390,46.33287,0.36926009939504884,0.06850051301592044,3.903556442170376,-2.075480884825178
1391,46.366203,0.35576729242350325,0.05902749327361786,6.732556693128005,-2.9955185270790845
1392,46.399536,0.3491402628980369,0.06680864082329754,9.794392819310278,-3.04432595503123
1393,46.432869,0.35185483606427703,0.0968947019439961,5.19608399110091,-3.26644579591241
1394,46.466201999999996,0.34501979721772646,0.0800981215109961,7.909723157132279,-2.754564190175216
1395,46.499534999999995,0.33206547684568893,0.09856002311226617,3.8204498947506167,-2.1115825743853742
1396,46.532868,0.3274562313991715,0.11619917976380245,7.653780355928677,-2.0975669949675555
1397,46.566201,0.3102876539721725,0.1165050065725178,5.70243505737078,-2.004158510341578
1398,46.599534,0.3121171787302917,0.10599213655751397,4.725988925300939,-1.637528204820234
1399,46.632867,0.3070696818653843,0.11003397561516767,9.44049684900538,-1.2801703399244193
1400,46.666199999999996,0.30630136453689727,0.11554654549167284,8.236643080920679,-1.383273548316552
1401,46.699532999999995,0.31025534591764437,0.09925737030754742,8.507672198867239,-0.46077028821025307
1402,46.732865999999994,0.30357748986584254,0.1009491118080977,7.448846843766733,-0.09276642075567315
1403,46.766199,0.29136509349611744,0.11776874748372494,6.975883543310072,-0.001529709365593345
1404,46.799532,0.2908466135186986,0.12271184809344526,7.6087674094859965,0.19585344794991688
1405,46.832865,0.27705591759818593,0.14726430245602812,5.387559553373304,0.25177484660383015
1406,46.866198,0.27999532019367657,0.14879895079582,5.286799826951466,0.5158342919916014
1407,46.899530999999996,0.29312907872828303,0.14957457211998992,5.229816888620071,0.5428189455918003
1408,46.932863999999995,0.2902775313329717,0.13385459634104996,5.0716788697624136,1.0726858840345723
1409,46.966197,0.2855820039674344,0.14411214451735874,4.004795695528056,1.7152557938004078
1410,46.99953,0.2819607049569757,0.15313500990903073,1.329393748895964,2.356409898174962
1411,47.032863,0.2808161799953883,0.14766565109582147,2.747809820743579,2.5152943207936738
1412,47.066196,0.28374465518052533,0.15690036941183455,5.138853658027582,2.7766299416302833
1413,47.099529,0.28060740874648005,0.1423519362991195,2.9172765416534,2.892502777759314
1414,47.132861999999996,0.2781027189966039,0.16201250163756828,3.5204398334749807,2.495329893048705
1415,47.166194999999995,0.27600109978734483,0.15801123808080625,1.8956649975047122,2.284075020320855
1416,47.199528,0.268498525450101,0.14555256449309636,2.032767676381501,1.238455475133616
1417,47.232861,0.27360426785109365,0.16404933967414104,4.87237787535718,0.47666759127169067
1418,47.266194,0.2701521246312297,0.15116241262245322,7.561343232774781,-0.14039213561147
1419,47.299527,0.26902362915395617,0.1279715537016775,7.818097673301672,-1.2945614427480487
1420,47.33286,0.2579943018649276,0.11614969586712662,6.937713572410321,-1.9667194201831222
1421,47.366192999999996,0.25859230043142106,0.13087848934165697,7.6719481812730015,-2.8788518617448107
1422,47.399525999999994,0.2503154174548667,0.10862118172160579,9.287829799630657,-3.4071768360954335
1423,47.432859,0.25363033763365994,0.11715944609013526,10.07795449605975,-3.9399989256558734
1424,47.466192,0.2502421678277701,0.09989225332682013,9.564484698827926,-4.716437531547851
1425,47.499525,0.2525982915708701,0.08529259708043654,10.074212817034597,-5.303423637588718
1426,47.532858,0.25597631568931367,0.11720323791023324,11.870301234293315,-5.643507603730263
1427,47.566190999999996,0.24944913535456636,0.11005862973660616,11.103621266251482,-6.089787973903534
1428,47.599523999999995,0.24913083846750603,0.1265019526761378,9.492528231444703,-6.139306520546241
1429,47.632856999999994,0.24225705815492524,0.09182048076215096,9.298752042181134,-6.226862561089882
1430,47.66619,0.23804040166997747,0.0909842364426934,9.715410873398097,-6.222107485614753
1431,47.699523,0.2315370535201399,0.08185849915020772,9.241909600635761,-6.086881996042877
1432,47.732856,0.23835779774346577,0.08061765234353718,9.086732609129571,-6.121569628361666
1433,47.766189,0.2543738545286181,0.08876116665840567,8.869967165186312,-6.372793358084584
1434,47.799521999999996,0.23880577872705805,0.09845959865675001,9.652937973153444,-6.3233008217923
1435,47.832854999999995,0.2485645242264888,0.1067410075471679,7.386569393492367,-6.641641859598493
1436,47.866188,0.24430709229081335,0.10659252459745043,8.240030800175765,-6.616441087156184
1437,47.899521,0.2453431471936984,0.08507764193069253,6.787017571806115,-6.532904264050705
1438,47.932854,0.24078017736376728,0.09834825261762613,5.606387581066719,-6.418636603611303
1439,47.966187,0.24141598561117417,0.11677665438561571,5.8648690644235835,-6.058852958126053
1440,47.99952,0.24034935468940286,0.10643015306727083,3.6910939850796,-6.313048214518675
1441,48.032852999999996,0.24010748399634252,0.10443438861188041,6.09325650892045,-5.628121606518079
1442,48.066185999999995,0.2397088042947965,0.09722970018577656,5.907693435118929,-6.07098674527984
1443,48.099519,0.23879109525239883,0.09506305209311056,3.418983920581211,-5.895160349340191
1444,48.132852,0.23938704891067222,0.10604513851059276,3.8584163625970485,-5.475150014650905
1445,48.166185,0.23559588436244464,0.11299106968150542,3.3147775990415336,-5.261761366280081
1446,48.199518,0.23850046806023373,0.11780747283268006,3.982296111132968,-5.4203115149761505
1447,48.232851,0.23914775934687288,0.10810120290580053,3.022811640053811,-5.319983460551412
1448,48.266183999999996,0.2409953480061704,0.11634574124287651,2.572588045860951,-5.34028984414787
1449,48.299516999999994,0.24241736302502453,0.10164321335522797,5.218613903155706,-5.069722697388397
1450,48.33285,0.23594012878149034,0.1115980015403822,3.1081922675525844,-5.304385318681713
1451,48.366183,0.24137960375460601,0.10086595019956776,3.929164847163651,-5.140309645049721
1452,48.399516,0.23882407406455763,0.09241134832321185,3.2673035953118705,-5.348598909716982
1453,48.432849,0.23719542471134916,0.09801756112051413,4.635314223185243,-5.5401137862126975
1454,48.466181999999996,0.24063431143039266,0.08676143329451744,2.9099551288247447,-5.994882010053691
1455,48.499514999999995,0.23749369481227728,0.09435571723080433,3.4940959252629615,-6.04061459442827
1456,48.532847999999994,0.23579478610557664,0.09609271940753436,5.024547801456875,-6.257612686828776
1457,48.566181,0.23777167453580994,0.09839546709145633,4.3476879636096895,-6.593733659309645
1458,48.599514,0.23889913348370467,0.11710204758968022,5.383925275746987,-6.713357570948443
1459,48.632847,0.23421409935920626,0.10792331102594893,4.423417304571129,-7.280449764309272
1460,48.66618,0.23436032048784516,0.10313192223037446,4.567135136248407,-7.175601823311855
1461,48.699512999999996,0.2296832152680434,0.12579293632992933,4.138062084703428,-6.877926457806858
1462,48.732845999999995,0.22889361695168403,0.09654154001428962,4.924477820296095,-6.595641229075577
1463,48.766179,0.22643415080749904,0.12206769291537403,5.106408433047602,-6.615657507651435
1464,48.799512,0.23130639207560205,0.12467638193181967,5.225146840581656,-6.616956008583138
1465,48.832845,0.2262110485541398,0.13044760728178773,4.992058423621469,-6.424205716690401
1466,48.866178,0.22923674538981362,0.13061532906371875,5.009223605589592,-6.608414436760975
1467,48.899511,0.23769838318491424,0.1403819557993154,5.967851123784045,-6.642257208888373
1468,48.932843999999996,0.23629661370519986,0.12413542738198613,5.483995755355771,-6.82014873294084
1469,48.966176999999995,0.2340434518041996,0.14197721526314888,6.828586601284559,-6.711967046607837
1470,48.99951,0.2296593553565696,0.12315340669736377,6.34908561078718,-6.74468830482325
1471,49.032843,0.2271670498025737,0.13578109969569696,5.11403434621633,-7.075312924824458
1472,49.066176,0.23448294904092915,0.15638039405724052,4.5469255316386485,-7.083925672372643
1473,49.099509,0.2285111330405338,0.1694300296761011,4.408858281712255,-7.392961441672241
1474,49.132842,0.23075220051467893,0.14805537662959536,4.470668132261554,-7.510241540640377
1475,49.166174999999996,0.22994789774890556,0.15298914866450355,2.763623836568029,-7.6583830250782094
1476,49.199507999999994,0.22664323584659496,0.12371191891172748,1.269088543383338,-7.803058893376866
1477,49.232841,0.22131968163281934,0.11582208202038541,3.0680533898065487,-7.53807987456111
1478,49.266174,0.2233982487301946,0.13291729145156914,2.5475417521796184,-7.128491623331395
1479,49.299507,0.22340627670278,0.13359507863348208,1.6184895880688273,-6.584245530816634
1480,49.33284,0.2243080915017533,0.16608112077607706,-0.18173987440654701,-6.1443756079201055
1481,49.366172999999996,0.23405757791387855,0.16443789616986867,1.2686012920465304,-5.657887863882247
1482,49.399505999999995,0.2276015856806922,0.16981786790955045,1.9961587752909369,-5.4422467397709084
1483,49.432838999999994,0.22710680024552513,0.16477320424559216,3.4152220042261,-5.056653485429192
1484,49.466172,0.21193406582015797,0.1641773050155808,1.6122192601186496,-4.5945676354957605
1485,49.499505,0.2036827539405367,0.19561741414065625,0.7584620646444927,-4.232800425928914
1486,49.532838,0.18464750647165756,0.22006644004695047,0.01750172822054439,-4.329200460402883
1487,49.566171,0.17350631542120612,0.20235041007518695,0.8934109498571281,-4.038630912072529
1488,49.599503999999996,0.16231241544724254,0.21519976226080806,-0.7104838919430545,-3.4104753435498867
1489,49.632836999999995,0.13825725884884527,0.2267919654817822,0.565955104058313,-3.160159870754151
1490,49.666169999999994,0.11791264707814055,0.2463683215795346,0.44600978715983536,-3.2314079180334137
1491,49.699503,0.07123555413090311,0.23360109355516367,-0.7464324741455521,-2.7304975792801205
1492,49.732836,0.0710917175165524,0.23864763330451463,-2.3793236519396017,-2.805057159379746
1493,49.766169,0.07062709955843632,0.2393092113199159,0.5083615948141085,-2.420543835494224
1494,49.799502,0.07007025329001434,0.24516213266045306,-0.6063389660634175,-2.3165065434888756
1495,49.832834999999996,0.07055466117963219,0.24290181917043038,0.1354976597830822,-1.7897066897175202
1496,49.866167999999995,0.07088332613614268,0.23271384280079466,0.8301370320749925,-1.7170043286061816
1497,49.899501,0.06994805704019139,0.23000560056440383,1.6248876575977536,-1.4833811704439672
1498,49.932834,0.0697149802244042,0.2320190829323584,-3.0644664700431274,-1.5827503642047303
1499,49.966167,0.06825763129431434,0.2279658515473414,0.33992244670546135,-1.2766467650541367
1500,49.9995,0.06891090853275927,0.23015308580832305,-0.35717393001877723,-1.466769876251667
1501,50.032833,0.06901259027365751,0.2241712049641323,-0.4561298071943585,-1.4311240251724027
1502,50.066165999999996,0.0695636454501597,0.22649948107873252,-1.4075882215577986,-1.633481123361951
1503,50.099498999999994,0.06903989772984757,0.1865636315778723,-2.8215808663615602,-1.6105069651961506
1504,50.132832,0.0694106465520636,0.21107812196728315,-1.736659011629354,-1.839300974323269
1505,50.166165,0.07039557872922428,0.20833351716474574,-1.2150352230920278,-1.8002296455306923
1506,50.199498,0.07288682375209188,0.2186134644301193,-2.1199227641147678,-1.4345575417640608
1507,50.232831,0.0726218471606541,0.21162447157430003,-5.058469097146016,-1.5769534712292121
1508,50.266163999999996,0.07165595223263067,0.21443518767006983,-7.149105177520498,-1.8424236841805464
1509,50.299496999999995,0.07248322332434748,0.23487971632494514,-8.75968383627477,-1.6842333078854062
1510,50.332829999999994,0.07210222577846408,0.2434813131961443,-10.631003149851061,-2.092679345337425
1511,50.366163,0.07210426829343028,0.25895661508037027,-9.677697697285032,-1.7362860945723495
1512,50.399496,0.07215032131194618,0.24548308938208832,-12.7804724609028,-2.1091804718029032
1513,50.432829,0.0712729445227501,0.24411108506343765,-8.077067927853184,-1.8479704248437197
1514,50.466162,0.06980674834386669,0.24116219441870368,-8.114286229954887,-1.7860543669417082
1515,50.499494999999996,0.07017233071999456,0.22847189351684444,-7.585132220396103,-1.7550657540242038
1516,50.532827999999995,0.07014372454149415,0.22378757106702316,-6.5676108678720215,-1.5140948448820837
1517,50.566160999999994,0.06932829384080767,0.23018658544877318,-7.293863202282722,-1.5379444162920042
1518,50.599494,0.07002535343796933,0.22565538278578082,-6.289430992333326,-1.7638438121231725
1519,50.632827,0.06884774228133825,0.23893634691331395,-6.477995367866833,-1.9299110395986039
1520,50.66616,0.06860478086666283,0.23504480884082013,-6.307696314328895,-2.2285234495399875
1521,50.699493,0.06779034819930602,0.22008486020767823,-5.371255240471398,-3.0781534156807293
1522,50.732825999999996,0.06938075288987135,0.22871303159643117,2.1768371565107225,-3.67242535001609
1523,50.766158999999995,0.06654574853511269,0.22979046503722156,4.911145281277278,-3.7765253335516356
1524,50.799492,0.06394688116513314,0.24039517147021824,8.787975573333089,-4.042917620783936
1525,50.832825,0.06191972561521932,0.2462496995427383,12.642779233089874,-4.688356604870258
1526,50.866158,0.060721500941813326,0.25961307423208924,13.362802363833802,-4.9437696236405175
1527,50.899491,0.059539713886372095,0.26393922025084265,14.914500035700408,-5.324765216271948
1528,50.932824,0.06001926648910536,0.2621098908641846,16.891535499289013,-5.736526244892812
1529,50.966156999999995,0.058570281669591266,0.2675531822368244,17.764308919722602,-6.053234851253464
1530,50.999489999999994,0.057821740897101084,0.27103387209221275,19.690295056395538,-5.877731225976473
1531,51.032823,0.05844923525968313,0.2751335848244948,20.932195560962818,-6.513445709560466
1532,51.066156,0.05602310131678399,0.2844877096624743,21.110946301362887,-6.565600606766825
1533,51.099489,0.05389030857031274,0.2849725772224105,21.213684673112258,-6.998283918102422
1534,51.132822,0.056565857225669085,0.2954298720571672,22.444452462151393,-7.272534129046875
1535,51.166154999999996,0.05724328744867451,0.3077979613070747,22.923896315175522,-7.517683887550518
1536,51.199487999999995,0.056329425531756294,0.3102434024912907,23.666027860927738,-7.559137439407007
1537,51.232820999999994,0.054864741946587664,0.3225609643420705,23.744105853832057,-7.75156033346396
1538,51.266154,0.05552189014241877,0.31951805245681153,24.023374803788382,-7.695692722846739
1539,51.299487,0.05546436830735968,0.33014930052981506,24.98839308943256,-7.998769167188169
1540,51.33282,0.05331291389358457,0.3464320235979861,24.710919756965353,-8.989513670923207
1541,51.366153,0.05320750032098035,0.3548077100845327,23.719374988551465,-8.481073976945522
1542,51.399485999999996,0.054079120318130364,0.35328675160323186,22.72975373632547,-7.930749011965547
1543,51.432818999999995,0.052950526947053704,0.34775025786265246,24.13355110461073,-7.84513997660115
1544,51.466151999999994,0.05350455878433911,0.3374868660167937,25.040149954406804,-7.437860713823218
1545,51.499485,0.05267061939676679,0.3256578692162858,25.34267516315225,-6.982789022913473
1546,51.532818,0.051967509624201685,0.3259752369516219,23.674301936118805,-7.2108648886942195
1547,51.566151,0.05301580161618415,0.19294278169395518,22.06777384529379,-7.467690538212519
1548,51.599484,0.05241713457895213,0.14460482675746353,23.346907404405975,-7.102500672373966
1549,51.632816999999996,0.050044367824439,0.16019346119213163,24.52391273732195,-7.16434595430156
1550,51.666149999999995,0.04700813299007574,0.24503170426931745,26.12075401719781,-7.626503812962112
1551,51.699483,0.04556222897229234,0.3354227045444252,29.610713046720278,-6.585913636300787
1552,51.732816,0.045994901828443256,0.35033296817282256,32.114298325205574,-6.192282710611703
1553,51.766149,0.040755151913799664,0.35213624345667327,32.894200293725895,-6.412351900626503
1554,51.799482,0.03911236302076979,0.3564621010866812,33.98792367953317,-5.969322786300558
1555,51.832815,0.038765267667063265,0.36844834076769734,35.93357560358482,-5.851721093812648
1556,51.866147999999995,0.03580720084324089,0.38421055603293885,37.47087152969364,-4.616009608093037
1557,51.899480999999994,0.034490335580798274,0.365486236454063,38.45445826140147,-4.700338509978225
1558,51.932814,0.036273223031010327,0.41789224556511273,39.33565410962681,-4.664688117536846
1559,51.966147,0.03584486480748624,0.37525433110128753,38.7147330388818,-5.405966113399838
1560,51.99948,0.036308907143613886,0.36779670995095537,39.439005816013626,-4.923211272745598
1561,52.032813,0.03683882581387811,0.3722912009042527,40.54015083801994,-5.269178216204174
1562,52.066145999999996,0.03591983082986705,0.3812928392735296,40.07980926664383,-6.439056412819475
1563,52.099478999999995,0.03493160009210818,0.38102636992127525,39.86652756840776,-4.889353271989912
1564,52.132811999999994,0.03616304818032829,0.37476010293791806,39.560981159853945,-6.11649690915425
1565,52.166145,0.03711000914830013,0.38069702361172664,39.486352069171524,-5.576160957865103
1566,52.199478,0.03469053098584111,0.36163226036717816,38.58413840951887,-6.786221238675361
1567,52.232811,0.03448933637679864,0.36091455834553593,38.804304372133984,-6.864114026409173
1568,52.266144,0.03554244397177916,0.3533155945547235,38.298419640897066,-6.7754565378631515
1569,52.299476999999996,0.034065515819827544,0.3886123456827075,38.80547384580497,-7.5973420869606425
1570,52.332809999999995,0.037157904900259595,0.36902786779517166,38.48687217752261,-6.846403091010594
1571,52.366142999999994,0.03538807083521803,0.3580592434631617,37.30027068985825,-6.765585131079101
1572,52.399476,0.03765405450968106,0.3617300132970903,36.786519899291235,-6.976139749502771
1573,52.432809,0.037521944425356356,0.29206998128794887,36.577992024069104,-6.160076429170475
1574,52.466142,0.03692534133097803,0.3460749343793095,36.16864043332,-6.023691493312272
1575,52.499475,0.038818623205307115,0.3634527993554636,36.4981206034959,-5.720662161970524
1576,52.532807999999996,0.037198397741567156,0.35643807458277665,36.9852176626963,-5.696081976864227
1577,52.566140999999995,0.03634503209048534,0.3634814563453036,35.60341302262072,-5.824582041413285
1578,52.599474,0.037256135751543844,0.3381398437160778,36.51505873600764,-5.387109714929559
1579,52.632807,0.039113732748410346,0.3604158273171162,35.733522348060205,-6.406348981954498
1580,52.66614,0.0368766845191316,0.33393812150408037,34.8335575488474,-5.776132887896166
1581,52.699473,0.03938474877804602,0.35664231065005414,33.93998649465201,-6.3038448075934035
1582,52.732806,0.042698111371518556,0.34651967208069157,31.806549316668235,-6.023278813577104
1583,52.766138999999995,0.04583292117042511,0.3623312371935118,31.027534317251238,-5.728935810153357
1584,52.799471999999994,0.04646287860844065,0.3610883755113007,30.226640879524403,-5.526641553698124
1585,52.832805,0.043833349168709144,0.34501399597090954,30.04574510452287,-4.850130339103727
1586,52.866138,0.04558380079065805,0.3314240401743125,30.099159904397077,-4.675156748403077
1587,52.899471,0.04694805725102179,0.3194388693809896,28.00193034635377,-4.391507170727944
1588,52.932804,0.04835939892445284,0.21440498380690162,25.649088023538294,-4.515856845273489
1589,52.966136999999996,0.05197883484420338,0.14452274482166577,23.296747709638787,-4.169694088484416
1590,52.999469999999995,0.057276194832485784,0.09518230474448128,20.121272180089726,-4.11039143727897
1591,53.032802999999994,0.05895153746509715,0.13630900686680963,16.352073509396167,-4.283867442536641
1592,53.066136,0.06424077661595155,0.2357262146616716,12.62460843877507,-3.7591541726590787
1593,53.099469,0.06646293658368323,0.23105617544943058,7.464040369193863,-3.0079164814848562
1594,53.132802,0.06986531846401517,0.24011151892670993,4.746320892706323,-2.3998741870829488
1595,53.166135,0.07454695294733085,0.24155253788929676,-2.587816381790879,-1.727313623006202
1596,53.199467999999996,0.07843600003950447,0.2681508707260082,-18.52353477958692,-2.2423662949372796
1597,53.232800999999995,0.08053738651520474,0.28058699499595635,-24.5915826062073,-2.605093874913948
1598,53.266133999999994,0.08273543551283326,0.27424322023091796,-25.978181665801234,-2.1316800851019155
1599,53.299467,0.08933996409344336,0.2807460370141259,-29.106611402557952,-2.0910561392105826
1600,53.3328,0.09161039349244933,0.27780445623486427,-29.227236317726835,-1.5634298703348553
1601,53.366133,0.08997140096153383,0.2954492842061249,-30.490846600773235,-1.7385202941677385
1602,53.399466,0.10031485131824068,0.2986816444180371,-29.631868296463676,-2.366360935552897
1603,53.432798999999996,0.1251090743620442,0.30308997471980337,-30.705804449975936,-2.415108362544984
1604,53.466131999999995,0.13123235045514528,0.27368826089684145,-30.29636690907931,-2.6903159083872765
1605,53.499465,0.12706095084492197,0.28221875493845006,-30.89730981491779,-3.1853639857811133
1606,53.532798,0.12857463068206176,0.2777726323837107,-31.27987406024168,-3.4479732451995426
1607,53.566131,0.11480725421384104,0.28345308579561024,-32.103858804938405,-3.6320550040706823
1608,53.599464,0.11855451608112906,0.2897121858283793,-32.70621910870626,-3.8392412796286908
1609,53.632797,0.13666515694530704,0.2849748298028054,-32.41629676655742,-4.356931064117159
1610,53.666129999999995,0.11379451556031565,0.27573816935655404,-31.640743275657787,-4.968059867646895
1611,53.699462999999994,0.10710752092039819,0.2933564228103668,-31.31374236820485,-6.002011117653918
1612,53.732796,0.11956157826765994,0.29301306749305167,-31.77769727447083,-7.2015861245955515
1613,53.766129,0.12953845359333457,0.3071683956276876,-31.630847386871555,-8.201528883105487
1614,53.799462,0.14148730269830104,0.2873409154563896,-31.45288273083947,-8.875073828690537
1615,53.832795,0.15600406461953986,0.2750371666376682,-30.489342687487643,-9.470558289489391
1616,53.866127999999996,0.16514154908921644,0.27307909348391723,-31.36359931525414,-10.889088716489342
1617,53.899460999999995,0.15899253601309662,0.25825220948748784,-30.378520571232016,-11.90079964082327
1618,53.932793999999994,0.17109613446387,0.24564130540248705,-30.30839305277245,-12.229315369095623
1619,53.966127,0.16799848660944372,0.2565780057353084,-30.850911996982312,-12.978385514574336
1620,53.99946,0.18180405032886937,0.2465711626063243,-30.995712030688455,-13.198424414909782
1621,54.032793,0.19259820248470308,0.24496859663626763,-31.43531477421039,-13.110011064533563
1622,54.066126,0.21011211899020263,0.24075062516214374,-32.84043262081699,-13.577578066201804
1623,54.099458999999996,0.24118894741640248,0.23039428488789543,-34.50856519131932,-13.659172661208554
1624,54.132791999999995,0.2792362077142691,0.22428135406055572,-34.51303162415832,-13.355093972088222
1625,54.166124999999994,0.26631297077968136,0.24013268737464083,-34.23299084384322,-13.523757812588327
1626,54.199458,0.26682861645226696,0.2247013138184163,-33.649916819873404,-13.67068658347369
1627,54.232791,0.2569242680952377,0.23231215500398564,-32.12689169476658,-13.58159983429285
1628,54.266124,0.25133691214647175,0.21454315503010984,-31.687983795686588,-13.342532156802175
1629,54.299457,0.25523810443923656,0.2165217610922296,-31.986717448675794,-13.236786171660542
1630,54.332789999999996,0.25804844286947853,0.2060361835061974,-31.63695896852557,-12.524610045827135
1631,54.366122999999995,0.2562888248768558,0.21174580067154422,-32.31112397051972,-12.227230499524634
1632,54.399456,0.2557190054684644,0.22441339209638836,-32.85504640224141,-12.152325645657458
1633,54.432789,0.271977418322129,0.2530564466138142,-33.55698061263854,-11.085047170989414
1634,54.466122,0.27152962919212287,0.2298142169303772,-33.180159417785845,-9.66935727300988
1635,54.499455,0.27773675391577135,0.24275580391966767,-32.29222994278101,-8.29669481926471
1636,54.532788,0.27630714999314177,0.22703013767965607,-32.67751491941728,-7.554355542268061
1637,54.566120999999995,0.2833208966493233,0.21777686401090351,-33.37127014561227,-6.803406464370441
1638,54.599453999999994,0.2801886698177768,0.22378309362406124,-33.340691038045456,-6.072308213329541
1639,54.632787,0.28540387849010174,0.24325436487892887,-32.99164487376219,-5.187092742684326
1640,54.66612,0.2873634005616342,0.22249782863516254,-32.40725325132156,-4.859150639068388
1641,54.699453,0.29218012793966797,0.23597358435276927,-33.2773272292079,-4.625493259161623
1642,54.732786,0.28493619011408433,0.23300585693634396,-33.925791004577825,-4.797180409496795
1643,54.766118999999996,0.30182689443073385,0.22382011837023985,-33.637926185351944,-4.083237800868209
1644,54.799451999999995,0.29521966129054766,0.2219499152824739,-32.48456365962486,-4.008281477657345
1645,54.832784999999994,0.30433481889453523,0.20915139811892589,-32.0633643862382,-3.968471737329263
1646,54.866118,0.292748226154994,0.20606498961993086,-31.731763192037825,-3.69380984550485
1647,54.899451,0.3009655983783237,0.17897899237928894,-32.041491239528796,-3.5875534575185637
1648,54.932784,0.3007804122340135,0.1764761159826961,-30.926441266648418,-3.488690055734848
1649,54.966117,0.2891713448718591,0.1512894504609905,-31.45401033603431,-3.548611417332071
1650,54.999449999999996,0.28930552417092126,0.17926654670005743,-31.479229051032178,-4.174607310283117
1651,55.032782999999995,0.2920525604138237,0.1790347665038728,-30.196634843467034,-3.44262313892871
1652,55.066115999999994,0.2929900150415874,0.19544868256292847,-31.39838964569976,-3.932198825569815
1653,55.099449,0.283079241279543,0.20490687191452694,-31.048508558854415,-4.094836724312003
1654,55.132782,0.28337919452004645,0.22019957325185968,-30.39785500837755,-4.093944080102477
1655,55.166115,0.28231884223855136,0.2206891201162931,-31.3001172863432,-4.281848192837869
1656,55.199448,0.2747835156825183,0.2182645201026282,-30.324957996228424,-4.904258216397379
1657,55.232780999999996,0.264216540298946,0.20276681223683324,-30.016917417392772,-5.5458542777330315
1658,55.266113999999995,0.25569265227899796,0.20706956646892902,-28.979888216938694,-5.385150883738299
1659,55.299447,0.2588006307552676,0.1716124912488378,-28.76292477844438,-5.599191487037806
1660,55.33278,0.25824783136848056,0.1128095777563546,-28.14020929485879,-5.575737253810129
1661,55.366113,0.25647297455461415,0.10420843894139024,-27.006496658086803,-5.494660939295479
1662,55.399446,0.255928868013292,0.09454439691416311,-25.065966982343006,-5.693451307238453
1663,55.432779,0.2406752269542165,0.13477775825623967,-23.179440148343822,-6.152120044332025
1664,55.466111999999995,0.23653012301235266,0.15494500446048076,-19.54886626096645,-4.7746420720719085
1665,55.499444999999994,0.23603330158961913,0.1699600848557028,-15.64223554593047,-3.981016576672592
1666,55.532778,0.2419760825665896,0.1756563298269078,-11.31044280152948,-3.1990009722603223
1667,55.566111,0.23847191900779927,0.18874123585194413,-11.517312501290606,-3.2669451011709456
1668,55.599444,0.23205211506801732,0.19641143434701386,-7.7313234474111745,-2.5535926001261267
1669,55.632777,0.23699615278856462,0.21027401285266817,-3.882836562781839,-2.3072055260138464
1670,55.666109999999996,0.22983824135731065,0.20452030744312716,-5.591190384858306,-2.5399866232690833
1671,55.699442999999995,0.23355216666038978,0.18887152932976897,0.2437767360931362,-2.0114593332316204
1672,55.732775999999994,0.23531365875424642,0.21171706119360406,0.3468635678705454,-1.60929343657962
1673,55.766109,0.2266159515690501,0.20642204342948148,0.2519272889988646,-1.8587783705075291
1674,55.799442,0.2318970895502181,0.19406744001326334,0.5019796324996341,-1.8685697930198595
1675,55.832775,0.23055395792673458,0.17849209054066345,1.0920090036238033,-1.7990263649386296
1676,55.866108,0.22825122659707367,0.16081721228185072,3.172456716229924,-1.5921971345216779
1677,55.899440999999996,0.2267282199007193,0.17803189309789233,2.9641852799610677,-1.7064621504745483
1678,55.932773999999995,0.23560217510004208,0.1851769960249099,1.914454454569483,-1.8256599503648558
1679,55.966106999999994,0.23509640411721078,0.18588393631269376,2.0344005414568227,-2.2843555303379985
1680,55.99944,0.23319949273470333,0.19100771414714357,3.6773171805830676,-2.8735013575479473
1681,56.032773,0.23610556321950593,0.20057078676616674,5.8359832291913785,-3.2467735669435562
1682,56.066106,0.2318122835025785,0.19348006494107808,7.8743645168148575,-3.6936048229055554
1683,56.099439,0.22820869700922222,0.19477217411124215,6.340112884779656,-4.32255689331645
1684,56.132771999999996,0.2275586355374194,0.1787197003999857,7.465336090869809,-4.225423462350637
1685,56.166104999999995,0.2274011714477069,0.1929530383385984,8.119194948902175,-4.4616684543916065
1686,56.199438,0.22134270072209422,0.19338315161025338,8.414475882343057,-5.128962381081668
1687,56.232771,0.22084137285188388,0.19594267139356275,8.155901300926045,-5.329713567570281
1688,56.266104,0.22766257640455836,0.17141789130734109,7.387779491735396,-5.0175535324330305
1689,56.299437,0.22660420868256903,0.16947072266469065,6.467231056521259,-5.412599515661007
1690,56.33277,0.22860208872051743,0.16035332705148073,6.112496477711173,-5.050593246196203
1691,56.366102999999995,0.23135679315464872,0.17059713296836337,4.276380231267947,-5.105414662836281
1692,56.399435999999994,0.23089298579418938,0.18687340167349817,2.9017441537731647,-5.32607691235989
1693,56.432769,0.22536357273525667,0.18234637291227784,3.5047379450902243,-5.545787041023026
1694,56.466102,0.22803511073992733,0.17935852737016483,2.5236404997337574,-5.855177741812902
1695,56.499435,0.22846772726224496,0.15779511625175227,2.36435161941981,-5.411206390080752
1696,56.532768,0.22500375279911772,0.16537265194439965,3.566395181562383,-5.406276560590448
1697,56.566100999999996,0.22624011895089918,0.1661964910408496,3.377709526832103,-5.272684487092421
1698,56.599433999999995,0.22910433709864156,0.18371167174102687,1.4285041352185428,-5.447807529306616
1699,56.632766999999994,0.2237218450016833,0.18810798127834433,0.954532892165147,-5.186726885608888
1700,56.6661,0.22356432589854697,0.18895163056133601,3.169000413190584,-5.0994640530599
1701,56.699433,0.22343140652641108,0.16652553243213855,3.578257457943859,-5.002035850387732
1702,56.732766,0.22762031937963365,0.17741669306953273,2.8499137882964862,-4.771947340511269
1703,56.766099,0.22802551358396494,0.1733487559254845,4.520071323695359,-4.819585993462836
1704,56.799431999999996,0.23966034896340485,0.17569031302503457,5.01031174215695,-4.772859074030698
1705,56.832764999999995,0.2479798130728093,0.17534108523374847,5.065577427421956,-4.912453198806535
1706,56.866097999999994,0.24994619060606574,0.17503349063640244,4.722432624872475,-4.686457529070814
1707,56.899431,0.2476707456953632,0.1618876421773387,5.6023360361983325,-4.762288385236981
1708,56.932764,0.24681402082581755,0.16726194213020235,6.1061862415770385,-4.776604516415492
1709,56.966097,0.24696968994583132,0.17167805084707372,5.919174099077272,-4.841003887870828
1710,56.99943,0.24146881827111494,0.17770674032702682,3.6786876921373746,-4.968513177711053
1711,57.032762999999996,0.23004135739090184,0.17602254608278173,3.9816775770229134,-4.85958507103744
1712,57.066095999999995,0.23394309817286615,0.17506165158290737,3.9868612711840785,-4.995381221680424
1713,57.09942899999999,0.22693175662152054,0.07124287628554683,3.164247638850109,-5.472778177104395
1714,57.132762,0.22650749972096787,0.05053568896079616,3.9168982903582137,-4.961047473046803
1715,57.166095,0.22561339789386556,0.0818761427200605,2.6262567211242067,-5.16771861856892
1716,57.199428,0.22255501066544597,0.08286298990649275,2.082826442446072,-5.029303452150342
1717,57.232760999999996,0.22008135878611387,0.15876082097621946,3.0387387267590156,-4.6150757111847875
1718,57.266093999999995,0.21689106435454675,0.19706603031537312,0.731042611290853,-4.8685796172576055
1719,57.299426999999994,0.21410440017013369,0.20247894942783762,-1.5612052818221775,-4.876278960706761
1720,57.33276,0.21500206860466073,0.2194055896417011,-1.7081223412703201,-4.5882507124864365
1721,57.366093,0.21472239603016538,0.2175818015393748,0.2080650986089128,-4.756859842507856
1722,57.399426,0.22106385779669954,0.21764561177841196,-0.26641188820168965,-4.7441869167488955
1723,57.432759,0.2189094721305716,0.2141834426256053,-1.9323767250446933,-4.989616079505558
1724,57.466091999999996,0.21327273898866786,0.21568135222148993,-1.3698040211410267,-4.972370361331088
1725,57.499424999999995,0.21207388440180253,0.2087886019304918,1.5140956055599237,-5.087071517563587
1726,57.532757999999994,0.2130009616997792,0.20726432072929388,3.5318292775064424,-5.643908638451276
1727,57.566091,0.21676040893000376,0.20651307646091657,3.3951282106344736,-5.873541027259985
1728,57.599424,0.2100284500083786,0.2127270645689363,3.5914365882555304,-6.0540846349479045
1729,57.632757,0.21446609325459773,0.1988888862129189,3.9396412315033893,-6.302697712603659
1730,57.66609,0.2148478999803397,0.21107876691291444,2.3133679508023812,-6.08506242895969
1731,57.699422999999996,0.2120406950500627,0.21014927183166238,1.542535326347645,-5.994484257885821
1732,57.732755999999995,0.21742831516697464,0.21119844546468292,-1.7470989007725772,-6.05636008125278
1733,57.766088999999994,0.21707468918134495,0.21104861900721947,-2.6043542497928223,-6.263198354099123
1734,57.799422,0.21817139590060322,0.2048194902784622,-1.096084909443156,-6.07203439618975
1735,57.832755,0.21414622553431087,0.20887028903018,0.5377352103568013,-5.750660010964085
1736,57.866088,0.21162378434303739,0.20679709170395463,1.8503192609767365,-5.9631031925202755
1737,57.899421,0.21328976814159334,0.21251558858337083,-1.4020235319721044,-5.947415026578507
1738,57.932753999999996,0.2159794342687202,0.21585290989775652,-3.205885468176993,-5.736561364890717
1739,57.966086999999995,0.21357179794159592,0.20850098089273322,-1.7646258790350815,-5.86637352641995
1740,57.99941999999999,0.20796900772482738,0.2142211338544524,-1.098979939623889,-5.8182409237723025
1741,58.032753,0.20928534103217072,0.21936088070240237,0.05233262113197098,-5.777433042733526
1742,58.066086,0.20848820895450856,0.219757075008652,3.311454560717225,-5.878254282924299
1743,58.099419,0.20140614308651134,0.22252130552982863,2.669305105933063,-5.709593537483217
1744,58.132751999999996,0.2024257149510308,0.21548228783211776,1.7859667014783147,-5.558330578851033
1745,58.166084999999995,0.19494569646297896,0.22306029568789765,1.4443730893293159,-5.427432070972534
1746,58.199417999999994,0.19939948017467823,0.2353567803568538,5.54572446110364,-5.846132928308544
1747,58.232751,0.1947233528112732,0.24469222927182055,8.428317050367921,-5.566597297819189
1748,58.266084,0.18616890620984133,0.25406161378812686,11.825445217540107,-5.38785227043794
1749,58.299417,0.1910896969640676,0.2447134613986407,13.447106801527857,-4.926945416661413
1750,58.33275,0.19152866965591295,0.2541342025707099,15.742451621735075,-4.3150073726019365
1751,58.366082999999996,0.1927278067053314,0.26134141041066156,16.84705131575119,-4.134122852473302
1752,58.399415999999995,0.19327744598662933,0.2546682476982156,17.120844668213632,-4.153081650657878
1753,58.432748999999994,0.18976872346698215,0.24524250493973798,16.663672708959727,-4.138657070653843
1754,58.466082,0.19044041987253502,0.2602568998721179,17.115276249048765,-4.136370677058316
1755,58.499415,0.19496820197144007,0.25341092051714104,16.998010646689554,-4.744658099901798
1756,58.532748,0.19280028121731013,0.26471251432203735,18.537103835385814,-4.56669228303042
1757,58.566081,0.1994614360891971,0.27806771825576526,19.02156671602615,-4.836077005136215
1758,58.599413999999996,0.19774685755887933,0.2775043897578334,19.883227437395426,-5.046795553514415
1759,58.632746999999995,0.2059710492834235,0.28066760357243903,20.443984509813127,-4.962512270132723
1760,58.666079999999994,0.20485347908037033,0.2783162348685448,20.3661574744547,-5.2066046694760875
1761,58.699413,0.19853904310852039,0.27638906381692774,19.32504208855757,-5.306978086671658
1762,58.732746,0.19531827546260963,0.28438593759668895,20.167358693441635,-5.404085860867712
1763,58.766079,0.19998784299210723,0.28319893682978503,21.118783206777756,-5.3029284345085115
1764,58.799412,0.1946514160486767,0.28709647187021425,19.268051811543938,-5.4327984293171125
1765,58.832744999999996,0.20445504661695185,0.2872525647501479,20.226982241584636,-5.027668454431483
1766,58.866077999999995,0.20060098819080133,0.29916370538716347,21.60177678947438,-5.021122377467483
1767,58.89941099999999,0.20335452293877398,0.2873605374542184,20.422468414091973,-5.188238364919832
1768,58.932744,0.2033994045694017,0.2843626070316546,20.31773710744941,-4.818877201201841
1769,58.966077,0.20774663461530424,0.28853805701388446,19.92438382034556,-5.06570419602042
1770,58.99941,0.21600281462437226,0.29209668770226693,20.88263200052633,-4.786021156923156
1771,59.032742999999996,0.22259995526924756,0.28421791706862176,20.274897453735022,-4.8776609140911455
1772,59.066075999999995,0.23057469892704455,0.2851426829510896,20.4548680457846,-4.64182652358258
1773,59.099408999999994,0.22521504279322524,0.27769287355044125,19.97980216234886,-4.722945606152873
1774,59.132742,0.22931375035283408,0.28688912245051,20.757325284721535,-4.687779832239889
1775,59.166075,0.22424219675968435,0.2701454138264813,20.598554905799638,-4.547272436427613
1776,59.199408,0.22293172318092602,0.271740306344474,20.905627114558758,-4.582378307118351
1777,59.232741,0.22363895953389687,0.2654244132304203,21.20041693467074,-4.501722186823931
1778,59.266073999999996,0.2166152008253167,0.24906916336508628,21.27259739702188,-4.406602289018164
1779,59.299406999999995,0.2120837402006692,0.2565241926520953,21.157456360213647,-4.447609075753312
1780,59.332739999999994,0.20846572112856127,0.2628304211142189,20.236382135014697,-4.635196817910424
1781,59.366073,0.20468687653322087,0.2690095174987197,20.289780913902995,-4.6103366940253
1782,59.399406,0.20267026775528346,0.25243638012393715,20.821443433282102,-4.369008776373414
1783,59.432739,0.21157663173127925,0.2597675431405767,20.990524223479685,-4.309647861354883
1784,59.466072,0.20388133460666288,0.25137780013334565,20.786427121664392,-4.149513332590274
1785,59.499404999999996,0.19903251091983137,0.25198658665008017,20.93209040848887,-4.009904817972647
1786,59.532737999999995,0.2014160879682459,0.24943562551812992,20.820274268082528,-3.8266599489678153
1787,59.566070999999994,0.19872992421296468,0.2475200581358916,20.13745792439474,-4.202732989868685
1788,59.599404,0.19509973715679968,0.23601992553491158,19.705801439373506,-3.879037095093675
1789,59.632737,0.20356655176195035,0.21158018541193005,18.78297299980709,-4.070067182978044
1790,59.66607,0.19653826148171585,0.07467623068490216,17.89583209461608,-4.282444613058389
1791,59.699403,0.1972712067912865,0.09895519486217923,18.649582155938944,-3.547747686871191
1792,59.732735999999996,0.19276074062488793,0.04927380413700231,15.522079121820184,-4.091160578085924
1793,59.766068999999995,0.19841272846880692,0.05250042262159979,15.206163436919159,-4.271375905554662
1794,59.79940199999999,0.20655445585098295,0.04786718130556941,14.409905147373575,-4.403141153446382
1795,59.832735,0.21393426447619707,0.047595988366438136,14.205638285063872,-3.9710544617785946
1796,59.866068,0.21511824556548018,0.05809016314806095,13.151173287259873,-3.9850804406315348
1797,59.899401,0.2306583729527156,0.0476834035121242,12.757613629460273,-4.399792803085312
1798,59.932733999999996,0.22840100363123922,0.05473967939387987,10.83854562218071,-4.256765722101153
1799,59.966066999999995,0.24995733039843912,0.052199610647472444,12.650426127681996,-4.081761842517549
1800,59.999399999999994,0.2535506481662502,0.05083063370941219,12.834345763633912,-3.7959187885757335
1801,60.032733,0.2474203248407497,0.0844398826046332,13.927576695826447,-3.9040680938316905
1802,60.066066,0.24272990422613566,0.11782050563075669,15.055449314232087,-3.6221926644875477
1803,60.099399,0.26598400950590184,0.1702816404239565,14.862765159012781,-4.006835945227012
1804,60.132732,0.2964554834812102,0.18887350463491448,16.27740038727679,-3.9707980964099976
1805,60.166064999999996,0.31041244217486574,0.18338303712395804,16.930337583128644,-3.767629059603881
1806,60.199397999999995,0.33423408244817315,0.1885660895669783,15.595797830530266,-4.199615566890519
1807,60.232730999999994,0.3417686829663465,0.18895281394797397,13.879219480882208,-3.566322966854589
1808,60.266064,0.35573090304708027,0.19177315422378355,12.00479926374302,-3.5422963012551247
1809,60.299397,0.35100110638196813,0.1833965121621323,12.378384830685325,-3.1335650692169925
1810,60.33273,0.36350764614131564,0.20013087949741695,13.395748820923675,-3.1083871262998826
1811,60.366063,0.37991966217546663,0.19621267559085115,14.105359591322847,-3.0482608366510826
1812,60.399395999999996,0.3867502101979488,0.18855262841781006,15.07478605182864,-3.2543555203901744
1813,60.432728999999995,0.409767676360759,0.1919380620723975,15.199854722736442,-3.022670821649101
1814,60.466061999999994,0.41406875037197866,0.18246050778977752,14.256944995796278,-3.0370107080723185
1815,60.499395,0.41004973908816367,0.17152828735704967,14.886522274607835,-2.8604751720256485
1816,60.532728,0.41218101454260053,0.15127667747811382,14.312752657167676,-2.7646862961898986
1817,60.566061,0.4223356871653538,0.12864707388667898,14.074650983879142,-2.567146088305985
1818,60.599394,0.4322610237989628,0.043293026491790815,11.830997997373151,-2.551970503967971
1819,60.632726999999996,0.4337438751388502,0.06919011578019915,12.5097732752778,-2.7899003981286343
1820,60.666059999999995,0.44519681607835626,0.0874006928164932,13.837284176564603,-3.1643614339449266
1821,60.69939299999999,0.444749959907763,0.08562823798203063,14.256964745090658,-3.1690765433770105
1822,60.732726,0.44442035906767297,0.0889873580904058,13.557658823264426,-3.1994651289713194
1823,60.766059,0.4465251906649153,0.06102225554286006,16.288973202858685,-2.927390276165188
1824,60.799392,0.4540392842328063,0.09378495876498728,13.648163154846685,-3.2142645524448987
1825,60.832724999999996,0.4549710311716039,0.09737993958352505,14.241201620539377,-2.913333429455914
1826,60.866057999999995,0.4784389239316401,0.08785307753986851,12.985604934702236,-3.6371553860335943
1827,60.899390999999994,0.4617814135618743,0.08818812522182395,15.34470073527185,-3.593333735236797
1828,60.932724,0.47900901900620974,0.08990596544939422,14.783415321008906,-3.5326388505272903
1829,60.966057,0.4799559510849164,0.08630119921675966,15.157795131664015,-3.66873878274456
1830,60.99939,0.4823820937786495,0.083635695366891,15.242447998301149,-3.7182942229783458
1831,61.032723,0.47774582671169324,0.05455017116256132,17.282698745154455,-3.8570048094707845
1832,61.066055999999996,0.48929577990718776,0.06443176261740731,16.089838902472472,-4.156679380202009
1833,61.099388999999995,0.48451544478833913,0.042893967049206866,15.051896720900013,-4.505976181003629
1834,61.132721999999994,0.4904441774429509,0.051048856134276704,14.931586386667906,-4.429121223054584
1835,61.166055,0.48888836777558276,0.06961955840838545,14.764728218273383,-4.681142345604938
1836,61.199388,0.4822920170015965,0.11938207043196794,17.1588001653096,-4.1050515387022815
1837,61.232721,0.48954420511000313,0.14054823060932242,17.35144130147033,-4.59220184861434
1838,61.266054,0.49454358519397446,0.1363115199781162,16.70964246723899,-4.134312816301407
1839,61.299386999999996,0.4899050193399132,0.14375719244730886,16.017910588539625,-4.073373546753383
1840,61.332719999999995,0.4838443449323444,0.1426085032854896,16.218925124890937,-4.504672507264303
1841,61.366052999999994,0.49570321815407153,0.1414508878911665,15.530054722566279,-3.322291112713897
1842,61.399386,0.48252634871369293,0.15958043782838727,17.008023289082946,-4.2239637268607355
1843,61.432719,0.49559938240330453,0.16945652846501602,16.116318201989706,-4.053276675378391
1844,61.466052,0.5019914574154344,0.16144486032955987,17.181237463941002,-3.9804435402238587
1845,61.499385,0.5023937395601619,0.17855237599437387,17.569458292059196,-4.227850293537157
1846,61.532717999999996,0.4939442843384426,0.2021419577948806,17.1886058377097,-4.201395974660176
1847,61.566050999999995,0.5042347745402628,0.17384812233358665,18.20372212649877,-4.078362572136407
1848,61.59938399999999,0.5038868408570304,0.19211596893268318,17.035412522605263,-4.255072708204783
1849,61.632717,0.49491381133956325,0.18959313939113606,17.80591414252019,-4.570828901429333
1850,61.66605,0.505856613450045,0.17427770520423774,17.970278142596328,-4.760915982365672
1851,61.699383,0.5023885159747923,0.17435221710750798,19.169173508529294,-4.526204442233364
1852,61.732715999999996,0.5226790008152844,0.17014991951480532,19.18785029562669,-4.630219458678135
1853,61.766048999999995,0.5076152898397067,0.18786045477826763,16.44767264600583,-5.295612440202954
1854,61.799381999999994,0.4989723053424458,0.16463430452279798,17.37594641533659,-5.174406191243
1855,61.832715,0.4947100495038547,0.2240851984827159,19.329005157793663,-5.7376266515880125
1856,61.866048,0.5002948682213316,0.19260610938167855,18.393919410680304,-5.59516500771289
1857,61.899381,0.48870490347595746,0.20539257597432795,17.204824656614246,-5.814134460102021
1858,61.932714,0.49474268407897903,0.1962779394175469,18.082986588305328,-6.412629368990182
1859,61.966046999999996,0.4891784123170126,0.2014577476475376,17.825469506303214,-6.588500268797214
1860,61.999379999999995,0.48860034073161585,0.18760669334019897,16.878790272772658,-6.795353387016819
1861,62.032712999999994,0.4866334592078199,0.1565397919636345,14.49473233579988,-6.740440242507
1862,62.066046,0.47016768749918275,0.04954787351085248,15.769940714176073,-6.285166176960289
1863,62.099379,0.46800643321443836,0.07072689699154967,15.803523893379541,-5.838666869136442
1864,62.132712,0.4594718574436536,0.07718813688728673,14.485847581425789,-6.192488799309618
1865,62.166045,0.4470491732043456,0.0979040561974687,16.85726785765807,-5.093420962814611
1866,62.199377999999996,0.4562443129379949,0.13381437779083752,17.079348654377586,-4.961700736053573
1867,62.232710999999995,0.46283350834014064,0.13042821533739918,15.153203624453015,-4.289921963713243
1868,62.266043999999994,0.4549014070099297,0.14401239021303577,14.94795392952949,-4.311574463054846
1869,62.299377,0.4360780087980753,0.16173820634669664,13.29405904999714,-3.7410128103163327
1870,62.33271,0.41646341221288175,0.17042375235998525,10.052141233411822,-4.066480583387974
1871,62.366043,0.4014931645457459,0.19456545935837466,10.747449964081401,-4.330791085033239
1872,62.399376,0.4066327694526368,0.19106414119809773,14.397924757356682,-4.1856207707258
1873,62.432708999999996,0.3861623875782291,0.19342200733092713,15.161993333297781,-4.308875043749146
1874,62.466041999999995,0.352352955464436,0.20268982499498053,13.084931723938508,-4.0875220195550765
1875,62.49937499999999,0.3673182067547052,0.21286254076449915,15.869042185816499,-4.377413680396773
1876,62.532708,0.3373013293901853,0.2012118161225961,11.818334172371358,-4.240264394211986
1877,62.566041,0.34636200337720346,0.1878732961354757,11.575504008048464,-4.619522856670426
1878,62.599374,0.31390728982318866,0.20392712842525185,15.464719167422285,-4.927467002810272
1879,62.632706999999996,0.30863384498416263,0.22022372463370699,14.354225227541754,-5.322577604823591
1880,62.666039999999995,0.30580894351592514,0.22725565196322955,13.690905653072862,-6.016607255735896
1881,62.699372999999994,0.27566343181330727,0.23252220791293127,15.742400193000606,-5.992205333257338
1882,62.732706,0.2644049118872419,0.2132383533819574,11.747858551422832,-6.305052941955464
1883,62.766039,0.26283794147452433,0.21914564234090386,8.382219553192927,-6.303836331674895
1884,62.799372,0.24138814124104735,0.21744618400847937,7.725806697617111,-6.346919156437869
1885,62.832705,0.2231427891133494,0.2092488326369077,6.856127291818537,-6.731025934414737
1886,62.866037999999996,0.21448390622327565,0.21423601999650993,3.3738710641627736,-6.879099091639022
1887,62.899370999999995,0.21950777192243104,0.20677856316848775,4.8055602590324735,-6.502255175501488
1888,62.932703999999994,0.21581346223030992,0.2104845856048483,5.701106266956279,-6.2646750483640234
1889,62.966037,0.2159786900147484,0.21825058002114167,4.288132114956208,-6.085680089977054
1890,62.99937,0.21285187164842773,0.21165970111489552,4.374044284306946,-5.774406858763574
1891,63.032703,0.21238313258014274,0.2106614247167099,3.353917065504569,-5.590682249328297
1892,63.066036,0.20897182301877065,0.19099213535733098,2.1941938497722906,-5.263439778588017
1893,63.099368999999996,0.2028513638129932,0.07963678142495578,1.046955972274182,-4.837165032496887
1894,63.132701999999995,0.19743473915097878,0.05656732032470492,0.1698101478351341,-4.750631248561335
1895,63.166034999999994,0.192131195193757,0.05603738657053897,-0.6867717732196156,-4.671784413255582
1896,63.199368,0.1891405111129506,0.05603385934599872,-0.4331678636349586,-4.3488524423712525
1897,63.232701,0.18203755687939552,0.046084121354612026,-1.0025076913700364,-3.9632196571320955
1898,63.266034,0.1787561662389457,0.04165085202872296,-2.2309791365802862,-4.054394126549763
1899,63.299367,0.17681069774038394,0.039230375506778006,-1.7501630722032042,-3.882973786168653
1900,63.332699999999996,0.1768788646564558,0.05077340506416657,-2.8389053181412978,-4.145072731106172
1901,63.366032999999995,0.1684592899263,0.051125884844128895,-3.0086915584342258,-4.305555609947458
1902,63.39936599999999,0.16708547341133886,0.050718226371758594,-1.7758526603050873,-4.120108940437383
1903,63.432699,0.16504186633274306,0.051471807357661645,-3.8765105509188484,-4.48229539784293
1904,63.466032,0.16325789824760173,0.05072716035964749,-3.164312596948737,-4.441789616355771
1905,63.499365,0.1591897554995798,0.047061666099431465,-1.3631863298111428,-4.006938286514209
1906,63.532697999999996,0.16370127923482777,0.049473902075957796,-3.4457775561070525,-4.73689861355515
1907,63.566030999999995,0.1616978896541341,0.05868268003037552,-2.9091868974066277,-4.601043020925882
1908,63.599363999999994,0.16610923466943284,0.07277108237192853,-0.6751589217656352,-4.522095514231487
1909,63.632697,0.16208057010897853,0.12621421276027525,-0.5200997014804752,-4.418508165471856
1910,63.66603,0.16096169712685746,0.1728376335788538,-0.6329317233490924,-4.693340591860251
1911,63.699363,0.15196817439645863,0.1914452958146324,-1.6036740377299352,-4.612398769790398
1912,63.732696,0.15283897995200338,0.2247333424856327,-1.070818776728532,-4.691354416635364
1913,63.766028999999996,0.14675952001494683,0.2423249776435774,-2.5227414207424506,-4.723310044391047
1914,63.799361999999995,0.13667788013462906,0.24584877614327794,-1.7721709262506131,-4.424394863561186
1915,63.832694999999994,0.10226435400415677,0.24910283568632594,-1.1374279850318068,-3.7826225415831605
1916,63.866028,0.06769582296286833,0.2517856910648202,1.9287386397773354,-3.12420436755516
1917,63.899361,0.06868822073526379,0.22793705941401105,0.7727964995010546,-3.50461053206099
1918,63.932694,0.06928394047656966,0.23138034741662203,1.180024158860961,-3.9183067809278467
1919,63.966027,0.06899899945665251,0.2291181057960553,1.1372772929487858,-4.292944327418123
1920,63.999359999999996,0.06867848709329688,0.22454698746291962,0.7324678430760162,-4.692401804917262
1921,64.032693,0.06916660169513071,0.22112525020555662,1.5952306512412036,-5.016790969391724
1922,64.066026,0.06869551507918346,0.22218459635920632,0.5892444544507353,-5.810837310163881
1923,64.09935899999999,0.06881234187090929,0.228442089243785,-1.0584471056351612,-5.8597561838332055
1924,64.13269199999999,0.06946627082800749,0.22631505755575937,0.05410964749510988,-6.64816204347981
1925,64.16602499999999,0.06827790995560713,0.22870205941958016,-0.16015697346842397,-7.078051014309049
1926,64.199358,0.0684189812357204,0.23531588477864873,-0.16119246762021594,-7.439195236817024
1927,64.232691,0.0689872224510982,0.23418883502317803,0.5050320374563908,-7.680003288065182
1928,64.266024,0.06765239987996159,0.24583691891804743,-0.7570728614044604,-7.603132847995264
1929,64.299357,0.0667139319700072,0.24765360817691512,-0.7915413919452016,-7.817270602570881
1930,64.33269,0.06674485437437708,0.23847195809048505,-0.37918130588019155,-8.019800864196341
1931,64.366023,0.06705858605011743,0.23338106877459625,-0.36744539251501607,-7.877482387192356
1932,64.399356,0.06672230921652407,0.2374501419985236,-1.658511345831093,-7.980415421410141
1933,64.432689,0.06915937655512376,0.22586147554806843,-3.964815133702461,-8.39101567165391
1934,64.466022,0.06992230492551937,0.2308634780993452,-3.6833042537254332,-8.026757238652245
1935,64.499355,0.07015973250564905,0.23652269062705855,-3.962087618132876,-7.8632273212078765
1936,64.532688,0.07085995122956884,0.23438477078927977,-4.233474303468822,-7.482556433264204
1937,64.56602099999999,0.07118159379659135,0.22922694386317677,-1.5478710255310326,-6.759271742435406
1938,64.59935399999999,0.07133468179893293,0.23674731507260036,-2.127867048282311,-6.350111827103736
1939,64.63268699999999,0.07103286412663798,0.23359790065611763,-3.5847397542900166,-6.2999008111145836
1940,64.66602,0.07183226153651742,0.22749640506157712,-3.3686882677290653,-5.785742024824915
1941,64.699353,0.07224616517601422,0.23069100414425506,-2.415623191635678,-5.661578198462417
1942,64.732686,0.06912700591632209,0.2402461008367448,0.028257499652647552,-5.415434264039535
1943,64.766019,0.06786611110958674,0.25317460057752106,-2.3030289322386137,-5.406742434266615
1944,64.799352,0.06866244924919236,0.2610329649027495,-2.407776762848034,-5.389505483402275
1945,64.832685,0.06771983443555797,0.26501412387143775,2.141930558802307,-4.8665845659840565
1946,64.866018,0.1119653109126176,0.27127818603246845,5.001101966843772,-4.929982012558356
1947,64.899351,0.18288815936755176,0.26490760276424435,11.062888999856987,-4.983266042314623
1948,64.932684,0.22540777237028436,0.273489239847051,12.603538564522523,-5.294417757054157
1949,64.966017,0.23701156661162592,0.26823642280780746,12.947549144417504,-5.226447261415414
1950,64.99934999999999,0.2353609540502728,0.28705667071183727,12.303495459396784,-5.999354509531748
1951,65.03268299999999,0.22544908939720354,0.28301293871476685,9.637429887999389,-7.378537093788792
1952,65.06601599999999,0.20814243109053734,0.28404014585172044,8.995352513242297,-8.392013601387534
1953,65.099349,0.20686343707071453,0.2816726110036567,9.33719670782456,-9.833030288975591
1954,65.132682,0.18737722094796833,0.29101813538053467,10.503875768492895,-10.83150443386695
1955,65.166015,0.18853752365237797,0.2982476497220351,8.618782110349391,-11.605624512871113
1956,65.199348,0.18443438029566653,0.30079933356104716,10.512063262713863,-11.368736623899823
1957,65.232681,0.19562555325343653,0.3200092909662621,12.779820235030371,-11.17998458981772
1958,65.266014,0.252761817887871,0.29665525665584047,15.615028776489734,-11.050265693277646
1959,65.299347,0.2958639107572373,0.2963002933629433,17.343475549696873,-11.278625429618524
1960,65.33268,0.30169393292323604,0.3018520989020381,20.038401041599233,-11.003361698375532
1961,65.366013,0.29893012325086316,0.30500250948095897,21.660866269276593,-10.596212853538129
1962,65.399346,0.2771710529676652,0.3134268304511656,20.900254709686553,-10.353988479807313
1963,65.432679,0.2349863183408072,0.3121030788708039,18.302628554402393,-10.119973405176095
1964,65.46601199999999,0.21816351746238294,0.28745434173588735,13.590255320029176,-9.535912785781356
1965,65.49934499999999,0.16286486786005938,0.2989588195550086,12.523585313454221,-9.68690248510141
1966,65.53267799999999,0.06684755737776427,0.3040722188130254,10.585788123069516,-9.369180679167961
1967,65.566011,0.07080792573150761,0.29578601534023524,11.326983962174573,-9.386338166080957
1968,65.599344,0.07232574272180582,0.3062140327541335,10.830427352885664,-9.048556772068753
1969,65.632677,0.0772249567092605,0.3078867307442211,10.117397402096712,-8.533022117091056
1970,65.66601,0.07733142343099199,0.28999292423744666,9.061272856111577,-8.149598463070937
1971,65.699343,0.07796431716383863,0.27622301707411867,13.898360932230258,-7.962170297649319
1972,65.732676,0.07355451176869522,0.2942068477961624,12.92256676200278,-7.650111150036089
1973,65.766009,0.07427844169207458,0.28525944578251206,12.864740796024003,-7.524495967314944
1974,65.799342,0.07286223487071557,0.28485488588278873,12.443544088117651,-7.819938027056105
1975,65.832675,0.08041978237234261,0.2837170903358711,11.272702971031013,-8.04915588706903
1976,65.866008,0.11174743812911818,0.2894575568288477,15.209678520248806,-7.673933391735474
1977,65.89934099999999,0.12965102283048546,0.29549166569994106,17.569172118600385,-7.4589951123908955
1978,65.93267399999999,0.1597667913903752,0.2961858967491865,17.67429478599025,-7.707920471560399
1979,65.96600699999999,0.18353624828366333,0.22077788064210324,16.084709180419193,-7.973460118346834
1980,65.99934,0.18904890125774698,0.12198575152788906,15.982804615051108,-8.487846326543478
1981,66.032673,0.2023645268807853,0.08686873358497402,16.25151652341681,-8.508055350123277
1982,66.066006,0.21283301676427946,0.13468588722266056,16.54606288648332,-9.075772905656908
1983,66.099339,0.20660249767576652,0.18530072411921694,16.449619530247862,-9.12390923060635
1984,66.132672,0.20799603050977009,0.2128671573371036,16.2029102976682,-9.554243431635923
1985,66.166005,0.20617087204824808,0.23298968989844854,15.56674715725201,-9.481532772562698
1986,66.199338,0.21267821578209664,0.2520901647872736,17.418509892183053,-9.365198906247734
1987,66.232671,0.21214497540539148,0.2626899261521761,18.0509876737448,-9.65076621238609
1988,66.266004,0.22489880483727287,0.2620845253089691,19.69364036245197,-9.158643124978294
1989,66.299337,0.22313244371667293,0.24889658658668667,17.956695273037102,-8.73725857302124
1990,66.33267,0.2178113958141904,0.25567794838736907,17.628588424628056,-8.796005157154717
1991,66.36600299999999,0.2333922621072627,0.2586597985846202,19.572978089599626,-8.43102338853393
1992,66.39933599999999,0.21030557843410091,0.26262971346467756,19.91590453209827,-8.1728421386701
1993,66.43266899999999,0.16107742364249356,0.2690339837884952,17.510833777255662,-8.07021210518163
1994,66.466002,0.05254585197244412,0.2915536908794371,18.776278521659354,-7.786865880983449
1995,66.499335,0.05453986244300881,0.28434852639578984,21.207797826454183,-7.864925108519339
1996,66.532668,0.1001984607224452,0.2665937522275276,25.972176165341946,-7.147870404174215
1997,66.566001,0.1292523364319275,0.29378095546838445,29.33589776071576,-7.668620895595376
1998,66.599334,0.11471752523790794,0.3417689961911835,33.262275089390236,-7.375709294050744
1999,66.632667,0.10486346332545635,0.36176141963956876,34.68765954653811,-7.684373076533182
2000,66.666,0.09172454927345636,0.35372258064542145,36.238792379202714,-7.31504688665205
2001,66.699333,0.09554307022156779,0.3809847496398012,38.7340718203392,-7.381825795552229
2002,66.732666,0.15811017080776088,0.37296731479403245,42.11605949438312,-5.331657543609759
2003,66.765999,0.16300023026461485,0.3604523801511531,42.45798229948455,-6.636208549025765
2004,66.79933199999999,0.16275542946383353,0.3661025815075233,44.28344993337998,-4.891896641703652
2005,66.83266499999999,0.16682210474063633,0.39394706325725504,46.83818533476866,-5.004738917424059
2006,66.86599799999999,0.18835294894480673,0.4268312343688635,48.207184291379384,-2.9134031514111
2007,66.899331,0.1509343506407874,0.43582397836901215,48.84760315530895,-3.514336241882861
2008,66.932664,0.10576284076889421,0.4140206807466836,46.53932104876967,-5.5085633902450635
2009,66.965997,0.12102942451386794,0.43650498203083454,46.317628805956026,-6.253406662839667
2010,66.99933,0.04421781541477285,0.4423892909479113,47.5795169902638,-4.708984086837243
2011,67.032663,0.02260018942938087,0.43870719312839773,46.32029480739077,-4.78905741348709
2012,67.065996,0.020608664356980833,0.3917528807551446,46.104368879280955,-4.175082343516245
2013,67.099329,0.02479040149982503,0.3596406626458652,44.9429114923067,-4.055619557119072
2014,67.132662,0.032284304666430653,0.35196691508353706,43.791521189747705,-3.3987387209616347
2015,67.165995,0.02754293412580294,0.36465167430137513,42.97886295061945,-2.181805168806496
2016,67.199328,0.028909821457542752,0.4329986198194775,43.675634043835764,-1.932109666286495
2017,67.232661,0.030549502408982254,0.4450567802960133,43.78140826630079,-1.1852587047792618
2018,67.26599399999999,0.03209888707387322,0.39057631597760134,42.84155287177244,0.22158729151555867
2019,67.29932699999999,0.03483198952455678,0.2911253235972703,41.16676244282261,-1.4049572502398535
2020,67.33265999999999,0.03785429212183639,0.2550158872590413,35.56666683747983,-1.7245070452204985
2021,67.365993,0.04496900284210763,0.1819362884711534,32.608323946062264,-2.3089472063609215
2022,67.399326,0.04961534863529657,0.18041447801676164,29.04904425827481,-2.601121415473126
2023,67.432659,0.04875474822791896,0.18320667938153434,26.75803051310985,-3.1769428568853795
2024,67.465992,0.05403989668540886,0.2582252087402689,23.856956921475053,-3.2633603533514184
2025,67.499325,0.05952316288145968,0.2371104320221603,18.141936034139885,-3.9009188915366715
2026,67.532658,0.05948904141139565,0.2465861577776206,17.036767381439905,-4.278485330247558
2027,67.565991,0.060412080882557895,0.26553580067913496,14.519335630985744,-4.951402801208143
2028,67.599324,0.14581947906425588,0.27817319522422834,13.42291447018236,-5.002084864860636
2029,67.632657,0.1811840545631062,0.2745029695211305,8.375567929507968,-4.7887661134902855
2030,67.66599,0.16265333415829825,0.2562860275657258,3.638106580523741,-5.062771944679359
2031,67.69932299999999,0.14111845241667414,0.25428310389263475,0.581828866661264,-4.989021728560872
2032,67.73265599999999,0.12355219643322218,0.26409810502692244,-0.23918881549282392,-4.83026321352374
2033,67.76598899999999,0.0815484596290059,0.25884231222545867,-3.5809928736639667,-4.855054162352265
2034,67.799322,0.0662464889786492,0.23601299714434754,-4.320186674136473,-4.72722312450983
2035,67.832655,0.06802867515097681,0.24062977831950905,-3.6233469688618842,-4.752465354076202
2036,67.865988,0.06963787962921969,0.23133753145549857,-2.7564876890174324,-4.632458648931124
2037,67.899321,0.06836990754675647,0.2288209326286748,-3.1659988772804,-4.815980356385669
2038,67.932654,0.06895615399636705,0.2343061980240959,-4.226040856475641,-4.795892657685497
2039,67.965987,0.06961052841174402,0.2312086582698354,-4.405098290704592,-4.382593450562138
2040,67.99932,0.06777333944239103,0.2263857679165266,-5.082660475041445,-4.123342029093093
2041,68.032653,0.06820732341293705,0.23503206585471081,-3.9512026997571277,-4.012008706031055
2042,68.065986,0.06950402241159723,0.24724239157399774,-4.3699437272324895,-3.90999951773276
2043,68.099319,0.06844871946512093,0.24119339161931289,-3.5449486821102885,-3.6595453089949816
2044,68.132652,0.07000886504574698,0.2526066402944239,-5.972546430587612,-3.599919769674343
2045,68.16598499999999,0.06938021011221256,0.2549671529123497,-7.546170913985202,-3.201353777251565
2046,68.19931799999999,0.07367470492834007,0.2609312615769173,-6.2316132020318875,-3.1126676246979317
2047,68.23265099999999,0.0948234033098674,0.25181699119226275,-4.3947301156711704,-2.971549067361892
2048,68.265984,0.15876519538004744,0.2412558928461202,-4.577483112083273,-3.10011266634836
2049,68.299317,0.15580447093028998,0.25558788047687814,-4.481197469791623,-2.6568769670706844
2050,68.33265,0.14796272455414197,0.2366882160326379,-3.657932272129584,-2.3754144928515806
2051,68.365983,0.14826489824947933,0.23814923057483278,-4.240916120505984,-2.197425000400007
2052,68.399316,0.16059930148075274,0.23744820865673288,-4.268947558186976,-1.9517031622077914
2053,68.432649,0.16142090826327576,0.2525777178107166,-3.923105674973373,-2.0942854678150726
2054,68.465982,0.16924511355784272,0.25460170522161946,-2.235689467629555,-2.126124646489268
2055,68.499315,0.15904257315105505,0.2487693956324556,-1.39210458020847,-1.907167575380884
2056,68.532648,0.15319053269760102,0.2506678946647806,-2.568026657135177,-1.9140079063932984
2057,68.565981,0.14606560860725068,0.2508976830514438,-2.6829031175107034,-2.1195048824491622
2058,68.59931399999999,0.13691366470120186,0.24131910533327636,-5.882922610152059,-1.9766696442350347
2059,68.63264699999999,0.11855546285562313,0.25369335785199787,-2.651768837411564,-2.237056579458814
2060,68.66597999999999,0.10731353284113704,0.25613702225262347,-4.124712039625606,-2.254870336435603
2061,68.69931299999999,0.10258813825250108,0.24152810474124825,-5.758472827615569,-2.2784047910104737
2062,68.732646,0.10495717727826268,0.23874553078119687,-5.49788686622742,-2.3593151665483263
2063,68.765979,0.10251778845149338,0.2525277173597419,-6.386461287345444,-2.610616585629029
2064,68.799312,0.10451152384190192,0.24340553206419197,-6.443469060178867,-2.477593825117714
2065,68.832645,0.10818672747928243,0.23149078537932194,-7.801291063780893,-2.5302044440996645
2066,68.865978,0.09984650591498985,0.23691347636499432,-8.084433196655459,-2.4422055076873797
2067,68.899311,0.09156607362034054,0.23760989498084872,-7.9244889219867956,-2.401611917379318
2068,68.932644,0.08911232357761086,0.23629403705249083,-5.982477875205962,-2.3082322625713183
2069,68.965977,0.09097973552237115,0.23973472541065974,-8.608029531516749,-2.217904417115164
2070,68.99931,0.07630613331672288,0.24543803322735308,-8.474921772498856,-2.2768676224849296
2071,69.032643,0.07640504645983198,0.2582758157919227,-9.847715938345523,-2.1103384931702593
2072,69.06597599999999,0.07721281753307767,0.2436302435177496,-8.012216255587399,-1.5578272406487153
2073,69.09930899999999,0.07579625529041895,0.25075201871704655,-9.722150710909997,-1.229764634906141
2074,69.13264199999999,0.08753616102497172,0.2512068025206253,-10.950586682786964,-1.5017981423592879
2075,69.165975,0.07475324869113018,0.25626615717353385,-12.351389378290632,-1.3355471361178959
2076,69.199308,0.07493182846464945,0.237567094937395,-10.067220445271905,-0.9777180674467735
2077,69.232641,0.07579597473502082,0.2702368509587155,-11.336098349022818,-1.2359415330292893
2078,69.265974,0.0762734087629895,0.2573125720968799,-11.898289777552714,-1.0730880892473318
2079,69.299307,0.078763240501299,0.2675710664984128,-14.706020432339225,-1.288989982905223
2080,69.33264,0.0791251942072129,0.27350066138544904,-21.804492086681336,-2.3419511338490038
2081,69.365973,0.07792626429766365,0.27860796683498923,-21.772957965034735,-2.393369916817591
2082,69.399306,0.08177196483046555,0.2841696750193763,-22.753330785040866,-3.079734275292321
2083,69.432639,0.08248049984549763,0.2758681288903905,-23.090461222079526,-2.96925350591751
2084,69.465972,0.08053122234511675,0.25629129574900844,-25.435311495099487,-3.355944823003943
2085,69.49930499999999,0.08158889733947886,0.2537786589699207,-24.830070983647115,-3.4702734390980257
2086,69.53263799999999,0.08083532340726325,0.2732832738187387,-24.58512767516123,-3.284735905002789
2087,69.56597099999999,0.0789366809864584,0.2717190206443012,-23.211337482114498,-3.4040948924699443
2088,69.59930399999999,0.07825086964286114,0.28090763967445453,-23.11473743438077,-3.411334543830619
2089,69.632637,0.07852509157699762,0.2712118202793903,-21.882317521334397,-3.300072884043892
2090,69.66597,0.07913255452587296,0.2650466521414848,-20.94964095456188,-3.19430141147011
2091,69.699303,0.08006148638196273,0.27129511815927526,-20.827286273082287,-3.3375327139638267
2092,69.732636,0.07933342391352866,0.2679053968505041,-19.53945587779847,-3.2906823016997193
2093,69.765969,0.08007236346435928,0.2674756717441272,-19.85689505188197,-3.4686654170239115
2094,69.799302,0.08024688094150706,0.27997797063954344,-16.352556834666068,-3.656628664437617
2095,69.832635,0.081505044843973,0.2889802393336699,-13.157233546720429,-3.9855877132117516
2096,69.865968,0.0796761196876964,0.30694173747133635,-10.959347711772192,-3.777699666556909
2097,69.899301,0.16564702598498565,0.29942913069744215,-15.357479344197133,-4.217166963448331
2098,69.932634,0.25715544832896664,0.28744037467896943,-11.267758746414948,-5.123409535339775
2099,69.96596699999999,0.27663310745411746,0.28648652689052984,-8.57812022406621,-5.079778156071012
2100,69.99929999999999,0.2583886628471812,0.2637519226642285,4.877942469810523,-6.273270521298862
2101,70.03263299999999,0.1994214740916308,0.2689101933994303,4.7890764854351975,-6.6483906431366275
2102,70.065966,0.12269023308581853,0.2618358148784714,4.378773340091485,-7.044928155553746
2103,70.099299,0.07120608010266853,0.27046874699389684,6.927298397158857,-7.120929481245971
2104,70.132632,0.07122558525576625,0.26934002478859903,6.307512280771055,-6.750777643007775
2105,70.165965,0.07142480720787225,0.25106677758046336,3.8908742416202937,-7.682822612878287
2106,70.199298,0.06885966085364757,0.284212368020072,5.617163060664029,-7.869107214652505
2107,70.232631,0.0665415543329792,0.2715317117364888,8.958903099548012,-7.899849428286753
2108,70.265964,0.06165238923015124,0.28757613920928626,14.781945560816409,-7.025653080103447
2109,70.299297,0.17860335012004216,0.2888025529502075,18.091177990374273,-6.557726933758382
2110,70.33263,0.223214315821792,0.286741644768325,17.76596249174947,-6.3968001288386995
2111,70.365963,0.201836426362682,0.2705619018302183,17.537250300761375,-6.560587149884208
2112,70.39929599999999,0.1875338934371919,0.26678094095663113,18.06073351965096,-6.248982704441029
2113,70.43262899999999,0.17243331023185132,0.2515641284208623,19.116007822161166,-5.956747066843952
2114,70.46596199999999,0.15740064592912908,0.2583157546576459,18.55945634902646,-6.219228207836044
2115,70.49929499999999,0.14840914190002716,0.2606446746018184,16.897257911983,-6.5385458782752295
2116,70.532628,0.142747755248594,0.25616158769413805,15.782845958024247,-6.521151779432958
2117,70.565961,0.14297855166780077,0.17625654183549627,14.201108139182208,-7.0410003931910135
2118,70.599294,0.14053105816666608,0.0924609400145405,8.942563190170032,-7.186359347089871
2119,70.632627,0.1360654128326024,0.07842643506023439,8.985194110000288,-7.166837780272696
2120,70.66596,0.13564353903575038,0.1308425831730406,9.133781214610776,-6.954489560382445
2121,70.699293,0.09111303125971712,0.17296731156706002,10.561787920610202,-6.668859957390403
2122,70.732626,0.06517515007984778,0.20793200873097556,5.432342421096895,-6.8533828214649875
2123,70.765959,0.06668883358295385,0.22545123096177172,8.337107961717072,-7.026718568075266
2124,70.799292,0.0658756689544901,0.2117170255938298,8.593983905314445,-7.276626841997614
2125,70.832625,0.06496403902728407,0.23958373391719223,12.485864799963949,-7.24863268451438
2126,70.86595799999999,0.065831233131885,0.2566061154912317,10.708032691239692,-7.573732789000061
2127,70.89929099999999,0.06486618676689446,0.2632253589442539,11.66172194132896,-6.9158373881710675
2128,70.93262399999999,0.06472867633751166,0.2659959409200612,12.14649439691189,-6.844386548460022
2129,70.965957,0.06708327403162705,0.2830777495596156,11.512489996906517,-6.628252078139417
2130,70.99929,0.06634921947966241,0.2921619848094702,12.329505660072197,-6.467843957292143
2131,71.032623,0.06733900574890302,0.29602834023853714,13.852340504409376,-5.897830668114064
2132,71.065956,0.1488696449642051,0.26334824212724,14.085981737563165,-6.288219995709872
2133,71.099289,0.21618696839255727,0.26848016384109336,15.312487202716515,-5.955299256757407
2134,71.132622,0.2389355835657377,0.26927220026117715,15.70788565369403,-5.789182136467357
2135,71.165955,0.22382266519591307,0.27088846061545274,15.798461357543278,-5.783010166999792
2136,71.199288,0.19503463614290395,0.283766518495173,14.977100467487583,-5.768365718919286
2137,71.232621,0.17571934448132798,0.2876404466435766,14.95698710069846,-6.009770602589838
2138,71.265954,0.16845955969129112,0.28106509697085147,17.020642735633437,-6.15583800659655
2139,71.29928699999999,0.15654330678979234,0.26874208914177133,16.75589256778974,-6.301422312460132
2140,71.33261999999999,0.1480811831811062,0.25455588388693606,16.79940951381741,-6.172968144203215
2141,71.36595299999999,0.1334375784620226,0.27127447296219287,17.785304120130053,-6.453950322898779
2142,71.39928599999999,0.09097707862800174,0.2675744275425138,17.083110405139763,-6.3455846871562525
2143,71.432619,0.09080186442292378,0.2773700017190416,17.505717859229293,-6.388483889391545
2144,71.465952,0.09541423164631072,0.2784452868653005,16.32888742004403,-6.281066979318378
2145,71.499285,0.11645995620751735,0.28112001463896347,17.47334903809726,-6.254938729754188
2146,71.532618,0.14128460292990003,0.2924118848836209,17.60564721216951,-6.001539675631104
2147,71.565951,0.16180761548019387,0.29392709434135766,18.463843670263905,-6.01740460703666
2148,71.599284,0.16989232490551867,0.2963020522623929,17.4201012783186,-6.084986429950628
2149,71.632617,0.16674215958290883,0.2932358915215689,14.849005708259753,-6.438243348592481
2150,71.66595,0.16004644320765196,0.2924962613663237,12.120915294563432,-6.253364861459605
2151,71.699283,0.1495196761531934,0.2925930981561147,9.685687978025182,-6.596740865878016
2152,71.732616,0.13257541661344957,0.2920109062838929,9.215036655130248,-6.1687602924170974
2153,71.76594899999999,0.12276994906068946,0.28476467394450056,10.048904466446645,-6.4172049908279485
2154,71.79928199999999,0.11418957610196694,0.2785060516759487,9.128403690405445,-6.154108152750092
2155,71.83261499999999,0.10927504779203687,0.27084022880936953,8.82247808801066,-6.043137889048749
2156,71.865948,0.10326603813288823,0.2629983289874891,9.006277604245263,-6.247348363373165
2157,71.899281,0.08538534493766596,0.24878415327375192,8.846149646222955,-6.770643373173882
2158,71.932614,0.10037504454580472,0.24907217899876627,8.212650092235831,-6.723555903725801
2159,71.965947,0.11340077352438176,0.2511771645904608,8.473773817582892,-6.60013340061368
2160,71.99928,0.13724211792398308,0.2708606817957283,9.344793157676039,-6.465315264283623
2161,72.032613,0.17140755321551976,0.2714589116083734,11.409680229192109,-6.196381712780891
2162,72.065946,0.21348048758459306,0.2785802580213561,12.433923298304727,-6.245932415457401
2163,72.099279,0.22251489366288915,0.2748156341134156,12.504115543554134,-6.308660946702617
2164,72.132612,0.2210621519650458,0.28280690613687876,12.702622246171831,-6.369216869806766
2165,72.165945,0.22054811235386473,0.27295467682166497,12.424940269668527,-6.386778435850563
2166,72.19927799999999,0.22275286321655066,0.26123207970075396,11.283076165342228,-6.5939602815268135
2167,72.23261099999999,0.23091559507716372,0.27136074755389955,13.185261471940182,-6.165933095459757
2168,72.26594399999999,0.22869018523949725,0.2519765493479311,12.308559231577158,-6.654869797059692
2169,72.29927699999999,0.22715358490467571,0.26250244551725926,11.446252331553026,-6.573122379537191
2170,72.33261,0.22329756555339883,0.2519209221461568,12.546676816605238,-6.311335556675833
2171,72.365943,0.22293893879770926,0.2620683368692224,11.623451536198655,-6.397159197530725
2172,72.399276,0.21441318673762075,0.26907964580685023,12.38455621184893,-6.018714116769529
2173,72.432609,0.15642563734304393,0.2671149014624183,10.507323805256606,-6.305155375706149
2174,72.465942,0.14160164812338208,0.2748451338068415,12.744706707836741,-6.000491370494969
2175,72.499275,0.16416551400537166,0.26726535336237545,11.008729976200987,-5.9143382360100345
2176,72.532608,0.19610294353605054,0.2629361935842177,13.769278987658705,-5.61786912876551
2177,72.565941,0.20121771678353792,0.2517038121875935,11.647125284763051,-5.783625986293869
2178,72.599274,0.19874185231546068,0.2559054901202112,11.836502421241619,-6.074923121027317
2179,72.632607,0.20144347508871502,0.2569746925657055,12.721383692052356,-5.90906310996149
2180,72.66593999999999,0.19918804554738326,0.2653800978169508,12.055624368458382,-6.337257256053454
2181,72.69927299999999,0.18950703925592502,0.2632980151597162,12.551977581142571,-6.0804248840699735
2182,72.73260599999999,0.19113263226678204,0.25994951545691963,11.01087007981111,-6.306077287201633
2183,72.765939,0.19619916505811458,0.26732773228093365,12.445407532452784,-6.507026968147359
2184,72.799272,0.19933682943285305,0.25903937443105135,11.837658982785713,-6.674133188402794
2185,72.832605,0.19372368527033973,0.2691781310072084,13.102210983465163,-6.6075847196559625
2186,72.865938,0.1986288448675267,0.2614630654091822,11.000916857129333,-6.8367605380259375
2187,72.899271,0.1973602521749536,0.26317642580165457,13.210073601372722,-6.972917348469171
2188,72.932604,0.19214984803660265,0.26747885984631226,13.145094899932804,-6.819703527582574
2189,72.965937,0.18241410163260205,0.27298799727148143,14.410118628853594,-6.655340448318063
2190,72.99927,0.18098579627038527,0.27396530356715465,14.834386831402766,-6.6992531494561565
2191,73.032603,0.17714301212090494,0.272226160270951,14.97058599448134,-6.6798369513881255
2192,73.065936,0.18270442365627004,0.2687741172304145,15.352120286026876,-6.695826455565654
2193,73.09926899999999,0.18387359046028653,0.2769054113269618,13.9702688283888,-6.9460521242989985
2194,73.13260199999999,0.20244543156332134,0.2730692479557655,16.072088111003826,-6.616212673135357
2195,73.16593499999999,0.21026833352208205,0.28199778917797474,15.81546368337156,-6.613425718788564
2196,73.19926799999999,0.2163967683371037,0.2753042823340469,14.86838468689605,-6.7501636757226935
2197,73.232601,0.20483745415131813,0.276177526513787,13.809886040470325,-6.710214113763833
2198,73.265934,0.19934239616276486,0.2729816480605157,13.2800063025169,-6.86234359697076
2199,73.299267,0.18595236307874657,0.2735676825214811,14.44667674612646,-6.755446462360988
2200,73.3326,0.16792412497541614,0.28391786696162696,14.514448840804858,-6.689957602146963
2201,73.365933,0.0660567376221666,0.25783671986049783,12.157459800320709,-6.690989409642205
2202,73.399266,0.06837548141566722,0.26827990647740285,11.23143161517404,-6.7289160389807705
2203,73.432599,0.06686520496765694,0.2669053867072547,9.828113799427047,-6.656690046502041
2204,73.465932,0.06759137175792321,0.2574789185512451,10.998440715481037,-6.813831554950904
2205,73.499265,0.06751863042542006,0.19435993666655588,10.336279591075728,-6.956731928893075
2206,73.532598,0.15134570364918584,0.06251346236057391,7.979898049726523,-7.300575095421311
2207,73.56593099999999,0.16656286684939353,0.07897184614047484,6.29691566039386,-7.829799205819275
2208,73.59926399999999,0.17734418090359072,0.07571146714464852,1.8183968767806047,-7.935044042479147
2209,73.63259699999999,0.17199960035582693,0.0842192442183027,4.06289108098026,-8.176715481268166
2210,73.66593,0.1637705835261142,0.17232513621039114,7.591968376027286,-7.745178763427074
2211,73.699263,0.16974117219934104,0.22328847290369064,12.136758411434393,-8.13463272907134
2212,73.732596,0.17047666008693313,0.24853114515506414,11.228888075969362,-8.265633847640741
2213,73.765929,0.16153166112043946,0.2578866002524783,9.738997849752609,-8.818960804260565
2214,73.799262,0.1625039836314238,0.2712318960465396,10.981419418985379,-8.927462404006093
2215,73.832595,0.1636991576914542,0.2711526092336856,11.842118162302214,-8.827262133726505
2216,73.865928,0.16509428046300942,0.2779302388075823,12.428322691440899,-8.892361062054338
2217,73.899261,0.17746200535163134,0.2642854374666098,14.90038231925006,-8.552065713688998
2218,73.932594,0.18682942648267373,0.26923277141638013,16.008224180204937,-8.911158025271627
2219,73.965927,0.18506441152681213,0.29101100302419536,18.099070859992974,-8.667519068008446
2220,73.99925999999999,0.16003052936999707,0.2851734428810253,19.399462274937008,-8.437328783082226
2221,74.03259299999999,0.05544017268205033,0.30495101659138785,20.65945163575389,-8.47902078720757
2222,74.06592599999999,0.05703468672581133,0.3241412299301429,22.091873400503587,-8.156769398898357
2223,74.09925899999999,0.05552172564571535,0.3165099337311219,26.78501447115673,-8.019849597732057
2224,74.132592,0.08193573449558586,0.29202723383356166,28.593490434551068,-7.428509792240405
2225,74.165925,0.12542311738919976,0.3483006701111659,32.27293786868585,-6.3392856688642265
2226,74.199258,0.12454108195276685,0.3608264855163079,34.79058705648995,-6.333726127833452
2227,74.232591,0.1088349489697993,0.38324145291206424,35.57563571586198,-5.175659489842885
2228,74.265924,0.10689514655609549,0.41076490663306864,40.891667233879325,-4.550757745673654
2229,74.299257,0.1595120048944852,0.4050107320137598,41.13917965847023,-3.0103168527957713
2230,74.33259,0.17001104874945383,0.4169683490193721,43.107088849907285,-2.3133811810702376
2231,74.365923,0.13521040373056334,0.4190438094895941,44.3797708954868,-1.1965219666882267
2232,74.399256,0.13243253989453388,0.4123036552545207,65.21271638510895,168.51018892039235
2233,74.432589,0.2018059566169485,0.4283587520597797,66.04970433360674,164.29287791102854
2234,74.46592199999999,0.23316847115451145,0.4570094348580477,49.27141215192679,-0.3919640470440197
2235,74.49925499999999,0.24477360197640213,0.43780496611197434,67.34145687587564,167.7423271803337
2236,74.53258799999999,0.23334013788665361,0.4321288272701793,46.589284173347004,-2.745288226554896
2237,74.565921,0.24707053481931324,0.4523943431484162,49.815526282629804,-1.4385737735086728
2238,74.599254,0.22877272664079235,0.38832119900608464,47.593874065378785,-3.321573778520117
2239,74.632587,0.2973246099277668,0.41399322423780943,49.08286901322545,-3.7072256242980792
2240,74.66592,0.26867418586300107,0.421343327161547,51.04826707684431,-4.118937254135515
2241,74.699253,0.24753413533094612,0.38414769360692647,51.85448465826235,-2.6996172674282923
2242,74.732586,0.2218033581984045,0.4669279413190628,-42.763129293575126,175.25196566097824
2243,74.765919,0.17065962966049744,0.5633726330725586,76.6085443533627,150.96247812993224
2244,74.799252,0.08192616683615847,0.387700179348502,53.179875065478726,-1.98496564091321
2245,74.832585,0.09929401072553494,0.4454766425123655,51.38382402178155,1.1162542011961116
2246,74.865918,0.11597865270121431,0.317280553982466,16.34064181162552,0.5211545693883516
2247,74.89925099999999,0.07409276062401872,0.41686372075233424,71.47647584505062,167.24887987521416
2248,74.93258399999999,0.10575301200804887,0.422196326115144,71.82529290930296,160.84569691233241
2249,74.96591699999999,0.05561143705475542,0.4948633223891836,30.366172169636517,-163.64475450856756
2250,74.99924999999999,0.04952165846768455,0.3976904822699413,71.61835992336101,165.5209710046264
2251,75.032583,0.0894642364087819,0.45009894533556793,72.31210317199069,163.62493030654548
2252,75.065916,0.06929830495987867,0.411585131740801,71.86982376070354,162.2146525350167
2253,75.099249,0.09483713745702525,0.3989059942372435,50.0668739689199,-2.022738164747724
2254,75.132582,0.11285015196479596,0.3423427190452102,30.684802454468198,-175.63491616745245
2255,75.165915,0.14544925212142185,0.40717767564250956,70.2823517746078,160.98578347441656
2256,75.199248,0.19375747563590198,0.4891503744545231,-44.53228334263186,175.32528228044652
2257,75.232581,0.06620873395821834,0.46250860022552787,74.40854664140731,164.11482931875628
2258,75.265914,0.16463046785668214,0.35390488369721396,68.1180222961869,160.48043313774647
2259,75.299247,0.14759234085505737,0.39041122465070777,47.465216234708734,-2.7780387122913703
2260,75.33258,0.17045236874524547,0.32408547883253636,43.59569199078854,-2.8895195670122837
2261,75.36591299999999,0.14425948407558328,0.24119455476798027,36.60641723781221,-1.420818236714244
2262,75.39924599999999,0.1496033533855588,0.19244731236723434,35.52612543637836,-1.892858371052822
2263,75.43257899999999,0.1637051804477081,0.13275662063247096,32.527910685338924,-2.658075561686423
2264,75.465912,0.15611626155106226,0.18532179759642076,29.807492126531756,-3.686434424687392
2265,75.499245,0.15555988820391842,0.24520824210357006,28.92761476251905,-3.9532427617979424
2266,75.532578,0.15840028537460693,0.2565250227653612,26.207840434581627,-4.633593927696595
2267,75.565911,0.11571967239409453,0.2572759433901316,23.029352061378173,-4.829250411401929
2268,75.599244,0.09176790982355192,0.25694018102499516,19.051225555319967,-4.860618184458549
2269,75.632577,0.07387742676677737,0.2608167301232272,17.188784698085264,-4.926902854356117
2270,75.66591,0.07744144329585273,0.2783959045116685,17.614356693348853,-5.16337410200065
2271,75.699243,0.07200588477822628,0.2739087429407221,13.256846829981448,-4.846643472324227
2272,75.732576,0.09097997196505729,0.2776603764677351,12.446710248727802,-5.183392110129998
2273,75.765909,0.0693111040809775,0.27730183993260804,11.600805684644781,-4.921150481720817
2274,75.79924199999999,0.0691658381049993,0.28076771972932046,11.64607237194793,-4.943614179941139
2275,75.83257499999999,0.06900285097104121,0.27562526804429144,11.894197773650848,-4.823973575504703
2276,75.86590799999999,0.06660847970715741,0.2772617486836724,11.334781383334512,-5.105798085324982
2277,75.89924099999999,0.06737138331149856,0.2749488295626271,11.410730559359836,-5.045023868013305
2278,75.932574,0.06812268256202457,0.28001551238186617,9.544053469213303,-4.874610010600559
2279,75.965907,0.06858722495758336,0.2729054841096281,10.545235421726655,-5.136435397211497
2280,75.99924,0.06803807082163199,0.2632966281066895,9.830966966120968,-5.394310564827655
2281,76.032573,0.06817462215863238,0.2701654467680109,11.507503731437506,-5.313821982723818
2282,76.065906,0.06765800997310949,0.2683948335542556,11.553588439735815,-5.637477515837078
2283,76.099239,0.06823602224710511,0.2716914951368164,10.865553491711662,-5.503935438186859
2284,76.132572,0.07275212029196211,0.2916200319215183,11.695853675719398,-5.80325632696569
2285,76.165905,0.06850051858532506,0.28704758461552526,10.986444480961037,-5.807127099770477
2286,76.199238,0.06781121590662241,0.28060053728209033,13.123477688631807,-5.6714867102744595
2287,76.232571,0.07024673242850767,0.3052439739029582,12.004070240990274,-5.94872978998242
2288,76.26590399999999,0.07045632173798225,0.2915826350914208,12.61468336902894,-5.968364991509499
2289,76.29923699999999,0.06933543396902817,0.2906772117391331,12.874412518775012,-6.32860522550409
2290,76.33256999999999,0.0672856969851589,0.2793306480502688,9.117352568806623,-6.58439482422254
2291,76.365903,0.07121759923459602,0.2812181231190519,11.398749144035207,-6.67981444913249
2292,76.399236,0.06868210554072764,0.2770222840998505,9.19997148304918,-6.7844100260343545
2293,76.432569,0.06785849463406958,0.2824628000989171,11.699370335210947,-6.594304200901898
2294,76.465902,0.06774851342821452,0.2847285088158287,9.9592454337481,-6.797502260112229
2295,76.499235,0.06737783027244966,0.281112173565481,11.087260899009872,-6.5944976162700035
2296,76.532568,0.06781351123023628,0.2811097970288744,10.807870954144482,-6.6803694531351505
2297,76.565901,0.06840809288842699,0.27501096512213674,10.022030000187549,-6.306975722085022
2298,76.599234,0.11121663648503138,0.2805593147222407,10.123421414976063,-6.232283711308722
2299,76.632567,0.17689181119663624,0.27645231290796946,12.767070916782501,-5.96807512674499
2300,76.6659,0.20148137776665956,0.27693325908426514,12.391909160731453,-5.720769138817755
2301,76.69923299999999,0.1984026765708257,0.275092954858169,12.388683755619322,-5.824036667272022
2302,76.73256599999999,0.19979738876146694,0.2701275842076501,10.089158144709176,-5.750794906807822
2303,76.76589899999999,0.2037237392717482,0.2747649343021924,12.430712620745526,-5.586645544853569
2304,76.79923199999999,0.20188693870700386,0.2793370684649571,10.995590352576565,-5.826073866807234
2305,76.832565,0.20144134232341004,0.2875878676992193,12.12680225983685,-5.4562348183187535
2306,76.865898,0.19747080381915344,0.2774013882540246,12.23705156939618,-5.509215064093535
2307,76.899231,0.1890293994000433,0.28173288771831373,11.659404138776916,-5.7140794818543466
2308,76.932564,0.1838522939430523,0.2852796946521875,11.14320550875928,-5.743763271701574
2309,76.965897,0.18082292203969658,0.28320769433040804,11.806161066578735,-5.756287754200338
2310,76.99923,0.18353981908636216,0.2787032263245949,11.836027151222481,-5.562729291421096
2311,77.032563,0.19401319684643498,0.2683509047474682,13.830059693785666,-5.491722427453792
2312,77.065896,0.1871496056738696,0.26766865210568536,12.727494757035242,-5.635561649610637
2313,77.099229,0.18542903474867625,0.26673792739831126,13.607340841301497,-5.5512738933063055
2314,77.132562,0.17641964303205784,0.28075580320838317,13.625493015264947,-5.8540223324230585
2315,77.16589499999999,0.176372655076784,0.2787750535219937,14.084028834411237,-6.058657783636044
2316,77.19922799999999,0.1735274848473426,0.2743427088760654,13.616212592846678,-6.19146370243252
2317,77.23256099999999,0.16995342682984468,0.28666281528496074,13.983165689589034,-6.305397394487546
2318,77.265894,0.17472546343097617,0.2951380292282616,15.114181135389435,-6.390569203323314
2319,77.299227,0.17109489196383929,0.30062895044593757,13.951001143252476,-6.53881516936144
2320,77.33256,0.16581872480963727,0.29921667597405455,13.388832254511641,-6.544092580523982
2321,77.365893,0.17622575169261828,0.2928693545483563,13.43896852398074,-6.57297863492799
2322,77.399226,0.17256710610303005,0.2811893890631296,10.31319542565906,-6.800398557717883
2323,77.432559,0.17525546645083193,0.27459350468272004,9.446203970258264,-6.796932788126851
2324,77.465892,0.18493953108075703,0.2862961112385891,7.577312427059378,-6.661203169173888
2325,77.499225,0.1715483184043916,0.2603762359080627,6.30726990888056,-6.594970977461597
2326,77.532558,0.16501415842205558,0.26851379326667585,4.874625428883332,-6.472114002834975
2327,77.565891,0.15182199768589957,0.28433557884527627,5.945335020318686,-6.247862359870573
2328,77.59922399999999,0.1387248224888255,0.2785967296181791,1.508529621883707,-6.158145042109386
2329,77.63255699999999,0.1185129037292223,0.28186782605001004,0.8990805600976469,-6.25205281707015
2330,77.66588999999999,0.10042644512141961,0.27684168702708245,0.5798038776785741,-6.212638550887851
2331,77.69922299999999,0.0737359911705796,0.25480939786227164,3.5282422355584164,-5.964249681803011
2332,77.732556,0.06861035271394776,0.25973123708539597,4.476911070670298,-6.050899576313005
2333,77.765889,0.07079472596902989,0.25550795250959646,4.194650554110088,-5.973206360258593
2334,77.799222,0.07163425649638454,0.260553107495197,6.531962610584159,-5.909653099966234
2335,77.832555,0.0706489173438478,0.2595152953294337,7.16899756509501,-6.016186625589922
2336,77.865888,0.07300655213782495,0.2649766296904642,8.417781476876876,-6.113879395355688
2337,77.899221,0.07198294722999714,0.2705418737799461,9.839876232548256,-6.209603180676285
2338,77.932554,0.07129511593878148,0.2801417158366156,10.876548643658484,-6.291955254294446
2339,77.965887,0.06846310104324509,0.2823163262306708,11.076867779147774,-6.291173100754668
2340,77.99922,0.06889785555547527,0.27323357420901206,9.401611884999621,-6.537893472730641
2341,78.032553,0.07064669002102743,0.27317056290144903,11.070495425895531,-6.417896452430988
2342,78.06588599999999,0.06980001997847358,0.26760120851202196,9.014439612048209,-6.6350513041755805
2343,78.09921899999999,0.06988708731538577,0.28470906175427446,9.694661160541205,-6.480594283376187
2344,78.13255199999999,0.06963199734182032,0.26450940961224395,9.995754645841824,-6.370686535394668
2345,78.165885,0.0711638711624472,0.277859718531665,8.590259552192798,-6.193649090744863
2346,78.199218,0.07087741486809121,0.26315119877967286,9.347113024634687,-6.1849546012441285
2347,78.232551,0.07043955576214084,0.2710406021764017,8.719748452500733,-6.203690407287912
2348,78.265884,0.0719219281124706,0.2692277591306527,6.537944321943587,-5.46790130841656
2349,78.299217,0.07345341379003707,0.2733349369508468,6.477942440632401,-5.256997207722613
2350,78.33255,0.07156561077544782,0.26906320887195856,6.523117182509436,-4.901073337675087
2351,78.365883,0.07028237008004898,0.26934653079423243,2.8853722268960333,-4.777871346515985
2352,78.399216,0.0703434569094358,0.25198918877992565,4.650075105554059,-4.56596839356174
2353,78.432549,0.07254954123588872,0.26472309634695407,5.997385092213429,-4.452619208011628
2354,78.465882,0.07292025312509315,0.26831728641742736,6.757894635411023,-4.1842401694068645
2355,78.49921499999999,0.07274708278478592,0.2654254348899364,6.297832415602378,-4.020749524520263
2356,78.53254799999999,0.07526699471303717,0.25528959903068416,7.155444966706785,-4.087926110798606
2357,78.56588099999999,0.07466952808532652,0.2673303419962697,6.639864099208019,-4.3232292101665175
2358,78.59921399999999,0.0745395503548307,0.2762757840106303,6.257197562258198,-4.273554385433404
2359,78.632547,0.073562614675379,0.2739749454396959,5.380106755063336,-4.234635486167251
2360,78.66588,0.07473886026193202,0.2795884564176661,6.016943807793989,-4.173665920444938
2361,78.699213,0.07427780908139858,0.2727119788779473,5.771987704836395,-4.437763604535601
2362,78.732546,0.0731618847126968,0.26848716198718703,6.073166997779937,-4.3856785354597605
2363,78.765879,0.07443593992045978,0.26541771899824046,5.440149633478947,-4.563595541252025
2364,78.799212,0.07182423520852374,0.2569703623005869,6.464877612102806,-4.844146386867237
2365,78.832545,0.07267321949754185,0.2367809897318328,6.322076624846707,-4.865469706301595
2366,78.865878,0.0719195012135655,0.23697912417638117,6.176388503386683,-4.823211189472486
2367,78.899211,0.07114126212952836,0.2224041469582715,7.295688399449356,-4.8707369657311315
2368,78.932544,0.07275852624528448,0.23128671715513827,6.913354351430499,-4.989624136249078
2369,78.96587699999999,0.07183126989747657,0.23829739088682356,6.109750200181614,-4.959064020315337
2370,78.99920999999999,0.07335108094824684,0.23815967276458277,5.912878041933193,-5.049540621356298
2371,79.03254299999999,0.07454835630305616,0.23019210319665967,5.945431698693286,-5.175186050241587
2372,79.065876,0.07233266011834454,0.24476532706276785,5.509271631697609,-5.130501816579625
2373,79.099209,0.07454587606727209,0.23123769000765884,3.78621289355559,-5.096350870504374
2374,79.132542,0.07409684760680656,0.2130214552456043,1.8151073578432757,-5.100035025888408
2375,79.165875,0.07244223623355417,0.21830520137874668,1.8346686959078369,-4.953917541491877
2376,79.199208,0.07324264477060816,0.23533194511339106,-0.45951303945274613,-4.892019434067098
2377,79.232541,0.07546163787846251,0.24492267363898534,-2.1668016430512758,-4.757539596290932
2378,79.265874,0.07568374558569763,0.24039442255266918,-2.322360362810356,-4.7105579836448435
2379,79.299207,0.07549861646037527,0.24328843281068463,0.48268070096589544,-4.502387597483023
2380,79.33254,0.07566608566424975,0.2627336886182709,-0.7592616817350487,-4.762162257951943
2381,79.365873,0.07596669836348108,0.2633369160000432,-0.20251748723663957,-4.956005203298553
2382,79.39920599999999,0.07640360939345098,0.27576586969717753,-0.5672121483036906,-5.051599577846531
2383,79.43253899999999,0.07609500404861227,0.27416435339652057,-1.756994557947254,-5.174448650771931
2384,79.46587199999999,0.07443374035530562,0.2725277617088154,3.5625607317630648,-5.310380989595129
2385,79.49920499999999,0.07526682279038453,0.25303996616440816,7.14886361952341,-5.556525445892161
2386,79.532538,0.07222253437360594,0.23843102022812293,5.560744739297086,-5.803746159850539
2387,79.565871,0.0740982374109534,0.24800505771425774,3.7024859660108187,-6.010775416464868
2388,79.599204,0.07304912391140686,0.25666235588598973,5.742964875467119,-6.1205918715164715
2389,79.632537,0.07189124666621048,0.2610012155022175,4.421203464292204,-6.251640354937235
2390,79.66587,0.07033408179896462,0.2620654108889927,7.119907493994866,-6.439252862461021
2391,79.699203,0.06596302691496966,0.2836840449049214,7.618494115511667,-6.8170742791032986
2392,79.732536,0.15755559280905646,0.2730896168435897,6.827035992410157,-6.7144986626062995
2393,79.765869,0.20086844659825928,0.28158347927364874,8.210539216866119,-6.587167511615726
2394,79.799202,0.20287568541593792,0.2676863801805984,8.361977822228425,-6.387094969344664
2395,79.832535,0.19422079502538594,0.25770701479949154,6.761267151111328,-6.1693795306021775
2396,79.86586799999999,0.20799570601138312,0.26190327213291176,7.669827723158224,-6.078412122454085
2397,79.89920099999999,0.22511010399819065,0.2766251221484821,7.878709541054932,-5.80280203970932
2398,79.93253399999999,0.2452944494851278,0.2798879552882695,10.21072989876513,-5.788458786574849
2399,79.965867,0.26003357226832474,0.2723726396471592,11.546646556453732,-5.724277702439265
2400,79.9992,0.24903043857775617,0.27114111990069045,10.765424998603848,-5.244377375352139
2401,80.032533,0.24165618235514524,0.2605726861051383,7.106801418075346,-5.098916035768765
2402,80.065866,0.21859484716146857,0.278185405871709,6.832592135983396,-5.08313419606339
2403,80.099199,0.19805226222246777,0.2743982708217991,7.1623850943452485,-5.090558811317518
2404,80.132532,0.19927406998280547,0.27506368301419093,5.91315513948836,-5.130666621572204
2405,80.165865,0.19224655710989708,0.2626302385133224,7.343920859896749,-5.290931821197919
2406,80.199198,0.18805588152321576,0.2719635020002024,8.798688079686649,-5.343378192620415
2407,80.232531,0.18849127442257374,0.26781044019373007,9.576869403287732,-5.441918416388088
2408,80.265864,0.19063567511228968,0.27244977915271396,9.10796192858269,-5.756716523710167
2409,80.29919699999999,0.19884923060665885,0.26660190345253,7.721090328216787,-5.8410816226618065
2410,80.33252999999999,0.20217823400047127,0.25500842305258864,7.077373034880457,-6.498562493201301
2411,80.36586299999999,0.1948987697497851,0.25615691423675313,6.47853744175637,-6.939339448865968
2412,80.39919599999999,0.20118275395631974,0.26992806820107484,6.058833004221283,-7.118628770763374
2413,80.432529,0.19232620098170736,0.2782055122464052,5.130690825589886,-7.740669124303056
2414,80.465862,0.18832209363074504,0.2864086163898699,4.651291243891141,-7.502115836421953
2415,80.499195,0.18266953738928557,0.2777721522615587,3.142227784031564,-7.503711856063026
2416,80.532528,0.17844725118474355,0.2583205041824844,3.8364618492989493,-7.177368158395141
2417,80.565861,0.1714460598442448,0.26841505609002103,0.9866846962025265,-6.983836112112266
2418,80.599194,0.16837668208413922,0.2647114144172685,3.560459533494138,-6.877523874569117
2419,80.632527,0.16506487830495706,0.255056582581204,-0.23595981413449024,-7.034315312787683
2420,80.66586,0.1780082305312821,0.2515110440349513,1.519978746745656,-7.086312871360369
2421,80.699193,0.1903830521375074,0.24432066887853826,4.296000855052984,-6.911634280945429
2422,80.732526,0.19399967610872534,0.2550660593343367,0.9083206224222211,-7.241523083481123
2423,80.76585899999999,0.2097217840184745,0.24893995887919557,0.16950489501818214,-6.855139859833907
2424,80.79919199999999,0.21748847487006615,0.2537115124275704,-1.6578350978784813,-6.680747705567065
2425,80.83252499999999,0.22170813903290149,0.26310934261972985,-3.378395708988018,-6.77914381814835
2426,80.865858,0.21742613503156852,0.25500646327713256,-4.435622635879799,-6.8873151003296655
2427,80.899191,0.214879506294192,0.24868919827860286,-3.545264963602687,-6.795841805609362
2428,80.932524,0.21051792203185513,0.23753786429455784,-4.726971614916118,-6.810198118258903
2429,80.965857,0.20898357972395368,0.24228733824833582,-5.662279520460477,-6.802936001538808
2430,80.99919,0.21109510104537965,0.24706513622744797,-4.180408243556966,-6.645618894156958
2431,81.032523,0.21073785077213827,0.24705245245907917,-4.149211072443919,-6.540738303007873
2432,81.065856,0.20613390699700743,0.24068092737935715,-2.862464580970316,-6.463331570594724
2433,81.099189,0.20861109999202196,0.24455288401683267,-2.271886758466535,-6.4297353240556685
2434,81.132522,0.20779711299683232,0.24141747035779657,-3.603762077622933,-6.330722949465394
2435,81.165855,0.21335569241842542,0.23246739312156733,-2.8976891840938737,-5.812876102914301
2436,81.19918799999999,0.21277259904037282,0.23886092797948855,-3.6354340416161257,-5.562206837807932
2437,81.23252099999999,0.21603832418972546,0.25139553896513983,-3.9084834245055604,-4.765716356880058
2438,81.26585399999999,0.2096238463186681,0.2509534953180149,-4.597432035482061,-4.811549062053139
2439,81.29918699999999,0.2135945911474654,0.23865887565673827,-4.418111554320246,-4.126470823950176
2440,81.33252,0.2201310986506443,0.2631131298615364,-4.514901546448043,-3.506387427808284
2441,81.365853,0.21887638030501877,0.2573802713891131,-6.152397512203019,-2.7903000768721933
2442,81.399186,0.23291488204515198,0.24311982023701567,-7.332432118536179,-1.8459397208767783
2443,81.432519,0.23356681191012424,0.22390371404921436,-11.99638549601944,-0.9310983553510287
2444,81.465852,0.22720526923036768,0.20680994521830295,-12.613703797491572,0.14839741997396366
2445,81.499185,0.23268922969222153,0.21678691773901082,-13.249694192303771,1.4708688059205697
2446,81.532518,0.23864559332228924,0.24166707754773598,-15.625231976183438,2.014924418673253
2447,81.565851,0.24263572147532822,0.24633629532188123,-16.96014391795835,2.5627825242815487
2448,81.599184,0.23554060632107904,0.2390322160376404,-17.1088107312023,2.9671866699776754
2449,81.63251699999999,0.2278657558910669,0.21921457830402008,-14.337205151006101,3.765841336316693
2450,81.66584999999999,0.23052821614926478,0.23318647497071524,-15.03509382172005,3.5132488048409862
2451,81.69918299999999,0.2320984221181597,0.24157124204750596,-13.97825964807285,3.4292738057905705
2452,81.73251599999999,0.23207669365162273,0.23197191662949185,-14.109302811113173,3.551317529206574
2453,81.765849,0.23011752177817948,0.24239968074561247,-13.807131289228918,3.2531522491042324
2454,81.799182,0.22383447183383123,0.2346632450993396,-13.056491457343911,3.126425440202954
2455,81.832515,0.22174952628352979,0.2368122688942197,-12.338682426469106,3.142395645972062
2456,81.865848,0.2113194480447789,0.22680789047039007,-11.414160141238197,2.9688538820380637
2457,81.899181,0.19994437308280053,0.2502570065675188,-10.883013984533939,2.5893595191955026
2458,81.932514,0.19570361952569443,0.2505801055854132,-10.202509726520576,2.3664077282545994
2459,81.965847,0.19830629210180561,0.24489556594395112,-10.465331364529003,1.9346010752154839
2460,81.99918,0.17927030098728883,0.2308636267721021,-11.291026359404395,1.302949327489281
2461,82.032513,0.16798644014741096,0.2344014367239681,-11.872783040940543,0.7023405267325928
2462,82.065846,0.1600811749536869,0.24662552130565418,-12.858538280234495,0.4521282667742927
2463,82.09917899999999,0.14913826454583642,0.22892846898277264,-8.316564623296804,0.20370369042426598
2464,82.13251199999999,0.12941495487531593,0.26219611022028777,-9.808429614112537,-0.521987221812288
2465,82.16584499999999,0.13829220010068619,0.2532556866609344,-8.929241700587678,-0.6677990387859036
2466,82.19917799999999,0.13688843945633475,0.25571733123954643,-9.85150970592855,-0.71875636417833
2467,82.232511,0.13871480410699058,0.2618311055623838,-8.090562262143411,-0.7778454706602045
2468,82.265844,0.13786621978640623,0.24925589095750278,-6.9597125144013035,-1.098907244731902
2469,82.299177,0.12957262764561503,0.2561731500088173,-5.802061712656757,-1.0995543710570281
2470,82.33251,0.12719510203959652,0.24856617012605095,-7.439832849617387,-1.5034692603370845
2471,82.365843,0.12448321917785685,0.24137811826763161,-5.67581189464508,-1.6881152601323122
2472,82.399176,0.12608690646578924,0.2313037557235274,-2.555114168699544,-1.8175699038838868
2473,82.432509,0.12690660795254563,0.2403462667329333,-2.779411839822982,-2.1378739553346873
2474,82.465842,0.12444614121209627,0.25144566791882716,-3.721460675215923,-2.1342468308487015
2475,82.499175,0.13352156161598933,0.23202297731330435,-2.540431599786297,-1.8597421083513688
2476,82.53250799999999,0.13213378217830485,0.23508204654231496,-2.1041522262170007,-2.1173313956000173
2477,82.56584099999999,0.14355350807111875,0.2330698563088891,-3.6617196979365403,-2.3595998559966582
2478,82.59917399999999,0.1437538844506587,0.21939714902052865,-1.4947933067840997,-2.056978548102998
2479,82.63250699999999,0.13882817255826435,0.22790561462252584,-0.24036025592768157,-2.1406422813025134
2480,82.66584,0.1455322231093303,0.23007072262592804,-1.10540879566605,-2.1518464097289263
2481,82.699173,0.14226492006797353,0.23853168127452695,-0.42179212218893336,-2.085804977239378
2482,82.732506,0.1578323956998655,0.24088942596809987,-1.0961713049772124,-2.1695424499889104
2483,82.765839,0.15491560855068387,0.23837638966614622,-0.36938438909430926,-2.0419020381518633
2484,82.799172,0.16129066145481588,0.23638940271325698,-1.3951242563040374,-2.015533929123212
2485,82.832505,0.16710410146899216,0.23681901144022702,0.9270924954334289,-2.299064529031781
2486,82.865838,0.18165537132010848,0.23860306492149547,-2.680220572708834,-2.3674404442070105
2487,82.899171,0.19651472802723943,0.23779701614807544,2.115571667320642,-2.2585289153584
2488,82.932504,0.2017245157763666,0.22530919655450593,0.528453812620531,-2.3635932775505375
2489,82.965837,0.21024986111752633,0.235311265677668,-0.0029396419761788307,-2.4859971213908336
2490,82.99916999999999,0.2128185385343037,0.2337624904449015,1.2151033275836862,-2.3798768242883552
2491,83.03250299999999,0.21877993157584977,0.24660762497407218,0.28872341690044945,-2.4437442611441296
2492,83.06583599999999,0.21488743299792243,0.23288971768527333,0.16585911715073315,-2.6893965384241443
2493,83.09916899999999,0.2176211154701985,0.23875390288998524,0.40768571939268744,-2.6928277842528305
2494,83.132502,0.21150598969257245,0.24255358162348692,1.044098678905392,-2.4300142840817918
2495,83.165835,0.20807564025517788,0.2399966154645454,-1.052350315035965,-2.434508232370659
2496,83.199168,0.19876752107621692,0.2464532526080389,-0.2765048541039092,-2.4229532102518774
2497,83.232501,0.18197859430254146,0.2506718660902474,-0.5109825481550508,-2.5328449926387004
2498,83.265834,0.14159828063676017,0.24127275897691905,-2.888888710953897,-2.6717439086376285
2499,83.299167,0.1352323679399976,0.23370732093738703,-2.220327099856732,-2.636782564598092
2500,83.3325,0.12353970311175826,0.22017736657978212,-2.68571975131277,-2.639232645568256
2501,83.365833,0.11862694632985153,0.22619034926804227,-5.250376688859431,-2.8581630491270844
2502,83.399166,0.12274108237495011,0.14288190592907096,-4.578905000171296,-3.3330839159131216
2503,83.43249899999999,0.11213220070574346,0.0914542092137883,-3.973863968672304,-3.0550232464011327
2504,83.46583199999999,0.11935507813363794,0.10023943037201091,-3.0706443818198386,-2.766363832354263
2505,83.49916499999999,0.12259335776778763,0.17639196243692412,-4.580555446403734,-3.187639761449678
2506,83.53249799999999,0.11450960668172384,0.20421621027549092,-8.76175519075452,-3.4207312482425474
2507,83.565831,0.12927955245235898,0.21937062235917282,-5.314383541996046,-3.325677093925455
2508,83.599164,0.1239647925972056,0.22476771292566017,-5.138929131553423,-3.3993588256656095
2509,83.632497,0.12550555173817654,0.24149634331546066,-5.8768275904144724,-3.5678964147123384
2510,83.66583,0.12867185571236545,0.23824828526746722,-5.515049567472819,-3.419897355176063
2511,83.699163,0.12804805261946897,0.2681983161236688,-3.738014657756431,-3.480316304309903
2512,83.732496,0.12260810060393372,0.24846938061385385,-2.4011638570441414,-3.409044652898639
2513,83.765829,0.12107842000908535,0.23933641204483747,-4.491572811942286,-3.080791726093966
2514,83.799162,0.13049063460791197,0.2501394332247915,-3.92000167526039,-3.251952030862133
2515,83.832495,0.13239986013044866,0.24408943526862853,-6.674552495405877,-3.311165549308531
2516,83.865828,0.12043755846017079,0.23827699791961665,-3.8015636906842256,-3.156281844587057
2517,83.89916099999999,0.13308879008858127,0.25392544827788494,-2.485943647169102,-2.786291269477684
