idx,time_sec,mar,ear,yaw,roll
0,0.0,0.06563073632249394,0.3000387759128372,-1.9031086119188403,-0.45588980503228943
1,0.033333,0.06728038083850622,0.3060987275578109,-0.5737559890693984,-0.33599273232485577
2,0.066666,0.06808434568753419,0.2997578067801868,-0.750611888312524,-0.2865327416502772
3,0.09999899999999999,0.0688218887607397,0.30163719158727986,-0.4420444177889906,-0.2952433404883958
4,0.133332,0.06863506734765526,0.3022283058685704,-0.548358336568649,-0.5023522683810545
5,0.16666499999999998,0.06913455336126331,0.2967628451848977,-0.7332369257853668,-0.2786403898391219
6,0.19999799999999998,0.06879285226966349,0.24151529589139442,0.01402976465959478,-0.2123708727003148
7,0.23333099999999998,0.07029264720899057,0.06770158134080748,-1.4957171865209242,-0.5888143201756492
8,0.266664,0.06893584411976156,0.05710747653257299,-2.3190336657835404,-0.4416691274898364
9,0.29999699999999996,0.06930539139601209,0.1485060102362225,-2.042916108124111,-0.8736643158257034
10,0.33332999999999996,0.06950770182041374,0.19515261172376394,-0.6723749105672339,-0.6450903194290029
11,0.36666299999999996,0.06957243306017487,0.2171456612971598,-0.3561049871114708,-0.4934602222232551
12,0.39999599999999996,0.07069258999785888,0.23820160553287203,-1.5849982532261697,-0.6065707711202062
13,0.43332899999999996,0.0698008376303618,0.24901013673220296,-0.6613551902767058,-0.4460273794685151
14,0.46666199999999997,0.06934168374724471,0.2594056927236953,-0.8511229350196081,-0.36166243691574484
15,0.49999499999999997,0.06946749954397,0.26868042202562303,-0.8333124814303272,-0.31190320279180866
16,0.533328,0.06948578962242959,0.27264167754358526,-0.5158930786754616,-0.39246346179566144
17,0.566661,0.06998980448431569,0.27083900546979217,-0.9778855524360661,-0.4152324109703098
18,0.5999939999999999,0.06871354214713898,0.2745800580950638,-0.5916748826091714,-0.38801485964500554
19,0.633327,0.06795757027843688,0.27608941812362675,-0.766747241479438,-0.34036260231557697
20,0.6666599999999999,0.0689372665690653,0.27813772610240733,-0.1269008915802354,-0.37317319732560456
21,0.699993,0.06961252264839861,0.2811414034768227,-1.149255940369957,-0.36027331971291743
22,0.7333259999999999,0.0693822283045338,0.28366860713217085,-0.28881922719690317,-0.3370020811929863
23,0.766659,0.06889635893434642,0.27970128903856806,-0.255742888067467,-0.2938560969957655
24,0.7999919999999999,0.07058390317206975,0.27778893722396814,-0.6544616219224153,-0.36255641453005066
25,0.833325,0.07019060955707024,0.27715283485502473,-0.369615755196491,-0.3450580531314937
26,0.8666579999999999,0.07071906544926151,0.277291178044051,0.13186513087027404,-0.2951090619726428
27,0.899991,0.06863918714896644,0.28165360216942714,0.36688021574785235,-0.6089762724975899
28,0.9333239999999999,0.07007622623679026,0.27672204474133694,1.0920139201321173,-0.6027281556678726
29,0.966657,0.06834588362225041,0.28600087439795857,2.8742850043074375,-0.7602261313712009
30,0.9999899999999999,0.06527563014674148,0.28455828979170805,1.73685388712268,-1.0294852491416357
31,1.033323,0.06186612498721893,0.28132260196504366,2.4449026365293256,-1.740476546263349
32,1.066656,0.06111209093951017,0.28385520518298274,2.9796033657766325,-2.3799834359953063
33,1.0999889999999999,0.06240788506846624,0.28347453343588547,2.6099381526071506,-3.118145133426467
34,1.133322,0.05974413084879347,0.28136568235752213,2.9901666817292165,-3.8116133463407325
35,1.166655,0.0594806355503505,0.27813342906107036,4.079938716681258,-4.183821525599065
36,1.1999879999999998,0.06332048042765964,0.28633162080696206,5.101271571480334,-4.827033808198711
37,1.233321,0.0641933924557863,0.2875518323380257,4.660908552637385,-5.499300396315054
38,1.266654,0.0627814125230601,0.2799726435194916,5.243813770283515,-5.827256691351302
39,1.299987,0.06329630524418216,0.27946549676346166,5.434028610194178,-6.143669977434
40,1.3333199999999998,0.06271419522830031,0.29060873464820763,5.66016476086832,-6.44047396313661
41,1.366653,0.06377602075232974,0.2922219367069131,5.767774605100358,-6.43482426037233
42,1.399986,0.06490888289256354,0.3018127193413944,6.3781521902112095,-6.581508787376293
43,1.433319,0.06411760759646772,0.3055780753645516,6.541104725342312,-6.80422990743728
44,1.4666519999999998,0.06346663892966223,0.2919764767540316,7.5255503297278095,-6.780185030303205
45,1.499985,0.0620788683126246,0.2994028362146255,8.210668726461336,-6.764341242499726
46,1.533318,0.06234618691293427,0.3015590080442353,8.25204615200585,-6.93708336340596
47,1.566651,0.06137214915476653,0.28664921664399834,8.33633445561309,-7.011108220604504
48,1.5999839999999999,0.06135430027338267,0.2910226357338982,8.367308904670233,-6.899886121137803
49,1.633317,0.06368632147543728,0.29944154449226934,7.660849455321699,-6.6795238285050385
50,1.66665,0.06352252486089666,0.29649578562662143,6.499591624922745,-6.5200701542194786
51,1.699983,0.06553286264777336,0.2891262214658296,4.2946187343160105,-6.359893120813058
52,1.7333159999999999,0.06629256343859727,0.2913756777022053,4.582885705575359,-6.185077719782601
53,1.766649,0.06786777816923069,0.28338459442920255,3.605348396195876,-5.809086728196125
54,1.799982,0.0649225664403926,0.1402766413594509,3.786471143382533,-5.871636021492872
55,1.8333149999999998,0.06368058256861826,0.07119006910711564,2.5852004532955952,-5.597039670106103
56,1.8666479999999999,0.06549860545828434,0.11329126069049769,2.13773774282775,-5.996863380555043
57,1.899981,0.06282337847615585,0.20806893675023647,3.011733535424738,-6.453395104122781
58,1.933314,0.0647486287371027,0.23579007980991717,3.8765870902618276,-6.800504945183317
59,1.9666469999999998,0.06550555463199938,0.257253814870205,4.654889089098941,-7.071881029474535
60,1.9999799999999999,0.06448015640845989,0.2638480942966874,5.7572533996539486,-7.421613429090619
61,2.0333129999999997,0.06312085470618332,0.2766733500583335,5.495575927549087,-8.413011323973938
62,2.066646,0.062479751371984055,0.2965481667701674,5.216692030428392,-9.023040187359788
63,2.099979,0.06081564033814369,0.3113454155420031,6.27934489055919,-9.357517020449732
64,2.133312,0.05987555928817144,0.32771229758980003,7.4664942818343,-9.236524021782714
65,2.166645,0.05785967261556292,0.3374311520666635,8.408965504533965,-9.276434057740623
66,2.1999779999999998,0.05669853298210874,0.339542198138586,8.426765665593777,-9.226947593518913
67,2.233311,0.05782266533600739,0.34592133958382,8.657650075803051,-9.102446386788136
68,2.266644,0.05716026996811682,0.3400527259647233,8.572778432119623,-9.052014351428255
69,2.2999769999999997,0.056894711709261886,0.3320840810033292,8.137411418985563,-9.036383100851504
70,2.33331,0.05706557498826368,0.331286703201908,7.832365591904455,-8.917209342197506
71,2.366643,0.0575936568314057,0.32805952215329315,7.493869177556768,-8.655654880022468
72,2.3999759999999997,0.05772722364087554,0.3312620253557877,7.580308270606394,-8.418434285590804
73,2.433309,0.05723801282160769,0.32492215352857345,7.87156152758419,-8.13938792154158
74,2.466642,0.05839350401668239,0.3280031519963912,7.127452835535716,-7.956125878439878
75,2.499975,0.0584106855580965,0.32783323954215016,7.396433407366132,-7.681950925876345
76,2.533308,0.060200920763469355,0.33447619584723964,7.12184025469944,-7.447928735277004
77,2.5666409999999997,0.06037377810288083,0.3289104987277087,7.318143389515763,-7.253804644009075
78,2.599974,0.0591503151640076,0.3349638339613921,7.331534742599461,-6.986513059623294
79,2.633307,0.05738749258004383,0.3174816281989855,7.185663724330287,-6.339257791521205
80,2.6666399999999997,0.05748314196762905,0.31442734374264397,9.92010033276592,-5.352347181069883
81,2.699973,0.055030123591278325,0.3414144097290626,10.676320678628795,-4.3513547935237815
82,2.733306,0.05329461311406666,0.35994202269370645,11.273501937063896,-3.128578083150242
83,2.766639,0.053066381760861876,0.33682279561704037,13.839187935171992,-1.9435005988150935
84,2.799972,0.053156435624841604,0.3467038906551748,15.226344041830776,-0.6717515956368023
85,2.8333049999999997,0.04948391948622419,0.34867147781288377,17.756193589958496,1.0460447127281804
86,2.866638,0.04921982454413569,0.35473135723790006,20.02674286446203,2.7686254754236637
87,2.899971,0.05150036363436916,0.3505389685467468,20.939595333244725,3.94421421575215
88,2.9333039999999997,0.049052205241305644,0.3712993719517669,22.0476643387842,5.320831351408594
89,2.966637,0.04963255928796328,0.37356560838968184,22.082778297932457,6.84508097564655
90,2.99997,0.051883089600282636,0.3578502888050222,22.06074182104979,8.106396808323703
91,3.0333029999999996,0.05186337891553061,0.3532356932576537,21.521852861737635,9.627764229423946
92,3.066636,0.05120476610698555,0.3576541838940356,20.988899117280262,11.549937748243902
93,3.0999689999999998,0.050686295839062964,0.34677011906873856,21.419679664981906,12.74910948406262
94,3.133302,0.052218310769777655,0.3470317716405519,21.64068508055209,13.588436489726398
95,3.166635,0.052607724061816075,0.3548437629328498,43.62121398764345,-164.66072930056427
96,3.1999679999999997,0.05221187881118897,0.3539930531612865,43.08869508956102,-163.89196432650803
97,3.233301,0.05094941408376505,0.3485123136370875,42.958448561654585,-163.08927557190816
98,3.266634,0.04879089190808006,0.3447568889943001,42.80134830974441,-163.05673361742888
99,3.2999669999999997,0.047901220198998055,0.3416645812269333,42.286688982370045,-162.84938654384484
100,3.3333,0.049754114351944934,0.33994533656656645,42.29736562852535,-162.44656321246157
101,3.3666329999999998,0.049011488200439435,0.3413074303236081,42.38371194757781,-162.44415845203747
102,3.399966,0.04958316630392288,0.34119677756942335,41.83617759960159,-162.2145046724104
103,3.433299,0.0509403544285676,0.3371004022066275,41.59381613973384,-162.53346540303457
104,3.4666319999999997,0.04994518781669575,0.3385794123149125,41.94431184473079,-162.96781055615472
105,3.499965,0.05051987370170346,0.3374157596896086,41.903271512640345,-163.03939796856585
106,3.533298,0.05168462849230152,0.3406187084823541,21.908453873292153,14.537065513757192
107,3.5666309999999997,0.05124954117282689,0.33708324099221465,21.729459224726586,14.472205009902266
108,3.599964,0.052068133285218185,0.33688329095599734,41.26473521565938,-162.85491272314596
109,3.6332969999999998,0.05099178399243686,0.3372430164299488,41.015511631107906,-163.4401060491966
110,3.6666299999999996,0.05015591933441781,0.3412029833410646,21.309039296988814,13.861931795582676
111,3.699963,0.05135185213796137,0.34498176509425293,20.95199697763902,13.884744629953435
112,3.7332959999999997,0.05085039848007367,0.3450291559483167,20.93110964151852,13.60788260584209
113,3.766629,0.05012477744979477,0.33475600679107775,21.452761996252526,13.352052202970983
114,3.799962,0.05100269959879409,0.35033813324686225,20.75031792094171,13.21476345525007
115,3.8332949999999997,0.05017230564929433,0.3490715624300849,20.971581603383118,12.943394832823023
116,3.866628,0.05101158820072656,0.34813168385749654,20.340176617114068,12.863087583942912
117,3.899961,0.0508322751714557,0.341384684439052,20.9245726497504,12.702567459556615
118,3.9332939999999996,0.050033499487877456,0.3391925186854348,21.103550435682845,12.628406176935313
119,3.966627,0.05073742069391235,0.3428580768912539,21.003433732777385,12.584444518766382
120,3.9999599999999997,0.04897289110455438,0.3330742118559357,21.263664063044644,12.254629263943334
121,4.033293,0.049332042923120885,0.34050043727605167,20.669432553495426,11.97335118281127
122,4.066625999999999,0.049312748254881224,0.338771917489449,21.49538761370795,11.894293634046567
123,4.099959,0.04934852841563561,0.3471979193987583,21.640696568078397,11.853310963956211
124,4.133292,0.04923863025127024,0.3404711667209417,21.485226858877343,11.904438458492722
125,4.166625,0.04932292956614349,0.34355896550995957,21.095884718220802,12.100869754067205
126,4.199958,0.04827037450432046,0.3449743157769999,21.59502596661326,11.920999761309975
127,4.2332909999999995,0.04882763381959926,0.3469226695948352,21.024712651276772,11.939785082054765
128,4.266624,0.04992080911086019,0.3528110698038873,42.36232271357397,-167.22255198523789
129,4.299957,0.052454463878734287,0.3500927159352737,20.501520120655574,11.398764841894478
130,4.33329,0.051932987186481164,0.34687861680028975,20.707640373542404,11.021767529320083
131,4.366623,0.05103065222972122,0.352139860988703,20.363274019167964,10.730026788599202
132,4.3999559999999995,0.053624451961111756,0.3597212168312889,20.393715027398507,10.48101314821216
133,4.433288999999999,0.052493821426497556,0.38238993966033613,20.833709456550313,9.739541417368358
134,4.466622,0.05258160589884509,0.40245801920275615,21.459342899112194,9.500739754760017
135,4.499955,0.04545599174391218,0.40750418767378127,22.66892527852903,8.316850673243065
136,4.533288,0.046326698045092346,0.4038898787888281,22.898833616559312,7.769976819723272
137,4.566621,0.046526346956819425,0.3999522376872613,23.644168632769397,6.454803568157637
138,4.599953999999999,0.048178310017832224,0.40021040895493903,23.470384142917844,4.69989027605331
139,4.633287,0.04959555729442777,0.38382871829941767,23.142306732409047,3.388187800453298
140,4.66662,0.052798172759850354,0.3619276061855743,22.89455376379879,2.162564006564267
141,4.699953,0.05071085473591555,0.3490403100034962,23.111106986589228,1.5238581503305388
142,4.733286,0.048709921618327726,0.3562854997902749,22.831743729114272,0.7525498283616989
143,4.7666189999999995,0.05066690697074494,0.3598958919472295,22.539387420112483,0.09169114103015578
144,4.799951999999999,0.05087371264672798,0.36294042842996144,21.926875255947206,-0.0930721460639368
145,4.833285,0.05396781817315931,0.3486753533019394,21.94682725379473,-0.7856251310284998
146,4.866618,0.05474512690445121,0.3268016783663928,21.19145424210672,-0.6046987055746676
147,4.899951,0.05674833827195192,0.3333229579249919,21.003216763676466,-0.4717010823492312
148,4.933284,0.055841500458172925,0.32144175819967935,21.09507730407765,-0.5856187055582179
149,4.966616999999999,0.05569079786558637,0.32837238982176314,20.771740372987203,-0.6674030315820733
150,4.99995,0.055656696730248395,0.3221567470612966,20.991846167237746,-0.8488615725746634
151,5.033283,0.05695523711237713,0.30793720988578005,20.363259258702374,-0.7797470767983706
152,5.066616,0.05555056116460321,0.31391795265654654,20.139929294636907,-0.7944526549639882
153,5.099949,0.054551958400674956,0.318280171387184,20.169740683659565,-0.6121998738535511
154,5.1332819999999995,0.05564252541753464,0.3153810947102262,20.80130923640883,-0.6088057873343522
155,5.166615,0.05658034915760951,0.30929311497053225,20.873488927084853,-0.5172607621227505
156,5.199948,0.05682534415157079,0.31670727403709265,20.98276328445103,-0.591191975123181
157,5.233281,0.055487996075503324,0.3119084282215251,20.34100837894116,-0.41177979497532297
158,5.266614,0.052227445251511025,0.32254834922228465,20.877415762644706,-0.46509139648697456
159,5.2999469999999995,0.05370507279295094,0.32163244615231223,20.18515050992815,-0.6160422747695153
160,5.333279999999999,0.05471195628464414,0.3164693417538991,20.33088675265971,-0.7221047530948898
161,5.366613,0.05284158474091094,0.3197907595776699,20.70744893047014,-0.7933184725904547
162,5.399946,0.0532655979366678,0.32154385239860217,21.12184833801237,-0.7506841828570476
163,5.433279,0.05312210807763349,0.32219372321500406,20.963891085908156,-0.722230904196729
164,5.466612,0.05322297175180862,0.3268255364242747,20.719882685474236,-0.7805597754077749
165,5.499944999999999,0.05287028796921599,0.331739510277981,21.378703892429673,-0.693762047285233
166,5.533278,0.05187022840257702,0.31906558062574364,20.58682387358952,-0.8803870100331888
167,5.566611,0.05211861230564464,0.3274113467265735,21.2254571383673,-0.641084490428164
168,5.599944,0.050442478748451765,0.3204172550084681,20.636920658151496,-0.7443444012889551
169,5.633277,0.04997673335741203,0.32828328963959974,20.922312291025914,-0.6493872549449103
170,5.6666099999999995,0.05033860455925417,0.32395058920789543,20.745727696442927,-0.6801266931596266
171,5.699942999999999,0.050779196282072614,0.32400763461489535,20.868786152884244,-0.2542260686620385
172,5.733276,0.053357184971431396,0.31639666448863635,20.712227739697916,-0.30118846534486915
173,5.766609,0.05424434892361194,0.3073983142243409,20.33856760208936,-0.018852397094814857
174,5.799942,0.05253101891194345,0.31168543986429575,20.54092759978188,-0.14281672643725205
175,5.8332749999999995,0.05330703954912497,0.31210802508101787,20.185871570168622,0.018538141123775387
176,5.866607999999999,0.05349686934985813,0.3163812713206041,20.01397471608142,-0.08190905005046543
177,5.899941,0.05383889513495716,0.3124956456039574,20.757225077449625,0.1216051103146946
178,5.933274,0.05243434520039766,0.3107298672817911,20.643980574098723,0.0881115570805023
179,5.966607,0.05405510938063246,0.31791751355556036,20.446787392997184,0.0875319076448225
180,5.99994,0.052564352984173605,0.30361259132875484,20.84973882726156,0.22898768039779838
181,6.033272999999999,0.05363459726272673,0.3101297184204781,21.250422139083017,0.40336309773377965
182,6.066605999999999,0.05341985037107889,0.31416707054965104,21.09095128895204,0.7411793421698909
183,6.099939,0.05337674426646463,0.31185340846117937,20.65563001882701,0.5984352374704751
184,6.133272,0.05314836516658278,0.31161283731097966,20.61062643920481,0.8718027352656039
185,6.166605,0.05205072644790901,0.31937999475328616,20.299402680769965,0.721981967470688
186,6.1999379999999995,0.05084897098864842,0.3101689157053986,21.0398986933048,0.9724820319753942
187,6.233270999999999,0.053172935752827374,0.32367513691224514,20.435886160449193,0.8760010561453105
188,6.266604,0.05202953728452801,0.3257739068499832,21.034337233777983,0.8437006587832998
189,6.299937,0.051054321619863716,0.32351238494936563,20.351339941757328,0.9107613195975206
190,6.33327,0.04845868890910252,0.33016511715564223,20.505189248425246,0.5491960881529759
191,6.366603,0.05260247780948518,0.33478973089319913,19.85219362304139,0.5009187857659994
192,6.399935999999999,0.05275296467227963,0.3328183995155097,20.24814909842126,0.3104706559003282
193,6.433268999999999,0.05273109430686057,0.33623952862825846,20.133545405168316,0.02038737597358139
194,6.466602,0.0513987302324097,0.33336635986719065,19.829679306959186,-0.33881450556683707
195,6.499935,0.05070766152075517,0.3357689825977501,19.666270284804202,-0.5118538522272483
196,6.533268,0.04723115266044307,0.34017608073064265,19.131870636453996,-0.5854970185032039
197,6.5666009999999995,0.05161091384814256,0.3320950817666569,18.310118060863214,-0.42890028832804566
198,6.599933999999999,0.052409099058514215,0.33468376216952844,18.264577455451334,-0.6004710168239465
199,6.633267,0.04850923004899033,0.32750666533469514,18.39692300779319,-0.5169423133993165
200,6.6666,0.053017078156236054,0.3329646169670274,17.110077019682613,-0.2976534269958293
201,6.699933,0.05177570680317772,0.325023200698665,17.387216460334358,-0.14689195444742936
202,6.7332659999999995,0.050477558366998375,0.3255325927921646,16.939619430055565,0.2714253285214625
203,6.766598999999999,0.05206046228664821,0.3197785926091131,17.295926010048102,0.31369786324415255
204,6.799932,0.05036264203489082,0.3246537467848983,17.088015092141404,0.5275550749438596
205,6.833265,0.05094938902619787,0.318395217310051,17.10529831750106,0.5695613496799818
206,6.866598,0.05162947668138735,0.32442120851262146,16.691530973444973,0.8253433701873699
207,6.899931,0.05117167150904511,0.3247355382616597,16.44018967243867,0.6749047850663481
208,6.933263999999999,0.05134227061783353,0.3233365048732584,15.842503846865972,0.6712238702525661
209,6.966596999999999,0.050963979728516774,0.32662058639373015,16.777069912284475,0.6821716410809278
210,6.99993,0.05298330742653744,0.3253424662354772,16.4139986881054,0.7359751899146368
211,7.033263,0.0523231921878965,0.32771567345545555,15.869203572916254,0.5807442131945612
212,7.066596,0.051816348808336625,0.3268385816394801,16.208354117571556,0.8191771730940051
213,7.0999289999999995,0.0518694971870862,0.3251655036216111,15.602274571453199,0.9697467295866542
214,7.133261999999999,0.05167815641410676,0.3264761885753874,16.193802045594328,1.242949254067845
215,7.166595,0.05143435646806748,0.32469396071376155,16.05982215470173,1.6213708670396607
216,7.199928,0.05343642738161079,0.31211826749542115,17.18790006392136,1.8969298642905326
217,7.233261,0.10443421406209923,0.3213544092170459,18.276506835262563,1.8223873062907565
218,7.2665939999999996,0.20200845082392,0.33130730388152196,19.904665166081028,2.1592028963278866
219,7.299926999999999,0.1943254864609314,0.33613006666636647,18.660154268766586,2.7457232187121883
220,7.333259999999999,0.1854300266141398,0.33613198057114385,17.966866794266153,2.8021349682155385
221,7.366593,0.1533118031879481,0.34805277763554215,17.290568006593084,3.1586035992418235
222,7.399926,0.13196032079185363,0.34215711779910724,16.674132294681357,3.2735156465529025
223,7.433259,0.1255044279066067,0.34231484349708646,15.895795094551188,3.723620131727661
224,7.4665919999999995,0.1218781202829616,0.3353893474490117,15.599667298100194,3.9410285579793976
225,7.499924999999999,0.10458341800221521,0.33582046277438204,15.113794045770263,3.928752402839979
226,7.533258,0.10883741963402084,0.3192173010486419,13.40076343323357,4.001495239594748
227,7.566591,0.101814834858229,0.2934808342155525,10.587534573115907,3.6836595881953116
228,7.599924,0.10057147630839579,0.3083265027892945,9.416548801380237,3.4541252064698833
229,7.6332569999999995,0.12036747427567536,0.31235271755594446,7.411558046612185,3.281684875041233
230,7.666589999999999,0.1300532865571598,0.3097742697479108,5.8573440433798,2.982066163853246
231,7.699922999999999,0.1284551659087266,0.3082397851455132,5.668451770229892,2.8564070120080474
232,7.733256,0.13079083316271495,0.3098576754818596,6.656429269733801,2.849595020874822
233,7.766589,0.13316121079822169,0.31335155953554383,6.064233181194631,2.901974013277078
234,7.799922,0.14774237302794002,0.29998858473524165,8.085699406544947,2.974894426894242
235,7.833254999999999,0.16135470571206958,0.28925954940070786,9.274906470292485,2.7974874042578284
236,7.866587999999999,0.16376533910957494,0.2982230492148569,11.021377161571838,2.650457648440249
237,7.899921,0.15952199123107857,0.30792300684921947,10.86857532714839,2.779748513635211
238,7.933254,0.1599840365238345,0.3047326348629379,11.341506336801864,2.6994689123384257
239,7.966587,0.16292799155090545,0.31170632346438204,12.281529957765484,2.621396268619549
240,7.9999199999999995,0.15804714449807034,0.3143562051564851,12.163419726657535,2.763237939046349
241,8.033253,0.14331995601640762,0.31099910667617753,11.856009086630069,2.81758021179122
242,8.066586,0.13612791132103916,0.3186700231762751,12.415929514697352,2.837854529946831
243,8.099919,0.13883660085444385,0.3178018608498161,11.862448564825652,3.2276745873650614
244,8.133251999999999,0.12894969645222185,0.31790101912295954,11.650897656633214,3.311512921208942
245,8.166585,0.13219247196947986,0.31538823711865294,11.059354182365679,3.4375711686794483
246,8.199918,0.13113792404554653,0.31306446831653917,11.593590509569896,3.72209282897744
247,8.233251,0.13940710963494923,0.3091587249435509,11.796379629221908,3.517307995374752
248,8.266584,0.16900466938272343,0.31069721493429314,13.898145787254363,3.3212872297156824
249,8.299916999999999,0.17867468390292257,0.31480659785583265,15.035043083923497,3.524399496080757
250,8.33325,0.2060528993089005,0.3234001576547423,16.481798590934638,3.687526896876253
251,8.366583,0.20845110293059607,0.33003509461332403,16.723129183709986,3.6029923632765235
252,8.399916,0.15543661130132913,0.33053376101200116,16.825382078783026,3.4565379356445423
253,8.433249,0.08310619433104482,0.3311082783796714,15.141460083205292,3.232600678949412
254,8.466581999999999,0.05613968847672504,0.32954226924705643,15.096504004581334,3.3332463577742626
255,8.499915,0.05782722306318699,0.33765604015598316,14.191499465130612,3.4390925749844894
256,8.533248,0.054387620874001216,0.32328350289935437,14.244162515135114,3.539823929297142
257,8.566581,0.08662946598459016,0.3263519674944458,14.586788140661238,3.5997434746814774
258,8.599914,0.11164048633166183,0.32985942403852914,14.594429726672072,3.5631040324457564
259,8.633246999999999,0.1043310577826974,0.3225438652878079,13.360741287715621,3.3702502881457734
260,8.66658,0.09894511236565068,0.3272830674855493,13.350956964720067,3.2070114465600557
261,8.699912999999999,0.09093860303484182,0.32364957109396186,13.711136027503528,3.2967137583024493
262,8.733246,0.08409128461199056,0.32377043977032216,12.655224230712703,3.129513882228704
263,8.766579,0.08311218388535449,0.32368007783704145,12.556500212864275,3.0226037581082825
264,8.799911999999999,0.07946528833800935,0.3233709562929094,11.580026168076085,2.813865325608359
265,8.833245,0.0681823014680511,0.31732046826267774,11.149478689063884,2.5507057478115063
266,8.866577999999999,0.05691249160706384,0.320164846587878,11.25108654331651,2.6625422188850645
267,8.899911,0.05309147458090991,0.3161074248867003,11.042092336848606,2.867941214152726
268,8.933244,0.053377269956114325,0.31769040700380924,10.763982324751328,2.8190659798054134
269,8.966577,0.05129698642038862,0.31752207650292086,10.748959989739804,2.782716959523306
270,8.99991,0.05336567126469969,0.32143544014591086,10.937016162234654,2.772992290283821
271,9.033242999999999,0.055328747644737844,0.31982731284077726,10.568011560146369,3.068699946897153
272,9.066576,0.057889979660596294,0.3215829517691435,10.080149589186092,3.0570425190782844
273,9.099909,0.05789884750672216,0.32476153632031735,9.831367060346292,3.2959780277156385
274,9.133242,0.05629147413898784,0.3176870279474776,10.158243598269392,3.3578756096993856
275,9.166575,0.05762868619684916,0.25874923973996133,11.052745806947215,2.9761309310509096
276,9.199907999999999,0.10988680464589808,0.1711527412971977,11.40069118134889,2.414103996564755
277,9.233241,0.16194039776494987,0.20509927659079996,10.96610030057912,1.9107091783025596
278,9.266574,0.16134166489842147,0.22201650444596355,5.722684173745092,1.2577100945862774
279,9.299907,0.14586723370045954,0.2331615455864956,0.24638255923982644,0.6900647572576832
280,9.33324,0.12428373287450566,0.24025836814167803,-7.997384457583196,0.3166512783314104
281,9.366572999999999,0.09674958597467209,0.2594174226438176,-13.298093397610334,-0.9359261133730817
282,9.399906,0.098151525948676,0.25847172947921915,-19.650275138834772,-2.267695683188454
283,9.433239,0.12999107419913847,0.2623113184443395,-22.25574775158697,-3.0709692610473893
284,9.466572,0.16946495623596963,0.2763921779964049,-27.082515529546576,-4.112466294391736
285,9.499905,0.18751346095192858,0.2888154487943119,-28.5509332119214,-4.508622715409269
286,9.533237999999999,0.18311426486240245,0.2810841924643702,-29.27527331881517,-5.526946109487137
287,9.566571,0.16624440457753453,0.2600747150388939,-29.267627967879758,-5.722165051038503
288,9.599903999999999,0.11670240683194043,0.2634441866915007,-28.963679538367064,-5.7484167450835555
289,9.633237,0.08567752018541894,0.25983035025158635,-28.498215185963883,-5.939696577996851
290,9.66657,0.08779465731109873,0.2502009800704896,-28.653896939483843,-5.903476050037771
291,9.699902999999999,0.08937007378867699,0.23871477412529177,-29.533812917709447,-5.931231489137876
292,9.733236,0.08799489496063083,0.25810656407669763,-30.000509081157535,-5.649620142021232
293,9.766568999999999,0.08967850957467136,0.26668526010867755,-30.884005773015662,-5.243260644787736
294,9.799902,0.09164649945354328,0.2842422002491442,-31.945247957486753,-4.886940747932474
295,9.833235,0.09576571793277205,0.28604655755489217,-33.49932542059918,-4.861693264146179
296,9.866568,0.09883972119442132,0.2972363962698605,-34.12353751605626,-4.337133013310339
297,9.899901,0.10083783297385421,0.29771276140238456,-35.77076219894316,-3.889708995132332
298,9.933233999999999,0.10071013727217955,0.30272571746771354,-37.088108002562166,-3.61057020129776
299,9.966567,0.10091163801067382,0.30712122531451547,-38.18004561289114,-2.9908568691379243
300,9.9999,0.10172174703420585,0.3200265048399772,-39.145531389212415,-2.807386717295519
301,10.033233,0.10210700807112187,0.30813898597351463,-41.10002964804202,-1.6541691752017897
302,10.066566,0.10712702793211475,0.3162524134601276,-42.633569301890134,-0.9773614863873866
303,10.099898999999999,0.11473508435818544,0.2930590003993626,-44.80081393135579,0.15009448087155416
304,10.133232,0.11474221957922731,0.31484758284966147,-46.07687733407645,1.4838415656348667
305,10.166565,0.1130591217440592,0.29553509968330394,-46.631353215419566,2.982718025867142
306,10.199898,0.11578048324139688,0.32746856240266087,-49.05470127778247,-168.94287208147878
307,10.233231,0.11933895985017032,0.3417515681131411,-51.66525071052225,-168.13551178340407
308,10.266563999999999,0.1311571929288789,0.37345994328880855,-53.9945165312576,-166.8869378096424
309,10.299897,0.12922703346997103,0.4112009903917061,-55.97591096589403,-165.51875588455488
310,10.33323,0.1290287691742282,0.3505547510434843,-54.83544805242541,-164.43385749068688
311,10.366563,0.12864362539667348,0.4241864934390459,-56.353715100763864,-164.32128136582742
312,10.399896,0.13048158927247147,0.3622851796482033,-51.38361423091804,6.272850050997977
313,10.433228999999999,0.1182718920220867,0.3982817833096243,-54.365069895895964,-165.52807048158562
314,10.466562,0.12926768710570766,0.3773744012687863,-49.415532362426596,6.988304759795574
315,10.499894999999999,0.1256577675858898,0.3827126283233898,-48.810287628723806,7.210398692275059
316,10.533228,0.1347783348654284,0.37039617677859615,-48.717425406505576,7.075760339191209
317,10.566561,0.13176404899400068,0.3643291339860283,-49.08836262554511,7.495119117250984
318,10.599893999999999,0.12960225107965437,0.3679076133088745,-49.41600073049816,6.785826407693431
319,10.633227,0.12442782037962452,0.39078183271064443,-54.39198803446742,-168.04684089564333
320,10.666559999999999,0.14716947696340038,0.41187780429753357,-50.159805417184515,6.71285291546129
321,10.699893,0.14373947586034277,0.40523598402155836,-50.2075733346041,6.725972642331827
322,10.733226,0.15753127332736633,0.4626079526363267,-51.18501308841877,5.9562803148324015
323,10.766558999999999,0.16138827381119136,0.40538543711581443,-55.30533336166678,-170.58331232804244
324,10.799892,0.17136633648658142,0.45239126242736905,-56.89206435338655,-171.73168839811808
325,10.833224999999999,0.16256003209837253,0.3953628584871865,-56.30951444576036,-170.6392789616749
326,10.866558,0.16598256183427293,0.47253229537590136,-57.521589146664255,-171.42159736428508
327,10.899891,0.14652718840561374,0.4636230245797116,-58.08831662512499,-174.73625641360573
328,10.933224,0.15414291720641815,0.478090063622359,-58.422198232611,-176.0455955439005
329,10.966557,0.15832404280925041,0.39058271080109663,-58.84062661245958,-178.14914047875425
330,10.999889999999999,0.17054653603873102,0.4274854388304594,-59.638590928667796,-178.74899357083876
331,11.033223,0.1611912750301862,0.4010839007426656,-58.67229417250708,179.922138509257
332,11.066556,0.17505240977181186,0.42561208138788303,-59.00536058215736,-178.98609946865864
333,11.099889,0.19350302779564146,0.4062169238246526,-59.09110285883154,-179.0871293261783
334,11.133222,0.18199751296679567,0.3935450585754446,-59.21243914476804,-178.6553032031658
335,11.166554999999999,0.17763768230661675,0.4300232726202725,-59.266176123037006,-179.14819821968314
336,11.199888,0.17802844602634446,0.4490963484120599,-58.66919670766895,179.7461881105401
337,11.233220999999999,0.1837090057534174,0.42868566517325524,-58.306370134047015,-179.51564935703064
338,11.266554,0.18200633213365722,0.4000355609867038,-58.518285481316376,-179.57815262288017
339,11.299887,0.17334771150348727,0.4000566920338555,-58.09835778229212,-179.4276942303529
340,11.333219999999999,0.16868884801372244,0.402329745471756,-57.61559744437239,-179.3766679159603
341,11.366553,0.17167167147975343,0.3879152284112036,-57.997224866663295,-179.5767277114018
342,11.399885999999999,0.18235214425120552,0.4100971964359087,-58.584759031571785,-177.73345994504095
343,11.433219,0.16314347259629675,0.46418317696665334,-58.65366353507419,-179.56644762126157
344,11.466552,0.1708059707935286,0.4454203554066455,-58.689796744683825,-178.65959438820764
345,11.499884999999999,0.16216220645089377,0.4855093223985984,-58.23477216546825,-179.82238086776334
346,11.533218,0.1665822757489761,0.42300778127444416,-58.47515499676034,-179.0755420183914
347,11.566550999999999,0.17077492631908,0.4185368576136343,-58.69028769550922,-179.58066209293307
348,11.599884,0.17615527132925346,0.38775100725281547,-58.61937664369157,-178.8614182702635
349,11.633217,0.17102886815470827,0.3892023292252194,-58.40633745032848,-178.7819999770802
350,11.666549999999999,0.1688062614891937,0.4083893497900104,-58.068671791694385,-179.22713909163596
351,11.699883,0.17384121822516738,0.4208797983029021,-57.408526802114466,-179.5935238252501
352,11.733215999999999,0.1579483007293831,0.452545289342113,-57.476771854109465,179.8637874576261
353,11.766549,0.16564206292500283,0.5139942414989646,-58.04965248718355,-179.07674445130718
354,11.799882,0.15800844534833422,0.4300124042000189,-56.1738997779775,-177.53954432102034
355,11.833215,0.1452573423409713,0.32903349257715475,-45.67422915550628,6.422274466931261
356,11.866548,0.18643934833413728,0.32397917884399635,-47.48528668932,6.1833005681795585
357,11.899880999999999,0.17599814863209579,0.3090381580806767,-50.29899018476535,5.552194150157673
358,11.933214,0.19232328795655512,0.18289867275305854,-49.684076966022985,3.5909951451129323
359,11.966547,0.14297611352556408,0.350255382854879,-52.49237902296484,-172.6701206208761
360,11.99988,0.12655301218682002,0.35517731126306173,-48.54643737466318,-0.4982460518844558
361,12.033213,0.12615456124457342,0.2916289369245477,-44.88633962281865,-1.7305733034284676
362,12.066545999999999,0.10204499233508164,0.2767190928533083,-42.58315425816216,-2.927282522072065
363,12.099879,0.09988104297668678,0.24053297147140798,-39.46137560803364,-3.3950901654712764
364,12.133211999999999,0.09388703117444587,0.23313571515993975,-35.602716408638,-4.114166999238508
365,12.166545,0.09276688765744356,0.06695680566821949,-31.135471710304515,-4.087165313648813
366,12.199878,0.08863189405101328,0.15905105166043998,-28.979745647146494,-5.675151277576717
367,12.233210999999999,0.08211955141635349,0.22274678270866632,-26.943234863907293,-7.847789557123891
368,12.266544,0.07635424985618706,0.2370758596653194,-23.65764527613134,-8.757357296359991
369,12.299876999999999,0.07574003264296157,0.24182034394523888,-21.530572323429194,-9.666105865093586
370,12.33321,0.07585914111826914,0.24379759260514927,-21.045174858336036,-10.458701650937186
371,12.366543,0.07378482746849299,0.23901092834809484,-17.105699751064485,-10.668920542435137
372,12.399875999999999,0.07315605797677516,0.25099127807339433,-15.541812211592353,-11.078856487496742
373,12.433209,0.07215935205434439,0.23979702005369205,-13.394800045863652,-11.426556349675938
374,12.466541999999999,0.0714240737532597,0.2574682906576187,-8.244197279063881,-11.557356444930756
375,12.499875,0.0706807742655035,0.2505728334126117,-7.138454627034868,-11.94856135045284
376,12.533208,0.07067557713427099,0.25775760515357216,-6.211282929662502,-12.048151314745022
377,12.566540999999999,0.06944923189184665,0.2566863157435755,-4.391873507035379,-11.967109592832074
378,12.599874,0.06998971641260067,0.25969520693748804,-4.513186225083952,-11.728807591100614
379,12.633206999999999,0.06930863386709123,0.24483947384277976,-2.8305724493946274,-11.353548593115363
380,12.66654,0.06991431349570128,0.24222630550636032,-1.0465654607690271,-10.682436182143634
381,12.699873,0.06955278552888451,0.2486429294126776,-1.3295565954910071,-10.444531001057715
382,12.733206,0.06762569596525853,0.26022195719186425,-1.1042954520607087,-10.108615581340736
383,12.766539,0.06954449236167352,0.26046011222579935,-1.8161879068829039,-9.944889586064381
384,12.799871999999999,0.06862331308827176,0.2526667915265262,-1.993571414273375,-9.657723399637641
385,12.833205,0.06872804367901328,0.25249719508694796,-1.6705567735671032,-9.297486140810129
386,12.866537999999998,0.06858854061171663,0.26578549329941725,-3.1806051583967982,-8.82660042960272
387,12.899871,0.06815239309784278,0.25718164315617814,-3.276199881823018,-8.413345716822311
388,12.933204,0.06949896037189224,0.2647016317543297,-4.392982196900283,-8.061249934087982
389,12.966536999999999,0.06836574643050573,0.27332110675399857,-6.756085542961337,-7.780588583372535
390,12.99987,0.0706480939879093,0.28077781019538783,-7.335702332500543,-7.59709329890819
391,13.033202999999999,0.06932189121782605,0.2785847505603472,-9.761028283146738,-7.2911887112269635
392,13.066536,0.07009019495137277,0.28294457213511404,-9.983201238456124,-7.016083247936117
393,13.099869,0.069935857780265,0.2812248884889673,-11.149499043962246,-7.013657950648998
394,13.133201999999999,0.07067639867085936,0.27212758144012383,-11.334059582393342,-6.851281243044167
395,13.166535,0.07000198002012469,0.2668732712581766,-10.798127583528839,-6.572241318964134
396,13.199867999999999,0.07033613599723156,0.26898977578532146,-11.170550142885158,-6.432741952850547
397,13.233201,0.07038041093464835,0.27715188276982416,-11.15230655248097,-6.398418950592425
398,13.266534,0.06972215790983714,0.26720344924604456,-11.568768683843942,-6.437545093855365
399,13.299866999999999,0.07160383957641692,0.26695513079808975,-12.165075949006212,-6.371931697192834
400,13.3332,0.07153591357652181,0.26594728606786866,-12.553463601569955,-6.564553341111606
401,13.366532999999999,0.07106221820378376,0.27247063316012676,-14.101667677917519,-6.9473416656239415
402,13.399866,0.07188146714915589,0.2713336032245801,-13.520849225160388,-6.902656570183848
403,13.433199,0.07143066220834123,0.27354387815403286,-13.766430640343835,-6.9601342960485475
404,13.466531999999999,0.0713995596091008,0.27695548367709966,-13.408429742289165,-6.845158215602189
405,13.499865,0.07082192918806443,0.27471962828549984,-14.1899024795655,-6.873116171169889
406,13.533197999999999,0.0713705286175232,0.2858733167638089,-14.295974782994652,-6.651913500586056
407,13.566531,0.07019866286836507,0.2844544852416582,-14.43136698953295,-6.712422194938489
408,13.599864,0.07186056463463943,0.28212715166031443,-14.53502725243684,-6.560997821786003
409,13.633197,0.07125478298060073,0.28139945750610385,-14.919178466420593,-6.537565009376954
410,13.66653,0.07099816140558976,0.28765286739422224,-14.580694130441865,-6.399835453726911
411,13.699862999999999,0.08174253765163901,0.2935423575782889,-15.827939988150902,-6.146992938177962
412,13.733196,0.16611943551226102,0.29211905439501684,-16.27522220859288,-6.080125711782889
413,13.766528999999998,0.17838582039168452,0.2918943642240469,-16.51937751371146,-6.019458885977826
414,13.799862,0.1791301259271742,0.2906545853697926,-16.26445524457534,-5.893513306539754
415,13.833195,0.1800865027770145,0.2907765153870582,-17.482165217242642,-6.108979020512209
416,13.866527999999999,0.1881418265508447,0.2966805764460778,-17.063020377081735,-6.004083974051524
417,13.899861,0.1948019414456463,0.28969198079781444,-17.907178381174322,-5.8343679037085865
418,13.933193999999999,0.1996617065316913,0.2836420015997415,-18.569835948729654,-5.952884674518491
419,13.966527,0.1960298774446968,0.2870258762720004,-18.736726354038908,-5.916790414435662
420,13.99986,0.18654392630603392,0.27864260929244145,-19.252875503485615,-6.034674102871123
421,14.033192999999999,0.18608858913413373,0.2802767129788183,-19.035230147774506,-6.038112058110621
422,14.066526,0.18771350087091954,0.2811589615477409,-19.096033542424035,-6.07890425332811
423,14.099858999999999,0.19434035098583102,0.2849307877835422,-18.91624824729098,-6.06916052362829
424,14.133192,0.19562526383255344,0.28239317843401346,-19.825528294201064,-6.097455545772418
425,14.166525,0.19347895513096053,0.2695300489324106,-19.26637122664638,-5.863559280432789
426,14.199857999999999,0.1941432067883308,0.2644454313718324,-21.602505014636712,-5.714819455148647
427,14.233191,0.19551902176597444,0.29042221898536924,-25.353757614469423,-5.989587080071516
428,14.266523999999999,0.19385595884423448,0.2825275380418809,-27.1071825157613,-6.14201455166464
429,14.299857,0.1883347493450107,0.28534462556698126,-27.711294813101755,-6.028769441704849
430,14.33319,0.17080926907217092,0.28870263592273,-27.735074295728452,-5.911937795803369
431,14.366522999999999,0.16416971327236707,0.2921327414593182,-28.688637337719612,-6.34469847972769
432,14.399856,0.15473857886911063,0.30063980325202094,-30.072161366210803,-6.473347382778266
433,14.433188999999999,0.134662905185562,0.30412151302284585,-30.21317117231696,-6.422450704557219
434,14.466522,0.10557966066336939,0.3047160304759451,-30.332800637775396,-6.5729539525013685
435,14.499854999999998,0.08006416457403705,0.2915215772220564,-30.507844792707736,-6.516434755718053
436,14.533187999999999,0.08037404841379016,0.31247026448590043,-30.135084300808444,-6.5212111099705945
437,14.566521,0.07959999087380397,0.3094654584181462,-29.815783872458496,-6.398837895290169
438,14.599853999999999,0.08014204168807953,0.3059306115402416,-29.04913526310495,-6.143152484157087
439,14.633187,0.08106649853600664,0.30990192351590395,-29.37157954810539,-6.233660969704724
440,14.666519999999998,0.08287426922427724,0.30388323111559057,-29.627921789450777,-6.181198718018506
441,14.699853,0.08355606196832568,0.29921200773100654,-29.89111987750072,-6.119681661719673
442,14.733186,0.08279714219616595,0.30640493777515154,-30.062152525902977,-5.951952842955449
443,14.766518999999999,0.08601260674813606,0.31142765601114364,-30.492455401933807,-5.924024452414336
444,14.799852,0.11915742362149698,0.30769771883133257,-31.740832246106173,-5.835742777695948
445,14.833184999999999,0.14593222668478942,0.3066848079760264,-33.161613324224504,-5.817863199427114
446,14.866518,0.1605944902271538,0.3067715259372158,-33.840854128834415,-5.631968149662675
447,14.899851,0.14965374670182816,0.3075989730576988,-34.34520776405281,-5.38053087744587
448,14.933183999999999,0.12810511725948412,0.306131384960325,-34.71662611586786,-5.55397179610101
449,14.966517,0.12082768694900069,0.29926898164678206,-36.93965166717808,-5.71385097524834
450,14.999849999999999,0.11325214375373781,0.2726843898467484,-38.430043554182625,-5.8555029278642055
451,15.033183,0.10897179631462556,0.2914662855657189,-39.50851398604364,-6.336468803653354
452,15.066516,0.10379405386660143,0.31668201223228776,-40.48787068256785,-6.568779186951797
453,15.099848999999999,0.13078905305534794,0.30629992480874124,-43.710399165898025,-7.099106105411087
454,15.133182,0.16074618083570133,0.3081030338376104,-45.43769653502288,-7.198879153910263
455,15.166514999999999,0.17203253719745232,0.3014624463174136,-46.82277163398875,-7.040741675449005
456,15.199848,0.1827172012170438,0.31303392401368674,-48.828047585397755,-7.626437999119269
457,15.233181,0.1843295134452216,0.3883810971853184,-51.47299430701445,-7.58212022869234
458,15.266513999999999,0.18359336322499215,0.37901829335258663,-52.16279947287512,-7.0947174620336915
459,15.299847,0.1610726375328528,0.3354394166996357,-50.98293143722029,178.68787683514498
460,15.333179999999999,0.16360244986139041,0.36633273013301637,-52.00082997423283,176.44977949219728
461,15.366513,0.13163184414368853,0.5292508319875591,-51.575535189762185,175.79896296482642
462,15.399845999999998,0.14690438848796508,0.5005643043335026,-52.13502181815545,175.0453834665336
463,15.433178999999999,0.1501988952075829,0.6411142366117364,-55.54427695037706,174.63122347388529
464,15.466512,0.16089886672579368,0.6555289461816929,-56.78136937956242,173.96921332399552
465,15.499844999999999,0.17279388562408976,0.7062435162957431,-57.20804838677142,173.5956987850236
466,15.533178,0.14955462713866366,0.692061307075067,-57.50627823641451,172.13517103047042
467,15.566510999999998,0.16728815596441796,0.6315577417939051,-56.86100027104568,171.0153556193175
468,15.599844,0.16615434677048876,0.6396721147030099,-57.19699427087795,171.7291074710762
469,15.633177,0.15924451264996567,0.7693712325326576,-57.753168996392915,170.84699082436126
470,15.666509999999999,0.1485207991539513,0.831146533074772,-57.7370137328532,169.8394992052851
471,15.699843,0.1525922213292876,0.5325820479931351,-55.97599992640034,170.5155540096432
472,15.733175999999998,0.16413008251029731,0.783789851220893,-57.521803242011565,169.17140356115104
473,15.766509,0.16748119422021673,0.47903848425023415,-55.22168057139149,169.1067433759856
474,15.799842,0.1711537137353791,0.6550082938122058,-56.45132621720092,169.07349980281134
475,15.833174999999999,0.1647130111589005,0.6013684203547174,-55.194424579299216,167.92395911772235
476,15.866508,0.16033735892185652,0.6487731623876608,-54.2288709554002,167.89388830560245
477,15.899840999999999,0.1718455211908383,0.7029572300849423,-56.333610246944744,168.45334328539687
478,15.933174,0.17390430109009627,0.8981671591729073,-57.11627124736773,169.6818955429001
479,15.966507,0.16174742448134968,0.7585700492725046,-55.98206522857705,169.2892114818217
480,15.999839999999999,0.15595217722902704,0.8919027666326588,-56.515805349820724,167.85027740801746
481,16.033172999999998,0.15832038919173297,0.6201092245344364,-53.79206858227179,167.65465089514427
482,16.066506,0.14359858431636557,0.6912040088505236,-53.65331491219316,167.47337569931946
483,16.099839,0.16139315700661655,0.6778016088891651,-53.02623065979475,167.01835403570226
484,16.133172,0.16602337447061122,0.5305413387834386,-52.515213407013135,166.45485102015417
485,16.166505,0.17492891539729932,0.49770096955178933,-52.72496618640212,164.8768581425578
486,16.199838,0.15423537324819986,0.3869876369645141,-50.941662736197095,162.80980652329887
487,16.233171,0.14904364042915821,0.4474380558405655,-51.350100469490584,162.05214162990526
488,16.266503999999998,0.14950262226127492,0.43884213047321685,-50.11400770665298,162.25756892525985
489,16.299837,0.13561713122853702,0.3926321487438411,-47.73978754050235,160.21520085655374
490,16.33317,0.13118307273653781,0.293710834482654,-45.119522578251534,158.53096103632075
491,16.366502999999998,0.12657479391493848,0.24579345767795358,-42.43056445043017,156.8845563702127
492,16.399836,0.12773878537441224,0.3313921768375615,-43.60876038016648,156.74183829378572
493,16.433169,0.12492468434057911,0.281055801202885,-39.57260046264515,157.16400064445847
494,16.466502,0.12024589297044218,0.3062981906021397,-38.04097386365429,155.57457671648257
495,16.499835,0.12278137171078528,0.31518346322052665,-38.79107967953666,155.31299203680467
496,16.533168,0.12257393257465628,0.3084101381193094,-37.558282275076344,154.21442776373488
497,16.566501,0.12439445935348437,0.3357532844050757,-38.36102916697054,153.91809270798933
498,16.599833999999998,0.12463674929100334,0.25243061863721605,-37.07274406290141,153.8804527245528
499,16.633167,0.1263213821360993,0.26688708668413796,-37.50514677994642,152.55387210714937
500,16.6665,0.12484591581529941,0.25941852214275757,-37.47268268473776,151.87512356114982
501,16.699832999999998,0.12094924431560579,0.26273184482950174,-37.29703333463948,151.95651973226592
502,16.733166,0.12274696457571241,0.2623561132082203,-45.57870254091886,-25.470543056161667
503,16.766499,0.12070366583157291,0.2543314977739375,-45.70092353585065,-26.107341534794937
504,16.799832,0.11942283287701476,0.28161346869261666,-45.989351620118924,-25.606512973286094
505,16.833164999999997,0.11887254476503444,0.3110591464136283,-46.67077990229145,-25.164082397342938
506,16.866498,0.13280977097884086,0.30922863663630273,-47.16826322387272,-24.004476292990795
507,16.899831,0.12161722408842299,0.3599970686419247,-39.530273263651836,158.29531294730901
508,16.933163999999998,0.11692977228778723,0.40244135612617243,-47.094625854616574,-21.382871906213094
509,16.966497,0.11733376623619103,0.25533794797462883,-46.63162052557461,-17.491142494759686
510,16.99983,0.10606347699705852,0.2856272806577596,-44.42810131298709,-15.040506089186465
511,17.033163,0.10357565144083355,0.3179605181153218,-38.0302581995364,-12.676842508302094
512,17.066496,0.09886557257921076,0.3179139486247031,-34.846814326731746,-10.750310477610142
513,17.099829,0.08892368859300386,0.3233640408760505,-31.788101858435105,-9.316438538823748
514,17.133162,0.08374380933981389,0.32214835837054395,-26.480322044283493,-7.362944080299455
515,17.166494999999998,0.07807959717026464,0.3088018750618593,-23.43360990181626,-5.907396359238637
516,17.199828,0.07599868294419568,0.305439713740988,-20.76627673613879,-4.879025822857581
517,17.233161,0.07253996656062363,0.30546770790585925,-18.781831888468595,-4.291153667858225
518,17.266493999999998,0.07226826114346248,0.29439255107696644,-16.72649570445873,-3.69180585813162
519,17.299827,0.06982571114694192,0.2866907302181042,-13.739277254032574,-3.065873262423608
520,17.33316,0.06568288145448749,0.28074718317163844,-10.718779144990656,-2.897241791354828
521,17.366493,0.06830549383857043,0.2765705553364901,-10.676127458997238,-2.54421747005588
522,17.399825999999997,0.06964501066885394,0.26809130341409454,-9.564296120959192,-2.0295785847379517
523,17.433159,0.0680354326561996,0.2710323495792838,-9.691172140710073,-1.5040410311537238
524,17.466492,0.12530369903943755,0.27074196301983905,-10.485756995813729,-1.1679891970098557
525,17.499824999999998,0.14177069959850608,0.2790092872879929,-9.895196423052454,-0.7724690085821543
526,17.533158,0.14144571732934538,0.28067687895215065,-10.0964202936709,-0.7396210338085988
527,17.566491,0.11111050955635046,0.2766721311010225,-12.284347037547446,-0.610055869026869
528,17.599823999999998,0.07208403646338733,0.27389241800875663,-14.386316410546698,-0.5160554498477593
529,17.633157,0.0725783352354937,0.27553694950058827,-16.741125028319914,-0.4233550675284612
530,17.66649,0.07012190525101254,0.22820480029572587,-22.72856354070909,-0.4490248118529847
531,17.699823,0.07300237403358892,0.14010629815867634,-24.84426301088312,0.5857916897110791
532,17.733155999999997,0.07910493254612132,0.14517293288392952,-29.588968807897313,0.9986947830556693
533,17.766489,0.11789019509825252,0.16028344954257606,-32.89719933277497,0.9226426121200744
534,17.799822,0.15833360249419628,0.17851651018686504,-36.0598853220504,1.1188795517905272
535,17.833154999999998,0.15225256677427842,0.22269097289868647,-37.33644879124177,0.4571435175929897
536,17.866488,0.1567513583768265,0.23782379762985362,-39.85685955989365,-0.06435440246991864
537,17.899821,0.14490402061291519,0.23016172769434018,-40.85093790569522,-0.9440528349108533
538,17.933154,0.12380596317472584,0.2418599515575564,-41.172599628406275,-1.6883063507714553
539,17.966487,0.10144605364054612,0.24195183114928326,-42.17219112804709,-2.49074348959936
540,17.99982,0.10155196038123243,0.2518266832886634,-42.05079816319237,-2.868753789011108
541,18.033153,0.09801648390362185,0.26417897109379745,-41.89107536096101,-3.1275616795623016
542,18.066485999999998,0.0994442025755036,0.2464274269308087,-42.434553361675235,-3.4316503477846916
543,18.099819,0.11594281943782878,0.2530146003507952,-43.00544800800626,-3.277552766433414
544,18.133152,0.16356140951484396,0.24542919565945723,-43.51772618323435,-3.622686004904462
545,18.166484999999998,0.19978058797866652,0.25383493620265585,-43.743062836367336,-3.7803696595923477
546,18.199818,0.21575251626364766,0.24416127565791604,-43.85996315940098,-3.7218076202389367
547,18.233151,0.20028814151205626,0.26244028207079223,-44.213280136630715,-4.570537971163803
548,18.266484,0.16282949483552867,0.26325062331771,-43.74968009586786,-4.838639409858588
549,18.299816999999997,0.12806997551945526,0.27040652633727047,-44.50035924398348,-5.396225863187161
550,18.33315,0.1052168340204103,0.24354915626362994,-44.23749946948745,-5.913526561327962
551,18.366483,0.10355059147164676,0.25835448831806374,-44.22496848438257,-6.168178971291249
552,18.399815999999998,0.10476422732902137,0.2710929086033471,-44.82067157833213,-6.567116196525101
553,18.433149,0.10493492599089317,0.25841532374578446,-45.054027775088436,-6.903860967498633
554,18.466482,0.12660629790406933,0.26189772476751116,-45.847654632741886,-6.9229248552584695
555,18.499814999999998,0.15219931357504318,0.2321876433456182,-47.13316676734981,-7.784396889052249
556,18.533148,0.1344338708499582,0.2633106417687702,-47.1906407945888,-7.631958189219428
557,18.566481,0.11259782266904307,0.26987729759028234,-46.870192697624454,-7.910464836932417
558,18.599814,0.11313518712893558,0.27205805222328505,-46.96571406714221,-8.162895676196149
559,18.633146999999997,0.11103686637245866,0.2525045412764729,-45.68919863590937,-8.03241268422146
560,18.66648,0.10757558024354252,0.2668010626038626,-46.03791508632142,-8.586804482554486
561,18.699813,0.10626915484290803,0.2682165100927384,-44.90840491149956,-9.199215231455124
562,18.733145999999998,0.10640797851991496,0.28417472763062834,-44.705853477856024,-10.641133308588511
563,18.766479,0.10455768691730456,0.283696492620104,-36.599172123597704,175.20906368288294
564,18.799812,0.10738215807462964,0.29241606164733236,-44.72819226383295,-10.861201425602642
565,18.833145,0.10780011339035515,0.28865742960669755,-44.04987601937236,-11.792175911150368
566,18.866478,0.1083877507278458,0.30463027116494185,-42.95532133421976,-12.775844474547352
567,18.899811,0.11091099645557218,0.2853354842761814,-43.646263518435624,-13.728724050702906
568,18.933144,0.11121932866355438,0.2849327122083919,-43.13800382634947,-14.66412934154309
569,18.966476999999998,0.11378591406023587,0.30065016373548026,-43.39163801227621,-15.393293377503342
570,18.99981,0.1138649216076932,0.3141055208591609,-43.29261389932573,-17.599865784504363
571,19.033143,0.11142579993260046,0.3245730426358256,-43.127346236075,-17.596213528946443
572,19.066475999999998,0.11096582093078623,0.311565199298093,-43.52876099777403,-18.736832783543193
573,19.099809,0.1070997295144902,0.3298438915531908,-42.31329751339993,-18.594406995488214
574,19.133142,0.10855589502930793,0.34007924384478955,-42.93307468576398,-19.668043246983604
575,19.166475,0.1083084769733414,0.31983654817967766,-41.784831317132394,-20.204749055955887
576,19.199807999999997,0.10872957977681223,0.32616065434165326,-29.533404868433646,159.99748013684646
577,19.233141,0.10584116063324571,0.32777926601721447,-28.21745699349218,159.26002999070272
578,19.266474,0.10808499509627603,0.33037037719374096,-27.843820055950914,159.20297360113366
579,19.299806999999998,0.11353937049813628,0.3241720760977108,-28.533387809587705,159.18429342873588
580,19.33314,0.11143112281005123,0.31792185100395,-28.58087186293814,159.34492753309186
581,19.366473,0.10911761055078753,0.3218773606527942,-28.15714079322495,158.9976783376321
582,19.399805999999998,0.10917705869343027,0.32086394069730184,-28.16949154551224,159.1418898500302
583,19.433139,0.1068882888693673,0.3202611271285235,-28.17088128992285,158.91677993453024
584,19.466472,0.11001008938103113,0.30027058494950665,-28.56442637378628,159.13185052418854
585,19.499805,0.10893563686007833,0.3239601002499797,-28.521822509075392,158.7388260841103
586,19.533137999999997,0.11086416201311625,0.32181658490527254,-41.83334199099998,-21.464482444488375
587,19.566471,0.10894655303359624,0.3124465052466829,-28.557275164325148,159.23056311397323
588,19.599804,0.11354825032505915,0.3166079502785723,-42.45001393770708,-20.980026832378414
589,19.633136999999998,0.11068669218527047,0.3221797178445097,-29.018161689407027,159.15544899660645
590,19.66647,0.10863385688756391,0.3221858530992888,-28.62443247333116,159.22498858720706
591,19.699803,0.10877047659593778,0.304264491009541,-28.97545430715434,159.20918493408536
592,19.733136,0.1099523718075742,0.30315513425407375,-28.183472556558808,159.2183421849065
593,19.766469,0.11223262502183501,0.3056241964400233,-28.62465311882486,159.10768998228903
594,19.799802,0.11055740968417871,0.2987327311703055,-28.46462642050763,159.29998723930024
595,19.833135,0.11307717438760331,0.3138992097951445,-42.44679203957058,-21.08142328628634
596,19.866467999999998,0.11127471167892966,0.2850097365117721,-28.867019842314807,158.94350465778913
597,19.899801,0.11154595205294471,0.30737452629301865,-41.90287177129877,-20.826702009624192
598,19.933134,0.1119475518836081,0.3072653001796295,-29.341063287491743,158.83856178958857
599,19.966466999999998,0.1080622999976286,0.32132631467753847,-28.97061050259539,158.969696633468
600,19.9998,0.11146702872112234,0.3249172264192714,-42.18956197867938,-21.168949302671383
601,20.033133,0.10577903794722816,0.2716626246580415,-41.80020185195318,-20.30092185735008
602,20.066466,0.10620565865504217,0.14232897809798556,-38.353703717902214,-17.635413000895916
603,20.099798999999997,0.10163329303481798,0.21478320490914798,-39.025530964768976,-15.799115315235158
604,20.133132,0.09977983239929443,0.2827039606596976,-36.29147823816883,-14.106171110090127
605,20.166465,0.09719331429392421,0.29957719726775195,-31.96157123112071,-12.564801167998072
606,20.199797999999998,0.09192747720590966,0.2901172823810881,-29.78752271120561,-10.665973370682186
607,20.233131,0.08705756219115325,0.27339985685002444,-26.689888737938954,-9.021673572743294
608,20.266464,0.08273957402292256,0.27771108692750146,-24.086455513548643,-8.060511135272304
609,20.299796999999998,0.07733444729197499,0.27286904711199644,-22.427114196613815,-6.826434531959684
610,20.33313,0.07783258327653768,0.25867311847758756,-22.617823577741543,-6.528936675197046
611,20.366463,0.07470388857002164,0.25985891115296533,-21.0481547631838,-6.069088984442545
612,20.399796,0.0916092283673761,0.24679156888680573,-21.57175112230467,-5.6582386029465415
613,20.433128999999997,0.1265957155019513,0.24313340363989433,-19.86686951091276,-4.728743462540351
614,20.466462,0.15176370008795909,0.22947323502170763,-18.62576730602203,-3.5303268936303946
615,20.499795,0.16006547906901897,0.21485180625277295,-17.574326784879297,-2.6478582688363654
616,20.533127999999998,0.16643170289460893,0.1971449386001367,-17.179096085506323,-2.0639035278497313
617,20.566461,0.17257861198507682,0.19595023211980628,-16.74426635336873,-1.7092130908976948
618,20.599794,0.17458833192278536,0.19137787902057535,-17.06886815190635,-1.2500492257656457
619,20.633126999999998,0.18149560979515164,0.18954119494019545,-17.019547324424256,-0.8722779913237302
620,20.66646,0.17681625326933526,0.20028092017036672,-16.70435538015367,-0.7836694556438938
621,20.699793,0.1735439712123305,0.20840819137114341,-17.485053353179428,-0.5373614873741297
622,20.733126,0.17779488066783186,0.20085477323602974,-16.8974443263138,-0.23458163290275305
623,20.766458999999998,0.1742883597603538,0.19181115056309467,-16.990125845873315,0.0409937305265922
624,20.799792,0.1720783304227667,0.17806220077193036,-16.951164274019547,-0.15387831025768756
625,20.833125,0.16756576906510942,0.18176252431081474,-16.789089057691072,-0.3744334700119849
626,20.866457999999998,0.1633301978574338,0.18766283906806466,-15.050311400287328,-0.6731371834656557
627,20.899791,0.16157712826462867,0.1899243774775966,-15.532930506394468,-0.6681020090353426
628,20.933124,0.16406953818328132,0.19127034634951856,-15.89681735384255,-0.8802080457441868
629,20.966457,0.16086397434072466,0.19004213425920177,-16.138299928107077,-0.9219610613776734
630,20.999789999999997,0.1589262575188077,0.19374459884455617,-16.24715354837505,-0.8241524822327738
631,21.033123,0.1649464832617686,0.20276936693720538,-16.487237954383417,-0.9224690535878687
632,21.066456,0.16001470825603856,0.21316911885607623,-16.89913473084127,-1.0211716041986023
633,21.099788999999998,0.16014685074740415,0.21655940711569444,-18.04188916850564,-0.9717376597969329
634,21.133122,0.16110086140617894,0.21678812708590306,-17.681375610533163,-0.8910898763729258
635,21.166455,0.15989592217636894,0.22828120041814953,-18.422489294820203,-0.6164944232793679
636,21.199787999999998,0.16171743382796916,0.22329851657647748,-19.619296928274657,-0.5878393764876892
637,21.233121,0.1566321741118613,0.2136850031236701,-20.507558436917797,-0.4385914702893244
638,21.266454,0.16001592609391627,0.2051525636833685,-20.59420197713279,-0.4750086034804989
639,21.299787,0.1587810284220364,0.21331755192008012,-21.254956064176426,-0.48411318645794915
640,21.333119999999997,0.1632543391540519,0.21072513067627885,-22.275938522421047,-0.31484813171036363
641,21.366453,0.16275126400951098,0.21584813450967255,-22.502793062405807,-0.17948982008142242
642,21.399786,0.17405190483255553,0.21457472872723293,-24.342965747572634,0.5394578594165204
643,21.433118999999998,0.19540803125535586,0.22069953870201958,-26.8937854824716,0.6084052080384805
644,21.466452,0.2281263841369507,0.1481230267591815,-30.764145482093145,0.8953047107993365
645,21.499785,0.23266869212821856,0.13238303938728652,-31.661364583115944,1.8530388840791572
646,21.533117999999998,0.23290217748762262,0.1619403359932759,-34.260813642295325,2.2438415977294293
647,21.566450999999997,0.22910513523165912,0.17387933712414533,-35.398786495385444,2.22257424848654
648,21.599784,0.2091242547724162,0.19804621402370476,-36.504343426002286,2.19565887006204
649,21.633117,0.20924388722704465,0.20628995261505614,-38.10984866968152,2.102057615139065
650,21.666449999999998,0.19326138472081755,0.20727671830041644,-39.50502078588687,1.6629326071485357
651,21.699783,0.19404430884958268,0.2184263274664462,-41.170087125076044,1.5172665366367954
652,21.733116,0.1941510765597905,0.22047841394986417,-43.129735107266136,1.5946485265048627
653,21.766448999999998,0.18637477078579048,0.23257865352610085,-42.796518211440606,1.2967772284626868
654,21.799782,0.16700122625134747,0.24161471863787184,-43.8794626825746,1.0704207850575758
655,21.833115,0.16875696077534816,0.2439343111786663,-44.78357484071867,0.2989398887623009
656,21.866448,0.1834893693762696,0.2534383714478922,-46.296651688689465,-0.17465936220378123
657,21.899780999999997,0.18989532001625742,0.2524527597856297,-46.045235114751506,-0.7321836488918589
658,21.933114,0.17749052403272708,0.2697138466705306,-46.40802241264711,-0.9316348467848439
659,21.966447,0.18687035298016527,0.2602553615830729,-47.409762148771264,-1.8920907931360116
660,21.999779999999998,0.15048276082265052,0.25529214592513866,-47.454230213317956,-2.804478962553725
661,22.033113,0.10729098397302475,0.24924827153662862,-47.5554184369833,-4.0760107306737225
662,22.066446,0.10894892792343493,0.25903919917968565,-48.24341012164906,-4.923913052112977
663,22.099778999999998,0.12787115858301473,0.2518326506483539,-47.91332089659385,-5.828910958146814
664,22.133112,0.1704420476852674,0.2681509322445974,-48.10188021653285,-6.773305614133699
665,22.166445,0.22361028925141152,0.28539307266944264,-48.87213683299167,-7.612900282474651
666,22.199778,0.26813840078061524,0.2844535355822478,-50.78880657912816,-8.817505115061543
667,22.233110999999997,0.29759079090458107,0.312806142178624,-50.494711474839505,-9.62113414081907
668,22.266444,0.27042657592751934,0.3029918181437349,-49.92063426414081,-11.135365848358028
669,22.299777,0.18045034806180157,0.30699316586473213,-48.71336265079147,-13.049324677869423
670,22.333109999999998,0.11012185757013118,0.323676762758734,-47.199455273755206,-13.672836046390227
671,22.366443,0.1118982708839546,0.3085300203386412,-46.8143177974451,-14.400866672103861
672,22.399776,0.14281732230524335,0.30511505260276306,-46.13020540615357,-14.796367291889958
673,22.433108999999998,0.15138831410691672,0.30894494300766484,-46.16936512132596,-14.731125359288626
674,22.466441999999997,0.1251435253442199,0.306481149538008,-46.42628427390912,-14.173283420930472
675,22.499775,0.1113946211479289,0.31601955640964474,-46.743712417144245,-14.340435224248017
676,22.533108,0.13741807648601767,0.3032440502539207,-46.32263670147449,-13.686172617689893
677,22.566440999999998,0.17948549910666411,0.3337169890080488,-46.14256893679219,-13.650246744603447
678,22.599774,0.19257669674232836,0.34564455723356385,-45.998670269500565,-12.979089885123846
679,22.633107,0.20130282479308942,0.3283480560564648,-45.799987850676445,-12.792307169206419
680,22.666439999999998,0.20953139563913112,0.30874632812138547,-44.31969451497825,-12.598187249227538
681,22.699773,0.1939983497258526,0.3079989520467733,-42.084761714539574,-11.740813789112302
682,22.733106,0.1697689619560305,0.29765014650705546,-40.59587752253405,-11.452088980743493
683,22.766439,0.14664477118390093,0.3062606487908133,-37.942520153937515,-10.678657767150424
684,22.799771999999997,0.10152824092489963,0.27677375501041984,-35.5073787943337,-9.916490550047053
685,22.833105,0.09232166590647471,0.2876863115010939,-34.42588067432935,-9.436552607357497
686,22.866438,0.09007244075173895,0.29110359967158866,-33.698227496620035,-8.66383068470719
687,22.899770999999998,0.08867834008143834,0.29140966698400517,-32.587241941966184,-8.238829872928513
688,22.933104,0.08783292596732256,0.29685259912669515,-32.22176700672547,-8.529332330731222
689,22.966437,0.08432184475171295,0.281065682483227,-30.275663540742876,-8.526855654983372
690,22.999769999999998,0.08111920380478609,0.2868532542762934,-29.15517943894474,-8.578523396327123
691,23.033103,0.07712900310326863,0.29388905773114204,-27.258350595502304,-8.61356080499903
692,23.066436,0.07606361950486981,0.2854953332890259,-26.188050444156556,-8.428852919467705
693,23.099769,0.07485019294473735,0.2939175755893818,-23.784874970859036,-8.337318182132313
694,23.133101999999997,0.0775470154633215,0.2931466339989258,-22.753180797334785,-8.288642933054975
695,23.166435,0.07446814234650684,0.30120326514533885,-22.403506345655856,-8.40209816754817
696,23.199768,0.07328253065278809,0.2927982869741633,-21.99589623547639,-8.417099644269967
697,23.233100999999998,0.07271678660583854,0.29606543496619053,-21.447331032111748,-8.557043882926607
698,23.266434,0.07487457437117806,0.29378418527392264,-21.134510947470208,-8.436918241498363
699,23.299767,0.07399707776357965,0.28370241858350176,-21.267121494268576,-8.208300102275565
700,23.333099999999998,0.07454180496755494,0.2924760372989267,-21.025945832406386,-8.14727358446676
701,23.366432999999997,0.074862676136391,0.29405527788174635,-21.666255974598442,-7.9970968337599295
702,23.399766,0.07461884920801796,0.2899810653473087,-21.883269395413834,-8.025950056906852
703,23.433099,0.07471360975579236,0.290457428435682,-22.29606920971228,-7.780312250041807
704,23.466431999999998,0.07653267286637444,0.28759539762402936,-23.3671357057373,-7.530741303581292
705,23.499765,0.07582961870545248,0.2907778350992175,-23.354288561425925,-7.404584759533235
706,23.533098,0.07581767137536859,0.2938644918202401,-23.76349930425072,-7.052475155814298
707,23.566430999999998,0.07613577956993976,0.28789441717256803,-24.0623729274159,-6.803612404607483
708,23.599764,0.07477076031633498,0.29324121779046225,-23.606555818579906,-6.552232831330668
709,23.633097,0.07555051948782628,0.28579304861982874,-24.875650098488407,-6.374773850695023
710,23.66643,0.07608658999714649,0.2959601539475024,-25.673953852280825,-6.1524400459101045
711,23.699762999999997,0.07649982428142682,0.2925029708280251,-25.56109103750079,-6.050817543701132
712,23.733096,0.07744097496758603,0.2995577112192486,-25.98116058993071,-5.953788502140854
713,23.766429,0.0776533543287145,0.3006917325829267,-25.84055872087801,-5.601580811117081
714,23.799761999999998,0.07678791083421209,0.3014582501939073,-25.480193918322136,-5.450029692766309
715,23.833095,0.0767808128883139,0.29240691022601084,-25.81204564301533,-5.330346172752817
716,23.866428,0.0771424228644041,0.3035354917943122,-25.479288762323968,-4.865961219144593
717,23.899760999999998,0.07644519470963052,0.28307855960633166,-24.902546145730238,-5.043563847129907
718,23.933094,0.07634212778296644,0.26642875368382174,-24.534171069083136,-5.380996265648356
719,23.966427,0.07525759155455154,0.27334309615952257,-23.52500751702081,-5.481035724508351
720,23.99976,0.07468517652881969,0.27953775788844437,-23.019973269197802,-5.536326836503219
721,24.033092999999997,0.0753229962285199,0.2793879405652181,-22.64276214932,-5.639340215829975
722,24.066426,0.07536518465901397,0.28206076307895933,-22.42831737957985,-5.894755212707503
723,24.099759,0.07654470791320232,0.2805751240842894,-22.303067916114653,-6.22425248121854
724,24.133091999999998,0.07452239417782996,0.2825346018819179,-21.807085594000764,-6.502643381368624
725,24.166425,0.07576555819287063,0.2849948650411815,-21.891535328297255,-6.7016466469144635
726,24.199758,0.07439694153763825,0.2785315700316552,-21.095916405517066,-6.831014952452805
727,24.233090999999998,0.07546187007120186,0.286264171044022,-21.475129191475773,-6.863870110037879
728,24.266423999999997,0.07455150267338281,0.28941394311028734,-21.088333991978963,-7.266367292228634
729,24.299757,0.07406661127611439,0.28827853476525456,-21.27092175637372,-7.412810101111631
730,24.33309,0.07428627656083056,0.2588418269409216,-21.475026030531854,-7.634377410343668
731,24.366422999999998,0.07330771806530931,0.108304699763387,-19.77246761795854,-7.422758544947659
732,24.399756,0.07292196736497944,0.10055217739890254,-19.816212392883674,-7.083596409124308
733,24.433089,0.07469347169316107,0.20479752900251685,-21.255926821265927,-6.894120777606313
734,24.466421999999998,0.07406226500495505,0.23826612593293545,-20.457667420203542,-6.971545710297654
735,24.499755,0.07404663554090632,0.25268770618559644,-20.315267284357308,-6.7134197141384275
736,24.533088,0.07352461219607197,0.2609453864862613,-20.889158223707096,-6.877462245790127
737,24.566421,0.0736958598319348,0.271496003147381,-21.161898098591603,-6.766712259102702
738,24.599753999999997,0.07398255184722444,0.27295675830824245,-22.199692725037973,-6.670547989114341
739,24.633087,0.07443845517499494,0.27791052466622646,-22.26006161461934,-6.35769900020598
740,24.66642,0.07567832728329683,0.2736554563670317,-23.726515437553648,-6.075201564437041
741,24.699752999999998,0.0761832324687371,0.28109340893060397,-24.392457654978365,-6.032045961106206
742,24.733086,0.07561689813797569,0.282215734915082,-24.613894372978258,-5.739748166036259
743,24.766419,0.07653986068342421,0.28874835289368717,-24.759486655623217,-5.523645038086425
744,24.799751999999998,0.07646480624970707,0.29451865258548204,-25.08024190133099,-5.3816563926633565
745,24.833084999999997,0.07733328651421714,0.2934024023859193,-24.869177486439956,-5.0392087500807
746,24.866418,0.07805671310680774,0.2948420087399265,-25.014187663493193,-4.933997213716158
747,24.899751,0.07798275616836278,0.2994160954219905,-25.71103059359351,-4.675162567285906
748,24.933083999999997,0.07771395766092261,0.2897671283751275,-24.598260916318612,-4.629637946011196
749,24.966417,0.07789723461980946,0.28484732793064316,-25.109197916573972,-4.517603841418061
750,24.99975,0.07811749692150488,0.290968037194294,-24.612681378101584,-4.422226090280847
751,25.033082999999998,0.0791346682012111,0.2908938907253076,-24.91089832473871,-4.537002912580181
752,25.066416,0.07807673516919135,0.2971221045356607,-24.657530468441344,-4.388339048405518
753,25.099749,0.0785110134985553,0.299171516549493,-25.262222771019875,-4.586504591341747
754,25.133081999999998,0.07891398582146064,0.29753241228853244,-24.889950452429137,-4.483317878522269
755,25.166414999999997,0.07705131502266015,0.29434512617276554,-24.7760813985276,-4.350080910016276
756,25.199748,0.07784297849210715,0.30274172662455334,-26.00933891363719,-4.638366691340334
757,25.233081,0.07749136619371227,0.30209645127077556,-26.03670647357156,-4.745368722096653
758,25.266413999999997,0.07792272364755594,0.29798396740261734,-25.574421281031015,-4.867162155452457
759,25.299747,0.0771624820191707,0.2972417702199329,-25.703506875561818,-4.853648837354143
760,25.33308,0.07777979742972929,0.30352248920363034,-26.357867572572175,-5.012792803929025
761,25.366412999999998,0.0787162946962783,0.30887074556171074,-27.14856991625939,-4.953511935645958
762,25.399746,0.07744412195136283,0.30094124902768826,-26.795524845070034,-4.923421116469618
763,25.433079,0.07847487344417321,0.2885114092786222,-27.320939328793177,-4.9619513002663265
764,25.466412,0.07852291188080185,0.2880467013481684,-26.755721167638292,-4.8614390409381825
765,25.499744999999997,0.07799177952045207,0.29534879434097694,-27.128421670759806,-4.9158969333645555
766,25.533078,0.07855944211367513,0.29538562979592864,-26.73009265442162,-4.802009527673579
767,25.566411,0.07855714131772633,0.3016087579252652,-26.453075749760053,-4.790731312064917
768,25.599743999999998,0.07845267556325386,0.29862278791571106,-26.835634342315384,-4.657078125548881
769,25.633077,0.0788851666650632,0.2935873829866295,-26.793688872172268,-4.938589016560224
770,25.66641,0.08035866469593428,0.29313908350525286,-26.959617589147125,-4.996142269235607
771,25.699742999999998,0.07982324508247969,0.2919633318051105,-26.866422788948775,-4.922732470123635
772,25.733075999999997,0.07996479760666439,0.28673322201064055,-26.119516223577367,-4.921819820817024
773,25.766409,0.07655453960442218,0.2886680288046334,-24.454510305850633,-5.029094568536531
774,25.799742,0.07544185140751128,0.28582791606802604,-23.06757319734788,-5.16607244807362
775,25.833074999999997,0.07531551052845124,0.275909549042416,-22.159841264074046,-5.169416387017613
776,25.866408,0.07662458516283242,0.2868251854793936,-21.010615207055377,-4.7878242584885635
777,25.899741,0.0756514059074613,0.27230836285959215,-19.860544055902704,-4.426239059321121
778,25.933073999999998,0.07442986421869939,0.261946335327778,-19.167960871100252,-4.247435260905422
779,25.966407,0.07253797877368923,0.2690548162555072,-18.49669275919796,-4.121786889824454
780,25.99974,0.07328317372229069,0.26244318339636996,-17.48140823688464,-3.89738362676524
781,26.033072999999998,0.07275011933264695,0.26098780025852186,-17.17201283627319,-3.990250719862332
782,26.066405999999997,0.07409551902299077,0.2632957027304883,-17.590980751564757,-4.09388184732589
783,26.099739,0.07366107452519381,0.2649864397073076,-17.992117959205004,-4.067796586548568
784,26.133072,0.07498683940677339,0.2669907478912302,-18.62711219286562,-4.161855963267287
785,26.166404999999997,0.07296326280827196,0.2723433829190572,-18.418066007408903,-4.1861853736085815
786,26.199738,0.07401170741570769,0.2620936134244662,-19.30101684894617,-4.21833793259927
787,26.233071,0.07546052834596653,0.26484078831718416,-19.27028818515437,-4.135842965269165
788,26.266403999999998,0.07569136554183158,0.2673332648889241,-19.808439583784242,-4.280218229742896
789,26.299737,0.07578167172024457,0.2750761393316846,-19.43792729624226,-4.114644776581976
790,26.33307,0.07469141885123652,0.27302368134737387,-19.732368506346685,-4.175845835977608
791,26.366403,0.07524206978022875,0.2686564904956492,-19.507920080547898,-4.0151398746340075
792,26.399735999999997,0.07578620283563459,0.26391142159802305,-19.636218928498465,-4.025434305744873
793,26.433069,0.0772478840800369,0.27122778145488347,-20.16300197182883,-3.9282404259023163
794,26.466402,0.07664263517646752,0.2695816114819801,-19.826957674785483,-3.997480379435874
795,26.499734999999998,0.07560225764953708,0.2715309212568529,-19.726823236487004,-3.917485118421989
796,26.533068,0.07554263600165405,0.2694185746045298,-19.796334210964947,-3.996684950784905
797,26.566401,0.07534005184871465,0.2736750975083598,-20.248519265111323,-4.0340925373100545
798,26.599733999999998,0.07510519872375852,0.2737932469949431,-20.705030846930665,-3.9839116685791414
799,26.633066999999997,0.0754832710108409,0.27712863722364556,-20.811587351432678,-3.9652196673110622
800,26.6664,0.07474790002256897,0.27524676629617817,-20.74339163348573,-4.039059669803047
801,26.699733,0.07538021941807946,0.27146420895395773,-20.61892739572191,-4.03022429181415
802,26.733065999999997,0.07558439571644678,0.2705081094808477,-20.4874174041384,-3.9405362265973416
803,26.766399,0.07751689110418052,0.2754928092204302,-20.854451161806086,-4.008812701123946
804,26.799732,0.0769673794713375,0.2737099018982138,-20.814311931808717,-4.18719524500502
805,26.833064999999998,0.07630592234124739,0.272352787171883,-20.878369231641948,-4.235177611818441
806,26.866398,0.0775017895052224,0.2809438385464753,-22.03659659454012,-4.258521284525753
807,26.899731,0.07674978634740973,0.29789378710793346,-22.574706168567353,-4.455908448652111
808,26.933063999999998,0.07686509999809173,0.29624055522894366,-21.712612727910475,-4.42926535253526
809,26.966396999999997,0.07759731946083129,0.2986044905775142,-21.950502692225207,-4.519087376473618
810,26.99973,0.07686328717448351,0.3100533438547366,-22.023333556028415,-4.647282290409361
811,27.033063,0.07682512222002748,0.30923639273707143,-22.061650051766122,-4.623739782594478
812,27.066395999999997,0.07686232781393593,0.30805569849855025,-21.767906132308525,-4.646308384173234
813,27.099729,0.07736717927599432,0.30659255513566464,-22.081943157782636,-4.7442090292623424
814,27.133062,0.07672137800398411,0.3073332817860035,-21.98051385449069,-4.854695050967288
815,27.166394999999998,0.07583210158732387,0.3112817108048502,-21.992068957925618,-4.6154533562098665
816,27.199728,0.07547396175079803,0.30580840659290986,-21.933162235064657,-4.392853294482121
817,27.233061,0.07466273065772902,0.30652350990607524,-22.015163197658346,-4.29786364355922
818,27.266394,0.07578696575647842,0.3066687059470918,-22.299277044409273,-4.275967734228909
819,27.299726999999997,0.07583942145199674,0.307616103135829,-22.403649096478897,-4.015680624402791
820,27.33306,0.0761031154234679,0.3098557918302776,-22.684260503472302,-4.085288285190073
821,27.366393,0.07569564338154994,0.3112307004154494,-23.42117773220096,-3.8936776560370934
822,27.399725999999998,0.07686256733971639,0.3141920093352267,-24.417886278885454,-3.6733204121840557
823,27.433059,0.07542444543887158,0.31528977705234784,-26.02863506677243,-3.3486462739047185
824,27.466392,0.1062503182001224,0.31185602212689867,-26.8501326222209,-3.1368311037602563
825,27.499724999999998,0.18359027328050379,0.3156243201042572,-27.81251648589897,-3.2471266523696496
826,27.533057999999997,0.20141501095933143,0.3080563416044925,-28.738833377700225,-3.064123106468528
827,27.566391,0.19025241333267073,0.260559724942136,-28.475452559301424,-2.9066082484558575
828,27.599724,0.19412797625696543,0.12597967857365477,-29.48672251978858,-2.8962356716524056
829,27.633056999999997,0.18641329292924025,0.19099141448834087,-30.635856572752058,-2.759023844328528
830,27.66639,0.16425442456391967,0.2542995717963431,-31.00025073135045,-2.757761572608933
831,27.699723,0.08389577903273396,0.2717239344675875,-30.641022204464438,-2.9552348735636644
832,27.733055999999998,0.08131037869417582,0.2852345789189622,-29.682553331383815,-3.0842400053453063
833,27.766389,0.07700959143465828,0.2882197159370591,-29.375781726653774,-3.337380643869692
834,27.799722,0.07640784536462329,0.3006900809091885,-28.153987507144638,-3.3511721525047005
835,27.833054999999998,0.07564620902620657,0.2978973415807207,-28.014182308162212,-3.2159367804924397
836,27.866387999999997,0.07640580944184105,0.30788920581053114,-28.045654294312136,-3.339680836519609
837,27.899721,0.07715158798527362,0.3105471051892967,-28.04343171231017,-3.2406840945636617
838,27.933054,0.07718247102673173,0.3127205029010216,-28.596167827358485,-3.4593765872623257
839,27.966386999999997,0.07730893636261316,0.3155340322816138,-27.798222943865277,-3.493515403975774
840,27.99972,0.07638913531241556,0.3133654741719565,-27.26746255678501,-3.409870670100527
841,28.033053,0.07650090169552672,0.3146885551519261,-26.958654992498627,-3.3512256022717843
842,28.066385999999998,0.07738736476323879,0.3152450270983236,-26.776077703078936,-3.354508180159165
843,28.099719,0.07894142668675201,0.3188510635996672,-26.44911099641121,-3.4611812699655795
844,28.133052,0.07654881873548611,0.31598274083975664,-25.899611133045678,-3.5626394288419165
845,28.166385,0.07853841167480148,0.3173791835777249,-26.09196681099375,-3.6190939858163342
846,28.199717999999997,0.07938101920851613,0.3120323610485898,-25.641008287184086,-3.593313695396306
847,28.233051,0.07900337540369023,0.31275278421497954,-26.32146392523875,-3.5976192416120005
848,28.266384,0.07899990447426923,0.312418655023346,-25.743502598581955,-3.6143172600225646
849,28.299716999999998,0.07993570963982244,0.3116999002608758,-25.942770923854418,-3.736108965908177
850,28.33305,0.081336258876683,0.31578059922275503,-25.695601631570227,-3.72707476838461
851,28.366383,0.08062073689360556,0.31331535133210625,-25.9248779936047,-3.737383799490191
852,28.399715999999998,0.08066293648793149,0.312470608977266,-25.978320618449487,-3.677330450744597
853,28.433048999999997,0.081570360951262,0.30847530762700687,-26.16867981863405,-3.664501284000578
854,28.466382,0.08112255828737755,0.3069341475825941,-26.56134332603406,-3.5811573305508158
855,28.499715,0.08111650215875775,0.30351821076031726,-25.949038659455155,-3.4721859146260283
856,28.533047999999997,0.08128193442713971,0.3010172672948077,-26.1735924393758,-3.4420104570250367
857,28.566381,0.07943712721709435,0.30660280524036254,-25.91574521541719,-3.21881259070879
858,28.599714,0.08104871673472121,0.30223918074245637,-26.79570584562375,-3.1247924129616207
859,28.633046999999998,0.07821839772903544,0.29512034371575346,-26.815859782017842,-2.5530172760112393
860,28.66638,0.07678942585852441,0.30560540407291364,-27.44415402136537,-2.3844272947250733
861,28.699713,0.08634997339971834,0.3110056713722158,-28.73664097097967,-2.3680727628141556
862,28.733045999999998,0.12032067386253532,0.308956349821651,-29.591247007110294,-2.5757753324902737
863,28.766378999999997,0.12518951574759604,0.3070268039467603,-31.160863216567765,-2.4258316698314877
864,28.799712,0.12884789547902661,0.28460959540124486,-33.29209290048134,-2.114440062561718
865,28.833045,0.13813186514907655,0.2733961390553632,-35.04801298359372,-1.9619710254536271
866,28.866377999999997,0.12210822997076531,0.2992305705856383,-37.04868909047225,-3.2002838552880704
867,28.899711,0.10288988198311472,0.30732593799955954,-38.21846179225583,-3.747018305362275
868,28.933044,0.10127207967783541,0.32269273272352983,-39.20472886382078,-4.2551693849010155
869,28.966376999999998,0.12125860726359813,0.33213709872157177,-40.4238867043307,-5.02533458634886
870,28.999709999999997,0.16314980148806668,0.32171028568580495,-39.51980926835976,-4.844684810685549
871,29.033043,0.18542861324504895,0.31765363111738987,-40.09362506038268,-5.351749661243925
872,29.066375999999998,0.1930192397645922,0.32330835839878413,-41.230681789666086,-5.913463616413507
873,29.099708999999997,0.1659521395993518,0.329621644437228,-41.737308946048636,-6.6125007890375525
874,29.133042,0.13077570761509194,0.3328062377772527,-41.48941473083971,-6.829931408244419
875,29.166375,0.11466638670353739,0.3399349812219108,-41.48269607564276,-7.098238225114254
876,29.199707999999998,0.10077706668899969,0.3484106943481712,-41.65587163699964,-7.307407592328279
877,29.233041,0.1024270283965346,0.3395815225784667,-41.958019259358615,-7.342883909283031
878,29.266374,0.09997451519401634,0.34957407515873784,-41.534572068152,-7.246835185365354
879,29.299706999999998,0.1005224623753896,0.3434428243444998,-41.06132162156316,-7.075749367158055
880,29.333039999999997,0.10945922463449863,0.3409881899605297,-41.202919876872,-7.026308914656203
881,29.366373,0.13795427686649123,0.31160673398365857,-41.614991415734046,-6.355439552169126
882,29.399706,0.15020683190395648,0.3138871239570465,-41.547558383460796,-6.380134631835202
883,29.433038999999997,0.15443591464665765,0.33384067199950673,-41.23233616648703,-5.950749708444178
884,29.466372,0.1579855017737103,0.32826614017665545,-40.96716589256328,-5.491157698409125
885,29.499705,0.16599255106038568,0.33264727409772565,-41.093671501494434,-5.340950730387248
886,29.533037999999998,0.16813753803044837,0.3344858900453017,-40.440001797235475,-5.035853056972758
887,29.566371,0.16385653160210426,0.3195084834539644,-40.826912488680044,-5.038334035435779
888,29.599704,0.1664871333638357,0.32786454792477615,-40.38977134255643,-4.821143615490287
889,29.633036999999998,0.1635324262055398,0.32750333496361744,-39.59243534991295,-4.75361325223709
890,29.666369999999997,0.18166860637443594,0.32596860970167574,-39.13507544247395,-4.604090833275146
891,29.699703,0.19099777864541098,0.3363023048971475,-39.018152794045314,-4.462244145380312
892,29.733036,0.21805864667972813,0.33735469124235445,-39.35239994388052,-5.084674103583749
893,29.766368999999997,0.22404108318448412,0.326450573672426,-39.908545742938884,-5.139796987525865
894,29.799702,0.2220133152052829,0.3323086678156125,-38.985230174128965,-5.332219483453678
895,29.833035,0.2068454714907672,0.3187548651605665,-38.4510853498534,-5.285977413910476
896,29.866367999999998,0.1856657464099024,0.2590250595355983,-39.15887383093513,-5.928291560193534
897,29.899700999999997,0.18259941997520696,0.23175152599636545,-38.51640541332676,-6.073841498745243
898,29.933034,0.1939282528943263,0.2534923359372181,-38.60481070556778,-6.591487306864434
899,29.966366999999998,0.21073501336209427,0.2678766617146001,-39.86059888150646,-7.00037488625116
900,29.999699999999997,0.2194480744324646,0.26643346717525895,-39.55278061421226,-7.026133786900484
901,30.033033,0.22752861544358727,0.27816351844713794,-40.354348592803774,-7.587055500122878
902,30.066366,0.24050398824901023,0.2911839568863313,-41.70459585011107,-7.760806707654506
903,30.099698999999998,0.225676445349316,0.28906505253579373,-42.05547217070133,-8.222462122079893
904,30.133032,0.20981300783081905,0.30405578820362655,-42.60559469933403,-8.591741606371498
905,30.166365,0.20297620877346073,0.301173219827815,-43.61361995690365,-9.317207143685923
906,30.199697999999998,0.17566712781436913,0.29759838777787995,-44.11350417938839,-10.137353735657815
907,30.233030999999997,0.13905908397121536,0.28954940487955944,-43.58156697788016,-9.980748397062078
908,30.266364,0.10974970537213458,0.3053995266199063,-44.17300750208144,-10.04634422717972
909,30.299697,0.10325630501405274,0.2960317734214232,-44.21198970771884,-9.783527297640173
910,30.333029999999997,0.10298691219653083,0.2989438504930143,-44.18106435278578,-9.40380195332673
911,30.366363,0.10378328528943641,0.30278160818019584,-44.34282570995532,-9.349117537596465
912,30.399696,0.10397379059549723,0.3066684100286505,-44.05727370744462,-9.155789595711067
913,30.433028999999998,0.10481866289945592,0.31525374103674236,-43.730792458796195,-9.032064482003026
914,30.466362,0.1030975171939464,0.31719273560666034,-44.178938884768655,-8.885996409164715
915,30.499695,0.1023774542615415,0.341349674896425,-43.432036829825236,-8.90425794062867
916,30.533027999999998,0.10188933439215675,0.33068328408256453,-43.071925241333204,-8.755197454088437
917,30.566360999999997,0.10404465873338262,0.33639607348973144,-42.08448721835576,-8.523629846674531
918,30.599694,0.1228026039094896,0.32810880367563766,-42.43313372594843,-8.452348077708498
919,30.633027,0.13561972279465015,0.331624655384277,-42.131982353022785,-8.545555135013073
920,30.666359999999997,0.1315955004024247,0.3282229322736653,-42.20754573557419,-8.72342757803145
921,30.699693,0.1256244028721472,0.3130740922010685,-42.83440806676034,-8.973176600142658
922,30.733026,0.11815254615491533,0.3215320058197929,-42.74867143215051,-9.901443851768295
923,30.766358999999998,0.11203792366776089,0.3497070224926512,-43.70866671949361,-10.730992745627368
924,30.799691999999997,0.10657193206936506,0.35622010505980195,-44.58401981620089,-11.030717823393088
925,30.833025,0.10523449675137894,0.3654092105478429,-45.789753616491396,-11.83397441996205
926,30.866357999999998,0.10887702293464628,0.3634189014803758,-47.05724359592225,-12.151226433754939
927,30.899690999999997,0.10881314454138385,0.388281741285991,-48.786179333574516,-12.3067255156745
928,30.933024,0.11119389548439293,0.43361108017491146,-50.37928186870611,-12.610033227947385
929,30.966357,0.12227479780128617,0.42831147521337565,-52.32616130172151,-13.066593471485211
930,30.999689999999998,0.1221254183226051,0.4075032496783241,-46.16305830509801,178.19459521039494
931,31.033023,0.12443319505448175,0.3949744386051546,-47.06463659928454,178.74443507125991
932,31.066356,0.12352877562277415,0.40308981513137965,-48.42728938215278,178.49382231620083
933,31.099688999999998,0.12567779045889113,0.4365149890238593,-50.042511524094266,178.45228581656818
934,31.133021999999997,0.12443588428384293,0.46527039224471756,-50.64764360095167,178.96232898378847
935,31.166355,0.1248079012870827,0.4919747465710439,-50.93890126019895,178.37472109355986
936,31.199688,0.1272619292905419,0.5157776055665919,-52.10151118846135,178.3992409866831
937,31.233020999999997,0.1298927005865523,0.574620466129322,-53.343186768907906,177.2894112196422
938,31.266354,0.1315606501203111,0.5473638306084585,-52.79067452172387,177.2867902214868
939,31.299687,0.1353293011624583,0.5862124912433462,-53.517174932121094,177.17044718572132
940,31.333019999999998,0.1781586657490457,0.5275751344285755,-53.39451212979748,176.56358009728663
941,31.366353,0.22457421205470895,0.4971777639169545,-51.628187245308716,176.32183589270915
942,31.399686,0.27751457349981296,0.4390444185975485,-57.30212364464724,-15.30441005504804
943,31.433018999999998,0.3060634141258004,0.415336061703068,-56.412808038587514,-13.92969470438254
944,31.466351999999997,0.3188208321522481,0.4059681027780593,-56.34310172901165,-13.755596070948982
945,31.499685,0.3223756107605243,0.4091324316819106,-56.501222350822154,-13.843530398384425
946,31.533018,0.3081825508775715,0.3655222976317902,-55.4490501223604,-12.833500372159445
947,31.566350999999997,0.31023582082545137,0.39007497138320674,-55.395139801345124,-12.750544955977034
948,31.599684,0.2969275838943088,0.3618070156821419,-55.060862547635324,-13.385447546574666
949,31.633017,0.2878955359615168,0.3535909093685251,-53.75950881742584,-13.08136256850982
950,31.666349999999998,0.2657039539108407,0.36297323744077137,-53.578797638456344,-13.17672743662307
951,31.699682999999997,0.25449047661829993,0.2692479280502335,-54.630789550847474,-11.91213128421548
952,31.733016,0.2550533830688891,0.11180057130841195,-53.188605403707896,-11.816892417349822
953,31.766348999999998,0.2865865864284436,0.13537151016962395,-53.16896113817665,-10.69324451930786
954,31.799681999999997,0.2734511657623392,0.09395822932534166,-52.33085013813681,-10.09713736276263
955,31.833015,0.29463998706190203,0.08829712316499726,-52.10543632325661,-10.171578923486557
956,31.866348,0.26753590324784216,0.06870489235809842,-50.5605686950002,-10.245152601765039
957,31.899680999999998,0.2667111616394702,0.06687601241755858,-50.35052373763039,-10.291453605736624
958,31.933014,0.26987816658613983,0.08074354951163659,-51.02413649470679,-9.924352115432738
959,31.966347,0.28891926549376107,0.07880219923842113,-51.056797650461085,-9.414001723169786
960,31.999679999999998,0.2720822307973492,0.07137220878929587,-50.77034080039134,-9.318584463492858
961,32.033013,0.2697497491573019,0.06910857441452167,-51.850892865239466,-8.998874845683245
962,32.066345999999996,0.26823199918736784,0.09509824252036565,-51.825954961520736,-9.283247312373877
963,32.099679,0.26902030073009703,0.18283233793802858,-52.61949140956194,-10.42313282733041
964,32.133012,0.24848244724560187,0.31412323753817817,-52.837136803004924,-11.398430623300142
965,32.166345,0.2549336786924469,0.3309043666302064,-52.65178966595616,-10.59946277419258
966,32.199678,0.24730743379531903,0.3162611814029447,-53.044739918719245,-10.676117248404475
967,32.233011,0.2517479061524465,0.29918661994012397,-52.75167831812642,-10.994034593256794
968,32.266344,0.24713023786947047,0.33168302603080524,-52.531699300998355,-11.233557005550667
969,32.299676999999996,0.2527598218430864,0.34294350975937826,-52.54390346665011,-10.554926990677544
970,32.33301,0.25490102453822233,0.30873657001850185,-52.731370507491484,-10.742941767846538
971,32.366343,0.24034164656596496,0.322335286503509,-52.35279468633612,-11.016293180974811
972,32.399676,0.23318483540943197,0.3400682470385299,-52.477173207913495,-11.429856945939564
973,32.433009,0.2551020308047249,0.35003525548651365,-52.49745302982584,-10.963383632003326
974,32.466342,0.24366953470834588,0.3350011753412728,-52.221178280514,-10.957429287328955
975,32.499674999999996,0.2510180623380483,0.35520642509620814,-52.886043385355116,-10.77386827024572
976,32.533007999999995,0.2654949696248211,0.3489433916809131,-53.14061702940825,-10.712298646213142
977,32.566341,0.2656706310219781,0.34548144408596165,-53.005435757874785,-10.996887734106643
978,32.599674,0.28196231909297426,0.35980169016453284,-54.054921169313765,-9.924589100087603
979,32.633007,0.30368062839629983,0.3529587118945089,-53.472721230192796,-10.971428107411544
980,32.66634,0.32739430501335837,0.35617379824639656,-54.175695550471154,-9.850146201632924
981,32.699673,0.38752263823615096,0.34892196414125065,-54.83425291867833,-10.346278754597442
982,32.733005999999996,0.4306080589188064,0.33084399655888336,-54.64887608421763,-10.118884744879523
983,32.766338999999995,0.480805109743364,0.33423824280794445,-54.967825358971524,-10.596089865266405
984,32.799672,0.5585080283466475,0.3382595978161106,-55.393244530219995,-9.937726390345178
985,32.833005,0.5682284001406575,0.3294636765732426,-56.029680392689606,-9.63204663130071
986,32.866338,0.6086428198535759,0.33564878066188214,-56.23753590142722,-9.694708821838171
987,32.899671,0.6124958774145459,0.3253149325408551,-56.83020786690883,-9.335211001355574
988,32.933004,0.5990917720780969,0.35486737146306824,-56.519851706162456,-10.044337898873078
989,32.966336999999996,0.6088689585294863,0.35527234823641385,-56.44924115639451,-10.430110868559819
990,32.99967,0.5863515268548359,0.32781838395226737,-56.143468259666456,-9.47814211154927
991,33.033003,0.5974354379882061,0.35438143618437845,-54.9126363279064,-9.928186907569522
992,33.066336,0.6078271467821893,0.34854096007433133,-55.47949041293092,-9.869480550473464
993,33.099669,0.6510993615113958,0.34610826006506346,-55.60779991208193,-9.464855783006211
994,33.133002,0.6737701607458747,0.35016685702478273,-56.11536916594005,-9.496339793353393
995,33.166335,0.6646229964087997,0.3581111074366694,-55.7791048026305,-9.158180399325797
996,33.199667999999996,0.6715704830140267,0.36012276932522364,-55.36783973645633,-9.080421453571597
997,33.233001,0.6847671427304072,0.32121700777590223,-55.410485014817006,-10.17868120963577
998,33.266334,0.6742457925099431,0.3526883117551075,-54.909293299765196,-9.677548909790929
999,33.299667,0.6936993827393833,0.359546346088096,-55.537759234976335,-9.78838810395962
1000,33.333,0.6740129808785801,0.3499803432311065,-55.67480163480396,-9.960079438778397
1001,33.366333,0.6763334283134167,0.36235297853622284,-55.683487853768845,-9.938943173927802
1002,33.399665999999996,0.6745701146670473,0.37524984113413884,-55.839388656174116,-9.692363468767654
1003,33.432998999999995,0.6577302720588287,0.3609619083658465,-55.22257484810289,-10.309701775451737
1004,33.466332,0.6598939606868318,0.36040874705545656,-55.38613473402988,-9.68033963510437
1005,33.499665,0.6680522881619146,0.3579784157050168,-55.65066940671494,-9.574381402707457
1006,33.532998,0.6414702118776902,0.34528015440953375,-54.79744196169477,-10.44289472427707
1007,33.566331,0.6525668199568628,0.35608977617743887,-55.21798128554296,-9.630944492089787
1008,33.599664,0.6417038329611388,0.3519018025203659,-54.9459373338509,-9.834300374933994
1009,33.632996999999996,0.6544597091756159,0.3431808099829191,-54.12462024123863,-10.618827677611035
1010,33.666329999999995,0.6521865006859779,0.3443434566211018,-54.66611290875363,-9.42673199581189
1011,33.699663,0.6300589141207101,0.34216984142476875,-53.66176093291006,-9.668647260041656
1012,33.732996,0.6331138789769307,0.34001808156635266,-53.6470913858239,-9.476040589805825
1013,33.766329,0.6463247216780852,0.3390596882669927,-54.2603680745076,-9.036880641033276
1014,33.799662,0.6286711987359788,0.33043918522696897,-53.880689905551264,-9.027400239272108
1015,33.832995,0.619726269166959,0.32935377103387675,-53.37764567521198,-9.631554908117325
1016,33.866327999999996,0.6082992558169822,0.3385112991171281,-53.782769112708294,-9.118031431557519
1017,33.899661,0.588070674562655,0.33226583910945195,-53.26338933602206,-9.617514748295536
1018,33.932994,0.5850987376754228,0.316696112652728,-53.33042299592764,-9.73631676648796
1019,33.966327,0.5857025820273436,0.31620433931933306,-53.03190055999807,-9.371910619564465
1020,33.99966,0.5755238646936337,0.3136881874001182,-52.7938432797471,-9.374415149124552
1021,34.032993,0.5758000653794381,0.32704172104342394,-53.455647755997894,-9.332256492753755
1022,34.066326,0.577571364621202,0.3134368910922973,-53.453675357985155,-9.196620654790664
1023,34.099658999999996,0.5626483819039471,0.3244622057782983,-52.94454784717627,-9.153286587500125
1024,34.132992,0.5670098618496331,0.3373443928616977,-53.25716580426313,-9.185672120775308
1025,34.166325,0.565783686126356,0.31442939311227375,-53.3029097024293,-8.225273529018283
1026,34.199658,0.5762783508532209,0.28429388444799875,-53.32228741343356,-8.495979732938533
1027,34.232991,0.5780062801591476,0.2898886620266303,-53.53908913229102,-8.062488680690596
1028,34.266324,0.5662192548151002,0.29916001909558676,-53.1644257554248,-8.714599010313732
1029,34.299656999999996,0.5738107822388401,0.31587505158170376,-53.651397943806685,-8.478136733894287
1030,34.332989999999995,0.5768946194979624,0.29044487444390954,-53.466399079338004,-8.186143981411423
1031,34.366323,0.5827409183753322,0.28502792754129425,-53.35061618103892,-7.821846618599131
1032,34.399656,0.5756452008008516,0.27913026760429827,-52.98335602136036,-8.330869654343012
1033,34.432989,0.5608631858003545,0.30173432295139746,-53.27729512687626,-8.815975913430103
1034,34.466322,0.5580725808456166,0.29198699406588147,-53.66230843889555,-8.477862392029095
1035,34.499655,0.573328781523303,0.2396162052385255,-53.17464769018957,-7.81746818527802
1036,34.532987999999996,0.5749479053121479,0.26883000863616224,-53.74163699168729,-8.005290039817352
1037,34.566320999999995,0.570168833251633,0.28492205536207516,-53.6120424366948,-8.390324625096282
1038,34.599654,0.5882861176466884,0.29777704060293764,-54.18368502318645,-8.624575586584646
1039,34.632987,0.609773816598688,0.2663526764953222,-53.99548836249162,-8.100915293707754
1040,34.66632,0.5873839304672499,0.29950560628788714,-54.0238826418342,-8.507983834305366
1041,34.699653,0.5898997988579784,0.30695668421202726,-54.159252621803425,-8.557664857455174
1042,34.732986,0.5990262839242498,0.30242364534613464,-54.36367732220404,-8.40319561278225
1043,34.766318999999996,0.5718121921680188,0.3222595548647931,-53.72189550233432,-8.864373536083814
1044,34.799651999999995,0.5811969519969306,0.29624227855364393,-53.82815435968485,-8.937597331499724
1045,34.832985,0.593466270462353,0.28330881255707463,-53.98181239590577,-8.270834181547087
1046,34.866318,0.5620731378485457,0.2921977775122687,-53.60037532212625,-8.972760392299781
1047,34.899651,0.5418136915208831,0.3174286369789696,-53.909414173134614,-9.42474951582585
1048,34.932984,0.5293303243868163,0.33539112177686736,-53.94125021290512,-9.265562896699421
1049,34.966317,0.4708102701616731,0.3391256431759684,-53.32742561842247,-9.892559592830978
1050,34.999649999999995,0.3482092761591793,0.3237842472804627,-52.08616690703222,-9.972826234882694
1051,35.032983,0.22086130086549643,0.31371471266157114,-49.55067414278834,-9.81240815004908
1052,35.066316,0.1115625646028773,0.34121879801038835,-48.340381430391595,-9.85941264281822
1053,35.099649,0.10812234220152361,0.3163522138355271,-46.978436847511624,-10.228340500374133
1054,35.132982,0.10922251472709772,0.3250652916076455,-46.94634213132843,-10.006711021805591
1055,35.166315,0.10918170017097943,0.32381573972925404,-36.75941378292076,177.65484329550532
1056,35.199647999999996,0.10919964464237535,0.33467344713884195,-46.07973771853136,-10.204298526572577
1057,35.232980999999995,0.10910301932333855,0.3072388713295471,-45.587169631510626,-10.4233982255847
1058,35.266314,0.1105762321865015,0.3292760165819427,-46.33252749863015,-10.828584430658228
1059,35.299647,0.11128695742737965,0.32637407132434004,-46.02933304066982,-10.634063327979206
1060,35.33298,0.11074787171405753,0.3238937061299827,-45.76368671157285,-10.318790024593037
1061,35.366313,0.11300732097959933,0.32912266141765684,-46.15634783513346,-10.095449690340725
1062,35.399646,0.11189110718079613,0.3213112714073645,-46.021391222975915,-10.292177889792466
1063,35.432978999999996,0.10935685587570615,0.33069749741306115,-45.976951012993226,-10.453473173696844
1064,35.466311999999995,0.10800064004169874,0.3160624588304899,-45.29519480580228,-10.172109915251145
1065,35.499645,0.11159158080977209,0.3312395078236744,-45.58385603139253,-10.038243289960098
1066,35.532978,0.10782790663778956,0.31398094748135486,-44.6273871124251,-10.233979745357844
1067,35.566311,0.10934052632230544,0.32366682136830466,-45.27024057432732,-10.497046175598895
1068,35.599644,0.10791073136451006,0.3192852961458481,-44.83032560989343,-10.177658499957806
1069,35.632977,0.10876181325218383,0.3254423159410883,-45.58579486556028,-10.715368846287351
1070,35.666309999999996,0.10709193312310598,0.3189628023937674,-44.73625698727072,-10.335676878445776
1071,35.699642999999995,0.10667598425629053,0.3286125536318345,-45.29121257340466,-10.419048511850402
1072,35.732976,0.10668843963777098,0.3220607497162852,-44.7561409910049,-10.272247437917672
1073,35.766309,0.10876694346199652,0.33354706204017115,-45.61366015904521,-10.437629001468098
1074,35.799642,0.10816688573811344,0.32565906288366675,-45.0441812435454,-10.19714297480066
1075,35.832975,0.10655405828899471,0.33425488915662827,-45.430560529141985,-10.208787956015644
1076,35.866308,0.10803859949544024,0.3421270476875021,-45.37318408225841,-10.248978452427393
1077,35.899640999999995,0.10594056740939758,0.32868160369628563,-45.229252345150904,-10.393001941734186
1078,35.932974,0.10836480003851069,0.34143012878841295,-45.5815244382678,-9.677446080951588
1079,35.966307,0.10792362514588517,0.3381090774650436,-45.972037911600836,-10.065868875018216
1080,35.99964,0.10837022671191171,0.3250316037091545,-45.90232900455672,-9.780289866027214
1081,36.032973,0.10555557524122613,0.3223394220257911,-46.17337404542676,-9.881981589185486
1082,36.066306,0.10745046999150999,0.3217046192114005,-47.194310146453425,-9.375922243490685
1083,36.099638999999996,0.10862450045647254,0.3198955725603442,-47.634088925709925,-9.939215076265235
1084,36.132971999999995,0.11189082570785346,0.3280929718281701,-48.987837448937306,-9.876726018114063
1085,36.166305,0.20631572986632685,0.3313243133786635,-50.25879546612559,-8.938491992625378
1086,36.199638,0.26653960266028265,0.36574098706822333,-50.79954000337202,-8.460248267784804
1087,36.232971,0.29247243470606027,0.33990622640349055,-50.85345987788107,-9.484386477142813
1088,36.266304,0.3786997884681115,0.32672753383300535,-52.069241205611775,-8.932967364870594
1089,36.299637,0.4622853240154908,0.316503891768527,-53.94287731093171,-8.806786023304896
1090,36.332969999999996,0.5423524061995613,0.30646133552767896,-54.56881032389316,-8.335311237987593
1091,36.366302999999995,0.5923042773943418,0.3259439156903424,-53.950963170112246,-8.282175306586426
1092,36.399636,0.6330289222258968,0.323934311227859,-54.35139889247951,-7.473808330313712
1093,36.432969,0.6419661807364467,0.27935318229469014,-53.573308787328294,-6.738694879111148
1094,36.466302,0.6557918700030086,0.26242485867961224,-54.266500285369666,-6.969381589106158
1095,36.499635,0.6752768576807833,0.2503318348917872,-53.337060454972836,-6.884467518367824
1096,36.532968,0.6666169168588791,0.24335890054595255,-52.419851720822436,-7.053062924887898
1097,36.566300999999996,0.6598915539216585,0.2584100095951336,-51.565837084049605,-6.639101164326819
1098,36.599633999999995,0.6401249964398118,0.25636379472281795,-51.5027869017883,-6.937199018725941
1099,36.632967,0.6462032336591235,0.2284815379906418,-51.19679833065262,-6.48683321738328
1100,36.6663,0.6518589016999408,0.21779207826623243,-51.179758614540766,-6.441988148183675
1101,36.699633,0.6715867171734665,0.18533340546164215,-50.799662620830894,-5.5879413824187685
1102,36.732966,0.666552055217975,0.15304666842138132,-50.486881299703064,-5.70942394441292
1103,36.766299,0.6623693081818193,0.1744078656683276,-50.1610329827549,-5.960154575637373
1104,36.799631999999995,0.6773566638997259,0.1535667225317873,-50.2382010135,-5.695967418121192
1105,36.832965,0.6719861974065029,0.17504518370829292,-50.26109978492627,-5.948552510783235
1106,36.866298,0.6510547688742291,0.1905188898822434,-49.33232262831945,-6.229515600010965
1107,36.899631,0.6531121510186725,0.1868956547219745,-49.594599784459284,-5.936940283403478
1108,36.932964,0.6508884353884694,0.1883605665713208,-50.19864858434535,-6.092968623871152
1109,36.966297,0.6439539127734952,0.1911483061858934,-50.05265578131325,-6.105945019210262
1110,36.999629999999996,0.6129490729903073,0.17448852032604317,-48.96690668532565,-6.475224228562543
1111,37.032962999999995,0.6121296769405764,0.1785361923879622,-48.444440813473314,-6.264650225052228
1112,37.066296,0.6312996642421471,0.19585794474335289,-48.96374849563777,-6.23553599346722
1113,37.099629,0.644700404669895,0.19278114341392366,-49.01565714144065,-5.854742577301664
1114,37.132962,0.6489686000750047,0.1998606608323692,-48.94458775881801,-5.7397303384922855
1115,37.166295,0.6278436369761036,0.19695607015048483,-48.72821918837524,-6.377856320195167
1116,37.199628,0.6198390233605845,0.1907346640379509,-48.83772142278648,-6.020371759075252
1117,37.232960999999996,0.6015898297079075,0.19501076522838,-48.111746067281764,-6.16248867805157
1118,37.266293999999995,0.5962887719056823,0.19308561975321156,-48.76447635653391,-6.3772172049011795
1119,37.299627,0.5961299160703957,0.1931911985919043,-47.74867903911781,-6.207358606220427
1120,37.33296,0.625188205913043,0.18506892985994455,-48.83668427410005,-5.782149065045276
1121,37.366293,0.6273888830962566,0.19811185544711513,-48.45009244154126,-6.0576989511347605
1122,37.399626,0.6329024656193846,0.19536850274547962,-49.025545587596596,-6.201226495345429
1123,37.432959,0.6008094292109745,0.18554177237867162,-47.943524045085276,-6.318836209388018
1124,37.466291999999996,0.6119342230948145,0.18467331364783174,-47.854288786894806,-6.03065024643338
1125,37.499624999999995,0.6266073997299333,0.1911342805675861,-48.56531138112789,-6.197831755183341
1126,37.532958,0.6430149374174239,0.18928423925605137,-49.00091260655124,-6.293290755903714
1127,37.566291,0.5845557190739339,0.18909149847865026,-47.8172671524734,-6.45900609214022
1128,37.599624,0.618780056120448,0.1899510260384856,-48.22484344350759,-6.309848649324208
1129,37.632957,0.5945002611266013,0.1898599692518638,-47.29060337656637,-6.11023829846001
1130,37.66629,0.6153442499107784,0.18318708364169817,-47.82193833528392,-6.376188596228515
1131,37.699622999999995,0.6122370732868032,0.17774708746921902,-48.11536056386345,-6.432130018733478
1132,37.732956,0.6207635387837657,0.18645725955658904,-48.668690494147185,-6.171742245793974
1133,37.766289,0.620128335738094,0.17277870082484045,-48.062793712523295,-6.029577537838431
1134,37.799622,0.6245353314546727,0.18900789049340858,-48.069927354501374,-6.472615014010628
1135,37.832955,0.5987145439522243,0.18817811490166664,-48.211834403683426,-6.616798981433297
1136,37.866288,0.5879457370295695,0.1978932149293468,-47.54229363792757,-6.4722300759912255
1137,37.899620999999996,0.6099790139786628,0.19287342239865882,-47.70638536331781,-6.570217149918281
1138,37.932953999999995,0.6042555047082545,0.19677261911508848,-48.31032783084002,-6.598701295445702
1139,37.966287,0.5997606884498978,0.20127583159320478,-48.36592413990323,-6.700604621572823
1140,37.99962,0.5922817692790203,0.19049219250807936,-48.35490167644103,-7.017672007717394
1141,38.032953,0.6060399191619502,0.19444363937219894,-49.238543112088685,-7.431048705512403
1142,38.066286,0.6035734107114534,0.19743857010411778,-48.87191443151554,-7.638744041181988
1143,38.099619,0.5984393426694111,0.19144936150454073,-48.676573026138456,-7.70575667762506
1144,38.132951999999996,0.5894290709887984,0.20512943697179742,-48.7251585664541,-7.763510659728561
1145,38.166284999999995,0.5852452293313345,0.2187233483597607,-48.916821948246486,-8.012008847962505
1146,38.199618,0.5930280532415498,0.21749158507262306,-48.67800771369011,-8.259186173368168
1147,38.232951,0.6108419673197011,0.20501042225496596,-49.36185451143459,-7.695973158099927
1148,38.266284,0.6062450533289584,0.21435671947442717,-48.83917918798355,-7.718571810516164
1149,38.299617,0.6097851051478198,0.2335338530740777,-36.57251788125306,177.15991772734293
1150,38.33295,0.5934244991143074,0.22533893120048903,-36.955952325173364,177.7406496361133
1151,38.366282999999996,0.6446428382376712,0.22345620615801148,-49.715590915375614,-6.182628603719884
1152,38.399615999999995,0.6234377900210073,0.21634979422669862,-49.112413235687214,-6.50091052171443
1153,38.432949,0.6152815441126961,0.23086303970591326,-48.834836450983424,-6.786463698487004
1154,38.466282,0.6074244775988495,0.24382905058236326,-49.062479298926434,-6.113148947526328
1155,38.499615,0.5507599874523715,0.24453981639618166,-46.81288930694346,-5.237209782347358
1156,38.532948,0.46555335798930797,0.24122423725622244,-45.79922922900341,-5.646685993570068
1157,38.566281,0.4580687628068699,0.2588980570288817,-45.29446876815895,-6.564345389176588
1158,38.599613999999995,0.39832616091774325,0.27152641880525985,-43.67853579862653,-7.3888995275703815
1159,38.632947,0.3157662425012141,0.27227364150712874,-42.894957462888414,-8.733849072871847
1160,38.66628,0.2615290531100981,0.2671725051169825,-41.426803951242384,-8.439626658089901
1161,38.699613,0.22753819200505748,0.28840270641618326,-40.91205696443648,-7.980172856082771
1162,38.732946,0.1887754644895568,0.2802005118625728,-42.69119843829349,-7.331816169357138
1163,38.766279,0.10133299697561929,0.2901227907194001,-41.51136212290136,-6.271295351665499
1164,38.799611999999996,0.09758353958606537,0.2889216650935178,-41.62464552633084,-5.195659820061617
1165,38.832944999999995,0.10168197114477422,0.3009256145468279,-40.66354996927415,-3.6719631829446326
1166,38.866278,0.10138863365333277,0.2947299509338239,-40.345707732746206,-2.321928222634271
1167,38.899611,0.10384705227200944,0.2984849141125237,-40.571413632949515,-0.6933149974110551
1168,38.932944,0.10268435703224751,0.28075830606797325,-41.63987183161111,0.10346494515047311
1169,38.966277,0.10267113231718733,0.267043577470106,-41.30939049395994,1.2992960194888756
1170,38.99961,0.10441384196693206,0.258243492236927,-40.69617765085555,2.0967108778931727
1171,39.032942999999996,0.102205628562313,0.25736704386972614,-40.64313454398184,3.091668447796363
1172,39.066275999999995,0.10265486974255339,0.2615793554725756,-37.95983264282099,4.964966317379304
1173,39.099609,0.09766310146555522,0.29359114561883115,-37.340439121840305,4.984207302267581
1174,39.132942,0.0963856579173834,0.26950724449947955,-36.80353366526484,6.038937756548521
1175,39.166275,0.09670928699434306,0.26544246050049025,-35.713595745936274,5.646325330216288
1176,39.199608,0.09959271521294095,0.25018903734127446,-36.558704724649296,5.33515148510277
1177,39.232941,0.10063358566632838,0.25522532439690737,-37.450976056456604,4.828918058377378
1178,39.266273999999996,0.09704344666763137,0.2498914617671389,-37.481174595550435,4.180330482437625
1179,39.299606999999995,0.09855789370390754,0.25612506230582166,-36.607426332247805,4.134795087948658
1180,39.33294,0.09964138056249622,0.2570719468722377,-36.96133894871171,3.4606788039640803
1181,39.366273,0.10199026145737856,0.2794772121982426,-36.31903083286115,2.901026572768405
1182,39.399606,0.10013470271702929,0.2814325662421393,-36.285564643162864,2.2577428528665133
1183,39.432939,0.10246232352283409,0.27680436243370166,-36.43928255450787,1.829771485515721
1184,39.466272,0.10535508509715424,0.28371674973573263,-36.31646250796867,1.1252713018450027
1185,39.499604999999995,0.10513728548557849,0.27427638098308055,-37.497378574486035,0.4222494249275276
1186,39.532938,0.10546738914463197,0.26666952632442037,-38.042224992384064,-0.5354678499128418
1187,39.566271,0.103341216887458,0.2950520859743295,-38.360558552485266,-1.0675892066715396
1188,39.599604,0.09989036029310983,0.29295045541356546,-38.718088473584864,-1.7872063569639662
1189,39.632937,0.09865945566543458,0.30082849771302156,-38.47847192185692,-2.642813600792426
1190,39.66627,0.09977889823600043,0.3057133317111136,-39.52206338569072,-2.940187513171696
1191,39.699602999999996,0.10349339402538668,0.2889669583640875,-40.613010412206556,-3.895198210450989
1192,39.732935999999995,0.10253604278563606,0.3055422045469398,-41.08745163707561,-3.9257512201936535
1193,39.766269,0.10210024546183731,0.29289002967696953,-41.67438487598313,-4.645688672463494
1194,39.799602,0.10171473747711035,0.3014082070131047,-41.66531636084985,-4.8225131965394334
1195,39.832935,0.10336080891825952,0.2991977314491667,-41.15209375837352,-4.786870211855319
1196,39.866268,0.10250949804658026,0.3079240536201245,-41.678288641523196,-5.007268947378825
1197,39.899601,0.10280208157369573,0.30145923707652866,-42.18786337914675,-4.862548034774996
1198,39.932933999999996,0.10179618337444045,0.2925005831514781,-41.685980935729525,-5.082215699906217
1199,39.966266999999995,0.10194531422177867,0.30052785654614744,-41.70059960133645,-4.85754939756841
1200,39.9996,0.10256868566005473,0.3063544842314408,-41.2963517298658,-4.778469117694771
1201,40.032933,0.10204677998806781,0.3122520232947986,-41.1073257461981,-4.689146811111553
1202,40.066266,0.10206825362560837,0.30891177733539005,-40.732937226152714,-4.613887658824906
1203,40.099599,0.10034299678942994,0.307579251909064,-40.77506417636642,-4.871186775899173
1204,40.132932,0.10063702484784041,0.3044994430062303,-40.337491116386005,-5.286789154062713
1205,40.166264999999996,0.0995979729725475,0.2999302304985703,-40.19108849934121,-4.741766912372823
1206,40.199597999999995,0.10055440675364047,0.2952329665790771,-40.34092482920765,-4.875029561339197
1207,40.232931,0.10090570434156927,0.2965019599331555,-40.68533384370387,-5.456349588896882
1208,40.266264,0.10027562931063916,0.2972612280504986,-40.79723542113082,-5.292601814782317
1209,40.299597,0.10064819110474076,0.29351594738278974,-40.34731158951477,-5.060732538445489
1210,40.33293,0.10190096153398935,0.2927756844578732,-40.26413604992727,-5.04589864993041
1211,40.366263,0.10103804826075174,0.2976401143429272,-40.08115650441818,-5.328803142630438
1212,40.399595999999995,0.10105950513466198,0.31346798419657473,-39.996325607385685,-5.626500038529261
1213,40.432929,0.10031546781694492,0.30679482454909796,-39.09140373229458,-5.618555682496509
1214,40.466262,0.09933187242802065,0.3057015309149633,-39.866311951742176,-6.309987382312019
1215,40.499595,0.098195089683273,0.30844769687251583,-38.83261547746496,-7.747224267083349
1216,40.532928,0.10244500649882868,0.2930312847530114,-38.157615076992734,-9.575372494013322
1217,40.566261,0.09957161073616792,0.2952509176977606,-37.0368269845903,-11.103286614085295
1218,40.599593999999996,0.09716908852844679,0.2926375680142531,-36.354513637458645,-13.405890478616023
1219,40.632926999999995,0.09822507048625455,0.31178615309533175,-36.44742291826863,-14.261550543317513
1220,40.66626,0.08875940037042729,0.311356049926655,-36.72956890117454,-15.692666284205156
1221,40.699593,0.0943490709698271,0.30523516582461846,-41.60777162820798,-17.36623613408276
1222,40.732926,0.07036562997286755,0.3017004617805276,-40.122764199695,-18.68035540886412
1223,40.766259,0.07189978634579675,0.30789712422093674,-39.15459379256256,-18.58401914675738
1224,40.799592,0.08389823430067216,0.3122630547883429,-36.39626278793516,-18.623484523614298
1225,40.832924999999996,0.08254060195217752,0.3048351656297198,-37.57197273953379,-17.14852013059801
1226,40.866257999999995,0.0868857695798912,0.3022037026730055,-37.692921939434285,-16.66862778783521
1227,40.899591,0.08652931716607047,0.31247247573424053,-40.9239507542435,-15.861861357894599
1228,40.932924,0.0888780271837423,0.3163182618026958,-39.308453643257,-15.946969333037242
1229,40.966257,0.09803286631803017,0.31639042466466294,-40.31091320474097,-15.549370750033459
1230,40.99959,0.09490829877636958,0.3184139831442576,-40.21230670541569,-15.802885641767856
1231,41.032923,0.08983797911591283,0.3079008101298048,-39.16447225243691,-15.538919386740393
1232,41.066255999999996,0.09228091433353545,0.301528956474283,-38.50676669242076,-15.049277560799583
1233,41.099588999999995,0.09548187002246411,0.30331247362977243,-38.90351264996487,-15.260548097904664
1234,41.132922,0.09183234532258945,0.3098316894809936,-39.84505034520847,-15.078760653997895
1235,41.166255,0.08673745266126386,0.32173334361409184,-40.79641446443574,-15.349833898112907
1236,41.199588,0.09052687865979427,0.310552150254791,-42.19923423716808,-16.160817414027328
1237,41.232921,0.10778035472364968,0.3152052626372768,-45.62753296686205,-15.438415688650807
1238,41.266253999999996,0.11932494266822746,0.345788722302955,-47.181720522820555,-14.41311845189975
1239,41.299586999999995,0.11291381607847013,0.35145228695947095,-46.27311464325684,-14.658477647948926
1240,41.33292,0.11447729089570795,0.35372218676667444,-43.82400176117512,-14.228456691458826
1241,41.366253,0.10307859676115869,0.3378165920849154,-43.151558092627916,-14.359978690066578
1242,41.399586,0.10596006794504745,0.33692238635968835,-42.626521448879416,-13.495334155937712
1243,41.432919,0.10221114651237323,0.3280337365912974,-40.474637292393766,-13.145388631034374
1244,41.466252,0.09967593626481051,0.3224291757482942,-40.91505703503363,-12.193063306706607
1245,41.499584999999996,0.10062968039996877,0.34188331340796363,-40.51265925564828,-12.310155831356072
1246,41.532917999999995,0.0992065569607096,0.34079060392691596,-40.613575429456205,-12.219674131725018
1247,41.566251,0.10026565075641632,0.3359021304494464,-39.93246390824193,-12.397613057963943
1248,41.599584,0.09986597641873293,0.326833777716228,-40.24371005549426,-12.590623850829942
1249,41.632917,0.09932985871344965,0.33015425131661846,-40.40194494652425,-13.10648137446152
1250,41.66625,0.10184311429839653,0.33637334901766225,-40.63266082736896,-13.24826381389736
1251,41.699583,0.10171435131987068,0.33577620375633954,-41.088127161445875,-13.951702234964658
1252,41.732915999999996,0.10290867143667416,0.3222874439854286,-40.58345221754756,-14.277548990297523
1253,41.766248999999995,0.09990010797297225,0.3358300818697225,-41.487788586629264,-14.29305047472157
1254,41.799582,0.09973696986198237,0.32354534978340166,-41.325056743512086,-14.47041336403255
1255,41.832915,0.10060393582247576,0.28819721794129655,-40.67318482545765,-13.359753238941034
1256,41.866248,0.1007457292345254,0.0828315112262982,-40.05950190286443,-12.474706009392623
1257,41.899581,0.10092802375724849,0.0965396764161082,-40.25794785199943,-11.705622795538073
1258,41.932914,0.10103122197291504,0.17165779593489014,-40.284166125711124,-12.011855173278876
1259,41.966246999999996,0.10106350784645614,0.20091635023501758,-39.883298366106736,-12.156161450229739
1260,41.999579999999995,0.09881429181624889,0.2121867707931596,-39.92807698897978,-12.220357464920706
1261,42.032913,0.09925032559248423,0.21808907702473526,-39.537552134402326,-12.048004994656436
1262,42.066246,0.09757984527517509,0.22702808735204122,-39.70136350624243,-12.162717742137053
1263,42.099579,0.09965040866782107,0.23500893786999466,-40.17378795056155,-12.273525271351
1264,42.132912,0.09747970645184603,0.23597027771125337,-40.02593717092048,-12.163624396843678
1265,42.166244999999996,0.0991421040389772,0.24306056880506616,-40.0596630486098,-11.999098423246636
1266,42.199577999999995,0.09766190762330526,0.2439850236569999,-40.328415473081364,-11.90404131537405
1267,42.232910999999994,0.09811876409583359,0.24846420337008052,-39.75672388718688,-11.486486171715118
1268,42.266244,0.09720694644262422,0.2612654123132304,-39.72615723162787,-11.69693120644099
1269,42.299577,0.09694950793981524,0.2609298280072275,-39.868777024016524,-11.882572431523501
1270,42.33291,0.09858924454561814,0.2508395982117365,-39.69692272961566,-12.049203927971094
1271,42.366243,0.0996214656091165,0.11753422240363523,-40.14517760122281,-12.795223103421877
1272,42.399575999999996,0.10219899942752077,0.08925091737794567,-40.08857209836762,-12.718562514415071
1273,42.432908999999995,0.0986114201402311,0.21920633632075578,-39.870011481222214,-13.343553780569662
1274,42.466242,0.10001078771068499,0.2605948746428499,-39.14260319741281,-13.821962422236183
1275,42.499575,0.09779013419920239,0.2956474554643487,-39.96062853081446,-14.560199993051464
1276,42.532908,0.09704527763886774,0.30579756873749925,-39.60269092744158,-14.782541106565022
1277,42.566241,0.09652804413549598,0.29486060752472576,-39.204896245722566,-15.54518736903277
1278,42.599574,0.09752283573711905,0.27299349841520437,-39.31699562044432,-16.240861666509733
1279,42.632906999999996,0.09464358129251961,0.28814003626309953,-37.90123371567288,-17.138811669102118
1280,42.666239999999995,0.0928641165111837,0.3012095227074628,-37.65654165423851,-17.533545428986255
1281,42.699573,0.09028937011903329,0.27718402251407426,-34.92567417547347,-18.29635307423273
1282,42.732906,0.08069545837292617,0.26969270431810954,-31.772208987097212,-19.247519073165414
1283,42.766239,0.07767546579102211,0.2729293861133928,-28.332172377415777,-20.11010469582609
1284,42.799572,0.0756886266914243,0.2844027685015029,-21.70948422179599,-19.338235558525437
1285,42.832905,0.07242314612061974,0.30283307531796855,-15.589885278721246,-18.91092028400831
1286,42.866237999999996,0.06919414976544772,0.3083753094443036,-10.52968751559908,-18.336613141248435
1287,42.899570999999995,0.06981345432062563,0.3058014277955052,-5.207657572977385,-17.48904517775397
1288,42.932904,0.06680749028260237,0.30766504312821624,-0.3036928786127636,-17.27864025876018
1289,42.966237,0.06411594837618556,0.3102798322638163,2.356881631280972,-17.027476964293236
1290,42.99957,0.0638802501318068,0.3223417603389054,4.18872865172611,-16.540457684708464
1291,43.032903,0.06276890030301358,0.3284292191504522,4.843932057328895,-15.928996262799794
1292,43.066235999999996,0.06112789157616317,0.32991123717827453,6.275264641519211,-15.636013493542276
1293,43.099568999999995,0.0628006055907011,0.3360500162873027,6.927264585298396,-15.25105094524144
1294,43.132901999999994,0.06426310179240181,0.33822753869143685,7.099638729393661,-15.120387687670085
1295,43.166235,0.06167631421793448,0.34314584218313426,7.571382263966648,-14.861209963564614
1296,43.199568,0.0626240554562845,0.3414638412080109,7.259298126398159,-14.584687842062362
1297,43.232901,0.06283981844906884,0.338795035823804,7.13034170398517,-14.413389733238105
1298,43.266234,0.06402028629327118,0.3379717342222608,35.56647874722176,164.55608104559656
1299,43.299566999999996,0.0633631872167144,0.3328209465352137,35.31163877747624,164.61645754216542
1300,43.332899999999995,0.06405389147022846,0.32923602184074224,34.795654383193046,164.7870339366288
1301,43.366233,0.06337478939918201,0.3355371398686209,6.436124545846276,-13.880609472484714
1302,43.399566,0.06438363830542622,0.3356828605321573,6.497207864947816,-13.85638014355998
1303,43.432899,0.06439688255540747,0.32818226802968353,6.209173437665634,-13.856110768644845
1304,43.466232,0.06321862460568682,0.3219972529637295,6.261716208151458,-13.899305148902073
1305,43.499565,0.06370163881436389,0.32828447462801147,6.0160638035559435,-13.789051919692907
1306,43.532897999999996,0.06337343601360312,0.33323905665029685,5.796765458024892,-13.869253900179617
1307,43.566230999999995,0.06351047919184427,0.3308642712418201,5.755077398515133,-13.744497533934746
1308,43.599564,0.06353517785391229,0.32441150004284697,5.631062819724419,-13.772536724365592
1309,43.632897,0.06310363684214292,0.3311714146717359,5.979467448558206,-13.774573083871928
1310,43.66623,0.06399808759543113,0.33080527553821065,5.087289906547481,-13.919465023831366
1311,43.699563,0.06270676766360597,0.32659341712973466,5.345913483590369,-13.890965676310019
1312,43.732896,0.06345621327430394,0.32468125582728846,5.410802371566116,-13.864804147109554
1313,43.766228999999996,0.06311149517357248,0.3256075103703183,4.8408209224857135,-13.847812565174324
1314,43.799561999999995,0.06362794519077195,0.33349908430104735,5.048720453622596,-13.798235864392232
1315,43.832895,0.0635011333447734,0.33309450588508754,5.553470819154715,-13.768207787622103
1316,43.866228,0.06439161874629065,0.32870118163384376,4.449439019231603,-13.60855833940987
1317,43.899561,0.06308490543683383,0.3306355253224351,5.2212728947941605,-13.565804938128828
1318,43.932894,0.06425671621648073,0.33107895419601907,33.17982566763051,165.87297665093945
1319,43.966226999999996,0.0627471773478761,0.3481874453068844,3.022648912972797,-13.005786533406093
1320,43.999559999999995,0.0645615227142746,0.35440759530894506,2.819443529293826,-12.27913385029229
1321,44.032892999999994,0.06213845675189062,0.38325551303909805,4.9894966623595325,-11.036639360763129
1322,44.066226,0.06273220857041258,0.379455296319578,4.525438883741292,-10.459496870500962
1323,44.099559,0.06445065219554215,0.3795395896205598,3.4813292499244324,-9.543581707202483
1324,44.132892,0.06491201125106788,0.3912733067037786,2.067739209645948,-9.10873626915689
1325,44.166225,0.0664459923914699,0.38610566202323854,0.32454440161081516,-8.704403109511958
1326,44.199557999999996,0.06444445155392743,0.37589063906669706,0.565532437480959,-7.622857075411658
1327,44.232890999999995,0.06282675431562462,0.3675378999130403,0.19722812219651895,-7.359148318941347
1328,44.266224,0.06418908895370655,0.33978990968581446,-1.8258475085557113,-6.5658738768793645
1329,44.299557,0.07052049188427485,0.32890463312687024,-0.7127903398910643,-5.760732523129845
1330,44.33289,0.06954508278647265,0.3164584437672399,-1.0309890650521796,-5.320115690547702
1331,44.366223,0.0699006872732308,0.2941324300818797,-2.0628641127275014,-5.060628513680607
1332,44.399556,0.07443414502777194,0.27557721187586937,-2.0564528183958553,-4.541183864418224
1333,44.432888999999996,0.07312279414463702,0.2755327111330871,-2.7451645378875433,-3.980845036613668
1334,44.466221999999995,0.07295411249318601,0.28846208417329644,-3.7812754088100036,-3.546178084761674
1335,44.499555,0.07208662416243028,0.29769301882767074,-4.373342364743786,-2.964870801911012
1336,44.532888,0.07168244955115112,0.29924740911980363,-4.956934936857317,-2.7369020151161094
1337,44.566221,0.07081888656046534,0.29425254067801215,-5.119960568190095,-2.743503943620558
1338,44.599554,0.07004698242191483,0.29331232101476234,-5.2863229205790505,-2.646367434474799
1339,44.632887,0.07136324998147646,0.29184163027776155,-4.288404760744786,-2.3381141621119346
1340,44.666219999999996,0.07313471792931756,0.2901228635784153,-4.163701641943019,-2.3113814872806175
1341,44.699552999999995,0.07349956059943187,0.2832725858347598,-4.341833768974857,-2.316896248997063
1342,44.732886,0.07348759944820556,0.28548838056765935,-4.658988767537537,-2.33638662247954
1343,44.766219,0.07370707650894376,0.285150008876275,-5.0754468742170324,-2.326392379305594
1344,44.799552,0.07483284421108903,0.28957021631862884,-4.523272256446007,-2.5394353999081942
1345,44.832885,0.07550218726884537,0.2834323401082762,-4.766681037925082,-2.6113792516702214
1346,44.866217999999996,0.07346705664272,0.2678939335169716,-5.068139623429129,-3.207634363358333
1347,44.899550999999995,0.07344093782398374,0.2558571374587633,-5.4213610253626365,-3.3166721888983526
1348,44.932883999999994,0.07519605309282507,0.2736490688861545,-5.774414278856786,-3.061245697956476
1349,44.966217,0.07333309872517142,0.2724478647095448,-6.2646028618954395,-3.120605497628899
1350,44.99955,0.07407841679817045,0.27404700872951543,-6.396737258363053,-2.778416712452437
1351,45.032883,0.07704035489133958,0.2714331954262189,-6.572287713481604,-2.8065945432889925
1352,45.066216,0.07457269463802167,0.2742318900494822,-6.88598027569757,-2.56200161772329
1353,45.099548999999996,0.07438327028886807,0.2679100860309462,-7.592478274463047,-2.540124003009028
1354,45.132881999999995,0.07366705853035761,0.26585957611096445,-7.69029937996093,-2.437065189305167
1355,45.166215,0.07275584823171526,0.2683432508232757,-8.074175683437952,-2.301081319604503
1356,45.199548,0.07308978149374028,0.2705460647864179,-7.9401391911714185,-2.1268557744328436
1357,45.232881,0.07532464967810686,0.25967432527035317,-8.15408054650762,-2.101724671608803
1358,45.266214,0.0766288142498118,0.264535656948145,-7.7345971234373625,-1.9076692777933
1359,45.299547,0.07382930453545336,0.27029401092093874,-8.332557049868631,-1.9362809480614525
1360,45.332879999999996,0.07500038815653161,0.25963120418954305,-8.187949168266968,-1.8285583210449725
1361,45.366212999999995,0.07579278390641597,0.2495918877301519,-8.17816409313337,-1.1976572313439844
1362,45.399546,0.07930305632265407,0.22264475164257103,-7.862239396081439,-1.023451680901501
1363,45.432879,0.07905703037590078,0.2137274453554292,-9.59838160159286,-1.0283413972170483
1364,45.466212,0.0799267118359684,0.2179701078092583,-10.795336572377948,-1.0481179238803155
1365,45.499545,0.0774226969735376,0.2096686073236197,-10.839816780258973,-1.4400398525081817
1366,45.532878,0.07777784140022621,0.20614943238645117,-11.057691251061309,-2.1431661955678085
1367,45.566210999999996,0.07757166747889051,0.20061739412277751,-10.73748439063688,-2.6513398936415804
1368,45.599543999999995,0.07516164442673344,0.19569622903991896,-11.042564667656528,-3.6063102123707753
1369,45.632877,0.07369397581932065,0.19878362889625567,-12.199179458243364,-4.18144494699908
1370,45.66621,0.07434628567284997,0.19483241207637192,-12.903166236397945,-4.436418969317416
1371,45.699543,0.07608554417489435,0.19357602584332112,-15.087850623880186,-4.327203199921115
1372,45.732876,0.07621777647562628,0.20836733518422396,-17.382101450305267,-4.066406616971488
1373,45.766208999999996,0.07583176547012697,0.17894746185902044,-20.182979265365557,-4.184531446796516
1374,45.799541999999995,0.07895626237079975,0.06839980493686171,-22.984738735047692,-4.024611347932417
1375,45.832874999999994,0.07685261670308459,0.0709517976051629,-25.459029947797244,-4.031695280562878
1376,45.866208,0.08103587502267638,0.16672217310335963,-27.156730768939752,-3.5046427471678645
1377,45.899541,0.08159903845367195,0.20169732028492757,-30.019002853018264,-2.959369278648335
1378,45.932874,0.0847325523475251,0.23128698815589147,-31.11907230767046,-1.7939708600269704
1379,45.966207,0.08484645924950124,0.24901178507542387,-30.762010616321604,-0.602943616101121
1380,45.999539999999996,0.09083798515747257,0.24663770340638244,-31.399513094342907,1.0681074679905846
1381,46.032872999999995,0.09528797866397429,0.2544637101489807,-31.572662496034717,2.5065274967753943
1382,46.066206,0.09679934407533654,0.26637560802076504,-32.81821850014488,3.9028015461726775
1383,46.099539,0.10052046681208449,0.2769750089140979,-33.25796489758825,5.5510959585933115
1384,46.132872,0.1019624197491449,0.2783249782837556,-34.29902556251874,6.772101138675103
1385,46.166205,0.10309535957180863,0.2728465360020738,-34.89905641278323,7.729414877398469
1386,46.199538,0.1027853070628069,0.28320455058972155,-36.58476170153671,8.52493434721429
1387,46.232870999999996,0.10661014076795072,0.26224720177633903,-38.328004873487124,9.247587311465525
1388,46.266203999999995,0.1085523413075493,0.17375986819567424,-40.160860373680215,10.419629540746566
1389,46.299537,0.11323894108217773,0.10918321413157006,-42.728914084162454,10.29819966752946
1390,46.33287,0.12176523858232845,0.14824739284143568,-45.93526430592145,9.565460159793389
1391,46.366203,0.12471376217446678,0.2072775423005086,-47.381604786919254,11.61212397703262
1392,46.399536,0.12287523140378867,0.19935249363174615,-51.28327373057048,11.663288201805292
1393,46.432869,0.12601251932645607,0.2774141775092935,-53.01304280667939,8.496160555412004
1394,46.466201999999996,0.1212071245958197,0.32315109403378683,-51.605423440083136,8.173590457390965
1395,46.499534999999995,0.1309620570829599,0.3205539186700477,-51.99369425913241,10.133584407986866
1396,46.532868,0.13208068366027254,0.33150320688807855,-53.6099179990189,12.425907519305502
1397,46.566201,0.12362351608010394,0.32418826608309703,-52.42585430269883,14.83058741647353
1398,46.599534,0.14035608254769885,0.33769861640214305,-52.00551878229615,17.092417393842762
1399,46.632867,0.13083654880370213,0.2829761496616727,-52.77721064964607,15.612944482269048
1400,46.666199999999996,0.13348168474692118,0.2911734142358455,-60.71193596382349,-143.85566717575506
1401,46.699532999999995,0.13461625404868935,0.3939335576089963,-55.52826083625561,12.685936314252514
1402,46.732865999999994,0.12327199654045777,0.35710347519444646,-53.890923583615,11.356623826176094
1403,46.766199,0.12001742577859972,0.4190571015793554,-62.05338203657885,-143.5952933946183
1404,46.799532,0.1306963549227334,0.5048762244482484,-53.50473268356971,12.85285184194682
1405,46.832865,0.134343338255961,0.42723292284688796,-62.59187546547921,-138.1620590999803
1406,46.866198,0.12408694391288587,0.3505252195741041,-52.35031700494874,14.608425607113336
1407,46.899530999999996,0.12095168093622555,0.344555001380015,-49.421132074373794,13.941428238366713
1408,46.932863999999995,0.13440451514499482,0.36219954015176303,-50.057813985116375,11.33061216888134
1409,46.966197,0.15278146015899122,0.4880278365243055,-52.58443949220417,7.0402900645208035
1410,46.99953,0.15918747120324292,0.6028663011355254,-53.13182517682772,6.578689590583933
1411,47.032863,0.1536564339515434,0.6044851295933765,-67.58375418073383,-141.55960266675285
1412,47.066196,0.14669582695887406,0.6398281900088398,-68.2251589588305,-141.49393019239233
1413,47.099529,0.14105574932558973,0.6341162495194625,-68.81906178664927,-142.00101068937596
1414,47.132861999999996,0.1434724873449832,0.7034125843921222,-69.90791060015293,-140.31097925841513
1415,47.166194999999995,0.13707694166948817,0.6725967274157184,-69.64808168148178,-140.85556233881078
1416,47.199528,0.14343337426342678,0.5810366040190476,-69.62269953323315,-140.7232021927393
1417,47.232861,0.1411809888091444,0.7075491954090374,-70.61069737348525,-140.61707073626042
1418,47.266194,0.13659335970463102,0.6876220532851083,-71.44231436979302,-139.73608608611676
1419,47.299527,0.1403116498330628,0.6276348280942541,-71.0855070519235,-139.03677303967734
1420,47.33286,0.14513497134720277,0.7753739217396878,-71.91372457201741,-138.22743159095745
1421,47.366192999999996,0.1408239205623288,0.7705713403920231,-72.05003623081979,-138.6475203249127
1422,47.399525999999994,0.1322276006632982,0.755859356680882,-71.80739704583503,-137.6469241467423
1423,47.432859,0.14013427066669873,0.8482392425143365,-71.60953869597763,-135.59652523465707
1424,47.466192,0.14310691336071005,0.7076028593809337,-71.59272506691681,-134.57967743209008
1425,47.499525,0.14590261199746116,0.6595924222835162,-72.01030324920367,-136.656231224715
1426,47.532858,0.14262477864226575,0.6407839699353192,-71.00144067445244,-138.20887476230465
1427,47.566190999999996,0.14803546023422498,0.7937247291722254,-71.16297458595791,-136.20097356507094
1428,47.599523999999995,0.14086904688861718,0.8149744497467982,-71.65982224482269,-137.20364730694553
1429,47.632856999999994,0.14945116529551086,0.7110617825313142,-71.2693832336469,-138.57852025518275
1430,47.66619,0.14822387748564764,0.6716152469775806,-69.85805922586812,-137.93184781106325
1431,47.699523,0.14125175417824998,0.5762179528705965,-69.68839772882495,-139.54454992171438
1432,47.732856,0.14294280268740162,0.5636095441323058,-68.94723512404298,-139.5883902274035
1433,47.766189,0.1453055278697596,0.5205095530279893,-67.09472021332836,-143.65374481074377
1434,47.799521999999996,0.15850144928890042,0.5934093462584368,-66.74090462976143,-144.3866504552112
1435,47.832854999999995,0.14655706266328913,0.480407141361882,-64.05273766408277,-144.66017696402704
1436,47.866188,0.13031840353140153,0.4219080723263279,-59.78333173029959,-147.93443354750366
1437,47.899521,0.13072151650117872,0.4019130033545236,-58.9192491328749,-147.07871960968146
1438,47.932854,0.13212014057266724,0.3670198342024051,-48.685758990142816,13.620442608579522
1439,47.966187,0.12386039550083702,0.2991763258446368,-48.32181983772895,11.868909991464617
1440,47.99952,0.12987809322065705,0.31291824476665064,-46.6747422057629,9.369325600751568
1441,48.032852999999996,0.13885216032201422,0.34861759906432904,-49.975164967373736,8.927216883758076
1442,48.066185999999995,0.11753179714913992,0.29509125750326226,-48.54322418380066,7.33848299823005
1443,48.099519,0.13431564278859104,0.2483300278714001,-47.67111077109073,6.519700641240185
1444,48.132852,0.12301347898599334,0.2717547020701492,-45.13405031512976,5.529633381348994
1445,48.166185,0.12510669431687446,0.28279991150680694,-41.74015892937985,5.852499661517165
1446,48.199518,0.1172104093766213,0.1955438716285563,-39.86525044780515,4.434416997617177
1447,48.232851,0.11099798271989215,0.18762308167583847,-39.202016262352714,2.5932286456091163
1448,48.266183999999996,0.10333189266275257,0.1625691758793545,-34.20853752290669,0.4872784088196704
1449,48.299516999999994,0.09254419128748989,0.22852112018644127,-30.80243082661503,-1.9962861246327783
1450,48.33285,0.08405550926099219,0.24114195772164665,-24.51542190332375,-3.791235427409993
1451,48.366183,0.07619356825738255,0.2739355550063909,-19.01152655905807,-5.615400892093894
1452,48.399516,0.07067912894667681,0.2953553237425438,-14.964216525797324,-7.09451943119805
1453,48.432849,0.06972929338010676,0.2867876009361281,-9.883913763071936,-7.781926530752964
1454,48.466181999999996,0.06653170096434653,0.29570939836430465,-4.247285086274531,-7.669930254002679
1455,48.499514999999995,0.06241268973384034,0.29495770411061983,0.20553438824658396,-7.739304715958976
1456,48.532847999999994,0.06260259104937232,0.3191269481911935,3.060804465504581,-7.818310311890348
1457,48.566181,0.06200602879501724,0.3225321466114145,5.658717143188723,-8.122072444445234
1458,48.599514,0.05997728562980391,0.32540082131056924,7.124762195369667,-8.34969804586543
1459,48.632847,0.05784818379331945,0.354438490040199,8.30571280272774,-8.399172777942011
1460,48.66618,0.055493956394854355,0.350405076885075,11.126807027055113,-8.173316080050654
1461,48.699512999999996,0.05306444142333707,0.36321188334456855,11.17240595726487,-8.068460147952683
1462,48.732845999999995,0.05309836652846125,0.3658952133761193,13.45178274703918,-7.207806240015688
1463,48.766179,0.054087975559033906,0.37899436684948906,14.828325189456653,-6.573050775619127
1464,48.799512,0.05114911422037535,0.3927882163445976,16.580475031872343,-5.500122333078187
1465,48.832845,0.05123434202305397,0.3926552045348174,19.145260113888476,-4.3582545776276245
1466,48.866178,0.049816236592015686,0.39683875191180573,21.131239578865568,-3.0313680942636396
1467,48.899511,0.05202918484619128,0.3975377522810575,21.021008625548472,-1.5911313501047062
1468,48.932843999999996,0.052344922998707834,0.3952088499348201,20.7625265065611,-0.6296506512828636
1469,48.966176999999995,0.05003349071554838,0.39469643537406723,20.758732063662578,0.23531432415518605
1470,48.99951,0.04864487246992252,0.38100388704885685,20.98809832267764,0.7486331847915527
1471,49.032843,0.04591000835639868,0.3655069693417534,21.76654541326529,1.346568493950922
1472,49.066176,0.04826131156931542,0.3795240824375165,21.803170159053835,2.0355638471526403
1473,49.099509,0.04556263350860526,0.3725219430231379,22.549468583456875,2.1301111793440057
1474,49.132842,0.04416574199021043,0.38342470816713825,21.89657712712443,2.8871368896407503
1475,49.166174999999996,0.0462100792462509,0.3907259161411402,22.213369439320843,3.1365321656930534
1476,49.199507999999994,0.04710588613945439,0.3868214024119641,22.419230204247857,3.4597831207206466
1477,49.232841,0.04768593783904729,0.38049928046961284,22.761853385527118,3.7247572966775464
1478,49.266174,0.04862236689247305,0.37924965770616836,22.656743282374798,3.734115675903799
1479,49.299507,0.048537710660183496,0.3878802811017078,22.394559773299033,3.4675343438238184
1480,49.33284,0.04667938766832445,0.38535496974971917,22.37514106193864,3.4137106888891795
1481,49.366172999999996,0.04502126666050073,0.38712872445511454,22.360170884935155,3.489940820110385
1482,49.399505999999995,0.04613145285310956,0.3835986282740961,22.561831829428396,3.670544822098623
1483,49.432838999999994,0.04493651130431068,0.3879985806188162,54.119137416770016,-176.96261375811955
1484,49.466172,0.04477253450750345,0.380642206633011,22.501711919952864,3.1516877998387463
1485,49.499505,0.044133350957043786,0.40493912390360287,22.176061028972416,3.104815072112684
1486,49.532838,0.04672077890831543,0.4020156128230867,22.499720820365123,2.587564938994486
1487,49.566171,0.044709494933508794,0.42456528868627547,23.245021114228916,1.8763960018450248
1488,49.599503999999996,0.04263403672962793,0.42158731702025154,23.530154842347702,1.8375505154898597
1489,49.632836999999995,0.04199688824734545,0.4324547357770569,23.67403872961575,1.3664431301511792
1490,49.666169999999994,0.04257000589103954,0.42108324276036,24.193581150374783,0.722149832147115
1491,49.699503,0.03875481776946692,0.4067700779138165,23.972900617049387,0.3783482035806611
1492,49.732836,0.04163455604841503,0.27122334831710965,23.399829487767207,-0.2612190255999722
1493,49.766169,0.04129100017240212,0.22814460551749755,22.804265391420348,-0.7767142745703621
1494,49.799502,0.12320255484907751,0.2853102456947287,20.93453875103183,-1.348332617095008
1495,49.832834999999996,0.14543659237123038,0.3228057575234969,20.27033948044262,-1.6591095515798584
1496,49.866167999999995,0.1448358632411616,0.3334163828861002,19.245917072278313,-1.3183100004112118
1497,49.899501,0.16936612079829969,0.3295794412861829,18.30715471830029,-1.8175269148090707
1498,49.932834,0.1634800637213144,0.31223558769025594,17.44409316232533,-1.715427936388759
1499,49.966167,0.146203760871023,0.3087161836166886,16.650128370354558,-1.5407041676785034
1500,49.9995,0.1281392153389416,0.2839065520922267,14.175308017740665,-2.472437854991855
1501,50.032833,0.11833809113958127,0.2829601505050273,14.221976021894218,-2.46964488215799
1502,50.066165999999996,0.1106397407163548,0.2735811812802077,13.178057813524456,-2.87799647853829
1503,50.099498999999994,0.12164738902274028,0.2703320856254783,12.540041645758949,-2.710515374552379
1504,50.132832,0.09568953572153821,0.25675468854558875,11.779031570028714,-2.808035637525302
1505,50.166165,0.09405702762020096,0.2716337948368032,10.223875750763156,-2.4257856180947166
1506,50.199498,0.10298461731586157,0.2606281130341382,10.634897948924715,-2.3671834004325913
1507,50.232831,0.1113928820292326,0.25965561692986555,11.772024456412016,-2.039222655142807
1508,50.266163999999996,0.11999706685805321,0.259372264079706,10.561055393193179,-1.4822759925599576
1509,50.299496999999995,0.11269170667653515,0.2660056012916754,9.537897216538408,-0.7700473274015338
1510,50.332829999999994,0.10370574649896548,0.26250663322144074,8.915701595138117,-0.009745881418932395
1511,50.366163,0.11470474111328423,0.26021784888663774,8.508963798420268,0.4183197600347787
1512,50.399496,0.11970087973149957,0.2560210362515312,9.039192482679587,1.134777011547285
1513,50.432829,0.11926257770253063,0.25736834424553723,9.352360621087385,1.8277323015788576
1514,50.466162,0.11730368042397925,0.25269736746087224,8.552391946997668,2.1636383279615385
1515,50.499494999999996,0.1210669610662227,0.26981201928966114,9.473573879913117,3.086937617847927
1516,50.532827999999995,0.12084450306317918,0.25731232178197283,8.222528222378575,3.688563401630909
1517,50.566160999999994,0.10931277811147497,0.2588907183994665,8.775853919653272,4.118475274726347
1518,50.599494,0.10688588312132291,0.26422507858181976,9.218245381200102,4.969272818988687
1519,50.632827,0.10983758151765348,0.26579617373615366,9.174580438861252,5.5446197625412506
1520,50.66616,0.10244470102132218,0.26520788099727893,10.060504138692536,6.513899023624817
1521,50.699493,0.10828601458813775,0.2620244739009355,10.258262700108592,7.540560944341732
1522,50.732825999999996,0.0957925285766274,0.2546874299372939,10.824521857167358,8.412825000428201
1523,50.766158999999995,0.1087321448466636,0.26162072246618806,11.318520140162796,9.434669510643012
1524,50.799492,0.11664653215108918,0.26218484803035114,11.952211504059775,10.381600007179232
1525,50.832825,0.1111694991774419,0.2720769185662852,12.237138812823154,11.456300681411046
1526,50.866158,0.10449742037107408,0.2685186623613646,12.037066550552735,12.48021534443455
1527,50.899491,0.10676180113051849,0.2704538100892099,12.561434519123349,13.102589571638736
1528,50.932824,0.10715894163255198,0.2695913994045297,13.163816374445632,12.961768602987016
1529,50.966156999999995,0.09864113324136083,0.2630134582852237,12.334563586990663,13.152937267956334
1530,50.999489999999994,0.07798963596162461,0.27038510732777266,12.333527129366514,13.4259607278392
1531,51.032823,0.09947540195810316,0.26603638210092245,12.06757055530309,13.60848269545637
1532,51.066156,0.12986489687612024,0.26475149628907146,12.080388138929086,13.950371656869383
1533,51.099489,0.12547223150849401,0.26750768591217755,12.12515051897012,14.162715789260988
1534,51.132822,0.1133956888321485,0.27886749987052967,12.905761998893764,14.422101075121292
1535,51.166154999999996,0.10431469400715675,0.2852878439483281,12.993275089661132,14.156556883465399
1536,51.199487999999995,0.060451423668719945,0.2853403372239823,11.501308042755731,14.380493342738845
1537,51.232820999999994,0.05935835240285512,0.28256182132969254,11.255650526793945,14.54009806712667
1538,51.266154,0.062158241716915495,0.29000473366209234,10.543800144949277,14.70596504428769
1539,51.299487,0.06179308878069647,0.2904974346846062,10.979218447635471,14.55318122457963
1540,51.33282,0.1061688684981647,0.2928563606344029,11.824317179323105,14.584506296805662
1541,51.366153,0.11428213084891461,0.2936744091430503,10.92536821359343,14.22716615277486
1542,51.399485999999996,0.11010467961984913,0.2989154771219983,11.28985021631349,14.07651881658172
1543,51.432818999999995,0.09970618471471523,0.29769192764665886,10.662592870277772,13.711040810834113
1544,51.466151999999994,0.09491609326700064,0.2972716987237187,10.107226793257665,13.529647066699091
1545,51.499485,0.09675629348574756,0.2968490455923395,10.51705281333763,13.402240101195492
1546,51.532818,0.12402111437054125,0.3074619459519045,10.312018349713895,12.93025813603597
1547,51.566151,0.14335303831973498,0.2994182147209823,11.148130179284497,12.580594047111573
1548,51.599484,0.1538310944363706,0.29747501543756305,11.567373584111557,12.437913254427883
1549,51.632816999999996,0.14915347886826197,0.30648613282688264,11.362168625513092,11.813939481802164
1550,51.666149999999995,0.15491851898347622,0.3020754784907197,11.711620527775825,11.65050525419872
1551,51.699483,0.1524736817015991,0.3096792174510642,11.55580830602185,11.188011559516156
1552,51.732816,0.13563168438001716,0.3121357568007079,11.613073821634261,10.752704268114213
1553,51.766149,0.1229059795768105,0.30117487953752586,11.351840864844752,10.724534884745577
1554,51.799482,0.12748532219837935,0.3115584477044724,10.945734348755193,10.518379716030642
1555,51.832815,0.11778823606115811,0.3208269135825982,10.222724884506102,9.946548533901794
1556,51.866147999999995,0.1171119961331323,0.3232777205059391,10.320470318858407,9.414064387380643
1557,51.899480999999994,0.11325101483452961,0.3140405283591329,11.027061889311438,9.302018072107778
1558,51.932814,0.10706184639075761,0.318200844112813,11.015918870679354,9.09416296315509
1559,51.966147,0.10707496714426282,0.3202007323595636,11.195855373946808,8.613512061633767
1560,51.99948,0.07286997092337784,0.3148965838456356,11.821842622366484,8.591869047800836
1561,52.032813,0.057528555169911906,0.30686134338428517,12.006926738536968,8.630941823426316
1562,52.066145999999996,0.05848756121142322,0.3133771706697651,12.887802246948345,8.666750371676011
1563,52.099478999999995,0.05748533014648231,0.3126357021020545,12.22827586648845,8.45956081326225
1564,52.132811999999994,0.05841187853488314,0.3173817564297966,12.872026445402431,8.369687968064156
1565,52.166145,0.05868747283550477,0.31771632647252923,12.207760159345087,8.500803365273327
1566,52.199478,0.05924697001159219,0.31739732108020297,12.595312782537498,8.603118356271592
1567,52.232811,0.055469849650235034,0.31601081103420947,14.312940635935325,9.286096603324424
1568,52.266144,0.05795298886023837,0.31406314548655356,14.5034277212592,10.091599517751776
1569,52.299476999999996,0.05890800485496836,0.3147965532228614,14.820011213267428,11.147706332102558
1570,52.332809999999995,0.057740159195672006,0.305603825634129,14.079147277157032,12.418074050871237
1571,52.366142999999994,0.05887543173808439,0.3219804852521917,14.858106675871575,14.110062909976811
1572,52.399476,0.05628507186957049,0.325445997263423,14.353018008023046,15.013624977453306
1573,52.432809,0.054911007974561464,0.327726431049251,13.243709906379564,15.631233257556183
1574,52.466142,0.05360320955759083,0.32281468966897664,13.194482923319228,16.582948503094755
1575,52.499475,0.054848182686942526,0.31086057706120707,13.65571476992689,17.519256744452534
1576,52.532807999999996,0.053901247709417545,0.3072387534623003,14.764930548226253,18.089718950188722
1577,52.566140999999995,0.05368652103857654,0.30207487153619916,14.756763438577703,18.642176332118094
1578,52.599474,0.053315752534271746,0.3008385713905954,16.021032740432606,19.312285381440898
1579,52.632807,0.055890821014225656,0.29081504410833126,15.759997673683806,19.83127039852198
1580,52.66614,0.056521534251746434,0.2927313775541549,16.08019039059825,20.253521371930272
1581,52.699473,0.0550348071482773,0.29429793722561065,16.210009633891993,20.69066103530167
1582,52.732806,0.05557363487108726,0.3000875208905685,15.583571321304184,21.124800956785844
1583,52.766138999999995,0.05605355421545195,0.2887344138908249,15.85734261497564,21.587230503992643
1584,52.799471999999994,0.05689608170945991,0.2975178631233477,16.798883581015772,22.215177953031603
1585,52.832805,0.05420874562701843,0.292295167137812,17.11743117125614,22.536545574611555
1586,52.866138,0.05458091501851988,0.2892983907970471,16.860462297613903,22.769201919602203
1587,52.899471,0.05449895598676614,0.29267028584511917,16.754759283273895,23.1443436927912
1588,52.932804,0.05549684827360472,0.2990257230176381,16.95275934786771,23.5949951695212
1589,52.966136999999996,0.056446220204793375,0.3031417717809882,16.91697411290418,23.7003206191114
1590,52.999469999999995,0.05755992632360653,0.30362391872825417,16.455907812654598,24.03539017227281
1591,53.032802999999994,0.05737051536616998,0.30185861403755543,16.627794285941622,24.096671372581863
1592,53.066136,0.058249649633341775,0.2973477582021287,16.292476114725066,24.295304065495642
1593,53.099469,0.05781755835436959,0.29670587376524815,15.934962084278261,24.250106845455665
1594,53.132802,0.05660933074876193,0.2954344266685829,16.029117442823683,24.020604008435868
1595,53.166135,0.057473125439603326,0.29929992187274324,15.805508594113961,24.113335466316475
1596,53.199467999999996,0.05689640549643345,0.29719791506770454,16.060440729782368,24.102906342864774
1597,53.232800999999995,0.05825351559679055,0.2985827544787546,15.767719957423814,24.087687873198337
1598,53.266133999999994,0.05731774962642771,0.2969375548154357,15.112687180509635,24.10564792301946
1599,53.299467,0.05718815882146848,0.2962303270472089,15.077416696039904,24.112180516042503
1600,53.3328,0.056628314621330174,0.2908373124878253,14.514994115394789,24.046555423125543
1601,53.366133,0.05429488769141754,0.2926744203060086,14.93137767596487,24.012202060559392
1602,53.399466,0.056007876501370686,0.2955416009241862,15.067463183364964,24.137609684022358
1603,53.432798999999996,0.05696359260189369,0.2929544412282807,15.040460693417382,24.0861266228645
1604,53.466131999999995,0.0563945540320747,0.2937644162619888,15.175492771635437,24.111301154653464
1605,53.499465,0.05611009837513102,0.29485986067212594,16.48225468942402,24.077560731576252
1606,53.532798,0.05446033072074741,0.29971950517222523,16.487545428156437,24.037621979812165
1607,53.566131,0.05640865562602602,0.31483991611083206,15.55263506398996,23.978658599238095
1608,53.599464,0.05713602538769272,0.31248551456961,16.03552874340798,24.213654740256768
1609,53.632797,0.055147272300690116,0.3143186485515167,16.01128738820429,24.04065219719384
1610,53.666129999999995,0.05517090408307523,0.3136824537352384,15.985668457032151,23.984111851307247
1611,53.699462999999994,0.05526686640381449,0.31580823380163947,15.86490501188273,23.947481249074354
1612,53.732796,0.05484219873168357,0.3195620569797132,16.03778326135425,23.898552060619153
1613,53.766129,0.055175202928658934,0.32426842091183894,15.667997578707883,23.772490687044915
1614,53.799462,0.055281348501591714,0.3215999406485933,15.723452335921019,23.807061419537117
1615,53.832795,0.05676820445969548,0.32035602390512385,15.778076964966953,24.00388745210554
1616,53.866127999999996,0.05760735493049655,0.3193895879842772,16.0272119824534,23.92701115244317
1617,53.899460999999995,0.056897381178090047,0.3215437122756084,15.523283737030123,23.9173007049681
1618,53.932793999999994,0.0563216487267746,0.31706085001619017,16.317954034466535,23.848386066261465
1619,53.966127,0.05776981696877831,0.311344008376965,16.518638363161095,23.987204409764402
1620,53.99946,0.0576023702517532,0.31180859080092066,16.483869766311045,24.086564487556753
1621,54.032793,0.057969552993466976,0.3133786038183135,16.4605856516847,24.060991082962754
1622,54.066126,0.05725095850582691,0.3120836554878398,16.11860507712145,23.87892177665491
1623,54.099458999999996,0.05798348951070714,0.30999133948108837,16.164124682245085,24.014457845486216
1624,54.132791999999995,0.05770568461378949,0.30545370777574843,16.406560862553032,23.895928054601516
1625,54.166124999999994,0.05920437052263234,0.3080366418148548,16.245861199362125,23.820449973562663
1626,54.199458,0.05788236763985591,0.3140374510913534,16.65825561432889,23.837423004806368
1627,54.232791,0.06157031852125813,0.2601706394383139,17.259396729807175,23.72708381722395
1628,54.266124,0.06014019735908371,0.09203803306414887,14.439189846778364,23.462089008115083
1629,54.299457,0.05726993530564811,0.24937399124862858,15.478534557774415,22.415091299394746
1630,54.332789999999996,0.05870704750022877,0.2955415275300076,15.814038681811502,21.43785207304885
1631,54.366122999999995,0.07363328064792501,0.3150109445328472,16.513914407577637,20.621316140259093
1632,54.399456,0.08221467715849813,0.31484805850498127,17.088552647829207,19.37252179923132
1633,54.432789,0.0743018666443035,0.32078125511207956,17.956898134717022,17.92458651458507
1634,54.466122,0.09573545161847882,0.3197353120148587,18.246365259811878,16.97350164046624
1635,54.499455,0.09996677558383266,0.33142048796620843,18.822673099862975,15.727586549340307
1636,54.532788,0.09599031390959194,0.3332122280672527,18.305762520413325,14.503671666373084
1637,54.566120999999995,0.10466912230992027,0.3543280156759584,18.48561513586908,13.222329224462914
1638,54.599453999999994,0.10712422145098549,0.34797700692203704,18.300981995849416,12.364215236994243
1639,54.632787,0.1132914522851074,0.3488069741154156,17.726804418110625,11.317600962244656
1640,54.66612,0.11154804964189786,0.35198653318257495,17.171709600548187,10.356289160562048
1641,54.699453,0.12459261619717851,0.3355499649697602,16.666691668335584,9.133191544051387
1642,54.732786,0.12233808716847133,0.32742043633649454,15.715110728795077,7.792175529037771
1643,54.766118999999996,0.12245177871552278,0.3347330462748547,15.612222159812033,6.817852222731818
1644,54.799451999999995,0.12847539355126644,0.33837943907208967,15.830454119826042,5.612263027348081
1645,54.832784999999994,0.1589223534162561,0.33264902175393934,15.918734741862734,4.79198794403555
1646,54.866118,0.1482494209517788,0.3296296256900588,16.351781636539858,3.889999434714199
1647,54.899451,0.13342088557240467,0.3208889358058096,15.774062113493288,2.9364239095665443
1648,54.932784,0.13642354366048579,0.31931193828935667,15.861105282077846,2.2540672634618586
1649,54.966117,0.13787274457120352,0.3014997360488674,16.313574253495137,1.4623414315964538
1650,54.999449999999996,0.13741879372966073,0.2998380707486192,15.4034505368206,0.1387242075789044
1651,55.032782999999995,0.12802502743501226,0.29497306015960606,15.729539086774698,-1.055453509299031
1652,55.066115999999994,0.13558062767508924,0.27594003716596915,14.359838443176471,-1.9837840252177656
1653,55.099449,0.13055729200349636,0.2808989410929551,14.837701717290809,-3.0551449639969417
1654,55.132782,0.12660548894675885,0.27114424126775266,14.711247110277116,-3.666875517658181
1655,55.166115,0.11953339407767734,0.27877947917442525,13.971907646866125,-4.427787310611673
1656,55.199448,0.12107178546773595,0.2782743830934368,12.690455018131987,-5.013938425411315
1657,55.232780999999996,0.10014693565471769,0.2757921058024997,12.73870740437072,-5.259121991944496
1658,55.266113999999995,0.10032851980274685,0.2684831435180252,12.02701777751681,-5.413347317155542
1659,55.299447,0.09438245736130252,0.26432307503860697,11.829046365403492,-5.371682974995165
1660,55.33278,0.09899956932768529,0.2530265054960665,12.051701943271395,-5.423318456270966
1661,55.366113,0.09601746600678024,0.2595078058887361,11.822978813029948,-5.120263395197389
1662,55.399446,0.10428998211797962,0.2594960579985265,12.059159327006785,-5.027403370954282
1663,55.432779,0.09180060768054268,0.26074310055302946,12.142998540940765,-4.7249810007436075
1664,55.466111999999995,0.10125236449564415,0.25925342604008605,12.425329085389759,-4.49428543034734
1665,55.499444999999994,0.09706876454218227,0.25716447626330446,12.507064417797014,-3.936743504425052
1666,55.532778,0.1194547856292254,0.2545805537380104,13.138570045582673,-3.7141578751940183
1667,55.566111,0.11970402095968544,0.24595714984980335,12.514476066255588,-3.505194262329751
1668,55.599444,0.13144867052195874,0.262573126507624,12.256412046740126,-3.182854045767762
1669,55.632777,0.14590084727774083,0.2593728145367019,12.298494224279388,-3.043058045059155
1670,55.666109999999996,0.15273343904835285,0.25865922784070594,12.471001962730467,-3.0186260355195964
1671,55.699442999999995,0.1565995026359154,0.2642599290915782,12.594767391479424,-2.6063953862769873
1672,55.732775999999994,0.15105152040291872,0.26457391744654246,12.76383113247799,-2.6527003653102748
1673,55.766109,0.1555380561503737,0.2559553100254298,11.916773086620035,-2.193429672755407
1674,55.799442,0.15116166864171196,0.2616411052352823,11.950930791454372,-2.0281217168270715
1675,55.832775,0.13301167106183134,0.2730923267510936,12.150211667094613,-1.3049769988584439
1676,55.866108,0.1367548428741153,0.28113100198379337,12.362229585579687,-0.2975372606186789
1677,55.899440999999996,0.1532895273530714,0.2917187847919116,13.267849456719283,0.6809421568255338
1678,55.932773999999995,0.153722358010274,0.28333965534944106,13.77727054327979,1.7741912808105549
1679,55.966106999999994,0.1329845009471048,0.28026600327589357,13.892658501965906,2.659441617227441
1680,55.99944,0.12022675252776474,0.28438598447080704,13.136910806817584,3.4195420743665084
1681,56.032773,0.08184114761715984,0.29752069406382153,11.329763288866506,4.462065157958048
1682,56.066106,0.06041842940097258,0.3024756025235721,9.904216548342614,5.485548815784504
1683,56.099439,0.0602126280096789,0.3005971138542944,8.91185650477651,6.517425895250446
1684,56.132771999999996,0.061834982054861015,0.30669101273786364,8.886953183750789,7.060536702658625
1685,56.166104999999995,0.06212915653299827,0.2796737872466074,7.7159477967322125,7.2937396853394505
1686,56.199438,0.06462638450145182,0.2719734971653479,5.741627991557968,7.195253910733233
1687,56.232771,0.06652747268903952,0.18488385445198863,5.3046435295003675,6.805276005303422
1688,56.266104,0.06706770495818387,0.06519908496519045,1.4474250728350875,6.56211530603645
1689,56.299437,0.0668343625407077,0.195467893618249,2.4628431141292357,6.209037448737199
1690,56.33277,0.06585713070584003,0.2524457045902273,1.844898208526097,6.158640771392368
1691,56.366102999999995,0.06612268941461247,0.2846170832634309,0.8291666922909762,5.929300617317844
1692,56.399435999999994,0.06499143538217168,0.30109351637939546,-0.060362196488326386,5.501955919253014
1693,56.432769,0.06380258057613658,0.3077395869223919,-0.21691655437959137,5.018213530662015
1694,56.466102,0.06611857832002403,0.3113502094886419,-0.19784074032196255,4.946369017106606
1695,56.499435,0.06562320388136708,0.31056873222968295,-0.26563319532981977,4.907814702860972
1696,56.532768,0.06553803408950178,0.3100470607236482,-0.7857190996597562,4.858809350683279
1697,56.566100999999996,0.06470571903261933,0.31626455413653,-0.05124325052026788,4.988022953698919
1698,56.599433999999995,0.06512894308807889,0.3155467278569308,-0.20980754316800476,4.894685031986077
1699,56.632766999999994,0.06517348677362994,0.3161205687959696,-0.7279438420983096,4.817455187280416
1700,56.6661,0.06397841222442341,0.3178643802287988,0.23326528316133255,4.700646190209953
1701,56.699433,0.06366194907166714,0.3179326907601221,0.257550349306361,4.779243701648357
1702,56.732766,0.06500817891732724,0.3208410395337979,1.0900585381277907,4.786993464159842
1703,56.766099,0.06375528221331851,0.3214793433634837,1.4443944904876582,4.897544194206591
1704,56.799431999999996,0.06349627547845146,0.3221925656492692,1.1596326069831369,4.990585064159151
1705,56.832764999999995,0.06355755850638012,0.3193818969174213,0.6345824489284903,4.899272441772502
1706,56.866097999999994,0.06411655540259675,0.32400682715968,0.7461387929666675,5.010177972545552
1707,56.899431,0.06408740511938196,0.31512229953584325,0.5904440952231746,5.006056599781976
1708,56.932764,0.06427658565906062,0.3259642659298686,0.7364908915484109,5.0524942593116995
1709,56.966097,0.06361366788943003,0.32346937150225474,0.9877015659886952,5.0674079341278295
1710,56.99943,0.06347982857590617,0.3239625210316874,0.8937116228623783,5.043370146837712
1711,57.032762999999996,0.06358267512889998,0.3211903830486269,1.0949580739275737,5.228883239469804
1712,57.066095999999995,0.06285811702344896,0.3200114183105581,0.9333121547313197,5.187481186637278
1713,57.09942899999999,0.06386318705602614,0.32292218983918963,1.0524331573508505,5.220352962408895
1714,57.132762,0.06390400038521875,0.3170916350836605,0.9029847199121918,5.11672533700494
1715,57.166095,0.06374031837232788,0.31979971492864107,1.2723159626373444,5.126272823800105
1716,57.199428,0.06323568499905423,0.3188625865726209,1.0002573999098976,4.9403078232557895
1717,57.232760999999996,0.06347294464190853,0.32003167470535787,1.2870816593107646,4.945194317798186
1718,57.266093999999995,0.06296198008120349,0.3181460182571991,1.4278420516371386,5.018758833188801
1719,57.299426999999994,0.06203483724806143,0.3157562723669325,1.0232968362937158,4.95575129178231
1720,57.33276,0.06308433645439154,0.3179240780690615,1.3479319119408562,5.072328833443906
1721,57.366093,0.06435391681649907,0.31021023492181937,1.240399737435118,4.967431124022269
1722,57.399426,0.06293433843754584,0.3106702037827443,1.2403649126935627,4.8600349007950605
1723,57.432759,0.06361862179975186,0.30928612308171577,1.4334493310287686,4.8870257002662125
1724,57.466091999999996,0.06260947547974519,0.31559416086984915,1.7392663958019827,4.93998138365578
1725,57.499424999999995,0.06238062488554924,0.31786549738418796,2.515810802756742,4.894037501477591
1726,57.532757999999994,0.06201589440546816,0.3187905650904113,2.6680484721411197,4.888811003179538
1727,57.566091,0.0639654063549798,0.31803488030133387,1.798337030062952,4.810465264664988
1728,57.599424,0.06371485791954022,0.32066608425630305,1.8529250283151644,4.7771451942327765
1729,57.632757,0.06364676989206065,0.3185125273549236,2.6011037905454164,5.180797575277464
1730,57.66609,0.06326744041058262,0.3185225392008121,2.209974445894657,5.132174940796233
1731,57.699422999999996,0.06364305841317269,0.32293285586530474,2.667785199598563,5.160087783579522
1732,57.732755999999995,0.06311673028602965,0.3175114674427729,2.5502864759468857,5.200345559801507
1733,57.766088999999994,0.0642436296890282,0.3263024036148354,2.7813611053771243,5.23978548200137
1734,57.799422,0.06317968498545538,0.3239044726330258,2.2418003254076164,5.022258955355262
1735,57.832755,0.06289294372799266,0.3179262873621602,2.6823970172898,5.0078778494313925
1736,57.866088,0.06285014943896593,0.3107266762429224,2.6925273326558625,4.986624458445732
1737,57.899421,0.06270121163060131,0.313565345177394,1.9291415301555601,4.927808891380717
1738,57.932753999999996,0.06401161627665981,0.31685363841979114,2.2346357105942234,4.9158328538288245
1739,57.966086999999995,0.06443661829866175,0.32159991569661395,2.145729555218828,4.892881505644199
1740,57.99941999999999,0.06451615872362443,0.3266160045028345,1.867517856483996,4.940454567154214
1741,58.032753,0.06463703485408451,0.32195846764101077,2.01519353660749,4.968907469265115
1742,58.066086,0.06357825459282228,0.3252300970157712,2.6716915854083343,5.049610311812341
1743,58.099419,0.06398006599411157,0.3160757494760362,3.145022458168565,5.054048915894096
1744,58.132751999999996,0.06275092569644379,0.31536104393992515,3.293488055123667,4.925782159354045
1745,58.166084999999995,0.0630904977074147,0.31867463346510116,2.9432263763417748,4.780672485054678
1746,58.199417999999994,0.062214504237470616,0.3087638510586572,3.1291603950001203,4.598866091944485
1747,58.232751,0.06314004923801884,0.3111631889684401,3.412084388236406,4.549616550425074
1748,58.266084,0.06137672132088842,0.3102157303261895,3.0794481348062384,4.493626288865214
1749,58.299417,0.060802462923569355,0.30815182063817337,3.214040137782304,4.393330764654038
1750,58.33275,0.06182957613606724,0.309625901578125,3.061998652112692,4.278066482451084
1751,58.366082999999996,0.06095785070690465,0.3110563988480541,3.3170802710594494,4.256071210424381
1752,58.399415999999995,0.062122508390986333,0.3192344304765008,3.305900403713089,4.2643709151289295
1753,58.432748999999994,0.061745767900136965,0.31570467478077835,2.926281150333393,4.334999618026052
1754,58.466082,0.062210207906424835,0.30827667830614397,3.5051228847251297,4.372064807294261
1755,58.499415,0.06261317481650176,0.1741021877149584,2.5554002940526392,4.194536796363011
1756,58.532748,0.06257750355385616,0.06234586346649747,1.6675882740776011,4.243297499586728
1757,58.566081,0.06284155378605602,0.05872192340216193,1.1514897151787051,4.291452009156921
1758,58.599413999999996,0.06251445041707225,0.05859947686284957,0.8207417902298499,4.489590568478511
1759,58.632746999999995,0.06283503281484557,0.05424922884751014,0.8646066491565593,4.27762362635252
1760,58.666079999999994,0.0622615035058706,0.05370501570523877,0.7860900879285814,4.344119220786362
1761,58.699413,0.0628401164307504,0.05374283686455422,1.0589296933495753,4.306572319975842
1762,58.732746,0.06286197933564755,0.052695660111927646,1.0046745307502376,4.160878030662036
1763,58.766079,0.062437252279536316,0.05531695872663059,2.7678755563749022,4.057291070377587
1764,58.799412,0.06097528967583942,0.05682971899037334,5.470554793861931,3.9593811441432565
1765,58.832744999999996,0.1529137797877558,0.06018437713380184,7.736420398921818,3.7583446558067526
1766,58.866077999999995,0.31193070403103035,0.053195182013792267,8.29209014747731,3.2745741066009764
1767,58.89941099999999,0.3878901376342047,0.05192391157467404,10.282968860401448,3.532422267807042
1768,58.932744,0.4146260206286241,0.05929323118863908,10.661552954048021,3.4191529517053123
1769,58.966077,0.4129560872749759,0.0671897511631537,11.764968335069065,3.390705422272986
1770,58.99941,0.41319753507568135,0.0689948277419318,11.738288329449595,3.2269199567244975
1771,59.032742999999996,0.43409796219447966,0.07062956392766137,11.523616365317187,2.909202268100666
1772,59.066075999999995,0.44039484958512304,0.07428780031111834,11.04267044439422,2.9295696088778853
1773,59.099408999999994,0.43653916637747786,0.0735087707535371,10.540656304567626,2.799736391314631
1774,59.132742,0.42875123684937866,0.0775563980061695,11.061278254339099,2.6791809750002997
1775,59.166075,0.423642195676681,0.0754063512108266,11.203728100544375,2.4281333774857323
1776,59.199408,0.4222536716047581,0.08060279582735724,11.96841664621398,2.5714938015070934
1777,59.232741,0.41054606248267006,0.0867018885707512,11.24983161780446,2.4207900579581185
1778,59.266073999999996,0.39792304316770943,0.08356484649548587,10.290423545430954,2.5977141909616996
1779,59.299406999999995,0.39794154108665075,0.07993172722073322,10.337621807371715,2.656060936621168
1780,59.332739999999994,0.39673909657358936,0.08665462235808023,10.472098477531356,2.4121739968071196
1781,59.366073,0.38238866808699445,0.08263974650817894,10.069875184650924,2.330888975690647
1782,59.399406,0.37869840789024545,0.08893354798586224,10.655636275772258,2.184854515849069
1783,59.432739,0.38007512121597,0.0878377311288139,11.481286560325332,2.082371406177843
1784,59.466072,0.3850180704126529,0.09010979593868251,10.831708742406368,1.8872107508438953
1785,59.499404999999996,0.37917089967399575,0.08774988171220283,10.152916354989026,2.2042637030148655
1786,59.532737999999995,0.3767638322081149,0.0907081323691786,10.645555371487692,2.0352643093001066
1787,59.566070999999994,0.37864266505750416,0.08422626481395885,10.09383955634097,2.294856288674095
1788,59.599404,0.3778076041779328,0.08681628124749131,10.68444159171142,2.011626576756625
1789,59.632737,0.36699868051301576,0.09311947214444913,10.521069287907673,2.0420469964647845
1790,59.66607,0.3712667405572771,0.0874688263372127,9.783135787213814,2.076296318684998
1791,59.699403,0.3701896457861614,0.09165201494485896,10.20666019731102,2.1503925385644207
1792,59.732735999999996,0.37731511520831235,0.09306735318175735,9.74468365451024,2.20445588264972
1793,59.766068999999995,0.3736322321613307,0.08932333358831718,9.786522015113555,2.030996510514302
1794,59.79940199999999,0.36914430882062355,0.08695772619703887,9.001506044257313,1.9905407023525228
1795,59.832735,0.36484039411646824,0.09131475181076312,9.175830166082095,1.8271802843214002
1796,59.866068,0.3704603670447224,0.08958109451699132,9.752448687861005,1.8904122738565068
1797,59.899401,0.36825566739400417,0.09184613372705633,9.585101953831217,1.8927255608299878
1798,59.932733999999996,0.37381077821447245,0.09025663820400429,9.753187910781316,1.7034338739476795
1799,59.966066999999995,0.3776070808730292,0.09340744148316002,9.218695421852608,1.6749773752467123
1800,59.999399999999994,0.37147684059289804,0.08892803708601005,9.142654530388672,1.928658063563581
1801,60.032733,0.37330993404814794,0.08663308671645698,8.772909815073131,1.8011957005106616
1802,60.066066,0.3716641814129117,0.08933941287762265,8.990171597847507,1.8563574049280056
1803,60.099399,0.365970797368139,0.0920262299361296,9.30591424207853,1.9022855956869296
1804,60.132732,0.3690587826801176,0.09503638055818381,9.299382979551886,1.7540676013184855
1805,60.166064999999996,0.3660053158453144,0.08836543510268866,9.18445505825278,1.7495790715847832
1806,60.199397999999995,0.3631373574119624,0.09145734318884884,9.319407953170684,1.8483043739801268
1807,60.232730999999994,0.35993918730382685,0.09028227245549371,9.083338646009048,1.457898051143194
1808,60.266064,0.3600025686404615,0.09446947152300975,9.628626238313908,1.4443833622606543
1809,60.299397,0.3591735504361492,0.09759933212677507,9.336322699955515,1.3754019457044397
1810,60.33273,0.36343160820637227,0.09275467447221805,8.554157713797078,1.4798545499418454
1811,60.366063,0.3626643248334909,0.09789066508799035,9.55384372876154,1.2611034792954665
1812,60.399395999999996,0.3523291260354304,0.09350473415343588,8.677884398822373,1.4630140196905213
1813,60.432728999999995,0.3600998163681565,0.09024665061891698,8.329703586755583,1.34513797352818
1814,60.466061999999994,0.35866628720597277,0.09591797646296904,8.715652263390798,1.405237362532105
1815,60.499395,0.3576743906935815,0.09228320612711602,8.81189333026409,1.1764935916783628
1816,60.532728,0.3608978197697332,0.09743770574653315,8.030044240446925,1.6583528133083418
1817,60.566061,0.35354209479633175,0.08839365718421531,7.836858900376874,1.5964079986044446
1818,60.599394,0.363453425860133,0.08773222193006688,8.15202116180685,1.7966552234962416
1819,60.632726999999996,0.3741282823069614,0.08646058388151881,7.559629625554381,1.9231418864116099
1820,60.666059999999995,0.36714205289914426,0.08750099799535516,8.169381432865036,1.664366863313981
1821,60.69939299999999,0.3719772048649599,0.09343043210074517,8.057736348200237,1.782145240514169
1822,60.732726,0.3645987966085243,0.09023232494679581,6.344126646540386,1.5188864398278776
1823,60.766059,0.3619068238918554,0.08792818091859429,6.399699749897908,1.5817820147845516
1824,60.799392,0.3677851906002229,0.08075493877644052,5.166574101065052,1.535926202758591
1825,60.832724999999996,0.3571778432389691,0.08394823852264796,5.07988430926788,1.5374071547791726
1826,60.866057999999995,0.3550065044353182,0.0776293062709206,3.883547127983468,1.2812426996466522
1827,60.899390999999994,0.3579642377703756,0.07464638506762253,3.0790075476287475,0.6369754283188668
1828,60.932724,0.3728926263104811,0.07720187655001527,3.283415362741908,0.6082530696627385
1829,60.966057,0.07971154922533548,0.07435303214784295,-0.30435150160303187,0.6269167247353256
1830,60.99939,0.06683155706746811,0.065190506199261,0.4947908027017841,-0.09605567677640672
1831,61.032723,0.07195063372883914,0.07185458112975787,-4.529625499183244,-1.6486875273460229
1832,61.066055999999996,0.07655125351460934,0.07607929784857012,-4.7943809861772255,-3.1279071341270033
1833,61.099388999999995,0.0850705498335686,0.07776590735004646,-5.250755172088627,-3.7511390089579937
1834,61.132721999999994,0.07971851449427042,0.08309701609260094,-9.594067987626623,-5.439449506924668
1835,61.166055,0.08046259148796375,0.08709549437005118,-11.078976614541922,-6.622040159489557
1836,61.199388,0.09738958996532213,0.07869476592362701,-14.152649571048055,-7.377381576105405
1837,61.232721,0.07583137341766297,0.09684294023902842,-19.910741241603247,-8.042447650052212
1838,61.266054,0.08225082690996746,0.11873710207289176,-21.821832754182303,-8.392795819461487
1839,61.299386999999996,0.07991843893025788,0.07186142030313397,-22.177610882535724,-8.418281453726317
1840,61.332719999999995,0.08188212592250056,0.04937381213210555,-20.602266902499515,-8.6859994339172
1841,61.366052999999994,0.07658037622631253,0.06067795514366468,-21.027728507545213,-9.567833728924974
1842,61.399386,0.07283596710364955,0.12627540253693903,-25.806488960835946,-9.70082765565491
1843,61.432719,0.07458442551316277,0.17343503838000654,-27.84918538873233,-9.583024740352347
1844,61.466052,0.07388224512325173,0.05855908526096892,-25.228042283519205,-10.444960906240292
1845,61.499385,0.07707904883647251,0.04926540902913042,-25.36329115869939,-10.425106003007638
1846,61.532717999999996,0.06541146279550267,0.09208051345935622,-25.745124121658232,-10.642373542580021
1847,61.566050999999995,0.08781764194538524,0.16919051454376627,-25.345854727590897,-10.828419111179523
1848,61.59938399999999,0.08245028432747646,0.19772721752849748,-26.242118398148968,-10.86650391255272
1849,61.632717,0.06814210860811841,0.212192372627436,-26.054305463464523,-10.194704099772677
1850,61.66605,0.08369631626309215,0.20828086009393176,-27.253112429413743,-9.397479779030217
1851,61.699383,0.07360163553381231,0.21132624197837802,-19.847230060759234,-9.103289768288457
1852,61.732715999999996,0.08535885456768585,0.22615325665600178,-25.0797350370102,-9.574994428673945
1853,61.766048999999995,0.13455258028017258,0.20925406043062808,-25.067434805252155,-9.017519858564402
1854,61.799381999999994,0.1388891116188709,0.2230152072580582,-24.904118371718052,-9.60389066411805
1855,61.832715,0.0783675357134748,0.21744604502520137,-25.805288670057962,-9.246995597666407
1856,61.866048,0.07806137897063302,0.22748715648948845,-25.715579698590137,-9.362784639113864
1857,61.899381,0.07616028171719055,0.2325591697279475,-24.389847262471722,-8.915964085197038
1858,61.932714,0.07682890464320044,0.22464923380220003,-24.46708399432168,-9.106747102558996
1859,61.966046999999996,0.0763586280127704,0.2309400375200681,-24.56112924195956,-9.225719966021641
1860,61.999379999999995,0.07782425571444088,0.2309541326797052,-25.19192942927403,-9.07407482271651
1861,62.032712999999994,0.07757733255591176,0.24047449876928706,-25.33585036598637,-9.074800585505821
1862,62.066046,0.08079933423251243,0.2364276879589712,-24.74726395944112,-9.195648194976421
1863,62.099379,0.07939968861207232,0.2441630777501787,-23.895364614146622,-9.334564421121003
1864,62.132712,0.07592671291123511,0.2477580702945229,-23.750756635689935,-9.409133823746759
1865,62.166045,0.07611640330437924,0.242071960916798,-23.37398938841735,-9.688318606491293
1866,62.199377999999996,0.0755418953349373,0.240767307259316,-23.56199524285263,-9.978511308933108
1867,62.232710999999995,0.07476753080301657,0.25592762351097775,-22.09789506259248,-10.041058450989635
1868,62.266043999999994,0.07508022450660677,0.26325592402340514,-20.025172699583717,-9.689966142087947
1869,62.299377,0.07497602927257654,0.25963595229666514,-18.28998054327225,-9.175284048946386
1870,62.33271,0.07491516247595432,0.24575604567233444,-16.840939965864678,-9.046598700098615
1871,62.366043,0.0711360014246303,0.23927123703836228,-13.526670978650486,-8.490159900130282
1872,62.399376,0.07281348803239017,0.24373616088428984,-12.426265311872804,-8.343912849522503
1873,62.432708999999996,0.0714216408042192,0.25759336613969824,-12.283749133455578,-8.269345472015617
1874,62.466041999999995,0.0732323964868807,0.2548633845661027,-13.205501147385773,-7.660811281735617
1875,62.49937499999999,0.07141823265331726,0.25437747953385714,-12.99247321512753,-7.837783261402628
1876,62.532708,0.07103796236092126,0.24930378893354038,-12.599968589513606,-8.175949836872402
1877,62.566041,0.07046384519405244,0.23870961537936242,-10.654674193209097,-8.614481292628925
1878,62.599374,0.06775863311745199,0.19554395945717065,-8.219745388838586,-9.081259662366012
1879,62.632706999999996,0.06834311187936803,0.04505259201729142,-9.098221007171585,-9.114473454260843
1880,62.666039999999995,0.06744560173336837,0.05358327725934596,-8.29378750576352,-9.277961400424605
1881,62.699372999999994,0.06881208616256625,0.10002450918360403,-8.499250563122184,-9.856317687115745
1882,62.732706,0.06702512150140752,0.17384842909570164,-7.269967297291861,-10.048763476567212
1883,62.766039,0.06805452007092486,0.19025443827452015,-6.618983903545405,-10.1432887961254
1884,62.799372,0.06797073966137196,0.2000432127030249,-5.7395429202189625,-10.356260233239036
1885,62.832705,0.06461792878838629,0.2070107046038112,-3.3918125380907362,-10.497905907475447
1886,62.866037999999996,0.06504233747654932,0.214764828306156,-3.127604712081516,-10.65670353885832
1887,62.899370999999995,0.06714153856925577,0.22116619364127388,-2.5289529353722093,-11.080668775525213
1888,62.932703999999994,0.06669929778268897,0.22898485654431214,-2.7205146453500717,-11.137537765031373
1889,62.966037,0.066306656297021,0.2296920939327299,-2.7332662781851975,-11.305364013180617
1890,62.99937,0.06712054634025401,0.22894919250009807,-3.0203491210660847,-11.43050562425658
1891,63.032703,0.0652004891250199,0.23432793273156133,-2.853580407709962,-11.502669021321983
1892,63.066036,0.06631801295251617,0.23726899729008322,-2.638855937712032,-11.45189090263773
1893,63.099368999999996,0.06598199948202099,0.25268346451522444,-2.8063854795281937,-11.489960927420942
1894,63.132701999999995,0.0653802883963372,0.25804214056376296,-2.6538890764696124,-11.257624021296587
1895,63.166034999999994,0.06592118877417705,0.26001033125550743,-2.992695689009361,-10.945731614710548
1896,63.199368,0.06603668844715599,0.26072610133906327,-3.295872202001806,-10.626107402024658
1897,63.232701,0.06583544012578654,0.2665317006231507,-3.10730205695592,-10.554047377918998
1898,63.266034,0.06503068713095499,0.26621308522200826,-2.7545763260703118,-10.29894750749358
1899,63.299367,0.06605740881170191,0.2644509899549833,-3.498417017286063,-10.274878466752677
1900,63.332699999999996,0.06545560439458531,0.2662884982887219,-3.116197401598331,-10.119509380635515
1901,63.366032999999995,0.06631253446006043,0.2636498850386664,-3.0179680032404734,-10.012204665422018
1902,63.39936599999999,0.06632124363939954,0.18631012624980314,-0.992568624271141,-9.679138255959797
1903,63.432699,0.06632557043607104,0.050015760306137046,-2.4618423921020764,-9.352240564941326
1904,63.466032,0.06577624911436267,0.13603476112645613,-2.6606341947780354,-9.537734067224479
1905,63.499365,0.06584037236878934,0.20979912837451176,-2.6280788078021007,-9.03325937159928
1906,63.532697999999996,0.06722103903879421,0.22608694028163506,-3.922296209823182,-9.017314004537687
1907,63.566030999999995,0.06581353869840018,0.22965089554640705,-3.6199235994932173,-8.663197494419288
1908,63.599363999999994,0.06714441143494645,0.23904741148704434,-4.028758299111802,-8.640376570195599
1909,63.632697,0.06650207559401683,0.24006674304338152,-3.92833809119586,-8.29825418044701
1910,63.66603,0.06570795342288673,0.24116424740777734,-3.583163358161352,-8.080197572515448
1911,63.699363,0.06739704040832432,0.2404623107788932,-4.106939961964546,-7.863137226855248
1912,63.732696,0.06725428250259041,0.24452216377047808,-4.862090173727857,-7.828928529546883
1913,63.766028999999996,0.06861861334993426,0.25668382879909424,-4.671987059365327,-7.844378648025556
1914,63.799361999999995,0.0679394382235246,0.2581024422631848,-5.363976408213463,-7.67678845407752
1915,63.832694999999994,0.06793667943446512,0.2583662770594012,-5.145864123559501,-7.532495132374834
1916,63.866028,0.06792581723879064,0.26050704960999505,-5.1356173311334254,-7.6068582569972945
1917,63.899361,0.06915940481519403,0.26500450622968064,-4.910104908476576,-7.584923409107799
1918,63.932694,0.0683482091709682,0.26612715472175075,-4.849690658968416,-7.580287277432736
1919,63.966027,0.06804060265912995,0.2662226634569268,-4.805177655825723,-7.509023328268045
1920,63.999359999999996,0.06743706885974231,0.2691547959753285,-3.261537846420587,-7.323438562452486
1921,64.032693,0.06607130573105723,0.2722791543160852,-2.811832823807922,-7.3208074370016645
1922,64.066026,0.06832278112206165,0.27824444008830307,-2.3221387667312268,-7.14036636280831
1923,64.09935899999999,0.0664952297325949,0.27246925787656834,-2.504093231520545,-7.352632924780622
1924,64.13269199999999,0.06648750555762148,0.27816337516658746,-0.9741091288545507,-7.086029388305591
1925,64.16602499999999,0.06575110723802721,0.28226669292073725,-1.0797953832927245,-7.134058870836543
1926,64.199358,0.06607692402912278,0.28043115449424993,-1.7501715299723855,-7.3357103965822095
1927,64.232691,0.06799466835045637,0.28032559078187613,-1.4002780030756867,-7.221471431011805
1928,64.266024,0.0683434688530694,0.2883574960475244,-1.2950018134491053,-7.389315228873813
1929,64.299357,0.06503810766909889,0.27880889010329785,-1.126471986841837,-7.394364696093228
1930,64.33269,0.06514209883871849,0.2712401643165513,-1.113668668259384,-7.4125503892409546
1931,64.366023,0.0633457848760119,0.2617083146236732,-0.5417127974159515,-7.1974152698855205
1932,64.399356,0.06472692931160917,0.2629559609680804,-0.06321281359481087,-6.9222236893359845
1933,64.432689,0.06489643975057731,0.26064165783430004,-0.7101367127840946,-6.8750724822812055
1934,64.466022,0.06608704198260759,0.26749368072640867,-0.9003224481299771,-6.882669189006961
1935,64.499355,0.06530021189617073,0.2628898180721818,-1.1826465981944831,-6.843002324694263
1936,64.532688,0.06666209814729643,0.2633428162424931,-1.421330363974307,-6.826969920437448
1937,64.56602099999999,0.06774128618644039,0.26019291736673644,-0.6346641142595814,-6.730393319994293
1938,64.59935399999999,0.0656258119534469,0.2611446235993361,-0.7446128602177484,-6.7577126897126
1939,64.63268699999999,0.06732076017510519,0.26359031856890713,-1.0636333238234512,-6.653658941994466
1940,64.66602,0.06648403552122963,0.26641577854301585,-0.6493158108506057,-6.728060812624527
1941,64.699353,0.06734435166262524,0.2623803381697216,-1.0886381616845948,-6.7001374148645
1942,64.732686,0.06793205096770163,0.2627059248150969,-0.7613885585370724,-6.716626456526911
1943,64.766019,0.06666970502897432,0.26306725555568494,-0.5687304036980505,-6.803680907715196
1944,64.799352,0.06736015985738412,0.2608186600060248,-1.0262578200254688,-6.717659833553286
1945,64.832685,0.06580436324779741,0.2628259025839199,-0.7775614801882207,-6.809490536806601
1946,64.866018,0.06754156258448146,0.259420836019298,-1.0905549892253128,-6.842062745787054
1947,64.899351,0.06635273729980373,0.2593653105312943,-0.5389582976614656,-6.8140983662115024
1948,64.932684,0.0666071063200965,0.26341940585601886,-0.7998263577243744,-6.839722629796718
1949,64.966017,0.06634661571711585,0.2593349732242738,-0.779507852365763,-6.820213682030108
1950,64.99934999999999,0.06709844367955632,0.26144036667127646,-1.025228807321005,-6.908147763712438
1951,65.03268299999999,0.06757717013096896,0.2604594686743867,-0.54265775205902,-6.697280232069586
1952,65.06601599999999,0.06784606850084336,0.2620318506449516,-0.8370948098724249,-6.808300871455062
1953,65.099349,0.06767633861736348,0.26157497981012523,-1.1795649833483182,-6.840414676989444
1954,65.132682,0.06772226135654914,0.26023077831413455,-1.244187229824213,-6.722379455731478
1955,65.166015,0.06733710698100163,0.26053284296691726,-1.6049043612650684,-6.9095625477030955
1956,65.199348,0.06709558539813223,0.2609648037407254,-1.2988317095529003,-6.903609937526339
1957,65.232681,0.06705002832493383,0.26236384725954,-1.6314034705416454,-6.892898635888359
1958,65.266014,0.06575270398885015,0.26096597180552483,-1.6964155079770913,-6.916426479384299
1959,65.299347,0.06714347315159967,0.26630178181219155,-2.1762388424644783,-6.967995301531321
1960,65.33268,0.06667514607149773,0.2652574675011264,-2.142192790855439,-7.075682190064045
1961,65.366013,0.06596115780000333,0.26197327826923444,-2.404008336482946,-6.9547726129158685
1962,65.399346,0.06673068232814122,0.26577955433148975,-1.7010174742123636,-7.042640246958884
1963,65.432679,0.06525726366894999,0.26628105090911747,-2.079559641911894,-6.907186404886274
1964,65.46601199999999,0.06685580903347044,0.26881852913750626,-1.6995247826320965,-6.927476608782674
1965,65.49934499999999,0.06592773075061731,0.2669052625396785,-1.72467878888444,-7.01766044275372
1966,65.53267799999999,0.06699728073880455,0.2667474747568969,-1.4010932359411445,-6.837725340959499
1967,65.566011,0.06651287976595671,0.2681995148670501,-3.012408920507608,-6.945415235203378
1968,65.599344,0.06536901364797307,0.26803031799885046,-2.3528204361028715,-7.00087818730338
1969,65.632677,0.06571139574828024,0.26888309985351266,-2.1487805253420325,-6.9744279928972945
1970,65.66601,0.06744110610561271,0.26754187233256926,-1.891979996671632,-6.967759945106839
1971,65.699343,0.06611111140071486,0.2695237228660142,-2.1333332232724627,-6.956530715889584
1972,65.732676,0.06720171510370654,0.268800235248833,-1.8502582653014796,-6.995143707752453
1973,65.766009,0.06705349658017262,0.2682145340883953,-2.0363610928009552,-6.968490269141976
1974,65.799342,0.06597856369811649,0.2674485703060176,-1.6622167948660649,-6.916118353218694
1975,65.832675,0.06619316128451042,0.2712198674805165,-2.2958050609417806,-7.021147355907339
1976,65.866008,0.06755473997122896,0.2724875598067453,-2.8962099833843076,-7.108871474874074
1977,65.89934099999999,0.06485066162181197,0.2656151375468954,-2.9332212608620685,-7.102600552824595
1978,65.93267399999999,0.06528959375127524,0.25298212475792087,-2.6925432455006124,-7.142336070034543
1979,65.96600699999999,0.06539106713460874,0.0939950688046392,-2.2094028069958376,-7.187724767996394
1980,65.99934,0.0653702270828395,0.0855865395971477,-2.5502654527286492,-6.866273859335909
1981,66.032673,0.0651884070678467,0.18076647286013545,-2.0182098269313333,-6.97317657775511
1982,66.066006,0.06594442075152634,0.20557508978592065,-2.207312229934318,-7.095847584593287
1983,66.099339,0.06429377234100014,0.21252295694831175,-2.4670161665262658,-7.268048548253606
1984,66.132672,0.06448223970392777,0.22178989675624258,-2.5014925391609624,-7.223130294851248
1985,66.166005,0.06506332571463626,0.22902032658828037,-2.724116828271879,-7.060563264841013
1986,66.199338,0.06461460478750462,0.23148861264072695,-2.572360317263906,-7.040652457410218
1987,66.232671,0.06469955946689744,0.23082832375524173,-2.018579430232563,-6.994502566105956
1988,66.266004,0.06352090511495333,0.2349509296257779,-2.143272730596223,-7.002456458593525
1989,66.299337,0.06390035631217085,0.23586937944103498,-2.226911720933952,-6.994094724123257
1990,66.33267,0.06525685629496143,0.24381123505014446,-3.1819604922611946,-7.026791472855205
1991,66.36600299999999,0.0643448560384557,0.24308559641665603,-2.8296544012332943,-6.899023089522981
1992,66.39933599999999,0.0647750644461969,0.24410861652806398,-2.687033207167312,-6.810752968724951
1993,66.43266899999999,0.06355031869884079,0.2387221676427731,-3.329829175474322,-6.834300212525694
1994,66.466002,0.06534937037133624,0.24909190494964834,-4.510191235086322,-7.01986180780725
1995,66.499335,0.06466323317577849,0.26298217522722295,-4.600011559186111,-6.802765485828388
1996,66.532668,0.06489191472886228,0.2695036530666921,-4.798112381047549,-6.729060134740057
1997,66.566001,0.06495157220637415,0.24592079360056648,-4.065651287731855,-6.69141145634394
1998,66.599334,0.06462749267670716,0.051338891722241826,-4.167965323130683,-6.340849417031218
1999,66.632667,0.06437909646696095,0.05497841751374488,-4.85118146096965,-6.298695523491358
2000,66.666,0.06644693440709568,0.12908342175453125,-5.146345482890469,-6.659974781042273
2001,66.699333,0.06586341151016457,0.21086738290952384,-6.053758960747094,-6.915517576528532
2002,66.732666,0.0656366701790248,0.23928449283692255,-6.075540010069044,-6.846730054494396
2003,66.765999,0.06817743940789327,0.25656210314768335,-5.7156828563219895,-6.798616767075997
2004,66.79933199999999,0.06693462461286805,0.2695674116016841,-6.049553556938399,-6.928471192693609
2005,66.83266499999999,0.06739390164982975,0.2710741814518196,-5.68054673108559,-6.700981676300136
2006,66.86599799999999,0.06758457933814853,0.2751117368702092,-5.87551723990503,-6.750700966742075
2007,66.899331,0.06664119242389899,0.2750481560285309,-5.7776402649148,-6.7201875241277556
2008,66.932664,0.06711685367558744,0.27789057352599333,-6.010189572190599,-6.746686536419529
2009,66.965997,0.06683734798002809,0.2766206897723981,-5.973882471994863,-6.793968537398407
2010,66.99933,0.06586575363394445,0.27863742067910613,-5.860551661739944,-6.8396416864775
2011,67.032663,0.06696377062585333,0.28055658556588575,-5.725286849254834,-6.728453239672108
2012,67.065996,0.06734569979814349,0.2824866879436577,-5.664161800095832,-6.824524766287157
2013,67.099329,0.06791841103440735,0.2825536913408512,-5.806442763380482,-6.769875281497845
2014,67.132662,0.06701720097606592,0.27117251205735043,-5.3557979847013275,-6.747042227166087
2015,67.165995,0.06702347106610722,0.2694629681855728,-5.033998719035776,-6.627725068931579
2016,67.199328,0.06679687707850514,0.27281738414113654,-4.411264160813206,-6.5473870701452395
2017,67.232661,0.06616559451946694,0.2733701034308937,-4.810506855916589,-6.652170887553297
2018,67.26599399999999,0.06688343483182811,0.2792661204400727,-4.72529953914537,-6.512592447308747
2019,67.29932699999999,0.06578572243311721,0.2743367599068656,-5.0682201017433055,-6.5415407267293295
2020,67.33265999999999,0.06605186840281917,0.2683580493553481,-5.132040454345744,-6.629811017480952
2021,67.365993,0.06589217888405367,0.2744625610045363,-5.0937906175790655,-6.227142516271959
2022,67.399326,0.0668177458929855,0.293853042868242,-5.365700337883354,-5.9798105699615745
2023,67.432659,0.06673889085067547,0.30382962089493537,-6.195625573430161,-5.835516883690608
2024,67.465992,0.07016918808872417,0.28179351300463185,-7.963068303826759,-5.3582997176545035
2025,67.499325,0.0716857496788492,0.27925983988150455,-10.469640215494042,-4.95431171834665
2026,67.532658,0.07250875308748678,0.28294432793776153,-12.699758815795866,-4.2537788975033735
2027,67.565991,0.07220688142738486,0.28010579396240654,-15.164268186634631,-3.508874651193164
2028,67.599324,0.07120777530037681,0.280854588353202,-15.232225365591047,-2.7944736194168067
2029,67.632657,0.0723822829150016,0.2737108465857113,-16.24107320126428,-2.185318319336878
2030,67.66599,0.07222044547828552,0.27049226779963176,-18.26781644982449,-1.671991628488753
2031,67.69932299999999,0.07249686301643704,0.26455754584108343,-19.87687029943722,-0.8882558348151658
2032,67.73265599999999,0.07480274515015392,0.26553282138025547,-21.060995707856698,0.04828544112217572
2033,67.76598899999999,0.07569117851590042,0.26812426715880056,-21.02184567062491,0.8267001279744423
2034,67.799322,0.0770361490052562,0.27883474168416567,-21.38515543728492,1.7820574998722596
2035,67.832655,0.07932794900227645,0.2733006921175163,-21.88394945458253,2.6005106844920154
2036,67.865988,0.08041088751981687,0.27424595290220355,-21.976073411138707,3.231947244175808
2037,67.899321,0.08015050093336426,0.2716249259351262,-22.210852290184434,3.826854777413372
2038,67.932654,0.07941982343390654,0.25619729328720886,-22.283057402171067,4.379216495935699
2039,67.965987,0.07950701658337794,0.14414115171861414,-22.421079759252745,4.574139450237084
2040,67.99932,0.07930435736196229,0.12675867471561297,-21.44166038363658,4.65346008486732
2041,68.032653,0.07920732734320331,0.2044389983619082,-22.52795776631473,4.327402319382098
2042,68.065986,0.07816133834616802,0.23886895495836763,-22.242059760941967,3.9056375928995277
2043,68.099319,0.07864165302820299,0.2710501078266019,-21.908987989041098,3.8741148931077705
2044,68.132652,0.07894158192769908,0.27765708539961426,-22.01194750037914,3.521632892540356
2045,68.16598499999999,0.07876502012793477,0.28831859562808204,-21.53868910872067,3.587071193256819
2046,68.19931799999999,0.07745339574575968,0.29341064743669304,-20.893117677643026,3.4519003264031185
2047,68.23265099999999,0.07661418037024591,0.29536579004704766,-20.728408130532763,3.4122407463561175
2048,68.265984,0.07694170020023607,0.29798805934742467,-20.940785587982433,3.329992438185761
2049,68.299317,0.0764633174462378,0.298190810210874,-20.785027190845593,3.14518718695644
2050,68.33265,0.07762863566836513,0.30753115722162405,-20.465091051143332,2.792571519049611
2051,68.365983,0.07906389336052674,0.2712052453276483,-21.028206523232107,2.8679067108554808
2052,68.399316,0.07717763637168351,0.07264413377605851,-18.41325689658177,3.097795094658693
2053,68.432649,0.07726700296195911,0.10789724486832536,-19.08938451863886,2.998266143705044
2054,68.465982,0.07715396414782885,0.21097486489359835,-19.4311095442137,3.111946816860943
2055,68.499315,0.07798678177574973,0.2518185631241424,-20.095953564646294,3.1943531299898322
2056,68.532648,0.07744329560241421,0.2746448850474872,-19.75757200194457,3.144426219614371
2057,68.565981,0.07705100791580954,0.26589106957675257,-20.8699455132535,2.960863390663663
2058,68.59931399999999,0.07650752559857964,0.27036703145113805,-19.174266390382204,3.2707753123885306
2059,68.63264699999999,0.07668480374754374,0.2749885922924508,-18.326521577006496,3.2234306765912035
2060,68.66597999999999,0.07672143755987601,0.2817184230811916,-16.564502004731068,3.313869165048551
2061,68.69931299999999,0.07716778447073193,0.2958178827086452,-16.83794906231695,3.1703088435436255
2062,68.732646,0.07634533998874625,0.30002097679594725,-16.27799835361077,3.077250216406581
2063,68.765979,0.0746217417751906,0.28881552390041754,-17.140517866629843,2.9629685995045536
2064,68.799312,0.07433799275808219,0.29005838123545535,-15.832959761302483,3.1851702760853433
2065,68.832645,0.07472051090966379,0.2911730532831758,-16.314043476330635,2.7842923575799396
2066,68.865978,0.07562347402624367,0.2784241659289344,-17.069617861090837,2.766556894691871
2067,68.899311,0.07413537437074992,0.2753232153125063,-16.511126075417284,2.712383225398139
2068,68.932644,0.07370715456335376,0.2646264541525136,-16.566579258737676,2.6141025813109118
2069,68.965977,0.07399445379141202,0.2585070866984129,-15.12593428641955,2.8093311867132025
2070,68.99931,0.07212978998282804,0.2609294450876606,-15.296732031350649,2.700041621093945
2071,69.032643,0.07441483762305963,0.24876318465857317,-14.868747241699884,2.6186118816626025
2072,69.06597599999999,0.07316343888830928,0.24096148660968547,-15.117841875014507,2.5908074531012715
2073,69.09930899999999,0.07386265970845877,0.2336308271215229,-13.549897997073574,2.7772177816075247
2074,69.13264199999999,0.07447443046406953,0.23229226431428943,-13.751689517807435,2.709838840967282
2075,69.165975,0.07550746747854022,0.23695211135281236,-12.148194709533417,2.650716945761279
2076,69.199308,0.07300910232563158,0.23714272165285616,-11.949675557602102,2.800494950521281
2077,69.232641,0.07596239789900022,0.23748866226357354,-10.472824027270853,2.7627942636167284
2078,69.265974,0.07500883716229163,0.22950247118044936,-9.879886558791311,2.961167349572515
2079,69.299307,0.07466665315537084,0.23464790803792196,-9.604791529325219,3.146448681698906
2080,69.33264,0.0756625944199735,0.2356213525339924,-8.757762881547373,3.405761247360082
2081,69.365973,0.07538642016127686,0.23508294697655588,-8.096774562535993,3.594335534654669
2082,69.399306,0.07486315263134352,0.23484671116788616,-8.154360222697226,3.7111220848469912
2083,69.432639,0.07578619367064811,0.2291765827970162,-8.48244725753499,3.796738151176505
2084,69.465972,0.07584233462857916,0.23263695357063296,-9.69479859414502,3.7755933927961864
2085,69.49930499999999,0.07464727155858542,0.2320610507077887,-10.05358967463467,3.9006485892915044
2086,69.53263799999999,0.07332661569054107,0.23682924413595494,-10.32928057588267,3.8805654091470583
2087,69.56597099999999,0.07367566968972157,0.23833499707454725,-10.450510439837295,3.794060817734537
2088,69.59930399999999,0.07346023277206587,0.22959364783459385,-10.489905439898546,3.5208755645638328
2089,69.632637,0.07455245996692146,0.2388883171716048,-10.177328086476185,3.403138674937948
2090,69.66597,0.0741013117688502,0.23772687121397873,-10.00775273233962,3.387161847834731
2091,69.699303,0.07468907444463634,0.23609770571306002,-10.315391797918576,3.393425501231607
2092,69.732636,0.07227449878349117,0.23605540545799347,-10.429210245672534,3.4008384048004445
2093,69.765969,0.07384737228756741,0.23505819186656246,-10.64751948287581,3.2938829322666474
2094,69.799302,0.07272826276035253,0.23683591086937744,-10.85521992378591,3.2963514857570697
2095,69.832635,0.07379665902337629,0.23414089463656107,-10.536359639332082,3.319986132486986
2096,69.865968,0.0735294278938288,0.2347974937510749,-11.122512408882185,3.201627661088516
2097,69.899301,0.07254106422071148,0.23313107533591176,-10.821243581078372,3.3161724535047035
2098,69.932634,0.07359234818775141,0.242124953531205,-11.044540645847615,3.346430024764386
2099,69.96596699999999,0.07291814361367244,0.23704206778788672,-10.448467271848585,3.427226301694044
2100,69.99929999999999,0.0730634593543466,0.23291599120530948,-10.771243867120857,3.5161762353706205
2101,70.03263299999999,0.07370999423188268,0.23467033048332947,-11.334681448129063,3.4925286376679923
2102,70.065966,0.07363516955123293,0.23148018155286515,-10.984856106780072,3.554837958754568
2103,70.099299,0.07173402515368801,0.2302603049451029,-11.173875623368742,3.4324597048085583
2104,70.132632,0.07339628096432747,0.24920833618069632,-11.87512539321821,3.51422593701023
2105,70.165965,0.07422705221702817,0.2575064992348248,-11.616585005583826,3.3774362615871363
2106,70.199298,0.07560191878496292,0.2570475806616819,-12.001887870273903,3.359094058462497
2107,70.232631,0.07652061535111328,0.25157395411671096,-12.206097470433471,3.3324932025671394
2108,70.265964,0.0760140775736311,0.2376016822797909,-12.133084088708939,3.298095185625391
2109,70.299297,0.07494110463252723,0.06941999499367309,-12.50046309719841,3.4772158682129537
2110,70.33263,0.073985381908469,0.05114259881298719,-11.953929533282375,3.519618054841889
2111,70.365963,0.0740482906328735,0.15037963752888994,-12.341319709327536,3.318247742390523
2112,70.39929599999999,0.0729975980039267,0.20084595297316724,-12.946075623874084,3.2118443584971232
2113,70.43262899999999,0.0758307368973065,0.2221152596229098,-13.220498666957232,3.0418986257027494
2114,70.46596199999999,0.07469552825257296,0.23321729951171438,-13.391429119685752,3.0802625705618905
2115,70.49929499999999,0.0734317672776686,0.2403208349879053,-13.531292978277088,3.1407050136374437
2116,70.532628,0.07407041397955025,0.2516451683321452,-12.760067601397852,3.1114005880027666
2117,70.565961,0.07465375845574941,0.2566759132431791,-13.271312031111345,3.1315668604053495
2118,70.599294,0.07327829146187913,0.25323362509239045,-12.721452312003244,3.14632865771805
2119,70.632627,0.07480285840625256,0.2598270453546068,-13.803302504393715,3.169087340270022
2120,70.66596,0.07298106814661116,0.25229960103425464,-13.25061078480661,3.1481019548606533
2121,70.699293,0.0735536573710796,0.25785851686601086,-13.40307875889227,3.058717032932198
2122,70.732626,0.07398967636702444,0.2584882650710103,-14.014805336755105,3.132325965593034
2123,70.765959,0.0751293476928256,0.2619689096309694,-13.504013297462297,3.1621167974729048
2124,70.799292,0.0727243014520441,0.262954096070816,-12.909817782151993,2.984465342101809
2125,70.832625,0.07387041675396055,0.26647671566345643,-14.353620503396025,3.0239659903079943
2126,70.86595799999999,0.07515093328444256,0.2621871854344934,-13.92722620839579,3.1302107608151672
2127,70.89929099999999,0.07378997306250379,0.26041656723804674,-14.262095104296392,3.1012014935227517
2128,70.93262399999999,0.07389866162633876,0.26420919630749823,-14.180300068920975,3.093683701076002
2129,70.965957,0.07368531139542887,0.26958965764931386,-14.09557076862348,3.164778362460516
2130,70.99929,0.07443326882615947,0.26927688545793166,-13.12433836790201,3.107985051009312
2131,71.032623,0.07441477304578321,0.27332571025760144,-13.305620430843119,2.929538285773028
2132,71.065956,0.07306670128437405,0.26528162289855783,-14.16490356422673,2.8796222620746996
2133,71.099289,0.07341118171976387,0.2660964182279253,-13.750636118309254,2.9003561704465097
2134,71.132622,0.07308625177301399,0.26773635992283584,-13.151605189707734,2.8274785737248482
2135,71.165955,0.07351130220167633,0.2686717665451329,-13.218016399252498,2.7535869367995174
2136,71.199288,0.07301485307612447,0.2659363274243498,-13.709247458823295,2.7880634449809167
2137,71.232621,0.07415064752979017,0.2697333113716609,-13.396948968918196,2.755965852654989
2138,71.265954,0.07274703845437161,0.2686948634573234,-13.32379716750504,2.628890323831684
2139,71.29928699999999,0.07370494103488573,0.2748429039255662,-14.190955720825217,2.687120240601014
2140,71.33261999999999,0.07279598191485386,0.2730463980501581,-13.53250918677409,2.7888994817726442
2141,71.36595299999999,0.07336033291501388,0.2736461791576961,-14.213205101985798,2.7797698653476557
2142,71.39928599999999,0.07405171329393673,0.2758073534578378,-13.672747779172068,2.778251884347525
2143,71.432619,0.07451623430100128,0.27300387373715274,-13.638879562385942,2.8471215421485603
2144,71.465952,0.07392248539761843,0.2687850905528869,-14.152299390488535,3.0121999041042034
2145,71.499285,0.07323693810770204,0.2639416596327263,-13.597919858804069,3.064917722946104
2146,71.532618,0.07439131079642616,0.27380226905586996,-14.047379211591533,3.0845753076470723
2147,71.565951,0.07371852021756117,0.26943744599747055,-13.080182086336626,2.8823663889455338
2148,71.599284,0.0735578155698727,0.2709490880050781,-13.889828434227832,3.0091026643115946
2149,71.632617,0.07346504527642655,0.26204020915471343,-13.847002253891475,2.956227957136949
2150,71.66595,0.0740365800823786,0.2690892422490143,-14.002523777989538,3.014335910184644
2151,71.699283,0.07347134463582204,0.25454166411573725,-14.623176212298484,3.113504717199319
2152,71.732616,0.07530867669179016,0.25278494980801214,-16.247333814753187,3.628852567968238
2153,71.76594899999999,0.0724083289929329,0.25256111863797776,-17.220637211992994,3.8317628712517653
2154,71.79928199999999,0.16839687061412564,0.25802792938680275,-18.40462982830316,3.767963197452146
2155,71.83261499999999,0.20852875962428802,0.2538109922425702,-16.82617509722024,4.378396573398178
2156,71.865948,0.19526439311353222,0.24497097080327168,-18.296441092007452,4.536251806175344
2157,71.899281,0.18369556661443653,0.2458958632423398,-20.876422566190566,4.484700349649485
2158,71.932614,0.1790876095619804,0.24538728853571373,-21.193985958586758,5.0275890643748555
2159,71.965947,0.1584364732065658,0.24580534697532458,-21.103272748765118,5.098417383256475
2160,71.99928,0.1114779157091933,0.25092069784306514,-21.20392243048288,5.233982643854918
2161,72.032613,0.07450699803734948,0.24800398280776165,-20.87046938566608,5.985210684126001
2162,72.065946,0.07332054846399655,0.24319677754502841,-20.263162070489386,6.443643641421263
2163,72.099279,0.07371313051374274,0.2495760144469895,-19.566058430085405,6.640428643195541
2164,72.132612,0.07224287881978037,0.25122635537744353,-17.821437813276813,6.84201020377728
2165,72.165945,0.07512508206508821,0.2420352100791796,-16.272816727513973,7.186463129211404
2166,72.19927799999999,0.07334974539640308,0.2413120627485142,-14.51465683223451,7.29779539813484
2167,72.23261099999999,0.07362152970709772,0.2389377600611085,-14.143501054012114,7.652515287415911
2168,72.26594399999999,0.07312396510065812,0.245102237302517,-13.951247497361488,7.676609108257628
2169,72.29927699999999,0.07253041063601265,0.24120405390675792,-13.090847874765172,7.737890633894463
2170,72.33261,0.07335020738176865,0.24481740756619993,-13.28641848678484,7.832219725830248
2171,72.365943,0.07372915928955942,0.24787083732052145,-13.212467356486064,7.7664111898765515
2172,72.399276,0.07423578984767314,0.24790412629890413,-13.277000518296747,7.354597119006985
2173,72.432609,0.07395166424388891,0.2626514277467626,-12.75845285991464,6.3129704675491
2174,72.465942,0.07225144872961717,0.25228194476758126,-12.933875077753374,5.869124126843698
2175,72.499275,0.07281161865251128,0.24632755603356282,-13.013792655270427,5.473803662277343
2176,72.532608,0.07168154728408631,0.2454307690002275,-12.617291627788822,5.359829229277322
2177,72.565941,0.07211385420453383,0.23781375204492128,-13.486689196013764,5.413364379900593
2178,72.599274,0.07366630078850203,0.2407175012535789,-13.837766103981703,5.339195269286617
2179,72.632607,0.07237231017460018,0.24159783542180227,-13.644482601511104,5.583193090271346
2180,72.66593999999999,0.07154373235156113,0.23812387486269976,-14.78254719087835,5.753887307385724
2181,72.69927299999999,0.07386402293484677,0.2496854098410104,-15.375419888892317,5.850864307509681
2182,72.73260599999999,0.07295688608283166,0.24328701464544128,-14.072833853351831,5.934285811861075
2183,72.765939,0.07439335921283734,0.2571575512419675,-15.68866448136456,5.890416810044887
2184,72.799272,0.07476287993852421,0.2450095525317018,-15.579312644001778,5.908212914466352
2185,72.832605,0.07353716658347235,0.26575025937630703,-15.66370392145158,5.857657710340708
2186,72.865938,0.07282501237847469,0.246091662057073,-16.044292300817126,6.000654451761034
2187,72.899271,0.07385462594745404,0.25113710987309656,-15.582992261691322,5.907747285271594
2188,72.932604,0.07372110704348078,0.24561261946682011,-16.126116844863393,6.063714251290927
2189,72.965937,0.07405631559769112,0.26170292823663704,-15.227884311558519,6.296777805331724
