idx,time_sec,mar,ear,yaw,roll
0,0.0,0.07728307976965518,0.29271474207851605,-2.953039840715243,8.947372750525913
1,0.033333,0.07568118548603316,0.27707119744453645,-2.7032745211179434,8.8133109378233
2,0.066666,0.07585605437516213,0.29053766384709984,-3.1329990898166025,8.832634395012096
3,0.09999899999999999,0.07566587333104131,0.28152116449520936,-2.5591017973351784,8.91360506056559
4,0.133332,0.07673225639070667,0.2857944231245081,-5.151682104830635,8.513021320365837
5,0.16666499999999998,0.0761103052427495,0.2827799629152674,-3.966273616957568,8.540177758452058
6,0.19999799999999998,0.0771914690902975,0.2841560462684004,-2.7812984339630833,8.68425034937397
7,0.23333099999999998,0.07583578586382142,0.2821598179103959,-3.0821917273202715,8.572424914805287
8,0.266664,0.07705610953767252,0.2837008619470228,-3.1810681089404165,8.6318721833234
9,0.29999699999999996,0.07612068131350291,0.2819130500947329,-3.9438749796229877,8.38050872214809
10,0.33332999999999996,0.07571107565890112,0.28181728952741725,-3.991725405656517,8.395658382097318
11,0.36666299999999996,0.07498704799313563,0.2891193679364044,-1.484940478259362,8.65387752815291
12,0.39999599999999996,0.07671267335489286,0.28299546918411805,-2.43818691667156,8.61933431653599
13,0.43332899999999996,0.07639623027250919,0.2875775226356768,-2.601200219887797,8.559473351771961
14,0.46666199999999997,0.07503249435037455,0.2875376322910228,-3.0567197507764976,8.475976427014405
15,0.49999499999999997,0.07565596801046015,0.2823267817457684,-2.2208501791557467,8.57357301917909
16,0.533328,0.07662570895480518,0.28362616871365776,-2.8899640958912545,8.54177045759576
17,0.566661,0.0755890759997612,0.28996813042129693,-1.9006329132893953,8.599233116168326
18,0.5999939999999999,0.07661876492396975,0.28345429209586304,-2.4690894353987,8.505525419977358
19,0.633327,0.07639500596420258,0.2759846986790849,-2.935515395522384,8.37819580647201
20,0.6666599999999999,0.07446375722308307,0.2744062826701092,-0.4508880182403612,8.790485140644154
21,0.699993,0.07543892066531223,0.2753434827961052,-0.2885428924586091,8.845795697626288
22,0.7333259999999999,0.07428266064279025,0.28441289581578055,-1.5125142868633596,8.432815315896933
23,0.766659,0.07404949692005672,0.28322875601985004,-1.1794896945069775,8.535641333877521
24,0.7999919999999999,0.0746817760363678,0.28470852661657653,-1.5996950026122885,8.402402683317442
25,0.833325,0.07664681146540185,0.28358840443271977,-3.1974646750806173,8.183061551868832
26,0.8666579999999999,0.07416766124501649,0.28136510659016445,-1.1333262596308935,8.411517628446914
27,0.899991,0.07396363911641418,0.2846556650972106,-1.2976301188962487,8.261770582309428
28,0.9333239999999999,0.07427950677028868,0.2870682936352573,-1.046689360009664,8.380992601681605
29,0.966657,0.07603922227960491,0.2796253868315485,-0.5233046478489072,8.263989840891247
30,0.9999899999999999,0.07436312475258455,0.28402373848415385,-2.048490146845341,8.061430442132272
31,1.033323,0.0745303663190142,0.2787147462964607,-0.9760521672592861,8.199595938436087
32,1.066656,0.0741758286115052,0.27994615832360015,0.23936032908580188,8.231180654980621
33,1.0999889999999999,0.07371991159255332,0.2816281795644072,1.1523581835346495,8.465253504528109
34,1.133322,0.07421152724606096,0.2830718415260225,-1.4939012415970498,8.017111944300813
35,1.166655,0.07238923910325425,0.28361656672595614,-1.736708028839061,7.863740409829589
36,1.1999879999999998,0.07273086900732396,0.2771973854777316,-1.6334605877593327,7.714906948362677
37,1.233321,0.07349940887441445,0.2835851798027528,-3.174432231503201,7.708769327160782
38,1.266654,0.07308806816947332,0.28738723606360983,-1.6745505607451894,7.778724516014855
39,1.299987,0.07355139423368705,0.2861759339977002,-2.1295041618566537,7.745869120770163
40,1.3333199999999998,0.07261596627901207,0.2855481976923396,-2.179788620164947,7.591073388592568
41,1.366653,0.07360982268034551,0.28052681225226317,-2.607007874901844,7.485942718109981
42,1.399986,0.07301408679521361,0.2840885792126847,-1.681674468116818,7.608904352233078
43,1.433319,0.07370229909856608,0.2854939459258136,-0.8235309648820469,7.7903561743614596
44,1.4666519999999998,0.07388195920258811,0.2810409509082049,-1.1408105946284413,7.6306467203239805
45,1.499985,0.07332040549038961,0.28334203886719717,0.4165643585095301,7.695427669090106
46,1.533318,0.07226166648713613,0.2845349077851077,0.09041634125412772,7.51341504355562
47,1.566651,0.07498149091388481,0.27735315346545325,-1.2875032600924596,7.4951890450142535
48,1.5999839999999999,0.07417855050791641,0.27391041945408967,-1.1126840365593573,7.004294539077791
49,1.633317,0.07373835549923687,0.25360263143052075,-0.4210305447977189,6.902633129687296
50,1.66665,0.0734651351975283,0.25056090422128896,-1.0802297522366602,6.625061767407743
51,1.699983,0.0726678271715106,0.25411355741333186,-0.646484986799394,6.618636987642795
52,1.7333159999999999,0.07268727747051847,0.2422272757204318,1.9505727147144716,6.865968176881649
53,1.766649,0.07618100785484559,0.24751040956577122,0.309114996047225,6.595400170239621
54,1.799982,0.09879341776524275,0.23122816943336205,1.6213569918127098,6.7987820356458935
55,1.8333149999999998,0.12448021119317808,0.2246619807827603,-0.25824752942627394,6.77293876420382
56,1.8666479999999999,0.12600236809766438,0.22731808622818778,0.9763124749966341,6.84603541557063
57,1.899981,0.1337215903985827,0.22575252393908848,1.3855066208175593,6.812879404078821
58,1.933314,0.11586921348659468,0.22812562352659468,-2.439458642663485,6.369689008283672
59,1.9666469999999998,0.09420624265604208,0.2361719826627039,-1.3187563062153442,6.217074476778821
60,1.9999799999999999,0.07591260265682025,0.2315799682590398,1.6208488938296401,6.689949092233413
61,2.0333129999999997,0.07596515419096393,0.2232272392164929,1.1535818183690587,6.733306879332273
62,2.066646,0.0773793629523521,0.23163082157626,0.6190843253787897,6.30550724249105
63,2.099979,0.07781218891077016,0.264678599178657,0.2151656114995811,6.0857156861221
64,2.133312,0.07605963753680259,0.27258539179510544,3.2786853177774002,6.397582710953594
65,2.166645,0.07835308944249159,0.2827642250922376,0.7707813778148136,6.0270828031834105
66,2.1999779999999998,0.08101919040651578,0.27583849490202744,-0.6630925171599511,5.648611313070356
67,2.233311,0.08278238026665526,0.28228976584369986,-1.574567006211808,5.248008778791023
68,2.266644,0.08402076451954624,0.2784964628938632,-2.829385384097585,5.0156203945178
69,2.2999769999999997,0.0848109265772076,0.2773357932966999,-2.5714029255605504,4.8809591440351054
70,2.33331,0.0883061697728745,0.2820582743130221,-4.30122017189598,4.60642026734245
71,2.366643,0.08697785554382735,0.27000183910512116,-4.9993426344654415,4.512953692433009
72,2.3999759999999997,0.0861649592039679,0.2789620702099689,-6.871570380733145,4.052882809841776
73,2.433309,0.08608690041046764,0.285685020775717,-6.3651349084248885,4.024330379623047
74,2.466642,0.08847737322637175,0.2778935185263455,-6.512043924844074,3.9443849300793072
75,2.499975,0.08541157052534765,0.2829217501776281,-5.726168399548809,3.8364141074394746
76,2.533308,0.08778908290179284,0.2799328813021171,-7.474848475040878,3.7307771631684634
77,2.5666409999999997,0.08851471231201799,0.27968013859410656,-4.798350541259292,4.200109172397166
78,2.599974,0.08520957008320537,0.2813932056419076,-5.653783884566932,3.691636698207386
79,2.633307,0.08840414516048734,0.2788138320298088,-5.8468652796292355,3.8807121327208263
80,2.6666399999999997,0.08786058336976722,0.2752355405232064,-7.038874598290411,3.835051815423689
81,2.699973,0.08739078373639027,0.2821819176454876,-5.462131533931045,3.7792428315543383
82,2.733306,0.08868541974464553,0.28758545914074024,-5.311362796134342,3.8963205381070396
83,2.766639,0.08934113080149876,0.28317783493603466,-6.017596363022649,3.7120916023268093
84,2.799972,0.09021375698513094,0.2842821761902678,-4.131482708306391,3.8891033705755755
85,2.8333049999999997,0.08709364330822736,0.27638773549818274,-5.1737125696794894,3.6343453381470554
86,2.866638,0.08833435614462665,0.26533154687982463,-5.825009002321745,3.1764542952460473
87,2.899971,0.08256351484115305,0.2533090463528916,-1.9439400472670132,3.137134833885359
88,2.9333039999999997,0.08550842687525602,0.2656233122476835,-1.396919728388422,3.5759923982934767
89,2.966637,0.08091126488144086,0.2880946594217091,2.8634612424293606,3.5858295061489605
90,2.99997,0.08133107827611644,0.28879721910550493,6.757838632929706,4.498750573210544
91,3.0333029999999996,0.07925334076259946,0.2755788110086819,8.57426837814145,4.592123891538493
92,3.066636,0.07735829381170922,0.2786038383924777,10.505583241384585,5.0553847855778065
93,3.0999689999999998,0.08173302375293533,0.2914844771090328,10.709140258247013,5.214753364477368
94,3.133302,0.07703961711444338,0.27478692650474645,12.380886811099066,5.693017679640924
95,3.166635,0.07990719298902398,0.28148457676187794,13.575110808660275,5.976273028990095
96,3.1999679999999997,0.07951542862181825,0.28831834855947813,16.87100600781437,6.72913981014631
97,3.233301,0.07771122963326693,0.30059687378371597,16.270371830971627,7.108838282852572
98,3.266634,0.07489617341600656,0.29478463428961976,19.351314057775117,7.821775743720897
99,3.2999669999999997,0.07122214182223516,0.29192091610580945,21.12792191274054,8.390972181411586
100,3.3333,0.06943929393412476,0.29936829494900813,20.815338056313134,8.680144995884984
101,3.3666329999999998,0.06880634571195028,0.30403382070349444,22.67405905553343,9.264727641339125
102,3.399966,0.06797552449944722,0.3103552742576306,23.018113317978138,9.609738914123563
103,3.433299,0.07017236938350933,0.30747774621943536,22.92678683152998,10.258267551638436
104,3.4666319999999997,0.06893115646117996,0.3145113271892549,24.212980838392653,10.622185432669156
105,3.499965,0.06822289396270866,0.3007190984354405,25.093960230957915,11.180672780602963
106,3.533298,0.06994994395382254,0.31145324424290666,24.38595236619956,11.385985317907151
107,3.5666309999999997,0.06908297285838584,0.3023565926382086,23.70826870117306,11.46597469595406
108,3.599964,0.06946587017530187,0.30327894418211443,23.57792960908035,11.617394399590887
109,3.6332969999999998,0.0709669055357493,0.318966209995431,24.328268997678425,11.988284581768974
110,3.6666299999999996,0.06884835034947086,0.3179418372782282,23.46466102296392,12.242234128938149
111,3.699963,0.07021230613177548,0.3067444552707686,22.255966609951116,11.92664346259093
112,3.7332959999999997,0.06896031174867347,0.32165772483876676,23.26593236389268,12.030936398777762
113,3.766629,0.0663856297933232,0.31274260012069566,22.826470948360463,11.752440733697371
114,3.799962,0.06949568615761999,0.32207702648417114,23.48827068437569,11.990450251714602
115,3.8332949999999997,0.06682064247769035,0.3356575323392842,23.922165622942323,11.912083836047163
116,3.866628,0.06933749185077247,0.32299318039526775,24.358863068717916,12.234266434492335
117,3.899961,0.06719434594777988,0.34256675754640536,25.619850674214025,12.450550958653938
118,3.9332939999999996,0.06746623391607029,0.3192056665087283,25.881989488818803,12.488583177734837
119,3.966627,0.06582162199056185,0.3277072144443345,26.0570583786323,12.34805388644301
120,3.9999599999999997,0.06251662527660141,0.3219031528681765,26.395535478983636,12.256538865540126
121,4.033293,0.0637538561865643,0.30973605324562,26.65558410805583,12.391651876829382
122,4.066625999999999,0.06309895805009706,0.31257404100261416,27.51334323958199,12.443635913673164
123,4.099959,0.061057176199713556,0.3227027145169986,27.522202580687058,12.532474097816044
124,4.133292,0.059175300215332315,0.3057241469015395,28.384602724086484,12.833034713006898
125,4.166625,0.060161073735678736,0.32168362530800987,29.11599319046146,12.95129040347412
126,4.199958,0.07398707095242898,0.3245376270910194,30.262307199960105,13.74701498092509
127,4.2332909999999995,0.07196644196417978,0.32938024722887765,30.2964545896585,14.420409491099571
128,4.266624,0.06294676507096139,0.33294980095154614,30.619574983351587,14.344465051775577
129,4.299957,0.07106534549466523,0.32137062102606984,30.05056997317711,14.78322696324862
130,4.33329,0.06289934150071803,0.3292428299654769,30.765934295828007,14.746627279900315
131,4.366623,0.06491867695030755,0.33400237720080395,31.947441299398225,14.873747823019029
132,4.3999559999999995,0.06247901317073669,0.337803525638392,31.461261093497928,14.934482950098952
133,4.433288999999999,0.05670872147805745,0.3369733767217965,31.141416516107736,14.997804244361445
134,4.466622,0.05664734164990028,0.3369878741810042,31.655141090665797,15.040093794616304
135,4.499955,0.05713837603813562,0.32996343575809894,30.716138487514957,14.724268828500994
136,4.533288,0.05670845132232303,0.34250484806908654,30.631907241029232,14.583135716090126
137,4.566621,0.05652014490393481,0.3377798650992415,31.533177124040733,14.65011067214404
138,4.599953999999999,0.053842899660355534,0.3438734977698058,31.22305289898953,14.353804669609573
139,4.633287,0.05707924720126162,0.34864025121335707,30.559551773538857,14.523717008105363
140,4.66662,0.056025254595309104,0.346854870176596,30.64851838731849,14.116549774212674
141,4.699953,0.05474755298847872,0.3393368547403681,30.209532968485597,14.079206328001016
142,4.733286,0.056052943243584646,0.3360447433313556,29.902324489139325,13.526133115717004
143,4.7666189999999995,0.0557689631356595,0.3305009309353044,29.41489910776771,13.684426574698504
144,4.799951999999999,0.05568095219542888,0.33305000747411906,29.620427187524747,13.844172719779698
145,4.833285,0.05763833142205889,0.33567305518012625,28.61180847610436,13.69521378916441
146,4.866618,0.05718138720289779,0.33734537477484794,29.8466618272989,13.168804281844713
147,4.899951,0.05956809948761937,0.3451463638488199,28.333940282024578,13.27804052729229
148,4.933284,0.061351475547219314,0.3240218489411223,28.637635760852998,13.36094442280762
149,4.966616999999999,0.06318929901827787,0.27104847424354045,28.175798020182828,14.007976777346423
150,4.99995,0.06656434450277171,0.1690539082423517,25.30875128454902,12.71333744231896
151,5.033283,0.07177338988821579,0.14589514744000553,21.54323366045641,11.210732098407872
152,5.066616,0.07336787277717409,0.15478909738439245,14.604493776842622,8.835410039144259
153,5.099949,0.07497123386593665,0.1930122078636939,11.132660330349557,6.886282527597942
154,5.1332819999999995,0.08196001309485053,0.20391924827161134,-4.464896203852542,3.563496719791499
155,5.166615,0.08684539413250089,0.2096706421706519,-12.24451767167876,1.4890515378175302
156,5.199948,0.09310038666670314,0.2088127091782227,-17.211494230573848,-0.8155822266707742
157,5.233281,0.0918784209304749,0.24852014649960208,-20.744715773939213,-1.8494625764904857
158,5.266614,0.09368185552021883,0.24926670654079552,-23.592248395121,-3.2715093189552253
159,5.2999469999999995,0.09492850964197362,0.2586944193306967,-25.80023475985465,-3.6293853045143294
160,5.333279999999999,0.09878584069304082,0.25764736769997953,-27.484744104491565,-3.9915916255722723
161,5.366613,0.09913354453490703,0.25495741437345704,-26.785281861626384,-4.095754518061759
162,5.399946,0.09589349530257514,0.2468122569852973,-27.554997290260292,-4.686913805634968
163,5.433279,0.09621055915167961,0.26038406309541073,-27.684382508795306,-4.529789297338612
164,5.466612,0.09700215019988556,0.2525051049604573,-28.655812985023594,-4.825871201309699
165,5.499944999999999,0.09941486407773503,0.26697867187982804,-28.15876286727567,-4.418049763102866
166,5.533278,0.09748689833967406,0.2578219684650878,-28.531135461097282,-4.599624148896231
167,5.566611,0.09868376271179036,0.2591182756767537,-28.778744980056107,-4.275659346880217
168,5.599944,0.10081312938900454,0.25602103414448724,-29.303251164166234,-4.770512844846366
169,5.633277,0.0983742566593004,0.25813701315595217,-29.290787911749604,-4.90767199065955
170,5.6666099999999995,0.10174211327131857,0.2543405312154622,-29.7268426310578,-5.359512901033389
171,5.699942999999999,0.100476586988434,0.263904570282623,-30.1895204904924,-5.649477885117692
172,5.733276,0.10002522765577554,0.2651755194104166,-30.93661813593372,-5.957129270423395
173,5.766609,0.10164695881456952,0.2598123929101433,-31.048372760778346,-6.257486712087738
174,5.799942,0.10272354176590089,0.26769681818162827,-30.763550572025775,-6.354327999367462
175,5.8332749999999995,0.10216946283732915,0.2684136518121011,-30.722164677683818,-6.401859598230828
176,5.866607999999999,0.10885618096054162,0.25736040179655556,-31.013375625898306,-6.662082130560865
177,5.899941,0.10319172330871389,0.2691140426932134,-30.241151145625448,-7.068321781639188
178,5.933274,0.10889696688407353,0.2648135657725269,-30.96370132365037,-7.263367172231665
179,5.966607,0.10622691228180638,0.2682963190717097,-31.011564476340435,-7.469885825360032
180,5.99994,0.1034164044305438,0.2800130742027402,-31.500175799988163,-8.017006360802053
181,6.033272999999999,0.1050350638532258,0.28084662789105785,-32.35615175482647,-8.336566576895244
182,6.066605999999999,0.10326309386244345,0.28081830132289193,-32.065320067242816,-8.696884417155962
183,6.099939,0.104992490336929,0.27858897464605437,-31.847064470568974,-8.786314179496447
184,6.133272,0.11142459725727663,0.27646280038957716,-33.06149191914331,-9.330119713763159
185,6.166605,0.10903715826050518,0.2784572225231437,-33.682010209819325,-9.935246315929593
186,6.1999379999999995,0.1140689314993154,0.27158528036584173,-33.70607391926518,-10.277365464769737
187,6.233270999999999,0.1127212201927183,0.2552383773405821,-34.05150999358202,-10.673582776495152
188,6.266604,0.11486024847400886,0.25438934679336406,-33.82365294424314,-11.10910225178795
189,6.299937,0.1149402747847628,0.27108233127519343,-33.56672644476046,-12.30215391802053
190,6.33327,0.11378308668281271,0.25851021591928536,-34.13240690102602,-12.3587188199616
191,6.366603,0.10380544958111836,0.26611753785010744,-33.74780112225102,-13.373978982954002
192,6.399935999999999,0.09946675390360116,0.26499195036789186,-32.58505636770494,-13.9647031041671
193,6.433268999999999,0.10056974968540583,0.2587214332643365,-31.610781937137837,-14.097829403357846
194,6.466602,0.1038706617909253,0.2747396958034768,-30.80237871518941,-14.108090111463222
195,6.499935,0.10273097137139982,0.2579587362553698,-30.381726310584096,-14.291708694662663
196,6.533268,0.10111852494077338,0.24829571708054643,-30.924482349176557,-14.182175315729399
197,6.5666009999999995,0.10003458600197851,0.23604607233042008,-29.875353524749656,-13.659293532104686
198,6.599933999999999,0.12949544236850766,0.1199473040950283,-25.810976252294697,-11.817130419121888
199,6.633267,0.12276738351413531,0.0836695594356414,-16.384123672207938,-9.402605991628272
200,6.6666,0.09810826147322609,0.06324004287188192,-3.8344791637302875,-5.28046395123332
201,6.699933,0.09791837061825392,0.060498848454584364,7.131687328336136,-1.8411061145874552
202,6.7332659999999995,0.1004393538687874,0.060377738649487214,18.492701012397347,1.274417614121534
203,6.766598999999999,0.10047492366146805,0.07355030120192192,23.56456876624602,2.9606536109475363
204,6.799932,0.08420384124919285,0.07255543232975697,26.2361013774852,4.682640658930554
205,6.833265,0.0785741232851261,0.07830941162340041,28.13753729428854,5.525973064064831
206,6.866598,0.05501476395961371,0.09954417450097815,29.901223111429175,6.358173125858746
207,6.899931,0.05439677409338109,0.09380559470752525,30.96374256319697,7.3329911482698025
208,6.933263999999999,0.054207497708902395,0.09265992664256334,31.51619449162197,8.051483160972163
209,6.966596999999999,0.06782789345980553,0.08687210399234971,32.117185863087485,8.54660611557835
210,6.99993,0.07877022178357126,0.0920174452829102,33.47755420845946,9.451846083494454
211,7.033263,0.06876280894113476,0.1377032694055843,35.046128468779436,9.454386699352103
212,7.066596,0.06095205694004382,0.17384407660404244,36.20109639605385,9.495074828445476
213,7.0999289999999995,0.0449907407569393,0.1831655258794101,36.0786385075198,10.282510770936712
214,7.133261999999999,0.04278323660684788,0.1757614031607595,35.27529737461008,9.53753689124972
215,7.166595,0.04011262293803327,0.11725082017144621,35.613095307948676,9.379023544214947
216,7.199928,0.04456157534478548,0.06662730111588733,34.96614090660306,9.007623182890141
217,7.233261,0.04822113757780367,0.04775646135170539,31.40313454142424,8.04608267929703
218,7.2665939999999996,0.04970150877628661,0.0785077670881695,31.494998840067396,7.559540524601958
219,7.299926999999999,0.0515344634174399,0.135550291451776,30.366207786983903,7.101289411791969
220,7.333259999999999,0.053571672831777835,0.20398763463951514,27.902868727973956,6.11667063479094
221,7.366593,0.05868323795560798,0.21562307658535468,26.54689645131293,5.38835125578856
222,7.399926,0.05752303433301103,0.21554228263622882,25.819383781485328,4.520536419656072
223,7.433259,0.06127437699689005,0.23044694404455593,25.73783387796396,3.825679611609333
224,7.4665919999999995,0.10758362263265824,0.23283817919144728,24.636825310907064,3.4138570317850894
225,7.499924999999999,0.15101103763311968,0.2377644303671372,22.92389750014805,2.928717638627462
226,7.533258,0.1576506173796367,0.2376187249340282,20.77035985019615,2.380989188824622
227,7.566591,0.16865895635827793,0.24050794932413352,20.382463404990233,2.312747095371919
228,7.599924,0.1501625151204847,0.20791860765511466,18.37330254874946,1.8743818974265307
229,7.6332569999999995,0.15333001438287083,0.17399155758551543,13.168331722752988,1.3838105413343582
230,7.666589999999999,0.14451943185660146,0.20010708840742963,4.7133781300684054,0.4648366482693154
231,7.699922999999999,0.13759435456858474,0.17987548488917143,-5.55474843284254,-0.7925527354839021
232,7.733256,0.1467504979862863,0.13711035722336828,-6.806321351995558,-1.1117206647407436
233,7.766589,0.13584005101420846,0.1265291342335059,-10.652983229100304,-2.1589534479746444
234,7.799922,0.14437677707478397,0.13933806357777775,-17.262973419341485,-3.847530657069533
235,7.833254999999999,0.14819194924063825,0.17192431813494694,-22.143379096758867,-5.603348442328295
236,7.866587999999999,0.14938680799174592,0.17205159079614185,-24.49551902483266,-6.581330969838084
237,7.899921,0.14028737621740678,0.16778124531042526,-25.403967916717473,-7.098475712985205
238,7.933254,0.12367416017337189,0.15415891527752704,-27.58250446658762,-7.7060379191707105
239,7.966587,0.11609332523930387,0.16008109194197592,-27.63943380157195,-7.773513204452371
240,7.9999199999999995,0.11657609900046029,0.16584259515308764,-27.117863427571272,-7.430946991943459
241,8.033253,0.11170491787152467,0.15817796044513469,-27.61762377544537,-7.867874854086424
242,8.066586,0.11148844791551907,0.15469929270534674,-26.582671177582423,-7.860438576498306
243,8.099919,0.10212663291991007,0.15594073560975125,-27.075280277675727,-8.18954654127314
244,8.133251999999999,0.10352052381166638,0.16282201276971875,-27.175952627135473,-8.09439991830841
245,8.166585,0.10131279518835687,0.16093651193676073,-27.34441044806771,-8.308543322832442
246,8.199918,0.10469517993678887,0.16290850788315486,-27.705945397585218,-8.304958914906969
247,8.233251,0.10912403446343967,0.15307580605478022,-27.32667431066851,-8.40814524647398
248,8.266584,0.09905641724161171,0.1501534413078383,-27.242134083334488,-8.62865377267565
249,8.299916999999999,0.10365735656263317,0.1267294475995957,-27.980319572240944,-8.943937698254125
250,8.33325,0.09722892473857436,0.09423387900375334,-25.713808765707505,-9.069279153733007
251,8.366583,0.09357518985371052,0.05663636897613501,-18.978109060115003,-8.055703004644636
252,8.399916,0.09719517461358433,0.05661385688649505,-13.277385114750848,-5.915985381485747
253,8.433249,0.07967091073141762,0.058751583336213525,-3.3508609238442624,-3.562368635176023
254,8.466581999999999,0.0838329285108802,0.04988549737466458,6.723594327326658,-0.8646746351282437
255,8.499915,0.07117494047197494,0.04568934334899445,16.274576209331716,1.602972403172475
256,8.533248,0.12200788949286655,0.047890222160387186,22.213189556493333,2.7112429756487932
257,8.566581,0.16981463533794064,0.05809931718503768,26.374973477186355,3.6522923360361608
258,8.599914,0.1733301779672434,0.05407012852830098,27.78302303469151,4.1725844047202525
259,8.633246999999999,0.14902885364069307,0.05063078205595731,28.106991624497624,4.942338387137573
260,8.66658,0.1262442035713045,0.05496986161805065,26.859705397592155,5.583381391674555
261,8.699912999999999,0.11738748737653738,0.05388322974651892,28.17313735734595,6.042937937297908
262,8.733246,0.1217788607319282,0.06399206191946538,30.145189507285163,6.791836609404418
263,8.766579,0.11598331807878368,0.05933992040162922,30.88006039370625,7.223052478515068
264,8.799911999999999,0.10555777077766809,0.06613065363917615,31.975224262525533,7.558936631993336
265,8.833245,0.0675726336601449,0.078566407601606,33.074550450652204,7.670498023075282
266,8.866577999999999,0.04563239669486651,0.08663556163609605,33.3265551425373,8.420027865592234
267,8.899911,0.04421131386316096,0.09332977384463925,33.40060197902854,9.0651162520767
268,8.933244,0.04277522236952043,0.11275788421576594,34.64400248461466,9.487840590292791
269,8.966577,0.045585006623753706,0.1480310370101474,35.693966079338686,9.837311053254453
270,8.99991,0.04230925323293769,0.12348289194748707,36.229009110988116,10.246395132326455
271,9.033242999999999,0.04256528202402131,0.1518797281273992,36.77004077055144,10.005526533553843
272,9.066576,0.05374357084900967,0.2089233422618942,39.525604284832184,10.012318772482118
273,9.099909,0.10025969068219791,0.16492527103818955,39.66496725581819,10.19050946739973
274,9.133242,0.123333510865528,0.12320527206743115,40.701890832398654,10.438862310681015
275,9.166575,0.19578133056611643,0.08981009850160648,44.103294320833456,9.657813225131878
276,9.199907999999999,0.18418733428665682,0.0795405124124398,44.90228087134926,9.48056419557696
277,9.233241,0.02831783517146552,0.12398545394882367,47.42400273314824,10.121023450097107
278,9.266574,0.03137871224220918,0.17600333438436444,48.492767009813846,10.199630874095021
279,9.299907,0.060480727167748397,0.18373327957053298,49.8810256894299,10.357190367457784
280,9.33324,0.11700488453713717,0.2805303060470108,52.3078965446806,11.873981551626725
281,9.366572999999999,0.11766989427509797,0.24453822499061992,53.19294737590182,11.14587668657453
282,9.399906,0.08459623179379125,0.3377106457119668,55.04007571136477,11.32400522975348
283,9.433239,0.055277285131639924,0.35814209210612225,54.431287139991994,12.1292220095364
284,9.466572,0.06756145161813688,0.48128289572893146,67.1074237100291,171.78458245826516
285,9.499905,0.06294505366605617,0.6205795855970766,67.61224699373895,170.4971568507776
286,9.533237999999999,0.04324055686634408,0.5146774352727115,68.43977679238381,169.18610967860118
287,9.566571,0.05705259806537712,0.6397028104699047,68.87586088606936,167.51423136954358
288,9.599903999999999,0.06360348803863951,0.4826151968749711,68.84564738892871,168.86511502146044
289,9.633237,0.05840053135086609,0.595639475279198,69.73544554507144,166.94075700366585
290,9.66657,0.03647631241757998,0.3401644924271534,68.12164407377409,169.67763455494213
291,9.699902999999999,0.02930293723081933,0.4592159899490855,70.64997492575594,166.72870447691238
292,9.733236,0.039734255327249404,0.4449329673146577,69.25133426897321,167.56884266422534
293,9.766568999999999,0.050719406392071356,0.5078598380634455,58.55622431610626,8.706000753175955
294,9.799902,0.04528216021044516,0.4294470197257836,57.04019743741881,9.25977167303113
295,9.833235,0.05065141300914726,0.3509247350941672,67.12572660029876,168.5074220502731
296,9.866568,0.034230873106756245,0.413147982190597,53.14099398449226,11.134464818331265
297,9.899901,0.028771767745429572,0.27482647391933346,59.889138334493595,173.00916555616868
298,9.933233999999999,0.02982485087937654,0.2430489017180327,47.53407200661614,7.090750316153154
299,9.966567,0.06091523351658316,0.1639372783661946,44.265523795179554,7.84599486229479
300,9.9999,0.053330425083425906,0.08547760069890573,39.09169413842116,6.968593393207359
301,10.033233,0.04868660950280183,0.07340373562566949,35.94300810824157,6.5064562091146465
302,10.066566,0.048181763257369316,0.06585048298974414,32.586111680386416,6.437305493591349
303,10.099898999999999,0.050049219727818964,0.061108749542542154,29.15542376901648,5.860216132286815
304,10.133232,0.08190185737342989,0.06157341510659883,25.428075501344715,6.296137386743369
305,10.166565,0.0764098522921569,0.11051595586042516,22.46505702625791,5.712601196981141
306,10.199898,0.09199421437632095,0.13573703286877775,20.350196645217054,5.522540423036431
307,10.233231,0.08744080466821491,0.16730000788760727,16.89710392429912,5.012457349263327
308,10.266563999999999,0.07644549024408813,0.14780132390963036,12.815354732840891,4.9419499994861384
309,10.299897,0.08322277343225058,0.13398532796706306,10.434060050213445,4.453273436932903
310,10.33323,0.08229769267306299,0.04478456477218669,7.419229244977656,4.151651482450718
311,10.366563,0.07542197811851616,0.04042894207963252,6.289570966993,4.618498030919303
312,10.399896,0.07488696414011742,0.08527214708667297,4.899831066626104,4.614991431547362
313,10.433228999999999,0.07626121236870596,0.12197383990205102,5.85083100324349,5.300261619979965
314,10.466562,0.08130225112552027,0.15728662527181383,5.1353518548831545,5.489254657062415
315,10.499894999999999,0.07770809215159714,0.20258018193273447,2.664520374708836,5.249364488901124
316,10.533228,0.07690440503487064,0.21090702778055515,1.398190768118133,5.12979265003709
317,10.566561,0.07675107601882401,0.21315474508158444,1.0359665665556599,5.168866100949794
318,10.599893999999999,0.07944973353219197,0.21378295480856954,1.015776178463963,5.631038190196685
319,10.633227,0.07788596798951267,0.2265813004665626,2.112196001024529,5.823525733895666
320,10.666559999999999,0.07964936730759384,0.23692698550641805,0.328630285329747,5.785865570201765
321,10.699893,0.07767527481473137,0.24486787304466245,-1.683679086295669,5.554455886714481
322,10.733226,0.07418089931998621,0.23696561833676497,1.1964641700446679,6.394782990746566
323,10.766558999999999,0.0729244438707999,0.2350539109307428,3.1147114725451015,6.798719859916158
324,10.799892,0.07271532302524618,0.24053622214187576,6.216461158252669,7.247064165902324
325,10.833224999999999,0.14395558314747903,0.23781620161328096,7.380354469126315,7.472833081952005
326,10.866558,0.15978385672225856,0.23295453088803353,-0.6775514600416824,6.52181075544728
327,10.899891,0.1433012766406163,0.23386853353714823,-0.2688974296444881,6.752157090037706
328,10.933224,0.1269640902665237,0.2331174495145205,1.6429274026753558,6.97481304110216
329,10.966557,0.08574681430280408,0.22557704747103935,7.906254666504304,7.434666901517859
330,10.999889999999999,0.07365007966095892,0.21308602389198747,6.025887036097283,7.3365287919856295
331,11.033223,0.07584185736678299,0.18919906556318372,8.077900224886335,7.420492450543972
332,11.066556,0.08678533265237337,0.12297709110652613,-0.08505105140511286,6.288625728310363
333,11.099889,0.10765488395807694,0.07642877566560013,-5.593066819484246,5.3492160091744205
334,11.133222,0.11734148640522367,0.04629525921218515,-7.597334323101491,4.607612237359577
335,11.166554999999999,0.10790171395052905,0.04826008611073025,-9.222937490871528,4.100719066711403
336,11.199888,0.08762634187990445,0.0478592513240549,-12.212037577559752,3.3393249531560207
337,11.233220999999999,0.08852498251943472,0.052056430355525436,-13.12609457793879,2.673272555521072
338,11.266554,0.08885524242744613,0.04240422120910933,-15.66572416785381,1.7449139071874544
339,11.299887,0.09378027910619519,0.04752224588014058,-19.513536026139654,1.1221432179122166
340,11.333219999999999,0.09768150781357901,0.04422848049008371,-21.18286920118384,0.23521690393303732
341,11.366553,0.09577847200151995,0.04714432208650256,-22.68850598340732,-0.09390106246097304
342,11.399885999999999,0.09726416813098546,0.046989785917460974,-24.570672190267942,-0.4669082840078558
343,11.433219,0.09709781849771941,0.06323873178862338,-24.34528951496425,-1.2562750233205366
344,11.466552,0.10499234441595139,0.06191443210276433,-24.938816337235806,-1.2937137931061231
345,11.499884999999999,0.10584701108050429,0.08774224120263507,-25.847047318350114,-1.7038073568311896
346,11.533218,0.10809511684046091,0.08922665595342744,-26.51045873403327,-1.8069576264428697
347,11.566550999999999,0.11067321637953433,0.10623456037756529,-26.28257463094839,-2.0874822292759907
348,11.599884,0.108882116614582,0.10456349449814939,-27.019236114909038,-2.6968840952157307
349,11.633217,0.10321751719934268,0.1045318419578506,-26.55147329965636,-2.757644223501877
350,11.666549999999999,0.10768159114781206,0.10382558110838404,-27.87815901249583,-3.234451290503851
351,11.699883,0.10539682935087973,0.09693262361350305,-28.11711585709403,-3.2160949111988693
352,11.733215999999999,0.10653084055969979,0.10319390176623491,-28.306703338233387,-3.384716698154437
353,11.766549,0.10314941447451498,0.07589069540372123,-28.428356235222846,-3.2186219875187003
354,11.799882,0.10361915078408153,0.06089689839915895,-27.3445805168122,-2.8963771458892764
355,11.833215,0.10637209465767718,0.054932589847167285,-27.332215213149976,-2.747747816554018
356,11.866548,0.14286985824958082,0.05415074472372981,-27.48248493496452,-2.420219854308217
357,11.899880999999999,0.17322242156305817,0.05390581643606514,-27.55302098519149,-2.475660011967767
358,11.933214,0.1909575443300839,0.05520274400406032,-27.17069848379918,-2.338769967771138
359,11.966547,0.18760214073337544,0.06132469023199815,-28.273968350547744,-2.420594468391354
360,11.99988,0.190513859278098,0.06436738317538654,-27.528710774494012,-2.3369079669359523
361,12.033213,0.22163599712349807,0.06605991586277804,-28.348865943997545,-2.905838630020756
362,12.066545999999999,0.23317871088287526,0.06397528144180809,-28.124235220845197,-2.598069564630869
363,12.099879,0.2531452214601817,0.062179172710481886,-27.343849076621964,-2.4667466907229043
364,12.133211999999999,0.2643049641267132,0.0671955188799265,-28.105188175602088,-2.62009227093977
365,12.166545,0.2776774674100622,0.06541292834386452,-28.371885614167123,-2.5067346951549174
366,12.199878,0.30080964650911746,0.06831618212099609,-28.009912158777734,-2.285220715885215
367,12.233210999999999,0.3106028312960417,0.07002795925158348,-28.226683791905046,-2.341155451818898
368,12.266544,0.363526842496975,0.06837330498299983,-29.370786952302577,-1.8221378107819708
369,12.299876999999999,0.35400845454633645,0.06367593545520478,-28.96883449335404,-2.0773818799814525
370,12.33321,0.37900377923191947,0.06481681476996427,-29.26950247105369,-1.9002392074960548
371,12.366543,0.38629835895157055,0.06520333664548819,-28.59146164663432,-1.8575555146451612
372,12.399875999999999,0.39666923096913453,0.06816939380347062,-29.279691741580677,-2.073312521767873
373,12.433209,0.40928398275401223,0.0653853536071869,-30.040532801115116,-1.993116685426048
374,12.466541999999999,0.4158046562437244,0.07124016620732052,-29.7851096305952,-1.9375501324919708
375,12.499875,0.42074125985643257,0.07114481492518673,-29.482190429120152,-1.6979384382027274
376,12.533208,0.46067445625038655,0.07239058272181884,-31.48988569453126,-2.1502477770444077
377,12.566540999999999,0.4532052735846995,0.06858083314675528,-31.14928481196048,-2.049876697721578
378,12.599874,0.4734372396124663,0.0679330158811578,-33.042098601778875,-2.1637815718470743
379,12.633206999999999,0.5113911131059994,0.06965508379540558,-32.725939140964925,-1.8651640118517114
380,12.66654,0.5161729230975656,0.06810073058512695,-33.20736887230569,-2.237802816408748
381,12.699873,0.5278618541160607,0.08046450152468061,-33.12580751460775,-2.0772291477600473
382,12.733206,0.5500548335784651,0.07871465359874638,-34.406307603433596,-2.5152015644760586
383,12.766539,0.5538977788812426,0.08089119886536267,-34.48163318411889,-2.6967784685310403
384,12.799871999999999,0.5615068862581454,0.07513677591511102,-34.261535528447176,-2.4922193998759976
385,12.833205,0.5723435792499605,0.08066178886218761,-35.25256559970098,-2.6534893993938096
386,12.866537999999998,0.5280305203631124,0.08633464808338599,-34.859955254278624,-2.349754435249269
387,12.899871,0.5421195854723901,0.08993759313018902,-33.95253842988277,-1.6543658358270505
388,12.933204,0.5397338051741556,0.07969328789528056,-32.3919522999997,-0.4486098363203633
389,12.966536999999999,0.5195949844493226,0.08870126729594083,-30.782231937012636,0.19214377813471414
390,12.99987,0.48066823827623906,0.11683045415530255,-28.967159858791288,1.3869991243346584
391,13.033202999999999,0.4600771642647735,0.2047454048123174,26.710464126774607,6.334491622843111
392,13.066536,0.45214614982794554,0.21259468597222597,28.69624904086589,7.456008400854631
393,13.099869,0.422361404861608,0.2093192867735928,30.445155446266124,8.481895877266684
394,13.133201999999999,0.39790841084377054,0.20695284572250333,29.33836843766153,9.093414764480341
395,13.166535,0.40712211088568484,0.21593626330558646,31.647180552323928,10.24593467128292
396,13.199867999999999,0.37773478349663825,0.23067918590663972,33.222566020665795,11.670543885803124
397,13.233201,0.34372024082489,0.23181628724148295,33.13482030387113,12.693260710656352
398,13.266534,0.32350179327045464,0.22446965456112009,32.46382634895931,13.270378830045642
399,13.299866999999999,0.29410654501099875,0.22456225544944666,31.81945278192226,13.854444583593613
400,13.3332,0.2701796338333305,0.20660998481932674,30.801700622701443,14.29632254541259
401,13.366532999999999,0.22949384218918403,0.2034404574333841,30.731234718555815,14.88694448050647
402,13.399866,0.17275668740613034,0.20936563510652378,28.953364137702852,15.386420980095194
403,13.433199,0.15362362610080837,0.19836520140871577,29.668248045547088,15.94309967409124
404,13.466531999999999,0.13157548403059052,0.19233649890787236,28.424109068285226,16.26680495266845
405,13.499865,0.1146361140944211,0.16870068997461465,27.69955976745087,16.598632222670165
406,13.533197999999999,0.10784158749785124,0.1557946839821409,27.947502598915722,16.55116354873139
407,13.566531,0.09930003662938099,0.16365555025465078,27.94872282428738,16.978560568512965
408,13.599864,0.09290511149721684,0.16652618391423685,27.785146772976177,17.424058868270524
409,13.633197,0.09412375687334545,0.16325033482208373,27.72355619540113,17.77987228174764
410,13.66653,0.08906147358475759,0.16206700157635096,27.68569350601636,18.482767900117302
411,13.699862999999999,0.0876641344216159,0.15947852499000642,26.242892968941394,18.972174310975102
412,13.733196,0.06639405621400046,0.16219537967501407,27.253558982661016,19.396914564371087
413,13.766528999999998,0.05401148228250099,0.16872682136193157,24.20174402890924,19.74469716550446
414,13.799862,0.0514816723543295,0.18458851265839177,23.77333049654266,20.09793713283607
415,13.833195,0.05119750981479975,0.1751595076508211,23.603927643345656,20.45752525120321
416,13.866527999999999,0.053684953811988595,0.1725123240974049,23.79209317168918,20.57113102576701
417,13.899861,0.05186415776725021,0.16967210609101133,24.275244302077585,20.96078502762486
418,13.933193999999999,0.05033422769261511,0.17165165899315887,24.121593603748835,21.22610295038236
419,13.966527,0.047203402937545116,0.1763501349781153,25.383012722369447,21.584801405837446
420,13.99986,0.04776552352620177,0.17226320530359626,25.63875750091544,22.039845352967696
421,14.033192999999999,0.04591629549122992,0.17924722558133555,26.095453385980957,22.393684499864957
422,14.066526,0.047814175898341575,0.16986797315531205,26.068192788073254,23.117082082978254
423,14.099858999999999,0.045725708831139786,0.1614800673774363,26.432556397564714,23.163483939240592
424,14.133192,0.046793161245671455,0.16871881701974717,26.24631706376542,23.681820882551083
425,14.166525,0.04800255267164859,0.17218174178062406,25.147865021020685,23.94536526127991
426,14.199857999999999,0.050880593222402834,0.16846849009893466,24.788610457127138,24.191930995897433
427,14.233191,0.04757485833272657,0.17956669656851879,25.976312058202375,24.413154183460282
428,14.266523999999999,0.04767157345902728,0.17817562335196657,25.505845370201193,24.672163855457743
429,14.299857,0.05083385578533784,0.1749567474548166,25.51277943604175,24.38921528803744
430,14.33319,0.048233255511068246,0.15347809787325783,25.731538909516825,24.633773073974314
431,14.366522999999999,0.04860432492717586,0.17089641743985318,25.749189392653836,24.651011277081306
432,14.399856,0.054186736353370187,0.16858799428742494,24.958577227587952,24.681147595747458
433,14.433188999999999,0.04731847887469176,0.1567632440602466,24.660203109903353,25.11648600869823
434,14.466522,0.05337767743050707,0.16559568858745438,25.3152125308723,25.258909370561
435,14.499854999999998,0.0491534887899161,0.1752159880118784,26.17755990198596,25.626449715079428
436,14.533187999999999,0.04971599044819415,0.180992401713855,25.9368409698349,26.243288571728115
437,14.566521,0.05186785274799682,0.18047385674568694,25.7663115655601,26.84608404413927
438,14.599853999999999,0.049197548432652415,0.1780693729500868,25.90271828447462,26.994023731688475
439,14.633187,0.05279678818980488,0.16552680778008627,26.458292698550622,27.507843024672482
440,14.666519999999998,0.05143742293295228,0.17743834576060924,27.085747243046296,27.53868891314189
441,14.699853,0.05391641457131614,0.1783132025166203,26.90097605999838,28.26991465840195
442,14.733186,0.05062130281929094,0.17293865553591486,28.031257360866846,28.39083274775399
443,14.766518999999999,0.04647532631756594,0.18194801416722542,29.097405775783617,28.719230553287197
444,14.799852,0.04849082625753131,0.18654592433538697,29.668861806832343,28.715052718131478
445,14.833184999999999,0.0494238833429187,0.1645804470429515,30.26195157379057,28.565788228182786
446,14.866518,0.055774922090599886,0.16856426684798448,30.169343804561265,28.211522445742556
447,14.899851,0.08010983116274693,0.1683880943827593,30.80140614837381,27.838633706768906
448,14.933183999999999,0.1590846317795659,0.15822114071251767,32.565287653518475,27.84453690527402
449,14.966517,0.18638319165782138,0.17599973581301656,32.59264822570273,27.442208008942533
450,14.999849999999999,0.18049225233496854,0.15458736602897877,32.54945674342391,27.272345408153708
451,15.033183,0.19643537609009287,0.15534403652365714,32.85088103220813,26.559293377969553
452,15.066516,0.21165787762436009,0.1602020717137092,33.279110495034004,26.410247100872706
453,15.099848999999999,0.21302660748720012,0.1635533191220617,32.76005991154256,26.094142334376095
454,15.133182,0.22221212873768342,0.16815664834831645,33.17824956284243,25.993970171507794
455,15.166514999999999,0.23316389493461454,0.16989158919991437,33.30617734221625,25.939208662188804
456,15.199848,0.22914955621975833,0.16413380152327156,32.71146577572552,25.720969946116558
457,15.233181,0.19816977424138757,0.17154279106722095,32.5320598440225,25.618888320233307
458,15.266513999999999,0.18264233128645002,0.15681224495098997,32.06144879298811,26.087366188062767
459,15.299847,0.1733865628258215,0.15011583494812014,30.788401397976592,26.126552975542925
460,15.333179999999999,0.1568860431928515,0.145858819785062,30.171732674852507,26.15928134348907
461,15.366513,0.1521931687422593,0.13359969612370842,30.45207739187898,26.67272299837485
462,15.399845999999998,0.1485001428587222,0.13388398698780365,30.14338626692661,26.582576132678025
463,15.433178999999999,0.12709696886147312,0.14343216356612706,28.549990127556757,26.652885309266505
464,15.466512,0.12495486159255896,0.13840195837576796,28.514592235600876,27.004269143804
465,15.499844999999999,0.11205445528108864,0.13782072393853254,28.55568138789081,27.043665165875645
466,15.533178,0.08515931044203755,0.14092832475433453,27.09222962003915,27.273063500053325
467,15.566510999999998,0.08290614947270113,0.1510535857540582,27.068751019835236,27.362045210471415
468,15.599844,0.07635544193208636,0.13560208529331647,24.694129653311112,27.13566438325162
469,15.633177,0.06451553374458469,0.11848022860081076,23.11137931334498,27.031221259045072
470,15.666509999999999,0.061542633138853886,0.09142439473027372,22.442480367184174,26.457857575351273
471,15.699843,0.058877135748481475,0.10205956212752387,22.731983770514184,25.80468818075383
472,15.733175999999998,0.06093232299938869,0.11545120075478554,24.7917966774166,26.512186569371327
473,15.766509,0.06417628066182306,0.13902866502891612,25.773882231270306,27.016151491959214
474,15.799842,0.06220120663536234,0.1554671614707713,27.08946324717916,26.515357595241408
475,15.833174999999999,0.05960359446477077,0.17669469165842308,28.372820253547765,26.22645818434906
476,15.866508,0.058967576665904124,0.1922572742500645,28.925094934249554,25.954258034965882
477,15.899840999999999,0.06293560788248083,0.20251271270674134,29.037371873793234,25.923901737799152
478,15.933174,0.06224920159150854,0.19458594056036557,30.268840525179805,25.837063352784728
479,15.966507,0.06487626114628885,0.18490308064971192,30.136453878113162,25.030405329817373
480,15.999839999999999,0.06558317913822978,0.19310731424890198,32.139574507909344,24.570513537543455
481,16.033172999999998,0.1312091664482731,0.18354721928055773,29.726637928958407,24.824230651725475
482,16.066506,0.13060941279661498,0.177971720993953,29.596572159058354,24.74832928271086
483,16.099839,0.1349335234266206,0.1839251346136992,29.758849159976013,24.83412950998485
484,16.133172,0.11264459341867467,0.20725907008200728,30.024288521294878,24.862430328889577
485,16.166505,0.08993477488002961,0.20600648475684086,29.533233089131443,24.81568152803131
486,16.199838,0.07128789298519778,0.20860895151379363,29.631446981751,24.499149417037966
487,16.233171,0.06509159281914148,0.20932171062329813,28.954118772927536,23.942501371135194
488,16.266503999999998,0.06244390589195224,0.20537938699911246,28.185440784949968,23.908933896593016
489,16.299837,0.06519479445238674,0.19931710367464314,28.52492112862565,23.53450149976658
490,16.33317,0.07035987236399541,0.20649952355749368,28.725501600435848,23.226541264107574
491,16.366502999999998,0.07608774380570775,0.2152220934434424,28.710796152049724,23.13544414248109
492,16.399836,0.06658978331596249,0.20626208778392563,29.876186666741535,22.927311293004514
493,16.433169,0.07301019088833817,0.21087989499924154,29.062916201033595,22.771761835985924
494,16.466502,0.06741349193008446,0.22225589954430416,28.872878822674988,22.33706242585168
495,16.499835,0.07154831014717002,0.2167693807074871,29.487826604497464,22.08155126911252
496,16.533168,0.0618962513919116,0.21040850205304867,29.070892941676572,21.43904562170835
497,16.566501,0.061418407627077364,0.2232778261907332,29.861471513519078,20.543310930435215
498,16.599833999999998,0.05525212332355105,0.22335302349878955,28.415738499876618,19.704774154611272
499,16.633167,0.05617029933686213,0.23676534539164273,29.566219044627353,19.82245660282847
500,16.6665,0.052798749932198075,0.23595422524584886,28.956907150528334,19.00329199364816
501,16.699832999999998,0.05225108714220001,0.25361325295864773,29.95122611130771,18.816333499259652
502,16.733166,0.053703939505349546,0.23797663317994022,28.750415926548527,18.13977904215945
503,16.766499,0.05156589642057658,0.24492738018067328,29.024583532900742,17.810336460780608
504,16.799832,0.05303397009298905,0.23154677439365806,27.533597478716995,17.49589876622086
505,16.833164999999997,0.05587595633957394,0.13755262859535083,25.786566523527302,17.53301784608948
506,16.866498,0.05940957414523305,0.0962263135734571,24.06473181469458,16.393740769425616
507,16.899831,0.05978347735406214,0.09274504707611528,19.931733890068806,15.01064615291159
508,16.933163999999998,0.06723173124935017,0.10951989792055392,13.988095742562848,13.113930845314508
509,16.966497,0.07244925984704721,0.11316400755702359,7.446017261675221,11.53149368194357
510,16.99983,0.07932125877392958,0.12338999033839484,-8.266669879925361,-169.87963357558058
511,17.033163,0.08174519270952883,0.10415406234024205,-13.478935719302942,-170.87040638006445
512,17.066496,0.08634618562957441,0.11642914365423246,-15.094145358063793,6.791307752946502
513,17.099829,0.0923205683298741,0.13675526453542453,-21.071653864104604,5.462688607918168
514,17.133162,0.08748136800018784,0.14728174734970068,-24.18509491903233,4.6188252791834605
515,17.166494999999998,0.08845353611207718,0.1526868573396669,-26.93949453761257,4.185766681262268
516,17.199828,0.09140747450647396,0.15304366290119073,-28.182079093223795,4.166908368696753
517,17.233161,0.09290539426066052,0.14996457152296128,-28.776999876430235,4.160595522920407
518,17.266493999999998,0.09183056083235792,0.1571456167488991,-29.46473514046691,3.997727649147061
519,17.299827,0.09466726158384904,0.15297728315299441,-28.832512111893845,4.160098767209455
520,17.33316,0.09650748737645862,0.15568439053284222,-29.164946070841165,3.978762449743639
521,17.366493,0.09386410977535274,0.1531236849314479,-28.903953734652823,3.6684434905543384
522,17.399825999999997,0.09471734867995855,0.145759014429774,-28.69724091788241,3.5614720496899492
523,17.433159,0.09531324173696035,0.15085898175949441,-29.318737412680292,3.529971940628834
524,17.466492,0.09649298524524372,0.15103885641260983,-29.04873833262451,3.295540993732841
525,17.499824999999998,0.09541970560474813,0.1521522379374357,-29.287813795395895,2.832851595402332
526,17.533158,0.09467119284099423,0.14466071276386128,-28.14022509272767,2.6811707293621265
527,17.566491,0.09802485777663855,0.1490736265766237,-29.07855410600396,2.028162028177822
528,17.599823999999998,0.11124276385979448,0.15127674213900333,-28.997658509843898,1.8483089452960864
529,17.633157,0.16267659924004174,0.16336306251940974,-29.730000287601722,1.2135341800257566
530,17.66649,0.16604963801862116,0.15107445974702371,-30.097572675115646,0.6356976669184868
531,17.699823,0.1623431263825338,0.16633750634141514,-29.376817111499484,-0.04781525321720105
532,17.733155999999997,0.1697572392176373,0.16020349548417034,-29.432057607702852,-0.8275803593732737
533,17.766489,0.15921822066104185,0.1755176220593667,-29.451760392749886,-1.5808142624440051
534,17.799822,0.16383705183857908,0.18289084678916093,-28.739633034857505,-1.9042906145939613
535,17.833154999999998,0.15579002236387932,0.18342059337694006,-29.146587625081768,-2.7460807163388345
536,17.866488,0.1508759064264506,0.18744565834882665,-28.442613339095228,-3.0812035297435534
537,17.899821,0.1393592186773672,0.18738750166692208,-28.064288538439552,-3.7880351783423043
538,17.933154,0.15184328486514906,0.20305385430629136,-28.57462759195841,-4.411420520194591
539,17.966487,0.15372923470687497,0.18404383361541127,-27.03288513671016,-4.702956867464062
540,17.99982,0.15056190311805537,0.19005919342632133,-27.87495724146333,-5.297255962192794
541,18.033153,0.16092750591781524,0.18976987344717167,-27.97246989219673,-5.692895601289186
542,18.066485999999998,0.14401473300943193,0.18431432208645052,-27.75872545380271,-6.096153176857461
543,18.099819,0.15317738485306764,0.17667377150416885,-27.521569115165356,-6.041667009940086
544,18.133152,0.13721649700829464,0.17688956149968715,-28.008993622473312,-6.417190013821737
545,18.166484999999998,0.09476180422711168,0.1788367451027195,-26.856162971779312,-6.464373564894737
546,18.199818,0.09375670425852577,0.16376074259739215,-26.283572675364926,-6.601696951994645
547,18.233151,0.0929185143549067,0.14071254520080895,-26.460884253601346,-7.029698693814515
548,18.266484,0.09454304487115474,0.14234157789649057,-25.84627791924801,-6.892289630714257
549,18.299816999999997,0.09500823535945983,0.13412120781979886,-24.997543961263244,-6.790818763316278
550,18.33315,0.09542506017158119,0.13269783421964662,-25.69461665356639,-7.185546858434739
551,18.366483,0.09408717906607589,0.11281801109510617,-25.026975347573632,-7.308605011395619
552,18.399815999999998,0.09518721174219265,0.11965379522880823,-25.05246200194012,-7.300519969146333
553,18.433149,0.09377227283990713,0.12663067682109028,-25.386967094830297,-7.1575299051276104
554,18.466482,0.0954032300165508,0.12517630863849277,-24.822788148244975,-7.280076768094899
555,18.499814999999998,0.09305799530499567,0.12213812053508259,-25.113028709516232,-7.310657378095296
556,18.533148,0.0953979076735179,0.1170221085462938,-25.201302968560107,-6.869933693348787
557,18.566481,0.09565489380808172,0.11031657963653527,-24.48531554995348,-6.9076101297415935
558,18.599814,0.09408221402949454,0.11962461125040497,-25.48089292022674,-6.611424111825704
559,18.633146999999997,0.0956244192585676,0.10617139964525875,-25.31612929456558,-6.337319002796247
560,18.66648,0.09268142409167326,0.12028191417216018,-25.131726557125514,-6.0240260929022815
561,18.699813,0.09333389239851517,0.1082389590646845,-24.003887782004323,-5.605442940196024
562,18.733145999999998,0.08602096261676817,0.09782676072287572,-21.25599916563353,-5.059678678024367
563,18.766479,0.08721297714942702,0.09975614004119925,-18.97230052080361,-3.7592070728226092
564,18.799812,0.08252208960512458,0.07437544803437669,-15.89699346546857,-2.6712962000946163
565,18.833145,0.07943729743995459,0.07169112846165498,-14.362341796322754,-1.7317231073356176
566,18.866478,0.07884386764972637,0.09683753774197296,-14.541147378736783,-1.0395610417507066
567,18.899811,0.07887815475029078,0.11243897240973964,-14.978478859664113,-0.32221886694037366
568,18.933144,0.07765369931729561,0.13004219320239796,-15.418185281782149,-0.05988009357263265
569,18.966476999999998,0.0752542235336819,0.15025398736460643,-14.600832176103104,-0.13003275182145116
570,18.99981,0.07612346737991435,0.1335969311975858,-16.148002864208593,-0.34476748623205467
571,19.033143,0.08131017928807022,0.11560162387540698,-15.398738637945222,-0.5446963991038123
572,19.066475999999998,0.08185099095659525,0.10943831451461741,-16.24420896113976,-0.9885687227996645
573,19.099809,0.08768967576920435,0.11422785817893508,-18.068902796543274,-1.7358467827144632
574,19.133142,0.08861238311351281,0.1269764758148441,-21.273976668022158,-2.2044596162332493
575,19.166475,0.08703927299181656,0.14958581365703513,-22.610941412998997,-3.087025761581855
576,19.199807999999997,0.08933050491509122,0.14302763470622748,-23.549846920913385,-3.6886743433582345
577,19.233141,0.0918750803954608,0.1563997289168924,-24.522276583310145,-3.7327242260717926
578,19.266474,0.09052574815313492,0.14442300406847774,-25.049123034850982,-4.2346530073127955
579,19.299806999999998,0.0940374610358885,0.14905102839845488,-25.89777789896079,-4.557607534158634
580,19.33314,0.09525715002490741,0.1517589616985498,-25.972753757889315,-5.012379619121739
581,19.366473,0.09464888427466349,0.15346028917463414,-26.20969745878734,-5.312961492702365
582,19.399805999999998,0.09493314120624317,0.14439234940095313,-26.669296546954882,-5.373645715584045
583,19.433139,0.09252504006284826,0.14017684761428545,-27.080519714213573,-5.629435661429546
584,19.466472,0.09480011427571997,0.15910923320463916,-26.418524283236763,-5.839762552024351
585,19.499805,0.09265019344951926,0.18183031863157234,-26.78534087271945,-5.947280275792443
586,19.533137999999997,0.09201490134923197,0.16953765503015578,-27.230076094313212,-6.122031905444638
587,19.566471,0.09514460276518605,0.1697959058666988,-27.94927643439904,-6.547352655844241
588,19.599804,0.09346252001972111,0.16097431616880364,-27.88460078797382,-6.80636916922515
589,19.633136999999998,0.09279700195992173,0.15912606882356634,-28.038453680446505,-7.287888629941488
590,19.66647,0.09336565338975186,0.14645777461884377,-27.16694519222531,-7.324643466879757
591,19.699803,0.09449971228321613,0.15464106907310615,-27.38300205204961,-7.295640325222609
592,19.733136,0.09508434087210452,0.14490931273417124,-27.668055071443735,-7.549240828363914
593,19.766469,0.09449271380138183,0.14349113982813022,-27.605048771236525,-7.666126167258227
594,19.799802,0.09459850393872365,0.1445707656238146,-27.643668736273423,-7.761804167758218
595,19.833135,0.09554851380185946,0.1412424662157321,-27.423805528834848,-7.627139424309383
596,19.866467999999998,0.094096263438283,0.15135045629705685,-27.494670803179325,-7.720585736313524
597,19.899801,0.09631397119533368,0.14373535612667104,-26.822099675001997,-7.7446683875388125
598,19.933134,0.09564235278057485,0.15179802384875946,-27.436022553049515,-8.02581374577745
599,19.966466999999998,0.09493269633333531,0.15189181559627607,-27.32453028666804,-7.958453825514328
600,19.9998,0.09549798557559024,0.1598460868079069,-27.56329203495349,-7.971466541614156
601,20.033133,0.09719412297743525,0.15130240775111914,-26.886165174983763,-7.903970226624096
602,20.066466,0.09481469937677019,0.16882966649720105,-27.264585825799532,-8.037077630474153
603,20.099798999999997,0.0956231262766794,0.16485964193129143,-26.698402109228304,-7.869972023335788
604,20.133132,0.09472544714894356,0.16419430277779706,-27.30475618742235,-7.750539734668991
605,20.166465,0.09268018678368536,0.14752613803430129,-26.970956958296245,-7.630643521028784
606,20.199797999999998,0.09109639469748151,0.09003717160155969,-25.79052286938996,-7.6628229154208185
607,20.233131,0.0917832527679842,0.10110819135825798,-24.318647219770348,-7.324774102929179
608,20.266464,0.08284142608227688,0.08823032203769873,-22.889205062676094,-7.245159492722473
609,20.299796999999998,0.08689923864611161,0.09039530896325292,-21.6913927382354,-6.449030336619953
610,20.33313,0.08086753359373047,0.08004896856360132,-17.890625823886147,-5.252216274564683
611,20.366463,0.07836653907490397,0.11636969731804596,-13.250336745021217,-4.085027845353636
612,20.399796,0.07669213530936059,0.14408040430744934,-10.196747703943801,-3.184158276233225
613,20.433128999999997,0.0763175800822422,0.16403878669514865,-4.698007846001788,-1.2748238031094068
614,20.466462,0.13727511680959012,0.1641453066264313,4.158213304342725,0.45805244222408925
615,20.499795,0.16252115677016968,0.15627981583047484,7.535573713031937,1.020925308031296
616,20.533127999999998,0.15321160428019293,0.15776348122946182,10.358816413893988,1.5769021282360944
617,20.566461,0.13690713390655634,0.15096369203684268,17.091738975501293,2.964892189488554
618,20.599794,0.12881580934446374,0.06283654203242092,15.791713372356394,3.2419503707116912
619,20.633126999999998,0.12580772830318507,0.05272505624961747,17.517038995592262,4.420701652464456
620,20.66646,0.11139378528968553,0.046985874332021074,20.54922331582005,5.489824303671607
621,20.699793,0.10956894264843989,0.04918948884136527,23.1964835138228,6.596378727926391
622,20.733126,0.11302034788053196,0.04907531993471434,25.665514609466832,7.080117972071273
623,20.766458999999998,0.10839700080177554,0.0521385677055803,28.45660923777591,7.757151064419016
624,20.799792,0.11501997699019412,0.05092828103641492,30.231268632379017,7.820713701491291
625,20.833125,0.1141515537631751,0.057097309937796874,31.989842648426045,8.336522623400466
626,20.866457999999998,0.12886370027299895,0.09528677807375521,33.534288291409645,8.497239241734649
627,20.899791,0.13598037427982232,0.14300357033027797,33.55414583573019,8.35561571842895
628,20.933124,0.12829575092205814,0.14312013612251523,32.05856655558604,8.12781781946347
629,20.966457,0.11734097906160482,0.13736874345209577,30.48550390333729,7.961865162074144
630,20.999789999999997,0.10496835075677771,0.11209244171544067,28.81310141367631,7.58088121596292
631,21.033123,0.08930679510789266,0.11048416570580764,27.352847532944566,7.516803456738932
632,21.066456,0.06083795899683434,0.07701077292082356,24.599010069549404,7.015465722715561
633,21.099788999999998,0.061752645382481985,0.04779542829682609,22.11852209579169,7.013980418092048
634,21.133122,0.06206588517499708,0.03943451418727737,19.862272340403305,6.878876802087735
635,21.166455,0.0679400623494181,0.06479293120227266,19.312697803646458,7.4127691014829855
636,21.199787999999998,0.07284940407117463,0.07973306468387309,19.223243180008797,7.774900738055256
637,21.233121,0.06754493863564606,0.09796359701921939,18.15961126448851,8.05220480289205
638,21.266454,0.06940218879186592,0.08319084426174805,15.868870534336898,8.284433726298422
639,21.299787,0.07160390100037871,0.06826986309450792,15.287473167992943,8.480475503130885
640,21.333119999999997,0.06917285278241775,0.04942785705483225,13.669448336249326,8.25504049185885
641,21.366453,0.07105374305659794,0.04578272127903611,11.481690013036108,8.70136987972444
642,21.399786,0.07112021190406106,0.04179856606615946,11.141872531897366,9.125751182915101
643,21.433118999999998,0.07213385940106036,0.06501962160103111,9.241475548533279,9.451396183934374
644,21.466452,0.07254697946619838,0.13265453952855363,7.747150670798889,9.664979488278455
645,21.499785,0.07230224974552109,0.13815018474887258,7.0393829269736505,9.570943544979015
646,21.533117999999998,0.0719081362580128,0.14054831802875012,5.848794395029472,9.547507794289977
647,21.566450999999997,0.07390939581498922,0.14847114408159878,6.389015917279437,9.490861819202811
648,21.599784,0.07346116297678741,0.1436359440120929,4.698012136122316,9.662141972344223
649,21.633117,0.07404969868204232,0.13678621400642627,2.269047682798896,9.310129445150151
650,21.666449999999998,0.0730497881949856,0.1336624657367333,2.1984889256665445,9.125904916267828
651,21.699783,0.07514648674935177,0.13583963969229912,2.754491484969973,9.095397701882655
652,21.733116,0.126475092995479,0.1401918918101022,2.639608272830738,8.945031293528345
653,21.766448999999998,0.13853786366883705,0.1323023341136742,1.1167120477420729,8.640678935503722
654,21.799782,0.12718994549251975,0.12477133010827779,-2.4731136578534647,8.271757769865076
655,21.833115,0.11998097955198239,0.1403286951953049,-1.167566329377069,7.933050815632971
656,21.866448,0.12325383963787248,0.14590226954057783,-1.7953335579736018,7.704897916346577
657,21.899780999999997,0.112071699750537,0.1402894357929773,-3.8374911089021526,7.073354948223204
658,21.933114,0.10717787973014246,0.1610001716797582,-3.0692874475685232,7.1776813563970805
659,21.966447,0.08721442301460873,0.14706472507807247,-2.9058559193920965,6.67862153900087
660,21.999779999999998,0.08104198243041855,0.1555182538645452,-2.8660461449068935,6.882053308442662
661,22.033113,0.0807114302658719,0.14288221018534264,-1.7233605112412522,6.765552837778476
662,22.066446,0.07841492099081117,0.13110446693781833,-2.91279584258852,6.420941053160481
663,22.099778999999998,0.07756732654769254,0.1468112208720974,-1.9227808310949956,6.6073810475667925
664,22.133112,0.08407049047637737,0.14766562832001434,-1.079256390519778,6.393888378085736
665,22.166445,0.07494428649975612,0.1313481035951542,0.37510055632530637,6.33205165870031
666,22.199778,0.0753562536761321,0.08544619912362747,1.8047889674258737,6.158719512087965
667,22.233110999999997,0.07836853097518026,0.05124628123984379,4.0666297336890675,6.242973242777134
668,22.266444,0.08276452858279025,0.054520504796702486,8.093465759836878,7.021646698364723
669,22.299777,0.07294226250210335,0.12096309907892155,12.153059775734604,7.341244007275842
670,22.333109999999998,0.08583598427098418,0.17066515578686833,19.94565667337701,8.911628906361804
671,22.366443,0.06657436949588161,0.27236590916752895,21.70566152214326,9.1538965206756
672,22.399776,0.06341103728981418,0.29289935777881904,23.065355528117838,9.497058260546405
673,22.433108999999998,0.060956427070880836,0.30809403832375704,24.353035522974682,9.816741001806163
674,22.466441999999997,0.05709073317540063,0.3163981215287095,26.064953970218024,10.090206276497987
675,22.499775,0.06091088204050391,0.32254113705255616,25.305319000390167,10.453210845567071
676,22.533108,0.059429916664886964,0.3134675377719451,27.117299135313242,10.735941182975104
677,22.566440999999998,0.05719425887816117,0.32275825349940146,28.342631292888974,10.82355126668393
678,22.599774,0.05693165323015958,0.3224616805613485,29.501079905835347,10.912650037120045
679,22.633107,0.053758761463168034,0.31835585672272537,29.589189681631574,11.044698328569192
680,22.666439999999998,0.05576575656524904,0.3152737365297573,29.80873089776,11.303110641984027
681,22.699773,0.05710682624161941,0.3198339094023306,29.880152909554948,11.42815384400899
682,22.733106,0.054948661992884854,0.3174915782895447,30.756921158012123,11.691209771816
683,22.766439,0.058759239783564565,0.3118055036220301,29.680689844313576,12.415901144371992
684,22.799771999999997,0.05737915299585077,0.31768980810713165,29.389479155627292,12.897747021491131
685,22.833105,0.05975920847751778,0.3114307833849927,29.25254999376979,13.136688674605894
686,22.866438,0.060981653974175126,0.32410128054827636,28.871627553257035,13.349941524454623
687,22.899770999999998,0.06282148315446016,0.3181867702625496,28.90479983050718,13.810875072349779
688,22.933104,0.06556748184047324,0.31632669638079314,29.08445258771472,14.296213210689913
689,22.966437,0.06264542056989605,0.316391181397758,28.32993682833862,14.3189525088938
690,22.999769999999998,0.06271069728393872,0.315646170478286,27.18028839530404,14.597782563074253
691,23.033103,0.0667897650881861,0.3130512082065161,28.2270162063714,15.147312664621543
692,23.066436,0.06551439938642557,0.3043163337469149,26.879103860473705,15.588944969266903
693,23.099769,0.06691946013367663,0.3082281851058089,26.47664207470972,16.12835437061686
694,23.133101999999997,0.07068730047719891,0.30225381668961415,26.166489065685813,16.622331279383534
695,23.166435,0.11322195801637633,0.31483636643533297,26.673449320832457,17.175985402306058
696,23.199768,0.12783221454804827,0.3112610311222883,27.654453226652254,17.340191331843585
697,23.233100999999998,0.06937212528224426,0.3023962404909407,27.945329204544986,17.56240023253451
698,23.266434,0.06311014475807006,0.3065823338782774,26.212176408102337,17.82078231640492
699,23.299767,0.0674009090934771,0.2949189561329416,25.178875786703113,18.073977478969915
700,23.333099999999998,0.0689593055476864,0.2963523870759103,25.392628326500795,18.56017981658241
701,23.366432999999997,0.07309100766840854,0.30124264293286707,25.738195869812195,18.900868781297348
702,23.399766,0.07478330028401911,0.3005863873256762,25.205430939653613,19.031888379456653
703,23.433099,0.07052694705209567,0.30239108931407244,20.319773845235815,-162.11750937065983
704,23.466431999999998,0.07108597074310934,0.3115767953709876,25.512057824836923,18.722693806673036
705,23.499765,0.07208014530384127,0.3174500576107565,20.08459441342972,-162.81169941072156
706,23.533098,0.07410124297915219,0.3250002955901402,19.805240435453367,-163.41085129593662
707,23.566430999999998,0.07163864346242498,0.3179237149015042,20.24285766690978,-163.64943807430868
708,23.599764,0.06991288841716767,0.31941817678995965,23.9410225622838,17.492554440406483
709,23.633097,0.07048223814244536,0.32138283513608257,21.51715941808616,-164.47540422535548
710,23.66643,0.07084989891359716,0.3162000241846097,24.626550835930107,17.39512827349841
711,23.699762999999997,0.06948937690649742,0.3085505748448558,24.65032753189294,17.062029721926024
712,23.733096,0.06817578719089054,0.30416919890171235,24.2867046771428,17.183674257505192
713,23.766429,0.07175011322268636,0.31321400656701026,24.2764602516042,17.186909152000307
714,23.799761999999998,0.07757698806042036,0.3129386632224296,23.57538099898822,16.835431331440983
715,23.833095,0.08657436610316163,0.31550065384506126,24.512156282417234,17.490365722672706
716,23.866428,0.10501600334852366,0.3056766276984283,24.80840294650906,17.61473500431101
717,23.899760999999998,0.12812281938242293,0.30126369845103923,24.913810232180538,17.56232183572465
718,23.933094,0.15779759122634326,0.29532409328328113,25.72281522965893,17.901515761807534
719,23.966427,0.1698199250103168,0.29452334751463116,25.903608225031554,17.76355895922889
720,23.99976,0.16326499485537582,0.2892837580592713,26.09994191186575,18.185269562554176
721,24.033092999999997,0.15043789405199118,0.2896585334789591,25.87488001865906,18.194494276752344
722,24.066426,0.1423561207048709,0.2816132330339298,26.036843280747732,18.472910106992916
723,24.099759,0.14975223984347652,0.2772371985363656,25.291975728524886,18.53499489440112
724,24.133091999999998,0.1531764651212963,0.2729346925189043,26.077672302990088,18.661446741390264
725,24.166425,0.16552595743461096,0.2778070231074671,24.794799778199785,18.7507131973769
726,24.199758,0.16167747910785837,0.26759889658389774,25.503781514546265,19.11458400738708
727,24.233090999999998,0.17640257256448458,0.2585537953375022,26.016738518673478,19.283963230274626
728,24.266423999999997,0.17568580760112126,0.2727881237795471,24.962702759371883,19.387041588585106
729,24.299757,0.14871040892952314,0.2604553335508956,25.097434781001212,19.66209224990076
730,24.33309,0.12466393034642008,0.2692901326635798,24.53233087494057,19.902009808574025
731,24.366422999999998,0.10292813287093407,0.2562358869802256,21.601839020609493,19.60440501103592
732,24.399756,0.08912382483425196,0.2572319927869553,20.66747014382208,19.330981888356142
733,24.433089,0.08747423074174222,0.2602023298393445,18.956697668005308,18.921607609855066
734,24.466421999999998,0.107932538336162,0.2543760932961665,18.746648552590866,19.026025165351204
735,24.499755,0.1273076312561843,0.2603277380494145,18.465053488845456,19.02509851826849
736,24.533088,0.13028862441385272,0.2674681898197442,17.497173995458667,18.886424456134872
737,24.566421,0.13389983234231018,0.26196193177400273,18.64836094291044,19.140924310346982
738,24.599753999999997,0.1303001581522104,0.262327540106979,18.460862630195678,19.11219784008027
739,24.633087,0.1296177122644045,0.26699142101616247,19.24847900678601,18.9921848452502
740,24.66642,0.13198134256111138,0.2710061014154537,17.792485053440583,18.461999455885618
741,24.699752999999998,0.12272936455634727,0.2562667316219345,18.63700870099335,18.760632485690643
742,24.733086,0.10603581934722388,0.25765577280046903,17.081904856559603,18.099849070794875
743,24.766419,0.08619086424902918,0.25435399306309525,16.511496956431213,17.884429432633308
744,24.799751999999998,0.07597412690461403,0.2582848136379191,15.977672722566927,17.675089787351766
745,24.833084999999997,0.07816939927431062,0.250741901139841,15.739709815975477,17.259496573975987
746,24.866418,0.07439224418350242,0.26339111898979406,15.013001038865886,17.20845598069779
747,24.899751,0.07353181955129848,0.24684169300475067,14.38525249436828,16.995577897657768
748,24.933083999999997,0.07501119468308294,0.25284581155368313,15.51009882274901,17.115151910037454
749,24.966417,0.0756288957038862,0.2525797894502438,15.71849760943078,17.38951465887567
750,24.99975,0.07279808474465761,0.25891250171965474,14.071026819226676,16.616733694005198
751,25.033082999999998,0.07445718102046962,0.25965945811353675,14.477624793885584,16.4993459359472
752,25.066416,0.07217818844208773,0.2616274399619887,14.969647254794753,16.429971979016322
753,25.099749,0.07108211425122021,0.2613797513234227,16.058450974027718,16.45860377243846
754,25.133081999999998,0.07246093419058769,0.2645166821245521,16.4006182758855,16.515256025739312
755,25.166414999999997,0.07246710609168923,0.26237705399950606,17.71360811370394,16.515115162668064
756,25.199748,0.07089426168768553,0.2654612981010733,18.095441823616593,16.333847690283253
757,25.233081,0.07186553046308981,0.2658780200513033,17.66466146801413,15.931633691778794
758,25.266413999999997,0.07142708289657479,0.2591987939697321,17.19599380326119,15.909978614085011
759,25.299747,0.07203410856568615,0.26917314870443254,17.479311121617958,15.99125909359829
760,25.33308,0.07363644018359804,0.26723359356480536,18.352663675499862,15.91479712021354
761,25.366412999999998,0.07176119153549136,0.2649336164647593,17.910354563311543,15.676919243262589
762,25.399746,0.07472380152334508,0.2225131350521492,18.01038409006496,15.829112049353045
763,25.433079,0.07169731881384622,0.12045826782538113,13.198448713503925,15.048864667814675
764,25.466412,0.07033760093884721,0.08866818119558495,11.50384981223713,14.601350544085076
765,25.499744999999997,0.07130853293579685,0.10727155672813438,10.478164415274303,14.260873094169062
766,25.533078,0.07315363821217212,0.11260805370871822,8.827588089783996,13.827320510186144
767,25.566411,0.07352464196446903,0.12885263004066225,9.003638980221888,13.669045399431486
768,25.599743999999998,0.07428222292030526,0.13945658283203338,8.646117523255139,13.439350505016364
769,25.633077,0.07663304528572085,0.14579098119049808,7.623901072162537,13.407001586748407
770,25.66641,0.07901866030185146,0.15208708215641045,7.006150925309517,13.200896733596572
771,25.699742999999998,0.07802216394324483,0.1573517391084271,5.0802364112903104,12.88773999447413
772,25.733075999999997,0.07653571209493382,0.16169551128087029,3.165291703692625,12.36139866587715
773,25.766409,0.07803911635356585,0.14059575289735804,2.47729736995825,11.95740653278263
774,25.799742,0.08106467163014007,0.09818118839421987,-2.2790320251247276,10.80406581094612
775,25.833074999999997,0.07762845584377101,0.053854053761185454,-1.6182120275348577,10.304088561470767
776,25.866408,0.07837667465799761,0.08302027770692394,-5.6992725071475,8.96485843510725
777,25.899741,0.07592909617986013,0.13734921006067205,-6.096767908082441,9.02349722176147
778,25.933073999999998,0.07791398804897662,0.16626900062516403,-8.259942962649252,8.902447355350638
779,25.966407,0.07805196895297198,0.20571507669809538,-9.513483153699328,8.382615104667517
780,25.99974,0.07702927272560015,0.20756637513008905,-8.39212771907004,8.508279242365207
781,26.033072999999998,0.07709753096355507,0.20057676056780516,-11.782877117886079,7.962268322017316
782,26.066405999999997,0.08079970926599858,0.2143158329557129,-11.904768685765832,7.467331287381287
783,26.099739,0.07957099785245762,0.2221567071016664,-12.054727222365344,7.044955394057189
784,26.133072,0.08251392333055423,0.22013264933302193,-12.93795943334205,6.877445764233454
785,26.166404999999997,0.08357785812496266,0.22140844534981508,-14.409805001266514,6.403426103084404
786,26.199738,0.0823928175112236,0.21409465141879996,-14.551195344743277,6.30129684808891
787,26.233071,0.08270300113677237,0.22416319271490637,-14.8097350435713,6.345826121859578
788,26.266403999999998,0.08583837909186995,0.2148022058627368,-15.495472695122467,6.166618821944402
789,26.299737,0.08177761618628417,0.21683457454945107,-14.125435717274565,6.13009479431334
790,26.33307,0.08495007577820715,0.19879173977229747,-15.971992589580331,6.07742366340887
791,26.366403,0.08211369088361362,0.19410898833049017,-14.554616643374045,6.280468508953071
792,26.399735999999997,0.0817868283563925,0.18978599061112675,-14.494789112933855,6.141951131676086
793,26.433069,0.082136860458239,0.18934076275185127,-15.150902116231775,5.625073518905784
794,26.466402,0.0815208243919397,0.18408954893306825,-14.223354896158682,6.051844878160173
795,26.499734999999998,0.0811760434405484,0.1625704681746045,-13.601808600402784,5.963819289942117
796,26.533068,0.07962447386133858,0.15154925824261545,-11.885323242870943,6.013648234095438
797,26.566401,0.0805609047034605,0.1523300354147336,-16.028890991671695,5.396030644841468
798,26.599733999999998,0.08100243671847514,0.1735362504068689,-14.645966077348824,5.337757122726872
799,26.633066999999997,0.08083722246697145,0.20854734491162819,-17.18212864879818,5.085374368060248
800,26.6664,0.08087965812641178,0.21940306086088426,-18.349074164757106,4.929649441943188
801,26.699733,0.08151212950935345,0.20949856943632514,-18.650037802551385,5.2385562125536165
802,26.733065999999997,0.07969833917878671,0.20777009669781335,-18.59296654571458,5.173474542689558
803,26.766399,0.07822165135506552,0.22306730162198712,-20.334740873485266,4.66173656050684
804,26.799732,0.07717166366077696,0.20609453497639846,-20.7950371193426,4.731185586265981
805,26.833064999999998,0.07390423603464835,0.22329975475414016,-19.610254310847274,4.913001742314366
806,26.866398,0.07363244102897824,0.23228782268132755,-19.154299353458136,4.336605191835307
807,26.899731,0.07380749740330066,0.24155803728815053,-17.398461882941533,4.267788307539556
808,26.933063999999998,0.07336222114549716,0.2408647159942355,-15.199756675343172,4.697895756873251
809,26.966396999999997,0.07477196637127483,0.24357600975320973,-15.5513674189862,4.186528081865272
810,26.99973,0.07242556261684219,0.22313043951957248,-15.777656983150841,3.6807358723478942
811,27.033063,0.07295321405113478,0.21388214718639148,-18.029783726151912,2.9803831853400493
812,27.066395999999997,0.07456124504612305,0.21593436798225524,-17.623974369761907,2.6765456545720965
813,27.099729,0.07839889791541044,0.21734568904545726,-20.78814835483949,1.7723893919198495
814,27.133062,0.07449717472844469,0.20546642682629992,-19.31192005930024,2.1248643617610736
815,27.166394999999998,0.07508708878143555,0.2118613922259305,-20.56682020520393,2.0359968563872277
816,27.199728,0.07841795331934956,0.21993684733375243,-21.279318926227997,2.0976346177875103
817,27.233061,0.07674741122178699,0.21393761701474268,-21.07303475272923,2.1935107088261625
818,27.266394,0.07746267643722624,0.21015660512278295,-21.375541514192793,1.9592534434713862
819,27.299726999999997,0.07860677791959801,0.218321415103908,-21.761122727607866,1.879866485344495
820,27.33306,0.07723700543429826,0.20780831208191503,-21.05238607498313,2.065015247290248
821,27.366393,0.0779918732346474,0.20741056707957836,-19.085535494701244,2.510930724332778
822,27.399725999999998,0.07832063267843263,0.19880702148711368,-18.420132262735407,2.7210933499632635
823,27.433059,0.07738968969744243,0.2034312338272209,-19.071444624927217,2.8808365845554516
824,27.466392,0.07888257550138798,0.20913456710201928,-18.083416072591593,3.2199035554440743
825,27.499724999999998,0.08083674157640008,0.19914844098031748,-18.997378579563048,3.662808318070028
826,27.533057999999997,0.1178234071582107,0.19698652411541098,-21.199839364826847,3.7177096886348076
827,27.566391,0.1304711408709799,0.18974160509138438,-23.461345123794185,3.5947421940352284
828,27.599724,0.14637736015406264,0.1938435063032118,-23.317451619229107,3.94636145277895
829,27.633056999999997,0.12226829841341537,0.18387787315216036,-22.62409364509146,4.337164498834221
830,27.66639,0.0811462505142182,0.18412945886051718,-21.87067198206261,4.883466065503479
831,27.699723,0.07841231562401343,0.17136262236241728,-19.819169157893047,5.646666164256239
832,27.733055999999998,0.0805551011928567,0.1843036041850666,-20.892121996180023,6.1435418081431505
833,27.766389,0.08176383939776612,0.1872659551616542,-20.84861110758744,6.521577086946383
834,27.799722,0.08159925999368876,0.17840163960929645,-21.47473882105165,7.079084422342392
835,27.833054999999998,0.08117182526706239,0.17625601592516327,-20.451170101928884,7.578143668715986
836,27.866387999999997,0.08103299453141058,0.1536221738000928,-19.383734750562507,8.106003290786795
837,27.899721,0.07857880822757274,0.1789408219942899,-18.627338828590958,8.255784814897993
838,27.933054,0.08053406615720937,0.1631921452878491,-19.48233869384791,8.614856386760891
839,27.966386999999997,0.0781541796344161,0.16106813174127577,-18.29372646634739,8.648117159969393
840,27.99972,0.07812496228030798,0.17190179426511198,-20.905825319639682,8.29559945861498
841,28.033053,0.07780117485685652,0.17191884146043976,-18.841400214084704,8.481026724789679
842,28.066385999999998,0.07787626578605857,0.17688975230094872,-19.378582949490458,8.315292865038353
843,28.099719,0.07877581818565134,0.1788460234227614,-18.99515882450173,8.199759644187502
844,28.133052,0.07901440464477216,0.16846583269619142,-18.834034863982296,7.710755213956125
845,28.166385,0.07808969438410115,0.17855384062162227,-17.81183145150233,7.246623935087475
846,28.199717999999997,0.08042546850663365,0.1619269723981395,-17.224290480085465,7.111712407264165
847,28.233051,0.07951152414867475,0.17356054974577256,-17.8033219120848,6.742439582864981
848,28.266384,0.07931817588840301,0.17080995475954006,-18.309786884536745,6.168507060345887
849,28.299716999999998,0.08046488758144464,0.16670770501739748,-17.677476230619092,5.987928531947902
850,28.33305,0.0791997251746618,0.15887176358757382,-17.334959801370896,5.896247620842487
851,28.366383,0.07829449420692476,0.15131616238153187,-17.840381782539236,5.518352815371004
852,28.399715999999998,0.11179831853472916,0.14631456806429038,-18.07120778442533,5.316190562224675
853,28.433048999999997,0.16568265203234298,0.13956567713856993,-19.040902394400053,4.875430022106687
854,28.466382,0.17700963313082355,0.14018310192680392,-20.206475732785176,4.718589337680575
855,28.499715,0.1876031324119639,0.15165324762645455,-21.62975410989623,4.0198917252066115
856,28.533047999999997,0.19834451936340528,0.16808995210555105,-21.987482144233173,3.8552765036802423
857,28.566381,0.21612342080265956,0.1655735692326223,-21.927515900999147,3.883548304194169
858,28.599714,0.24116694593802,0.17518070726536472,-21.931284224031618,3.796172820263509
859,28.633046999999998,0.28524876714561903,0.1662401999045429,-23.655923263481515,3.340513532281428
860,28.66638,0.30951168746757507,0.15631883851087341,-24.57378075095934,3.1653258450600434
861,28.699713,0.37642048847769405,0.15001784055917028,-24.508264188861585,3.806382104852949
862,28.733045999999998,0.3905317170462673,0.16727688549763306,-26.61504019726582,3.6633405517122584
863,28.766378999999997,0.43211942657087943,0.16501133656223685,-26.456247508011987,4.0344755224176225
864,28.799712,0.44240881160718626,0.16821772756254855,-27.299163721601435,3.9061004211649237
865,28.833045,0.45167139534906653,0.15940016853182573,-28.263521162375717,3.812358225757743
866,28.866377999999997,0.45529403784511147,0.15674606649295475,-28.296285041016255,3.588947358962148
867,28.899711,0.4701450118311766,0.15631500909462076,-27.88828399170108,3.6881127125063378
868,28.933044,0.4819871563062744,0.15897038385902146,-28.041509208716008,3.5588140202781187
869,28.966376999999998,0.493398304999047,0.15504370053435307,-28.523900691263254,3.5578371097180197
870,28.999709999999997,0.4992718867763145,0.150202940291088,-27.775191287052333,3.629541601140288
871,29.033043,0.5183755327640226,0.15881273245427868,-28.729440314571566,3.250206383801986
872,29.066375999999998,0.5297445477352656,0.16484454934142367,-28.221379664672202,3.3790249488460753
873,29.099708999999997,0.5497317377538816,0.15969564853329823,-29.321437861481865,3.2742267351394685
874,29.133042,0.5883859480242809,0.15309382920368797,-30.203409712187398,3.00732932576616
875,29.166375,0.5848295450088223,0.1566659549958961,-29.964782537086247,2.897969379906307
876,29.199707999999998,0.6073456013552838,0.15706895503143664,-31.054149189357844,2.5849218170477632
877,29.233041,0.629045101572465,0.14698777423564216,-30.10173714489596,2.854546393803946
878,29.266374,0.638771568085886,0.16159883944200318,-30.74377311774531,2.9464153472236347
879,29.299706999999998,0.6272989049383331,0.15663173157858512,-31.102741248258994,2.328110648361629
880,29.333039999999997,0.6334837903099733,0.16505194256055788,-31.124039560342354,2.423287121943636
881,29.366373,0.6483340047091132,0.15788696376188077,-31.33356344658946,2.313468104466909
882,29.399706,0.659315004968756,0.1550293840680447,-30.742281720495736,2.289251258432431
883,29.433038999999997,0.6502594398652048,0.1584868306652767,-31.4725238793096,2.238140588468831
884,29.466372,0.6560627107559234,0.16842690445285702,-31.775639951607392,2.344761725329977
885,29.499705,0.6574498856673077,0.168896563749864,-32.33746575856727,2.1657797102322447
886,29.533037999999998,0.6490387671823814,0.16532479896665908,-32.087344269455166,2.2855101436873575
887,29.566371,0.6714697929158285,0.16582692897658244,-31.676842726678682,2.3758021480104152
888,29.599704,0.6620172152487557,0.16256881321971006,-32.119968280275195,2.511165211576208
889,29.633036999999998,0.6416713731069945,0.16096654070638078,-32.05231188065264,2.4705436036363784
890,29.666369999999997,0.6533607863624613,0.15429812088995765,-31.478899772523686,2.739217426735997
891,29.699703,0.6433423259765322,0.1348461526907173,-30.920174911569102,2.580961427816365
892,29.733036,0.6470964535747776,0.13427902370797726,-31.361191131136124,2.7660349770525072
893,29.766368999999997,0.6530154557437097,0.15010869173991526,-31.895574752217822,2.5321957132917325
894,29.799702,0.6456237080898819,0.14740428438306527,-31.02316192824139,2.5763423413931235
895,29.833035,0.6557531461204096,0.1452286071642983,-32.10953026938693,2.4826102408813244
896,29.866367999999998,0.6496141496105341,0.15557212421939187,-32.259433008227745,2.6231782436778115
897,29.899700999999997,0.6555307447983433,0.15638809500926926,-32.04005877133186,2.5095548386836133
898,29.933034,0.6786435912651713,0.15302907410929437,-32.77261218867993,2.350874531081284
899,29.966366999999998,0.6775147092430762,0.14748938794824962,-31.817265087276265,2.386990783955248
900,29.999699999999997,0.6861713117287893,0.14861659143389697,-32.22557621062321,2.4784725978289948
901,30.033033,0.6861206717558465,0.14798490100117465,-31.399810884378436,2.4113491027882894
902,30.066366,0.6819476568143458,0.15933341322963795,-32.173718340833744,2.359313691826838
903,30.099698999999998,0.6835295429387835,0.17942901667127253,-32.714142364060194,2.4723711604657623
904,30.133032,0.6848413068324382,0.16996341613269092,-32.80689105212658,2.15803324987586
905,30.166365,0.6843639511587482,0.16332678710781492,-33.292463405093,2.341600496836406
906,30.199697999999998,0.6919627488724507,0.16806303096081807,-33.33969134537765,2.396096807611739
907,30.233030999999997,0.6593024015867144,0.14867319057160233,-32.399994761388086,2.443344810010983
908,30.266364,0.6757572614443901,0.16618166045665939,-32.43650435313661,2.3293555890185496
909,30.299697,0.6763737261375676,0.16789623111349755,-32.87347608531232,2.384739919526943
910,30.333029999999997,0.6861961428371876,0.15678642772061996,-32.454601590965176,2.694585344074037
911,30.366363,0.6981182763183443,0.16775901113663472,-32.48315299944687,2.659414965957681
912,30.399696,0.68528245115876,0.15412765313258786,-32.56136225648895,2.8993078427025463
913,30.433028999999998,0.6914422590492291,0.15538750257472034,-32.095519890140785,2.539839658328237
914,30.466362,0.7008895736497398,0.16639282322767382,-32.077569789409615,2.8653918316293248
915,30.499695,0.7017475971135038,0.16143497084751232,-32.834853123170475,2.8972342950349534
916,30.533027999999998,0.7009532572849925,0.15431894080886804,-31.911396564118107,2.884873459255859
917,30.566360999999997,0.6959002651856817,0.15371011191125417,-32.252572832620984,3.1934579721135483
918,30.599694,0.6953285877434198,0.15112692164235844,-32.311903978601016,3.2275384985610303
919,30.633027,0.6788897629997788,0.1531987796945118,-32.15052390775146,3.1662163442354827
920,30.666359999999997,0.715121655737201,0.155294409050172,-32.16274592748699,3.329831866735464
921,30.699693,0.6839150317418886,0.15256694234989157,-31.63433280911029,3.5398103116721154
922,30.733026,0.690206197017608,0.16198636662916296,-32.65573306292487,3.7395346440709956
923,30.766358999999998,0.6628714986059376,0.15593327617196218,-32.19714731766173,3.7148009320542945
924,30.799691999999997,0.6661027372921521,0.16531874488648074,-32.55278677564718,4.057306948528354
925,30.833025,0.6687441675062307,0.1512263789830678,-32.40555857183718,4.369053378025917
926,30.866357999999998,0.6837293580933755,0.16302694008434884,-33.08431216397373,4.632802903417493
927,30.899690999999997,0.661904765517892,0.1456855261509031,-33.42802047165647,5.0215163260970614
928,30.933024,0.6483121287955806,0.1618354755859648,-34.52792769908855,5.146624850833338
929,30.966357,0.6482281389683296,0.15205284212625972,-34.43289898640836,5.408944545665884
930,30.999689999999998,0.6365130572318167,0.15952989064988934,-34.559425467865694,5.533029257818688
931,31.033023,0.6329987775464815,0.15999296869844093,-34.92327056726814,5.607321835606207
932,31.066356,0.6364663372318192,0.1531184933307294,-34.299075310334565,6.215059878166145
933,31.099688999999998,0.6366052325471289,0.16151272613214734,-35.31022594067284,6.359406841997573
934,31.133021999999997,0.6284552155143692,0.1554302907498497,-35.613555689678506,6.153739078401772
935,31.166355,0.6320198603596544,0.17786146480170245,-35.76266826840406,6.320801985038807
936,31.199688,0.6340070437694217,0.15919353460206148,-35.42699588607001,6.672280011320384
937,31.233020999999997,0.6325207183184842,0.15366236763027685,-35.32394055162464,6.815151265704164
938,31.266354,0.6230522899299112,0.14508340493722993,-35.52530136682779,6.827052106693204
939,31.299687,0.6001004380350837,0.15119362931992672,-35.49332707188435,6.921144423446139
940,31.333019999999998,0.5770027692565761,0.14811936353158658,-34.57218917411285,7.446955564437963
941,31.366353,0.5498791617460124,0.14775777519336145,-34.5969966466599,7.646014444938239
942,31.399686,0.5246499868465072,0.1479534883241177,-33.70693772452641,8.149480294374186
943,31.433018999999998,0.5166398949159986,0.14527466726718885,-33.45119420401203,7.92857925745516
944,31.466351999999997,0.487216136775978,0.14466790916061711,-32.94083604489371,8.256272673527766
945,31.499685,0.4646682297185757,0.14894122272262056,-32.86638246249861,8.017885955110929
946,31.533018,0.4597001229860447,0.14309389052947566,-32.32099418075392,8.29714075855598
947,31.566350999999997,0.45254084362113733,0.14518583274819888,-31.913556742509538,8.08449931646554
948,31.599684,0.44266341908757867,0.14047075116621355,-32.18521980980656,8.337655586478386
949,31.633017,0.45670893829161424,0.14315223656271672,-32.777508282931,8.356157009913751
950,31.666349999999998,0.44198653561384826,0.13450189325516432,-31.860023120093285,8.533278667688467
951,31.699682999999997,0.44991332499104597,0.14151176760512046,-32.46247626222449,8.445127880190917
952,31.733016,0.4291193301947671,0.1472737986543495,-31.25721119320378,8.788200587857684
953,31.766348999999998,0.409982132094912,0.15663804899173667,-30.739494606963436,8.882687494296356
954,31.799681999999997,0.3964510668077379,0.15189261458680994,-29.397643661397716,9.02437278431629
955,31.833015,0.38300552288904494,0.15321493042632603,-29.249375408326,8.935098215812458
956,31.866348,0.3884132762667365,0.14922760770859,-29.230625371682244,8.798211680720451
957,31.899680999999998,0.36722052957565626,0.1498402464771086,-28.252696606216123,9.014361838551206
958,31.933014,0.3325253482492393,0.13538088895861183,-28.16959262704472,9.018728131597728
959,31.966347,0.31827362135570847,0.12948996375846877,-27.618727417304207,9.10974167831939
960,31.999679999999998,0.2935991696319319,0.14417823116168893,-26.259130327374802,9.23149742640548
961,32.033013,0.2748416022115066,0.13896965621946086,-25.801045428487335,9.285031267058553
962,32.066345999999996,0.2619869109480233,0.13459889374452355,-25.179456278475595,9.439794127562404
963,32.099679,0.2388225690329776,0.14262809494717318,-24.570072669695413,9.629049408552158
964,32.133012,0.2275942417790511,0.1365207120870081,-23.347055539106876,9.787641531033362
965,32.166345,0.2277887419444627,0.15097977198870777,-22.795151737126712,9.948499982019635
966,32.199678,0.2137464080068079,0.15354903402714012,-21.78748462831431,10.061443152143582
967,32.233011,0.20504906147610272,0.14799091993868507,-21.69243761138363,9.98910142568783
968,32.266344,0.20135091666040927,0.14228725941312725,-21.109633859415293,9.570878562007787
969,32.299676999999996,0.18865080975771292,0.13945466522741412,-20.72414094692123,9.524952064784683
970,32.33301,0.18462190238002146,0.1322803091808261,-19.923504358612604,9.370248729203631
971,32.366343,0.17767947707423506,0.133798157491951,-19.69398500819216,9.172571333921374
972,32.399676,0.17301652972392428,0.13611039782786333,-19.236358534191353,9.355610207444169
973,32.433009,0.16947749259672437,0.1311877687878599,-19.20797747831269,9.175815064206947
974,32.466342,0.16149711373817638,0.13639879575759997,-18.971277105272286,9.343247621675104
975,32.499674999999996,0.1514448238839364,0.15299623897917652,-18.36418584426796,9.319848483294257
976,32.533007999999995,0.1466849272081564,0.13344343586413981,-17.046347385285976,9.425498036055158
977,32.566341,0.14813542539139055,0.14308238188069683,-17.845713431446452,8.95476789111008
978,32.599674,0.14638788990769122,0.13666593896508328,-17.043428764119284,9.191825923792432
979,32.633007,0.1499762867787749,0.14532983722745718,-17.144678282259385,8.925988264308103
980,32.66634,0.14176078827255748,0.13645016613024358,-17.25312317167246,8.683138053156254
981,32.699673,0.13914857360449479,0.14380147599047483,-16.073945977144614,8.720400968229901
982,32.733005999999996,0.13422147972888918,0.13632800024976133,-15.442589769603519,8.324238992419938
983,32.766338999999995,0.12722005340911238,0.13870721204767322,-15.095516338942067,8.238095216986705
984,32.799672,0.11422710755564697,0.12220760843429192,-14.448326993795309,8.009094018393622
985,32.833005,0.09730228204613883,0.13439687238223524,-14.788474645009883,7.395282064310615
986,32.866338,0.0776539049249403,0.1324232411857632,-15.097636230293494,6.770922889536092
987,32.899671,0.07137634967603229,0.14077498614269598,-14.21514129700895,6.390098105917832
988,32.933004,0.07211083154940343,0.1392722112087275,-13.474037647843893,6.41221543890513
989,32.966336999999996,0.07261834656987572,0.14376001213065104,-14.959637086627417,5.952498328777149
990,32.99967,0.06897175621068063,0.1348081457699979,-22.62529001642251,-172.53414237593694
991,33.033003,0.07310371822958525,0.14328837250926424,-21.18819251665196,-172.7688465121073
992,33.066336,0.07290310467140299,0.152349231695,-13.243758481942512,5.311323652303891
993,33.099669,0.07316665371814117,0.13577452974492513,-20.95870285845015,-173.36164798743306
994,33.133002,0.07353924002861056,0.1392299120273236,-11.936108157406002,4.942373141057638
995,33.166335,0.07541013520727942,0.14269637528370852,-18.58489185807654,-173.54870366927278
996,33.199667999999996,0.074776823673357,0.14098951791870043,-19.320055998188554,-173.77731516817573
997,33.233001,0.07566339927285423,0.14870453288963,-16.794382642114527,-173.83439066491235
998,33.266334,0.07530890838890641,0.1506733431145552,-14.697497125380627,-173.84638098761266
999,33.299667,0.07498269549771024,0.14202052185032626,-16.685158359919885,-173.91784993612885
1000,33.333,0.07581611557894748,0.14821257394723206,-13.933576431283958,-173.66929483508883
1001,33.366333,0.07485653459870766,0.14860398419365703,-14.886071711031816,-173.70853101339208
1002,33.399665999999996,0.0762856783332611,0.15370015252359803,-14.872676554669834,-173.56501519584907
1003,33.432998999999995,0.07768829317432072,0.16126862665151703,-19.05554474283087,-173.33334812685493
1004,33.466332,0.07546348103208103,0.1651335516685125,-19.59346370220347,-173.2087980389334
1005,33.499665,0.07804261437366229,0.15427799879412551,-19.10935302636958,-173.35666270676475
1006,33.532998,0.07854945247128074,0.1540425049231846,-18.58339758323533,-173.22261164530724
1007,33.566331,0.07654763524836088,0.15163921767296423,-19.627771308902595,-173.12009762776302
1008,33.599664,0.07871860708065717,0.15298973354915313,-19.57556744343266,-172.92070705162814
1009,33.632996999999996,0.07761267395261037,0.150666850300974,-19.957197885180335,-173.01574640708233
1010,33.666329999999995,0.07864372402632376,0.15946645930259906,-18.502025283469166,-173.06824178229897
1011,33.699663,0.07788178898884292,0.15963293573521692,-18.253020867313968,-172.96162562076526
1012,33.732996,0.07773065878565816,0.15403764583201218,-18.089663069495476,-172.91997028224748
1013,33.766329,0.07960049498457282,0.16554005460545929,-16.98399629520904,-172.94454796328822
1014,33.799662,0.07665272089051622,0.15760456350157917,-14.465414282101227,-172.92485627671732
1015,33.832995,0.07735000626523184,0.15242541894429962,-14.412788070324702,-172.8311128681362
1016,33.866327999999996,0.07448807236943204,0.15956104402208746,-7.05458414117509,-172.76591011171178
1017,33.899661,0.07517735757907307,0.14627497711867182,0.10246891654000774,7.078890078154482
1018,33.932994,0.07220302028823208,0.1522497045963156,5.819744035133847,8.177165472046228
1019,33.966327,0.07118359122305688,0.14467807184659598,8.786902302141941,8.628681563400589
1020,33.99966,0.06671045721399008,0.12665789493481194,15.781902209860231,9.86474801715945
1021,34.032993,0.0618277753129776,0.14163132374738785,21.386466795553723,10.823666587314758
1022,34.066326,0.054436168958011566,0.1500209896971597,23.090283360036395,11.18367310424536
1023,34.099658999999996,0.056775906585798314,0.18523420813119257,25.65456846012146,11.464377174709208
1024,34.132992,0.05319630010649838,0.1766853042146755,28.656970424181896,11.879217059562903
1025,34.166325,0.050814020856605836,0.184234435826729,28.43972013818473,12.037512393007955
1026,34.199658,0.047406472410594855,0.1655043412337323,28.88505782003879,11.995672549279691
1027,34.232991,0.04789749194347991,0.13872018841470993,29.900099141309788,12.588775700934546
1028,34.266324,0.04661317214336389,0.12851879035609118,31.34148432955667,13.475111845207941
1029,34.299656999999996,0.04549774342205522,0.1410915577332154,32.1852405484229,13.737413240939375
1030,34.332989999999995,0.04375081350901,0.14206451440874748,33.10392192628388,14.70118558093537
1031,34.366323,0.04661497309600258,0.13669521747698346,33.440314841635356,15.726064074978009
1032,34.399656,0.04910555734743463,0.1342034093516923,34.66159464999294,16.04991024075175
1033,34.432989,0.044167765060218724,0.13604813191478135,34.427030105721826,16.28209154605854
1034,34.466322,0.04564696881684011,0.13433829067095931,34.03570842641725,16.498134757942776
1035,34.499655,0.047028963317455166,0.14327583264215302,34.180382927279055,16.87442687998665
1036,34.532987999999996,0.04874612795812917,0.14307674766107203,33.466375781897064,16.383663235844875
1037,34.566320999999995,0.0470244357123737,0.15486964993463065,33.82502371804981,16.569595615766172
1038,34.599654,0.04798728116171716,0.1559520609680651,33.87134267211248,16.957681278949316
1039,34.632987,0.04793716081419618,0.15502926479613668,33.971514242152445,17.251409674338333
1040,34.66632,0.04759138017708055,0.15131847581608532,33.672871479844005,17.190130969606262
1041,34.699653,0.04731389749735311,0.14880846707193612,33.6505443784068,17.29451829605938
1042,34.732986,0.04976514864724476,0.14879372059229484,33.2262575413431,17.704320298624165
1043,34.766318999999996,0.04607659393760878,0.14904901352055158,32.69889766948087,17.34342902743103
1044,34.799651999999995,0.04957915595552456,0.14351156076751315,31.466611429329937,17.564414432611596
1045,34.832985,0.04827891292986951,0.13656744339604157,31.191963910675597,17.456889322673124
1046,34.866318,0.04594466911187314,0.13531671813785823,30.771997143780304,17.66235626250054
1047,34.899651,0.048037798765296374,0.1335686344367848,30.378173192229845,17.886858847874926
1048,34.932984,0.04833279735330599,0.13184068791350823,29.862486425271534,17.736336812918243
1049,34.966317,0.04969771051414167,0.13553817849819202,29.664863574747628,17.45729705684199
1050,34.999649999999995,0.04786203997839901,0.1312279881787125,28.76619737476905,17.5601261408063
1051,35.032983,0.04849112744909115,0.11608709355008395,30.09737178529011,17.172771881133002
1052,35.066316,0.04994220622873814,0.14225128997340236,30.640789517614447,17.437853152467564
1053,35.099649,0.04876245913459764,0.15855089457804306,30.592329920730695,17.61704180482
1054,35.132982,0.047162286722533975,0.20447752216512805,30.734100152064343,17.79209878383403
1055,35.166315,0.048208875023297196,0.21029012154069193,30.778728958576913,17.896128330524192
1056,35.199647999999996,0.04957384525744117,0.21503538786318116,30.611655031218284,18.232245796569618
1057,35.232980999999995,0.04826072245776116,0.20691013088530097,29.710200804807624,18.06654191075647
1058,35.266314,0.05002622659395213,0.20570819069161028,29.561157727568272,18.447304103651746
1059,35.299647,0.04877055230511225,0.20551640093836362,29.666996376890097,18.15876348069175
1060,35.33298,0.0501387571866173,0.18605981114842213,29.70874861151378,18.235976791146374
1061,35.366313,0.051961956103008154,0.19162928552453148,28.769123364187053,18.649938716834455
1062,35.399646,0.05091116690285562,0.18405509141515303,29.610910951035326,18.60650882360609
1063,35.432978999999996,0.0539331042290634,0.16365133585469271,27.993233241139496,18.680791746096112
1064,35.466311999999995,0.052630498223606666,0.19404810333250241,28.01360206553895,18.70653831562243
1065,35.499645,0.05027955585185945,0.19454829203150756,29.266642899129867,18.433883123870746
1066,35.532978,0.0531298573839223,0.2118037673742159,28.17782738294467,18.498307387642225
1067,35.566311,0.05214539697301798,0.2122488598199544,28.85463697998012,18.582116053557137
1068,35.599644,0.05421478879889061,0.22360737980730644,28.002712144695135,18.70714828909795
1069,35.632977,0.05309019891837222,0.21301716784752867,28.108231328774536,18.653310131816273
1070,35.666309999999996,0.05480407629251362,0.21577970161841947,27.663714326052006,18.844437487227086
1071,35.699642999999995,0.054691631818572686,0.2212676875832228,27.5455842426372,18.76604957499313
1072,35.732976,0.054950903080462625,0.22383546598397935,27.712779267193344,18.78951749097907
1073,35.766309,0.05638401566540293,0.20817273127492167,27.207068680471203,18.933355605454558
1074,35.799642,0.05728849657798583,0.1647510973551865,26.003428900636315,18.913733805949157
1075,35.832975,0.059338921644006844,0.16457621766672237,25.165348702767133,18.397846462911033
1076,35.866308,0.06181041739036274,0.1656086926555846,23.068643144469796,17.482205248248512
1077,35.899640999999995,0.06362757267007747,0.18163793326505387,20.76046034134962,16.46140205069199
1078,35.932974,0.06554089426451502,0.19065922765484888,20.40750853459406,15.981403069198088
1079,35.966307,0.07075472676456666,0.19111972277271672,18.36240417917223,15.566770856143856
1080,35.99964,0.07275728229807779,0.1831702958891852,16.301316171277612,15.080991950156214
1081,36.032973,0.07354393268010889,0.15135482535274092,14.790540925024974,14.151412033536898
1082,36.066306,0.07728547670248223,0.11548394014644325,6.387951321949246,12.476095191735128
1083,36.099638999999996,0.07895098032331126,0.11904276147459378,-7.42963846953331,9.650120832330716
1084,36.132971999999995,0.08081140975833148,0.12091149304282031,-14.830520893538027,7.300104637990478
1085,36.166305,0.08354064808325014,0.11001780291939978,-16.86360858663135,5.605246586498891
1086,36.199638,0.08581344539058795,0.09612262887183051,-21.552453763421173,3.6623643972566655
1087,36.232971,0.08908215074756555,0.12017919653028199,-24.98082763186844,1.6809403078587384
1088,36.266304,0.08984438788998277,0.12239180444245465,-26.86139623470849,0.34824524088758324
1089,36.299637,0.0939453583209724,0.13410431868748823,-28.811068252539947,-0.4781192378168026
1090,36.332969999999996,0.09509760494596456,0.12052751548421363,-29.07151547751681,-1.4731991759786474
1091,36.366302999999995,0.09577636328046535,0.12903467340834926,-28.93280425342657,-2.132912796037967
1092,36.399636,0.0976088053312814,0.12899821581640925,-28.944275287612967,-2.949774733498284
1093,36.432969,0.09984266170002211,0.1295846109365687,-29.43802275112815,-3.5641525913362795
1094,36.466302,0.1004735376798469,0.11807198880113703,-30.234642873653346,-4.664880800880543
1095,36.499635,0.10136379507025949,0.1169291411619699,-30.233975349189734,-4.887860994932891
1096,36.532968,0.10079463994207499,0.10441031208138915,-29.938877510411256,-5.636458059535969
1097,36.566300999999996,0.10175278840925794,0.1149451055663105,-30.542666192984388,-6.438178250156963
1098,36.599633999999995,0.09975104921282169,0.12875129436961708,-30.741332932465223,-6.823394025980086
1099,36.632967,0.10015454295312176,0.14563088568174287,-31.328308768078912,-7.268344835909858
1100,36.6663,0.10304695730427106,0.10808818637694603,-31.244725645751622,-7.495150875982517
1101,36.699633,0.10126679555024057,0.12863963484409463,-30.83625983612842,-7.636731577722893
1102,36.732966,0.10622886218846125,0.13100167859371548,-31.58338898592307,-7.990003553653628
1103,36.766299,0.10475275469996538,0.13176824443612295,-31.832867722503426,-8.440826206066085
1104,36.799631999999995,0.10229048172417853,0.14178784259010202,-31.510756115728945,-8.381693891638221
1105,36.832965,0.10254992661995083,0.15294624271278986,-31.6826316476778,-8.947472621915308
1106,36.866298,0.10359675383484533,0.1534612576983923,-31.57004499312777,-9.447020421348288
1107,36.899631,0.10507785811833266,0.1675324731104716,-32.01225602025338,-10.187545436976881
1108,36.932964,0.10469833277440921,0.1720580929537411,-31.6754792422272,-10.655341189645949
1109,36.966297,0.10836013552692088,0.162260298596879,-30.983707120170614,-11.04860367914205
1110,36.999629999999996,0.10358242820053046,0.16091151408278645,-30.24937625865272,-11.921762651816984
1111,37.032962999999995,0.10192770313017017,0.17255284818192956,-29.594871042317074,-12.58779128447851
1112,37.066296,0.10340603898570212,0.16482541400118106,-29.33681867355803,-13.11289595655656
1113,37.099629,0.10257197118847024,0.18244750092700263,-29.38659408272558,-13.447262878653627
1114,37.132962,0.10074115705844941,0.18666279638368638,-27.544745808251545,-13.374296639345205
1115,37.166295,0.10016999839457351,0.1663711176794275,-27.51676960332004,-13.945875312590118
1116,37.199628,0.1024014397806883,0.17745408071886,-27.10804096213411,-14.207673440949922
1117,37.232960999999996,0.10249137414300794,0.16503975632660195,-25.28627045627797,-14.414608703283665
1118,37.266293999999995,0.09927187681884388,0.16802182683904948,-24.501479177112707,-14.802556281155113
1119,37.299627,0.09368969082598652,0.16903303574029063,-25.075646633320435,-15.339926071149238
1120,37.33296,0.09920927883608553,0.1883390349468213,-25.34529231475558,-15.884990119508359
1121,37.366293,0.09585368310210961,0.18860772759095162,-25.165836012389253,-16.34825020475416
1122,37.399626,0.09605949061336358,0.1684782213240852,-23.49862506889319,-16.63437256214826
1123,37.432959,0.09506535696615326,0.16640437128610197,-23.147820258390954,-16.820403919245017
1124,37.466291999999996,0.09739746674010134,0.18303357791424446,-23.598272885963368,-17.099704522113726
1125,37.499624999999995,0.09780494573836476,0.16714293459630328,-23.198503078989216,-17.122380592076937
1126,37.532958,0.10084630341663384,0.1881996969347467,-23.711228347278926,-17.414517362976298
1127,37.566291,0.09787542511019519,0.1719786843221781,-23.68527631952195,-17.389439776833512
1128,37.599624,0.09468519863594335,0.1715151401093244,-23.52411464217635,-17.31114187864682
1129,37.632957,0.09458652197957015,0.17941448695483164,-23.981622858008162,-16.593949662643414
1130,37.66629,0.09030393035944485,0.17972406584753958,-24.66808783832932,-16.407977095944844
1131,37.699622999999995,0.09174867988022503,0.19646209593460556,-26.366721341660224,-15.62086181512653
1132,37.732956,0.09947045590794873,0.20755161143582804,-27.531083410186337,-14.749408018207287
1133,37.766289,0.14054488925145844,0.21515848433269794,-28.36260390475842,-14.683802650925166
1134,37.799622,0.10422088868135398,0.21400633212337827,-28.207201026109704,-13.78803403466523
1135,37.832955,0.09793460144971262,0.20380110351182343,-27.34587622501946,-12.88256007977879
1136,37.866288,0.1028262739601804,0.20838872455390578,-27.37247837479145,-12.588098218338695
1137,37.899620999999996,0.09957007595140668,0.18444196141350744,-27.405236780277992,-12.024889112180416
1138,37.932953999999995,0.09891960139210153,0.16557604354236893,-26.743928592005325,-11.722454889122615
1139,37.966287,0.10485353352549584,0.17102699189928075,-28.236694636411865,-11.15818635542021
1140,37.99962,0.09856108253394066,0.17903813563835538,-29.036949626433312,-10.799363967523131
1141,38.032953,0.10128735214855522,0.1636107681568063,-27.99452413937042,-9.80810099350457
1142,38.066286,0.10210518611909448,0.1609877883004845,-28.914833529043108,-9.013549842969232
1143,38.099619,0.10208239418898152,0.17449306610252474,-29.4952252859426,-8.463315495712795
1144,38.132951999999996,0.10731915688135293,0.15476549995989192,-31.51444704334799,-7.5461686260755565
1145,38.166284999999995,0.1377237726230194,0.18275808443421548,-32.942471928308834,-7.285804246253401
1146,38.199618,0.21036539809337715,0.15827308123127212,-34.172086282631305,-6.603028146644027
1147,38.232951,0.2108258038474876,0.1724327928237666,-34.40918058125192,-6.711737755979609
1148,38.266284,0.21466099572062117,0.17628975953533385,-35.032843706355486,-5.616486152188364
1149,38.299617,0.19660781084743562,0.1903235728092522,-34.292936773621015,-4.8850344955628
1150,38.33295,0.19198483964916369,0.18975427146190998,-34.99564407896455,-4.4513917166814165
1151,38.366282999999996,0.27330184151163023,0.17271070618337198,-36.01770128853513,-3.4685919464143202
1152,38.399615999999995,0.221887165977116,0.22226164226632017,-35.57587313439411,-2.9594614450808994
1153,38.432949,0.21575575592890878,0.22372463467047443,-35.8725191782795,-2.8966884845178043
1154,38.466282,0.1698910793508156,0.23325411731277756,-36.460040051070685,-2.609297158541892
1155,38.499615,0.13464180965496983,0.2296483085710827,-34.825045148067424,-1.7097756452166872
1156,38.532948,0.13193354085914488,0.20263439552557388,-36.40811329875632,-1.2496611063700596
1157,38.566281,0.14250178124243956,0.2007480084450234,-35.14368729077119,-0.8243709071150277
1158,38.599613999999995,0.15187719797568458,0.18110468537996793,-35.335043339526855,-0.5623626171300905
1159,38.632947,0.13841633385291174,0.17542199008798431,-35.54186969598394,-0.17829779193616133
1160,38.66628,0.11648822849368262,0.21885594536909067,-35.74443762159137,0.2131872633043709
1161,38.699613,0.11614020541660112,0.201788242054241,-35.30626223474797,0.825759541508441
1162,38.732946,0.11300989119580307,0.1919973889054056,-34.84980132437008,0.8731747553233857
1163,38.766279,0.11393159989366503,0.19830778407726973,-35.06754614761904,1.0590172465152887
1164,38.799611999999996,0.11842507472110492,0.22448101660399786,-36.43058495337284,1.355793397516895
1165,38.832944999999995,0.12391268473514438,0.22936863246596667,-36.58510991475956,1.0627742655147439
1166,38.866278,0.11631257279681295,0.20460976244186435,-36.94855022012863,1.3106118364102564
1167,38.899611,0.12692478314995437,0.20253287884275956,-36.592166434042,1.5715149766299144
1168,38.932944,0.15792645619035414,0.21408791037123354,-37.15213641919007,1.216241521567781
1169,38.966277,0.18447004679487433,0.24369369353572745,-38.05599876435943,1.5584304954879051
1170,38.99961,0.1871915229440092,0.2503691182842909,-37.955811516978876,1.4891628490160838
1171,39.032942999999996,0.1464153483463161,0.24308640658699798,-38.00919243853414,1.1953801134889843
1172,39.066275999999995,0.1667855082420424,0.2373774224084973,-36.89060656749546,1.3268517821408417
1173,39.099609,0.12486815039204467,0.2453940299371497,-37.91185274979692,1.3866163061591277
1174,39.132942,0.11335146138915822,0.2593501439886249,-37.790443379661085,0.6486868487653167
1175,39.166275,0.11006393822116699,0.2873199085213007,-38.410696179218604,0.5619341564436834
1176,39.199608,0.11211620262923196,0.3095949580245752,-38.8800636335677,0.20481277166572345
1177,39.232941,0.11492273331083877,0.30456536350349883,-39.48166908620083,0.0061961655838189906
1178,39.266273999999996,0.10760234091906895,0.27587886324113686,-39.32172342409893,-0.4275108195827535
1179,39.299606999999995,0.11566645205211502,0.2882645902064807,-39.88627786531305,-0.7365383613623528
1180,39.33294,0.2163305418124644,0.28203898772462194,-40.13538260310336,-0.8557462168886447
1181,39.366273,0.2658083745023833,0.24333526079224416,-39.478845476786404,-1.0576809344965232
1182,39.399606,0.22984178958021212,0.24960438569804602,-38.89394584319239,-1.2149612458190946
1183,39.432939,0.15799418460055684,0.2301117748786577,-37.510221023778506,-1.6736223673072812
1184,39.466272,0.11397024330106845,0.20545806664511673,-35.60568717088422,-2.6876387386737215
1185,39.499604999999995,0.11688100534936936,0.22008738506225856,-34.606693034689876,-3.5127845553377535
1186,39.532938,0.1141953291634801,0.20028411961931716,-32.71304081640994,-4.639174735958898
1187,39.566271,0.1097567071259451,0.19956531978050002,-31.601280643724643,-5.037765505356042
1188,39.599604,0.11114597987986048,0.22653577810822947,-32.75546333897879,-5.625742399104133
1189,39.632937,0.11174044470633433,0.22612769627439827,-32.63102331145185,-6.122312249956661
1190,39.66627,0.11118726777434074,0.217795578202382,-32.004728385031385,-6.761889734238025
1191,39.699602999999996,0.11030103470115273,0.20509754507198122,-32.07862903396043,-7.1775756746739
1192,39.732935999999995,0.10909832313041186,0.20110433797113159,-32.49670177698063,-7.429804132150549
1193,39.766269,0.1154801775893945,0.227474005266209,-33.07532887461442,-7.668086023564723
1194,39.799602,0.1138586115706362,0.22684879901621027,-32.863048136924675,-8.229373034052324
1195,39.832935,0.11426121283940281,0.2014860611720306,-31.102871167777806,-8.488604228539206
1196,39.866268,0.11462416790574256,0.21532180918951985,-30.73847457390565,-8.449357959453154
1197,39.899601,0.11089193000087152,0.20518697298060412,-30.108079943946972,-8.817089545269662
1198,39.932933999999996,0.10898533888796934,0.2273101298032163,-30.41175407414794,-9.151499940355496
1199,39.966266999999995,0.11815402562341212,0.2120302935234404,-30.85646007271405,-9.096219797819384
1200,39.9996,0.1132966124464677,0.21318513398932096,-30.819905033429976,-8.811630407391105
1201,40.032933,0.10910923777377655,0.21757781080232777,-30.34890926191111,-8.172502129345611
1202,40.066266,0.1050609318818245,0.21502666021134065,-29.531334319132057,-7.6410990479082415
1203,40.099599,0.10527285982992748,0.21040971719226154,-29.011302689061488,-7.163168396714276
1204,40.132932,0.10386572023154984,0.12312233751429885,-27.45016785041128,-6.694267968549555
1205,40.166264999999996,0.10158212402351086,0.10196106697807897,-25.526861206128046,-6.00402710586594
1206,40.199597999999995,0.0952366788625277,0.1016031169834147,-22.09434358438328,-4.924933189858007
1207,40.232931,0.08547628686106887,0.11873182048014361,-17.499897889971166,-2.7634612450899487
1208,40.266264,0.08989378749695552,0.12319141784971098,-12.483501436596088,-0.7395622567209394
1209,40.299597,0.1361154407676028,0.1750561070035316,-8.838016260725672,1.2123205255979075
1210,40.33293,0.14268754175390116,0.21721173143498054,-6.641038502331167,2.5939815426564077
1211,40.366263,0.1422053842991577,0.2376873519612846,10.906518551741637,5.481370165772172
1212,40.399595999999995,0.14509139519587907,0.25801944439896507,18.28699131212958,7.800696779057284
1213,40.432929,0.16322716752722347,0.27547877173779567,21.556505843151466,8.751924808821716
1214,40.466262,0.16778521326385365,0.2786153547322241,23.536318867340697,9.931165854718175
1215,40.499595,0.17107219293209347,0.28894137341895126,25.681932759134135,11.156290100425974
1216,40.532928,0.17444640909493567,0.29203517519155897,27.347327658981744,11.943984069162525
1217,40.566261,0.1751648788015552,0.2969326199360224,28.2117952526643,12.486439543963519
1218,40.599593999999996,0.18113448605335167,0.30477674349960526,28.589086413110163,12.763820151865666
1219,40.632926999999995,0.18117041337914794,0.3036327578528337,28.73841311800433,12.818571788198888
1220,40.66626,0.18509314385338607,0.2952235855007022,29.17961279068421,13.396350832450203
1221,40.699593,0.1856014823506312,0.30157980758757763,30.239977093908053,13.796928980544235
1222,40.732926,0.19479235410942464,0.30545788679914504,30.27800007685685,14.029228636211128
1223,40.766259,0.19892257322448098,0.29970206062604066,31.25550882033112,14.373957127270405
1224,40.799592,0.22005479619165244,0.30744066998386843,31.209178554787098,14.25543045184714
1225,40.832924999999996,0.24210221501616105,0.3064225533419481,32.421637672387206,14.45657056514531
1226,40.866257999999995,0.24594484790127702,0.28401113855196275,32.149490161819195,14.78773827644587
1227,40.899591,0.24291643539010033,0.28965240078081433,32.34394990445556,15.065819849354318
1228,40.932924,0.22886314449627942,0.2854336637381756,32.025380836524754,15.452516832987937
1229,40.966257,0.17762797698295305,0.2843742338076119,30.523168722114583,16.34018374282876
1230,40.99959,0.1328768540893657,0.27010807164963313,28.056297102453424,16.847172235332017
1231,41.032923,0.11295033227301084,0.25631948168244817,26.784599866827282,17.374637526956995
1232,41.066255999999996,0.09105482889193231,0.24512897233467368,26.16796148863492,18.250290544114176
1233,41.099588999999995,0.089536629609701,0.23921973231286173,25.61783056588913,18.835375313165585
1234,41.132922,0.10023640667716636,0.2397427570147779,24.76492562358415,19.16621175231073
1235,41.166255,0.1222130880173137,0.2354454763612183,24.377252938279177,19.440996239480906
1236,41.199588,0.14798192574189545,0.2387298116020733,25.336078448874698,19.803783344763044
1237,41.232921,0.15191826304293657,0.24139921468891387,25.785557555625992,20.585155019559085
1238,41.266253999999996,0.15717534828544105,0.24433123102595883,26.02573534780035,20.78017038242785
1239,41.299586999999995,0.16018519868008158,0.2317980390182187,26.2897735453643,21.5992079737578
1240,41.33292,0.15279997287410496,0.23439887803649573,26.10943328382955,22.335372563996597
1241,41.366253,0.1529432740448046,0.2345558307875747,24.814976906089367,22.499823578546824
1242,41.399586,0.14810381236288594,0.2397651266102619,24.31203762611851,22.95018824367177
1243,41.432919,0.14679202705625824,0.24837916324891507,24.564289236460027,23.4073122612425
1244,41.466252,0.12464415233208967,0.23981898590148318,23.721304659432793,23.73144880617434
1245,41.499584999999996,0.12099597255120681,0.2396879598502531,22.5367144551547,24.02811683819776
1246,41.532917999999995,0.11769809863250201,0.23362853381723453,22.03980011363426,24.08809193830822
1247,41.566251,0.13148297627864183,0.2329207353828016,22.367907409875976,24.25982932139435
1248,41.599584,0.10426718151830716,0.2358970904679391,22.111798732012687,24.528567281701356
1249,41.632917,0.08649369015344564,0.23236490076435912,21.315955404016986,24.594167955914756
1250,41.66625,0.07864926632461083,0.2343972904805936,21.376477271852302,24.70181825331065
1251,41.699583,0.07488008969123841,0.24927515146057,20.983033002959658,24.899274449020183
1252,41.732915999999996,0.07465842417416883,0.24529142784439012,20.9517958010824,24.712849061853348
1253,41.766248999999995,0.07422038468739663,0.24771328836734102,21.80542003856412,25.095181402756157
1254,41.799582,0.08675580083354194,0.2322123564633286,22.681706170118723,25.257344196525413
1255,41.832915,0.10829421432270875,0.24728853521108346,23.369950293482542,25.281184122600465
1256,41.866248,0.1277956787868638,0.24616123262935483,23.820060345456653,25.03662897675047
1257,41.899581,0.12354501713098569,0.23895485935447544,23.952670901361063,25.383971116772457
1258,41.932914,0.11424588128702542,0.24146672518502865,23.26240286270517,25.139833505120702
1259,41.966246999999996,0.11193156383696413,0.25552430000848775,23.383498605617095,25.40802911245592
1260,41.999579999999995,0.07973742530557437,0.25723140263488753,22.7175434786778,25.739139590433936
1261,42.032913,0.07516166468885398,0.2586318622650187,21.375451365649184,25.725728411242496
1262,42.066246,0.08381195294791663,0.24901525150713694,20.557943254274882,26.202440670281586
1263,42.099579,0.07742575844698783,0.2654562465086625,13.394835796580706,-154.59647981034007
1264,42.132912,0.08107814816950017,0.2715784527908548,13.750744236733896,-154.8903195888001
1265,42.166244999999996,0.07628766260370952,0.2726644536213669,22.009518844884653,26.389874516345998
1266,42.199577999999995,0.07913091642518467,0.27501492511613274,23.454621773862517,26.304038285309122
1267,42.232910999999994,0.08277521273724911,0.2868492073903332,23.435310942391354,26.266602042333023
1268,42.266244,0.11031700826361174,0.28457369080896633,25.01790126796375,26.387141140612925
1269,42.299577,0.07676115722714233,0.28004805726392634,24.767192603932425,25.664801718429555
1270,42.33291,0.07774712950703944,0.2847040982950214,25.962335470313917,25.171424633485433
1271,42.366243,0.07413652995298194,0.2906317553670973,26.47733854629508,24.545908476570226
1272,42.399575999999996,0.06981234997082993,0.2869884129419348,27.464748457593036,24.4588587647398
1273,42.432908999999995,0.06988889153684082,0.2813556480959196,26.374229951707708,24.245434499934145
1274,42.466242,0.07296286461980353,0.2787498037971375,27.231964674974662,24.222467453016026
1275,42.499575,0.07247745719163881,0.27581499727403636,26.731291266605293,23.493872909666315
1276,42.532908,0.07320472482626958,0.2719321778334053,25.415937815710958,22.84736533865803
1277,42.566241,0.07349277084979057,0.27087616083770316,25.73109141004654,22.615992756202175
1278,42.599574,0.07089822060510553,0.2665203424192468,25.91781103688213,22.21207477374794
1279,42.632906999999996,0.07040684872606733,0.26733096789286576,26.099056210347392,22.14063521535028
1280,42.666239999999995,0.07085175019946867,0.2734789506298436,26.683776482746662,21.822558389978454
1281,42.699573,0.06963668368897732,0.27401982137418,26.8117406162075,21.793014324697374
1282,42.732906,0.06733771298003861,0.2649885118967633,25.2204105620157,21.341365201080325
1283,42.766239,0.06953058239258698,0.2604130782663919,24.897969854437758,20.97695203350269
1284,42.799572,0.06715248365480675,0.25630179543764414,25.108311491382743,21.266301058478778
1285,42.832905,0.0688239000070261,0.2629966218110251,23.642031968998932,20.947432290613797
1286,42.866237999999996,0.06929926740533432,0.24637537401773274,23.87106212307268,20.790198392921187
1287,42.899570999999995,0.07128387133567032,0.24724358716077183,22.6207696633479,20.607808509223016
1288,42.932904,0.07129339887144247,0.24375110383445892,22.989982071160696,20.57858933709134
1289,42.966237,0.06989039619485526,0.23836267828418836,23.1543086232706,20.7695577286205
1290,42.99957,0.06871116429555744,0.24767196322388627,23.00700879118844,20.779266151801192
1291,43.032903,0.06651368700894096,0.24007206816573767,22.823160612726657,20.705783667684248
1292,43.066235999999996,0.06617401005614423,0.23881155347224617,23.878502437363895,20.952681586061892
1293,43.099568999999995,0.06727725479699256,0.23890477252328302,23.276443946838633,20.9385793711185
1294,43.132901999999994,0.06828636120523644,0.24316028553221447,22.74072088854233,21.123144378281726
1295,43.166235,0.0699278515804846,0.24365115415597682,23.163149596753907,21.230512673366217
1296,43.199568,0.06966710226613335,0.24521525749675505,23.300383011563067,21.168662929905054
1297,43.232901,0.06906923040912777,0.24198665996374596,24.5798091636523,21.55309275499438
1298,43.266234,0.06746348514340156,0.24163193248600784,23.84140461280959,21.647427821612357
1299,43.299566999999996,0.06774033236215021,0.25216174707197514,24.14171448018517,21.661737293471425
1300,43.332899999999995,0.06709014363189034,0.25157503687627825,23.656256549816803,21.91767649631263
1301,43.366233,0.0683385340692074,0.2457020903063471,22.67095673116533,21.83810845941062
1302,43.399566,0.06785034180996888,0.24604389648612193,24.002051138212877,22.12961692405786
1303,43.432899,0.06809590663594942,0.24434567523316864,23.5285998422379,21.9469909701725
1304,43.466232,0.06816088994801822,0.2507669605557432,24.451042944840218,22.126637087619475
1305,43.499565,0.06784014398590735,0.24980796352772597,24.46358837489328,22.110855526023748
1306,43.532897999999996,0.06757677524854933,0.2525044986957622,24.410982807982695,21.88707578917407
1307,43.566230999999995,0.0680766666348371,0.24715892190833266,26.323269204447342,22.37536423533567
1308,43.599564,0.07033760461337737,0.25612903590853386,25.90033998624014,22.248864762008715
1309,43.632897,0.10902163604156602,0.24930521869170708,26.65544025966431,22.159477152246403
1310,43.66623,0.11225121193237904,0.26616900313289715,27.643796574647375,22.028423367576178
1311,43.699563,0.11433187233239313,0.2612446628627769,27.868583239521183,21.796148194875137
1312,43.732896,0.12187983984453601,0.26145252459788415,28.552910896048438,21.67994874684555
1313,43.766228999999996,0.1155405204155651,0.26432027431313676,28.356096950243487,21.477799502777405
1314,43.799561999999995,0.12249043695720524,0.2707772759424585,28.958496669750208,21.413998002721318
1315,43.832895,0.12176198518597064,0.2616196033367768,29.557871038369772,21.252289955507194
1316,43.866228,0.12564483084102193,0.2701959219300244,29.361836001625615,20.86303989074861
1317,43.899561,0.1298728470646024,0.26687008083157854,30.099132916712225,21.150281474805716
1318,43.932894,0.1371973267695752,0.26802907406448084,29.956242885025954,20.8785957723228
1319,43.966226999999996,0.13720580717706293,0.270188444072031,29.408948861539653,20.72633309754302
1320,43.999559999999995,0.12753591638261336,0.265919012281072,29.29420097180938,20.32310811739538
1321,44.032892999999994,0.1290172474276803,0.26696587849569736,29.361427176906883,20.01232974638854
1322,44.066226,0.13049065793772888,0.26187829417595054,29.262240878601304,19.867034841401214
1323,44.099559,0.13959542196793734,0.26360699824253164,29.328743095521567,19.517456519117665
1324,44.132892,0.13947526694439819,0.2413832580702304,29.297750397694866,18.98950960550459
1325,44.166225,0.14024493937075236,0.15419313624048303,27.030133893676183,18.32150024059655
1326,44.199557999999996,0.1393697423292118,0.09013605695966395,25.121746453324302,17.642732558517398
1327,44.232890999999995,0.14622789899510366,0.11273303541989778,25.422906547932485,16.413964934139084
1328,44.266224,0.15526202513784895,0.12951500528913096,25.603995989989613,14.92930203467307
1329,44.299557,0.16624469721669724,0.13307550201740312,21.66305192056433,12.73449291219498
1330,44.33289,0.16694610980776006,0.15419472030391512,17.080120475088208,10.41453247842148
1331,44.366223,0.17040021374927705,0.1929510521808717,11.495183220905146,7.958396929204194
1332,44.399556,0.17032619237103244,0.20588477751140188,-12.838627867787038,4.088739346267667
1333,44.432888999999996,0.15582156119941074,0.20026476984164354,-15.039752552554319,2.0499305801086987
1334,44.466221999999995,0.15790632541082078,0.18723975252181518,-20.330298499903986,0.344049257376186
1335,44.499555,0.1683886918805089,0.15370977418736143,-22.31125013896367,-1.1328498505768312
1336,44.532888,0.15988124579641197,0.14884579947423437,-25.609919851015476,-2.7702168868699064
1337,44.566221,0.15754023534115608,0.14963143127334136,-27.18341004769601,-4.536926134383285
1338,44.599554,0.12208770613559407,0.15221524050706825,-28.543756603492906,-5.517499037511379
1339,44.632887,0.1679798283413519,0.13923822497471708,-28.565785344154953,-7.29963276650019
1340,44.666219999999996,0.13586795658200324,0.13888586191506236,-28.807333939597534,-8.08454214356146
1341,44.699552999999995,0.09855880459186339,0.14134822980485356,-29.040936370315574,-8.681031626181136
1342,44.732886,0.09918519017826209,0.11940788587574593,-29.345635302328926,-9.1671959996456
1343,44.766219,0.09815462080769197,0.1258610566014038,-29.230589462295278,-9.289849549545211
1344,44.799552,0.09932794018199048,0.1348095746714107,-29.163358881453625,-9.245092378400841
1345,44.832885,0.09914249350169124,0.12600218402926402,-28.67413056994979,-8.787776701690264
1346,44.866217999999996,0.09691538561462236,0.1336368324472591,-29.334682052318882,-8.936388848288956
1347,44.899550999999995,0.09944952880679732,0.13368831786018467,-29.42228268459084,-9.004136447772622
1348,44.932883999999994,0.09910355167592656,0.1222538619252892,-28.459643801854668,-8.591191719582694
1349,44.966217,0.09678985109119567,0.13239530915428777,-28.649115825076308,-8.86695512443876
1350,44.99955,0.10093864739837197,0.13158887624978546,-28.826185229100478,-8.641204354269336
1351,45.032883,0.09698635474333192,0.12168147626282166,-28.662535715894652,-8.393340141814916
1352,45.066216,0.09662718120404228,0.1334031785234673,-28.106925548645712,-8.021511876212644
1353,45.099548999999996,0.09894939174249355,0.14487133201045152,-27.727497976882617,-7.912040417769456
1354,45.132881999999995,0.09837620660679135,0.1484274113099429,-27.340337925798767,-7.508746679845872
1355,45.166215,0.09984390828399724,0.14854466767421953,-28.371696281678698,-7.428591227441315
1356,45.199548,0.10103546166425388,0.14282950449230844,-28.74124536251036,-6.998629665781266
1357,45.232881,0.1014946647979693,0.142833242787559,-28.734275332082987,-6.794386489162664
1358,45.266214,0.10096450493445658,0.1448536524543358,-29.00639514054568,-6.590688036180185
1359,45.299547,0.10807296491935833,0.14799349976166226,-30.26306389754397,-6.4701176520680574
1360,45.332879999999996,0.10716508372960266,0.14767618744875094,-29.205752930797093,-6.150752535839484
1361,45.366212999999995,0.12609410572615526,0.1408632871753988,-30.62550354035576,-6.4481369032342855
1362,45.399546,0.12441688781687778,0.13260329806871254,-30.282682147281164,-5.891348364533458
1363,45.432879,0.12017228037039634,0.1763629848751822,-29.930140986989844,-6.465149933854141
1364,45.466212,0.10272230214341938,0.208102361689523,-30.68711830300919,-6.724009993503156
1365,45.499545,0.09856642827772512,0.22719613223943302,-29.877994198819316,-6.1896755232553895
1366,45.532878,0.09486276978153187,0.23431879992514748,-28.86726558411255,-5.88380341101166
1367,45.566210999999996,0.09245607461048541,0.24845804249964648,-29.448809059123455,-6.241982082897195
1368,45.599543999999995,0.09242738796619689,0.24368664505405935,-27.21465393650655,-6.281570532430456
1369,45.632877,0.09092452163237624,0.23514658387826107,-26.61617641281187,-6.145060221239059
1370,45.66621,0.0863783440548105,0.2366091384810368,-25.23952551076492,-6.126039100389322
1371,45.699543,0.08527294054774513,0.2272780795582121,-24.826795437339143,-6.051593615897567
1372,45.732876,0.08995347221103449,0.23659180092438753,-23.466490712101137,-5.42620536244716
1373,45.766208999999996,0.08945572206098232,0.23658969587065443,-23.035014616483934,-5.261811785371474
1374,45.799541999999995,0.08693194313803086,0.22502943242076395,-21.769396484957696,-4.683714356963829
1375,45.832874999999994,0.09041376627357815,0.2359843047773374,-20.893973919826106,-3.720569703120935
1376,45.866208,0.0849989075143748,0.23783320264292346,-21.280704135398476,-3.0662797873775185
1377,45.899541,0.08346863933245345,0.2211838858793298,-19.593512590425405,-2.1859663576050847
1378,45.932874,0.08051383474375981,0.22957020528566863,-19.351336444212603,-1.2548665903054688
1379,45.966207,0.07895171558601818,0.2196920835559622,-17.454413609710738,-0.3415124737045654
1380,45.999539999999996,0.07650410960548852,0.2290592010480641,-17.449015246754996,0.324060151865193
1381,46.032872999999995,0.07726833491115928,0.2316697835418269,-17.10401610275917,1.1408751744628836
1382,46.066206,0.07621955610309106,0.23247212055829292,-17.335135269458952,1.7461074649480313
1383,46.099539,0.07624212072584963,0.22981351859877924,-16.100107631001116,2.4165051445712598
1384,46.132872,0.0757546217719161,0.23137363188277746,-16.11082991991204,3.0519929820657055
1385,46.166205,0.07711917544019758,0.2332457812540158,-15.558131959261724,3.5171845911692845
1386,46.199538,0.07543372095733836,0.2278858672500407,-16.574268671173837,3.5865243371722357
1387,46.232870999999996,0.07661117851348377,0.2328198950880191,-16.097171710451494,4.191417003365545
1388,46.266203999999995,0.07694978573438954,0.22802229280404498,-17.02619985871762,4.367564906145242
1389,46.299537,0.07495054488537052,0.22214061356665177,-17.746317297285323,4.4729915267895395
1390,46.33287,0.07668984291946371,0.23391881240365023,-17.948285719470743,4.697416890613938
1391,46.366203,0.07668284452342755,0.24268017658350421,-18.60454811196573,4.971362680805665
1392,46.399536,0.07703880402363039,0.24256642315965202,-19.79498818543643,4.909721841565017
1393,46.432869,0.07667170926347779,0.24068559814053708,-20.21839842977559,5.163465726509232
1394,46.466201999999996,0.0767348034107641,0.238907094131575,-21.13850603013284,5.395807186358935
1395,46.499534999999995,0.0820464802007185,0.24268082232044536,-20.4689366331632,5.611410471153556
1396,46.532868,0.1601506379857999,0.24324248746489374,-21.940002092696332,6.016424079015769
1397,46.566201,0.1897456630882138,0.2511262329520836,-22.96018761334735,5.7528675932526046
1398,46.599534,0.19129443323615614,0.24013885449949746,-21.327362157431548,6.070876509745859
1399,46.632867,0.1961881491299658,0.25113594396160954,-21.825066204182463,6.068421212346102
1400,46.666199999999996,0.18965966228802084,0.2344455957580866,-21.390967492685917,6.026922298999589
1401,46.699532999999995,0.192673978832561,0.22902949384078788,-21.307675106821954,6.13643152868215
1402,46.732865999999994,0.18254862496992774,0.237638617217047,-21.590762677285205,6.074495188663351
1403,46.766199,0.16906163802186056,0.23804915511699687,-22.023179139781085,5.866345110327277
1404,46.799532,0.1669327227099397,0.23638192342130032,-21.650181495629624,5.68619171056348
1405,46.832865,0.1565269224096186,0.23657742905475682,-21.668561971302406,5.594643161935284
1406,46.866198,0.15368099661923074,0.23783191304764323,-21.122079558014608,5.3977699056864905
1407,46.899530999999996,0.1473630232978418,0.2296955519570287,-20.0106432183754,5.4071118843179695
1408,46.932863999999995,0.14082893626052864,0.22745141694274587,-18.889904364740588,5.2843275667027925
1409,46.966197,0.13397355493332397,0.21462655914520895,-18.783335128352622,5.039477853051913
1410,46.99953,0.12437293010883174,0.21836784485446076,-18.81359819949095,5.05377915198188
1411,47.032863,0.09910639117585154,0.22425663258964618,-16.6059358330654,5.25847404248281
1412,47.066196,0.07921001303348967,0.22951238825280193,-15.94599999740269,5.083773256826554
1413,47.099529,0.08020469225502254,0.2281278545105427,-14.043194907745645,4.9388648016528665
1414,47.132861999999996,0.07781365885734036,0.22436338197883843,-13.80459412132543,4.653042977673575
1415,47.166194999999995,0.08055936040105838,0.2186153751962257,-12.642419378118037,4.661380622179358
1416,47.199528,0.0831582874571661,0.2295557463949544,-12.878657068571039,4.536733335583114
1417,47.232861,0.08355848217729128,0.21995743708308996,-12.850891563968108,4.179536394855842
1418,47.266194,0.07941068348053018,0.21552790395575977,-12.144239374321456,4.271247494952167
1419,47.299527,0.07791266207040345,0.2111134078406986,-13.345015210825688,4.0864717714136845
1420,47.33286,0.07896128294685559,0.20815750276141792,-11.415606004114938,4.135772958204035
1421,47.366192999999996,0.0775663018458406,0.21050255145513555,-11.352748104207587,3.907702301433836
1422,47.399525999999994,0.07407821074642051,0.20612273629399197,-11.231151468337599,3.7636341801966875
1423,47.432859,0.07510222518994691,0.20672433381967192,-14.600440973846911,3.2128190355012842
1424,47.466192,0.07515159130047583,0.22625861610169468,-15.038541686953245,3.009362560598904
1425,47.499525,0.2024721327028106,0.21936696039848222,-16.708958666990704,2.923520765359762
1426,47.532858,0.23657810835616455,0.22078874563851184,-17.136963036516313,2.594717487027754
1427,47.566190999999996,0.24745550562922788,0.2210859328569802,-16.742785257262476,2.1443501863046737
1428,47.599523999999995,0.23954102656623633,0.21917495875152576,19.25286800129844,4.6425421050083635
1429,47.632856999999994,0.24405184802475033,0.22569866136914415,-12.309830476074378,1.3912875329905228
1430,47.66619,0.20805575259198178,0.227685362895855,20.630903695330407,4.418791494564515
1431,47.699523,0.15524826022464258,0.21695834145451037,19.450793384214144,3.878153463417999
1432,47.732856,0.13004921989006799,0.21346619799132177,19.01323182454167,3.4886884677730854
1433,47.766189,0.08764370599260377,0.20549448964397352,19.36782441432842,3.178783627711423
1434,47.799521999999996,0.07688837335558342,0.20238850594695573,18.994167968657802,2.70930500812039
1435,47.832854999999995,0.07366803232160701,0.19548822336873928,20.526790865862115,2.3346253326841255
1436,47.866188,0.08556821918474623,0.1912035947092181,19.850661669620692,2.0647738154106254
1437,47.899521,0.09494541257535478,0.18267775372470574,20.235618023388326,1.2977328166886544
1438,47.932854,0.13840121994108573,0.19289812255937644,22.961200367849557,0.9262424858643314
1439,47.966187,0.13848983249850452,0.19812220291546223,22.514489926520298,0.3798549738266311
1440,47.99952,0.12748400120112194,0.20266363793169836,23.625209169358143,0.06284924263154333
1441,48.032852999999996,0.12433163140425985,0.20802727387745357,22.699866516619664,-0.6112489672151463
1442,48.066185999999995,0.10203202545403121,0.21279648803285334,22.64209635893346,-1.385949783431991
1443,48.099519,0.09969196467213011,0.21677929721326675,23.745925096811987,-1.850001957082491
1444,48.132852,0.09147535372082463,0.21909300907788165,24.729946866137748,-2.2827698240002463
1445,48.166185,0.07403332892696776,0.2186958329067643,23.98665150154347,-3.1884958932800527
1446,48.199518,0.07476218277934966,0.2161009510156127,24.82490244992594,-3.5942299049427207
1447,48.232851,0.07340288296328044,0.21778974045398242,25.2735114367283,-4.471389204696577
1448,48.266183999999996,0.07123641239751911,0.21140601456078636,27.8878266460568,-5.1994550544572915
1449,48.299516999999994,0.06954989511915284,0.2231227756555888,26.804796182596682,-6.053137119184781
1450,48.33285,0.0676901656052491,0.22021112352437988,26.451733984090016,-6.767954831485591
1451,48.366183,0.06778047471490606,0.22460469190486604,27.019484374451274,-7.226470142773478
1452,48.399516,0.07026013505473289,0.23143898812378194,27.611020705285558,-7.962016488815033
1453,48.432849,0.09477672876374355,0.2227005182912412,27.97632734772083,-8.143438194672479
1454,48.466181999999996,0.07675795834551118,0.23403521902902957,28.951870127387156,-8.335814627340723
1455,48.499514999999995,0.07915906269460811,0.23160498163085771,28.56863998399484,-8.253318017158806
1456,48.532847999999994,0.06481113312495436,0.2243040138674342,28.069964017200093,-8.891099332526124
1457,48.566181,0.0650857795927843,0.2224802598725037,27.845124000628644,-9.113108870592002
1458,48.599514,0.06480694973299464,0.21124847951162182,26.751221410578385,-9.258744447977392
1459,48.632847,0.06131801678360132,0.22080523772561128,27.141256790418286,-9.268665449641704
1460,48.66618,0.06070648236534644,0.2088760167846513,27.424079553958606,-9.147186652738368
1461,48.699512999999996,0.06051146651204103,0.2157945727026682,26.73501408019295,-9.35817426567725
1462,48.732845999999995,0.06272725190438536,0.20746522627941918,27.345525956025796,-8.96876927382038
1463,48.766179,0.06141394904034853,0.20786190618739261,26.28822372665032,-9.16774425608603
1464,48.799512,0.06073109139962741,0.2112017773705403,26.735605650914245,-8.909701566441147
1465,48.832845,0.060505830486582736,0.1946775241513605,26.917759767043112,-8.934348189707316
1466,48.866178,0.060424399593471755,0.20632300018259428,26.145790443141056,-8.756153263441528
1467,48.899511,0.062416769271073314,0.20244100679525345,27.016474825932246,-8.447950682834632
1468,48.932843999999996,0.062076975317377256,0.2084271589905204,25.79899059301652,-8.277359514013227
1469,48.966176999999995,0.06404241072059548,0.20032547504596904,26.684600000835015,-8.045600230341211
1470,48.99951,0.0643603024733567,0.20196580247868182,25.56503384937575,-7.936904692906485
1471,49.032843,0.06578548460399611,0.20368285697657276,25.3643426893368,-7.612582107845381
1472,49.066176,0.06528849147162678,0.20312972743554153,25.496940165856998,-7.404505609173266
1473,49.099509,0.06662363659882846,0.1900662451198312,26.100443549788068,-7.0917731444121666
1474,49.132842,0.06704118288511869,0.19341648284325336,25.097119210266275,-6.572237125192851
1475,49.166174999999996,0.06701941793625366,0.18977962920336702,26.506160451834255,-6.515046016547144
1476,49.199507999999994,0.0671241049368133,0.19501606008922598,25.459415335955857,-6.349197331586917
1477,49.232841,0.06880342313248776,0.19682541435518586,26.07403021347186,-6.157409023437063
1478,49.266174,0.0666530410842436,0.1966892468538841,25.93088245247099,-6.218207471607835
1479,49.299507,0.06749059222386625,0.1934384161901403,25.621291283657133,-6.013733647957667
1480,49.33284,0.06640882045052689,0.1838589412658178,25.233759298925794,-6.005889994257933
1481,49.366172999999996,0.0669244412321716,0.19161550104865682,25.827981063731453,-5.706458817828411
1482,49.399505999999995,0.06513912544472146,0.1884935875238692,25.660237871128267,-5.6989632819841
1483,49.432838999999994,0.0681608905274246,0.18605816553413412,24.36931708026147,-5.638950680634485
1484,49.466172,0.06575781885148861,0.18762546834535693,25.325487875769202,-5.699108554902159
1485,49.499505,0.06721955106463692,0.18525084004937276,24.415739127423233,-5.343277990422099
1486,49.532838,0.0672407515656165,0.18892819582345477,24.872021096435578,-5.305424409678719
1487,49.566171,0.06620236368147579,0.1829922307898804,24.44554287679683,-5.433284127636395
1488,49.599503999999996,0.06585470471891715,0.18371582343269965,24.855617988008756,-5.196178536698344
1489,49.632836999999995,0.06691492347576691,0.18564968023737322,24.961244077546922,-4.836502768344554
1490,49.666169999999994,0.06800721079052675,0.18009723930822424,25.543599917276666,-4.918377534936492
1491,49.699503,0.06627100539377552,0.17638785211207145,26.08513642185867,-4.988221524518903
1492,49.732836,0.06740709874000471,0.17608736789156848,25.737917562014655,-4.976697059800958
1493,49.766169,0.06627441429888734,0.1760077157195641,26.73321343721509,-4.528945571521987
1494,49.799502,0.11786887482308768,0.17553077685873636,26.14797197556831,-4.378522030492369
1495,49.832834999999996,0.14397140182764134,0.16881453985003264,26.96978086658751,-4.403760037276756
1496,49.866167999999995,0.1487974254709075,0.17799951529159366,26.672710497167085,-4.507037049427119
1497,49.899501,0.1589156525707951,0.1775084105754115,26.469401517428956,-4.381101410898548
1498,49.932834,0.15683965347623777,0.16706814291587269,26.907613105374804,-4.161445490951569
1499,49.966167,0.16140012705657508,0.18246988254768481,27.355436396984963,-4.273028260571927
1500,49.9995,0.1676565977336956,0.17923523029624033,27.76906772162425,-4.309058092948905
1501,50.032833,0.17612088892188157,0.17277867853682644,27.573153803647926,-4.3166016332354875
1502,50.066165999999996,0.19655354642233977,0.17535247941811555,28.931620131732213,-4.008613098831147
1503,50.099498999999994,0.2259856241860748,0.17033758818918987,29.469330541135186,-4.011261032780566
1504,50.132832,0.25748699827596117,0.18553157659053598,31.19427459006869,-3.86147231894253
1505,50.166165,0.2916845840080596,0.17320433409141398,31.358274210303673,-4.117753731306545
1506,50.199498,0.31732408512520155,0.18840451970391434,31.853516813489595,-3.828449096118121
1507,50.232831,0.31925024924206963,0.1748659326462232,31.4638236093416,-4.0796285352277595
1508,50.266163999999996,0.3644104116178225,0.17532084852773092,32.40859665786915,-4.067755524238081
1509,50.299496999999995,0.36897272265736614,0.16852310919193209,32.42613344328626,-3.7497590860800454
1510,50.332829999999994,0.3921208391634647,0.17538981368403053,33.35926731636163,-3.567435258474032
1511,50.366163,0.40976195911069985,0.17788126568248067,34.22248686619925,-3.5848304853766355
1512,50.399496,0.399810799611658,0.17148628829886786,33.67070789405963,-3.57791035149112
1513,50.432829,0.4118286930185268,0.18086760145759176,33.81289640224039,-3.2550042242826716
1514,50.466162,0.42387160117820494,0.1701270591058864,33.044688795761786,-3.422683682826846
1515,50.499494999999996,0.41138380824369986,0.1791007233400754,32.93175333590483,-3.2529257399429863
1516,50.532827999999995,0.38604158790395343,0.17860530882964865,32.80493403427687,-3.2126778826130047
1517,50.566160999999994,0.387505811946404,0.16973221811244527,32.255883595048765,-3.2486264996766883
1518,50.599494,0.39977697158559955,0.17991589487672333,33.01394440635489,-3.086640442318493
1519,50.632827,0.3765557617722925,0.17800220025573105,31.662356708887344,-3.349625820729379
1520,50.66616,0.3848504633764472,0.18214457667600842,32.34429799976636,-3.258455150012338
1521,50.699493,0.397834998740642,0.18443737684899497,31.19408088531393,-3.1926744165204357
1522,50.732825999999996,0.39136373564065197,0.17441086826961352,30.83539960536497,-3.1951510470548037
1523,50.766158999999995,0.3754487955694689,0.17629150078908062,32.03479971016933,-2.983805868139696
1524,50.799492,0.3854455881466561,0.16870613683838886,31.450851439238836,-2.881065962583947
1525,50.832825,0.3877732171087654,0.16691773373010266,31.913400273094933,-2.7732171261350644
1526,50.866158,0.38556668899027063,0.17058761719790383,31.033060221445353,-2.8564344918488156
1527,50.899491,0.3716035934065457,0.17063511150054222,31.14795568813737,-2.271101074891557
1528,50.932824,0.37804227198890783,0.16915633672999242,31.787409641531386,-2.231554309212628
1529,50.966156999999995,0.3635313618979638,0.17018675418618306,30.909132322470626,-2.0787738183930617
1530,50.999489999999994,0.38245438324616826,0.16729220513495144,31.189748610408266,-2.1535391449793533
1531,51.032823,0.41299253002798325,0.16370237118024267,30.438860562467823,-2.2123575403245788
1532,51.066156,0.43664592759968845,0.15950394800576634,31.24177391958876,-1.6375801276722972
1533,51.099489,0.4423947378360201,0.1594078769231359,31.987448106313327,-1.2816976469368497
1534,51.132822,0.446385718692994,0.1819438195913693,31.83668252916304,-1.0291063814000898
1535,51.166154999999996,0.4409021966040979,0.1699092242562888,31.65361459293058,-1.025437601609704
1536,51.199487999999995,0.4153337316352995,0.16506126830458662,32.13022998476275,-1.092453955773474
1537,51.232820999999994,0.3947613629727121,0.1676043456148481,31.41491498185764,-0.8102585060820587
1538,51.266154,0.4063878642054286,0.16964230866566843,31.613738994174522,-0.6488834207042171
1539,51.299487,0.4114094305593449,0.16797526982087163,31.477866470098085,-0.2838175615560255
1540,51.33282,0.4117803670502286,0.17849096360363137,32.26094414073414,-0.2482659419866651
1541,51.366153,0.4501428813970459,0.17233612069084553,31.295435693072466,-0.3936763862187777
1542,51.399485999999996,0.4708912069092243,0.1729208618023646,32.25432831567105,-0.052237316657294086
1543,51.432818999999995,0.4951313254290966,0.1763078747019693,31.831334233123982,0.1135226138651255
1544,51.466151999999994,0.4866987710886696,0.1741814670500682,30.803835324707578,0.20115390271200329
1545,51.499485,0.5043533230888944,0.17426637650447654,31.597337194004815,0.18371008583738832
1546,51.532818,0.5156120576798122,0.17564392659216405,31.6172492277509,0.6465750439471786
1547,51.566151,0.5370157630443404,0.17528507417002337,31.982901422132088,0.7800678167828072
1548,51.599484,0.5397525199220078,0.16183681578518005,32.32573960041776,1.1355024147888233
1549,51.632816999999996,0.5616140772770779,0.17577238969658832,34.13742771867112,1.5724510406695953
1550,51.666149999999995,0.5485387284547831,0.17275545682777024,31.616489155456083,1.444755492029061
1551,51.699483,0.5637923272462356,0.16988101342207512,31.073323518896622,1.5613033701237278
1552,51.732816,0.5495726802399631,0.17493308807966357,-30.34812621017962,-1.0669542544495438
1553,51.766149,0.5442682185996599,0.17753616744424747,-30.150571547481835,-0.730326587160328
1554,51.799482,0.5535051770973577,0.1728095723255144,32.66048903294526,3.2992740093086157
1555,51.832815,0.5654891138156551,0.17605290535713813,-32.322423194672155,0.29569013457824117
1556,51.866147999999995,0.5577861391349267,0.16481014736217708,-31.9399441257899,0.5988923212748074
1557,51.899480999999994,0.5808853267253793,0.16914037954032057,-32.77532014862608,0.8152803760356885
1558,51.932814,0.5986719034929208,0.17111874267225602,-32.89440198922392,1.1679242963070986
1559,51.966147,0.6006110940636616,0.18072103189982008,-33.08790683305393,1.4162961004286803
1560,51.99948,0.59396842467245,0.17062846750402622,-33.363164397751376,1.3762504791060306
1561,52.032813,0.601003665079468,0.16154278034232666,-32.27192896531085,1.7637092131735677
1562,52.066145999999996,0.5945364637876672,0.15797195643681378,-33.01569810268086,1.6895557738064546
1563,52.099478999999995,0.5974908070521285,0.15795198220414441,-32.683225648497626,1.692550191727255
1564,52.132811999999994,0.6028984390559728,0.15601888877276954,-33.750492292584106,1.7391275452867148
1565,52.166145,0.6018587005747165,0.15827480315781234,-33.091221684829605,1.7125409606271382
1566,52.199478,0.5869634680101768,0.15137225838878235,-32.537523550342286,1.9082826481517632
1567,52.232811,0.586092887679512,0.15441709716132435,-33.004978891405,1.8542624985848857
1568,52.266144,0.5713068804769588,0.15620791483796675,-33.376946162095436,1.9182927232706228
1569,52.299476999999996,0.5521394293578236,0.14883550315555355,31.77180468786683,5.174284912563936
1570,52.332809999999995,0.551794536505339,0.15049996286549416,-32.77146861857407,2.058701189312963
1571,52.366142999999994,0.5335784561912078,0.1662725817203216,-32.69410547905106,1.6476319581100263
1572,52.399476,0.5088715508139343,0.15924481967923834,-31.913719780060898,1.7358986832463594
1573,52.432809,0.4863899557808529,0.14048757066074694,-29.647988522130767,1.856266135698388
1574,52.466142,0.4876700314459714,0.14863712071104573,-30.058975889859518,1.8585612391831399
1575,52.499475,0.4792327911882913,0.14960218352008658,28.83881966425023,4.390543427440415
1576,52.532807999999996,0.484239149622573,0.1492361199637065,-24.4965938407641,1.4218047348664147
1577,52.566140999999995,0.47746250657745287,0.1523081386318922,-31.103383917001366,1.5558309093150156
1578,52.599474,0.46884913044084653,0.1481822802722613,28.179091538571296,4.021945882143764
1579,52.632807,0.47959432618002373,0.16416336694451458,28.01218983108209,4.429096539985864
1580,52.66614,0.47440106100085394,0.15957780423887646,27.628300786905704,4.344378045199102
1581,52.699473,0.4589142976008342,0.16175128728776178,26.67450829594366,4.29287023702938
1582,52.732806,0.4513103261743806,0.15812972390076313,23.32753171542487,4.464673457360885
1583,52.766138999999995,0.4499286235214413,0.1468565770065248,26.37772237511701,4.554080133410972
1584,52.799471999999994,0.4599149959245501,0.1574134985891983,26.18709375846132,4.721928826508511
1585,52.832805,0.4544767696311333,0.16047238520077572,25.78762029449411,4.971616630942488
1586,52.866138,0.4441924020024775,0.1561497100368895,25.590540185764276,5.1193604022432115
1587,52.899471,0.4427930276384232,0.1566420921013741,26.4539541123662,5.092006914545089
1588,52.932804,0.44742646710650635,0.1474766940934311,25.92485489028418,4.998852499561264
1589,52.966136999999996,0.4370861813564829,0.14743280722645732,25.747825939588584,5.285722011927859
1590,52.999469999999995,0.434652332265722,0.15143197419429033,25.453837635550553,5.3835226459370675
1591,53.032802999999994,0.4428752631371222,0.15562057398952725,25.07409731075116,5.333664874279222
1592,53.066136,0.44899818601491137,0.14952885956236828,25.427435668894823,5.323644195251246
1593,53.099469,0.4484000929582753,0.14256960122563575,25.91430875395739,5.7143401504872715
1594,53.132802,0.43974105701436994,0.13985854761498234,24.831343833568223,6.05609276017308
1595,53.166135,0.4325516951722379,0.13869020972010945,25.089672256248708,6.336365908354788
1596,53.199467999999996,0.42245086442763047,0.14647578051381438,24.904562096137397,6.557050862391863
1597,53.232800999999995,0.42393624905814664,0.14786928764482038,24.106683909465886,6.927364839800871
1598,53.266133999999994,0.4250559015574839,0.15438023999010075,5.326406050636945,6.973658354147889
1599,53.299467,0.41406088705537647,0.15736042275921996,-27.85864219344664,4.993352335284018
1600,53.3328,0.3904595996635225,0.1524596988711731,-27.42813764781592,5.12369669463804
1601,53.366133,0.36350714807171236,0.15524611324274734,-24.15168671883242,5.757147022814721
1602,53.399466,0.33361138744725455,0.16235700302960607,-25.54171897752023,5.937226814931467
1603,53.432798999999996,0.32124333517929315,0.15357754080383612,14.332843379070072,8.848525061288202
1604,53.466131999999995,0.30560788904591407,0.15043227347818777,19.42627949605638,9.003766524802062
1605,53.499465,0.28087192812984857,0.16481865470426588,20.1815353767678,8.929452801365013
1606,53.532798,0.29082666416158376,0.17273354868641244,22.668024818797683,9.418941250000536
1607,53.566131,0.2924577626180501,0.1905571930118402,26.883803771765486,9.44561526630423
1608,53.599464,0.30049472869984006,0.18128315066583056,28.445099688387565,9.744625263514468
1609,53.632797,0.301171856744234,0.16486150898773688,32.01793413422369,10.718690348672833
1610,53.666129999999995,0.2989288350603414,0.18188030421582219,33.427353427452324,10.872586881968461
1611,53.699462999999994,0.29161424162266164,0.18317187392800066,34.63816460018208,11.544605435083543
1612,53.732796,0.30069694176034983,0.1948843462534115,35.28570042701365,11.676230749316742
1613,53.766129,0.2986308622609134,0.210548879176606,35.39631417038263,12.243407387408135
1614,53.799462,0.3080394015963323,0.2077763260966311,35.99151001401844,12.887409892248312
1615,53.832795,0.29886558256479767,0.20252916809982935,36.959438651437814,13.42097604442342
1616,53.866127999999996,0.3001135293977605,0.19350365958960794,38.295800699431545,14.35273907710004
1617,53.899460999999995,0.29086295389181294,0.18702370331037466,37.36499287205601,15.29563720228568
1618,53.932793999999994,0.3006305004812578,0.1892162237590604,38.34625716796982,16.257905382829662
1619,53.966127,0.30018427236954953,0.17996187900646787,38.26834002689499,16.881477119191626
1620,53.99946,0.2789913572340461,0.1923865125451415,36.88483342376585,17.66408610156129
1621,54.032793,0.2936618797988658,0.1842901935812259,37.684809340231304,18.690016493517724
1622,54.066126,0.2831149419585491,0.17262349612464856,38.16323100659632,19.127355312868414
1623,54.099458999999996,0.2974927523003225,0.1807203375243282,36.50418648776445,20.33150785582758
1624,54.132791999999995,0.29454024022968445,0.19176960338588772,36.2048483495314,21.265139781978935
1625,54.166124999999994,0.2804421621442975,0.1701215244478947,34.830327990964285,22.81180310507305
1626,54.199458,0.26978981593024876,0.1877673380763648,35.7763667912662,23.739876204158037
1627,54.232791,0.26049180486452983,0.19160395372300676,35.45062351322141,24.706128362699687
1628,54.266124,0.22888711355349345,0.17994433396542706,35.48523721783156,25.87839308504149
1629,54.299457,0.23432711291882327,0.19084925227315122,34.81625350747756,26.682905243012197
1630,54.332789999999996,0.21517724206407407,0.18429933421010145,33.62043858927103,27.154595504478763
1631,54.366122999999995,0.19795396003972904,0.18124855683506852,31.893329449292786,27.28255315547047
1632,54.399456,0.1700408683228455,0.1928640785554049,29.425583463918176,27.434449218826042
1633,54.432789,0.1658346057579316,0.19090023056762312,29.98033711876847,27.713692735777265
1634,54.466122,0.1520524598370449,0.1942025978736518,29.662008423140907,27.88183658253985
1635,54.499455,0.1525400186149684,0.19304641687020951,29.63755607660065,27.372649294436496
1636,54.532788,0.12781514454922113,0.19175837188400946,30.56138835506238,27.195592070899426
1637,54.566120999999995,0.12170868266266417,0.1804129520380805,31.633942167813945,27.048343174391587
1638,54.599453999999994,0.11726286759613429,0.20626471337208924,31.938994550569703,26.502982141818723
1639,54.632787,0.11291596890544893,0.2054660332350195,32.36289833396195,25.82619308370816
1640,54.66612,0.08445089810240777,0.21667463092854622,31.591404862216187,24.541683732505007
1641,54.699453,0.056138930387740586,0.22731085301143822,33.653056503977915,23.774245707353852
1642,54.732786,0.06952068574285811,0.23668502937611646,35.00073034232204,22.753851562484346
1643,54.766118999999996,0.0591132195931878,0.2470023539366995,35.767495698793155,21.987039932422576
1644,54.799451999999995,0.05227254546175752,0.24538397081000815,35.146693350549974,21.46311835955779
1645,54.832784999999994,0.05248952933671689,0.2471985170787061,35.575708990471135,20.43665509367246
1646,54.866118,0.048458064958855955,0.2621921433865121,35.89548364248443,19.329712678029566
1647,54.899451,0.04700852075911491,0.26596503015754047,35.4265026050571,18.60039282096532
1648,54.932784,0.047567238643675805,0.268020718528749,37.21385312395089,18.540375893502826
1649,54.966117,0.04716010434900749,0.2538965291653909,36.083600918311284,17.927761340582066
1650,54.999449999999996,0.04661923364688869,0.2571877395289194,36.09917288352681,17.21347092987412
1651,55.032782999999995,0.046304993978917984,0.27720274430866354,35.82250582640593,16.265684605153837
1652,55.066115999999994,0.04832348081701273,0.2686123788448984,36.26858526659602,15.566422052506764
1653,55.099449,0.052933391554785,0.2549404003395198,35.650967509460195,15.803438871148119
1654,55.132782,0.04762852920499377,0.2397412780634422,36.668691835206495,15.50480703171441
1655,55.166115,0.042423058739478076,0.23645703261733145,37.605411939315175,15.038221165598694
1656,55.199448,0.0415566470990946,0.23088436126953982,37.38570942902968,15.370930442266
1657,55.232780999999996,0.041705981127286997,0.25746539095079257,36.955341760983195,15.147633481263304
1658,55.266113999999995,0.0400731668330919,0.28371991495136095,36.57010968255078,14.751083297575615
1659,55.299447,0.039201604567959875,0.26850638963937723,35.715940154889786,14.771004197691047
1660,55.33278,0.04029351702905656,0.2755466623284684,35.70881913571783,14.825057217732402
1661,55.366113,0.039337304219204394,0.2785581075144422,36.323202173819574,14.80927369356833
1662,55.399446,0.03420236911759538,0.27598395859964303,36.13270512185131,15.060889203361777
1663,55.432779,0.03733950879298298,0.2754375811903027,36.184421622050834,15.308176870785429
1664,55.466111999999995,0.04199858798504916,0.24955924021139309,36.490072680713226,15.832955781632519
1665,55.499444999999994,0.039917348231332674,0.25183837451085633,36.36149516151382,15.594135972729347
1666,55.532778,0.03633692236227164,0.26651726710388035,36.3056947373673,15.347327213504064
1667,55.566111,0.03573825401985361,0.2553599363005359,36.4614672546092,15.214508215248989
1668,55.599444,0.03483696428235693,0.2422016517619166,36.399669793516765,14.776705027783263
1669,55.632777,0.05084093815681913,0.23180643656453906,34.87077828706345,14.94552178774364
1670,55.666109999999996,0.05005578067652623,0.23763011248810778,35.06819860411319,14.152917247556044
1671,55.699442999999995,0.061615261108174786,0.22215392899130226,34.351128916996345,13.786897274863051
1672,55.732775999999994,0.058589138848466255,0.21984721178019231,33.98629331567411,12.976542953696404
1673,55.766109,0.05238754995807779,0.20053884785392057,33.81407278955687,11.936308112922264
1674,55.799442,0.03509182251570746,0.23910090539892306,34.301695474042724,11.488936269327255
1675,55.832775,0.035224942631429355,0.25223165535045766,34.405828645694264,10.941226639951653
1676,55.866108,0.040669567766225524,0.2794168992987501,34.675134597281144,10.584173819818451
1677,55.899440999999996,0.04301158997773774,0.2733623597630398,34.92475280981656,10.136503053449166
1678,55.932773999999995,0.040204076733025826,0.26874034360750515,36.330680150072894,9.612705671045472
1679,55.966106999999994,0.04416277713965202,0.2657254189332679,36.34064854324995,9.271339418443928
1680,55.99944,0.04170685644500122,0.1483644521239063,36.452376000323106,8.422261153959273
1681,56.032773,0.046032142847302705,0.09452939090240564,35.090372687541276,7.843124687834339
1682,56.066106,0.04683677248406261,0.08264919075309232,33.34412296369587,6.93107459839988
1683,56.099439,0.048002030945285656,0.10817114775668377,31.454675769771836,5.928754125621232
1684,56.132771999999996,0.05470737208732647,0.15336521232950112,29.96856030165088,5.09165620656236
1685,56.166104999999995,0.09025133535771257,0.1820524197076187,29.59526452865902,4.291467858710086
1686,56.199438,0.06255457701562041,0.19172234691591666,28.090119249920498,3.649635574740498
1687,56.232771,0.06035668174066084,0.20228374579734087,27.898347633948227,2.968412318569248
1688,56.266104,0.07476376322561795,0.2204833810077747,28.658140163534853,2.515425207751962
1689,56.299437,0.05899011699831399,0.21935430808745413,26.991793110548432,1.946863831184033
1690,56.33277,0.08941600293976776,0.1999912257543427,25.67694232584023,1.6831126045393232
1691,56.366102999999995,0.06080684360892231,0.2015878684227393,25.87896569004144,1.943074776563006
1692,56.399435999999994,0.08398998047329984,0.19854748981248518,24.659545087538785,1.8855806566969402
1693,56.432769,0.0720614063858986,0.19197140654387984,24.95823756075739,1.9531753065758264
1694,56.466102,0.06451054784460673,0.17524318746844925,23.583350215630542,1.9274553858253154
1695,56.499435,0.06668624545375888,0.14982067154141693,22.55680350113069,2.1429832921275613
1696,56.532768,0.06604826756820288,0.14572665649534666,23.131871994816827,2.1701597880347006
1697,56.566100999999996,0.06888657505057116,0.1653961239319353,21.453232250845577,1.958831862592975
1698,56.599433999999995,0.06746154784034142,0.15613487571507295,20.863805595662928,1.94549075113301
1699,56.632766999999994,0.06653034416444993,0.16245031232736595,21.493766137878616,1.5363530543085082
1700,56.6661,0.06907706346660338,0.16962164549640596,20.84703799623868,1.3923520822470352
1701,56.699433,0.06849604809332503,0.16081799534494362,19.92463069896291,1.1124921791677753
1702,56.732766,0.06787394841920392,0.16196334680158048,20.010083694314808,0.8752984184712408
1703,56.766099,0.06982359283877372,0.17912793429319954,20.02121776502968,0.0661222676932949
1704,56.799431999999996,0.0691419656001564,0.19639236219031397,22.166915290672225,-0.3514092018864727
1705,56.832764999999995,0.06882371245740672,0.21096029069280595,22.108197627570146,-0.8773211003584833
1706,56.866097999999994,0.06775190470385467,0.20331090181367387,21.395657766275164,-1.648804032299787
1707,56.899431,0.07045537597384285,0.20773396309920583,21.185047699377296,-1.8509115571425208
1708,56.932764,0.06917846285967885,0.20661733280491462,19.200986668136245,-2.796343331946294
1709,56.966097,0.07352587555331536,0.21050719911747762,20.28090401682733,-2.9805502250776406
1710,56.99943,0.07012833055332639,0.2046019291163041,20.763589546360592,-3.5349531472262408
1711,57.032762999999996,0.06744674101009436,0.208469264551864,19.700298772196565,-4.66647942862438
1712,57.066095999999995,0.07094531669310468,0.21588137303740879,18.13636106838091,-5.21547570614451
1713,57.09942899999999,0.0721165111071817,0.2010468589097535,15.30241031819799,-5.955155817038339
1714,57.132762,0.0699010627846489,0.1900915366366444,11.858618051221958,-6.841244620958541
1715,57.166095,0.06768988391588862,0.16574111292167237,6.676861067903367,-7.609242945845513
1716,57.199428,0.07016226597248149,0.16987670243448882,-4.634631799277124,-8.260375152211706
1717,57.232760999999996,0.07005857655617427,0.177463041004862,-9.152732802346499,-9.181330896792645
1718,57.266093999999995,0.07265276623024451,0.18271926136682148,-14.327970730007953,-10.105977296358326
1719,57.299426999999994,0.07378038680326522,0.1864015233102983,-13.30290922988111,-9.678462341949476
1720,57.33276,0.07521127754336411,0.17722607110323785,-14.52338178369723,-9.801918624624722
1721,57.366093,0.0774979565076723,0.1815473550554883,-15.118555796289353,-9.462916665178051
1722,57.399426,0.07697316558174264,0.17768204045352318,-16.99551589086546,-9.385048645073757
1723,57.432759,0.0727440186785974,0.18659334164738345,-15.56802299177481,-9.036635208826043
1724,57.466091999999996,0.1169703857779241,0.17476599899306067,-15.50872174339368,-8.636209124525811
1725,57.499424999999995,0.16388077847724944,0.19530242644787843,-15.941672627658265,-7.9914942638053414
1726,57.532757999999994,0.17000248978956778,0.1856290264685775,-14.728115625116008,-7.727637589244567
1727,57.566091,0.14907308412737638,0.1731393540041942,-14.471499770398266,-7.5020659347298295
1728,57.599424,0.1305370392939611,0.1681460369430801,-12.651683233240245,-7.327122302539345
1729,57.632757,0.1129761875237626,0.1756343175495375,-13.023792859184388,-7.247155640384636
1730,57.66609,0.09622895322488248,0.17184584096006666,-13.459425063085916,-7.0956917210988975
1731,57.699422999999996,0.08213147670386346,0.18608186822747858,-12.399937881180103,-6.802086428140432
1732,57.732755999999995,0.07875867957184134,0.18959053943731158,-8.952591867041612,-6.195995207106611
1733,57.766088999999994,0.08208187429677495,0.19705070273452296,-9.840065993213718,-6.089432456828917
1734,57.799422,0.07789108864296153,0.20416634172733447,-4.2971379916776264,-5.122798584195315
1735,57.832755,0.07499093641694309,0.21846626319864318,10.678555948618417,-2.934953498871546
1736,57.866088,0.07042313842897459,0.22177347351026402,16.328604648511092,-0.9550359769144688
1737,57.899421,0.067928891096606,0.23785817184510566,17.473017251776458,0.001509333931328736
1738,57.932753999999996,0.06973929036561538,0.24884477568195212,21.27128399374932,1.719941446699922
1739,57.966086999999995,0.06562636232985189,0.2608354110844526,22.419386604951296,2.9667303920497
1740,57.99941999999999,0.06407530312480372,0.25710090151039355,24.556423446243382,4.135770639316771
1741,58.032753,0.05915027414015304,0.2738264980239057,24.55816058805093,5.287136040040214
1742,58.066086,0.06064646454643738,0.2649053853513729,24.63150577898349,5.9810207589994295
1743,58.099419,0.06031110957410739,0.2563613752049313,25.909458161859956,7.164270948628012
1744,58.132751999999996,0.060151309980945346,0.25562677142913787,26.45012996295862,8.297348910050086
1745,58.166084999999995,0.05735867822045785,0.2593446917495491,26.448656448169043,9.425950018923006
1746,58.199417999999994,0.05610832363965999,0.27905380316208744,27.07350790970336,9.693243595576993
1747,58.232751,0.05361976671592204,0.2823084063027824,26.779280269434118,9.854649873192061
1748,58.266084,0.052913308869493005,0.2820349600242029,27.73811393804554,10.481408276782563
1749,58.299417,0.05531864477666897,0.27397739130832616,28.19409385186593,11.119270049024571
1750,58.33275,0.05800911689243489,0.2428379726443905,27.651117372556715,11.37418951670622
1751,58.366082999999996,0.060423754988748225,0.23811973144777104,27.21066011086684,11.106903137024586
1752,58.399415999999995,0.061504851991009184,0.24644857985728447,26.216523427837377,10.488306162684157
1753,58.432748999999994,0.06523187291347263,0.2524434209282096,25.11711954101675,9.974441399599753
1754,58.466082,0.06733112550251018,0.25338058433603616,23.377646329423733,9.300055225783467
1755,58.499415,0.06709732206020427,0.24712956242666456,19.566225721578526,8.51083358296503
1756,58.532748,0.07025957669631187,0.2393833703449958,16.97695564069378,8.259483164589525
1757,58.566081,0.07075627228686941,0.23258605522218445,15.636002323412727,7.9847481734434504
1758,58.599413999999996,0.07041414320232256,0.23782527581590127,15.64196147086609,8.238610156272921
1759,58.632746999999995,0.07107603828308054,0.24343926415776468,13.728440091205671,8.040195688797928
1760,58.666079999999994,0.06893497295552466,0.23864526070906394,14.775921585404394,7.8071736734041925
1761,58.699413,0.07037832308514758,0.23707715960202352,10.98216419513125,7.508752475410256
1762,58.732746,0.07138131914025592,0.23732855112303552,12.355164564523944,7.73574020582488
1763,58.766079,0.07177710488071826,0.23611415814238418,11.024824353354338,7.586591379785768
1764,58.799412,0.07131293691244354,0.23641245200961208,12.220544253755465,7.698858956419664
1765,58.832744999999996,0.07193258429054851,0.23400319197619462,11.147764687979555,7.79764251251964
1766,58.866077999999995,0.07162660436623622,0.225109115136748,7.57370279152311,7.514319253600557
1767,58.89941099999999,0.07443113752455142,0.2288515777011174,5.430325109195894,7.401084487292011
1768,58.932744,0.07245297478900635,0.22886866139110096,5.965667569220496,7.694723295098506
1769,58.966077,0.07494636110997116,0.23311227537233215,3.4392271614748022,7.3955175662848
1770,58.99941,0.07457145534566603,0.2334957891187605,5.040818055450901,7.957791767396042
1771,59.032742999999996,0.07350801981026475,0.23792045373632942,2.7094115178568496,7.609076514975364
1772,59.066075999999995,0.07486686038456443,0.24331326203629466,0.7526543022765247,7.710621085335601
1773,59.099408999999994,0.07542232000092008,0.22507583442082918,0.1405112009751739,7.640176832454214
1774,59.132742,0.07831677362046778,0.23445880506285538,-4.027175637742637,7.040174468771632
1775,59.166075,0.07753968300555772,0.23578314973134404,-7.249312811986243,6.542485008022056
1776,59.199408,0.07697986710256784,0.23582809761830495,-8.069913271843584,6.171219619961035
1777,59.232741,0.07703511857155715,0.23388639142045214,-9.773527936722495,5.747886801709534
1778,59.266073999999996,0.0760690593740876,0.2340781180835678,-8.717551231695257,5.977263055059296
1779,59.299406999999995,0.07797346915103395,0.2361459998611688,-11.596887791144121,5.664502019745281
1780,59.332739999999994,0.0766834950614695,0.22218921226046195,-10.776691709089645,5.782952161431771
1781,59.366073,0.07799961095952862,0.2281843908022177,-10.466315103715282,5.880951581001199
1782,59.399406,0.0772389906450374,0.23523893406119725,-11.538314659698305,5.612408811143322
1783,59.432739,0.08084724408577357,0.2292659948941295,-13.306930674221496,5.482265523534236
1784,59.466072,0.07843005320583711,0.220782595663685,-10.428443154893491,5.833843468616371
1785,59.499404999999996,0.07797319249479516,0.22751786731220844,-11.855250773998563,5.496950591001469
1786,59.532737999999995,0.07705939045533496,0.22433535724110595,-11.843572532460504,5.626239332057471
1787,59.566070999999994,0.07794006695096851,0.22936067826825546,-11.488877248981668,5.737269623430767
1788,59.599404,0.07518496117842781,0.23331034364273104,-10.624391114335015,5.8587940699017516
1789,59.632737,0.07639018812454149,0.22459640304645276,-10.590916493771013,5.922207560922611
1790,59.66607,0.07544350565195515,0.2369206564265468,-10.680243095750923,5.6322140931242535
1791,59.699403,0.07532854381935693,0.2306961692799902,-10.963569687911228,5.5643236092923765
1792,59.732735999999996,0.07437434662970784,0.2309252213521953,-10.213463584022465,5.7380788874568855
1793,59.766068999999995,0.07459595055719062,0.23616645263266045,-9.230920561201868,5.603498065933917
1794,59.79940199999999,0.07437226443039766,0.2248868448768464,-9.251572880389771,5.753044098869379
1795,59.832735,0.07461852566510496,0.22494956811334182,-9.04440797078593,5.5428968291811955
1796,59.866068,0.0752005354463791,0.22874073322313943,-9.00029105264416,5.432372630687423
1797,59.899401,0.0747711996701317,0.21521141409791777,-9.182836383935568,5.2080360278043605
1798,59.932733999999996,0.07657502167365879,0.22072482376526012,-8.067119044677135,5.051609180705763
1799,59.966066999999995,0.07630996401025437,0.22516856387336348,-7.991881634459291,5.080427786172124
1800,59.999399999999994,0.07553837475936,0.22857702516447193,-6.923183352693317,5.072395952728463
1801,60.032733,0.07758685691419834,0.22225355628462462,-6.504275728728266,4.78098718796944
1802,60.066066,0.07679218552573851,0.22546252752244628,-6.51315003121112,4.711141612596357
1803,60.099399,0.07651696554139281,0.21985705523957288,-6.687390507501209,4.664932695340778
1804,60.132732,0.07681692161104017,0.22779782767503481,-5.759506208701062,4.690028244015236
1805,60.166064999999996,0.07749227958022445,0.21559922933659176,-6.526716870096717,4.468853746791473
1806,60.199397999999995,0.0777001785337584,0.22392080411775978,-7.93530316942973,4.3308434582876885
1807,60.232730999999994,0.0773897054094858,0.22353412894718103,-7.207016518928127,4.198415127527546
1808,60.266064,0.07582802121980699,0.21862319362018706,-8.911596734048098,3.857608474766537
1809,60.299397,0.07567904734168486,0.22651003453027324,-8.25751772177842,3.81379756143572
1810,60.33273,0.07709358948055045,0.22113054292490256,-5.220554927923838,4.21368510304498
1811,60.366063,0.07587269361658956,0.22657191564775736,-6.818270694977957,3.9102986846926844
1812,60.399395999999996,0.07461125520855647,0.22470874367019966,-6.9645552523973455,3.713194475041959
1813,60.432728999999995,0.0769207694398611,0.2263450628024448,-5.3365074952855975,3.9574734538671197
1814,60.466061999999994,0.07746339476485628,0.22149469644398967,-6.36866300800564,3.303732695680792
1815,60.499395,0.07669542686340199,0.22009977403661724,-4.5620783543984915,3.371417324704544
1816,60.532728,0.07517242212633024,0.22001710859675797,-0.7818395378854616,3.2854097227823535
1817,60.566061,0.07583184316115102,0.2152959552216469,-4.534045636150087,2.9242192097809174
1818,60.599394,0.07525499013817472,0.20563651250318324,0.27447605011747533,3.2653289623385118
1819,60.632726999999996,0.0757842985525183,0.20890536808178953,-2.9940549205010214,2.4200587700578233
1820,60.666059999999995,0.07560704298251777,0.2120377455820296,-0.2177863036124703,2.32489290024349
1821,60.69939299999999,0.07442975006167778,0.21156483153248867,3.192825301278119,2.422006899727974
1822,60.732726,0.07656594478630653,0.21886419544631436,3.0195768607984466,2.4211507927346827
1823,60.766059,0.07769146325506707,0.21413819004162743,-0.7476033532288917,1.838585446830233
1824,60.799392,0.0773617656051394,0.21802073073209255,-2.917749241204541,1.563194856134771
1825,60.832724999999996,0.07583418213551302,0.218267137407873,0.23662906287406682,1.8527478343587636
1826,60.866057999999995,0.0744558754024079,0.22869811275616514,3.031836004638701,1.8776677683137546
1827,60.899390999999994,0.07589092078857859,0.21380261683900037,-1.8612919099783303,1.3406671643340327
1828,60.932724,0.07566077192851262,0.20575533285127848,3.6990658373518923,1.9766096183945077
1829,60.966057,0.07594932181417137,0.20817697692715606,1.1336898071893105,1.487724239769629
1830,60.99939,0.07628572834473814,0.21790840786371068,3.2575593267577165,1.539837511904277
1831,61.032723,0.07234597515464235,0.21242912756967783,5.877392817805494,1.7046803059697926
1832,61.066055999999996,0.07535149162625397,0.21814884094400067,5.114848583588779,1.6359494038170213
1833,61.099388999999995,0.07499709395516128,0.21316800998702562,6.829409874542175,1.6419590922909788
1834,61.132721999999994,0.07599763203963952,0.2076403189568981,5.921970656596606,1.572401125852815
1835,61.166055,0.07666853876398115,0.2172709682775949,6.902865260011764,1.440530718135073
1836,61.199388,0.0752989971965628,0.21721508892074848,6.364994822897005,1.1861897081802313
1837,61.232721,0.07524764211555025,0.1892791298684759,7.300175746879274,0.8827548448207574
1838,61.266054,0.07543792599191386,0.10774079061971889,6.264597637476572,0.5504351119594356
1839,61.299386999999996,0.07540154227197232,0.05933464263700316,4.929491853551497,0.020944475120203653
1840,61.332719999999995,0.07130884255856063,0.06195331155541063,5.439780061054702,0.07967594410840596
1841,61.366052999999994,0.07239576572286194,0.10130840473129456,3.3227405401307153,-0.5932733350759719
1842,61.399386,0.07239718029838471,0.16498953038684222,3.797097146436252,-0.526821060337481
1843,61.432719,0.07169443536786267,0.20575949281012296,9.245317231468889,-0.2915411879354313
1844,61.466052,0.07174038774222999,0.2290362065217328,8.427121027362169,-0.5780276407659938
1845,61.499385,0.07176239502618452,0.23278430978067582,10.555840511615386,-0.39081755898091053
1846,61.532717999999996,0.07202702109895986,0.23649053680527,8.722972083189,-0.7852258358608628
1847,61.566050999999995,0.07060794862386437,0.23247017748593685,11.613601782396865,-0.4990178707622265
1848,61.59938399999999,0.0706534993699546,0.23823320232481962,13.423092812464313,-0.5588964914872239
1849,61.632717,0.07049367588383462,0.23524477621663298,12.44903305470748,-1.0011181757258039
1850,61.66605,0.07060530667017335,0.23641925328288355,12.448787218136392,-0.7630241843710882
1851,61.699383,0.07031553518867864,0.2286046286762574,13.121514937558052,-1.26147199623638
1852,61.732715999999996,0.07164445079598485,0.2313656506886949,13.410292685808853,-1.523338239595353
1853,61.766048999999995,0.07058961583204827,0.22267144886295698,13.65187752098529,-1.5242860909263418
1854,61.799381999999994,0.07192372919474711,0.22166616717254023,14.101953886942166,-1.6975586612080429
1855,61.832715,0.07029116027778934,0.21627848864697757,16.387811615093884,-1.8800653586374694
1856,61.866048,0.07075280490461058,0.23029887757017334,17.31957832299828,-1.6774307025755777
1857,61.899381,0.07066369098629494,0.2207254718563172,16.154407499121376,-1.9363700949927507
1858,61.932714,0.07012911713671678,0.2285294976483524,17.8816363969199,-1.9685030422746774
1859,61.966046999999996,0.07000941521482244,0.22316423903137578,17.62034760603127,-2.19476718658924
1860,61.999379999999995,0.0702469984461111,0.23116971444856382,17.136318415411345,-2.4484504548515447
1861,62.032712999999994,0.06820843325917161,0.23378031481479344,17.441656120562214,-2.4308816632897714
1862,62.066046,0.06957252122001231,0.22734330732335029,16.599410404024475,-2.6319866934364096
1863,62.099379,0.06998038738367991,0.23118239453601236,18.066096037996505,-2.6061694348817603
1864,62.132712,0.06923935890295267,0.23000647044901845,16.845491043451286,-2.8701668713533715
1865,62.166045,0.06966598617335609,0.23234850320167713,16.94742450124278,-2.967599923050828
1866,62.199377999999996,0.06940337168365454,0.23410984754749972,18.70247312438203,-2.972263242312995
1867,62.232710999999995,0.070046817797634,0.22805535957736883,18.14829315032179,-2.9926491314534416
1868,62.266043999999994,0.06906444530599652,0.2294801325870971,18.686253822395987,-3.182135362006689
1869,62.299377,0.07004271664979181,0.22707694571535889,18.95912141858209,-3.15875726070361
1870,62.33271,0.07066329993448739,0.2301880441851365,18.863118329270804,-3.4731596144469803
1871,62.366043,0.06962353394261647,0.2342147483602165,19.041788758848146,-3.40970423048642
1872,62.399376,0.07077546893650744,0.2343031976632163,19.83394829916598,-3.4386792205219816
1873,62.432708999999996,0.07040536780125896,0.23665083976131746,20.024770263066422,-3.5182009258813056
1874,62.466041999999995,0.06834260422552947,0.23194744514001658,19.27504958636049,-3.6601584003843968
1875,62.49937499999999,0.0705628043781999,0.2365935970947671,19.799948704381368,-3.6137111432407587
1876,62.532708,0.06913089837087469,0.24017518421536194,19.630547525324445,-3.6867400916827364
1877,62.566041,0.0714649812098751,0.23939797903139504,19.280859791196406,-3.864380090876218
1878,62.599374,0.06976303801036655,0.24167924565407062,19.119782142443096,-3.759026567228274
1879,62.632706999999996,0.07149994320086743,0.24137744716965143,19.503941756734207,-3.808127849487444
1880,62.666039999999995,0.06988215654889993,0.23603541714790865,18.969908328874943,-3.74861939992723
1881,62.699372999999994,0.07033143805588778,0.2363597206903828,19.23678493783151,-3.823139058745981
1882,62.732706,0.06889003131108072,0.23525819797949915,18.859391854500526,-3.9175209642398348
1883,62.766039,0.07071452369588836,0.2434209546544678,19.367273426337988,-4.002642952141179
1884,62.799372,0.06948603291859089,0.23276036210902412,17.709846956903494,-3.9177322367817804
1885,62.832705,0.06963505600614107,0.23318602444461956,19.21873282628353,-3.961746269455696
1886,62.866037999999996,0.06869923559315018,0.24031805050367638,18.225069909576725,-3.8750318989117347
1887,62.899370999999995,0.07094886413594181,0.23252678051412787,19.18625315375698,-4.0041172324889285
1888,62.932703999999994,0.0710076777615771,0.24179730843906205,18.84122656345089,-3.7042038299060236
1889,62.966037,0.07164248473329526,0.23403780834462934,19.8686631406881,-3.9381186511866724
1890,62.99937,0.07263031221226642,0.23653925407322174,18.71379399979526,-3.8066833120288184
1891,63.032703,0.07056800731429246,0.2340691724968889,17.643108469642083,-3.794167900535193
1892,63.066036,0.07061184346289884,0.2364185913055824,18.359241346736084,-3.803232170192935
1893,63.099368999999996,0.07217064160517678,0.24443302579764986,16.605152676160326,-3.7252115672705504
1894,63.132701999999995,0.06993437849244837,0.23617968896687846,18.06933731134349,-3.6230930506239414
1895,63.166034999999994,0.07045294223899623,0.24282219985049983,19.07136982568099,-3.235111320870432
1896,63.199368,0.07228071676472476,0.24244957830528618,18.215616739032825,-3.4645579705107665
1897,63.232701,0.07284763592556961,0.2398501140768255,17.679514233971656,-3.2893662242796498
1898,63.266034,0.07096832913541709,0.24245644668541255,18.514928443512158,-3.1697846544740362
1899,63.299367,0.07183027552238873,0.24572445116570235,19.014562542440615,-3.1505549572109066
1900,63.332699999999996,0.07190985725378798,0.23856588818412006,18.683472489495372,-2.731650236072764
1901,63.366032999999995,0.0711335283324373,0.24373596191177566,18.53836320847469,-2.5880160054735972
1902,63.39936599999999,0.07197453672377234,0.22934903220529917,16.971217874163383,-2.705215681198528
1903,63.432699,0.07223758220321887,0.23544708338486522,17.014817217450727,-2.75295965111405
1904,63.466032,0.07225764665618993,0.22502610673971069,15.965425381373054,-2.6544022059611994
1905,63.499365,0.07202527516852246,0.22438830668404164,14.818465906792783,-2.708314536712552
1906,63.532697999999996,0.0721793511045153,0.229238214601257,13.318318734039975,-3.0443649014023255
1907,63.566030999999995,0.07264681807053537,0.2283539958186561,12.681994593292067,-3.0107181294412353
1908,63.599363999999994,0.0741619803184797,0.23698732663191852,13.596873940093381,-2.8350435399221356
1909,63.632697,0.07259179382638006,0.23297831441607975,11.39841956211086,-3.180628743400765
1910,63.66603,0.0747155872269229,0.2243875867271743,13.161773278093394,-2.7522116779341816
1911,63.699363,0.0738585830731505,0.2238381975751483,9.99326720129865,-3.219205301461648
1912,63.732696,0.07318289483782067,0.2321197460283993,11.440723911780406,-3.0983935384215857
1913,63.766028999999996,0.0748640217616099,0.23441716937784224,9.208978781455944,-3.2381708800139317
1914,63.799361999999995,0.0730613871025381,0.23750741045503676,7.812372006049256,-3.515925989064357
1915,63.832694999999994,0.07243236705695565,0.2386432496918499,10.1009815108482,-3.161443206322706
1916,63.866028,0.07554560553695039,0.23214974777125247,8.620615345446021,-3.411123049006373
1917,63.899361,0.07672147816205967,0.229946988294506,8.594923052459489,-3.438810764745059
1918,63.932694,0.07196028808048441,0.2312831418064034,8.801040810393289,-3.3615029358024686
1919,63.966027,0.07270742939268988,0.23258434120120675,8.975980335234444,-3.441433320836523
1920,63.999359999999996,0.07594265991422983,0.23239793443687828,7.615754653222902,-3.456301923700316
1921,64.032693,0.07798073366510176,0.23466447909024407,9.263037195789494,-3.188854716159582
1922,64.066026,0.07697053796808088,0.2356337167410636,9.293212242645339,-3.209120162572132
1923,64.09935899999999,0.07763370346029516,0.22991206229864436,10.105520395007513,-3.2117649806324824
1924,64.13269199999999,0.07538874687941184,0.24071601764795825,8.781672925748294,-3.36808268372941
1925,64.16602499999999,0.07651383015216252,0.24156584595495795,7.589353212564262,-3.4875825202945627
1926,64.199358,0.07666880925643414,0.23659090622838153,7.011439873237128,-3.7154864668612437
1927,64.232691,0.07611060733053072,0.23983899690207863,6.163520107607863,-3.6881797732965076
1928,64.266024,0.0751641657808848,0.2377513100569382,5.738051131631531,-3.77381468154309
1929,64.299357,0.07659756202703621,0.23663917096986453,5.900352958852652,-3.767488187404389
1930,64.33269,0.07717367155249898,0.24695843201251544,7.058599380121589,-3.5171998693436564
1931,64.366023,0.07437761186879356,0.24149808931622974,8.840698398347905,-3.544165407671488
1932,64.399356,0.07696238004259236,0.2386410209790331,8.150405126565595,-3.3476944778581452
1933,64.432689,0.07471373374457459,0.2403091248399546,1.9760891621503807,-4.179005666023447
1934,64.466022,0.07511168287258994,0.24039806660481167,4.407449596331935,-3.6285913921966424
1935,64.499355,0.0784708699504629,0.2434356248854908,1.0345446140701207,-3.8001355238647707
1936,64.532688,0.07393250297393142,0.23640069796370622,5.02545764907431,-3.3572644915849996
1937,64.56602099999999,0.0763662986368438,0.23953887359646356,2.6896856830853153,-3.3539334192040293
1938,64.59935399999999,0.07356070802264932,0.23801499719197428,2.2980628564529333,-3.4129520910465927
1939,64.63268699999999,0.07242118903321412,0.2346721470679664,1.312540025247382,-3.481513775437777
1940,64.66602,0.07595469593931144,0.23650456489206012,-0.5476527880983406,-3.4435731636889275
1941,64.699353,0.07480316851879872,0.23180101554271493,-3.8947716252893514,-3.579647885205877
1942,64.732686,0.07717614534722146,0.2445856370449414,-3.858900702958413,-3.2492351747828825
1943,64.766019,0.07552160159135086,0.24941058846353942,-3.953169889683044,-3.145297725759039
1944,64.799352,0.07795755464090504,0.24158819744235177,-1.971740467176071,-2.8013096742224413
1945,64.832685,0.07764453438549605,0.24972685095449848,-4.296784730084586,-2.663253319650486
1946,64.866018,0.0785385919886238,0.24794877735366633,-3.1844359159039,-2.4405024916030342
1947,64.899351,0.07624873343416382,0.24604633258987346,-6.179502204868014,-2.8292332547308314
1948,64.932684,0.07928742903290191,0.2505954583665576,-3.120589907096314,-2.3989690251397007
1949,64.966017,0.07790151799388001,0.2561042573714464,-6.0749468108375675,-2.7266106833378614
1950,64.99934999999999,0.07882337853143147,0.2548352150081703,-7.080519729311893,-2.4722882473514707
1951,65.03268299999999,0.07641160366995754,0.25960400979899023,-7.246147641702447,-2.7959286829383703
1952,65.06601599999999,0.07598550910941926,0.25384213484836493,-8.351829647315544,-2.6892931073342523
1953,65.099349,0.07482865164176832,0.25611305590248806,-10.674610866374953,-3.3768687412784906
1954,65.132682,0.07501795098806055,0.2532302134544866,-10.518349240114267,-2.979985607209739
1955,65.166015,0.07327093697551151,0.2539857714331635,-9.956957380891755,-2.890870558175999
1956,65.199348,0.07390920259669573,0.24810022672997278,-11.325150705231206,-3.079890322452911
1957,65.232681,0.07455489114643524,0.2459444519722312,-11.388799790517238,-2.893540281359577
1958,65.266014,0.07695802082252812,0.25125305889649047,-10.492395713892082,-2.994264478726962
1959,65.299347,0.07773719071869169,0.2507885955563118,-12.564763670852157,-2.7916339416393217
1960,65.33268,0.0727474490215834,0.24770476687344523,-11.346032576021027,-2.812717359752226
1961,65.366013,0.07637865169193554,0.2514318760005029,-11.737763143308317,-2.723152667091152
1962,65.399346,0.07570492058203478,0.2459726178399144,-12.618077131479291,-2.7909482843078934
1963,65.432679,0.07769106591567201,0.24959258318256544,-12.608584566239609,-2.683322184769477
1964,65.46601199999999,0.07783032136710588,0.248718657145784,-12.486044243922835,-2.458330215952111
1965,65.49934499999999,0.07816655990340117,0.25184491496544975,-12.976800414735346,-2.350372703587483
1966,65.53267799999999,0.0751090070466275,0.2486121788464801,-13.655952965675967,-2.4205399094992046
1967,65.566011,0.07674633205399459,0.24838310967864732,-14.779669286769014,-2.4398626643064714
1968,65.599344,0.07696354676835539,0.24430378427123772,-13.765486621864888,-2.264919280068389
1969,65.632677,0.07752273524546888,0.24172449151093772,-14.876783854589998,-2.1479642688163296
1970,65.66601,0.07926883423106239,0.24546960815360683,-15.379356841954456,-2.0481731129340917
1971,65.699343,0.07675432143390755,0.24479490596709497,-15.245977933942019,-1.8629481118828117
1972,65.732676,0.0768204135641565,0.23365175545012357,-14.08356688359371,-1.3523152344926466
1973,65.766009,0.076781868710053,0.23168562863092318,-14.53009956708013,-1.2654895261421564
1974,65.799342,0.07853572893625485,0.24226894325158685,-14.21944409567339,-0.9711917886972954
1975,65.832675,0.07653241662294431,0.24493849347460261,-16.32037420224035,-1.230065054306491
1976,65.866008,0.07511039751379431,0.2319754293861005,-14.56092983202114,-1.0053928956421248
1977,65.89934099999999,0.07661347851108372,0.2315902806500968,-17.807903009360583,-1.2170791174912483
1978,65.93267399999999,0.07581718454692628,0.23210785306465226,-17.750348111025673,-1.1026102373838433
1979,65.96600699999999,0.07652449111042921,0.22266070530626714,-18.03667902380659,-0.9817556314361292
1980,65.99934,0.07675298862963487,0.22443163918075698,-18.823078698819344,-1.1479528399526806
1981,66.032673,0.07562881885010918,0.23021657529227307,-19.88473774779013,-1.317885714206193
1982,66.066006,0.07819057946451834,0.22707165180154126,-18.90008171375071,-1.3657169146967802
1983,66.099339,0.07741064470377898,0.23311230263211993,-20.26526943970529,-1.3804631139676822
1984,66.132672,0.07854298981939188,0.24108317293947035,-21.395171927260705,-1.5494666177686576
1985,66.166005,0.0811203097513428,0.2355957361950924,-21.238346610602395,-1.4214091384055358
1986,66.199338,0.0786942805350048,0.24942585940204012,-21.43145562888033,-1.3889880204317144
1987,66.232671,0.07914527105908362,0.2368360617700552,-21.890738110597912,-1.5398468923689745
1988,66.266004,0.08110063945213865,0.2321485446718129,-21.63849867542666,-1.5280070777066537
1989,66.299337,0.08214188628716657,0.23033214214115783,-21.689349733871936,-1.7158683236211896
1990,66.33267,0.08157000971020101,0.2285407659611306,-21.585254476575482,-1.849478532447164
1991,66.36600299999999,0.07965662034326122,0.23043732093644098,-22.526517785493127,-1.916035247808089
1992,66.39933599999999,0.08101315006306195,0.22229835311607485,-21.455630724169737,-2.0856334787368906
1993,66.43266899999999,0.080557588001098,0.22827511088326763,-22.215027593401516,-2.4487702197444317
1994,66.466002,0.08348438984467087,0.23846747153756373,-20.24456442261798,-1.9809084692934782
1995,66.499335,0.07969166254521626,0.24734777317817713,-20.81516463188897,-2.4250976984748225
1996,66.532668,0.08241442755545246,0.24486603444374105,-21.287202899001578,-2.434596505818186
1997,66.566001,0.08136708225112625,0.24366370194731013,-19.982937083928203,-2.1052675582232223
