idx,time_sec,mar,ear,yaw,roll
0,0.0,0.0727224942715884,0.22027078691161417,0.525695745821913,-1.9091228955002921
1,0.033333,0.0701588207788124,0.22632967346977856,2.953698894585577,-1.2145644078373394
2,0.066666,0.07185715542059665,0.2613188625480721,3.4538103493841756,-1.1388633439790652
3,0.09999899999999999,0.07183106197256607,0.26529786433151564,0.7460573329531145,-1.1835695330579759
4,0.133332,0.07065362269341346,0.2567016644123432,1.1081183344663508,-1.1478811632687562
5,0.16666499999999998,0.06936568819273702,0.23502633708211096,3.659631877599579,-1.1281190741071794
6,0.19999799999999998,0.072011554614083,0.272318561258028,2.291498214090722,-1.1839655570288892
7,0.23333099999999998,0.0721842730677809,0.26649564452943203,3.181747881768771,-1.352074576795657
8,0.266664,0.06927686314368844,0.247426269850929,2.7976030589884506,-1.2509181018834823
9,0.29999699999999996,0.06820854866530764,0.2726643930663435,4.734687216072715,-1.0553396985280963
10,0.33332999999999996,0.06816235626218596,0.24778612311160567,5.070404439657536,-1.2517347324880563
11,0.36666299999999996,0.06811220686716811,0.246676428211899,2.354925247941852,-1.1543737901450537
12,0.39999599999999996,0.07158529991193602,0.2560704772732738,2.477960139655562,-1.4057151300671769
13,0.43332899999999996,0.07144153167472186,0.2431286837952017,3.262826931151848,-1.6221438802052657
14,0.46666199999999997,0.07018817781156457,0.24729778946449277,3.5914790591364523,-1.427204444437722
15,0.49999499999999997,0.10404269448243846,0.25277324641112375,2.982260914852463,-1.1840405366591662
16,0.533328,0.152908640044285,0.24929267279427236,3.0139396323694903,-1.5258140748871236
17,0.566661,0.1500209516182813,0.24277400448122538,3.3404963164335633,-1.7047346526280664
18,0.5999939999999999,0.13784878669012707,0.12057233441117302,1.8480408342045014,-1.8964588277981635
19,0.633327,0.14158235503149683,0.11714605889757386,1.2775992320427434,-1.9369591583917594
20,0.6666599999999999,0.13576641742076737,0.19541096403479008,2.78285836601217,-2.1988265011837282
21,0.699993,0.1421389012006316,0.21427897346332786,2.5078720324702335,-2.122917845961076
22,0.7333259999999999,0.13839316414156766,0.22683931196228602,1.3147071146835414,-1.8442630692529884
23,0.766659,0.13294399679174726,0.2386606013104337,2.1955219763902925,-1.5350242969025898
24,0.7999919999999999,0.07946035767786465,0.24063387082273474,1.9162624776405732,-1.17899609103591
25,0.833325,0.07260636986809033,0.23992066645412521,1.634455350219269,-0.9263466576998445
26,0.8666579999999999,0.07291075381348065,0.2409812731940221,0.6393796875811912,-0.6151101349198647
27,0.899991,0.07535631816812717,0.23684223991481934,1.0843451963989301,-0.38477175697876065
28,0.9333239999999999,0.1171279076755059,0.24387356737161486,1.980738757465245,-0.19987541406897555
29,0.966657,0.13273546653768967,0.25148345428131336,1.3463093905511216,-0.0016591879959046857
30,0.9999899999999999,0.13438091700466456,0.24752316566436827,1.2860703388647958,0.14577168984610586
31,1.033323,0.13867801602478486,0.24273090813855225,1.82994961844536,0.2734250948120532
32,1.066656,0.14032494341257506,0.23703890894152915,2.495136025128406,0.4371920974488661
33,1.0999889999999999,0.13764584657029488,0.23158514476701172,1.8646112060258844,0.47961579475289967
34,1.133322,0.1274435492133146,0.22747269550573224,1.780546640582084,0.24368726506578864
35,1.166655,0.07601575907069183,0.24387604910263075,1.9115024853788205,-0.2981280721854316
36,1.1999879999999998,0.07519207948149952,0.24957604005979186,3.2510541134810897,-1.1603566872331674
37,1.233321,0.07751399859731457,0.24528207073693228,4.814856306955388,-2.211497961912525
38,1.266654,0.07430459716663075,0.2458246867324997,5.922542669898369,-3.2105784617578643
39,1.299987,0.1599604623252213,0.22945061498482977,5.932879895789604,-3.8913779225581697
40,1.3333199999999998,0.18331555744315975,0.23297925408665296,4.83770809944404,-4.962182518488431
41,1.366653,0.18800650998086865,0.24076901649902444,5.912666294986464,-5.758854809641614
42,1.399986,0.1781367105919447,0.23883314939585445,5.524873851121325,-5.966335875120401
43,1.433319,0.17414095179731937,0.24423515782971084,6.34839964847643,-5.950213819203309
44,1.4666519999999998,0.17036762305206057,0.23785427172418097,5.969212601049326,-5.651783751509566
45,1.499985,0.07285068538511419,0.2436624053928415,4.933925601186027,-5.439846819260119
46,1.533318,0.07108059500672835,0.24143216835936443,4.48258885401205,-5.288659856831893
47,1.566651,0.07294895848042043,0.2424971919283616,4.255952492772768,-4.901972706860616
48,1.5999839999999999,0.07372950576434723,0.24902798696210526,3.893842170998766,-4.041473697456619
49,1.633317,0.07269945150235131,0.24045480746011305,3.940979942504713,-3.4017403826394683
50,1.66665,0.07358694452621796,0.23003081820703236,1.292582559060912,-2.968034689920448
51,1.699983,0.07282290566798501,0.2405722377300992,1.4872628296727912,-2.7901736219930213
52,1.7333159999999999,0.0738932182122226,0.23462815334108172,0.24363654467081597,-3.087923957822598
53,1.766649,0.0724070694531842,0.23661597390428013,-0.783404310851367,-2.992419990233952
54,1.799982,0.07120669767376042,0.24381778547916805,-0.7024743829345478,-2.892471976354964
55,1.8333149999999998,0.07077671241842562,0.2416157658675948,-0.29484106965058215,-3.1413709978667876
56,1.8666479999999999,0.06997431908146878,0.24767452476268725,0.7721361343904879,-3.563708458280969
57,1.899981,0.07129299275489685,0.2410088309290081,0.6635380656638347,-4.251147654138826
58,1.933314,0.0718982467197612,0.253391189136749,2.0329959009160934,-4.887739933894268
59,1.9666469999999998,0.07097878227796725,0.25106529599394284,1.9893985152770872,-5.143175329669452
60,1.9999799999999999,0.07290141175391875,0.24781196719850507,2.1776365949115015,-5.183756819651977
61,2.0333129999999997,0.07334921996507118,0.24552074833567591,2.15846552968062,-5.176641561826831
62,2.066646,0.07176473297398749,0.24786560786196027,0.9104026832215161,-4.948523224634604
63,2.099979,0.072560636963322,0.24156711497590022,0.6703602517483396,-4.816706055019017
64,2.133312,0.07244367454646379,0.24681787812909703,0.4984721189110098,-4.387057683432179
65,2.166645,0.07377113433843055,0.2549862957049317,0.6824681177743875,-4.073845387813547
66,2.1999779999999998,0.07341885607944347,0.2543284097827334,0.6878762337185331,-3.9077597318348527
67,2.233311,0.073076030413151,0.24298115777583565,1.411010449748832,-3.8024628410139827
68,2.266644,0.07122737819152643,0.24816604694043143,1.1326951028666326,-3.8255314604377424
69,2.2999769999999997,0.07266725695628551,0.24211933379374131,0.641329953834163,-3.5068526174353103
70,2.33331,0.07517475287548671,0.23885172154270554,0.4903943238005351,-3.710757971083527
71,2.366643,0.08730646299407072,0.24082673968122886,-0.7338108806723249,-3.84162012047438
72,2.3999759999999997,0.0808064750211758,0.23867076073891458,-1.6554390564387294,-3.8628239829098665
73,2.433309,0.07575291000837364,0.23743122022774718,-3.500029534179494,-3.7627281924980105
74,2.466642,0.07648130914040378,0.22414833057555927,-4.955360589071867,-3.937490881190963
75,2.499975,0.1558899850915211,0.2083395053551756,-9.198786089685013,-3.632919311947326
76,2.533308,0.18391990457012736,0.2050610231138078,-14.27349765294259,-3.2480920037381864
77,2.5666409999999997,0.17650616230939092,0.20807161749503145,-18.389040820225084,-3.3647374761452316
78,2.599974,0.17584259691800488,0.2184529137202902,-21.84934485199268,-2.794725858099232
79,2.633307,0.1835751233710275,0.2170094915643409,-26.605383755646308,-2.468197560813611
80,2.6666399999999997,0.17078408075927448,0.21916298433712122,-28.792304964038035,-1.7906873473162748
81,2.699973,0.18452408875436696,0.23122436407521926,-30.095994024171887,-1.5373926786407663
82,2.733306,0.16809025396298513,0.2320447475829877,-31.299775822513265,-0.6991133913493622
83,2.766639,0.1725000034623353,0.23513889234061888,-31.676689109020078,-0.5937784926394241
84,2.799972,0.16946471089751863,0.23609013198219975,-33.30820881432432,-0.16680627242743976
85,2.8333049999999997,0.194597862427957,0.24086826182831192,-34.66049286463767,0.4237974782121295
86,2.866638,0.16489150828524812,0.2421639871708242,-35.207185184458396,1.088138357495431
87,2.899971,0.12587433169745413,0.25636106250380597,-35.97907970487099,1.371249072138211
88,2.9333039999999997,0.11532841945220716,0.2585573199029677,-36.10985010568998,1.9306570870923707
89,2.966637,0.11285687781269746,0.2701667488705488,-36.60714475661865,2.0752487988330732
90,2.99997,0.11665705243148194,0.26265610498404424,-36.662947067862866,2.394195296444329
91,3.0333029999999996,0.11110393722690956,0.24869938076047982,-37.435392047051174,2.7462807108723846
92,3.066636,0.1343797350575074,0.23379638352124266,-37.60696290051228,2.757336080791016
93,3.0999689999999998,0.2106956729589954,0.216943439960505,-36.738014901230756,3.03756119823657
94,3.133302,0.24655243779611036,0.219100462680189,-37.46331545757031,3.4367552783330284
95,3.166635,0.25271621572265296,0.2122132775852313,-37.91582637583423,3.4572294436378788
96,3.1999679999999997,0.2506969210512981,0.22339532424195602,-37.85347224386501,3.801859699011928
97,3.233301,0.2345873646016646,0.2199245362969869,-37.908408776822576,4.168828897367016
98,3.266634,0.22063753052704038,0.23015047799695654,-37.978946900459974,4.703574667569323
99,3.2999669999999997,0.20022052090425022,0.2141300609467387,-37.26016054089344,5.056758498648604
100,3.3333,0.15818675657320222,0.2361772000229857,-38.15636463546895,5.482876596973078
101,3.3666329999999998,0.1215954157896377,0.2346787216373535,-37.70149652404753,6.384643645427227
102,3.399966,0.11934422851277757,0.250557004964142,-38.49369684484997,6.695775432630115
103,3.433299,0.12207190454818996,0.25632858207387876,-38.6300509207783,6.741482667635213
104,3.4666319999999997,0.11882174767688228,0.2539522637234473,-38.12504002010602,7.232074537755053
105,3.499965,0.1203448286408292,0.27170479230293215,-38.38269796597203,7.0339280210028
106,3.533298,0.11597806239189835,0.25872967469641606,-38.443912965763424,7.030241930615459
107,3.5666309999999997,0.11719151667975464,0.24338565717791555,-38.34642135162331,7.139914241365542
108,3.599964,0.12310793410784747,0.2649930145622277,-38.67033974545069,7.295032954533943
109,3.6332969999999998,0.13209390709460378,0.25777625937637993,-38.20606987442396,7.4469540892134996
110,3.6666299999999996,0.12161070542140243,0.28396580625650963,-38.316111865368164,7.625675649756675
111,3.699963,0.12528592465443922,0.2820412805140465,-39.284223630835484,7.6666331709892
112,3.7332959999999997,0.12237089315462836,0.29630574701600787,-39.28163661694656,7.28022816921522
113,3.766629,0.12322226950083875,0.30742126217163446,-39.142247286143565,6.928154227178224
114,3.799962,0.12321026095734444,0.28450182392862855,-38.47276541928726,7.8032381059313165
115,3.8332949999999997,0.1255496673390151,0.29897336480477776,-37.462846211695215,8.227606143751037
116,3.866628,0.12601628479134588,0.30187490013692325,-38.88648753122589,7.93167591978898
117,3.899961,0.12560563395630944,0.2891664645273025,-39.2380532110612,7.3886447551370384
118,3.9332939999999996,0.1283982577740444,0.3139326613159246,-39.57257647513562,8.609563413298325
119,3.966627,0.13311484785297195,0.305350660873193,-40.51769980928974,8.871326557353392
120,3.9999599999999997,0.13092363183269642,0.3007973213050652,-41.83163538810453,8.055004876158478
121,4.033293,0.134491084938174,0.3105449035387103,-41.611662251231245,8.15776008677324
122,4.066625999999999,0.13131517673575813,0.3184996766360518,-41.798893688760494,7.395363997862019
123,4.099959,0.13126429856720295,0.30956274959791297,-41.38460870884181,6.943283300440268
124,4.133292,0.1330796430435169,0.30671533943935764,-41.070377959164695,7.3175344476919975
125,4.166625,0.1360463153390091,0.2936789067107582,-40.15488801026656,6.977215839744208
126,4.199958,0.1324631830994605,0.30420432408753084,-40.450766100712464,6.841276806478683
127,4.2332909999999995,0.1434262759234644,0.29376554412961353,-40.99924491450381,6.982461314007686
128,4.266624,0.2025606818420508,0.2744710453584052,-42.90000816590014,6.535552594032801
129,4.299957,0.2354616937924487,0.28238384457911003,-42.900076921815696,7.735930276215958
130,4.33329,0.2630030843863545,0.3362279803316208,-44.23922002042557,7.64196592789657
131,4.366623,0.25457134420146443,0.357915532089554,-44.36733686763594,7.419678947124056
132,4.3999559999999995,0.32643382870493826,0.2830362334494202,-45.501294747475235,7.638886933207507
133,4.433288999999999,0.37289277226041145,0.2840223219400157,-44.98329337319661,7.82676764894999
134,4.466622,0.3914019582525834,0.31174645002666407,-45.230040772867326,8.461598074444389
135,4.499955,0.40373227873222356,0.28086974181275776,-45.380774864423316,8.13760490523643
136,4.533288,0.44657135384587493,0.2507273446830601,-44.59692791942322,7.582491031943987
137,4.566621,0.5201540947764279,0.24596249732629694,-44.46481242227974,8.052876658526323
138,4.599953999999999,0.5632497613248898,0.21639014177050667,-43.497051647700246,7.518790722522304
139,4.633287,0.567250152205899,0.20823153716870593,-43.99279087518337,7.583051844204298
140,4.66662,0.5391100218616861,0.21920240007789843,-43.71957537230372,8.741140454770274
141,4.699953,0.5970643380007005,0.22360999645815027,-43.62184694297635,8.42683184411263
142,4.733286,0.5716687146200983,0.2302202098834051,-42.49538968935327,9.420111512236083
143,4.7666189999999995,0.6153494754816632,0.22473550493718647,-43.181165782131025,9.803352474331886
144,4.799951999999999,0.6273461566042631,0.224122028657902,-42.89499067683194,10.265248112465114
145,4.833285,0.6808915183971005,0.23472424855348084,-44.16745516569604,11.097640157175102
146,4.866618,0.6982105301977231,0.22172832271581006,-43.834530300192974,11.577322584926272
147,4.899951,0.7128268427402195,0.18973023034586867,-43.44223674634252,11.905217878430724
148,4.933284,0.7219888962118866,0.2499103021222696,-44.96627155565309,11.894928736441841
149,4.966616999999999,0.6990788152129562,0.20359100893510657,-44.61419673744098,11.66808340984879
150,4.99995,0.7214863510936739,0.212393994443338,-43.81158606456992,11.165932885307248
151,5.033283,0.6920630496917194,0.218754630429281,-43.60428530873735,10.39274451927328
152,5.066616,0.6980383332330032,0.2261796866754327,-43.05309833723658,10.900931297204528
153,5.099949,0.6971314822363763,0.21465296725976973,-41.75987133562832,11.688990305676462
154,5.1332819999999995,0.685472453816729,0.20386534499836778,-40.98784598767143,11.176119884388108
155,5.166615,0.660416729754623,0.1943980056822385,-39.03505653034139,11.617699244878228
156,5.199948,0.6232009809463339,0.2066436795688763,-38.322811432926585,12.217056305577792
157,5.233281,0.5638786191794635,0.20225290154398004,-34.87186350013938,12.398373424036832
158,5.266614,0.532423758261821,0.17112580810035774,-32.52196055533526,11.372045840049537
159,5.2999469999999995,0.4877520824761991,0.16510044779806596,-26.65943425470558,10.785971193985736
160,5.333279999999999,0.520861405001344,0.14973050532030718,-25.86801045039231,9.995787212471086
161,5.366613,0.5117069138498822,0.12770247871828874,-21.628092129850728,9.202520940003733
162,5.399946,0.48959388057235903,0.1103145147410215,-18.473728282278543,8.40803266726846
163,5.433279,0.4709338269363297,0.13727456397789373,-15.923335285656728,6.767628878234961
164,5.466612,0.45009749327962684,0.12581713881829903,-10.583393604971214,5.18740334091544
165,5.499944999999999,0.4436597840581158,0.1309947419443907,-5.83140390202377,3.4363000832869433
166,5.533278,0.45322766739542875,0.13426566888716923,-2.3326272593373556,2.5298175382042425
167,5.566611,0.4693906348020081,0.15332382933040933,0.31321117718273567,1.436689641012497
168,5.599944,0.4842435609222028,0.1293935289847269,3.164154797747132,0.1794393228176848
169,5.633277,0.4678745104302846,0.1410950140470492,6.954325522486175,-1.1055923507304743
170,5.6666099999999995,0.4826753162506908,0.16679989729969663,8.513430567349484,-1.9101617423518664
171,5.699942999999999,0.46944465410531555,0.19730623485954174,10.84898311452532,-2.698513235977438
172,5.733276,0.4660350052035311,0.20713891318961908,13.376151470798675,-3.6353331229154473
173,5.766609,0.45821457183874087,0.20875696287093817,16.443787215331653,-4.463178281477431
174,5.799942,0.4678770153818245,0.2200838069308308,17.798554013464596,-5.762026923143871
175,5.8332749999999995,0.4630104274477054,0.25355318201982824,21.39973298842888,-6.212973058715323
176,5.866607999999999,0.4393781330792788,0.26754027612158454,23.25166866744402,-6.516957716183642
177,5.899941,0.44399412224317386,0.27229970610807497,24.570066178835585,-6.735557977844985
178,5.933274,0.4546487115120235,0.2676964994957325,26.98366149569908,-6.99912095659179
179,5.966607,0.4652717546775291,0.27268830743929373,27.778100674828263,-7.3127026416564975
180,5.99994,0.477281018992271,0.28707564498078053,28.69540531569081,-8.264505494827926
181,6.033272999999999,0.45347028744871004,0.2862944434442344,28.14085842722507,-8.859658741137551
182,6.066605999999999,0.46880651260533,0.2795537400205045,29.797822189909557,-8.809128568892678
183,6.099939,0.4639502472237409,0.2872819969552227,30.767487264182808,-8.989703288663309
184,6.133272,0.47121861803018356,0.298912040510265,31.150370318629026,-9.231371558871782
185,6.166605,0.451902354272156,0.29754107409682606,32.42619265011955,-9.237591640899899
186,6.1999379999999995,0.46496125950543826,0.31099681544487423,33.27485794463091,-9.466684203974234
187,6.233270999999999,0.4677770981628384,0.3166461777017902,33.58786506505582,-9.334384954134498
188,6.266604,0.4450839437245002,0.3140491544691853,32.98586376600096,-9.528099139592968
189,6.299937,0.45819680173117333,0.3116974715689048,33.76817962712405,-9.446803331588368
190,6.33327,0.4519490537941365,0.30825559695118154,33.95129811498637,-8.962437629412516
191,6.366603,0.4691978689144073,0.30240982512207265,34.23539531167701,-8.701654550265305
192,6.399935999999999,0.44907508202861013,0.3061644658641585,34.96174406954811,-8.722225693101777
193,6.433268999999999,0.44730682271044353,0.31009688756774717,35.48567789034494,-8.065716361122643
194,6.466602,0.4428176507159091,0.3177588878087817,35.34001888834369,-7.558278443809826
195,6.499935,0.4587586466215986,0.306658431655479,36.161989426475266,-6.78083069749936
196,6.533268,0.44214959562809003,0.3020422799672863,35.40188374241787,-6.010108978227789
197,6.5666009999999995,0.4420031969614182,0.29722403607823383,34.14953826704102,-5.55102321416183
198,6.599933999999999,0.4383325740703269,0.32036309391535245,34.51311042345327,-5.384948334777814
199,6.633267,0.44564064902347694,0.2973568955373641,34.81600162085576,-4.492699900378497
200,6.6666,0.4287807703349541,0.34139530525268263,36.20729964372439,-3.2778461754768276
201,6.699933,0.42843281911042996,0.33655565203767634,36.39081225454667,-2.8466121974324685
202,6.7332659999999995,0.425980256865146,0.3421195632009275,35.639654420491425,-3.4181306577705564
203,6.766598999999999,0.42344069778631316,0.32522549062943407,35.112714580973545,-3.2502639471171175
204,6.799932,0.42077573436288535,0.33173573405364215,34.9408531217124,-2.878106223317155
205,6.833265,0.416145253754837,0.3317359638684143,36.03624802172406,-2.4782196018425813
206,6.866598,0.38099832165419534,0.32011479791176256,34.58230528552879,-2.057684238248657
207,6.899931,0.3943404534506783,0.3171533499457156,34.443437552650714,-2.0082298628987885
208,6.933263999999999,0.3927509611900643,0.32655699224405843,34.46279054765382,-1.9084844007312503
209,6.966596999999999,0.37858378966263045,0.2991862840528942,33.655289225666635,-2.137906521020223
210,6.99993,0.35673122986855726,0.30594201893149914,33.38427426849054,-2.3820008195796967
211,7.033263,0.3453499904227583,0.2060228192571249,31.93179568463836,-2.6767439256887355
212,7.066596,0.3468042652860836,0.2172758664146273,31.40673802492739,-3.8880477474605377
213,7.0999289999999995,0.35084338197746245,0.2172794544170124,28.528868304735578,-4.2858728641808055
214,7.133261999999999,0.3314535115932179,0.218606759785443,27.203410476885878,-4.702363263861017
215,7.166595,0.34927481006219324,0.19989541009348483,23.000665643194264,-5.1319156878562096
216,7.199928,0.3495601077695489,0.19330870983480136,21.667902813011306,-5.847079956290325
217,7.233261,0.3266276115668524,0.2023350794647298,17.938716188106586,-5.687049230334543
218,7.2665939999999996,0.3096277159971581,0.20015867021620137,15.622906805779742,-5.594125518699966
219,7.299926999999999,0.29597079748676447,0.1690569978063721,14.106210293749468,-5.029860294439013
220,7.333259999999999,0.2850363644945662,0.2045349767494835,12.436647126926815,-4.640377724651783
221,7.366593,0.26410858410867816,0.20470409549875507,11.468064109165848,-3.8346086317758696
222,7.399926,0.2595800119466811,0.1838658994787651,9.142607776377638,-2.997459027406446
223,7.433259,0.2397546066306372,0.19228071802766644,6.233000580469535,-1.927823913705586
224,7.4665919999999995,0.22927799157970938,0.18769763004126866,3.0962202974478674,-0.9156019847587156
225,7.499924999999999,0.22103115527428585,0.1858770390037677,2.950588264336413,0.03707463076193312
226,7.533258,0.21351451194967566,0.18376694191497753,1.51560810903721,0.6819252463929816
227,7.566591,0.2092249954555921,0.17133801141533617,1.4600554062459712,1.3399399769839804
228,7.599924,0.2075495162171514,0.17496766947777154,1.7077670856138683,1.5766400932018578
229,7.6332569999999995,0.20142853302944258,0.17743670602559863,0.4614299080317423,1.689615758312098
230,7.666589999999999,0.19902267924604664,0.1765861160860974,-0.13938773154413195,1.704459621144422
231,7.699922999999999,0.1947103006180581,0.16206500509884897,-1.3180169532192638,1.4739452230953058
232,7.733256,0.1883994857623483,0.17120473123251825,-1.6759121154967311,1.0782861911076753
233,7.766589,0.1884986815169684,0.18788705926709334,-2.4864565717337035,0.48617881956667164
234,7.799922,0.18431052361259875,0.18751457798953752,-3.2897948647754935,0.07709793015096517
235,7.833254999999999,0.18152603073134832,0.1877992220238227,-3.1976899767768288,-0.16054142675726163
236,7.866587999999999,0.18402727161278354,0.19691344739794303,-4.531496393325646,-0.7540634582936349
237,7.899921,0.18238250410616083,0.19112443109033303,-4.078164889716668,-1.0716760158637855
238,7.933254,0.17820623101800348,0.1940319992858,-4.591266166883505,-1.5952165696755949
239,7.966587,0.1725817468888534,0.2075999100523111,-4.66318550734873,-2.0251203989524633
240,7.9999199999999995,0.17058482333706532,0.2018458641847791,-5.054107248482917,-2.196577087236413
241,8.033253,0.1700821096610138,0.1946441907673852,-4.9032444209112045,-2.147219499681185
242,8.066586,0.17197451041230932,0.1896947726977063,-4.659045930206161,-1.965202732333804
243,8.099919,0.16755392435616828,0.1864897399680911,-4.859868182941632,-1.560356413990162
244,8.133251999999999,0.17213183112725805,0.19180089341781265,-4.504877731768193,-0.999558304103665
245,8.166585,0.16859246569219702,0.2034575864416444,-4.696080778361267,-0.7563772794954416
246,8.199918,0.170767272406651,0.1973030916924709,-4.333011797741108,0.06039223413625123
247,8.233251,0.16506429715073806,0.20348663283538204,-4.826404641773834,0.26359285655890524
248,8.266584,0.1637397946352825,0.19914638088705128,-5.063222999544403,0.4118453122044932
249,8.299916999999999,0.16288852219474573,0.20454584028929554,-5.341782140592949,0.24958005077815734
250,8.33325,0.1647596190938386,0.19261316402338335,-5.6014379388614515,0.1171983084387763
251,8.366583,0.16778353173687682,0.19249459613321426,-6.075729897840897,0.09832713629868585
252,8.399916,0.166300517222283,0.19837999699993883,-5.652340078724911,-0.12471892121475461
253,8.433249,0.1678565958793271,0.19932383436820095,-5.339170538131895,-0.18081571466917656
254,8.466581999999999,0.16911968404306316,0.20453674316663534,-5.8048954780713835,-0.024181473213350166
255,8.499915,0.1644640628630434,0.20644087434957326,-5.5206084677395015,0.34642216359160855
256,8.533248,0.1603778616739298,0.21162439158024443,-5.208487483263814,0.1838907043668473
257,8.566581,0.15939069030068043,0.210012988129767,-5.240608451127292,0.29387639922939207
258,8.599914,0.14944796796775575,0.2128537143653395,-4.7170525182491065,0.056861586446078076
259,8.633246999999999,0.15705340113867913,0.19896531162023529,-5.380195565498434,-0.40512289692277687
260,8.66658,0.15539977729955526,0.2032085741747036,-4.602716470262439,-0.7088404018257335
261,8.699912999999999,0.15022859328121174,0.2054338511668116,-4.272039878054804,-1.1535467198820122
262,8.733246,0.15496447791013213,0.20654637672751547,-3.93209238110872,-1.583580284423989
263,8.766579,0.1658521224750404,0.20062663688766744,-4.9141470490487595,-1.8089074678022465
264,8.799911999999999,0.16781582150711447,0.20218683281535374,-5.472454484503975,-2.3626805658551104
265,8.833245,0.17110267482549205,0.20431891806161925,-6.263788858574148,-2.2479651621566323
266,8.866577999999999,0.1541201125742536,0.20307348513003115,-6.022394309668306,-2.6303465298208697
267,8.899911,0.13976790623935414,0.21292642960931152,-5.690223017495205,-2.768863759053727
268,8.933244,0.12151880969573667,0.20464167389752932,-5.499562047742396,-2.886533782212098
269,8.966577,0.07453069668047993,0.20192185460150525,-5.29809276044235,-2.953780330451441
270,8.99991,0.07462177886851676,0.19929525722392005,-6.117440783498877,-3.0094297508147574
271,9.033242999999999,0.07563871385446519,0.2046566465935022,-5.767246633797324,-2.715630083646566
272,9.066576,0.07651020008091913,0.2082497113281551,-5.956745759435198,-2.31999148662138
273,9.099909,0.07708299417089454,0.21264724028246862,-7.512658036976105,-2.0871045543627327
274,9.133242,0.07654251874444946,0.21336880820492987,-7.674258738612298,-1.6690847855258175
275,9.166575,0.07665095129324696,0.21492973807101057,-8.20660200810994,-1.3883554138819327
276,9.199907999999999,0.0760386910175513,0.21132058558698913,-7.694629928119679,-1.0347102629901241
277,9.233241,0.07626814304490297,0.21703159977079656,-7.431938919289172,-0.7782945783617038
278,9.266574,0.10813510900482982,0.21009480873755043,-7.379759699905694,-0.47917633206762994
279,9.299907,0.16866909617193782,0.22073098791134624,-7.081631642210371,-0.3478022795210425
280,9.33324,0.1735902525364266,0.22585578901120187,-6.763068397206085,-0.2796234578556682
281,9.366572999999999,0.16784729348086264,0.22332692522395614,-5.693264682187093,-0.20784115431186637
282,9.399906,0.16944862721515608,0.22902759137545584,-6.138577766160812,-0.30449275951698795
283,9.433239,0.16824855863456104,0.22288671674846874,-5.0875690958795206,-0.42494736640105607
284,9.466572,0.16650096858704125,0.22097133311816264,-4.655770986389878,-0.37392110322660504
285,9.499905,0.16252981411409523,0.21401034001278646,-3.6789335745475795,-0.6919130800351907
286,9.533237999999999,0.15508631397929765,0.21554909318699628,-3.3319392263835184,-0.6773242674818925
287,9.566571,0.15506893423542725,0.2207537391557584,-2.718375188096245,-0.5965912287829961
288,9.599903999999999,0.1594139199056207,0.22001644806556056,-2.7626512904112768,-0.7823364232136552
289,9.633237,0.16522429689007487,0.2221591172144683,-2.9291568068760134,-0.8304413621807447
290,9.66657,0.18157072312968794,0.22763066356754458,-2.6406258191567202,-0.6527870826789413
291,9.699902999999999,0.18138248406951968,0.2366334228529285,-2.2653580561650832,-0.20125187749521875
292,9.733236,0.1920629977807299,0.23727383340321623,-2.7605759946446042,0.5412745648008024
293,9.766568999999999,0.1908583632324056,0.18769895900434175,-3.3256564076737307,1.5625131658712066
294,9.799902,0.20552815078565848,0.13411701316390176,-2.617510661419025,2.650043722454175
295,9.833235,0.2170321958027589,0.07581427147681616,0.36082054642658273,4.125648315241217
296,9.866568,0.21015643732833314,0.056424165074960675,4.293291133962889,5.4513564083133055
297,9.899901,0.18641171014155838,0.041546120804109875,10.304730839947872,6.701316961287998
298,9.933233999999999,0.13491695185806835,0.06380366116854805,14.469256000774134,7.665004274366476
299,9.966567,0.0885147584739715,0.06989706560450337,20.514628121254873,7.75142579987181
300,9.9999,0.09560752569904492,0.06841580319179405,25.48326558435418,7.808216820784348
301,10.033233,0.11516866442547419,0.0855745700064112,28.261363559933024,7.029188274301198
302,10.066566,0.1133157826559961,0.0827020151503135,30.061915141575817,6.512853508748117
303,10.099898999999999,0.14364849838335034,0.1406342919051113,32.60813538290409,6.273260287858962
304,10.133232,0.13940719741930788,0.1904439703421265,34.145308379598035,6.496585478458096
305,10.166565,0.1591171982097788,0.24725083667071718,36.07381833178313,5.714685381118949
306,10.199898,0.15937784810643804,0.30496671123174524,36.32110635098217,5.068046478648335
307,10.233231,0.165214708096057,0.27346373602374446,37.73599447848615,4.728994770221897
308,10.266563999999999,0.14370942904031245,0.29456388260193267,37.63541200836568,4.280244199071721
309,10.299897,0.13910028550467643,0.3056586194582427,37.37616513029758,4.602701963268852
310,10.33323,0.13942557794152888,0.28424340192928516,38.314316674617636,4.502706420262712
311,10.366563,0.15084879601491438,0.309607076993371,39.32532593746474,4.04558607818017
312,10.399896,0.14547046087023827,0.30612956708576106,38.73806107380094,3.4468017645006843
313,10.433228999999999,0.14716792370235343,0.29695182161251665,38.87076900122639,2.7683150644077417
314,10.466562,0.12151370653543074,0.31460715895607505,38.61843802175754,2.0087225324664164
315,10.499894999999999,0.11377536514204686,0.3395900693997326,39.446312325616205,1.7085505128333172
316,10.533228,0.11757580050852057,0.3619505215748787,40.173710605230376,0.9522176550996659
317,10.566561,0.11522728515887068,0.35031197779116224,39.3992048491035,0.9570617381521664
318,10.599893999999999,0.090872490598705,0.3530706761406088,38.614264724300455,0.5178529567212214
319,10.633227,0.11412125188690812,0.31636763302031373,38.35056137269765,1.0374909917810236
320,10.666559999999999,0.13262841016817284,0.36060401769225475,40.0915159546527,0.7807037176598435
321,10.699893,0.15094730408305973,0.3564615385157361,41.533458851524074,1.5367541927407498
322,10.733226,0.07643206069590679,0.37258119250607247,42.938439270873296,0.9661162623409162
323,10.766558999999999,0.02016816812719226,0.40245703216592055,43.490912163111645,2.443008163547365
324,10.799892,0.022122593082431245,0.3362721358389896,43.12570685758435,3.112740997675581
325,10.833224999999999,0.020358831641143507,0.35299855866225005,43.42046906854734,3.4574284765924643
326,10.866558,0.055980776514923246,0.35234005898893606,44.47168426629303,2.73450422144405
327,10.899891,0.14750265982220054,0.3708525698342077,44.548140900712724,3.3509432450953116
328,10.933224,0.2232249709581389,0.3530334115155555,43.09656353065494,2.9927667856272517
329,10.966557,0.2303427563984921,0.35563219450255396,42.19193694557162,2.8591836115231706
330,10.999889999999999,0.19820610285512533,0.3784223845831206,41.54995576378422,2.2529162703478307
331,11.033223,0.21129885690983172,0.3575028248198287,41.11274919226769,1.7848224758216131
332,11.066556,0.1968726476382566,0.36405655096889245,39.58665461416122,2.087017250304559
333,11.099889,0.14646023740029138,0.36075404861643395,37.86701288184045,2.0979678743974532
334,11.133222,0.16170483597367483,0.27802947887935925,36.03973077116263,2.1478706686205884
335,11.166554999999999,0.1381648151627405,0.23063157162421943,33.59134380007193,3.026500265456894
336,11.199888,0.1505544390097775,0.20407729249592066,32.044939773403584,2.2356662872799125
337,11.233220999999999,0.1244637466316842,0.09582491959253464,29.37456875928992,2.1030120514346042
338,11.266554,0.12445404616320749,0.04893642441334496,25.691489605129636,2.3057279004174824
339,11.299887,0.13842971710702867,0.057206166552805734,21.46946926092239,1.4371268412612919
340,11.333219999999999,0.146898622540143,0.04409159326960941,17.973851286476748,1.5984854300422398
341,11.366553,0.14818644061330477,0.09813917134421081,13.137202704472106,1.5559733071458863
342,11.399885999999999,0.147275208121856,0.15442148601309091,10.397275493940205,1.7397367228080878
343,11.433219,0.14981924788086562,0.18691514391633046,6.004349059961816,1.9172351790050048
344,11.466552,0.15795240639216535,0.20111243396425088,1.7094182439456238,2.360168646202893
345,11.499884999999999,0.15262201902777525,0.2170856577904144,-0.9018875702437514,2.7167670258887537
346,11.533218,0.1465712600859426,0.2095981146741625,-2.3283278537877212,2.9790160869876123
347,11.566550999999999,0.14414170630723644,0.21692764142276694,-4.084818657972344,3.5892727977201937
348,11.599884,0.14682573499418378,0.22941338766834174,-5.620599675064673,3.779826291511821
349,11.633217,0.15355001949855132,0.23508711841767516,-6.240912350502092,4.323218596414697
350,11.666549999999999,0.17173554024154458,0.25087418374183773,-6.520369208896435,4.838248416063654
351,11.699883,0.17208808027247763,0.26590289216787205,-6.225411172479304,5.103772829346797
352,11.733215999999999,0.17464862768803577,0.2743044470764111,-7.325640726813684,5.305948981768289
353,11.766549,0.17411112563066017,0.2882381752337682,-7.485999272637865,5.601222141719736
354,11.799882,0.17374085673681325,0.2811099880555623,-7.460012658064006,5.826168486571305
355,11.833215,0.16330173528101427,0.28695762452669715,-6.789981809151261,6.123546337476597
356,11.866548,0.15910692676402588,0.2852933296435367,-7.619497458341812,6.2712807655857485
357,11.899880999999999,0.14081835849676305,0.281794258882029,-9.110099677845557,6.425622559801921
358,11.933214,0.08078510534680435,0.2797528900656656,-8.973272358759797,6.610921453755947
359,11.966547,0.08020049247259302,0.2703532759248348,-8.566461911909116,6.7999137662477525
360,11.99988,0.07995030792122612,0.2659999734666503,-8.485325344363854,6.551116175051771
361,12.033213,0.107502061080954,0.2651594764951384,-10.413068819575765,6.418597552584946
362,12.066545999999999,0.17696102601814653,0.2504125943835641,-10.474768742354572,5.916143311275168
363,12.099879,0.19884183505505604,0.24226211240035173,-9.421663080071648,5.723113516786475
364,12.133211999999999,0.1927465019048983,0.24470890950932944,-9.166883257378744,5.5956383906759335
365,12.166545,0.18608850774298374,0.23324003497945123,-8.85507124303627,5.47804635762959
366,12.199878,0.1816729250436671,0.24125638375887212,-9.451005188336655,5.377541804739171
367,12.233210999999999,0.18051409467969312,0.23330499131135807,-9.604395927525529,5.286204930341241
368,12.266544,0.18532268643582814,0.2424765605088527,-10.063169973042529,5.350733223601069
369,12.299876999999999,0.18029975329333395,0.2328810388334424,-10.195999955550247,5.375860902964266
370,12.33321,0.17816891425215653,0.15710447384325854,-9.193613825068228,5.484461897691459
371,12.366543,0.18417236649460197,0.12444085135223332,-7.635780776810477,5.982103411030245
372,12.399875999999999,0.1840821042185993,0.13692084207819988,-7.907273574527216,6.282027984750134
373,12.433209,0.1906145633805832,0.14417154875350077,-7.912641811093316,6.4620094228663465
374,12.466541999999999,0.18689784690459554,0.1631109185909983,-8.69127232160615,6.692099064357517
375,12.499875,0.18752069153291695,0.17199455387945967,-8.84717721948561,6.978127492873703
376,12.533208,0.1867139996921548,0.17796786384296742,-8.702766753941257,6.963882500084028
377,12.566540999999999,0.18347602080003755,0.17478812097082408,-8.194437814710227,6.946982488059593
378,12.599874,0.18685859852958603,0.1772846245332621,-8.750626963323056,6.725671382474939
379,12.633206999999999,0.18300894555213112,0.1835950740592207,-9.375458499922122,6.245164803477176
380,12.66654,0.17464063208170766,0.18915003891721321,-9.52053625083021,5.814203227244941
381,12.699873,0.1765852047508143,0.19488281746028097,-8.811022350493992,5.132414882120298
382,12.733206,0.17903360085568995,0.15311262692962302,-7.939651826298309,4.815472959862314
383,12.766539,0.1816186808529194,0.0634675561628307,-6.584136216112131,4.290854827194773
384,12.799871999999999,0.18497749038103412,0.09937469144337627,-6.512506842133988,3.759261984512678
385,12.833205,0.17723380352248275,0.10416353839445575,-6.0448410803508885,3.2787986169202354
386,12.866537999999998,0.17743029509074815,0.14736780178562758,-6.395938935957197,3.214964751779543
387,12.899871,0.1800892015148164,0.16617892026116163,-7.125002726006869,2.861462675180493
388,12.933204,0.18437011046713883,0.17813217481195476,-6.182608382659975,2.918111356187172
389,12.966536999999999,0.19119461942020338,0.1844703987152116,-6.287804629427437,2.9042825793304488
390,12.99987,0.19537914808175824,0.18851587407552187,-5.45119390932138,2.9969588562369585
391,13.033202999999999,0.20286688865634525,0.18054338012957644,-4.439993765419572,2.9206287011382317
392,13.066536,0.23122181841207193,0.17732066232165913,-4.606352900098547,3.332400945932856
393,13.099869,0.24606245253616715,0.16748888926564517,-3.145877074436858,3.7027773654144998
394,13.133201999999999,0.2689052940508704,0.1636106934606655,-2.9193685979496573,4.02656489776161
395,13.166535,0.29248962750547236,0.16930060659238078,-1.8455040241071703,4.638878168074354
396,13.199867999999999,0.3000770937918504,0.17009842576002732,-1.5790078400769068,4.994675698345728
397,13.233201,0.3126249556799953,0.17115500587418064,-0.9248923956503959,5.442838708406307
398,13.266534,0.3303229321202285,0.13798325481957263,0.23372442614404687,5.634127562915536
399,13.299866999999999,0.3360039073502163,0.13293199838257225,-0.4613819098753073,6.012844706934636
400,13.3332,0.3419830229527542,0.10248300721698783,-0.4467403018155757,6.282646823830631
401,13.366532999999999,0.34853669895952466,0.11494490836432075,-0.5341575689805168,6.270080773569372
402,13.399866,0.3569769441941921,0.12253056577133278,-1.0897724311365966,6.401348922173342
403,13.433199,0.36611225716531626,0.1383940777865622,-1.476214669204758,6.354424316293356
404,13.466531999999999,0.36914583876797574,0.15712099036781169,-2.071916268941202,6.509771501713285
405,13.499865,0.37319029490119004,0.170383891409627,-1.902021114024073,6.306776573488488
406,13.533197999999999,0.3810525379117868,0.18218484735047996,-2.414619492746267,5.964457337050832
407,13.566531,0.3779358409569414,0.18916766233188692,-2.468918746100957,5.619709630033615
408,13.599864,0.3791903851656758,0.19023852027764854,-3.9807034460867436,5.218292277933174
409,13.633197,0.39401428796050597,0.1919232822194541,-4.176742318053036,4.966894439919961
410,13.66653,0.3878444301356673,0.18288981798136206,-1.465853891251068,4.225821610936589
411,13.699862999999999,0.38676726160130676,0.18108827025365287,-1.2468217666251287,3.8032473789258883
412,13.733196,0.3880198146895124,0.18373130593119902,-2.33925374143248,3.5813917230967975
413,13.766528999999998,0.38332033055451215,0.17477129332397734,-1.1641257822861009,3.3190327197090195
414,13.799862,0.399828408121847,0.18270662063359938,-2.39015890470529,3.184246978303072
415,13.833195,0.3911996676341608,0.17751149399155192,-1.80017739308264,2.9439201112217463
416,13.866527999999999,0.3931039614490956,0.16769703241068512,-4.2462613659091355,2.951554903898041
417,13.899861,0.3866594653796576,0.16881712353203107,-2.634328046985016,3.1176813619348307
418,13.933193999999999,0.4084673172617073,0.15962085602995035,-4.930260827059871,3.193675537977879
419,13.966527,0.41218244016416705,0.16786257747481767,-4.289252658915281,3.3551076287912025
420,13.99986,0.4062745018087206,0.15408980178908271,-5.039396670242522,3.5156850359364387
421,14.033192999999999,0.4004428674142924,0.13934865354672074,-5.480421198733775,3.611564765031695
422,14.066526,0.40864177302180466,0.1473146127672128,-5.101518410260835,3.943842812672943
423,14.099858999999999,0.41364279112047947,0.14364785965498658,-4.978741820345694,4.20902322984469
424,14.133192,0.4104999238791009,0.1454457492659516,-6.351071686137254,4.570615067920743
425,14.166525,0.4169774377240324,0.14872949492105225,-7.423642491916225,5.0356004180555125
426,14.199857999999999,0.42117023453194297,0.14765063614002594,-7.794053929420555,5.417087470086543
427,14.233191,0.4182066322564526,0.15324146396401128,-8.854684561671705,6.010141213032763
428,14.266523999999999,0.4275120854779882,0.1641347161128865,-9.521640172943796,6.403250318307419
429,14.299857,0.4082362081517774,0.16876220140149545,-10.388850841924302,6.8538894265668855
430,14.33319,0.4129594402122708,0.17905620411059076,-9.95754093683894,7.427539197349592
431,14.366522999999999,0.40828550641961014,0.17884756605742735,-10.863610045733683,8.057058349721565
432,14.399856,0.4256050457076728,0.178113186446475,-12.64505940250123,8.659234487462136
433,14.433188999999999,0.4291752993529248,0.1770761420493182,-12.696049155993313,9.179371111535835
434,14.466522,0.4257878216778876,0.1817595655784307,-14.468812541126722,9.726922714755782
435,14.499854999999998,0.41674142196901426,0.17204556699414664,-15.766602796376835,10.167144604314473
436,14.533187999999999,0.40562266885287895,0.17506913774816316,-17.046156407769203,10.548500246857879
437,14.566521,0.4244100625030766,0.18754890182685613,-19.595742615104037,11.050216949882365
438,14.599853999999999,0.4247628344326584,0.18297619268331589,-20.9748310660278,11.539195855592396
439,14.633187,0.4189276977455792,0.17868071546029513,-20.973663171012515,11.370610949217355
440,14.666519999999998,0.4321922158622514,0.18610359067768636,-21.353372656695342,11.783877867075004
441,14.699853,0.41888129214429626,0.18183887400353782,-22.746687202382738,11.704495746668234
442,14.733186,0.4305941553417286,0.17472373700123897,-22.88432087587998,11.9461936008357
443,14.766518999999999,0.44146101545923383,0.18273402251560306,-23.443751013135596,11.735878297117527
444,14.799852,0.4377301534087158,0.17611254150402436,-21.80123706784591,11.644094825573745
445,14.833184999999999,0.43884747431952575,0.17183826930467394,-22.07948496431767,11.445608187666442
446,14.866518,0.4599159581706853,0.16543828303855912,-23.85262761149707,10.894841497475985
447,14.899851,0.4515190103310791,0.16740668746473458,-22.674053210154067,10.885596240449052
448,14.933183999999999,0.45223878856859046,0.17379696571951347,-23.04630029945327,10.412148520889696
449,14.966517,0.45551355681441585,0.16823736025581648,-23.102762157862042,10.167806427839842
450,14.999849999999999,0.44830016897713243,0.17279373547111446,-22.007009157582164,9.465685910218658
451,15.033183,0.45570961102485547,0.17513256714681005,-23.37703372135621,9.202703158554442
452,15.066516,0.44094687386497367,0.1762150943154735,-25.16725065478013,8.50350365679598
453,15.099848999999999,0.4326357699676245,0.17631319810686114,-23.740281489509943,8.265192107386856
454,15.133182,0.44191798806614396,0.17781272361101186,-24.00282326478716,7.593600600374348
455,15.166514999999999,0.4429936955073578,0.1830396940744276,-23.750231896214547,7.2818951058473775
456,15.199848,0.4437296183812113,0.16343029844448886,-22.881115682378155,6.606012639772457
457,15.233181,0.4480885852553711,0.16429075519306796,-21.868832234175617,6.326844860993807
458,15.266513999999999,0.4217227194028069,0.17946576398595887,-19.945897920811923,6.0055640879758725
459,15.299847,0.4323516119482856,0.17188514773511254,-21.156061232575308,5.4538517162347055
460,15.333179999999999,0.43277156727385613,0.17592043090039403,-20.287477144190618,5.024649923070821
461,15.366513,0.4405129551798752,0.1760805223200338,-19.524715253143462,4.569261521986656
462,15.399845999999998,0.42186832281384956,0.17625859747004813,-17.582488584119982,4.289146716084384
463,15.433178999999999,0.4337095192407777,0.17756182469793003,-17.717933621164413,4.107833741784319
464,15.466512,0.4414927773920345,0.17152297717676068,-14.89763348750712,3.9812353155253186
465,15.499844999999999,0.4197289673889251,0.15495199988089253,-13.042953863701916,3.753609308432261
466,15.533178,0.40838152846064146,0.17265224939416868,-12.3745318938005,3.673364979945072
467,15.566510999999998,0.4000902481030154,0.16720396887989228,-10.976620059589635,3.7345952821826773
468,15.599844,0.39867073782341644,0.17869492082786553,-7.624476506860178,3.3652717219790436
469,15.633177,0.40305295291299637,0.18534259472490666,-5.206561145780264,3.4254449627433146
470,15.666509999999999,0.39289159402894813,0.1655489018684817,-1.538829776117256,2.6192216929117054
471,15.699843,0.40011236571791053,0.16071439805989526,0.60838347619514,2.4419209885316677
472,15.733175999999998,0.4111111691616977,0.13777464423793392,2.2508964146890555,2.3186816845501164
473,15.766509,0.41287494164903504,0.15612028504618541,3.3543561987067565,2.1716093560032714
474,15.799842,0.404994727307794,0.1550821745971162,5.861011359095583,1.9995676221231846
475,15.833174999999999,0.3836348429217268,0.1636222714834482,4.120592003944124,2.165476615885341
476,15.866508,0.37325001895715765,0.16593435328441503,4.086731683403429,2.320704810121783
477,15.899840999999999,0.38283104032647486,0.17038477618640668,5.6129091495390995,2.2726884697699985
478,15.933174,0.3798851954451595,0.17336415476405226,6.998801596318813,2.341891123675791
479,15.966507,0.3686663988389867,0.1814361733958987,7.138776354255703,2.325016962729373
480,15.999839999999999,0.3561099220409776,0.17693461832536697,7.801301690140391,2.5583327998962297
481,16.033172999999998,0.3581124101535502,0.17574286285001264,7.451959828055124,2.8002084322573233
482,16.066506,0.3492190651857236,0.18302139352907812,6.759891147877692,2.724401424339974
483,16.099839,0.3439045457486125,0.16708343042831836,6.301274066085413,2.559846835032124
484,16.133172,0.34669700021137906,0.15172575492125712,7.243972633666303,2.268865710197316
485,16.166505,0.3567004579860469,0.15789121033579862,5.915212252553203,2.149788539387821
486,16.199838,0.3418200637614777,0.15509989918709546,5.727385336027386,1.9882814906655957
487,16.233171,0.3251496054111982,0.16048032897355954,5.481120408953341,1.659043435257766
488,16.266503999999998,0.329245773707343,0.15625392437750274,5.198363730763101,1.209325475335426
489,16.299837,0.32930876306950735,0.1448964246562073,3.8564188141670344,1.1950794794954105
490,16.33317,0.3225956709175682,0.14923994624454856,3.5980906188282193,1.2444924409778044
491,16.366502999999998,0.3112881632998853,0.15785217413874175,2.222551261780252,1.1610681321887506
492,16.399836,0.27728333932899385,0.15574001556243283,0.2986383532567468,1.1256946167498716
493,16.433169,0.26405576782953444,0.1620593215141916,-2.093113669001426,1.28813915795412
494,16.466502,0.24922587106494024,0.15883383508211624,-2.614581257900191,1.4764702113227781
495,16.499835,0.2478833248751504,0.15000634872025606,-5.978755684459202,1.6586404270744604
496,16.533168,0.2233586931432369,0.1479605049238384,-7.446930976973883,1.8716582667546382
497,16.566501,0.1991274528133186,0.142642483453163,-9.389730018641002,1.9686657356123936
498,16.599833999999998,0.19072379095068032,0.15428251083890354,-11.44772177984139,2.222109369738869
499,16.633167,0.1761538870827374,0.1537609759716917,-13.160140556202501,2.19327814006939
500,16.6665,0.17523536823514918,0.158987030245694,-14.153551175484143,2.0629391488747384
501,16.699832999999998,0.17365582942380167,0.1641398495102451,-14.53522797345117,2.3616479031591373
502,16.733166,0.17600696528725263,0.17502968581148062,-14.88791478390356,2.167355551950313
503,16.766499,0.18632284332347293,0.1736101998841451,-15.172178530054085,2.4061959971883384
504,16.799832,0.1882928930689546,0.16708675205231666,-16.528372385461566,2.7390289454364596
505,16.833164999999997,0.1915472115238175,0.1507223836070035,-17.93586225404146,2.955695796365527
506,16.866498,0.19568977127446793,0.17122488376569595,-19.484531504781128,3.9073171828223345
507,16.899831,0.19223561743227513,0.16883046525454928,-21.12658765088084,4.069981917203873
508,16.933163999999998,0.20267055356392077,0.18189877830584422,-22.38042518487078,4.166828448252372
509,16.966497,0.20458154527832986,0.17376752709818596,-23.898346648429445,4.163959916032168
510,16.99983,0.2170293395346448,0.16811765054161737,-25.945457808334446,4.336425928802037
511,17.033163,0.2213404957982077,0.17212782444800928,-26.198982134978987,4.541344391114931
512,17.066496,0.22625400751788097,0.17300539268394904,-27.836640368177264,5.054558025169399
513,17.099829,0.21742251889404238,0.18575884611358856,-29.028775315387286,5.025432369312157
514,17.133162,0.22860110662293998,0.1739209187239527,-29.19643011496698,5.142788439460727
515,17.166494999999998,0.2294848409249122,0.19495374748604288,-29.19959885429799,5.747765796137826
516,17.199828,0.23458560878197268,0.18150778947357582,-30.05676373061271,5.571947613220748
517,17.233161,0.23568726699819215,0.2081555287471148,-29.969579076150776,6.0266542755814445
518,17.266493999999998,0.22709444763684863,0.20812358797713232,-30.913226893363625,5.299022158760575
519,17.299827,0.2386076977805999,0.19748879933283975,-30.8722852337234,5.497214454986138
520,17.33316,0.22980639636426659,0.1993276513355326,-30.639862173674086,5.521950811606946
521,17.366493,0.22396241643467577,0.20536932928665502,-31.782837236487502,5.509889552419458
522,17.399825999999997,0.24607583495279228,0.1992029542566049,-32.27795576897753,5.645379691004866
523,17.433159,0.24168883400653024,0.2093568315650366,-32.40063681608475,5.618811047137278
524,17.466492,0.23877936824115292,0.22157068550051412,-32.629209209621656,5.747302300796696
525,17.499824999999998,0.2413894594977739,0.22676161236127687,-32.67212985328992,5.757298792823386
526,17.533158,0.2406610665366531,0.1939695705082707,-32.47240231891648,6.074981500051715
527,17.566491,0.23736395434320343,0.2127919168514654,-34.33112594457375,5.81088128736277
528,17.599823999999998,0.23415415351507254,0.20836822784259507,-33.133391603961385,5.786281655718466
529,17.633157,0.237429143348777,0.22541810412388727,-33.76887844908065,5.339688736472302
530,17.66649,0.2397231843994671,0.19541771429666344,-34.28922635739775,5.945476455853302
531,17.699823,0.2325647632725304,0.21895354526442207,-35.7761174797183,5.958426272699699
532,17.733155999999997,0.24394695510372588,0.21127311327630252,-36.01550197706814,5.462864346058032
533,17.766489,0.2400211434528246,0.22431859607517915,-35.65752601119165,5.9320643457872855
534,17.799822,0.23222040376921924,0.21080717849666963,-36.098283945942285,5.604010266006389
535,17.833154999999998,0.23358765994195554,0.22215478430648022,-36.42435633185852,5.771821544509517
536,17.866488,0.23919829187424388,0.2091255923174798,-35.89638339168379,5.39527463056968
537,17.899821,0.24641084138066294,0.2081147514519701,-35.22325274905377,4.977144581450262
538,17.933154,0.2387958578884713,0.2156189496829598,-35.13447451303213,4.3705068017837005
539,17.966487,0.21591778282577612,0.2375540017705593,-35.147796052840896,4.6248517363715775
540,17.99982,0.21299036334983348,0.23530368949527586,-33.79711574821085,3.9825574661204306
541,18.033153,0.21290367364727844,0.20817503939965215,-32.872428921268465,3.2883810605891886
542,18.066485999999998,0.2136669317196051,0.21792660285472826,-32.66822497391796,2.980157600561794
543,18.099819,0.21201808754550502,0.2263008484493442,-32.793329099908675,3.230415683349617
544,18.133152,0.2126782716150268,0.20702700508353852,-31.941144286316526,3.061527327457088
545,18.166484999999998,0.2152013911805265,0.1997919764063616,-31.910265964587687,2.9917463529422337
546,18.199818,0.20680674863886134,0.2108147040491341,-31.346881725765517,2.998412381838995
547,18.233151,0.20565561365500173,0.21011476356296216,-31.727585245204892,3.0308894236926087
548,18.266484,0.20708264538814314,0.19211044597408097,-31.47207253663228,2.8617772192620667
549,18.299816999999997,0.20296938191882624,0.18391357942233905,-30.990815133223624,2.9537608702290084
550,18.33315,0.18578585581614857,0.17700857396406522,-30.24226279600054,2.7769926970088488
551,18.366483,0.19665684852796667,0.211793637502389,-31.407630387987727,2.7621352485993635
552,18.399815999999998,0.18261793929933628,0.215965834487725,-30.702094342671305,3.1287229894589816
553,18.433149,0.18012034123300077,0.20837857181223146,-31.82876707353211,3.273189958202925
554,18.466482,0.19788801508901316,0.22862802123310702,-32.24151643638919,3.6111776762437433
555,18.499814999999998,0.17483101322267003,0.2161985591930241,-33.260819351099435,3.317912195464224
556,18.533148,0.15301663882695768,0.22452695802564776,-33.20851197857382,3.0579861403422535
557,18.566481,0.14215258062319333,0.24357017968499917,-33.28098340558411,3.4941791392643826
558,18.599814,0.117570835486315,0.209271799584826,-33.406010121771914,3.2263367732719
559,18.633146999999997,0.1175290154917243,0.2036363284303277,-33.772438299606236,3.5675696212253025
560,18.66648,0.12491406416368243,0.20831427742893793,-34.174472511249924,3.272069789439732
561,18.699813,0.12698658817619055,0.2123915321587591,-34.442945227673825,3.165602574124841
562,18.733145999999998,0.12525346481618277,0.21607394642488353,-35.504783341660016,2.826017600889225
563,18.766479,0.12738945680187033,0.21246609995789734,-34.68356410795679,2.8038760985242606
564,18.799812,0.1299225240239944,0.21950623816298614,-35.70317114170773,2.770444754908254
565,18.833145,0.12791617067205485,0.22821496240263753,-34.90367310104131,2.6359093058867584
566,18.866478,0.12829831413755186,0.23323977106594884,-36.32355222606764,2.8610494808551907
567,18.899811,0.12805305500030018,0.2415716575402231,-35.81505174481715,2.33845553114119
568,18.933144,0.12450931097635168,0.2345132519566257,-35.03587842643842,2.844010517584938
569,18.966476999999998,0.12799258728187377,0.25070190688914956,-34.3481659381864,2.477773469962451
570,18.99981,0.1230059523960407,0.23780544070475396,-34.67083976961455,2.4473496470755647
571,19.033143,0.12257922085800076,0.2482172453386991,-34.288192038507496,2.3589718181816486
572,19.066475999999998,0.11912414270951467,0.23428184219903012,-34.85409269681196,2.29794295130735
573,19.099809,0.12074485615176421,0.19544770999352923,-34.7099193187599,2.1186458744440304
574,19.133142,0.12268067124894617,0.1753248808817331,-35.9758234535721,3.7456175170742134
575,19.166475,0.11800917848361729,0.18492296742926229,-36.6616773882839,3.0522881775908517
576,19.199807999999997,0.11777436918737755,0.197965290409399,-36.62327602048954,2.64893438302489
577,19.233141,0.11578594216234207,0.2215731185039912,-37.57894553842206,2.6762465152484696
578,19.266474,0.15856873112710196,0.19279186977361384,-38.55313780554559,1.9336983774677001
579,19.299806999999998,0.20100900365235072,0.19557937472530174,-39.14793821641244,1.5260072184500197
580,19.33314,0.23491540422542834,0.2118032498290382,-38.11121589796555,1.6378588655866004
581,19.366473,0.23106225487155233,0.19071116232636032,-37.82835712309163,0.8394084511314196
582,19.399805999999998,0.2523676761118674,0.22685046651919077,-37.88929838793781,2.5517263668941395
583,19.433139,0.2034086610823192,0.22399598582654862,-38.08651770680142,1.2319558401229196
584,19.466472,0.17236019648915432,0.19766298592825252,-36.1285163138042,2.075694682569401
585,19.499805,0.16469484988903768,0.2138913663494725,-36.38458335993387,2.1858798075871313
586,19.533137999999997,0.14379368991177824,0.233654794996924,-36.44471012537464,2.1239908280489375
587,19.566471,0.15675141186285688,0.21273783536654411,-36.13587196469721,1.8494731741125279
588,19.599804,0.14254406384478674,0.20601215567631845,-36.06655273353109,2.095167095350099
589,19.633136999999998,0.1592640131298681,0.19636088318685865,-35.76094126403067,2.4376201096291457
590,19.66647,0.17522678093498248,0.2190376374135829,-34.965568926310496,2.022671795087346
591,19.699803,0.18284611503520679,0.20489769296018925,-33.692275759482136,2.3730521011997676
592,19.733136,0.18890147184349684,0.20440874300543596,-33.27546727495622,2.609980070332804
593,19.766469,0.1890239607263483,0.19049203882517346,-33.820075812489,3.091208927035031
594,19.799802,0.18697386396419904,0.19604757263653108,-34.21195227789979,3.040468083818885
595,19.833135,0.18481577525871484,0.19232751933155404,-34.21919971925765,2.8625228614349663
596,19.866467999999998,0.18959439493060487,0.1951588813707778,-33.66888303179263,3.023622426976333
597,19.899801,0.19859143154234102,0.19617758869614307,-33.593348411331974,2.945096918492279
598,19.933134,0.198661708822447,0.18658770599369015,-33.72703648483734,2.9758451847089957
599,19.966466999999998,0.19809514260128488,0.18517027277710174,-33.73172031938582,3.133672999878949
600,19.9998,0.19928176066864117,0.17698526417216753,-33.1243898838576,2.956865089783867
601,20.033133,0.19866371298209426,0.19915355842553334,-33.63434435377038,3.5442678630901128
602,20.066466,0.19838485170064202,0.20659173706434925,-33.84283871703858,3.921195462422135
603,20.099798999999997,0.179639161591652,0.1996081686766829,-34.441033074962704,4.053812634932868
604,20.133132,0.1515511898646148,0.21101684860518047,-35.26651439327725,4.053606011998327
605,20.166465,0.1479787910676372,0.2009276428255206,-34.939443752441804,4.031552516535685
606,20.199797999999998,0.11423020070337864,0.216456069022823,-34.76589857209895,4.1355801015668625
607,20.233131,0.11664614353841855,0.2151115325882071,-34.79323489435071,4.121236702164662
608,20.266464,0.11518408207515238,0.20778113432525352,-35.11596444684003,4.234461603403521
609,20.299796999999998,0.11313107197676765,0.23304986284189572,-34.77165287030027,4.685723520953735
610,20.33313,0.1124265197105179,0.23642953003898748,-34.53640006542999,4.734796860356492
611,20.366463,0.11236322574208202,0.24123694862663328,-34.30973565924227,5.320581226835118
612,20.399796,0.10919543991941172,0.24803866183786868,-34.91904420785798,5.767531822666913
613,20.433128999999997,0.1144024118746058,0.2519608689177851,-35.4815914459278,6.281626348644145
614,20.466462,0.11411469425877802,0.24737086858174143,-35.07553222663448,6.334333931557332
615,20.499795,0.11066727346011641,0.2205545732492627,-34.32343962816263,5.855925660792994
616,20.533127999999998,0.11024667935314367,0.2516023178776329,-34.73164522312156,5.094296066881519
617,20.566461,0.1479624004503173,0.254240256782722,-34.50404247591285,5.03332592401828
618,20.599794,0.1835318596276147,0.2533611654581527,-34.0990012250373,4.981453358586362
619,20.633126999999998,0.17450224345280352,0.22966783698560106,-33.647767494784254,5.155007809480795
620,20.66646,0.18833827366495193,0.21935630842777584,-33.85759863681999,4.879113026390547
621,20.699793,0.18092730079525302,0.22224230583910198,-34.66225866303925,5.025105836724679
622,20.733126,0.18677941614247062,0.22427482596010162,-35.38127861595824,5.1504676462104335
623,20.766458999999998,0.2107561411417556,0.22765230674786963,-35.36360341928734,5.025582052881567
624,20.799792,0.19634550795975608,0.2058293874236719,-35.36567793951012,4.886824796289763
625,20.833125,0.17499537310716573,0.2208657360443153,-34.506782593296805,5.162917785349277
626,20.866457999999998,0.14034675442836447,0.22155033057707585,-35.64110997211359,4.72887803315064
627,20.899791,0.1589700577852177,0.22564339408394804,-36.04269601371119,4.276942059832333
628,20.933124,0.18629729555754776,0.14781958700635842,-35.4862025837046,4.7659471547253265
629,20.966457,0.19149082476028387,0.1907250418087385,-36.41648598207641,4.185793818460329
630,20.999789999999997,0.20387505273715834,0.18095257969460585,-35.75148558545703,4.037151081178039
631,21.033123,0.212606153333444,0.20536452966819996,-35.165300268964124,3.799515265200473
632,21.066456,0.2010628176631693,0.20282148940340597,-33.73192551908039,3.4435278611887163
633,21.099788999999998,0.2124876061619491,0.1980609759973168,-33.6145228554844,2.7405867529677344
634,21.133122,0.22680074643596693,0.18040369171460494,-33.87246236007575,2.733644073606721
635,21.166455,0.22200868949213187,0.1698443303102706,-32.8434416980833,2.657249315828903
636,21.199787999999998,0.21070816262617081,0.18071630267603317,-33.50967931799285,2.7112941973143174
637,21.233121,0.2111663968478749,0.17085366610464764,-32.9379147271641,2.637221851801521
638,21.266454,0.2365141298308934,0.15893565573873508,-33.46619890226006,2.020719830071215
639,21.299787,0.20052507290501026,0.20850059823290185,-33.2965714500074,1.8883522076708914
640,21.333119999999997,0.17323993028163953,0.23804261875936467,-33.20469038506665,1.614333429275427
641,21.366453,0.1189357023667818,0.23221439826021117,-31.780423169276734,1.9564923528768705
642,21.399786,0.10507253054141388,0.23628078576503247,-30.36692378297251,1.6519745929296124
643,21.433118999999998,0.10789317641164692,0.23090709834378156,-28.833387060890857,1.5700385552308433
644,21.466452,0.10625511205543621,0.22475817074028254,-27.52438699490035,1.7937190708681061
645,21.499785,0.13009490335730567,0.22946707127032426,-26.592319840433063,1.7766103768734882
646,21.533117999999998,0.0978766558022123,0.23832265230783284,-25.143527425520876,1.794334374735622
647,21.566450999999997,0.0928852933532375,0.2321689065635893,-22.530727897996538,1.3991379917393256
648,21.599784,0.0898665147418507,0.22794563854041744,-20.822423991644218,1.5852637761221327
649,21.633117,0.15792024422224699,0.24073684049013833,-20.446023628362298,1.4009180736750724
650,21.666449999999998,0.18706355695323676,0.23056882091623748,-19.58686913560003,1.2849393339328676
651,21.699783,0.18599942570239375,0.2238958649385571,-18.49545274235986,1.101473683039913
652,21.733116,0.18095395679249918,0.215237119985913,-17.335687320053673,1.074222178338259
653,21.766448999999998,0.17575135434518954,0.22271424244239063,-16.87462784688634,0.959366200085184
654,21.799782,0.16797301862369232,0.2201061450560305,-16.396156305934607,0.9004064515863502
655,21.833115,0.17929494048475444,0.21135985077449973,-15.430708091308205,1.090230943083425
656,21.866448,0.17651501500641245,0.23039333162445708,-14.794974772165318,0.9216411257554735
657,21.899780999999997,0.17748855218251655,0.22801329357159283,-14.45682098374023,0.7451416395468353
658,21.933114,0.17048590538823702,0.21469576506874788,-14.176071724520694,0.6106245674946127
659,21.966447,0.16151637413416015,0.21605918697565085,-13.958251784084455,0.4393772470772118
660,21.999779999999998,0.16855496631063696,0.2188265309353667,-13.611452343112084,0.5039854886515569
661,22.033113,0.16267762548946507,0.21019388787688678,-13.195916296826542,0.5581227634448371
662,22.066446,0.16945581615467664,0.2162408853387877,-12.857648882146883,0.5012571833788373
663,22.099778999999998,0.17388896102018697,0.20698752259885833,-12.464416105348487,0.3882313215367486
664,22.133112,0.16289816109121236,0.20823870761291574,-12.046970751385832,0.5910500417295372
665,22.166445,0.146714511691218,0.2001648707541823,-11.343290903127652,0.5533755080684265
666,22.199778,0.07764181022153031,0.21920130744268074,-10.405974142827313,0.5887379337097678
667,22.233110999999997,0.08406856528131139,0.21133729951231933,-10.112012581048742,0.6116558049129356
668,22.266444,0.0847573702614325,0.20851432416347465,-10.503893048729182,0.8124405738833309
669,22.299777,0.08152651308816454,0.20732855346636841,-9.479074638706814,0.7579996086301399
670,22.333109999999998,0.082719499133713,0.20824272495675236,-9.67809844175963,1.1309217041594868
671,22.366443,0.08203726808157026,0.2114737743683585,-9.003211428196765,1.131360859766157
672,22.399776,0.08204616507953848,0.20868003953293607,-8.608366695058704,1.089294387124578
673,22.433108999999998,0.08202896080343046,0.20846120992050038,-8.475215459725211,1.1541214939691584
674,22.466441999999997,0.08193539946192273,0.20680682878061346,-7.866397281291899,1.116078843712021
675,22.499775,0.08141278751265471,0.2139954749065615,-7.717277408230662,1.1954085984964982
676,22.533108,0.08107701740574243,0.2125882640054521,-7.580936066451485,1.1840915406245531
677,22.566440999999998,0.07848382864113583,0.20432216587734375,-7.05733366399277,1.125158344848312
678,22.599774,0.07830131057712222,0.21372684539646142,-6.982251388580542,1.1627711554024007
679,22.633107,0.07938026478614782,0.21114901770318792,-6.387215912478185,1.0224243299942997
680,22.666439999999998,0.08080905293726584,0.21127372169352052,-5.99317662310317,0.9976636277729634
681,22.699773,0.07824643855365804,0.21579651023875407,-5.528370248876499,0.7427475944286993
682,22.733106,0.07797505506861642,0.21482689499755786,-5.654281100472493,0.5709503407930419
683,22.766439,0.0779664596590951,0.21510837818843376,-5.386424878546976,0.4971913515670834
684,22.799771999999997,0.0751378983630736,0.21712283708998037,-5.595931951164048,0.3920975808840564
685,22.833105,0.07674986525385818,0.2175087194295282,-4.9796591454420325,0.4268247782609921
686,22.866438,0.07813971659144422,0.212062152978751,-5.368274733262367,0.5654949645826753
687,22.899770999999998,0.08125453820995777,0.22018529268683212,-5.180493660707571,0.5493055877757924
688,22.933104,0.1022809328038448,0.21220676932144755,-5.070677418710997,0.8146040620924642
689,22.966437,0.11389298489045839,0.21920899134516264,-4.99769981465301,0.6645352502486308
690,22.999769999999998,0.09200863918391475,0.22145561007413694,-5.207356927527992,0.5314827847271574
691,23.033103,0.10453826912944227,0.224376520776186,-5.07014084519913,0.5428673547300893
692,23.066436,0.1664923530511025,0.22180347765453315,-5.173731889869644,0.8271340654329578
693,23.099769,0.18216837416916035,0.22751880022906368,-5.627970765034147,0.7044676559696565
694,23.133101999999997,0.17530742315575068,0.22337379955039022,-5.62332728244351,0.6733839129620914
695,23.166435,0.15459257827666364,0.1660815632755808,-6.120079661472715,0.38907508716083844
696,23.199768,0.1516321471092561,0.0659437514637759,-5.653187206244184,0.48622784544894976
697,23.233100999999998,0.10153412328655444,0.11048360727125492,-5.548648985844752,0.5587753096718928
698,23.266434,0.09150290905246213,0.1567902310368497,-6.727732269677326,0.362806853281042
699,23.299767,0.07801720306909678,0.18280252015598164,-7.646192308103135,0.22156481291047042
700,23.333099999999998,0.07802095821916857,0.2048931434338951,-7.568829749064737,0.014738286570109508
701,23.366432999999997,0.07856746963781815,0.2252915204340995,-7.019890605060532,-0.2605749559678705
702,23.399766,0.07738821479424464,0.22875359674346946,-5.942202916395351,-0.24073091722334627
703,23.433099,0.07674828668280849,0.23722454949435892,-5.626494170713293,-0.2422836823037735
704,23.466431999999998,0.07855425826180867,0.24124797362920097,-4.767078014155446,-0.1481015359917193
705,23.499765,0.07903114014712449,0.24258323718902422,-4.668882017765881,-0.104337342776613
706,23.533098,0.07876158995869838,0.2483726016454067,-4.3351604911685495,-0.17147110155711714
707,23.566430999999998,0.0781289401016314,0.2449442592642414,-4.528079899905855,-0.2343948336845982
708,23.599764,0.07647941545169153,0.23777981354252878,-4.014853955742053,-0.31428304964753595
709,23.633097,0.07715977753707706,0.24583662792869615,-4.617724175947215,-0.43014524499411877
710,23.66643,0.07665661557212564,0.24434789512136276,-4.260081453083534,-0.38608160743389935
711,23.699762999999997,0.07644690528665458,0.23970277439248672,-4.5160698591339825,-0.3598845993595073
712,23.733096,0.07649345604574063,0.24586105038349532,-5.526474136942755,-0.09789338016881341
713,23.766429,0.07678021236031096,0.2469218275067996,-4.962111136424891,0.19660338940715175
714,23.799761999999998,0.07770221283830535,0.24652602252418293,-5.56757978127015,0.3543557235696706
715,23.833095,0.1431866050095568,0.24224296762016123,-6.255301535514428,0.3498141131729546
716,23.866428,0.14025310873985844,0.2425093023270854,-6.0338688265204485,0.1916051810617838
717,23.899760999999998,0.14186854209055577,0.2422002698064839,-6.352363495363476,0.21237596455241195
718,23.933094,0.1545613877988385,0.2420752341129105,-5.76485774864768,0.2556699984387114
719,23.966427,0.1385454443303502,0.2404437115081121,-5.229808885540368,0.5341032940857167
720,23.99976,0.13859570190373677,0.23072932452434305,-4.137381640618048,0.5957476198720669
721,24.033092999999997,0.1391003797286774,0.23329623066161276,-5.191375127116866,0.4549140835091006
722,24.066426,0.1202973910870162,0.23061910166820587,-5.021777763383575,0.33227955863726616
723,24.099759,0.11479301585993884,0.23125591253043293,-4.851356171238318,0.3696684455190992
724,24.133091999999998,0.07965463090084697,0.23705566060498995,-5.280289309246005,0.2788334087311361
725,24.166425,0.07978584705376895,0.23887903721068993,-5.722130494796222,0.34246123305697984
726,24.199758,0.08125421314494322,0.23476957330132772,-5.440331518753454,0.20858594353308005
727,24.233090999999998,0.08124633063659858,0.2336189121232438,-4.957853374611881,0.41997404777567426
728,24.266423999999997,0.09245516625199192,0.22715361991484703,-3.819461225639347,0.05769843795377359
729,24.299757,0.1223188072238095,0.2593404262778578,-1.041730837370533,0.21967663411435542
730,24.33309,0.13203434430974528,0.29834260094410314,3.81095997284524,0.4263061453502194
731,24.366422999999998,0.13669511703379436,0.3378845617633911,7.300428114118986,1.300777518822386
732,24.399756,0.0656580671891079,0.34190144469237427,11.430403673879278,1.4035567925106165
733,24.433089,0.06453572377484022,0.34929038523710754,13.57221326318365,1.442647673014715
734,24.466421999999998,0.06051035786881183,0.33776791010242624,16.62066797904953,1.3056258003227792
735,24.499755,0.060141307017106876,0.3601977919616349,18.064125851401048,0.9878464887217786
736,24.533088,0.06006124852194492,0.3594984397089748,18.990205858623284,1.0371665396058938
737,24.566421,0.11395289620320967,0.35184424838755124,20.13684410727305,1.3200191223804865
738,24.599753999999997,0.11602501996818372,0.35011147900279954,20.36559526643939,1.10297564475043
739,24.633087,0.12955958502217452,0.35172695501614415,20.746120997019727,1.1937784001225158
740,24.66642,0.144301080931938,0.3599426155889459,21.25585954218123,1.2509135897379653
741,24.699752999999998,0.15223556968808216,0.3632565815444456,21.145624828929744,1.4901639068896857
742,24.733086,0.15982202328859146,0.36463489952332234,22.249448314546097,1.7212250338345148
743,24.766419,0.16820520513135498,0.36281064366348525,22.453188790219375,1.5993344321610594
744,24.799751999999998,0.16323068531237633,0.3518705414081499,22.450451222335197,1.8479944497267322
745,24.833084999999997,0.16768554375167352,0.3556381430857026,22.590766317218858,1.9349986098276202
746,24.866418,0.1634087972678314,0.35398667041065324,22.77837938188174,2.220554292503361
747,24.899751,0.12493010063952155,0.36051968565810893,22.7969913276973,2.1694554393998167
748,24.933083999999997,0.04991197649266205,0.36072088847308703,22.37864995805278,2.1986243325151
749,24.966417,0.05017294166513726,0.3563540835078355,22.23257035407095,2.0997794319591128
750,24.99975,0.05238815708347462,0.3518787299603492,21.896662983396613,2.2895645271100995
751,25.033082999999998,0.05004593823635255,0.33895316112476315,21.416492470376483,2.1580283596602885
752,25.066416,0.05188141284468197,0.3411350443040845,21.453434005170536,2.141004704554958
753,25.099749,0.051553842157956886,0.34731571735569033,21.27360009263755,2.0778565409814664
754,25.133081999999998,0.050976177184443756,0.3349815309530447,21.791186316781726,2.07566389670614
755,25.166414999999997,0.051244477225738105,0.3337037949524808,21.457499212852337,2.0551013905813833
756,25.199748,0.05071758794290008,0.33310131033380713,21.970898727831596,1.977915492227096
757,25.233081,0.051169838323033706,0.3326177627867292,22.182877566617886,1.907587238259615
758,25.266413999999997,0.051506565542282216,0.33003451616240465,22.581328880488975,1.9903419666143918
759,25.299747,0.051643219116402385,0.3329259466775392,22.436059376717516,1.9244087004772987
760,25.33308,0.051466423994709236,0.3260485577408489,22.639036356061276,1.674061516944165
761,25.366412999999998,0.04928176661664273,0.30109297998212875,22.87502493162096,0.8444416388707111
762,25.399746,0.047067179980308196,0.2552559436024664,25.079408943768957,0.0416961700118711
763,25.433079,0.041286668053754826,0.22163156014061625,28.06245399873842,-0.6478041362413536
764,25.466412,0.03832137993701709,0.24505180360003223,31.037578682083215,-1.2145059829357112
765,25.499744999999997,0.03633128672891265,0.2916873524400231,35.616620877658114,-1.6702539424729475
766,25.533078,0.031059866626923224,0.38533237604800696,39.67037730366264,-0.3348845690594346
767,25.566411,0.024938305597125884,0.396772668738274,42.92789927843232,-0.01141490545681143
768,25.599743999999998,0.01992080693836284,0.4186999061309158,45.418150411139614,-0.006033774869892071
769,25.633077,0.03257527635909889,0.5024061070083337,48.42531026624803,-0.6882804418311147
770,25.66641,0.013218519434836058,0.5791746922786963,70.71038820598436,174.3088032340641
771,25.699742999999998,0.034800564368261934,0.6225147548626346,72.09089074415418,175.32649880068726
772,25.733075999999997,0.05342942563658818,0.6411390581542241,26.656390789477104,-146.58474408133551
773,25.766409,0.06389538390237001,0.6217267310487943,52.118087557359864,0.0562342135533887
774,25.799742,0.09631103920470498,0.5874652902841689,72.87072166982205,175.6861468212233
775,25.833074999999997,0.1150227154947861,0.6134108513301022,73.9886746157614,178.41846839550968
776,25.866408,0.15467237584416843,0.6313340602828434,72.98382011566193,174.85008856550928
777,25.899741,0.1595390942443282,0.5487740955358741,72.40882401939693,175.68832873147156
778,25.933073999999998,0.15911254065010086,0.5674124884020627,73.39131231690976,174.7906336907339
779,25.966407,0.1783195788752955,0.5756668018164782,73.16389852227326,173.8900248282569
780,25.99974,0.02825548845835013,0.5607407864061507,73.86508776096817,171.41864369052834
781,26.033072999999998,0.039426323106273316,0.5352385838202539,-24.409585758371126,-178.15015975343832
782,26.066405999999997,0.059896135488773324,0.4352345505177216,75.31845390403869,166.13891882212343
783,26.099739,0.040056772720954766,0.4116855822645005,74.99150718378488,164.794600419966
784,26.133072,0.09455629660777844,0.452548294125405,76.26842929134365,165.29069042581668
785,26.166404999999997,0.07130059882731744,0.4655867143873993,75.56304109284497,164.86972342138662
786,26.199738,0.09909712470943892,0.4839646590122018,50.117862254202095,-4.310164911996045
787,26.233071,0.12276135070991215,0.43991586305512087,49.69155427556671,-5.578211271427098
788,26.266403999999998,0.1903241924446786,0.39364580485246886,74.30572706442646,160.4630203507374
789,26.299737,0.16099475847941683,0.3603224031053738,41.88884834153239,-173.70088998061286
790,26.33307,0.08007509510715259,0.4042275276459345,22.684104259488652,-174.42893262159365
791,26.366403,0.07508167936972641,0.35247582951980916,66.58515663897637,-31.75680702861214
792,26.399735999999997,0.04648205015945561,0.3585112638623127,72.15730840979623,159.38320709173115
793,26.433069,0.05103948799433418,0.3265742760453168,70.84130804868231,159.59870831136837
794,26.466402,0.10937745723096168,0.32034738054255607,45.283396647397545,-114.26176680896677
795,26.499734999999998,0.052958030783707456,0.3236280112107073,70.33113663078348,156.98997723386287
796,26.533068,0.14761020059720398,0.30238485675159554,6.292391966026917,-173.57246663918178
797,26.566401,0.13824666602202937,0.3067836999878638,-22.69490568934436,178.61396319324857
798,26.599733999999998,0.13314262652151918,0.31369906223523136,-21.172340357189242,179.35143323361353
799,26.633066999999997,0.07065847252003057,0.3021537268693661,69.84284379114499,156.15959028274276
800,26.6664,0.07303534613451229,0.42464275059513623,73.02812707269803,158.13308067827703
801,26.699733,0.16540638595522303,0.4114526715967368,-27.15195726421234,178.40032412065634
802,26.733065999999997,0.17440559566183117,0.4320049985935844,49.38413646744355,-5.746891520400817
803,26.766399,0.22054233350770167,0.4437114478637818,76.20025169381796,163.71735083081577
804,26.799732,0.21529411049158168,0.5425035885836025,76.95136618501738,167.65227837350807
805,26.833064999999998,0.25750466433339364,0.6032692159273777,-30.927113291029258,-178.8545310562288
806,26.866398,0.24260212856958085,0.6313146794875547,51.30823554583183,-1.5719578133280303
807,26.899731,0.2419147993575784,0.475843496018561,50.03124045168477,-2.41568988432308
808,26.933063999999998,0.2393457242498289,0.4349329612606059,50.32417812661692,-3.5757302410133702
809,26.966396999999997,0.22981306893281916,0.5427826209054032,51.651511140427786,-3.3407537578702198
810,26.99973,0.20706280256920365,0.572700600014331,79.1582892474087,161.83637718154824
811,27.033063,0.23675524165306658,0.5476530672913711,43.67650253139334,-174.2650086238784
812,27.066395999999997,0.2178040047748923,0.5693683494337073,-32.51435826392529,177.80815492001926
813,27.099729,0.2218560936756234,0.5576424715411131,79.83392181479367,166.1591974849356
814,27.133062,0.1749300629361185,0.5727164247573403,50.72468538101133,-3.765512642945149
815,27.166394999999998,0.21389957280968241,0.5777257458481956,-32.870878199185704,177.16485901383675
816,27.199728,0.22568105822196527,0.4463796666998312,-28.568673967917753,176.88600086399728
817,27.233061,0.20290029521937375,0.49618028935622754,75.5455350281939,159.2422674608757
818,27.266394,0.21780170792551198,0.4276732374055583,-25.905965946337503,176.62580457780584
819,27.299726999999997,0.13536724600319436,0.41120616660189224,73.01097790169835,155.2353454032663
820,27.33306,0.13638370630568555,0.35323855821201644,70.6546218994598,154.6390180448707
821,27.366393,0.10113044964365961,0.267383907189816,67.784641798874,155.71726955978093
822,27.399725999999998,0.19349968418544178,0.3148249491870098,68.33948793567652,156.78179740962298
823,27.433059,0.06158987921433301,0.31535230796956626,67.4531367083139,157.15038395713785
824,27.466392,0.14763283346424963,0.3282049403313133,68.99094950476814,157.70546411288072
825,27.499724999999998,0.06916607177629983,0.3573383276764172,68.95916501004751,160.34988558486648
826,27.533057999999997,0.10995675718077234,0.351795337280475,67.40281115361383,160.53994322091785
827,27.566391,0.05361479837827443,0.3502803116953585,40.810433079732626,-174.7353093764302
828,27.599724,0.05320241308812337,0.4835975977434599,-40.76339676980645,168.00936554939145
829,27.633056999999997,0.06868812393514954,0.5600082007604681,74.91052191850312,164.80029846666454
830,27.66639,0.2614440198921155,0.5304123640413239,56.63848734519385,-0.7839775120478464
831,27.699723,0.31287673989646336,0.4950233510996268,73.62318573497652,173.4335597999034
832,27.733055999999998,0.2684346510791562,0.4911685506838853,71.53767308612551,175.6717740501261
833,27.766389,0.26494866105309056,0.5127693464494202,72.55960389364816,176.64396610433906
834,27.799722,0.28516992910619776,0.49629408519044943,71.35077503590556,174.69443547576893
835,27.833054999999998,0.2816282189318567,0.43799323566147064,69.88303917405744,171.70838071886448
836,27.866387999999997,0.30515891255008887,0.33985195303854077,68.7941394537476,167.7438555624034
837,27.899721,0.2810178065682613,0.31562376409392173,43.864823927914664,-12.359534291662602
838,27.933054,0.13171993533802345,0.28223478308259786,60.95829883124571,157.0896075914333
842,28.066385999999998,0.35183516518407665,0.5154537004097509,69.30978467241339,168.04025005402266
843,28.099719,0.13632305804321773,0.3554343926051075,67.54198619224724,159.69164243963513
855,28.499715,0.24279802348676469,0.3529873987093388,70.61313127116642,149.77068949547694
856,28.533047999999997,0.2941705348214829,0.31557320888570006,63.563218063193744,154.26415063415735
857,28.566381,0.2790818902431681,0.1979003007959845,30.353669450730468,-16.806290047255654
858,28.599714,0.19419947624588757,0.2180501758646361,57.442608879612315,158.48058488752145
859,28.633046999999998,0.21955692296787957,0.14179053384417017,56.818526678645114,159.9346224115259
860,28.66638,0.3470276374967591,0.25869368444196905,63.03446803400113,164.75271781615905
861,28.699713,0.46317930438947713,0.3253670640242263,45.10337327738402,-5.369798559068832
862,28.733045999999998,0.5881156948366238,0.25064317423630206,43.949743944729256,-4.014793943484033
863,28.766378999999997,0.538876979033708,0.20143167503108622,40.43749460693379,-2.8915726022186523
864,28.799712,0.5602082080324541,0.21606730751553616,39.042164501670634,-1.9518256431820413
865,28.833045,0.3905207699705871,0.21042763975086648,34.645066187790796,-1.239556612686479
866,28.866377999999997,0.48136958397765206,0.19777286278805523,35.38855463115888,-0.8435220717461948
867,28.899711,0.4836579859154642,0.2080569688893164,28.85402425785614,-3.5979459546008536
868,28.933044,0.39801620328329135,0.23232831734242812,30.422558926804943,-3.7057935074144894
869,28.966376999999998,0.3960702604788195,0.23806832495346167,29.08223364672944,-2.5447243930895698
870,28.999709999999997,0.5053606761310937,0.22549890124845534,28.165001708128873,-2.913288362958757
871,29.033043,0.49939089293613337,0.2381070960324057,25.74501076106818,-2.8799960946869883
872,29.066375999999998,0.4785554356332766,0.1819939284639983,23.849845652450757,-3.3078966206665665
873,29.099708999999997,0.46753504975778487,0.1142308951277291,22.702821991706575,-3.218218383858459
874,29.133042,0.45923712444545045,0.08760971458085114,19.533142887780304,-3.296492939050524
875,29.166375,0.4778061461048509,0.12594231779950033,17.891075487862462,-3.219882456300204
876,29.199707999999998,0.46408751821978605,0.1715444582963416,16.133749953016473,-2.98149529167759
877,29.233041,0.47111293414366984,0.16024810887419047,15.314003279948738,-2.5834687399837812
878,29.266374,0.48118999594097533,0.1818368811666083,14.937283234843758,-2.375051191428084
879,29.299706999999998,0.4821945121777499,0.18309869275631172,12.02086961477934,-1.9627018246641061
880,29.333039999999997,0.47325792047356496,0.18343057117599282,10.231047840353165,-1.7733829938424757
881,29.366373,0.4669971726668019,0.19624854282159637,9.601906419007829,-1.645936198665203
882,29.399706,0.4512809066513955,0.19964836809723308,6.826403454844039,-1.2509593385130835
883,29.433038999999997,0.4466879019453207,0.20515208117100975,9.007032889653061,-1.3080502143435608
884,29.466372,0.44306597360861505,0.2096961444341413,7.908134634413996,-1.3868021965256818
885,29.499705,0.42837065197708,0.20988752216433304,7.31825674996905,-1.7653634393135194
886,29.533037999999998,0.43820189809511195,0.2113114297059491,6.716300516512662,-2.0027929816000944
887,29.566371,0.43915790659416065,0.20916366742516618,7.85007451350094,-2.3337386195070104
888,29.599704,0.4680550007293313,0.21724113660273792,9.542229254082253,-2.803262047059634
889,29.633036999999998,0.4454248062797214,0.21970147429767617,10.740144375068256,-2.7331552658103146
890,29.666369999999997,0.44005747390469263,0.2159391508890724,11.720056169949514,-3.178763549380752
891,29.699703,0.42093354531241906,0.2118507070804587,12.557347410754604,-3.3262903824846997
892,29.733036,0.41728420181900006,0.21136233796531673,12.265769989704593,-3.494781395344911
893,29.766368999999997,0.40968353601532115,0.2077545478856646,13.197472263540062,-3.6792770397777055
894,29.799702,0.41378807055258426,0.2085539299495743,12.443379878081524,-3.6121471203665254
895,29.833035,0.41359105270859226,0.21117592131898788,12.148756662764754,-3.6056929770030854
896,29.866367999999998,0.3993402068746265,0.21285262774045177,11.261601998243743,-3.5366162069057814
897,29.899700999999997,0.397337684058702,0.2149595200474172,11.343753878647231,-3.5843628599475115
898,29.933034,0.40353475189380456,0.2064689882029107,11.967478531279507,-3.517947308379931
899,29.966366999999998,0.3992588423748552,0.20602824106529813,12.620380462504281,-3.318429181521212
900,29.999699999999997,0.39726525104524263,0.2077773416760756,12.334455485602154,-3.0152893026145144
901,30.033033,0.40314901707002526,0.2110143639132906,13.305644958459936,-2.8255283171930246
902,30.066366,0.39745532676927287,0.2067374973893115,12.912248316193365,-2.7399594272046413
903,30.099698999999998,0.3876510626640124,0.2139681689044693,12.787645107024323,-2.6789610994921738
904,30.133032,0.3903747608171037,0.20233049889533888,13.102912424899728,-2.530559636837267
905,30.166365,0.39417648610403383,0.19971119477106772,13.232975233181781,-2.454951131787811
906,30.199697999999998,0.37915132571193555,0.19787621584526738,13.76611517165197,-2.3704508584260924
907,30.233030999999997,0.37855077257213876,0.19921528162139227,13.985957407353663,-2.439684296749406
908,30.266364,0.36982387067502576,0.19828781092138403,13.29152600217759,-2.4008554221223366
909,30.299697,0.37042221731775177,0.20263567265198995,13.462847467516156,-2.2903561844374036
910,30.333029999999997,0.36267848253081775,0.21014822193848764,13.295333966262113,-2.150590830783163
911,30.366363,0.3640489022831645,0.20593698391022347,13.049874946732357,-1.8881439223129448
912,30.399696,0.3514497735323191,0.2040553468775902,12.552516104246696,-1.9389488032605435
913,30.433028999999998,0.35644505736705834,0.20663926438792715,12.638089652003481,-1.9305192545382748
914,30.466362,0.35797549521749483,0.20524029169888441,12.685351110410888,-1.7087611143204633
915,30.499695,0.34695820017098206,0.1960976283956223,12.787994370391834,-1.6716781571664792
916,30.533027999999998,0.3537022828523063,0.2111133258375709,11.607452517556679,-1.7212418971982022
917,30.566360999999997,0.35610945543496475,0.19932922601489095,11.822724985955343,-1.8489587848627067
918,30.599694,0.35998242809835734,0.21219006151363312,11.100600787736607,-1.393584036132878
919,30.633027,0.35460992324914664,0.20878141861047567,10.88411192324629,-1.3961630272040397
920,30.666359999999997,0.36863248538458354,0.204822993348762,10.25591393127033,-1.4390067690228494
921,30.699693,0.35948555859425235,0.20751950361123978,8.677838705630945,-1.289507503120229
922,30.733026,0.350649003599003,0.2043805446998404,8.283763245161788,-1.342652537756779
923,30.766358999999998,0.3451112444754256,0.20207671258986643,8.351632748872946,-1.2746597660488306
924,30.799691999999997,0.35449808428313107,0.1985434580461085,8.110605595170584,-1.3772329833199488
925,30.833025,0.3532690217008095,0.19342074298819606,8.671064200030829,-1.2964320789492132
926,30.866357999999998,0.3667937969375075,0.19593952021968164,7.9866964994579694,-1.0916639764722023
927,30.899690999999997,0.36056720509473544,0.191047079565329,8.006376901096539,-1.0513994296334757
928,30.933024,0.3751581397125028,0.2001979642808601,8.809446502703898,-0.9356294209597388
929,30.966357,0.3850128973465062,0.2044954913799425,7.76733371600132,-0.7181439734765518
930,30.999689999999998,0.3658849257889375,0.20072841886644505,7.5962322899989925,-0.4519197064086831
931,31.033023,0.37792880244120763,0.19710693411716723,6.859428966001767,-0.2624039586706988
932,31.066356,0.3706801334143883,0.2031279471796029,6.447233305213369,0.0022770732169597233
933,31.099688999999998,0.3663650251425267,0.20108887555926608,4.924977505376996,0.06938789227861036
934,31.133021999999997,0.37308889854739674,0.20417338236002913,5.304436998721967,0.18149145345611523
935,31.166355,0.3657756063813242,0.2021173187192672,4.320170118722156,0.2779437461387555
936,31.199688,0.3598205372527737,0.19988277857150694,4.67049389092807,0.258552754914215
937,31.233020999999997,0.3617564230538911,0.19973534192658696,4.070446623756187,0.3895915617709133
938,31.266354,0.36114863052752977,0.2042608407954646,4.373824031630214,0.40125558019363905
939,31.299687,0.3618261536113259,0.20117802630694795,4.049763490413898,0.3232444244824976
940,31.333019999999998,0.36383499891791954,0.20601789804270498,2.6015306298523835,0.509792360540713
941,31.366353,0.3676282790640342,0.19717155839246653,3.883807423630871,0.38002139027325427
942,31.399686,0.3657210640210314,0.20232380630871288,1.7838370887836332,0.5212663806943946
943,31.433018999999998,0.3497181176470895,0.20469680467154278,2.4940236751981697,0.4118358220113645
944,31.466351999999997,0.35760969543549465,0.20935222390924063,1.7842598859587329,0.546606704503045
945,31.499685,0.35156138543974425,0.20746741937012209,2.6315542040399724,0.37166512868191576
946,31.533018,0.34793311366651386,0.20697933027139015,2.8493222493445476,0.1824013588115524
947,31.566350999999997,0.3298552427566285,0.20333026303715146,2.855556829608746,0.2068818636078707
948,31.599684,0.3315790345110708,0.19629360052500022,2.7245661455698236,0.15218032556660177
949,31.633017,0.33698491797633623,0.20138291483061377,2.4045611672684633,0.11765823735363151
950,31.666349999999998,0.3367240783369016,0.20928431196244895,0.9327828427976591,0.07613724684106069
951,31.699682999999997,0.3372650282027924,0.21101482988055187,1.7746322130287284,0.055027804890979935
952,31.733016,0.3395350717634052,0.21687390127062978,1.0474227879133895,0.23884082020712022
953,31.766348999999998,0.3383924455475455,0.21881267331272808,1.2996938273557037,0.24199029643236636
954,31.799681999999997,0.33394576269003245,0.21140901421346936,0.42902923786231395,0.28121217098979867
955,31.833015,0.3219388580502713,0.22047574901856584,-0.5844348839694324,0.4720213701119213
956,31.866348,0.32091695515880825,0.20645077011528648,0.5385228873230092,0.2916809967941996
957,31.899680999999998,0.31048630749545914,0.20332891696577982,1.0187575272545708,0.5179374424810442
958,31.933014,0.30774728167552307,0.199698113088981,-1.245022321061407,0.7895796718262487
959,31.966347,0.3134238735430177,0.1992465530327272,-0.7098835828468795,0.8623526278808263
960,31.999679999999998,0.3229395624385497,0.19886845559760016,-1.4993049136133176,0.8979586855249441
961,32.033013,0.32391440035231567,0.19240767667270844,-2.0474880387113403,0.7290355939405179
962,32.066345999999996,0.3316771699888197,0.19070629849521306,-3.0161072721070337,1.0072007070088913
963,32.099679,0.3423948266388102,0.19202017902291008,-2.652685814536479,1.0624766547272073
964,32.133012,0.35140636304396894,0.19142127382252722,-3.1551908731948544,1.2679124413594842
965,32.166345,0.35307914396654466,0.19403377726393767,-4.496311103934805,1.4397289498262003
966,32.199678,0.3600917921335438,0.1909658679153356,-4.966104944798937,1.5164638383073585
967,32.233011,0.38235861074448096,0.1837545112137511,-4.796187669240092,1.7374283006257125
968,32.266344,0.39792736140015733,0.18164918225959545,-3.74597063014563,1.8554264917053453
969,32.299676999999996,0.43022287968321143,0.17227820017724935,-2.987070222430674,2.24680658141582
970,32.33301,0.45536120994763407,0.15893426167393315,-2.024784331550553,2.487766563156897
971,32.366343,0.4675959817244464,0.13132902195088603,-3.0158226786175333,2.817667619290866
972,32.399676,0.47077412561526694,0.12329290710856837,-2.823443861621865,2.8171724769203044
973,32.433009,0.46475971290954865,0.12794627787363977,-3.592603475471901,2.8336157137334372
974,32.466342,0.47248883762705524,0.11385113380660099,-3.450200251195987,2.9000654442210454
975,32.499674999999996,0.47586438586765833,0.1051238855984438,-2.607239054817422,2.850610400793982
976,32.533007999999995,0.5099161420479618,0.11929822960820781,-2.539577523328672,3.140302865898037
977,32.566341,0.5215067179642887,0.12155385845491265,0.5136579508063344,3.224367595215778
978,32.599674,0.5320948404900512,0.09875369566787509,-1.7413368149223871,3.7301421456794097
979,32.633007,0.5248559824088479,0.12203082425521436,-0.52138843197906,4.214426985253717
980,32.66634,0.5293188350347628,0.11661680376008125,-1.6374663966553342,4.6432615770280465
981,32.699673,0.542874499197528,0.11281349988600026,-2.036537280250587,5.183808339782415
982,32.733005999999996,0.5325709444041721,0.13145523300549003,-2.865774812563475,5.482108095103549
983,32.766338999999995,0.5324120228029673,0.14211049425499295,-3.7813663627025402,5.387671767398714
984,32.799672,0.5444397625628576,0.14248996382411366,-5.4356747524364915,5.450337498840388
985,32.833005,0.5331107289418685,0.1528924439335329,-7.0241608649605185,5.429756789645469
986,32.866338,0.5281706653238859,0.1629194658784252,-7.783826265964042,5.434357546176451
987,32.899671,0.5420981424838509,0.1562117173572503,-9.16197936756283,5.226480551636839
988,32.933004,0.5289283746123624,0.16195718029455433,-9.292954954484676,4.9713986699098
989,32.966336999999996,0.48526222720683554,0.16941418711569947,-9.255744512385686,4.661508330334261
990,32.99967,0.43083625589334246,0.1859542048080634,-10.309074589030548,4.261006264424922
991,33.033003,0.38482578717420457,0.18389646542505703,-10.531485374247051,3.677303464342615
992,33.066336,0.34290072689004447,0.1893368506550444,-10.620853587561097,3.0734557000672664
993,33.099669,0.3023131246250053,0.19154424016032295,-10.220778763325516,2.144351768681369
994,33.133002,0.28502610466486,0.18463315715195655,-10.073755929570575,1.973607291023254
995,33.166335,0.26722151203805883,0.1879229102212546,-10.003511193167482,1.4020500379881473
996,33.199667999999996,0.25745210055837353,0.18087954127129996,-9.593567061562199,0.9298127419793828
997,33.233001,0.23991819012410287,0.181791219123957,-8.863690037632871,0.35124373248000584
998,33.266334,0.2324317173279824,0.17849734260468228,-7.936492839068495,0.10588561918006682
999,33.299667,0.2154056046476214,0.17974697043095633,-8.406461190712356,-0.2845967675083175
1000,33.333,0.1944187924194723,0.16970268027724925,-8.00682746716337,-0.32392403168250045
1001,33.366333,0.1834562310028861,0.17141290947718768,-8.802534002521206,-0.13411783997236695
1002,33.399665999999996,0.18041579346345554,0.1879237316350474,-9.182626345130455,0.12447622733272172
1003,33.432998999999995,0.1771281034057333,0.18692689931194195,-9.315276794647522,0.689485702593105
1004,33.466332,0.17387837606412612,0.1829899114421691,-10.235877337260357,0.8148891716032862
1005,33.499665,0.17553516976869027,0.18057284302126342,-10.412068960640388,1.1600287147900676
1006,33.532998,0.17321804973527477,0.17344401834771256,-10.30061974525696,1.150541371653404
1007,33.566331,0.17630214857915216,0.17816751225509408,-9.738150929294681,1.4622168663791706
1008,33.599664,0.1737779460528147,0.17107495894249988,-9.940960005322394,1.5564175681054222
1009,33.632996999999996,0.17260055441963454,0.15976968709453115,-8.971457677623349,1.5777195035140028
1010,33.666329999999995,0.16912038882586058,0.15162932422337538,-8.872573666710723,1.2496207248444877
1011,33.699663,0.16607096129218496,0.16174320051694616,-8.656642038495868,1.151320359522939
1012,33.732996,0.1603865363220504,0.17305927654953074,-8.777280953526635,0.7027456278311764
1013,33.766329,0.15944304482396165,0.15621714170195589,-8.991399566268834,0.4794547348729356
1014,33.799662,0.15692879991528869,0.18018641163401405,-9.069842356622315,0.07409046254647397
1015,33.832995,0.1580813041407344,0.18074310745007838,-9.939478302812484,-0.5269218073678288
1016,33.866327999999996,0.15495724072786596,0.17722722085901732,-10.296135976424104,-0.9225619968794655
1017,33.899661,0.15284552447850727,0.17876474233149184,-10.324378558513848,-1.5273977870583215
1018,33.932994,0.14550185885998196,0.11931524864341735,-9.512217121618518,-1.8642477873565326
1019,33.966327,0.13254350180053667,0.057215707009981936,-9.706589493607087,-2.121261658657132
1020,33.99966,0.11008854409659653,0.06860904734169301,-9.320091886722226,-2.418646202612599
1021,34.032993,0.08344829056220782,0.09241843948358427,-10.208500809395051,-2.7912982253373433
1022,34.066326,0.08210980592497799,0.12025144887717917,-10.299467160945909,-2.5887124872258944
1023,34.099658999999996,0.08089629335350568,0.1344420379845208,-10.260045301187654,-2.4906464276631017
1024,34.132992,0.08121946221463863,0.14477650928076669,-10.466157522120866,-2.2609342645583674
1025,34.166325,0.07965421371702569,0.11857155233523245,-9.266853594125967,-1.9799511851983524
1026,34.199658,0.07854206575609032,0.06292704917170314,-8.464064282525081,-1.1112861812169375
1027,34.232991,0.07858773347136108,0.08389080018165782,-8.607514639059266,-0.9679490194683923
1028,34.266324,0.07853690541227407,0.1226999962679851,-9.227283038339712,-0.8042344895933496
1029,34.299656999999996,0.0781951070478471,0.13520029299517983,-9.239942161786102,-0.6524255530702888
1030,34.332989999999995,0.07941058725310363,0.1492781111041358,-10.217267058330918,-0.47163562814043564
1031,34.366323,0.07994048308096043,0.16143293078608617,-10.769619382025857,-0.29306932879102715
1032,34.399656,0.08071072725970399,0.15150352367297631,-11.521118128880087,-0.09640409687665352
1033,34.432989,0.08474719436845372,0.17509720587227298,-12.039995428900749,0.04888612228106284
1034,34.466322,0.15401623555878444,0.1750282079623517,-13.156156741596485,0.01631501901641066
1035,34.499655,0.18581286298153307,0.19085005966464058,-12.829439357598643,0.3000863828784288
1036,34.532987999999996,0.18704729979091594,0.19038463372917586,-12.642425088134681,-0.06554325924252406
1037,34.566320999999995,0.19292657115379105,0.18442228041912848,-12.376401829348433,-0.3162788739410878
1038,34.599654,0.1957505507879695,0.1859204296781218,-11.814837094712843,-0.6173534179368605
1039,34.632987,0.19014705995118475,0.200366857459011,-12.47033958882164,-0.5325556443518854
1040,34.66632,0.19104435938560274,0.20626921136928225,-12.489444537898255,-0.6598180715766319
1041,34.699653,0.185603069455632,0.18848434903083738,-13.359872209840647,-0.4686098357312219
1042,34.732986,0.18048846429276905,0.08612170561023388,-11.832534196583701,-0.027158878764889958
1043,34.766318999999996,0.1557256109967729,0.05566850795833431,-10.367120444353027,0.2846675389689648
1044,34.799651999999995,0.13028911604947385,0.0803704070906136,-10.960906771712843,0.06554843706122507
1045,34.832985,0.08953111530406528,0.1319661765457863,-11.239375636975167,-0.17301103016585523
1046,34.866318,0.0895654672259712,0.14169619918801263,-11.77491227089947,-0.09207137355097399
1047,34.899651,0.08720041414972231,0.17920505070735787,-11.686436962585269,-0.057511039354115966
1048,34.932984,0.15160480062903262,0.19174018734603074,-11.643067452114343,-0.05120142629069692
1049,34.966317,0.17308895716235062,0.20048389722142473,-12.063348201562354,-0.17927143779994395
1050,34.999649999999995,0.17524170862735708,0.20891955727482414,-12.033898261529163,-0.09700645127418
1051,35.032983,0.0925279615765712,0.20572908034443743,-12.743260466318695,-0.04225079094946645
1052,35.066316,0.08807100044386319,0.20481803584175168,-12.655148630729776,0.11023912812719236
1053,35.099649,0.08630233627765846,0.21098801013892282,-12.650759615023428,0.14370552981106616
1054,35.132982,0.10677671366634751,0.21657078839506747,-13.092639736851575,0.01662654850536052
1055,35.166315,0.17469747028961238,0.22911743720706484,-12.595198337266375,-0.3269003669937918
1056,35.199647999999996,0.17380109601796673,0.22727635883678898,-11.538253377489681,-0.6355714274949289
1057,35.232980999999995,0.15135380181730565,0.23813530927658572,-12.491732417067892,-0.8813298210499421
1058,35.266314,0.11428625038406247,0.22947454734846467,-12.680537936858569,-0.7179477476581609
1059,35.299647,0.0868246521873126,0.24002397881057613,-13.069796341377385,-0.8761033913891647
1060,35.33298,0.08755494141100935,0.2362666242703622,-12.437575852865923,-0.7988190942117492
1061,35.366313,0.08838378737125795,0.2430666513804391,-12.076112421490759,-0.8477900602248598
1062,35.399646,0.08801482255081218,0.23578191473138577,-12.279679650352985,-0.7580174667230022
1063,35.432978999999996,0.0858179934078141,0.24305953259290847,-12.95605396876753,-0.8373329650357343
1064,35.466311999999995,0.0837875857582727,0.24260464070733434,-12.778506359967606,-0.8118528296522092
1065,35.499645,0.08451069400462072,0.2442888429005598,-13.506586246750985,-0.9591175662267939
1066,35.532978,0.1466437537595752,0.23798981567686256,-13.45159920943688,-0.9666369772912569
1067,35.566311,0.1502988597906044,0.24096183862312415,-13.142542671391896,-1.0524077388695825
1068,35.599644,0.16961996818128056,0.11936228941786685,-12.753363015302615,-1.2450148547802211
1069,35.632977,0.17570779640639536,0.06065362559949827,-10.472690335331308,-0.9720549249662274
1070,35.666309999999996,0.17707441474685304,0.10231878044286816,-11.032204165390356,-1.0701616618044714
1071,35.699642999999995,0.17147776266147124,0.17144862029568503,-12.356655784084893,-0.9669774084167887
1072,35.732976,0.17029113449577263,0.2029068417577998,-13.685412470614226,-0.996479537874858
1073,35.766309,0.161901211374775,0.22009226603583779,-13.03585271369333,-0.8145215447981538
1074,35.799642,0.16405689890965228,0.22903310986495135,-12.833602510330053,-0.7687421491056896
1075,35.832975,0.1737429129847723,0.23213584394585118,-13.566064190952599,-0.8393103991133546
1076,35.866308,0.163847831504493,0.23128478161555094,-13.631969844637116,-0.7170489952465436
1077,35.899640999999995,0.1645312365843296,0.23758399638690825,-13.120097189342909,-0.8814872839289493
1078,35.932974,0.1693187206396909,0.2400952582862333,-13.094623500502982,-0.5485724196661571
1079,35.966307,0.17259844215437795,0.24386457615444226,-13.139089210715978,-0.7034794797918243
1080,35.99964,0.17300881341029492,0.24414530415745095,-13.753524338943352,-0.7420566229560934
1081,36.032973,0.169712788089458,0.2396328610201856,-13.205081793913314,-0.6940004815349512
1082,36.066306,0.15945409022366225,0.25081179601485004,-13.056439615236808,-0.812665534166309
1083,36.099638999999996,0.1575450310456422,0.24990859613012856,-12.98673996922336,-0.6941625067622343
1084,36.132971999999995,0.15106628358434684,0.24868054915519566,-12.24961531461171,-0.6701423403899253
1085,36.166305,0.14530358323652318,0.24591663519091922,-12.688546961227857,-0.898607272941335
1086,36.199638,0.1389999475030232,0.24500560653513398,-12.17130772318699,-0.8668022437919587
1087,36.232971,0.12616795066540115,0.22111730970513033,-11.943870971354084,-1.067152666310382
1088,36.266304,0.13011576324130023,0.07613137737714011,-9.088901888764408,-1.0484182224463319
1089,36.299637,0.14069855192974853,0.052719962495041794,-8.292398283807758,-0.9123727095946678
1090,36.332969999999996,0.167049776626876,0.050917822973622746,-8.138131693195314,-0.9976847185926498
1091,36.366302999999995,0.18452549769013515,0.0557232709060161,-8.551076085571596,-0.6144810029532902
1092,36.399636,0.16277633375710615,0.08052445405377624,-9.302267115853825,-0.2802299225340848
1093,36.432969,0.19479487236001217,0.12134708533238853,-9.192220243834198,-0.12297340415053337
1094,36.466302,0.1890920575932965,0.16815756019057115,-10.181539116831578,-0.08738208579351754
1095,36.499635,0.18136903819040348,0.18758797978937447,-9.75372787240373,-0.010797943526067175
1096,36.532968,0.17667482436811993,0.19733866828467017,-10.112113156888501,-0.10082542586127627
1097,36.566300999999996,0.15875575806865255,0.20888871565172767,-11.597711160337907,-0.14119705613338063
1098,36.599633999999995,0.17281513382442548,0.21125916902500208,-11.68708845051047,-0.16357869093698632
1099,36.632967,0.1576191205655681,0.22242718358417013,-11.005875864014182,0.1088328365629838
1100,36.6663,0.16385098439037205,0.22459512566058268,-11.14747808871052,0.1947550711669103
1101,36.699633,0.153354136601273,0.2184481063375044,-12.33481382370931,0.19578023826548782
1102,36.732966,0.16769287778937939,0.22272224804774576,-11.668402703506292,0.1373928947577515
1103,36.766299,0.16867730825031296,0.2272582939459592,-10.926399971634345,0.07218634843066644
1104,36.799631999999995,0.15288411248613126,0.22984099601118632,-10.745338963267704,0.1646069460948347
1105,36.832965,0.14135878041694752,0.23988584939595092,-10.789699964406344,0.1099663717028829
1106,36.866298,0.14804494655742217,0.23662684494166564,-10.848300527188028,0.04726804306097475
1107,36.899631,0.14627778650299597,0.23725479585755122,-10.344373909901027,-0.018365671518391958
1108,36.932964,0.16419696450647253,0.2395411546370988,-10.362264150329679,-0.05679385252462643
1109,36.966297,0.19747931720963008,0.239638611398283,-11.42122298292719,-0.0191881917786769
1110,36.999629999999996,0.20992394543705106,0.240488942081755,-12.01356121911073,0.22367025775234872
1111,37.032962999999995,0.17808460478140153,0.24523452426170927,-12.02231040815383,-0.052999585908790954
1112,37.066296,0.12075280170200108,0.24489319968828974,-11.430500904448149,-0.23404254687088463
1113,37.099629,0.08389118018087752,0.24405875732044524,-11.466749494760752,-0.10052514793377809
1114,37.132962,0.08524817813029113,0.24743967866998368,-11.589601402460444,-0.3030121436142419
1115,37.166295,0.15408720516519545,0.23896624074167205,-13.274732914275463,-0.17858401122038436
1116,37.199628,0.1710824797313777,0.24402421507760486,-14.405182577536577,0.05326828364908197
1117,37.232960999999996,0.20644218053089633,0.24253436569201003,-14.345716432975319,0.08648488053415224
1118,37.266293999999995,0.19664274418788505,0.2427055985207441,-14.060106146818692,-0.06920334972894138
1119,37.299627,0.18810489635797906,0.2451101825496313,-13.160703832659246,-0.06497446068865684
1120,37.33296,0.18117323838326296,0.24547052698770327,-14.317023128352107,-0.5032785765268947
1121,37.366293,0.17262425074056145,0.24917085967823313,-13.906532136170247,-0.48429165501255794
1122,37.399626,0.15783594093173697,0.2445831468563745,-14.71163998807883,-0.4808055099297573
1123,37.432959,0.17520039077182417,0.24591155364003964,-14.78319770010546,-0.46382515914674133
1124,37.466291999999996,0.1846528539511157,0.23700621803047536,-14.103945079160546,-0.3703123351084773
1125,37.499624999999995,0.18398643408079451,0.23706403452025893,-14.22967141773234,-0.40007421247258884
1126,37.532958,0.18360438441385107,0.23915967741477787,-14.299823306903084,-0.47789415235581995
1127,37.566291,0.18926282214361798,0.24245469231774083,-14.318119994266635,-0.6242279681230782
1128,37.599624,0.18944755546260178,0.24212533574251816,-13.620646379214651,-0.5487913923475936
1129,37.632957,0.18073220104390253,0.24484979342393887,-13.145736631368013,-0.44340975758510726
1130,37.66629,0.17173762100845513,0.2436698241388123,-13.025101090828118,-0.5382184632135328
1131,37.699622999999995,0.15781332267455128,0.2410554784347802,-12.665069631626006,-0.604611484996406
1132,37.732956,0.14645944891143314,0.24206160541048055,-11.413206220142197,-0.7060694579508626
1133,37.766289,0.1326645035972138,0.23920148200179858,-11.211043107810992,-0.758500461482633
1134,37.799622,0.10632294760761846,0.2366828108891793,-11.039491244803331,-0.6927155153983349
1135,37.832955,0.08170665895350994,0.2388214569446378,-10.578046794903873,-0.6647867295621953
1136,37.866288,0.08400241866316058,0.23490470218821496,-10.538836873360449,-0.503244150300523
1137,37.899620999999996,0.08303960026923121,0.2334163980654575,-9.853515856875855,-0.34878820019908346
1138,37.932953999999995,0.08220174524250272,0.23141014365398943,-9.588056433414808,-0.32521462516798527
1139,37.966287,0.08124186344531023,0.2329060522228631,-8.709952891586816,-0.39034845638588483
1140,37.99962,0.08231989041260392,0.23830086402200046,-8.410215195866092,-0.21914247415067503
1141,38.032953,0.08151660524443538,0.24067466824993666,-8.877307546016155,-0.08735064736659245
1142,38.066286,0.08034012181927934,0.23982251904483318,-8.1249717095904,-0.30021987748753526
1143,38.099619,0.08000187444812717,0.22584585939669372,-8.733327872151559,-0.5931965642250792
1144,38.132951999999996,0.07917315560381244,0.24347022598538887,-8.479503747610769,-0.7203162694241004
1145,38.166284999999995,0.07770548352577046,0.2410838199386251,-8.062011512097449,-0.5930581236247364
1146,38.199618,0.07829214806705641,0.24610955655040279,-7.444810871122545,-0.4277169912088741
1147,38.232951,0.07818419451183199,0.24073209948585994,-7.6561617009521985,-0.3748430250742938
1148,38.266284,0.07810149778717732,0.2441391670016677,-6.417198332013065,-0.3521193925542435
1149,38.299617,0.0778840683089071,0.24529543136421195,-6.739226573013922,-0.3094529884804157
1150,38.33295,0.07672277759153887,0.2468542841591046,-5.923573288594467,-0.262935080894209
1151,38.366282999999996,0.07653761719548835,0.24337592617302695,-6.119974452412352,-0.2350659965985574
1152,38.399615999999995,0.07635360715310642,0.24135994495466812,-5.827164982766309,-0.377921481322899
1153,38.432949,0.07569688613759723,0.22548348723434752,-5.558656035251968,-0.43474962026996267
1154,38.466282,0.07616318902971418,0.08906315595074557,-3.4469656624703866,-0.3372977550683252
1155,38.499615,0.07599603140477933,0.09505403617349853,-2.2476644869353577,-0.12633939475151826
1156,38.532948,0.07551391631295754,0.13739519861653735,-2.8632910383359587,-0.34873089371403465
1157,38.566281,0.07461152385621804,0.1623236033975682,-3.3548315697595057,-0.6279195492419659
1158,38.599613999999995,0.07493099471372396,0.18833439911627364,-3.18002056999406,-0.552650600410251
1159,38.632947,0.07473467881756846,0.20894087479492507,-3.5512509891440973,-0.6896782109767741
1160,38.66628,0.07397882450242979,0.20911311439308725,-2.9662185191542907,-0.7676765790193416
1161,38.699613,0.07449870116144931,0.21302453960978446,-3.2146105912866414,-0.5293871618453732
1162,38.732946,0.07291192202824782,0.21689972819293427,-2.767268546742788,-0.6361508333114888
1163,38.766279,0.07385492761974284,0.21714099296538947,-1.853216010392394,-0.5713612388092757
1164,38.799611999999996,0.16293453985097628,0.22602716785223248,-2.8503716498655116,-0.37999624795098513
1165,38.832944999999995,0.18965676444765997,0.23075758202124852,-2.481927837882291,-0.1700246345800945
1166,38.866278,0.1789383571598112,0.22784305945456018,-3.595670243729409,-0.12988984923554492
1167,38.899611,0.17715460715790737,0.2276760090413686,-3.4202425254034248,-0.049711689196303324
1168,38.932944,0.1687691655844083,0.2300864300875507,-3.6147184282188904,-0.45643066353919365
1169,38.966277,0.15400917622243068,0.21767901362240893,-3.1183607728248357,-0.3076222987410985
1170,38.99961,0.16524224502624757,0.18596479257202753,-1.760795418296201,-0.23869539704938278
1171,39.032942999999996,0.16675229281944404,0.08997898508323923,-0.17853387064085585,0.0984127968237684
1172,39.066275999999995,0.16989348982011093,0.05825353146285241,1.9462232588363524,0.21943866720782196
1173,39.099609,0.16346382103285725,0.05915907407662183,6.626041511257068,0.2873577233263323
1174,39.132942,0.16708591031218661,0.03334663769867415,10.734075539313206,0.6055598068235258
1175,39.166275,0.15352426713345674,0.05239019965561778,15.781249508983887,0.5125133561139491
1176,39.199608,0.14524500792503098,0.1289108897728812,22.14571651679154,0.2273989215162742
1177,39.232941,0.1384916635322422,0.24053654124787743,26.931385890189574,-0.29440392055592207
1178,39.266273999999996,0.14886569314034928,0.2593138952479103,31.588194080797656,0.11128676691163925
1179,39.299606999999995,0.14353102631731043,0.2982826293856598,33.64458667418971,-0.03522128750416234
1180,39.33294,0.13187243753994946,0.30107461099036636,35.35908765535848,-0.13940039434804272
1181,39.366273,0.14350745067784373,0.3384275796211682,37.35249151617092,-0.8963731783215829
1182,39.399606,0.1578428891436249,0.35931819249988506,38.71432342673167,-1.2981846083164659
1183,39.432939,0.12549328771403206,0.41817907311541264,39.90751799223758,-1.6311857783978017
1184,39.466272,0.09382005690763351,0.3885058197689567,39.77518641608574,-1.9623584793564224
1185,39.499604999999995,0.09973802015064376,0.38662609627277744,39.67284099403971,-2.7093578128973945
1186,39.532938,0.08593328336341276,0.3875956310369601,39.68624736129286,-2.9712397678250815
1187,39.566271,0.0668306575129884,0.42514630101441436,39.201733113085254,-3.9115520421162384
1188,39.599604,0.07608533900501374,0.37420041393918,37.71406494198822,-4.029924266598369
1189,39.632937,0.07044453295735072,0.4032613212443706,36.59794514137556,-5.128194812662105
1190,39.66627,0.05923313499149133,0.3617583953717174,35.7115477230491,-4.8656812535238405
1191,39.699602999999996,0.12123578759224549,0.19820184153122522,33.43275446673456,-3.7178174663999597
1192,39.732935999999995,0.1172694912118851,0.17715415206200702,31.28863652515488,-4.400371596233367
1193,39.766269,0.11025339152755476,0.11327842554266823,30.51735161285156,-4.150903973553302
1194,39.799602,0.1253936694541451,0.11123744388777668,28.94332532390038,-3.7695560989774815
1195,39.832935,0.13675439905216868,0.08060144037597251,25.546162061140414,-3.5940152150344926
1196,39.866268,0.13194959951998544,0.058288819616707246,23.50000716204016,-2.8959585014823066
1197,39.899601,0.1463337788246301,0.06647018823490772,21.111573048836235,-2.283412594958454
1198,39.932933999999996,0.15009498925279588,0.1403454072054637,19.584366487527067,-2.2179506765506556
1199,39.966266999999995,0.15244856746313812,0.18788843563669533,17.04267221201384,-1.9146768752154992
1200,39.9996,0.14722243855523198,0.20447808746178853,15.847379720357823,-1.0837348948831786
1201,40.032933,0.14582990215949404,0.21559236603897616,13.602232121867415,-1.3446842328101967
1202,40.066266,0.14423263425078378,0.2233923417799804,12.05237859889627,-0.7841013703020505
1203,40.099599,0.137866451977616,0.11920488227241789,8.332184129957863,-1.1614860766861015
1204,40.132932,0.1333478901522625,0.05406626347044445,7.680385099046268,-1.167520452519917
1205,40.166264999999996,0.1394491512471414,0.11490083797282477,6.436587720830688,-0.8419224395134197
1206,40.199597999999995,0.14017187421471963,0.1795914180788582,8.159714290446184,-0.5740388430888743
1207,40.232931,0.1463561288734867,0.2085944476027875,4.838172293465451,-0.5527724132385814
1208,40.266264,0.13962812414698142,0.22183869800488953,3.691789384474886,-0.33944930730631634
1209,40.299597,0.13596538992798363,0.22508200053777289,2.252666748566854,-0.11218550745351508
1210,40.33293,0.13849548662989336,0.2234339741912124,0.30720425764657155,0.23806130317434268
1211,40.366263,0.12997925281496175,0.22597654891942345,-0.6235398051012394,0.22780003602558302
1212,40.399595999999995,0.12988571957781025,0.2246084035424495,-0.7691461432457989,0.3969014977479939
1213,40.432929,0.12881548988552688,0.2213908669005316,-1.7337825016975286,0.3204715842745068
1214,40.466262,0.10873633120179736,0.22959714234956163,-1.2206888347563307,0.45680705351647327
1215,40.499595,0.10386349055110448,0.24197485119782358,-1.84754427968297,0.5947285636494181
1216,40.532928,0.10188828336411854,0.2419367366582339,-1.7492468231395677,0.622604716718151
1217,40.566261,0.10662476201037183,0.24817523878620482,-2.819075882946994,0.6546838763338967
1218,40.599593999999996,0.10852885246410539,0.25195612192789485,-2.4383853320702236,0.743250425447524
1219,40.632926999999995,0.14892608891707426,0.2604761547862713,-4.292549744842211,0.7625417264287621
1220,40.66626,0.17635702246228044,0.2255605918678597,-3.87182290842469,0.9398710140740948
1221,40.699593,0.17691112833414172,0.11581513777173119,-3.092241580540165,0.7915482734811146
1222,40.732926,0.1740638994706923,0.0853375891027363,-2.6663011954407674,0.6967574216463913
1223,40.766259,0.17441248969157183,0.11226902183158849,-5.057246653864343,0.7554451558593154
1224,40.799592,0.15481549519271454,0.16150219076560207,-6.01938656270628,0.6392596692073578
1225,40.832924999999996,0.15331521082973726,0.20257303868408752,-7.002595325184866,0.6100398496922899
1226,40.866257999999995,0.14736592951623534,0.22345196177633767,-7.318884568095585,0.5607472692448786
1227,40.899591,0.14382420931342496,0.24506040837330917,-7.930097965299791,0.5623262362504214
1228,40.932924,0.1406799418002622,0.25515888436952966,-8.90410039421563,0.48057157646402093
1229,40.966257,0.14272229331458713,0.26348667742685006,-8.900271391029767,0.3664661500762733
1230,40.99959,0.08070058230980402,0.2682112705723638,-9.287109261677694,0.41372214820902714
1231,41.032923,0.07931959878060751,0.27452940348378274,-10.365752735120811,0.3729252165084521
1232,41.066255999999996,0.07883078624866738,0.26908906828056445,-11.25418646195708,0.48866913742352347
1233,41.099588999999995,0.12565289234145732,0.26900386899957485,-11.464862344138393,0.2504245277935
1234,41.132922,0.1656985488889163,0.2780980502204864,-10.89318359268247,-0.05432191155090723
1235,41.166255,0.1590341143241402,0.27702115983471937,-11.514470069083254,-0.26794047268278687
1236,41.199588,0.14407391614765264,0.27318850332726174,-11.443879186760006,-0.14197073207469713
1237,41.232921,0.14542121140206885,0.2702491768367068,-10.711524605852176,-0.29566073941159726
1238,41.266253999999996,0.13584268645818845,0.26850229370136347,-11.26226813040466,-0.20740037010481066
1239,41.299586999999995,0.11264517916814498,0.27654871280620924,-11.532073810220211,-0.31260923632835647
1240,41.33292,0.10890552989286986,0.2720630345856549,-12.559694467270498,-0.6167038738820977
1241,41.366253,0.08040615976590938,0.2778921348483486,-12.265246663359214,-0.8377673977659261
1242,41.399586,0.07892161357576487,0.2788100998268588,-12.56569655402197,-0.958856084231429
1243,41.432919,0.07830013913718696,0.2725682943555978,-11.683810942052773,-0.7566572575391676
1244,41.466252,0.07704796265854572,0.28210854812443287,-11.603212146378755,-0.8391916272390871
1245,41.499584999999996,0.07750158053867218,0.27779186993005095,-11.477093874983922,-0.7984453819097375
1246,41.532917999999995,0.07803424797568231,0.2713952589931601,-12.742050748070993,-0.7881864470002904
1247,41.566251,0.07976365181279098,0.25682978405925905,-14.317483245329846,-0.685444106260844
1248,41.599584,0.07968752118314253,0.22960097338975277,-15.64212909008436,-0.6476676425380498
1249,41.632917,0.0803625187450247,0.25372231050479693,-18.60421941407694,-0.8444088871521631
1250,41.66625,0.08739677030940672,0.25587894453302884,-21.237612367061793,-0.7323874016541765
1251,41.699583,0.0916092944891095,0.2684553628096961,-23.699564142848878,-1.235031077789401
1252,41.732915999999996,0.09667852290734118,0.2507373886059914,-24.818390384985292,-1.2465012413910312
1253,41.766248999999995,0.09884777579462778,0.2627404090753201,-26.974644264717497,-1.240448196515416
1254,41.799582,0.1007014968989853,0.2883147809913267,-28.714913258752983,-1.4067725260647106
1255,41.832915,0.1821114127301707,0.27395986140936834,-29.369745080786608,-1.4449773568729491
1256,41.866248,0.22051511693166453,0.2665051293252739,-29.850090059319452,-1.3980092833841544
1257,41.899581,0.2319506013243185,0.2687972188740869,-29.59483449461287,-0.9010945555401236
1258,41.932914,0.23831468857216392,0.263831173303399,-29.933809489383577,-0.47897294976754623
1259,41.966246999999996,0.23354348647645642,0.2513240782004861,-31.049356016466554,-0.10438378397953488
1260,41.999579999999995,0.2341660899589163,0.2436566194086864,-32.63660823355947,-0.4344969139113596
1261,42.032913,0.18491936403599,0.24400267408558848,-33.15586282005252,-0.08814256330985344
1262,42.066246,0.11312171349557837,0.23736104644586398,-34.54345471758756,-0.27735178611685796
1263,42.099579,0.13820140998921485,0.25194717397108607,-34.80523164220375,-0.6568131926648061
1264,42.132912,0.19801813720265596,0.24585137643178642,-35.42313672421846,-0.019083805309630594
1265,42.166244999999996,0.23496160076271183,0.25952301269704914,-36.553229770582014,0.6582806956454389
1266,42.199577999999995,0.2530169036300931,0.23353244129523612,-35.71188121330092,2.03652643258769
1267,42.232910999999994,0.24058034363626413,0.23012036752927661,-34.366779977873456,1.8922938648776497
1268,42.266244,0.24067918916636763,0.22821247758315497,-33.54157311575046,2.346635243981155
1269,42.299577,0.23817276478821142,0.22906059526195302,-34.414709504228554,2.976029305143687
1270,42.33291,0.233265443561686,0.21838244375431448,-34.32647068612204,3.152515538544593
1271,42.366243,0.23155706395914966,0.23565151820811883,-34.818973482810534,2.610623591608986
1272,42.399575999999996,0.22341859059371932,0.2312225779019445,-34.739920023561254,2.968464824121001
1273,42.432908999999995,0.2262869355432004,0.20019107482206025,-34.46298552222111,3.2438318750460455
1274,42.466242,0.24338292831627106,0.14882125578438257,-33.43842550425934,3.01567868774196
1275,42.499575,0.27251904665117543,0.13373897865618198,-33.960814265548755,4.536267125441943
1276,42.532908,0.2759133558163943,0.11901729327410525,-32.50776053771544,4.140083941384861
1277,42.566241,0.2757378912426262,0.1408384691861889,-31.820200553010626,4.053389232485969
1278,42.599574,0.24222705086969096,0.16095685012651734,-29.458871854477835,3.012127341984971
1279,42.632906999999996,0.23585111284754995,0.1700221816105355,-27.624550169397516,2.6698222725838376
1280,42.666239999999995,0.2276283241106659,0.17593179985185634,-26.750429238564774,2.6270757222101473
1281,42.699573,0.23110208567189752,0.1710675252202386,-24.745566927806586,2.8316729152246873
1282,42.732906,0.22123779935377055,0.16208312751151993,-23.023910779003284,3.056282986941362
1283,42.766239,0.2114908805616278,0.15932688021494545,-20.937814032871895,2.506997247219886
1284,42.799572,0.22834119876729314,0.14650111502460006,-19.655915294319207,3.714343357294499
1285,42.832905,0.23554390878645956,0.1609453720170334,-20.11915253811749,3.579165011745772
1286,42.866237999999996,0.2647624018809626,0.16108364302960315,-18.85782625005689,4.300730814984856
1287,42.899570999999995,0.26368875246036433,0.163984699092233,-15.822358415880863,4.349977857376525
1288,42.932904,0.23983827153659582,0.15576877894834423,-15.260346602284944,4.495180869463239
1289,42.966237,0.209386372905225,0.14392625372796308,-11.817735112880868,4.32091081524748
1290,42.99957,0.20030507973833048,0.12732347554866674,-10.495956010887651,4.236660702533584
1291,43.032903,0.18780606295812796,0.1230050472042162,-9.400279396680846,3.4953247397124327
1292,43.066235999999996,0.1887197548646036,0.14421992841241887,-6.845452457549943,2.4174151680554115
1293,43.099568999999995,0.19499360244700228,0.14108369148397104,-5.5409189597053885,1.3268907002156352
1294,43.132901999999994,0.19137603347669277,0.13650130349344516,-4.049004465345761,-0.28016445676408525
1295,43.166235,0.2006658748735667,0.12886789620180483,-2.919668772890362,-1.440458169919861
1296,43.199568,0.2157037960103369,0.1191903779830544,-1.223763908945963,-2.5381730288017135
1297,43.232901,0.23050342739647076,0.09735573013986878,-0.7647642831990885,-3.6169785459242587
1298,43.266234,0.21537999925569434,0.10574117092325325,-1.1236911132858765,-4.351478530850347
1299,43.299566999999996,0.19471616131927075,0.11777400516028858,-0.3806701254587619,-5.120954969156597
1300,43.332899999999995,0.18080821314265294,0.1241078063579677,0.8084783797427663,-6.035477919721588
1301,43.366233,0.19057205405116337,0.12554974944433606,2.404983545508701,-6.904187844881666
1302,43.399566,0.1830675215439147,0.12346656957849815,2.744593511815754,-7.705760253744201
1303,43.432899,0.18398709501566074,0.13779657980883375,3.2078575814249133,-8.164184950480035
1304,43.466232,0.17815716170336623,0.13178381061549177,4.241457970081638,-8.344606389097402
1305,43.499565,0.1709474724379291,0.13132746939455908,4.28275700264898,-8.36497048148178
1306,43.532897999999996,0.16340963427691882,0.0835123040606536,4.831754728211549,-8.479111791500621
1307,43.566230999999995,0.14269659568524823,0.06976593739839695,5.02308985215407,-8.476232289186294
1308,43.599564,0.1216536655498235,0.08671141589799891,5.364590969815231,-7.970109104763165
1309,43.632897,0.12156875099544968,0.08692115752191959,6.128173487930156,-7.723551212730895
1310,43.66623,0.13078388501717544,0.09789812726407064,5.528573866149915,-7.36216251526132
1311,43.699563,0.15759704519183626,0.1134531337127423,6.184629359934313,-7.131058844316349
1312,43.732896,0.17115744864191315,0.14395461265655798,6.769234072725771,-7.026389920790709
1313,43.766228999999996,0.1762062779431469,0.15946204146123555,7.157790418388193,-6.402183923221224
1314,43.799561999999995,0.17945208486469086,0.15618504671089292,6.389574096932916,-5.567586379358435
1315,43.832895,0.16003985931448028,0.13781295420629858,6.445058013151137,-4.617706093528219
1316,43.866228,0.08594438094177123,0.115188561144897,4.34648472615394,-4.3302274536981535
1317,43.899561,0.06644905310453038,0.06628873171245198,4.0181689898380135,-3.7843298515435544
1318,43.932894,0.06899326349923199,0.09069457566423399,2.8502671752292836,-3.156705331892507
1319,43.966226999999996,0.07044706745370981,0.12405826753981872,2.510132492393784,-2.543935073415595
1320,43.999559999999995,0.07040274679413336,0.15031891849570778,2.2488841183075716,-2.2576671054275046
1321,44.032892999999994,0.07009117654440218,0.15061636516397134,1.6392513131208493,-1.9908335111832558
1322,44.066226,0.07026140015167992,0.16224667295869577,0.6777839876277999,-1.5011157278892855
1323,44.099559,0.07137937288192055,0.1741513303244889,-0.5116034867151145,-1.0791047878470266
1324,44.132892,0.0712422022709045,0.16076192817146295,-1.1074315087303535,-0.7352851165292033
1325,44.166225,0.07207730329253567,0.1570471866010423,-1.8284688065733212,-0.44734633925005124
1326,44.199557999999996,0.07220255432570717,0.15203555812404596,-2.753954264665347,0.0992700625742923
1327,44.232890999999995,0.07251940553696674,0.13871388010466995,-3.739153538832176,0.5421267805714521
1328,44.266224,0.07385921889560755,0.12887782536415196,-4.8661646714350395,0.6969894530748866
1329,44.299557,0.07476635526145992,0.12252986363509366,-5.3757300961591215,0.8917860720778638
1330,44.33289,0.07511229975642196,0.1304075878319952,-5.242569690384627,1.206033689582402
1331,44.366223,0.07517694887491948,0.13156631892813556,-5.735291520972915,1.3632236537298834
1332,44.399556,0.07673844302083611,0.15186230593081024,-6.331088434626121,1.8893660585459708
1333,44.432888999999996,0.075465530337506,0.13555197614841008,-6.7692594591246,1.6847025538425642
1334,44.466221999999995,0.07653817080458847,0.1281799976747569,-7.156449830082094,1.3562825189777379
1335,44.499555,0.0781354163426847,0.13271470324579682,-7.117496983783968,1.6296952479600564
1336,44.532888,0.07820965584577577,0.11798535452770663,-7.71203812276557,2.1161820045543607
1337,44.566221,0.07725066151720984,0.1374359708254444,-8.304430550115356,2.1347298857227455
1338,44.599554,0.07828319537573061,0.15247767255067635,-7.573669746316894,1.992147430859909
1339,44.632887,0.07931855580493043,0.17556296055023085,-8.043636651976682,2.3187184868495265
1340,44.666219999999996,0.07686000227106252,0.17045996587323256,-7.436236315826352,2.6573830182986042
1341,44.699552999999995,0.07615045597159249,0.16866990060441267,-7.319732876091747,2.8813462965134202
1342,44.732886,0.07650928180006933,0.17447761080716462,-7.2293397748709225,3.0511660740438384
1343,44.766219,0.07695949805701023,0.17334073874867323,-7.518022827656351,3.4046410235046913
1344,44.799552,0.076891298062386,0.17497779112550266,-7.48585308194719,3.434513013324409
1345,44.832885,0.07820355127934174,0.1793694058145133,-7.862857745338436,3.7705629779093206
1346,44.866217999999996,0.07869818861300122,0.1782674202227284,-8.296958922724274,4.3136049337421545
1347,44.899550999999995,0.07761180566530394,0.1669195144312302,-8.147078166737069,4.648624355011014
1348,44.932883999999994,0.0782058735084762,0.1537404919519007,-8.209203770611765,4.996953891159361
1349,44.966217,0.07919852251436693,0.11891432222105243,-6.686922365766172,5.437835020361523
1350,44.99955,0.07942776571132852,0.06651395678529423,-6.513466872010846,5.775520409630749
1351,45.032883,0.07956650010482062,0.10144048861545099,-7.516280510337116,5.488098190361535
1352,45.066216,0.08026653012594488,0.10561423855333277,-8.03910498062996,5.082138283175815
1353,45.099548999999996,0.08035487881514768,0.13846922577593962,-7.174794090605592,5.086029020585687
1354,45.132881999999995,0.08737495096933057,0.1238001016499431,-7.2607386300936705,4.751905993138429
1355,45.166215,0.0766901256114254,0.1382356169294615,-6.610828259797247,4.419289544288061
1356,45.199548,0.08084089608371359,0.14694359003671487,-5.996440964021788,4.31510404455819
1357,45.232881,0.07972619339711239,0.1443983610506313,-4.922695349497374,3.9415247091897676
1358,45.266214,0.07589310985813442,0.1474235761051093,-4.366265040463796,3.314105774134742
1359,45.299547,0.0759666240708918,0.1561858507259425,-4.390401794209147,2.9208779621437513
1360,45.332879999999996,0.07944373432036783,0.15695237906934456,-3.25778690218894,2.6092881970663293
1361,45.366212999999995,0.07534333070956609,0.16007090246527161,-2.6514931512613926,2.0760839135747657
1362,45.399546,0.07418248740747717,0.15982540296687822,-2.2037362498257447,1.947253230883323
1363,45.432879,0.11294201672236256,0.15394669620176207,-2.0225146329477934,1.6396658863500209
1364,45.466212,0.1334041047950798,0.15245267113011113,-2.158228548579869,1.35585436869002
1365,45.499545,0.14882563370589588,0.15247073001781603,-1.7781641632505456,1.0830303799230947
1366,45.532878,0.16207271407784132,0.1553063137222782,-0.6487142422205426,0.463373741345298
1367,45.566210999999996,0.17429526047051913,0.13942440304821835,-0.034135439777796726,0.3883996114315422
1368,45.599543999999995,0.1751110688735493,0.058648387407590236,1.0767219092008264,-0.04321467140969988
1369,45.632877,0.1721057374657483,0.07077821575839323,1.3942358717931922,-0.5470750846153825
1370,45.66621,0.1738532352255835,0.12466799873466061,0.34205820767295897,-0.525812119767413
1371,45.699543,0.17649127039098325,0.1382613384309824,0.36615890961000075,-1.0126013232477713
1372,45.732876,0.17340511659814858,0.1492016715655824,-0.303021303620864,-0.9252339008938124
1373,45.766208999999996,0.17688021559332767,0.15974937887173446,0.15494566748689384,-0.9721856680052343
1374,45.799541999999995,0.17258668604117447,0.1704779660854416,-1.4649720466699743,-0.8048740573647498
1375,45.832874999999994,0.1742161642602357,0.17554133103091063,-0.5460472039799535,-0.6763280523251969
1376,45.866208,0.17696255943073985,0.17774902473295023,-0.930209071779856,-0.27805869360378477
1377,45.899541,0.17586995666997943,0.18248497405009773,-1.7879814614796206,-0.3268346994529456
1378,45.932874,0.17182334088573303,0.1899577724675942,-2.3887108517396904,-0.2840632990852527
1379,45.966207,0.1402786815288759,0.19428928069361798,-2.033993810109781,-0.30034334398827983
1380,45.999539999999996,0.07377637216328643,0.1890182434555605,-2.2322105406998185,-0.464117332044025
1381,46.032872999999995,0.0761305756180536,0.1354420181396386,-2.9211332720753784,-0.5643250301174336
1382,46.066206,0.14430064614066893,0.08091907533818625,-3.3263770407359026,-0.3876455321650817
1383,46.099539,0.18541493087532376,0.12061621573801354,-2.8184316045628393,-0.26700502439104207
1384,46.132872,0.1811716015482021,0.15583132870443966,-3.3976340241323926,-0.2900693744752295
1385,46.166205,0.18008759630028662,0.17337650323049825,-5.489999876608767,-0.26405723234560025
1386,46.199538,0.17491694764731772,0.191758431034023,-5.726329855078591,-0.34145039206919103
1387,46.232870999999996,0.17135168408758902,0.20066060986813725,-6.468598391746065,-0.40840580872726495
1388,46.266203999999995,0.17264944317289774,0.20216474757412317,-7.248913358861172,-0.5224833745938748
1389,46.299537,0.17059967659970374,0.20349850371466238,-7.625159172250455,-0.33845606944674533
1390,46.33287,0.18064934014796116,0.1996018448474156,-7.2314767747256825,-0.18980799075053476
1391,46.366203,0.1806563056693931,0.20194663812974367,-7.318961475728116,-0.05202343714677124
1392,46.399536,0.18670720540638078,0.20218362081223268,-7.131916040364467,-0.12767870957076505
1393,46.432869,0.1762903411969069,0.19971952214913385,-7.562654967028576,0.030312459101576535
1394,46.466201999999996,0.16673548570238753,0.19605791155644406,-7.716600664475661,-0.010990959906781646
1395,46.499534999999995,0.16992174014183348,0.20224325657546538,-7.4896837747375695,-0.026325092973949017
1396,46.532868,0.16662427354246562,0.20144638782702134,-7.892938510259761,0.013583093953053352
1397,46.566201,0.17272995051212064,0.20352883445095982,-7.528067316828306,0.11757860821846171
1398,46.599534,0.162564839395681,0.20083941138538353,-7.189681718996356,0.02821848037068072
1399,46.632867,0.15649435310171586,0.20771488832290302,-6.978672625184335,0.027980492312996853
1400,46.666199999999996,0.16861963123089665,0.20618886277755,-6.637264572648928,-0.052179229899962445
1401,46.699532999999995,0.18073265318359,0.20841198926071058,-6.401782130529903,0.18240228958556576
1402,46.732865999999994,0.17615852416891703,0.20759384046394433,-6.494228518617447,0.19713917724283567
1403,46.766199,0.16207917743144182,0.20857737316788322,-6.970708307706601,0.11392206773395833
1404,46.799532,0.13388527539992176,0.20545877504271887,-6.722022143221383,0.11759439731139637
1405,46.832865,0.07800316791678041,0.2035497632683354,-5.191926405998722,0.09515078779644236
1406,46.866198,0.07644086822600483,0.20954886596615102,-6.448792860601939,0.08482727697442152
1407,46.899530999999996,0.07583738556350982,0.20866163956659234,-6.038602225521867,0.14124281941929723
1408,46.932863999999995,0.0768613022782774,0.20510668822239742,-6.053897581396976,0.32038977424568604
1409,46.966197,0.0764217664500288,0.20234292618248406,-5.42232368817624,0.21871082217110357
1410,46.99953,0.07745040034388177,0.20297709681274417,-5.606167119694686,0.2734575705175847
1411,47.032863,0.07740018324995761,0.1944578541925534,-5.792899083280742,0.505272874928817
1412,47.066196,0.07676838309686959,0.20423264876899705,-5.7668432906581355,0.173518701843182
1413,47.099529,0.0766154431624529,0.20272849594728198,-5.815079591768862,-0.17708184080445746
1414,47.132861999999996,0.0754506152960448,0.1998972636583134,-5.388702872749115,-0.2602671803399614
1415,47.166194999999995,0.07516914817628591,0.1994454373895813,-4.382916528675211,-0.409514183125214
1416,47.199528,0.07493190143357065,0.19785617657296758,-3.428941007227305,-0.43680068477114353
1417,47.232861,0.07630520598863562,0.2036281017475115,-3.5212313392680694,-0.45790662564142565
1418,47.266194,0.07486651399480002,0.20227634690141533,-3.251632202530768,-0.5466063935861766
1419,47.299527,0.07491388653880211,0.21048273158771968,-2.8668131862750945,-0.6139939188458295
1420,47.33286,0.07491301357179234,0.2097869969126246,-2.43802097876112,-0.7308067915712174
1421,47.366192999999996,0.075407900086236,0.21399941339452783,-1.9362433298216835,-0.6273139993746096
1422,47.399525999999994,0.07486446040120763,0.2130226538895997,-2.090888675626239,-0.8044739268087086
1423,47.432859,0.07548593565512648,0.21323242604609854,-2.501973893950851,-0.7873428732778436
1424,47.466192,0.0758087415738289,0.21293222488525654,-2.6638417904912797,-0.7391462603376303
1425,47.499525,0.07607351276910161,0.20777731193286567,-3.251026451735974,-0.8382386706155801
1426,47.532858,0.07694489933560784,0.19708429514032563,-2.8700538831599536,-0.9806669350712983
1427,47.566190999999996,0.073780070572287,0.07090314765680891,-1.8247235768890804,-1.0435228004344335
1428,47.599523999999995,0.07619614354634661,0.10228090066263067,-1.3804267963261672,-0.6085540413599797
1429,47.632856999999994,0.07553105659170202,0.11913298794725699,-2.292425193864796,-0.8983075295705524
1430,47.66619,0.07556363255524742,0.1551244561119089,-2.8323062863000517,-1.07224619728894
1431,47.699523,0.0763178111545023,0.16309347125983875,-2.9507242698880263,-1.1412561229910203
1432,47.732856,0.07569416089899397,0.1906749807161743,-2.7254152016416984,-1.1950500497033631
1433,47.766189,0.07669225333862134,0.19700143426511374,-3.4658987620800406,-1.279954130697787
1434,47.799521999999996,0.07694573744237039,0.20022919707514902,-3.226032298976701,-1.2444271573016799
1435,47.832854999999995,0.0761704999486731,0.20653402606837712,-4.176668686675535,-1.4607017120064767
1436,47.866188,0.07626054620470835,0.20554677082334938,-3.5282326564281767,-1.4139656581873594
1437,47.899521,0.07529973586786946,0.20788262445625247,-3.2436990558533787,-1.6017561245880325
1438,47.932854,0.07578506131797813,0.20563182379848555,-3.893201564349344,-1.7412220438709496
1439,47.966187,0.07667377795304887,0.21063546891563245,-5.544885534920362,-1.678499737850351
1440,47.99952,0.07701624870375323,0.20674501986296995,-4.816121449566,-1.6081262496733155
1441,48.032852999999996,0.07738034138268361,0.21259952535859472,-5.658578840939672,-1.5357362064688735
1442,48.066185999999995,0.07698929544530594,0.20159687956310723,-5.5913955292429804,-1.357786129893811
1443,48.099519,0.07868240850819526,0.18539155713434635,-7.262602387116804,-1.0842997849680487
1444,48.132852,0.07845267619946533,0.18576809704690922,-7.879886992814095,-1.2807031318791442
1445,48.166185,0.08102687927171423,0.19772732576622726,-11.84351283429758,-1.4795786845898355
1446,48.199518,0.08227898067732502,0.18184382749630007,-13.224886738114682,-1.408055576019172
1447,48.232851,0.08746582912947054,0.1880061264473269,-16.842282759858055,-0.7907483071186455
1448,48.266183999999996,0.09284391608412011,0.20318275161098692,-19.263598770199103,-0.7771501942425547
1449,48.299516999999994,0.09874625385801758,0.20669478212106185,-21.196367384724468,-0.37032783810720726
1450,48.33285,0.10348738325677209,0.2123154812381184,-23.756054186552777,-0.18515109962319007
1451,48.366183,0.10487470401854396,0.21955085300225496,-26.248405293426114,0.07493585229633552
1452,48.399516,0.10661197095190429,0.22435588450642907,-27.66770831559768,0.21236752746644671
1453,48.432849,0.10670489864393197,0.22509976542371726,-28.041997842638484,0.7318667319276021
1454,48.466181999999996,0.10752093648712817,0.23525508133781609,-28.135742015590566,1.00895005880222
1455,48.499514999999995,0.10873065698325635,0.24320944017864993,-28.74757713618369,1.1477426360695093
1456,48.532847999999994,0.10766593083953344,0.23791756177008078,-28.345540418885587,1.4079560011106174
1457,48.566181,0.10932141935136576,0.2377952246301599,-29.058048809937503,1.2384976329699693
1458,48.599514,0.10990024807080546,0.23770537900339545,-29.49508091756591,1.2969457666548372
1459,48.632847,0.11009533322045505,0.23650781341778593,-30.171075817458323,0.9456562800225767
1460,48.66618,0.11157076642555176,0.2404807021664189,-29.72170419730173,1.382972513023192
1461,48.699512999999996,0.11176911446946303,0.2543537989230341,-30.080389098194992,0.7672497417646607
1462,48.732845999999995,0.10877553658043929,0.24407744413970534,-30.226799523203617,0.5324643297337678
1463,48.766179,0.1087099550439879,0.2442261714717825,-30.320462175457664,0.6757479201934024
1464,48.799512,0.11085614017956358,0.24850755047840822,-31.52323117108745,0.5271860399911733
1465,48.832845,0.10908272281892878,0.25472981747787493,-31.31157695213888,0.5648075865574842
1466,48.866178,0.11037285899712417,0.23293193762482195,-31.722767828344377,0.6361908123857208
1467,48.899511,0.10807762147260061,0.23255112575476897,-30.787599920085906,0.7983692054385789
1468,48.932843999999996,0.10865737402205634,0.23606231723219773,-30.724039752277903,1.0174739614962822
1469,48.966176999999995,0.10848082881304312,0.2358953355031315,-30.41668774500385,0.8875783603948886
1470,48.99951,0.10722969902135615,0.2342318529186359,-30.82337378192038,1.0795933976112244
1471,49.032843,0.10817403329585659,0.2296269316684795,-30.12382123585179,1.0848000087913952
1472,49.066176,0.10980793317708584,0.2228936388665821,-29.973832834120927,1.6615508507484755
1473,49.099509,0.10963129287612806,0.2343253870578484,-29.659798895119206,1.6928557043852774
1474,49.132842,0.10841685425077108,0.25627097546120475,-29.390648632298802,1.7797170195762633
1475,49.166174999999996,0.10687328862129263,0.2533100224424693,-28.918478449219624,1.6242386703647367
1476,49.199507999999994,0.1036891617964906,0.24743917183170072,-27.80389814361187,1.5471228454671702
1477,49.232841,0.10321218527274335,0.2466438130347288,-27.97285297045267,1.4582497826797063
1478,49.266174,0.10164496162462665,0.25391019906773254,-26.816455322553313,1.3144801297309796
1479,49.299507,0.09923089368418865,0.2466189989059408,-26.23534063630987,1.0665118995982648
1480,49.33284,0.09603357220537552,0.2401741982877402,-23.940305301191685,1.0224505080210105
1481,49.366172999999996,0.09751606478516224,0.22367223149879806,-21.99350005656926,1.2452670617442465
1482,49.399505999999995,0.09664914306470188,0.23518385327530741,-21.085744105354713,0.8649281938218938
1483,49.432838999999994,0.09519215128277651,0.22669052907387321,-20.270582762596412,0.7651568513435548
1484,49.466172,0.08991374279132415,0.2467892488156187,-20.49037498218866,0.5034085842061647
1485,49.499505,0.08936424057994315,0.23217906789941464,-19.192808096139437,0.41547220124932766
1486,49.532838,0.08793257684992391,0.23748434217816702,-18.061597884836736,0.32377731117042835
1487,49.566171,0.08701822458485896,0.2346995309803942,-17.037508891723093,0.19777017284432039
1488,49.599503999999996,0.08805871870611662,0.24441794653022092,-16.46361150345241,0.42758826896137453
1489,49.632836999999995,0.08709230142122033,0.24048015374975054,-15.925552112659766,0.4634039410533554
1490,49.666169999999994,0.08672420214360348,0.23246543191764715,-14.227695419491178,0.436902666960757
