idx,time_sec,mar,ear,yaw,roll
0,0.0,0.07652601039837656,0.2888364000561755,2.9862144562174553,2.2582757822501986
1,0.033333,0.0737060027835626,0.2874357509088812,2.24692188382245,2.1073099779345603
2,0.066666,0.07241302834976152,0.30140047303252737,0.12053766675717693,1.7612090765136543
3,0.09999899999999999,0.07465594783353266,0.2884110068366885,1.25051366861659,1.638676867266328
4,0.133332,0.07423009577573562,0.2642173139203355,3.1713520516432183,1.5177296847760744
5,0.16666499999999998,0.07403360816799262,0.13224280094206498,-2.0944336641057792,0.8285056243055094
6,0.19999799999999998,0.07491542553730751,0.10334637380380388,-1.3191957167269932,1.212176024057934
7,0.23333099999999998,0.07380628460932336,0.13236728711646223,-2.2501416821198403,0.9343932615841675
8,0.266664,0.07608297160442219,0.20967178036485234,0.036186190949849414,1.3741264823464647
9,0.29999699999999996,0.07483126902132453,0.22768676902568052,1.139977546579143,1.7978944821760523
10,0.33332999999999996,0.07185512689589088,0.2625363587640345,0.5422044117942665,1.9553781568755293
11,0.36666299999999996,0.07354513095753717,0.2692006884748491,1.9962410492857947,2.4677934820327665
12,0.39999599999999996,0.07212357508666682,0.27001680969503294,1.0363229663015332,2.426782422379758
13,0.43332899999999996,0.07429854896413511,0.2636120850644274,1.7068832782911625,2.5464795807109795
14,0.46666199999999997,0.07327350005564366,0.27430450663220884,3.566373757744704,2.575774112272766
15,0.49999499999999997,0.07197374053223322,0.2724832694963021,0.3773579497582927,2.1418492338165764
16,0.533328,0.07283978265162924,0.27070411025225005,2.6344532600584376,2.194410041130477
17,0.566661,0.0730616224210355,0.27536752042499946,3.8376807651312097,2.4245345304483235
18,0.5999939999999999,0.07289939784247723,0.29130507702017866,0.750751833800274,1.955095130029368
19,0.633327,0.0723232049168437,0.28008559023438007,0.7762979416873712,1.7941259147546351
20,0.6666599999999999,0.07221616813622508,0.28044685546930703,4.7878702023788176,1.9910695138998455
21,0.699993,0.07389949855482386,0.2813836239158445,1.8796456397995192,1.7340253671514174
22,0.7333259999999999,0.0723053505044223,0.2788296967866919,3.8095922724697444,1.9258923156850656
23,0.766659,0.0726912271842771,0.2709714108120087,2.3793621481173997,1.7894017309854564
24,0.7999919999999999,0.07206192045234253,0.19201616163854524,0.595293224300737,1.380588791776187
25,0.833325,0.07288260551455142,0.10055552448072862,-1.6622557134362321,1.4708640553549341
26,0.8666579999999999,0.07477250001117769,0.09810258520534115,-0.147282370770847,1.5301492493662738
27,0.899991,0.07379945478393485,0.10445530081485063,0.16219240237463525,1.6282849765302532
28,0.9333239999999999,0.07447255710598061,0.09997723332082215,-0.4335177666202588,1.4895681590200869
29,0.966657,0.07454337249182079,0.1478190432209552,0.9045437779256634,1.3680381491967621
30,0.9999899999999999,0.09331102143662517,0.22307734535892032,5.28337612208999,1.8303689160262564
31,1.033323,0.1354442962498909,0.25254817912925875,5.729924850193377,1.856223799891899
32,1.066656,0.15715636025878316,0.2635137071685393,5.241542036219803,1.9512427574169755
33,1.0999889999999999,0.16840256981343305,0.2671714217938126,6.139328383586897,2.0737716861534543
34,1.133322,0.17121869898670627,0.27506022818296605,5.4598616863790355,1.9422008455790336
35,1.166655,0.16533929971186992,0.27662711486170993,4.97799838186752,1.999320825752931
36,1.1999879999999998,0.16032438496832344,0.2751057906281215,5.677622111437884,1.9978648315418528
37,1.233321,0.15959844492208725,0.27929795172614186,4.770873571528146,1.9345762053924211
38,1.266654,0.14960393577317768,0.27365474360890607,4.64651351152081,2.0233889516396335
39,1.299987,0.14699632589257225,0.27027319716026155,4.904752272537813,1.8960343903534518
40,1.3333199999999998,0.14141699568198116,0.26287069472672203,6.8143430566214676,2.012918599336011
41,1.366653,0.14159837339713216,0.2631661263552308,7.943434506074465,2.0695660246900007
42,1.399986,0.143744335155423,0.2689809332776504,7.658961032083868,1.896925329009532
43,1.433319,0.14135179194605776,0.266411779004814,8.444179705565743,2.0966162778888995
44,1.4666519999999998,0.13339398444557263,0.2757630612082591,7.575032147756225,1.8472804238134524
45,1.499985,0.12613476430763884,0.27398636615682803,8.938374709912795,2.134550418243727
46,1.533318,0.12471393404385112,0.27050483798963953,8.469517294774562,2.2158465468452992
47,1.566651,0.12724355680547333,0.2736693523135705,9.670621932585536,2.4386984350157688
48,1.5999839999999999,0.1276739316234551,0.27434479720536237,9.896104123190275,2.718215454647716
49,1.633317,0.1230375135885717,0.27625236522570207,8.732769037573812,2.5850991175401856
50,1.66665,0.13110476378324665,0.27591591340026145,9.262438492429403,2.8508109990575683
51,1.699983,0.1234335482665985,0.27955973778371057,7.952599444600105,2.854284249018368
52,1.7333159999999999,0.12086479337976716,0.2675758241582039,7.794337609671149,2.7905975127153484
53,1.766649,0.11742406038922619,0.27526357758297254,6.148173164012855,2.6312294484404988
54,1.799982,0.1075046972517822,0.2806906150013184,5.281006496450043,2.4008992228083175
55,1.8333149999999998,0.09513651283924064,0.2785942884971845,5.6699294409096925,2.379495333165782
56,1.8666479999999999,0.07434490221810797,0.28408007019461773,3.6830973838765404,1.9806984217851988
57,1.899981,0.07418373973885521,0.2917183407899403,4.302594878235598,1.9525518545905935
58,1.933314,0.0724851952622522,0.2815235456439708,7.2777963736996325,2.2248076067656664
59,1.9666469999999998,0.07457686906453978,0.2839071409089509,3.603551566358898,1.6911633760111808
60,1.9999799999999999,0.0736790859298908,0.27945698056486207,5.046476679074138,1.8690987825077867
61,2.0333129999999997,0.07220565374802797,0.2713433831321192,5.588824740748611,1.8435943598489708
62,2.066646,0.07504393203479492,0.2762116784042653,4.500544208364657,1.713830025403492
63,2.099979,0.07458948006204605,0.27328587548514416,5.736219093393436,2.0295276207922437
64,2.133312,0.07606641890074764,0.27523022210404335,5.758166661947475,1.9525444448746196
65,2.166645,0.0762811444285249,0.2777670356914023,5.864022614203273,1.8407141236042448
66,2.1999779999999998,0.07456582727412915,0.2767804095562614,5.518607501353329,1.8907680463475038
67,2.233311,0.074799476768591,0.27539154289001894,4.989250735367525,1.7763787609553126
68,2.266644,0.07473220732918746,0.2540328425488814,7.707323001743493,2.1256245318933193
69,2.2999769999999997,0.07484426425235624,0.11572367480776058,1.6401242312134476,1.4093952999049502
70,2.33331,0.07336907470825073,0.1041001874663508,1.6190610918632602,1.61566418345826
71,2.366643,0.07475948556000385,0.12034957940115548,1.6568558996449259,1.6664185354967536
72,2.3999759999999997,0.07336887790646573,0.2049004415243214,3.975338458139144,1.6625168575756797
73,2.433309,0.09584261432215367,0.23565925483249114,7.264210053770598,1.718339271727912
74,2.466642,0.08547968909457787,0.25864718702101636,6.721054037659108,1.8183406234650477
75,2.499975,0.08253028997830343,0.26885648083728125,4.99413958449071,1.956809666243972
76,2.533308,0.09980798549641866,0.2701557316062614,8.537743696724375,2.125579388845335
77,2.5666409999999997,0.09310660694175116,0.2847211393066016,6.128085005580868,2.082290386347455
78,2.599974,0.09450073699023699,0.275948770405461,6.2132870319175595,2.178056812751002
79,2.633307,0.12397774357856155,0.27924087682080534,5.760234226239197,2.048531830958606
80,2.6666399999999997,0.12797026965798572,0.27287305317132904,7.314119107897274,2.1137657714310554
81,2.699973,0.13295046685042375,0.2782422258676694,7.208783073595706,2.0222987686755527
82,2.733306,0.1359551961246145,0.280330148133382,7.55255686839882,2.0390318146474344
83,2.766639,0.14007612560970595,0.2840643273285185,6.648929160127598,1.8033029268067475
84,2.799972,0.14356905165043554,0.28292855958271484,7.628931391310789,2.0385283180503744
85,2.8333049999999997,0.1383068155581336,0.2939808188209917,7.11405172939862,1.9673705911421198
86,2.866638,0.14917698583508698,0.27831134151217,8.654474847354807,2.225971017054215
87,2.899971,0.14847426800832808,0.2939322134153776,7.447934930126813,2.2578848891880328
88,2.9333039999999997,0.14280908509070808,0.2907572178938127,9.129457764681423,2.2603326749678114
89,2.966637,0.14469573884066778,0.29706430860691374,9.293877141451212,2.241752749745865
90,2.99997,0.18265453369097098,0.2879719849085779,9.202316286780013,2.2865339999142136
91,3.0333029999999996,0.17344118313844736,0.2843879087275912,7.771842533544383,2.2600975033360857
92,3.066636,0.18113820458872945,0.2939432694952506,6.299015792755649,1.9665902938963147
93,3.0999689999999998,0.18041737759653384,0.2846602198443587,5.40857021542493,1.869932337841692
94,3.133302,0.1340345122696396,0.27966356855213736,10.060327783558204,2.123988680443885
95,3.166635,0.07454511308874562,0.28719797823603266,8.076892545858234,1.8886726184828984
96,3.1999679999999997,0.07080179651499885,0.2707108420163501,10.604759018617994,2.215906150872783
97,3.233301,0.07156650988553477,0.20796451126583548,10.634064983200869,1.7560048586281378
98,3.266634,0.11002154913374577,0.09061645741934413,0.9226785767786954,1.4783586403040505
99,3.2999669999999997,0.13912993338569604,0.06890758054212984,-1.2769861066285342,1.3517109027073309
100,3.3333,0.13683552309810854,0.1052422391406388,-1.2199967356843164,1.299005046017404
101,3.3666329999999998,0.15075697109970612,0.2072901654042667,1.4731193792128032,1.7549911213539213
102,3.399966,0.1621837437199257,0.2533221186116168,5.6251622859229995,1.9232025689681989
103,3.433299,0.1717955826003988,0.2749250541473429,6.257866767910899,2.0240435674939192
104,3.4666319999999997,0.1770360070172374,0.2806500266231432,8.337643705049778,2.2831210171273253
105,3.499965,0.18339921355782984,0.28869412380044324,7.49344870679525,2.1677413369824126
106,3.533298,0.1838932648165778,0.2985501929956834,5.4467886842477515,2.079052790007384
107,3.5666309999999997,0.18170564040235182,0.3052439952348376,5.34496682629384,2.1306263334757753
108,3.599964,0.16938484901142686,0.2950569862801773,7.653496062912965,2.3879862205820377
109,3.6332969999999998,0.16118679812871103,0.30055622217851397,8.084425636629858,2.5841773119354334
110,3.6666299999999996,0.16005334750565042,0.3054064954732034,7.073387914838329,2.5483238118980105
111,3.699963,0.16199260745442018,0.3030279565651633,5.975017587767585,2.6216203743113824
112,3.7332959999999997,0.17395831158444564,0.29928342893841753,7.138706057753338,2.7320728514520605
113,3.766629,0.17370391571443333,0.30499693951720297,7.363545558324987,2.798992151982961
114,3.799962,0.16483664853733643,0.29272815646457623,5.807951518317357,2.96272402375039
115,3.8332949999999997,0.17788703175263132,0.3058789234742443,6.903624896767533,2.9191804753737634
116,3.866628,0.1913535241719839,0.30606932174497925,6.872712885798526,2.765481071754992
117,3.899961,0.221405491194161,0.31414176515694814,6.772368690108246,2.5681077893136552
118,3.9332939999999996,0.22710895743453632,0.3163879074358893,7.369559412382139,2.499612176886617
119,3.966627,0.22061845970069277,0.32210159162595553,7.394901821082744,2.572939483602034
120,3.9999599999999997,0.17264206777732946,0.3139474017165599,7.026209892905943,2.487532908936054
121,4.033293,0.13029944793637874,0.30064665776770155,6.035110820863694,2.2436985857275284
122,4.066625999999999,0.13355275005996803,0.307391386609436,6.187088737878227,2.249825017361271
123,4.099959,0.14788833783356067,0.2963968126109956,5.9000445031386235,2.245209477383901
124,4.133292,0.1642935222511176,0.29071231501885375,6.739178668989728,2.275941309722734
125,4.166625,0.16664754113158498,0.29171302683965317,6.551476604716953,2.377830625507697
126,4.199958,0.16063791806650052,0.2878923163772934,4.664398070306201,2.1083255201870084
127,4.2332909999999995,0.16356229798001945,0.2742407586706247,3.3408263324569005,1.8758979177625543
128,4.266624,0.15362807484841567,0.26950369441834476,1.121004569883398,1.3758276094601247
129,4.299957,0.1485521001640263,0.27617394070532675,-0.8237856195612185,1.1557585874512721
130,4.33329,0.1436521814228279,0.2872131549237713,0.6425053858047092,1.3264398185749056
131,4.366623,0.1368546163860512,0.28641458642371087,0.7885470113966141,1.3157006091726353
132,4.3999559999999995,0.13283540102437394,0.2976581302805076,1.6062439849056886,1.2089790737781139
133,4.433288999999999,0.13245506632519233,0.283763575222135,2.223621736027182,1.285990634709833
134,4.466622,0.1235055543139525,0.2955935335773123,2.489350219229504,1.1215506151380326
135,4.499955,0.10928597117078237,0.293202096989288,2.5652319765462717,1.113367596597607
136,4.533288,0.09405493416959297,0.16847279189075254,3.2195077277266377,1.374239831904181
137,4.566621,0.07605531343132241,0.10789464076365542,5.563302417943472,2.0186679304484767
138,4.599953999999999,0.07885980371059936,0.1328842628387926,4.521434506973398,1.8075827300432363
139,4.633287,0.07557571543552548,0.14556678208428936,4.524464451796735,1.5811816227445958
140,4.66662,0.07444977085064869,0.27209571465335314,5.747381978958887,1.0209642273946393
141,4.699953,0.07256247092445556,0.3151509857144479,6.059671622040246,1.0654336874657435
142,4.733286,0.07696228781246882,0.3149974589669451,8.438760669343946,1.4471896863678373
143,4.7666189999999995,0.076587660092976,0.32732687612991485,8.134328490600753,1.6236314913361285
144,4.799951999999999,0.07886389669188497,0.3221927480135149,8.354781308072901,1.706319209161484
145,4.833285,0.08912590332406821,0.292078509008457,9.678985807496941,1.3244546429677466
146,4.866618,0.07044006475676039,0.13040670747019809,7.343346125389462,1.6127083053608708
147,4.899951,0.08069540176838676,0.10890881437041486,7.073434405187132,2.0593394998156658
148,4.933284,0.07413024382425877,0.1911981973546525,5.509578610526261,1.7825431687471527
149,4.966616999999999,0.07418464692847772,0.22862974980445167,10.123883212574196,2.3149895853500717
150,4.99995,0.07678549278501239,0.26883827554637235,9.77602489755584,2.3417051055701688
151,5.033283,0.07415051429475682,0.2854509251590899,10.803031643601143,2.5973920013351264
152,5.066616,0.07163025197401295,0.28358623118439413,10.010238425354856,2.387487278429573
153,5.099949,0.0747296257029131,0.2831415955251433,10.48227894717602,2.7607058575410885
154,5.1332819999999995,0.07446533408179563,0.2946218238989463,9.003395220972896,2.6515453116873133
155,5.166615,0.07414984513879673,0.2914836147143574,9.717634925814426,2.9489079064242754
156,5.199948,0.07469082098576571,0.28785964010809073,9.255729724523942,2.822602969100159
157,5.233281,0.07645831296011424,0.28965760433810517,8.00539769400769,2.7208739782102676
158,5.266614,0.075569409435749,0.28887718971579496,7.222589813144789,2.7704220458701183
159,5.2999469999999995,0.07529199871978014,0.28643526718341183,8.499290078435243,2.886620193241623
160,5.333279999999999,0.07400440876006507,0.2831860533987604,7.845479659812552,2.7497010808992033
161,5.366613,0.07474926714296556,0.2927178903892961,7.168657183073195,2.712606631742368
162,5.399946,0.0754686387090811,0.28819792361374463,8.485891060975463,2.8848127079277757
163,5.433279,0.07552220411634153,0.29197794000843913,7.2161870366516565,2.705464422817893
164,5.466612,0.07689863879384685,0.2926694890657789,7.604544124079692,2.7824259914594482
165,5.499944999999999,0.07632955487014777,0.2914223266019234,6.970176925584574,2.7754902570139963
166,5.533278,0.077847086191894,0.2920025171626345,7.513639593018646,2.696352629468988
167,5.566611,0.07715813687587157,0.2857075873770518,6.568702732540198,2.584106615914579
168,5.599944,0.07719356801530103,0.28755332182317517,8.209692984936023,2.55950794154267
169,5.633277,0.07687144845905229,0.28588177772604445,7.286594853803454,2.3456492967994715
170,5.6666099999999995,0.07532604394196069,0.28935684994528044,6.534895272563374,2.367846709014686
171,5.699942999999999,0.07582079213199366,0.2915112865109857,7.741147518091961,2.3776589152656573
172,5.733276,0.07423238260917472,0.2878771809646591,7.01737423850643,2.396744521291343
173,5.766609,0.08629231478659491,0.2858027402575535,6.4930392349849395,2.1917107677001693
174,5.799942,0.07713356276669742,0.28609035952794326,7.860017744300021,2.2642669283327135
175,5.8332749999999995,0.08007127480645791,0.28652440043140226,6.194949183414695,2.1101339404603356
176,5.866607999999999,0.07761784302779305,0.2890067545840911,7.814230488894788,2.3513630698513532
177,5.899941,0.07882680460662615,0.29221838834399383,7.110448364896316,2.200802415820811
178,5.933274,0.08879365073900759,0.2951159562435942,8.300089198061178,2.342009768609222
179,5.966607,0.07618578990533609,0.29287256169353815,7.847080145363001,2.2512939884170553
180,5.99994,0.07536697375706879,0.28940693357883424,7.110587988960007,2.1396112574387622
181,6.033272999999999,0.07387289123607815,0.28984588446448933,7.933698702625636,2.179790842721734
182,6.066605999999999,0.07383253552713899,0.28801940661458836,7.657093030235031,2.2155248556402034
183,6.099939,0.07431516942153286,0.28419196949474285,8.3044516933315,2.197174439905965
184,6.133272,0.07324100500806237,0.2854776014969403,8.236850681207684,2.1520707626132842
185,6.166605,0.07361963412742321,0.2898703896823045,8.117409976924806,2.2609855472147835
186,6.1999379999999995,0.07354168246079114,0.28322157479416793,7.562717713660825,2.1054891958876114
187,6.233270999999999,0.07269963087062371,0.28298010610063606,9.478487531217192,2.2916149067766733
188,6.266604,0.07412324413095453,0.23173702290797432,7.543691287424974,1.9064942901825344
189,6.299937,0.0762961651155035,0.11285074179907206,2.499346103410269,1.7489560772229953
190,6.33327,0.07568331240490002,0.1322603113242501,1.2870859972510267,1.894330907587633
191,6.366603,0.07387040254911048,0.2079040308248384,4.881839220780475,1.9253812125433125
192,6.399935999999999,0.07423147763994102,0.22758417473863435,6.447105819139934,2.1224954728396925
193,6.433268999999999,0.07423778938974235,0.2504052172464075,5.86863239447044,2.0309075925232523
194,6.466602,0.07521941698667081,0.2599086715531153,7.489498334634811,2.2074437581414807
195,6.499935,0.07395487652296567,0.27611426446251497,8.000850489438648,1.9582226302605061
196,6.533268,0.0749390833852568,0.2795199290614227,6.976393494828115,1.9853611718135082
197,6.5666009999999995,0.07525937371108597,0.2852594140281104,7.4656542454927255,2.0094336134496156
198,6.599933999999999,0.07431881517873061,0.28510021413999104,7.8473646766480565,1.8933289181379385
199,6.633267,0.07505276549796246,0.28718127873831667,8.328774379421338,2.0506826533102673
200,6.6666,0.0744264422343871,0.28777245027038556,8.3134991806484,2.0433058993211084
201,6.699933,0.0735954133004664,0.2901145885481976,8.711984748730357,2.1692930870973806
202,6.7332659999999995,0.07397703693528707,0.29071712069236544,9.58245482841341,2.1380701696968707
203,6.766598999999999,0.0746839161171452,0.29303464478092506,7.081319783048851,1.9723795217999762
204,6.799932,0.07535078405845945,0.29183658362127063,8.208767308909518,2.2135344294876877
205,6.833265,0.07540182037138335,0.2897426071255863,7.729007337006251,2.2119119112686008
206,6.866598,0.07470321151316,0.28809747016710363,8.257080469614339,2.197548730955221
207,6.899931,0.07673324643207134,0.28446027346705677,7.409645424644149,2.1797038909750723
208,6.933263999999999,0.07512959813624165,0.24701368932170142,8.447855313763684,2.116313011410493
209,6.966596999999999,0.0817680460439874,0.12058924406459412,1.4040228698861732,1.5854118006599047
210,6.99993,0.07512580535676192,0.12217360479060052,2.0886523755503523,1.7991714152147773
211,7.033263,0.07456603924846165,0.17864802124447718,4.235131848761221,1.7293268075291275
212,7.066596,0.08887323210212363,0.23037914040448976,8.094078814667233,2.0469542185303733
213,7.0999289999999995,0.0916355577927941,0.2521754545792254,6.955626864871906,2.0164547184432853
214,7.133261999999999,0.08580477450390768,0.2630395426208169,9.804131870773837,2.0399243110244742
215,7.166595,0.08500185237151318,0.2774730278682738,8.095831978260208,2.034304574533774
216,7.199928,0.09067586375101698,0.28305942466847034,8.95873665075825,1.9249750043214866
217,7.233261,0.09114078195852221,0.284929805837389,9.813127397724724,1.9959045191297047
218,7.2665939999999996,0.08804467210361895,0.28767184797070444,9.293242718936087,1.9781548993761324
219,7.299926999999999,0.0975185844252224,0.2885810856161717,9.010437233723264,2.0461654255268273
220,7.333259999999999,0.08764381539065451,0.28822249717117926,10.284182281810702,2.05332512863547
221,7.366593,0.09998766927163692,0.2918776309201895,6.267557882972254,1.8764512216691691
222,7.399926,0.08503180114171904,0.28233520984398397,8.434883317786383,2.0463677149793336
223,7.433259,0.0781719292175582,0.28531144866907704,8.763532514831851,2.052414077360705
224,7.4665919999999995,0.09135972775093083,0.29701460834165083,7.3871787415428996,1.9747102935767988
225,7.499924999999999,0.07677581390896701,0.28545414484276016,9.701607289321533,2.1619945637153974
226,7.533258,0.09232970850483056,0.2918115777998169,6.276589520586551,1.915572871766048
227,7.566591,0.08380141753375599,0.2899692365600527,8.138678924014421,2.169454274791724
228,7.599924,0.07708115913029412,0.28343581194505213,9.491550224200006,2.3882711095195077
229,7.6332569999999995,0.09482140849427931,0.2900007479768857,6.67424199194829,1.9755578981916828
230,7.666589999999999,0.07582615831489653,0.28586701506322765,9.633034867158756,2.2238763340702263
231,7.699922999999999,0.07688229188662357,0.28816723652706233,7.665276276167543,2.251468258251376
232,7.733256,0.0820077535112201,0.28766395695379987,9.126558969839014,2.157900079173735
233,7.766589,0.07596238395550706,0.29164076199839584,8.714025396369804,2.2982123047675187
234,7.799922,0.08064410271736297,0.28879102985727034,7.30709635024954,2.1541327670338553
235,7.833254999999999,0.07557107383984452,0.28656912752981,9.930953639437828,2.2332557899431373
236,7.866587999999999,0.07443621593660564,0.29379999362128584,8.608675062320993,2.1845835373834053
237,7.899921,0.07560017962380855,0.2943329152924957,6.972539534486042,1.989579822155178
238,7.933254,0.07434557901998666,0.2880993198793703,8.28356905470357,2.0864631120052723
239,7.966587,0.07397408272417381,0.29394438658714866,6.26336966858806,1.9525620322315766
240,7.9999199999999995,0.07455613752808002,0.2745941370476472,8.308832297953957,2.084512314926392
241,8.033253,0.07539956710975146,0.15346673388157947,3.2717837295940844,1.3437765979418568
242,8.066586,0.07435076431751789,0.11766640506822812,1.965466449158292,1.925608334802971
243,8.099919,0.07547991304398244,0.09748086951799542,-0.0005176438840748195,2.3780899469966723
244,8.133251999999999,0.07811050827457816,0.10306920447547085,-6.259974043206564,2.471352431177803
245,8.166585,0.07868719553188779,0.09776347653918094,-9.07541879922661,2.7192622366515824
246,8.199918,0.08183583935225092,0.13605093727408096,-12.363316505338304,2.9405836811015558
247,8.233251,0.08332874186712234,0.1593558244170595,-13.640775931422972,3.4725677747711847
248,8.266584,0.08877713586689824,0.2130892467771211,-15.543002989437127,3.750405571250118
249,8.299916999999999,0.0902574235347635,0.2811336576287914,-17.02383505210138,3.8482623049624176
250,8.33325,0.08964745023374357,0.30861236198948633,-18.584573760666085,3.7492436135598886
251,8.366583,0.0906682910614928,0.3224697111088116,-18.734201790753502,3.7686819998952763
252,8.399916,0.09008367523036227,0.3359200228671411,-19.449574320797026,3.736407492418798
253,8.433249,0.09163460553650096,0.33537599126229767,-20.130266663753684,3.6688481503715806
254,8.466581999999999,0.09319950382096749,0.33218327827049876,-20.67085337260597,3.550968990193375
255,8.499915,0.09114434276073669,0.3437682290073725,-19.695812182605817,3.7993287799475643
256,8.533248,0.09317480091641857,0.3395543979193395,-19.86991312965146,3.5582301092392035
257,8.566581,0.09310969874615012,0.34389724656119,-19.668150689564992,3.580430731610942
258,8.599914,0.09091862256274887,0.3461753390157372,-19.690500328414455,3.5803695947659318
259,8.633246999999999,0.0905809166782603,0.32903940449011526,-17.69084183697472,3.65225000551994
260,8.66658,0.08939336220915435,0.32464701588762945,-15.50966421557169,3.9045188322371107
261,8.699912999999999,0.09156225383809936,0.31447737827950817,-15.50400214429086,3.782375415130815
262,8.733246,0.08841006601289898,0.3134672709316252,-15.018149315551106,3.811383088581383
263,8.766579,0.08722912686509982,0.3111532485480263,-11.103645768754005,4.39638241889526
264,8.799911999999999,0.08463001913663745,0.30918070314817747,-10.415251969024357,4.500672943041277
265,8.833245,0.08427850882740733,0.2833787280218514,-8.153797798664847,4.385147166119056
266,8.866577999999999,0.08160057952712627,0.17459296816785203,-11.504731068069045,3.634054578856304
267,8.899911,0.08297775160349395,0.14636490908834227,-10.624232772159292,3.444456748948828
268,8.933244,0.08016661932573274,0.1275168223628539,-10.488577365285554,3.157129597114267
269,8.966577,0.07608315105531455,0.14333275652137134,-10.0885656323358,3.0001474140833113
270,8.99991,0.07581793822114853,0.15243974975394747,-10.002928679581526,2.6923487797120114
271,9.033242999999999,0.07542630546343826,0.14570074960710208,-5.6571603040472125,2.614233201594513
272,9.066576,0.07813639401153771,0.20990709507003882,-3.2019455820099316,2.501780627075113
273,9.099909,0.07558471979892413,0.24287791769797606,1.4836831087818334,2.9010929104168883
274,9.133242,0.07582333330694416,0.2725091850497614,4.115502015862825,3.0538246034490872
275,9.166575,0.07601853047199396,0.29195571734318315,3.8227212566203113,2.729738732500406
276,9.199907999999999,0.0754686140813591,0.28224126666346877,4.895969042253442,2.7542790501888095
277,9.233241,0.0756507372736909,0.28194847826483693,6.004193460992748,2.4850987042725343
278,9.266574,0.07384302482991782,0.2802722424370441,6.662553840605994,2.230959384844432
279,9.299907,0.07515490100381242,0.2881016705642487,6.176906807195261,2.156007686851693
280,9.33324,0.07432367616826832,0.28849904572897356,5.256237171601026,1.839031431922276
281,9.366572999999999,0.0743471598027393,0.2764098119976313,5.567103284784616,1.9690486142834085
282,9.399906,0.07418356338885627,0.2830402806970356,6.498946171585726,1.900826292312831
283,9.433239,0.07336379744357781,0.2762367198431198,6.1113276024189105,2.0245669423928336
284,9.466572,0.07387450056904926,0.28398936786747203,7.070584197933453,1.955577510258312
285,9.499905,0.07255355100155854,0.288235932472362,7.405833000435476,1.8788682502693508
286,9.533237999999999,0.07363084732347187,0.2887875072638211,7.768272104626298,1.8694668891852648
287,9.566571,0.07294367801107018,0.2881962828394319,8.941967523613886,1.7044120116491943
288,9.599903999999999,0.07427015480777022,0.28728056062666935,7.575275955727747,1.5562084731232857
289,9.633237,0.07210336152715079,0.2829782826146259,8.751496434080398,1.5369262616957569
290,9.66657,0.07266362656602816,0.2744421700522923,7.67985468751264,1.3986825600141992
291,9.699902999999999,0.07266740835336559,0.27000248427048357,8.562207266735053,1.5872476340589765
292,9.733236,0.0729067186458008,0.2683765213154093,8.754083009328214,1.5987020021933096
293,9.766568999999999,0.07281674438971862,0.2706820529249669,9.075058075833127,1.6997372040624463
294,9.799902,0.07178769219576003,0.2768568125364347,8.213097303888288,1.580859219283901
295,9.833235,0.07208387270560235,0.27979779202109695,7.844492330196702,1.7951659036476364
296,9.866568,0.0739059780763671,0.27169850193424366,8.884066648207973,1.9491756985994133
297,9.899901,0.07209656683727919,0.28409876083187746,7.346772612370136,1.8195728499878943
298,9.933233999999999,0.07336896887463405,0.28230940403656435,8.267500560427258,1.9260754166625196
299,9.966567,0.07333335782924669,0.2776176650459941,7.519265735879995,1.9094068018267132
300,9.9999,0.07346030309954503,0.2786155097740025,6.775888313258573,1.812763033742045
301,10.033233,0.07243990165740452,0.28759322979829555,8.578095860016093,1.9088590745571814
302,10.066566,0.07391854832086263,0.2785215261226609,5.430755462783557,1.6648040517286857
303,10.099898999999999,0.07347171461160312,0.27964496544663375,8.561298253292211,2.0048175648487097
304,10.133232,0.07255000804243476,0.2924045270653338,6.853739139276208,1.8217740815021424
305,10.166565,0.07295302147217124,0.29001225963482924,7.193789333533941,1.9798105868796076
306,10.199898,0.07453938447010738,0.28876036259447674,7.572774273743947,2.006062562165154
307,10.233231,0.07345526904196033,0.29100275508334916,6.40922289991393,1.9662521105112107
308,10.266563999999999,0.07268049418182664,0.2766201931002041,6.3922465385851766,1.9175198387244001
309,10.299897,0.07438423597588992,0.2727486479181424,6.0523510567237215,2.1197786457123833
310,10.33323,0.07292697824816936,0.2795477656352754,5.230372344932324,2.0898287114847713
311,10.366563,0.07538444738462373,0.2777197397984861,6.33477453540004,2.335991307254996
312,10.399896,0.07471205146193186,0.2691963588595024,6.680014910578258,2.4201704280141163
313,10.433228999999999,0.07397575792937822,0.274345790194531,6.5201529439913575,2.383839491397474
314,10.466562,0.07541139702582746,0.27457315019557166,6.5283735473203635,2.441247965196429
315,10.499894999999999,0.07291832798044602,0.2778402758363934,6.894756829598547,2.5172746621683033
316,10.533228,0.07384129982322789,0.2728992682797593,6.938594349492329,2.544095932937379
317,10.566561,0.07406389937451564,0.27312667427551485,8.014282573434512,2.569399798148658
318,10.599893999999999,0.07489704609770996,0.22728436706543081,7.137211108075654,2.223053661649505
319,10.633227,0.073390714724588,0.11829426512240465,0.3720983013116573,1.6164044916389835
320,10.666559999999999,0.07521248095418269,0.12967186326468455,1.141821637062246,1.9576899005246085
321,10.699893,0.07516336768401213,0.20672075833237777,6.3193858466915005,2.247898923727327
322,10.733226,0.07390472028664917,0.2477976320707111,6.693940183864819,2.2147799972886757
323,10.766558999999999,0.07374034764136211,0.26189252720539635,7.015904061761275,2.22232186531316
324,10.799892,0.0745143895240438,0.28180170333049376,7.048665348480761,2.5372041885285084
325,10.833224999999999,0.07465685207638546,0.28167403231361043,7.0418501593522835,2.539174880685846
326,10.866558,0.07502702491174806,0.28402265109799785,8.012450918228128,2.647666367382306
327,10.899891,0.07531018852538998,0.2863211727859949,6.085720465586232,2.636735279960438
328,10.933224,0.07443387489340014,0.28041548663317073,6.986760242467408,2.697769350706961
329,10.966557,0.07530717425037907,0.2808254908151588,6.370071830920111,2.5336216691978355
330,10.999889999999999,0.07437020775060758,0.2878392566134951,7.193744424675509,2.6084929420772416
331,11.033223,0.07459073153711812,0.28813487759307177,6.379574643893275,2.550515511257304
332,11.066556,0.07567152418423109,0.28569354136256425,7.382781980438303,2.61247707889585
333,11.099889,0.0745380237212005,0.28494346782805957,7.714310917265808,2.554513893795951
334,11.133222,0.07476057054797437,0.28026434540184186,7.349884544707197,2.616189740453448
335,11.166554999999999,0.07480895551862941,0.28405527872729974,8.258951474220883,2.61707613528194
336,11.199888,0.07380517487979218,0.2819276532067234,7.273281892675827,2.5708353420478827
337,11.233220999999999,0.0749925843349001,0.28286317423887714,7.407279230999445,2.7710603166166994
338,11.266554,0.07488584589648539,0.27896239011048085,7.795680547102099,2.8642193308264092
339,11.299887,0.07525878708310499,0.2816406519491035,6.973652324361251,2.645888888071149
340,11.333219999999999,0.07575836890396699,0.286900902506236,6.782633595167193,2.6854295485511304
341,11.366553,0.07380568741990073,0.2794783977037626,7.472398678117411,2.702368311842141
342,11.399885999999999,0.07621125818536914,0.2604831969488454,7.110951992622059,2.706919059348711
343,11.433219,0.07454429874421091,0.14337544485658693,1.2753422018492446,1.7683005216254224
344,11.466552,0.07349224012399608,0.11823152899541634,0.6534431511195985,2.022269395691888
345,11.499884999999999,0.07402150200195129,0.18271978374322825,3.420766277959583,2.061239177842271
346,11.533218,0.07466220218739551,0.23317989436318376,5.192072262248313,2.2492465559732415
347,11.566550999999999,0.07565513879019005,0.26265953970276307,6.229502215632076,2.4633447043661367
348,11.599884,0.0740866978749041,0.2763751910553802,6.497883382490748,2.609896156933911
349,11.633217,0.07505483108822789,0.27487089156734296,7.315006180407061,2.687195768925348
350,11.666549999999999,0.07557996693656133,0.28166333161017104,7.48053336547563,2.785449128518354
351,11.699883,0.07576645042463127,0.2800762263103816,7.979303931759908,2.9020773365211454
352,11.733215999999999,0.074657112426984,0.2778601736314127,5.6921848642749415,2.470622486854382
353,11.766549,0.07421944068632431,0.27758868429933237,7.638306383757397,2.482840571688299
354,11.799882,0.07499878183096664,0.27710329680987605,6.25475622334366,2.3921266250543534
355,11.833215,0.07515770104067224,0.2802063079184135,6.752112185952041,2.2813311930310785
356,11.866548,0.07487832819233026,0.2810545570078361,7.613774898642491,2.4084780897710147
357,11.899880999999999,0.0760168544059166,0.2802230342628972,8.786481289270407,2.524490304346788
358,11.933214,0.0751054415249826,0.27985315160758995,6.605047622542553,2.3023947611900937
359,11.966547,0.07533307524953685,0.28077335392091435,8.108586230904747,2.4963041123146814
360,11.99988,0.07346751318648377,0.28120217310187845,6.876270965881575,2.361551875049868
361,12.033213,0.07535561162553678,0.28121703067239556,7.261634975911475,2.6017593777836785
362,12.066545999999999,0.07451137171408596,0.2830813601072416,7.982747608753566,2.590698243774458
363,12.099879,0.07511472658410957,0.2829714715622024,7.377109167279553,2.6548109606420534
364,12.133211999999999,0.07556957837301947,0.2776233921912764,7.678931287623573,2.7321073141983003
365,12.166545,0.07553846587725366,0.2824202114469052,7.221140732488991,2.7513356165000613
366,12.199878,0.07454085501051734,0.2862115330350818,8.22857763867941,2.8426311035672156
367,12.233210999999999,0.0740757171572135,0.29112093760535696,6.228463052200202,2.547341458100531
368,12.266544,0.0759956896506248,0.28474048197171287,6.441810138993209,2.6753722206195425
369,12.299876999999999,0.07466367985699993,0.28339773426156645,8.030797733955701,2.6578797408805435
370,12.33321,0.07565335851633949,0.28057482245868887,7.946954777843841,2.5948616648571368
371,12.366543,0.07458564243557841,0.24920394849098765,7.399928730584101,2.3516348001928407
372,12.399875999999999,0.07475999810822172,0.10036570494790109,2.6259012084878774,1.9961843910634662
373,12.433209,0.07393845897374951,0.10698842847283867,0.30581747059469183,2.0969394315882672
374,12.466541999999999,0.07472348053182215,0.1258716589235427,1.0290094202511393,2.0172712632293353
375,12.499875,0.07535614762761335,0.20829334441574332,4.4059237200508425,2.328813983907036
376,12.533208,0.07523226829537408,0.2396806906302258,6.507925357682167,2.4653462602551883
377,12.566540999999999,0.07425947904266422,0.25375496520818464,5.832109271076986,2.243637954476333
378,12.599874,0.07355256574935763,0.277109422736894,7.222449104249164,2.5268461152097808
379,12.633206999999999,0.07233932257500629,0.27685634292089817,6.024686304637891,2.663864848242739
380,12.66654,0.07459650014480687,0.2809179333891213,5.858593282117109,2.6482654428288077
381,12.699873,0.07451574333719269,0.28207744133801094,6.211661221617904,2.803515782771162
382,12.733206,0.07558949084296024,0.27526156571429017,5.852572391676575,2.607825136556621
383,12.766539,0.07486828188356737,0.27891966457388656,5.835822601101452,2.708294892079585
384,12.799871999999999,0.07591651681244996,0.27853780780085236,5.6234957504587255,2.6047753794577573
385,12.833205,0.07294439117521677,0.28487808736959835,6.5023234084916615,2.6319940032012012
386,12.866537999999998,0.07430020423959603,0.2800380271510337,7.405807984690415,2.874416921958449
387,12.899871,0.07395892313861317,0.28394649559041973,6.639068840055756,2.698622459535971
388,12.933204,0.07335854749643522,0.2808117747024804,8.143660712817832,2.8903454815315404
389,12.966536999999999,0.07335073897854157,0.28660419516431773,7.521055145378891,2.7841521335205384
390,12.99987,0.0744007105983224,0.2821759468322508,6.877377109916746,2.7747202756489253
391,13.033202999999999,0.07500551500853064,0.2868108796068354,7.17499894300483,2.8290535456462753
392,13.066536,0.07364202246510451,0.28413424953632194,7.0517798083701075,2.9362292476538814
393,13.099869,0.07471228698020828,0.28187683639339967,5.203076244052642,2.7769991880444813
394,13.133201999999999,0.074514570984368,0.2902500035078822,6.386215956397765,2.849768894656364
395,13.166535,0.07594935944101924,0.2831786770982261,6.6781627301387125,2.928505835549584
396,13.199867999999999,0.07515740841617614,0.2851629011441068,6.3126314284648455,2.901316223831298
397,13.233201,0.07411011606684131,0.28086772568771207,6.290031303039311,3.110498618049918
398,13.266534,0.07435304933071511,0.2810536416963164,5.592913203719428,3.14072979364207
399,13.299866999999999,0.0750127698139512,0.28230990187456456,5.767626656980629,3.0497569862770795
400,13.3332,0.07436715344445717,0.2688514342777817,6.204011298182372,3.0830497685043703
401,13.366532999999999,0.07492159768332532,0.22288533562700913,2.7405073563743754,2.616049266116147
402,13.399866,0.0755848986970114,0.1336355109431625,1.2276825329190453,2.5082514813902783
403,13.433199,0.07591713689558482,0.18744749959514506,0.6073851653873462,2.367227392188723
404,13.466531999999999,0.07482197912197523,0.22677314755336364,5.255154463127813,2.6272579671372753
405,13.499865,0.07534955421711062,0.25553273860807313,5.31948981529113,2.7485465810271426
406,13.533197999999999,0.07458224277032918,0.26778594821786716,5.713799339988852,2.812066781342092
407,13.566531,0.0735163521625146,0.2730417175132817,6.650786684835517,2.9627593813213084
408,13.599864,0.07522797904742802,0.27701895594625264,6.919746427585787,3.020485339409212
409,13.633197,0.07422198327345092,0.27633561743726426,6.681149369399018,2.982553933515909
410,13.66653,0.07540110258274228,0.2778441902542176,5.759168054335088,2.820666615484422
411,13.699862999999999,0.07540077229644657,0.2839322944133825,6.220572327266368,2.8601038477365215
412,13.733196,0.07383541479753436,0.28569080935977403,6.958809143724879,2.9307150799337878
413,13.766528999999998,0.07502456840628093,0.28186658330504566,6.745966268335645,2.7831747712043096
414,13.799862,0.07399468138313749,0.28065578301258354,6.686836514625674,2.630749545071568
415,13.833195,0.07488655446705529,0.2849296366519093,6.2891048398219,2.5257801151134918
416,13.866527999999999,0.07442275799502808,0.28310328607884583,8.217214349263545,2.700579532951691
417,13.899861,0.07333746738782629,0.2853111296234254,7.131036883794207,2.3477489396627753
418,13.933193999999999,0.07295695403730926,0.2886041272925295,6.042109843795568,2.2969378071542073
419,13.966527,0.07332958744758984,0.28210801537863206,7.688296961438867,2.389582732493355
420,13.99986,0.07429823213255046,0.2533536219152745,7.201222034061792,2.3467022972562575
421,14.033192999999999,0.07409380848711301,0.1395323420065817,1.710341410484856,1.5659402414511001
422,14.066526,0.07355219095078439,0.16310135989640878,2.2090149269864776,1.9097839402873642
423,14.099858999999999,0.07401095319841217,0.21691211562114837,7.331379734039556,2.2728910527785358
424,14.133192,0.07350735811387041,0.24223749686492163,6.663209291026573,2.146125092245852
425,14.166525,0.07449318715267815,0.2559995280713515,7.626975162859335,2.135466537136501
426,14.199857999999999,0.07435276779099889,0.27328654727713414,7.47584932693262,2.1700805238720045
427,14.233191,0.07435006582656942,0.27447281982281924,7.885547037074647,2.301269587350062
428,14.266523999999999,0.0741036596161479,0.2772833299288295,9.168642655317791,2.477748368961121
429,14.299857,0.0744175176482356,0.27691483366400127,7.761787009399791,2.584945013160071
430,14.33319,0.07407416629951022,0.2706199213388683,7.007453909232366,2.506546618996054
431,14.366522999999999,0.07420633415554317,0.2497193387008602,7.946477346425567,2.4624671861409024
432,14.399856,0.07402607841459233,0.15017237983944903,0.48312598089164954,1.5941894926023592
433,14.433188999999999,0.07439684645355978,0.10933220478533992,1.7941329443958405,2.2737614387934486
434,14.466522,0.07416564776048894,0.10558407932023595,2.6217037396145404,2.250916004147493
435,14.499854999999998,0.07416969197356973,0.1686621380537462,0.5776213322523283,1.6586736573039274
436,14.533187999999999,0.07435549897882192,0.25984196100741336,-1.3864752264837503,0.9407460626592868
437,14.566521,0.07445026102593752,0.28613373835161116,-1.3922479136009966,0.9403916013891117
438,14.599853999999999,0.07415504719123785,0.3009554963481387,0.6093884141053525,1.4078477310188535
439,14.633187,0.07424367831775172,0.3117824987091856,1.0760853592533752,1.4340930936347873
440,14.666519999999998,0.07445777838931646,0.3059355775914825,0.699591745184417,1.3071706899330506
441,14.699853,0.07372494271951467,0.30113072722741296,-0.019733600283781082,1.2761333571038598
442,14.733186,0.07485268667839819,0.2669308000800849,1.7934905967180732,1.181557592431608
443,14.766518999999999,0.07421300021006663,0.11002817725877054,1.9079302657869757,2.0625102454148716
444,14.799852,0.07338935071458341,0.11661123058015965,0.13745670886035483,2.1118249860817158
445,14.833184999999999,0.07477356139642587,0.11344074055796213,1.4413475042737642,2.369963498568723
446,14.866518,0.07468484672922154,0.1464080856083098,1.360949701582313,2.219715289566423
447,14.899851,0.07515006735913395,0.2058000234725092,4.602156932578813,2.3956108949065826
448,14.933183999999999,0.07477007268316649,0.2469734794624403,5.151451490570188,2.5894103090607494
449,14.966517,0.07414753238067709,0.2719973960569196,5.8512941652042345,2.639709182370126
450,14.999849999999999,0.07519386936708528,0.28141504744936735,6.916797575493518,2.8888873154047223
451,15.033183,0.07490227319444381,0.2806168143002712,7.550877924825602,3.0859985917402724
452,15.066516,0.0742276457355083,0.28332535991085783,7.828205614641567,3.0843147084378613
453,15.099848999999999,0.07421492720643567,0.2865580554424729,8.444111125710462,3.1638228349670032
454,15.133182,0.07506749616348099,0.29327985624759534,7.351674573955407,3.1236951392092607
455,15.166514999999999,0.07419454592471059,0.29807794780007435,7.752516833031708,3.2859276658235923
456,15.199848,0.07518994426999295,0.2942966632695486,7.124958913888777,3.205692773073091
457,15.233181,0.07578448789025005,0.2968914564011307,6.805557715402414,3.105469332458705
458,15.266513999999999,0.07532207327751268,0.2996096395073778,6.498934598440348,3.040245225232376
459,15.299847,0.07631120394147804,0.30052635719767395,7.057280408599997,3.186171357844506
460,15.333179999999999,0.07488034318878264,0.3009334861362347,7.239106784955348,3.398224917492755
461,15.366513,0.07421836043434003,0.29216560516918866,7.231669084758321,3.4006390580541628
462,15.399845999999998,0.07547658710258834,0.28778998036378556,6.4205776782645785,3.289547677976885
463,15.433178999999999,0.07534942671433952,0.285764866289638,6.691438432924058,3.3733666739019754
464,15.466512,0.07557079719428028,0.2892867294726382,5.969348279613669,3.1299303263759293
465,15.499844999999999,0.07588988189868866,0.2866553012066131,6.033375521927402,3.0122799834151763
466,15.533178,0.07559886773286488,0.2919285754421789,4.743290635039001,2.9109893702089007
467,15.566510999999998,0.07550389524947232,0.29102339441657055,6.262083388727901,3.006195700079329
468,15.599844,0.07456293954514263,0.2888288734348877,7.547348701888578,3.0129517942499904
469,15.633177,0.07511035267121968,0.291196922692299,7.854336395321015,2.977135173206161
470,15.666509999999999,0.0745022839004387,0.2888633555567332,8.927471370348787,2.955204934100715
471,15.699843,0.07487092011169028,0.28323420989590675,7.619641582499917,2.8899199284410013
472,15.733175999999998,0.07357927285256306,0.28459530227987584,8.52439589349477,2.900586562710246
473,15.766509,0.07494764404159093,0.2817023223938009,7.148804856842689,2.7649986239895328
474,15.799842,0.07487696796809795,0.2798164102429911,9.660619967845719,3.1029805955336833
475,15.833174999999999,0.07465462359765064,0.28295955932057326,8.305743077943655,3.090218756777095
476,15.866508,0.07429521212997504,0.2853322965862143,6.253859035204829,2.805904986518313
477,15.899840999999999,0.07397481218671545,0.2910868370727191,7.856494089529975,2.9562456605034453
478,15.933174,0.07465182576004865,0.2823565044123276,7.385244337997288,3.04870291446773
479,15.966507,0.07469420873389722,0.2939040240726874,7.285107115722684,2.997893903516464
480,15.999839999999999,0.07445789313021021,0.2838749609800354,8.290401781741656,3.0388639249606557
481,16.033172999999998,0.0739535043228449,0.2804560380297614,6.710843140805157,2.8642298578925773
482,16.066506,0.07378914065866575,0.25608848549868496,8.614710320219103,2.734391551038615
483,16.099839,0.07417012425295515,0.1146181888093678,0.8454603461574136,1.9150397937701704
484,16.133172,0.07407425902100982,0.07734425748661816,2.714686828016003,2.61412368559024
485,16.166505,0.07462642528884018,0.11254982836105612,2.019488464986422,2.3408873749678465
486,16.199838,0.07581205859495144,0.11924972233853964,3.306555185003868,2.4121286809721534
487,16.233171,0.07431152659755998,0.15049508926606647,3.2023976160149945,2.256752580332735
488,16.266503999999998,0.07530762196783157,0.22650423342772275,5.040156590248445,2.491732785454914
489,16.299837,0.07448927842298785,0.24855994327716502,6.5554484497634995,2.7569810948397455
490,16.33317,0.07519244548184993,0.2637729591494514,6.18320662461849,2.6078943507855015
491,16.366502999999998,0.0752289277786708,0.27223926047938607,6.969568366392609,2.903846018584503
492,16.399836,0.07515123613560283,0.2766653639874873,7.469018275480683,3.07712232373358
493,16.433169,0.0760318977013916,0.278659518139738,8.166900522142136,3.0959072111597195
494,16.466502,0.07399056520842036,0.27919707735433874,7.378550402278408,2.757593833094279
495,16.499835,0.07470463552515545,0.28545744585591515,7.317150289299966,2.807704231607161
496,16.533168,0.07475177433112495,0.286962798677454,8.02175125039423,2.8758563228350718
497,16.566501,0.07410009992727054,0.28550232664728187,7.282014990224546,2.8815981727064286
498,16.599833999999998,0.07432359127413746,0.2865485753186532,7.965831550613403,2.8377686721413466
499,16.633167,0.07360295556564976,0.2918367870426859,8.355739974825404,2.9481278747324247
500,16.6665,0.07438077098278106,0.29079993253917447,7.538271251273449,2.7666313919300447
501,16.699832999999998,0.07476552093002964,0.28765808997566367,9.135122784124686,3.037452270318566
502,16.733166,0.0749638553375683,0.2799275225981185,7.523950173411901,2.9122523545829275
503,16.766499,0.07466804351265463,0.27400943959448415,8.70506561434063,2.818278359716528
504,16.799832,0.07362535332140148,0.2594687475763379,6.224423291573578,2.4754727218845916
505,16.833164999999997,0.07524327766750688,0.26804316878951,6.935910134064159,2.5283147895934017
506,16.866498,0.07548253516069794,0.27577211677313135,8.852933515681986,2.754254406346722
507,16.899831,0.07478476008602762,0.26861079865916443,7.919031075510924,2.6686428852038477
508,16.933163999999998,0.07370708855351639,0.24805528264401516,7.539257933818802,2.4075131871431417
509,16.966497,0.07365294203019399,0.11964156910442984,2.5305095021821393,1.7291239070592108
510,16.99983,0.07250473608078725,0.1056358965769969,3.3184309508593723,1.9950058358659588
511,17.033163,0.07205252521326318,0.15901855556572458,1.6998442305772152,1.825154606442853
512,17.066496,0.0726587663505132,0.21296024487388954,6.632328886195366,2.112967376741274
513,17.099829,0.07367131522189252,0.24571185223865297,6.145032720593859,2.235738221934005
514,17.133162,0.07347674595539433,0.26954604956855277,8.138662637814083,2.450690885650812
515,17.166494999999998,0.07347234740903898,0.27199667065494776,6.855879026439334,2.3261856581248543
516,17.199828,0.07354549891988045,0.27832169502671034,8.95881775540651,2.4960748363278658
517,17.233161,0.07382978229352936,0.28095227723556637,8.425553444606336,2.6870879421268916
518,17.266493999999998,0.07344674984978501,0.2773906972582111,9.496440843351191,2.624533820381259
519,17.299827,0.07433335488770913,0.28113674353670515,8.983677852251821,2.6285584746238047
520,17.33316,0.07467001717225522,0.2785418688453185,8.723802268944562,2.5112513730562704
521,17.366493,0.07388079017165665,0.28450185079165463,9.812679130326568,2.6209093450328487
522,17.399825999999997,0.0744653675064914,0.28299840524342046,9.250766772145328,2.564856174129227
523,17.433159,0.07424162541570849,0.2840431699736422,9.419458799565897,2.642895877799759
524,17.466492,0.07426020338834377,0.2854851006035849,9.32944939470102,2.5132879653868754
525,17.499824999999998,0.07392505906905464,0.29000197778651937,8.570688495116002,2.6339311576691484
526,17.533158,0.07353014799586129,0.28610132744621697,7.725308982937278,2.588272983999897
527,17.566491,0.07386659759745212,0.2689428700995423,7.663017555153116,2.358081766335638
528,17.599823999999998,0.07406848818074437,0.17635372701280722,2.369604921412709,1.5710332643633826
529,17.633157,0.07374328116097596,0.13631849066606727,1.2522296134722612,1.614610084348706
530,17.66649,0.07290437862575856,0.19155114686491892,5.03536438275618,2.0434744344555904
531,17.699823,0.07430646340566369,0.22485033953519568,7.317536480973077,2.1996976553134457
532,17.733155999999997,0.07329434917166024,0.2615485573904467,8.066640222910912,2.4306493806610234
533,17.766489,0.07397995262865939,0.26357502593504606,8.122506462205765,2.438565300278145
534,17.799822,0.07469997816454271,0.26969811274153427,9.21876405640545,2.664091021423268
535,17.833154999999998,0.07407106388521101,0.27367150101517723,8.114039857500666,2.5885001782297756
536,17.866488,0.07425544741066703,0.27686099268371633,8.896052639284363,2.6145330452141264
537,17.899821,0.07503571335906319,0.2753773361729607,8.08466888762595,2.6495298805448746
538,17.933154,0.07408839772842413,0.2817112428725543,8.196056015610164,2.733294451345918
539,17.966487,0.0743437430483437,0.27802959724288967,9.041412405673064,2.7515661505737405
540,17.99982,0.07544549999160981,0.28518829762906084,8.822588421431933,2.966892431876825
541,18.033153,0.07447320840047557,0.2812931337314256,8.0026281449896,2.9401006452893768
542,18.066485999999998,0.07363724412333973,0.280391866879096,7.330658813485582,2.842089627258771
543,18.099819,0.07481391848831012,0.28681886027993053,9.264388070855825,3.249399772221635
544,18.133152,0.07460673416047515,0.2856010190951462,7.343180228926575,3.078744885205979
545,18.166484999999998,0.07554462223838365,0.2869652053451087,8.191364944642576,3.1905156935820185
546,18.199818,0.07344423807604288,0.28229343847494115,9.632898454763092,3.1928640264074906
547,18.233151,0.0744689216454083,0.2817016532824228,9.282177185178002,3.146913806116721
548,18.266484,0.07440052849232047,0.2821110408057145,9.658734917204617,3.0729092512788685
549,18.299816999999997,0.07521900953643638,0.2894103052985509,7.90628589020159,2.822424842305686
550,18.33315,0.07423941415083335,0.28207004111066303,7.108837249786381,2.871978405023912
551,18.366483,0.0740383227611756,0.2820312039533928,9.86806501052838,3.057933916160092
552,18.399815999999998,0.07320468341262279,0.2826742492866312,8.26614406633264,3.2069947178732208
553,18.433149,0.07473058195349445,0.28461712575789916,8.362921055585723,3.246141646832618
554,18.466482,0.07343370054851636,0.2847192672077279,7.783628346858955,3.1750509982494637
555,18.499814999999998,0.0732336693907621,0.2850473227305148,8.671290616389305,3.2312661732529637
556,18.533148,0.0740573045437727,0.2811745826530583,8.788517363276343,2.9859307030600837
557,18.566481,0.07302312803639803,0.28267185276152285,8.663753405341115,2.8640998934415824
558,18.599814,0.07279326296728932,0.2775480584479389,9.897555789286866,2.9065128278243577
559,18.633146999999997,0.07338374967052175,0.28226814151145735,8.929514868023354,2.7120235729342403
560,18.66648,0.07399652783368267,0.2734816909941903,9.525377733165037,2.748564911086292
561,18.699813,0.0744695256971152,0.24052345698480293,9.185275351405195,2.5307421761153504
562,18.733145999999998,0.07132742401252555,0.17118226579553592,4.241057471074025,1.8284260747916738
563,18.766479,0.07187352648406171,0.12881012940160708,1.9079675100058457,1.928258622188044
564,18.799812,0.07254230136908833,0.11638184429550004,3.3330876992388303,2.5045779059866837
565,18.833145,0.07294183432985425,0.08975017191596844,3.5301590789009185,2.6675379803787007
566,18.866478,0.0743118203121275,0.09010250926660893,5.496230221336973,2.900207316949501
567,18.899811,0.07328827316063481,0.09904169931134307,6.069215148162802,3.0763267065426985
568,18.933144,0.07385050876370243,0.10242976513854166,4.90304160145854,2.648709948141365
569,18.966476999999998,0.07354811560858554,0.11392101792856749,3.9091425500645753,2.410812752285363
570,18.99981,0.07331933169429337,0.18929193772896277,2.0103673653120406,1.543120857966767
571,19.033143,0.0725387623917506,0.2733421530509811,2.3359855400155136,1.3200236351633547
572,19.066475999999998,0.07405120246454763,0.2887493170297995,2.581670141265233,1.3569843166630495
573,19.099809,0.07419460200566147,0.2988187348954826,2.6475132390340868,1.3997248090274637
574,19.133142,0.07229180506646926,0.30211782523521924,4.306179165287619,1.4790281627766564
575,19.166475,0.07485494810714359,0.30355939378515373,4.256517105262236,1.434455741023012
576,19.199807999999997,0.07432790654197104,0.2984199511452078,5.471664977603516,1.5310656354391776
577,19.233141,0.07406407778704956,0.30737993672164377,4.6446838363745435,1.4890449323728654
578,19.266474,0.07179182183385255,0.3111856185549198,4.455916074902372,1.4808683293366605
579,19.299806999999998,0.0731416415174011,0.3214169177850378,4.2891484711316235,1.5184078771320104
580,19.33314,0.07343803305261395,0.32355440338959807,4.104364504368831,1.6243365587138638
581,19.366473,0.07467911757435282,0.32271556952136315,2.6393970553695025,1.4858400634750355
582,19.399805999999998,0.07403830186487337,0.31834176457524643,3.034904862109226,1.476435413252262
583,19.433139,0.07451948073014751,0.3218543874522288,2.850515530139055,1.5372846063201655
584,19.466472,0.07341711252580087,0.3102077086375523,5.04937351732276,1.657597353150661
585,19.499805,0.07339218670535415,0.31017128017916107,6.088324114399094,1.8296231484926322
586,19.533137999999997,0.07283841930666753,0.3118482057073291,6.090076616721082,1.9375550204868563
587,19.566471,0.07379974506390492,0.31396176359141936,6.061934929363487,1.852026681385929
588,19.599804,0.07360530085233814,0.31316175397027546,5.344054586191945,1.7091614677696572
589,19.633136999999998,0.0736033014069217,0.3040941369811724,4.210816441973276,1.3704830280564844
590,19.66647,0.0702097958537051,0.22332415187168675,1.38636810199544,1.1955431562617571
591,19.699803,0.07046560576820614,0.11185949718967741,5.5154657261117555,2.2837319788994144
592,19.733136,0.07280988525962516,0.10618691146353101,5.555014604592752,2.5542204615666946
593,19.766469,0.07120510542784579,0.11647042338072255,5.730244432398212,2.6323752595721563
594,19.799802,0.07185878146776523,0.1274242161863727,6.257570292284157,2.613277859659581
595,19.833135,0.07084420320846603,0.21110030018608572,10.68301268941121,2.8538715227479705
596,19.866467999999998,0.07230284789679672,0.25155552372913764,12.438430842562225,3.103321375521035
597,19.899801,0.07061848176493411,0.27683884189125807,10.82831204836839,2.9773359073466503
598,19.933134,0.07044802904866442,0.27677251639355016,13.302792870846211,3.395081446424401
599,19.966466999999998,0.07120684262952226,0.28828528023985817,12.172291089698666,3.348919105292764
600,19.9998,0.07172919695546967,0.2902930250441847,11.521480115329506,3.2116928361639028
601,20.033133,0.0713383390640715,0.2988999616087259,11.712745542834112,3.1156968380931143
602,20.066466,0.07128574140092771,0.2960293137238855,10.560582170880915,2.914147571812692
603,20.099798999999997,0.07081846035212536,0.30653319212420804,10.263234698917799,2.8567945162373487
604,20.133132,0.07189426301207645,0.2994775948509959,10.759546797209312,2.8124479594284963
605,20.166465,0.07026153598262713,0.30950412891663714,12.011509511778707,2.909801708403288
606,20.199797999999998,0.07113643390694434,0.30916578301391073,11.53198925428779,2.725069217665695
607,20.233131,0.0709652832458535,0.30425665860944034,10.588552232870763,2.7736038386816926
608,20.266464,0.07139242607153988,0.2979031037760524,11.494129585974603,2.8136626216392995
609,20.299796999999998,0.07210143748874234,0.2925269280062218,10.817581627660086,2.697892873293811
610,20.33313,0.0868586938637398,0.20626810926536646,9.599731510338229,2.2343988434853235
611,20.366463,0.11256898873283097,0.11029704838159632,3.8474675435386847,2.0715029675570906
612,20.399796,0.1192768216770376,0.10256470291726874,3.290266409102365,2.028926476300919
613,20.433128999999997,0.12102168232791384,0.09801761726657968,3.816174142000119,2.0463320783672634
614,20.466462,0.13947408803072645,0.09363565527674175,4.952408365029347,2.112408445638928
615,20.499795,0.1380483861597629,0.08391403521184326,6.472614758943874,2.316553220851071
616,20.533127999999998,0.1247053447562401,0.09481188506181573,4.617909258433664,2.220564511235048
617,20.566461,0.111551897706253,0.11212546536658978,2.5175835424180915,1.9768044410166101
618,20.599794,0.1103087729722671,0.14633954335629362,1.885705205198619,1.9410277746109292
619,20.633126999999998,0.11016579355276696,0.20168564597561908,3.3461622225680223,2.0102738848251818
620,20.66646,0.09770864654064486,0.23256112447210028,4.989467239192786,2.31192000908456
621,20.699793,0.08506905547858533,0.24381393895388687,4.239513192699557,2.288434064972155
622,20.733126,0.09520567328812927,0.25835862622726724,5.147869145631164,2.452774403079179
623,20.766458999999998,0.08259604651635043,0.26391177803380006,4.146205540384719,2.2721384510718665
624,20.799792,0.07598473355064263,0.2661232111436016,5.456894227547633,2.339898085862273
625,20.833125,0.07866370527301594,0.26836100756598735,6.03713723907899,2.355009617573359
626,20.866457999999998,0.08107332135082677,0.27382118240826653,5.6206294327868385,2.1311441975479677
627,20.899791,0.08486409324534555,0.2763338595438974,8.186711344311915,2.4740592671948343
628,20.933124,0.07703804303804872,0.27756696207349807,5.959639162763646,2.4083731935249038
629,20.966457,0.07693737236504662,0.2769937410309097,6.761887122859237,2.4943325008759496
630,20.999789999999997,0.0859588910656843,0.2791289968003525,4.282961908606695,2.3331111599976158
631,21.033123,0.089943594144072,0.2831343108706531,6.645334881387575,2.5215710620945577
632,21.066456,0.07631153384063372,0.2819193711685682,6.732968724647541,2.4893473163131956
633,21.099788999999998,0.09022937715055658,0.28075587267307883,6.402230788595418,2.6483822590096877
634,21.133122,0.09937752850863986,0.2914428403723875,5.215305062139249,2.4588785989105895
635,21.166455,0.10899686675735867,0.29554106429147775,3.395497428967081,2.241220078287752
636,21.199787999999998,0.11505841581609902,0.29339214016901405,4.799794314108921,2.248783841072669
637,21.233121,0.12396728409734067,0.28727336669140313,5.53096654094409,2.2435112312075542
638,21.266454,0.12227652566862279,0.272926005148047,2.3647126842898336,1.727843102411689
639,21.299787,0.14294894112817366,0.28650703952077483,2.6297704341491506,1.715354730819012
640,21.333119999999997,0.14142146691535104,0.2825200950748591,3.6777481753817516,1.7101091139611038
641,21.366453,0.14062970028561445,0.29033341862727674,4.4806629218957905,1.6727686350454711
642,21.399786,0.14860327082513083,0.28902507311830916,7.278207546097153,1.7526766653207346
643,21.433118999999998,0.15818880156687126,0.2555863158563797,7.6481451554100195,1.7213873433048485
644,21.466452,0.17425971831624607,0.245214791322177,4.9984148984539525,1.311059093764806
645,21.499785,0.17974748036617955,0.19144250752598474,-1.1185451575125065,0.8698116501034683
646,21.533117999999998,0.20371007128572782,0.10761310738609192,-1.0857499530883592,1.0374514801149932
647,21.566450999999997,0.23559980516106319,0.09962323612798088,-2.4662922334345967,0.7236157957394385
648,21.599784,0.23408484134907656,0.09507219259072378,-1.7372763978061934,0.922726936332458
649,21.633117,0.26613561891358545,0.07582215633621642,2.6575317021572014,1.0082201603679506
650,21.666449999999998,0.2950541697438937,0.08489903024006112,-1.2659775624772698,0.8278991304555156
651,21.699783,0.32816790088547165,0.07917993478973945,1.0242803505089804,0.9805680125328448
652,21.733116,0.3526562022907275,0.07473048896377424,0.14603126161506405,1.053565152769798
653,21.766448999999998,0.37895735700279454,0.08193271001260377,-0.713414795851639,0.8183758914346396
654,21.799782,0.40360946482274146,0.0896706840149187,1.1182698128833224,0.7607234210220996
655,21.833115,0.41020420390565654,0.09228264370655956,-0.321532376080941,0.6666621083396073
656,21.866448,0.4153838440397892,0.07977153902834674,-1.3578944647570286,0.6759746516546314
657,21.899780999999997,0.4266612071252255,0.07288860790882354,-0.7653641400624377,0.7418499927037214
658,21.933114,0.45282120410448023,0.09328366250006125,-3.207186438544121,0.5205984978946249
659,21.966447,0.4655919271380453,0.07974975977476306,-3.142393245359314,0.8592714885234335
660,21.999779999999998,0.4585680383714828,0.09697043967753553,-3.3056411518040325,0.6726746366556727
661,22.033113,0.46789179482826676,0.08539207351662735,-3.7828756104000587,0.6153423375905025
662,22.066446,0.46355458511080005,0.09317621087615302,-2.7074724173737024,0.630204622978111
663,22.099778999999998,0.47257285151620554,0.1021498335834318,-3.0522148944187184,0.4996714354453937
664,22.133112,0.48913939743223384,0.10692474889037543,-3.3221607121124106,0.8545797541331487
665,22.166445,0.5039418865992222,0.09673077680512836,-5.3645417176093835,0.7993297934035458
666,22.199778,0.5138893375242644,0.10962858349485453,-4.578639594005982,1.0111221849761411
667,22.233110999999997,0.5137994933313264,0.09961021152868446,-5.408328884826413,0.8763978684030757
668,22.266444,0.5027312358749653,0.10083753903340642,-6.396552090998321,0.8391899415496319
669,22.299777,0.48845465762537565,0.1004214628629784,-7.4399369869670595,0.8502104304136119
670,22.333109999999998,0.4761791120871853,0.10036680240110255,-5.583226388654326,0.9312689129519223
671,22.366443,0.45056477083556495,0.10313896582447868,-4.566547177709923,0.8579413768615999
672,22.399776,0.44939809521761165,0.10737496178236725,-4.021172332289409,1.0091975511693383
673,22.433108999999998,0.44140336376733075,0.11542725439532808,-6.021536770945731,0.8274120318265513
674,22.466441999999997,0.4336256116923178,0.09937460686402351,-4.616475237122827,0.7278097545056262
675,22.499775,0.42801699574347896,0.09847591242861811,-1.6060528828616882,1.1024958979951631
676,22.533108,0.41282727707569494,0.10985906816344246,-3.046196176145632,0.734637952872457
677,22.566440999999998,0.41916888049422635,0.09527450625522971,-2.489536360544026,0.8226120870673068
678,22.599774,0.411871456840022,0.11158885270651078,-3.1796580840623254,0.6859384447299893
679,22.633107,0.4070802742932221,0.10812309605848569,-4.261494434990784,0.5984446175483017
680,22.666439999999998,0.4030420814985824,0.1097052372032833,-2.9253152790307992,0.8215860496612825
681,22.699773,0.4010790379546848,0.10647982341210444,-2.1529154313279784,0.7494786943977565
682,22.733106,0.4129278578416347,0.12295788645117145,-2.4850917660278404,1.0505880184862422
683,22.766439,0.40808555086863213,0.10631128836349615,-1.5115677827398653,1.3647307603210386
684,22.799771999999997,0.4157135647854871,0.10784224034472517,-1.5560506510411154,1.70190029256835
685,22.833105,0.4053380502912384,0.10890979299227266,1.0550292777738246,2.0097715925803668
686,22.866438,0.39586021364934904,0.10381010231491666,0.5140367814089456,2.2650680771733933
687,22.899770999999998,0.39563325178353775,0.11005299841408397,-0.5724020285322994,2.2906374792857527
688,22.933104,0.39030822912169666,0.10578089725410324,0.378685895189975,2.594208181733384
689,22.966437,0.36636671587204883,0.10162449236793478,0.15072095827174595,2.671763064560631
690,22.999769999999998,0.3534403945547531,0.11276820328983041,1.075047607580168,2.514178254016824
691,23.033103,0.3190822134891179,0.12189787032813149,-1.095668366743206,2.2618632539186816
692,23.066436,0.29274481283548714,0.11759773803940031,-1.6163885567345813,1.9042866825006626
693,23.099769,0.251373461120871,0.11848592680405208,-0.3326582587516799,1.931854841347944
694,23.133101999999997,0.22508816728083791,0.09844900578010445,-1.7915541363828893,1.7040028616299228
695,23.166435,0.2002726904223192,0.09409066222666573,-0.8185641648922444,2.0722831678896867
696,23.199768,0.18450794441783713,0.09489591658635255,-1.1113994002210263,2.169626652043426
697,23.233100999999998,0.1750675240662165,0.09273136002927868,0.34604865849829614,2.1859290044600432
698,23.266434,0.17210687673858968,0.09592138962412654,0.19685169579794823,1.9815605114174601
699,23.299767,0.18372606565276334,0.12295155757730883,-0.9299117817206092,1.9306014358193526
700,23.333099999999998,0.17403574506009478,0.13539980435283108,-1.5983934206501254,1.6743685602999945
701,23.366432999999997,0.16923834157425172,0.14769253005881885,-1.4056734965539401,1.5959840149955
702,23.399766,0.16678055123893043,0.1926877299041091,-0.5140553742782179,1.8794564242861374
703,23.433099,0.1709811106578882,0.21318873353880352,-0.40534105740814486,1.9375956480844472
704,23.466431999999998,0.17369338809260632,0.24197944395587187,-0.1357218728041097,1.9274740781212516
705,23.499765,0.16953171572680165,0.24453467010064053,0.7477393778674326,1.8559520452712583
706,23.533098,0.16421100771216315,0.2676315250915444,0.6812977153412901,1.79702751016958
707,23.566430999999998,0.16255474962080788,0.26672898232894393,1.7793520787558685,1.9220544931125014
708,23.599764,0.16062461557271696,0.2694315992244811,1.1776608101778319,1.8920715570171347
709,23.633097,0.15854139159372374,0.26796855860583474,1.3818425800607828,2.100247474294774
710,23.66643,0.15724484738151284,0.2695223225242755,0.8180274108676018,1.9083981283437783
711,23.699762999999997,0.15681040612780692,0.2672413211054575,2.230166944970974,1.8744218425977945
712,23.733096,0.15243955744481194,0.2658661166375242,2.20136750139122,1.656870354227553
713,23.766429,0.1494300551568779,0.26668604017652403,2.2526385598785543,1.5289872292584255
714,23.799761999999998,0.1478432233163907,0.2680338375511282,3.373043764933313,1.5162191400003089
715,23.833095,0.1451767160220064,0.26477785236383816,2.4222834575392937,0.9952632596522132
716,23.866428,0.14066405429907325,0.2660862073534192,1.0248354942653548,1.172412086971512
717,23.899760999999998,0.1340498106986621,0.2693612173899129,1.0625517601271657,1.162325857791664
718,23.933094,0.12938644342555744,0.2691388001062742,-0.23197267509377764,0.9588979439625673
719,23.966427,0.1368284902450638,0.2716853728313634,0.4285739825726388,1.0655642147999849
720,23.99976,0.15307433322907307,0.27752175290383563,1.0007222117010308,1.092950179961
721,24.033092999999997,0.15229471546033296,0.282732742430599,1.1411077547454727,1.0409673909883124
722,24.066426,0.14760512343001175,0.2726855572996703,2.382239666358509,1.2920962827531322
723,24.099759,0.15077187172875622,0.26725265505644424,3.2529848229301597,1.367921707346566
724,24.133091999999998,0.15311335935855994,0.27479879941736146,1.4681690254103335,1.2501695440616174
725,24.166425,0.16079684971389693,0.27143309007999017,0.05266838644612383,1.1288319208103967
726,24.199758,0.14730913796823217,0.2717885275617295,-0.31570540811133463,1.4796949939370323
727,24.233090999999998,0.07839854719272216,0.27043718213316853,-0.1405716881838021,1.248865373686509
728,24.266423999999997,0.08084067233172214,0.2688500835003039,3.5974883704133784,1.2828710529375111
729,24.299757,0.07937657624188242,0.2766490683739264,5.08257465848207,1.0037686909686114
730,24.33309,0.07410765810514687,0.27074599526247506,10.408918088948097,1.0261678092354476
731,24.366422999999998,0.1858294288483658,0.2720341718025612,9.693805525802853,0.662752191543978
732,24.399756,0.23260101524642998,0.2800535762624549,8.690571558481723,0.575576310741199
733,24.433089,0.2222681187775651,0.28602134018617054,7.449770786384023,0.5831513100613704
734,24.466421999999998,0.20224634680154446,0.2888400276371833,6.010111224182736,0.4252096567155811
735,24.499755,0.16940720778908686,0.27515655367204034,3.13738888670033,0.7535324214780528
736,24.533088,0.1734030165548652,0.24586852920133595,3.5145310987683014,1.0929285451675592
737,24.566421,0.13233718387307647,0.16576816678467204,-0.510529156348894,0.9263443268894719
738,24.599753999999997,0.07382503586621517,0.10675317132188769,0.5665979185813731,1.823401957477272
739,24.633087,0.07144592612058497,0.10506433765594447,0.26945279479600626,2.030059591260739
740,24.66642,0.07292104706233524,0.1451757061527832,-0.8514984436947917,1.7293010014085115
741,24.699752999999998,0.07482509500528559,0.22425676699920505,5.259596690174051,2.320724660232471
742,24.733086,0.11292570597942805,0.2550378831685439,2.031703443756599,2.1351617956114968
743,24.766419,0.1187000849163285,0.28000663951678706,0.0651956315748341,2.0593730105568917
744,24.799751999999998,0.11981624983430922,0.2891459053995796,0.6999906054778354,2.171312033093384
745,24.833084999999997,0.11826675137717428,0.28876613663212936,1.5240920288217135,2.2879039045083713
746,24.866418,0.12251031850748648,0.2805709236858507,1.976312197938176,2.291433125921337
747,24.899751,0.11818187269904314,0.2776895797842915,3.6398490680686364,2.3953458579556597
748,24.933083999999997,0.12906273597547302,0.27008828483124814,3.0216714177305746,2.2721957214296427
749,24.966417,0.11715624980176474,0.2797981654423679,3.055435040729393,2.1513440010455485
750,24.99975,0.12998413733670902,0.2763884764526945,4.141927291084128,2.325899499248794
751,25.033082999999998,0.13529995799040015,0.276205865472699,3.702504025806599,2.3501373240970183
752,25.066416,0.12146964653303949,0.2740696785121668,3.78382532796399,2.3067231253576925
753,25.099749,0.12541225377959303,0.2841536462068359,4.338591395605515,2.4516099567003193
754,25.133081999999998,0.12014726940967037,0.28369874891142244,2.8425486431478695,2.377235006509303
755,25.166414999999997,0.11771819713350933,0.2839260469240713,3.6059412838605094,2.3191428642830254
756,25.199748,0.11912571959884831,0.23750939874717686,2.8639427662122166,2.193370260229021
757,25.233081,0.11726290378740707,0.12930379581005286,-1.4306248394224874,1.8800412794350496
758,25.266413999999997,0.12500737940010112,0.12525356133673327,-1.755680398492672,2.1032484215333853
759,25.299747,0.09966454541542508,0.19394718286705154,0.7631385869999167,1.921029068402081
760,25.33308,0.1162742293026689,0.23039329392962132,2.1760827437069645,2.0057283555476655
761,25.366412999999998,0.11189440445200498,0.24108477149018848,2.0738814887776456,2.019047711818434
762,25.399746,0.1088133765059134,0.26183221249691213,3.2123507733610435,2.009658729534091
763,25.433079,0.10890634352149171,0.27355900860016724,3.3242423319260714,2.100031288383772
764,25.466412,0.10643258967611495,0.2736282397486714,3.1918807860802834,1.9366010997734147
765,25.499744999999997,0.10648205173622813,0.2758280855581636,4.690163066885625,2.2359695325516333
766,25.533078,0.10313944465571931,0.2845250652057778,2.0582224608158852,1.9991680470864575
767,25.566411,0.09374189087522623,0.28149624330980183,2.722234504355335,1.920123350362968
768,25.599743999999998,0.10391084039885644,0.2816066002277842,3.206249034154776,2.07218873067578
769,25.633077,0.10122892489912706,0.27398857203820903,2.7692148111998147,2.053589594880908
770,25.66641,0.11140438644685381,0.28530386613646114,3.6961692437023825,2.17239705049919
771,25.699742999999998,0.12913800580578302,0.28131161593168824,4.344613172470793,2.1442463869986548
772,25.733075999999997,0.12852091444919778,0.28211562029452664,3.862806544474755,2.1153511390329354
773,25.766409,0.14245174686847006,0.2875862573897344,4.005844646264059,2.3064606696624366
774,25.799742,0.1361506290587912,0.28687866903650117,3.7318783064769043,2.536113818556473
775,25.833074999999997,0.13599670795410015,0.2829809109207724,3.46898971855753,2.8409410899779153
776,25.866408,0.0823587599535525,0.2785636320131696,2.2132195259195226,3.193694815403527
777,25.899741,0.07404081405035141,0.27731997569006006,5.261181722714237,3.87785275815325
778,25.933073999999998,0.07422795050399655,0.2701956111117907,6.3668208595945535,4.040332715991367
779,25.966407,0.13231233605653422,0.2464329669339315,8.564905123514189,3.6913927388817265
780,25.99974,0.1912029690008844,0.1114017242398576,-0.13160320485321858,2.7404093182271296
781,26.033072999999998,0.18746863227303867,0.09855092322106154,-1.154408078715773,2.3803908039783677
782,26.066405999999997,0.1674576727492752,0.12254032010409979,-2.01898282737736,1.7499643579214599
783,26.099739,0.16637708517227578,0.21597648435880773,0.19326304817609632,1.6530849252039412
784,26.133072,0.15780860623519627,0.24218646160947996,1.3620124841824044,1.5979291690864346
785,26.166404999999997,0.14094718692879235,0.2655682289713281,2.7180864502537045,1.8436365457724064
786,26.199738,0.07209311506288112,0.289637524467358,2.8082727537030543,2.116648843757747
787,26.233071,0.07247127892723983,0.28445279139335145,5.877278313578631,2.7786276441518023
788,26.266403999999998,0.07245575845028088,0.2859454738085041,6.456376277459895,3.1514232318062634
789,26.299737,0.12413573845057906,0.2782045529083728,7.861798052306139,3.3671501111903632
790,26.33307,0.13962452490792887,0.28135892590697537,8.453136468321473,3.638851276355996
791,26.366403,0.14686298516058405,0.27454857112178277,8.774363182418108,3.5765924162157083
792,26.399735999999997,0.15505328051933273,0.27455277935950895,7.891864731812014,3.389331737603511
793,26.433069,0.17291857316420983,0.26921607226981953,7.681092463813524,3.1946243332473654
794,26.466402,0.17910787152489965,0.22068162191576388,8.629817736502496,2.927540776730802
795,26.499734999999998,0.18600322684266737,0.0986895345884059,0.20398042269089364,2.158469326290323
796,26.533068,0.16554135745833415,0.11970676782309926,-1.0507471745031725,2.2340804604191193
797,26.566401,0.16229156457534188,0.1241793708687191,-0.008530290024424337,2.4513037995083926
798,26.599733999999998,0.16376140580751755,0.1711779405717183,1.0512471287413085,2.6590859906619073
799,26.633066999999997,0.14967929662775561,0.22110717133182636,2.2969481018033053,2.9363246906531963
800,26.6664,0.1500712922390814,0.2423472122639317,3.095535953933311,3.013285423202883
801,26.699733,0.1444785746949085,0.26494349173581594,5.195850787166421,3.7032443471426313
802,26.733065999999997,0.11116945000398508,0.26311083686142683,7.158966379716761,3.7723431335920337
803,26.766399,0.12600171674858673,0.2657871199260943,9.54305904759244,3.953411349584484
804,26.799732,0.16439316018630365,0.27165072826225534,7.533274251029401,3.9326113039013744
805,26.833064999999998,0.16302536155625783,0.2773324878958961,7.415960093083555,3.7037222769339615
806,26.866398,0.16421685340570363,0.2784941033583195,7.101484235371204,3.5088239826460943
807,26.899731,0.1578313848656561,0.28992204329948906,7.619785488872599,3.629058004110026
808,26.933063999999998,0.1730716477997635,0.29647972076396334,7.8309636120081425,3.7783491918804724
809,26.966396999999997,0.19217185952604618,0.2843002796757208,6.604236070897598,3.7817511460005444
810,26.99973,0.19558835805796787,0.27692914844398053,7.465236744456283,3.8245224881997846
811,27.033063,0.19408108109483876,0.27463401011438504,6.822690890264291,3.794976281719771
812,27.066395999999997,0.19481247398591536,0.29176837857253496,7.458373764810459,3.9935941645900126
813,27.099729,0.1927626931130868,0.2854749990608045,4.560742181428141,3.6923536414610174
814,27.133062,0.1945561812345927,0.28150719338775404,1.682888130603788,3.615004578301355
815,27.166394999999998,0.17633638508185062,0.2943458847283378,-2.9324639024652486,3.362485045336246
816,27.199728,0.15964143718594992,0.30813801535321617,-5.558111964422379,3.0479024657852114
817,27.233061,0.15558697558537626,0.2947762736111866,-6.735348085543951,3.237905670198918
818,27.266394,0.1539782970198323,0.301141300896081,-9.126880489566226,3.1426254567890037
819,27.299726999999997,0.15328671350881062,0.30384306603116007,-9.742995699973847,2.9192665896514476
820,27.33306,0.15109580368378547,0.3036102615189139,-10.054299707489,3.054112070048455
821,27.366393,0.16539282534949043,0.302597515055393,-10.765140176672613,2.939983454070901
822,27.399725999999998,0.17043471284261008,0.3067547157805789,-10.286538681544094,3.1255303742475595
823,27.433059,0.17504522336634853,0.3064423269771152,-10.158688306900403,3.3204477200201743
824,27.466392,0.1546785843073496,0.31085059154852224,-11.540165573546652,3.3655507045873843
825,27.499724999999998,0.10622668135058524,0.29586225029067603,-9.992937663413198,3.6762020194188447
826,27.533057999999997,0.08705622605398466,0.2325480567494825,-11.819387496285303,3.983473530770279
827,27.566391,0.11084320514358502,0.1336305499105181,-14.739124940662487,3.855916453191018
828,27.599724,0.13467762975079467,0.11338820121573964,-14.941233798880814,3.9811058498837726
829,27.633056999999997,0.14870318973574448,0.09104212200815573,-14.592355316952702,3.8009814275072062
830,27.66639,0.16143389195427255,0.106684760539213,-13.91944035951066,3.5996004954788026
831,27.699723,0.17356216604462374,0.13282840763171133,-13.363998915731752,2.757089854876025
832,27.733055999999998,0.18034439635741123,0.18793802390080824,-11.145516846245533,2.634297812228875
833,27.766389,0.1668206215505084,0.23653844502577903,-8.523402861767053,2.836723410303073
834,27.799722,0.1761280658843311,0.27164103833304754,-7.553317836265309,2.643280554510463
835,27.833054999999998,0.1357665658333597,0.28571738033369604,-4.396987668939766,2.1758009048092655
836,27.866387999999997,0.11457530350637055,0.2838680763811359,-2.346266281425294,1.7718744416287346
837,27.899721,0.10177791031846338,0.28658112999382257,-3.6979001033409937,1.4965762294888436
838,27.933054,0.08056980580744491,0.28874871717453976,-0.792834207056469,1.5957900781403764
839,27.966386999999997,0.07365251769138782,0.2882244769456145,1.16370437377525,1.733238744592613
840,27.99972,0.07436928600704568,0.28740203385271823,4.095003742368124,2.3101676050834
841,28.033053,0.07423120804044256,0.286169303356575,3.4430610256114833,2.5841339682463937
842,28.066385999999998,0.07466494387352522,0.2881004188515242,2.303764251922543,2.661872812423326
843,28.099719,0.07403862914369133,0.2888552034801247,2.9884336738470263,2.935492647042319
844,28.133052,0.07325423734220221,0.29025780076239605,2.935098901270099,2.885777728857025
845,28.166385,0.07447135994998219,0.29274996280296994,1.844412280104666,2.814062494422739
846,28.199717999999997,0.0740316551918796,0.29585599534820795,2.078582817955399,2.7863152778736455
847,28.233051,0.07383291818304784,0.2924557227847102,1.974604306095934,2.619154463050871
848,28.266384,0.07387370940007233,0.29816064978265744,2.507641792387386,2.5405733325126296
849,28.299716999999998,0.07438803707972605,0.26993686090720503,3.126558076398895,2.4548676369812448
850,28.33305,0.07486931812321333,0.27397951543776466,2.342209418344899,2.415086485342146
851,28.366383,0.07457274710482317,0.2773857670646185,2.16157365765467,2.247303746543072
852,28.399715999999998,0.0752105976837245,0.2828001128714893,2.7968628787999124,2.4405936453779935
853,28.433048999999997,0.07503227394937144,0.2839841066158165,2.8034555533495262,2.3125741123288956
854,28.466382,0.07472824629750037,0.28738551562820047,2.817076701882736,2.3140654657235
855,28.499715,0.0764238957968574,0.2910174024692701,3.7252854189630127,2.6034594085453406
856,28.533047999999997,0.07871846421143945,0.279017025461215,2.5068578985764964,2.4062748070705027
857,28.566381,0.07878579832148042,0.28753640886093945,4.5539174909966755,2.6621112878735924
858,28.599714,0.07760657808190814,0.2809590185235311,3.8868165218891093,2.4255104996096306
859,28.633046999999998,0.07775901528010556,0.2864101847143168,5.409401835491443,2.623693740858158
860,28.66638,0.07729410003440375,0.2944250773381534,4.936955542870521,2.513396705329124
861,28.699713,0.07746653148567162,0.2930593974341843,3.2800425900087298,2.4763826929014088
862,28.733045999999998,0.07703198216491683,0.2915068689849002,4.006565075403455,2.530179356299454
863,28.766378999999997,0.07627258023522322,0.28500106696123345,3.1201639167515833,2.5309033246190107
864,28.799712,0.07795915873613296,0.25769236890457964,3.194403878999,2.332763027545158
865,28.833045,0.07806229209420046,0.13688092843757146,-1.4435762189401196,1.7736695985837807
866,28.866377999999997,0.07891902508378738,0.11495586975060224,-2.635591355276305,1.8118348070444426
867,28.899711,0.07753136386677138,0.1798007258180399,-2.636866166282132,1.6896272191967814
868,28.933044,0.07803550002703154,0.22951338303180432,1.0570995888684667,2.0858834757779956
869,28.966376999999998,0.07830998293867913,0.2507402151323339,4.3079908183706035,2.3591105914421218
870,28.999709999999997,0.0772179902307428,0.26730249721548077,4.017884553247572,2.5521597240312013
871,29.033043,0.07706066668179315,0.269957228504148,4.3344929959814715,2.750080317021308
872,29.066375999999998,0.07526647910929522,0.26638569961890196,3.6402700718588212,2.510819121109438
873,29.099708999999997,0.07670040304373044,0.22158423620045264,2.2334273091284134,2.4296100771929376
874,29.133042,0.07664628282717253,0.10303135507959689,-2.312925972923339,2.354367635867894
875,29.166375,0.0754848981654238,0.09541461787686645,-3.138045462853079,2.243564164207858
876,29.199707999999998,0.07670363898515527,0.13223649995453807,-5.144427352835905,1.7702604774856292
877,29.233041,0.0773048323627028,0.22186593216632133,-1.8634178681128544,1.9292734904846403
878,29.266374,0.14639423859762607,0.2547286323909153,-1.5471463681519615,1.9487703449143476
879,29.299706999999998,0.16924041608922905,0.278239904980367,-0.2180194241992207,2.18999157018627
880,29.333039999999997,0.14482457117482708,0.2894505456638182,0.7106703324845128,2.3530279214813246
881,29.366373,0.14129084056592833,0.29785553818733246,3.746998588826469,2.6062974415620084
882,29.399706,0.13759119001846123,0.2959739898107403,4.131239838311978,2.7278548633907187
883,29.433038999999997,0.13598273283268542,0.291116775831629,4.2276369035409695,2.8657094655920194
884,29.466372,0.11514222508633737,0.29276726999570446,5.154713556562068,3.156643848000791
885,29.499705,0.09986016909745177,0.2923225809437452,4.834037210823479,3.217169426454134
886,29.533037999999998,0.10904119488416751,0.2918697032914218,4.413854268906335,3.272156233688235
887,29.566371,0.09284895476271172,0.2943505216182272,3.709865022749406,3.160673991151063
888,29.599704,0.08452976158919195,0.2919846554001662,3.857782889415934,3.3724590477827263
889,29.633036999999998,0.07626328809248475,0.2890948477462838,4.357295935618825,3.502944848509924
890,29.666369999999997,0.07696551901299566,0.28913934651724915,3.463329234492598,3.4186406310016193
891,29.699703,0.07662979472081437,0.2845388968488487,5.13639013534932,3.6804181615331037
892,29.733036,0.07644056752198779,0.2842048192508101,5.099426911922145,3.5160243661170734
893,29.766368999999997,0.07541576167437665,0.2920256962602156,3.6910885438164587,3.354550801569571
894,29.799702,0.07945352538097013,0.2890729597986884,4.072964231128201,3.318388765786733
895,29.833035,0.07594015959602862,0.28105207834411405,5.182753343768407,3.378533474256633
896,29.866367999999998,0.07540559661396481,0.28756520907707384,4.603848575316661,3.290261426663606
897,29.899700999999997,0.07628088457511176,0.2868124159448029,5.2902256896948705,3.328048889844446
898,29.933034,0.07710341895603469,0.28696391749870637,5.570422749613973,3.373352844264793
899,29.966366999999998,0.07398869594590325,0.2901217360247748,4.3392587977086015,3.0680202497670765
900,29.999699999999997,0.0757581408598884,0.2997226826415945,3.8769712923780153,3.188134999270875
901,30.033033,0.07301301046720003,0.293020452093409,5.099377750697697,3.2324523537502414
902,30.066366,0.07584716249023203,0.2947365974639269,4.177021687081128,3.2015925407457115
903,30.099698999999998,0.07445086421571849,0.2878990224571935,4.643695306117833,3.2631419029336692
904,30.133032,0.0751684143407538,0.27387061775761423,4.618344059237259,3.1276216998673045
905,30.166365,0.07439553105477847,0.22502176713922206,3.317177921737721,2.7872400779861053
906,30.199697999999998,0.07399466204588409,0.12520719611327996,-0.6097345696029783,2.599715184624079
907,30.233030999999997,0.07280814416500925,0.13412273886136916,-2.6144080604641027,2.601763149811399
908,30.266364,0.07594368729222829,0.12151453170031427,-1.8551958592270787,2.5126843280615594
909,30.299697,0.07334276929311354,0.19626293273901183,1.0946318232336203,2.386505374459206
910,30.333029999999997,0.07312990336476824,0.23667447433963357,4.523814620172654,2.7204311472251046
911,30.366363,0.07425934803055209,0.264197406316263,4.198736856021881,2.8828880680582256
912,30.399696,0.07443963708733421,0.27622917536799463,5.032162985153612,3.001914212285423
913,30.433028999999998,0.07322986786475755,0.2803331682316552,4.306927504071731,2.91402167157418
914,30.466362,0.07466636420807685,0.28588286765886783,5.174434518542163,2.96297878819998
915,30.499695,0.07406090362704404,0.2863983652394236,5.141343590335527,3.0159371595845124
916,30.533027999999998,0.07458861671042058,0.2867794311790929,4.311808578622114,2.9741114872770686
917,30.566360999999997,0.07397310022061164,0.28340947796059285,4.633517419920638,3.1550273213208135
918,30.599694,0.07297226084124746,0.29223745956053915,3.2822704310990853,2.9798024120977833
919,30.633027,0.07533338715823697,0.2955016143594127,3.7771180429172393,3.002161691985272
920,30.666359999999997,0.07423892609818593,0.29197662499751975,2.98612634452913,2.903270900929262
921,30.699693,0.07390106205903145,0.2938198921984872,2.883543458933829,2.7137808096956597
922,30.733026,0.07471708043980663,0.2885535176364755,3.608496466805811,2.8894596835822717
923,30.766358999999998,0.07491428654660123,0.2882674916441764,5.365398401498441,3.055047353323197
924,30.799691999999997,0.07502407826378753,0.2819042351793431,4.929132467552296,3.0456120180803006
925,30.833025,0.07525498492996732,0.2837678577450214,5.623466883801599,2.935783538875988
926,30.866357999999998,0.07566768224420704,0.28306491065828,5.280577583080622,2.895399905708201
927,30.899690999999997,0.07370032980698044,0.2825924803033991,5.76993937614539,2.7535794615245366
928,30.933024,0.07418387026869491,0.29222578788049397,4.113638569664303,2.6362262261306184
929,30.966357,0.07365476448873287,0.289952209168018,2.453546879523744,2.4042843647888326
930,30.999689999999998,0.07397201891402888,0.2854403676989017,3.564913794207988,2.4986817953703113
931,31.033023,0.07338885736726268,0.29092439936608794,3.1421590323640882,2.309446179304031
932,31.066356,0.07458670818706938,0.29316574317050487,3.6610558563833835,2.4642351834842544
933,31.099688999999998,0.07385015843787675,0.2887545849913249,4.4842192607589935,2.376779342510134
934,31.133021999999997,0.0740056380443636,0.2947013341765161,5.362866154340202,2.417497814474326
935,31.166355,0.0738114968596506,0.28535735222259073,5.2494071350484335,2.3688639174828676
936,31.199688,0.07359333772244316,0.2877211724560441,5.913382120670671,2.441084080602475
937,31.233020999999997,0.07470182377349237,0.28078927438741247,4.23729861237584,2.3312385631389816
938,31.266354,0.07397769848273764,0.28031103540185964,6.695531469599413,2.4818880372407404
939,31.299687,0.07367350479387733,0.28403916332525114,5.052298602501488,2.483798224769525
940,31.333019999999998,0.07476344294811656,0.2709809138978645,5.595698970645714,2.387288245853996
941,31.366353,0.0738540415972119,0.2088945687806566,1.9272578554951754,1.9916347927885925
942,31.399686,0.07323064417387565,0.11195562230678546,-0.34477989999858705,2.0588536757967066
943,31.433018999999998,0.07319765602199241,0.11428803724582971,-0.8013400526029337,2.031215329243011
944,31.466351999999997,0.07410063299151053,0.16589734924412355,0.5187806977632575,2.135610960857293
945,31.499685,0.0749189920689759,0.2202876634828545,2.0040972904634633,1.941965052046582
946,31.533018,0.071787474460533,0.2517596120541943,4.697623362057668,1.9228772710364495
947,31.566350999999997,0.07313227089970445,0.2587056309477553,4.468377603002185,2.083358162074142
948,31.599684,0.07290572394450051,0.26179374412269685,4.3325743411348645,1.9303313033025713
949,31.633017,0.07497387331483002,0.27391874258943927,6.8466595653262825,2.117582422361734
950,31.666349999999998,0.07368238166154052,0.27130590215444084,5.691188519824689,1.9545010030275758
951,31.699682999999997,0.07314340789314226,0.2906430782110312,5.711930187973408,2.207254086882957
952,31.733016,0.07361892759066255,0.2818407870539452,6.490408039363939,2.2845446933255342
953,31.766348999999998,0.07566082289666208,0.23108885046345856,4.395506333882456,2.1406321500041634
954,31.799681999999997,0.07632819693702675,0.11901143788712963,0.8576793793449315,1.9956117908667177
955,31.833015,0.07311419199084329,0.10539329547440321,-0.13913839785281065,1.8926892774143669
956,31.866348,0.07459259668917667,0.21933818126493945,3.372076622562928,1.9038605582366313
957,31.899680999999998,0.0748395476243751,0.2553524701019758,4.204445742731039,2.175399931323415
958,31.933014,0.07681441116704725,0.2731825214141438,6.059770186002545,2.537606846327073
959,31.966347,0.07574063252588904,0.28084495333900106,4.295150622046697,2.40804759807072
960,31.999679999999998,0.0758773564461098,0.28212625252747914,4.879363227264215,1.8949518569217088
961,32.033013,0.07557519829991904,0.28286707530032906,1.562923343749841,1.5621850677537625
962,32.066345999999996,0.073904252094539,0.28989152913872573,1.1763650010264175,0.9947507453740776
963,32.099679,0.07368062159360654,0.30097881822617945,1.713815487427935,0.4767448102791675
964,32.133012,0.0739873850873,0.30223999803622054,3.2592700723092136,0.6471507498084329
965,32.166345,0.07313967998642003,0.3094908700172244,4.173400034334997,0.5259018453932403
966,32.199678,0.0723367184293317,0.3139668533632836,4.819824928060717,0.478684564694025
967,32.233011,0.07249416808533471,0.3064554594635512,5.495312646210878,0.4660558379228616
968,32.266344,0.07228190809500289,0.31232217089113523,6.008211225630895,0.563197553907748
969,32.299676999999996,0.07071726051019506,0.30903279015218965,7.01987738608762,0.8229810016635836
970,32.33301,0.07297013686491273,0.312368195906377,5.8897279715148425,0.5995542714747949
971,32.366343,0.07269052743161715,0.31657440016839467,5.407731086267268,0.816438133375768
972,32.399676,0.07242341291409755,0.30805297058571834,5.576920067380747,0.7565090646321979
973,32.433009,0.07509065251742969,0.3073124410187855,3.555631081870735,0.6873777341690166
974,32.466342,0.07419244293783518,0.3064548706886637,3.032251403339952,0.6704383745011532
975,32.499674999999996,0.07288668522649629,0.31223450315925394,3.678350081571932,0.720201592857409
976,32.533007999999995,0.07423214565542928,0.3064502433723555,3.361361094038884,0.6708218658983078
977,32.566341,0.07352153021455454,0.309969744886428,4.05738092932788,0.6643415182524801
978,32.599674,0.07415590543307347,0.3083615297368313,4.228192792403823,0.8167284493085591
979,32.633007,0.07378022923602026,0.31434285403333845,4.615467642611349,0.8230797916785781
980,32.66634,0.07427167265873286,0.3200329613275543,5.53864858616527,0.9068323608915384
981,32.699673,0.07491009413877697,0.3200274549018959,4.91868555790688,1.0603710216305078
982,32.733005999999996,0.07283845736762232,0.3152190928265154,5.748999863807459,0.9833094112744175
983,32.766338999999995,0.07140110115596965,0.3049734814852438,6.105073713966144,1.0326831438709532
984,32.799672,0.07378395591688588,0.28689634020875565,7.1702129772220475,1.13083500800874
985,32.833005,0.0729287986340399,0.2342675794833888,6.6550098607168,1.0736967140665512
986,32.866338,0.07403062616951492,0.10560507843464638,3.727122296944893,1.6685813045811673
987,32.899671,0.07364283672269786,0.13333813003857475,6.304818495608599,1.9679182108701117
988,32.933004,0.07354179674063761,0.11464567947189261,4.300053616292237,1.6960990747592188
989,32.966336999999996,0.07372135435175942,0.169407895412894,1.4407841773348735,1.2132520276199965
990,32.99967,0.07540571321417952,0.2411203528574517,9.56338811980181,1.7692203246485734
991,33.033003,0.07413749184475103,0.2764202926830316,8.57287000790665,1.6828817266421914
992,33.066336,0.07225002426136315,0.2877427730906045,9.499665182874356,1.615618039948858
993,33.099669,0.07498076438452038,0.29359573273485473,10.596615077976809,1.7412627457599676
994,33.133002,0.07406776013063257,0.2985448282786568,10.616308353791412,1.7663978178240543
995,33.166335,0.0735038576374105,0.30025185462868764,10.667524818263011,1.7025404261438946
996,33.199667999999996,0.07340831397272182,0.3058491934969324,10.442383223878801,1.8216390888138239
997,33.233001,0.07338750562934361,0.29634607603615726,8.08775656034872,1.6486279782179303
998,33.266334,0.0740877528509115,0.29507366704096405,7.996871001012194,1.8218902588709158
999,33.299667,0.07230216404483679,0.3010232789516761,7.302785216328455,1.7624279087743673
1000,33.333,0.07353531993751171,0.2971355492487141,7.973609275827693,1.855612575799076
1001,33.366333,0.07494037313163303,0.3124535347975055,6.053192666505441,1.9540940619839817
1002,33.399665999999996,0.07406321262401523,0.2976259643267224,4.872768726443357,1.9632539261851127
1003,33.432998999999995,0.07487368765949051,0.29699861620612433,5.62661550727575,1.9451326208336268
1004,33.466332,0.0745542061201367,0.2939199765574285,6.921243293154895,2.0262709456454107
1005,33.499665,0.07345304021411529,0.2966679621931939,6.288419679540055,1.950620129830241
1006,33.532998,0.07444781325573363,0.28945947907135045,7.21724353478309,2.0312552691451167
1007,33.566331,0.07529927476798876,0.28443989296305905,8.37577944078567,2.015428619559722
1008,33.599664,0.07476071862453798,0.2789535029080238,8.250048900858113,2.0273984896433763
1009,33.632996999999996,0.07522208255815017,0.24535932572096952,9.214165715059002,2.030584249906732
1010,33.666329999999995,0.07268716416501311,0.10931405277824552,2.9438424746297454,1.5450617535432116
1011,33.699663,0.07434683443632342,0.10333984886912334,1.4530489458219704,1.681721871289788
1012,33.732996,0.07430773688625641,0.10982197138236327,2.4674778664905817,1.7987959481619673
1013,33.766329,0.07348193391789537,0.1653467319492898,3.616962879706767,1.6789731275119413
1014,33.799662,0.07673376256661885,0.2312188552747355,6.198335423942508,1.85619726290371
1015,33.832995,0.07498134994094238,0.24643954947821023,5.582824110543453,1.7795313161514124
1016,33.866327999999996,0.07450485348141989,0.26226508661707654,6.160092430346695,1.9686744057930958
1017,33.899661,0.07574556681491953,0.2698635460909651,8.135679388878478,2.1280532185010776
1018,33.932994,0.07375436927730737,0.275282546117561,6.756000832548495,2.013785074766807
1019,33.966327,0.07565424750165964,0.2788049699779712,6.20221296039163,1.9600813124974663
1020,33.99966,0.0739648839168864,0.28087384971670776,4.918813753796199,1.8273687809900716
1021,34.032993,0.07416544388144329,0.2792753154835863,6.538949802012305,2.0865746882891574
1022,34.066326,0.07489376005864119,0.2787489573153907,7.265160200271061,2.020876308458038
1023,34.099658999999996,0.07492738739101684,0.2773873663745031,5.656393059596052,1.9620759451545609
1024,34.132992,0.07469403063286893,0.285305652579937,7.112220243800179,2.1010175749298465
1025,34.166325,0.07509365855924506,0.28132254710765253,6.118049855858193,2.037994148374168
1026,34.199658,0.07514995148722478,0.27358330477402554,6.027039897389581,2.0563615652761857
1027,34.232991,0.07634936038038706,0.25731679370391747,6.00181322073503,1.9812083381223233
1028,34.266324,0.07699177508069692,0.21968404621724977,7.841437484862273,2.0191724969739226
1029,34.299656999999996,0.07621719681464778,0.11258737912801049,1.1377623295749313,1.6242008849811334
1030,34.332989999999995,0.07527448798181427,0.10962065516553093,1.916589993661184,2.0339137238017257
1031,34.366323,0.07501623623222277,0.11712122836703935,-0.5445518236599043,1.8561582663194027
1032,34.399656,0.07479795475296552,0.11386856185142244,1.0036911311645575,1.9780315510711324
1033,34.432989,0.0759822576271485,0.20710502446506085,3.93163007103034,1.767379849861391
1034,34.466322,0.07563689636780103,0.24551302487361676,4.728471427323234,1.896164765229664
1035,34.499655,0.07639628212633608,0.26443029834527004,4.8109760966381225,1.8310826879710216
1036,34.532987999999996,0.07627109442357953,0.2786723701017783,5.103336110928251,1.8876015176368457
1037,34.566320999999995,0.07634788843077235,0.28073069063035194,3.9788522279444525,1.9330761320634182
1038,34.599654,0.07511313017198179,0.2856967384346871,5.413728615456039,2.1444550724108646
1039,34.632987,0.07445327055495059,0.28655493667504073,5.978979486547013,2.2860034855488744
1040,34.66632,0.07636812834026153,0.28765278353714474,5.772129062275842,2.2074843734105913
1041,34.699653,0.07643800391164783,0.2939297308681095,6.449381181888309,2.2840955153751143
1042,34.732986,0.0754071379378548,0.2901594506588997,5.851263494340597,2.3716736856403333
1043,34.766318999999996,0.07712479153503891,0.28734547308586667,5.818567919248929,2.272902559952926
1044,34.799651999999995,0.07549352231493157,0.29577700572106436,5.961091191742544,2.333726840927965
1045,34.832985,0.07623187760062991,0.287759909688612,4.896040646439982,2.4529651714182825
1046,34.866318,0.07515486211257125,0.28336318156190354,4.79725192098988,2.374139459748866
1047,34.899651,0.07577784934973539,0.2819849630372079,5.08859681159545,2.3498841425572907
1048,34.932984,0.07363564029514783,0.2842880606353987,5.750205830417712,2.2964567179259077
1049,34.966317,0.07510229336731247,0.2884236810089518,4.43375085140572,2.2248961076516998
1050,34.999649999999995,0.07518279978107957,0.2863475469440861,6.834267460373926,2.227116333838673
1051,35.032983,0.07607919613599848,0.2864733602986001,6.235269550236852,2.1936961041944327
1052,35.066316,0.07606507406810631,0.29233991843124496,4.242347524222077,2.0010899511879376
1053,35.099649,0.07546602482543749,0.2838974398772689,4.382948422768972,1.9497152845157726
1054,35.132982,0.0749010625101163,0.29379695400163236,5.526867044535092,1.9594822494519921
1055,35.166315,0.07472187554873386,0.29181865380765987,4.928678505651869,1.9100323738219496
1056,35.199647999999996,0.07452477743653545,0.28769968891298275,4.910614619897921,1.797421143976268
1057,35.232980999999995,0.0755821200450065,0.2936525661372328,5.087199363475572,1.9253861628341915
1058,35.266314,0.07448086755237698,0.2913338891308099,6.36890844470843,1.979046291251816
1059,35.299647,0.07588465159727067,0.29065285346651426,7.547065459404113,2.110895255352874
1060,35.33298,0.07489985429942954,0.29162273188888277,5.605504167617801,2.0997476570105102
1061,35.366313,0.07392225483871895,0.23090574770359995,5.7488569460182,1.7987011128691222
1062,35.399646,0.07358901995098523,0.12328941929335732,0.6535595600989277,1.545891058017082
1063,35.432978999999996,0.07190700872764769,0.113299691315332,0.21764697310862766,1.4562820996802297
1064,35.466311999999995,0.07355334096487262,0.18623368701520654,0.8109895983250108,1.1943593096576526
1065,35.499645,0.07318676204785406,0.2475474384865028,4.678920212736956,1.6218424586745406
1066,35.532978,0.07304847801999413,0.2702302166243089,4.699135897481095,1.6570811408032178
1067,35.566311,0.07314505804116506,0.28260681901730045,3.3418947611222913,1.9341440461177355
1068,35.599644,0.07452168735597002,0.2846019702015926,1.9803054435133431,1.8810943002940104
1069,35.632977,0.07644317806880781,0.2859800211094703,5.811496380805146,2.1157922514946916
1070,35.666309999999996,0.07421497062529667,0.2842003958662384,5.280367366924487,2.1235996289253976
1071,35.699642999999995,0.07588253483980992,0.2770849882930081,5.638378291925066,2.0672785778198866
1072,35.732976,0.07561983323837133,0.2865963755476015,6.813744401660462,2.1706296651351096
1073,35.766309,0.07487744723192435,0.28826166434098344,7.433115312564414,2.175758765432586
1074,35.799642,0.07685570071217547,0.29522295433827034,7.543866668703362,2.1428402132224
1075,35.832975,0.07478511409172829,0.30388843460484877,5.835041958900915,2.062049616632994
1076,35.866308,0.07577049978996597,0.30525934754507483,1.8543114007449535,1.5778520869339678
1077,35.899640999999995,0.07606424156064902,0.3032716014238074,2.4834667247234763,1.4684610045387687
1078,35.932974,0.07490124093332316,0.2990585010657767,1.7926283866686192,1.1408722349806146
1079,35.966307,0.07678471919336206,0.29633999754768925,1.890940345745647,1.0002598330292394
1080,35.99964,0.07491562291614005,0.2847411003857065,-0.02478315513805773,0.6235242049813327
1081,36.032973,0.07509141987976485,0.28771185842889935,3.032756921084848,0.5378169406414806
1082,36.066306,0.07586561184566448,0.2900937212299503,3.541277304789503,0.5452509552140649
1083,36.099638999999996,0.07498043668230418,0.297085059451559,4.439758636433898,0.6806939282509935
1084,36.132971999999995,0.07368020403753849,0.29582056310004506,6.04480023640823,0.761094057560036
1085,36.166305,0.07449528158866695,0.31505136855168664,3.516321864777487,0.4816370274194606
1086,36.199638,0.07597928771924836,0.31698477376084927,4.259491393274897,0.3364374324840967
1087,36.232971,0.07276637921981588,0.3231553930358826,3.473173440640407,0.20587524072804128
1088,36.266304,0.07438018377828215,0.33247323714456223,4.32060213077572,0.22008819891502224
1089,36.299637,0.07167132154916651,0.3278046803982524,6.3648757111798675,0.516129306946473
1090,36.332969999999996,0.07161127732153716,0.31948243860022313,6.975199055549116,0.26114987797968753
1091,36.366302999999995,0.07027844351109558,0.3334194956212292,8.059602799880505,0.2987252775281917
1092,36.399636,0.07157821755156991,0.3337668750956778,8.745055946514594,0.3141401473149295
1093,36.432969,0.07239197501382041,0.3298941581302173,8.875358094541047,0.07182074448825047
1094,36.466302,0.07218313580133898,0.31922447804370147,9.626337870447074,0.2309258219311347
1095,36.499635,0.07206020705755628,0.3204168377915775,9.479444013986386,0.26784790523294955
1096,36.532968,0.07388880280158544,0.3178286123155233,10.550945539993807,0.4906027734670959
1097,36.566300999999996,0.07299778201621414,0.3031910848980601,10.558878836293676,-0.1998260831837418
1098,36.599633999999995,0.07139441722679987,0.13095870115811462,8.488682578854407,0.507910293434934
1099,36.632967,0.07196108295597652,0.11469121061022636,8.509144418138025,0.772233820060972
1100,36.6663,0.07477471661768165,0.10160124294818285,9.493389693501234,1.0500129733177832
1101,36.699633,0.07343111900356146,0.10229293209849859,6.427882254954755,0.9014180056815356
1102,36.732966,0.07264702594860108,0.1301821366809518,7.429608969132054,0.9922139248612033
1103,36.766299,0.07414638095870761,0.16997023572645942,5.012550808836723,0.5519654835010585
1104,36.799631999999995,0.07367827825005564,0.23226473337283626,8.796370626342826,0.9195546407469376
1105,36.832965,0.07499176440395759,0.24979232830291792,11.23761246825574,1.1298882603143947
1106,36.866298,0.0750068464207141,0.2659856905381669,12.218434159029268,1.4623554587502632
1107,36.899631,0.07485987925985188,0.2860054134909923,11.929518578553546,1.5525119397093878
1108,36.932964,0.07630419160407304,0.28191124776265786,11.862092918085807,1.8839061332725715
1109,36.966297,0.07546555005654135,0.29871444157779364,8.522296492873874,1.5016591753013826
1110,36.999629999999996,0.07395739268725367,0.3029466996238641,6.472673042834644,1.6520799367447159
1111,37.032962999999995,0.07308793961943263,0.30637112155835533,6.561588036931498,1.6202806194747732
1112,37.066296,0.07323185961683197,0.3042288769279401,6.0166340683601485,1.5920482949568875
1113,37.099629,0.07544995868506013,0.2964308307070207,7.513915226061684,1.942046256168059
1114,37.132962,0.07433438949196704,0.2944970343823658,8.832987020783985,2.025767756915006
1115,37.166295,0.07417081834400985,0.3020346399868918,8.708404153186093,1.9752014220772904
1116,37.199628,0.07636655428929731,0.28853222369059117,9.841269207355197,2.251492821292263
1117,37.232960999999996,0.07648383871412585,0.2982730868570437,9.969572565573912,2.061941130771275
1118,37.266293999999995,0.07506074795873545,0.29592924241682245,9.332647098295304,2.1031576031385373
1119,37.299627,0.07561584941384548,0.2917424830426147,10.625351755448554,2.225898156045634
1120,37.33296,0.07612285444565212,0.2943912657616848,10.537386967089876,2.1578035149945713
1121,37.366293,0.07429168908680016,0.29399379646954016,9.286874336958423,1.8001511580224352
1122,37.399626,0.0755739378061322,0.28346713353174485,8.692985847558264,1.7788808998471792
1123,37.432959,0.07538401530064294,0.2848906208245349,9.023056092669322,1.7805973954900292
1124,37.466291999999996,0.07242068683651416,0.28898352432309343,4.496676666725152,0.9633716112030815
1125,37.499624999999995,0.07256669955711668,0.3005607785380977,5.398763725602344,1.2291205284439903
1126,37.532958,0.0749583079553363,0.28789133705075415,7.517470387178776,1.4797073453735736
1127,37.566291,0.07466210943531142,0.28780655385465104,6.785066840840728,1.3049688579069756
1128,37.599624,0.07615618394072902,0.2886471290542829,8.925389014835488,1.6651829487470662
1129,37.632957,0.07459645910794403,0.28744656015542275,6.5981326250411865,1.311866637120891
1130,37.66629,0.07624812828042318,0.2819549593266141,11.028923680940657,1.7769830043611956
1131,37.699622999999995,0.07289950456678443,0.2881087559120391,6.778440949431429,1.2193069454581893
1132,37.732956,0.07372631087674775,0.2899367373455789,6.780004627709143,1.369450169305291
1133,37.766289,0.07241474305304181,0.29929473779155513,6.777951241477577,1.374060039485231
1134,37.799622,0.07404876237620475,0.30369267802644023,6.506722844972778,1.4866268871751276
1135,37.832955,0.07350518420477065,0.2982293932787757,6.806002460734418,1.5701449893429877
1136,37.866288,0.07468411406758724,0.28898183319692766,6.697353042234204,1.4243617291863637
1137,37.899620999999996,0.07346860118528462,0.2952027768150097,6.085105745603025,1.2910426062461058
1138,37.932953999999995,0.07485025096931237,0.29123781335493193,7.110035569285267,1.335920798443214
1139,37.966287,0.07372358549052355,0.30035947167395616,7.579217350084561,1.14297389178114
1140,37.99962,0.07400006582805992,0.294381845146479,7.575731973282059,1.2502375542696735
1141,38.032953,0.07433717292093318,0.2891906052354566,8.71513850399982,1.3085314219110937
1142,38.066286,0.07392267443930561,0.2902021100810942,7.7191768434480394,1.5224038517151577
1143,38.099619,0.07396378972034291,0.2880354631014651,7.679718303385753,1.7129983502509112
1144,38.132951999999996,0.0751286972121505,0.2992904295037906,8.150324685943438,2.263369289124231
1145,38.166284999999995,0.07340284028573991,0.2921735162798412,5.476521603778512,2.0581535733634415
1146,38.199618,0.07385803086920094,0.2800087092568828,6.7935471889739985,2.4338246084204647
1147,38.232951,0.073197318736468,0.2419827866542257,5.291545544668752,2.078716819828061
1148,38.266284,0.07415827846662237,0.13881549365074258,1.7024742966420485,1.8907812277058467
1149,38.299617,0.07353480646329368,0.16737366658838554,1.5334448563483514,1.7131892591110325
1150,38.33295,0.07600244421024337,0.20007441193965933,6.648416866664439,1.8301878548563462
1151,38.366282999999996,0.0737379275593738,0.23611652146238726,5.073478607423924,1.8028517167537559
1152,38.399615999999995,0.07497919450828788,0.25919601580535206,7.244151428242758,1.9381046217525948
1153,38.432949,0.0752957999001248,0.2672006143644454,7.5867323180912525,1.8599405327032958
1154,38.466282,0.07842394132071082,0.28429351128465624,10.317779195809768,1.862527603239468
1155,38.499615,0.1371272779665342,0.29133014072202135,10.092127467690162,1.522417029810569
1156,38.532948,0.15038909568537384,0.30439082714886634,9.78817589372309,1.435032593680034
1157,38.566281,0.1381826288782088,0.3010864971476552,9.267728235260918,1.5247663743702538
1158,38.599613999999995,0.13309424649457843,0.29388847626678327,8.010804329874643,1.3225041852346537
1159,38.632947,0.11775529956264529,0.3018872760878157,8.454465281070874,1.4596090642490493
1160,38.66628,0.10031705591836032,0.2865843206444052,5.576102490782812,1.1903700224071994
1161,38.699613,0.10374689849523173,0.295022617887053,4.46686942823135,1.3193374949507313
1162,38.732946,0.11152949599296336,0.2932966229132908,5.999581671665682,1.624480064468865
1163,38.766279,0.10096980749634117,0.28803413100538017,5.488833997714366,1.5041043580646758
1164,38.799611999999996,0.07338570130796307,0.3005163098970741,7.14808974229079,2.0212509696557652
1165,38.832944999999995,0.07296488334905113,0.2954775285558956,4.022254905221442,1.6847796364184284
1166,38.866278,0.07517209141517167,0.29423152761896343,5.409734428354541,2.000790347085876
1167,38.899611,0.12867756523628499,0.29713843516857763,3.8094487575235534,1.9144934434316714
1168,38.932944,0.08384395639944373,0.29727635142285724,0.16671965739920905,1.4103012989424835
1169,38.966277,0.07797129449078449,0.3084157901016046,-2.3006762777214074,1.1578502134494695
1170,38.99961,0.10612156143029232,0.3084423125764497,-3.454192021712983,0.6871672586756851
1171,39.032942999999996,0.140092620653095,0.31859771182790697,-6.557017763553449,0.7389147064571555
1172,39.066275999999995,0.12783352566137748,0.3245534599542321,-6.344434615798342,0.6777707587344477
1173,39.099609,0.10033258678397809,0.3218692669879308,-6.6106334984296025,0.9146131148027955
1174,39.132942,0.07793164247905775,0.3103477552575034,-6.0568964071706874,1.2578354196750672
1175,39.166275,0.07703408717861236,0.31719861115097714,-6.248638286869746,1.5524551535037465
1176,39.199608,0.07994708628135037,0.3128906319319118,-3.4836789573664593,2.2035155848672985
1177,39.232941,0.07720100456470969,0.304841279468929,-2.5447045208450647,2.3336151232989732
1178,39.266273999999996,0.07734548002750222,0.301087873905303,-2.5505493036015574,2.257064732992286
1179,39.299606999999995,0.07710319644734627,0.2741326366877841,-2.168600556922122,2.4566036568797722
1180,39.33294,0.07701555890333553,0.14754487709924113,-9.336152687190857,1.0145438200430414
1181,39.366273,0.15183588557509112,0.13036406352115457,-11.46221649694603,1.0928763434079642
1182,39.399606,0.18423803927389237,0.12740101099576118,-13.855738872556477,0.7162297937711233
1183,39.432939,0.1809937942719356,0.1669067619322736,-14.881289878429667,0.154026165235854
1184,39.466272,0.1405182238714594,0.23749173848612615,-12.474705981787773,0.33365999366053434
1185,39.499604999999995,0.1353591188544326,0.27222567893264693,-10.18786650564232,0.46554305497130166
1186,39.532938,0.13132673605924167,0.28509921553088013,-8.98215342796954,0.824892674018763
1187,39.566271,0.133646835317694,0.28613337754969703,-5.876281910900535,0.7546048561498712
1188,39.599604,0.15168435359890828,0.2921006349427546,-4.897305133216068,0.538159622273461
1189,39.632937,0.16382187982480692,0.29044624323492507,-5.133713053812114,-0.33470003016210054
1190,39.66627,0.17069977852075224,0.297413887814204,-3.087176491344473,-0.9727609944657073
1191,39.699602999999996,0.1645633130474525,0.30066265430560923,-1.1747713868077947,-1.458260872468016
1192,39.732935999999995,0.07273649712044179,0.3006754319086652,5.458714194513888,-1.703290532596167
1193,39.766269,0.07281461748840289,0.3019797477391208,11.171931836206594,-1.3189070354446613
1194,39.799602,0.07193492338787945,0.2862859221247326,12.653401784522664,-1.2249652369411004
1195,39.832935,0.08473279933303626,0.3014602579799992,13.707842099935627,-0.9698964969303514
1196,39.866268,0.19883993909535352,0.3106455276435396,6.987751181944246,-1.338571133418147
1197,39.899601,0.19610425229848635,0.3116050009463929,8.343318621409631,-0.9322108202013746
1198,39.932933999999996,0.15623425996393944,0.29399928698502126,6.025618786713134,-1.1960916106886053
1199,39.966266999999995,0.15937434138934273,0.30355803411636356,6.600413420372009,-1.359803694958772
1200,39.9996,0.1461235997001999,0.30155485587335296,5.148392594651264,-1.4132078119058926
1201,40.032933,0.161043047849398,0.2937973780648555,8.239454259720661,-1.2614648119876666
1202,40.066266,0.14667760751025752,0.27184616186840893,7.1112440004887665,-1.7840789542745008
1203,40.099599,0.14302722652522162,0.22038758862492777,6.041989756568798,-2.7940035435962867
1204,40.132932,0.16807019125385617,0.127434570398274,3.107720380544235,-3.1448715862620658
1205,40.166264999999996,0.1756895539006759,0.18294354925624623,5.646898886234506,-3.3829302574521853
1206,40.199597999999995,0.18166796370171698,0.2353451908098093,9.64261081782156,-2.9540919536892227
1207,40.232931,0.18001513652684695,0.25654181337131604,10.89690623471859,-2.74355251042459
1208,40.266264,0.18384598675504008,0.26552371433363153,10.558273553232235,-2.4253704797353004
1209,40.299597,0.17419794034196798,0.2766308189469726,12.36420975261126,-2.1317620280896037
1210,40.33293,0.15899407377078464,0.2829196494736296,11.542107077866072,-2.297723725900159
1211,40.366263,0.14502806282011044,0.28392848350445726,12.057235999057717,-2.1444024168509035
1212,40.399595999999995,0.14283577136953438,0.2805068308227039,11.742456941325294,-2.1182969106906353
1213,40.432929,0.14118400449933172,0.28339031812989046,12.292074686942179,-1.9602587911588254
1214,40.466262,0.11964810456067816,0.2841821340798559,12.585364977585677,-1.6837781860944927
1215,40.499595,0.0764621055406936,0.2949529288567191,11.659221466091655,-1.6071568190190864
1216,40.532928,0.08241475550617372,0.2839570728021348,11.909045075634515,-1.43665896442851
1217,40.566261,0.10332764549946029,0.26618814308034855,9.765344420661744,-1.465093790489576
1218,40.599593999999996,0.13090434994665728,0.16379762314065643,6.319404160036818,-1.946434500126067
1219,40.632926999999995,0.1167560151903824,0.11923328931107267,5.041669832888365,-1.5024432342724068
1220,40.66626,0.08269386407258433,0.10427530367191513,5.098556869689239,-1.4997917081735566
1221,40.699593,0.0709869821588587,0.19704005038620193,7.9840465322670084,-1.4721740781099582
1222,40.732926,0.07270533246082038,0.24369189784007517,8.90826383133626,-1.239629580179558
1223,40.766259,0.09889828583370291,0.2760686937196781,7.603173329627602,-1.0690997422772253
1224,40.799592,0.14620171935456536,0.2853670381737923,9.922625819320613,-0.779945509185975
1225,40.832924999999996,0.17953899821725788,0.2988591388714886,10.746367861344442,-0.693258025314878
1226,40.866257999999995,0.19040556737581052,0.3084620899953573,9.357897509550142,-0.5571223547061622
1227,40.899591,0.18910037009488706,0.3072044543180985,7.910769505858184,-0.5703305331735874
1228,40.932924,0.1614068292828092,0.30904179300189627,5.745002769033952,-0.34667159225826943
1229,40.966257,0.14043998318370265,0.3036428597287021,6.552340710672468,-0.18177337952450331
1230,40.99959,0.0890229748727848,0.2976419156814637,4.260980551373358,-0.16639753290681625
1231,41.032923,0.09348455716724656,0.3062577369943001,4.419149864088914,0.19290622387394327
1232,41.066255999999996,0.10534060759951205,0.300227784848513,4.9185645133790095,0.10036200335967978
1233,41.099588999999995,0.12301980259271424,0.3033444153055397,3.873704263793672,0.046890981253335476
1234,41.132922,0.13713203750483324,0.28585562887615107,5.126946206154221,0.13682086607643926
1235,41.166255,0.1419158128054329,0.19330008874070242,-1.984960528545452,-0.4740476886679112
1236,41.199588,0.13183949172022105,0.1204770246426986,-0.9854579090453677,0.22902223610907918
1237,41.232921,0.1322300502595026,0.11080036107025554,-0.46804458095046836,0.11795053010700965
1238,41.266253999999996,0.13369976373327067,0.1753785876853831,-0.23831945189875178,0.08164927810420669
1239,41.299586999999995,0.12470070438181506,0.24942552631756282,3.344150178401088,0.09429697604452755
1240,41.33292,0.10154956432624762,0.264965688212929,4.739277490862307,0.07203633753665226
1241,41.366253,0.0740038741514023,0.2875567509965943,6.049933279297815,0.4722562578253826
1242,41.399586,0.07435611459117138,0.28911821798558546,7.198029498370058,0.8652680848009818
1243,41.432919,0.09662920790391527,0.2902225917158504,5.72358768849081,0.9117601302551889
1244,41.466252,0.14447324086092447,0.2942694150866524,5.265918039273376,1.1823145077523212
1245,41.499584999999996,0.15835247976978523,0.2991858389697526,1.5420110400594371,0.9486309092548089
1246,41.532917999999995,0.1312042830087589,0.29033934706312486,2.905146170132431,1.1541394087034889
1247,41.566251,0.13283958204127103,0.28156901043947913,3.2506703808872803,1.1037045679528854
1248,41.599584,0.1409039377082001,0.2657123126195609,2.5342624600049444,0.35016391772992234
1249,41.632917,0.1319659978264952,0.2692072904316536,3.496515504257045,-0.7764961981162483
1250,41.66625,0.14815544394423433,0.2824430553581366,5.195650867118312,-1.6811025266829571
1251,41.699583,0.15392943979239915,0.27964720330230247,5.125963714291603,-2.299222843696278
1252,41.732915999999996,0.1505629202793087,0.28755234404676866,6.0577375419878,-2.4150841764977677
1253,41.766248999999995,0.14327024099930372,0.2832531793362388,7.547219238475176,-2.2427101368036344
1254,41.799582,0.1450552445679177,0.27964633736712785,4.586503136427743,-2.070352249518961
1255,41.832915,0.13340279412320344,0.2693502125686536,8.2623437831166,-1.3965721169910734
1256,41.866248,0.12564292143240177,0.27454811893997333,6.5860002328558975,-1.3255306306209649
1257,41.899581,0.11726129881355019,0.2786428720725128,7.144123620085466,-1.097528981522495
1258,41.932914,0.09800608429508335,0.2679630587810349,7.167461437947749,-0.9244005480695879
1259,41.966246999999996,0.09399625520904893,0.27258019429694397,6.740234758889205,-1.008665624227299
1260,41.999579999999995,0.08349626705221151,0.2835870321209476,5.694964023551733,-0.953345833810543
1261,42.032913,0.09512701717144596,0.2863628776771748,2.950612955892799,-0.8937876598008616
1262,42.066246,0.10085526151284625,0.2876135818829406,4.721073191731691,-0.5415171394688673
1263,42.099579,0.10093307930331274,0.2906826857586105,1.9271466399567827,-0.7038914131180803
1264,42.132912,0.10740108833832271,0.28900460877053796,4.53111814813654,-0.3288281418728062
1265,42.166244999999996,0.11132860351761556,0.28277631200795245,3.736271300833803,-0.2206577923710427
1266,42.199577999999995,0.10316088683590285,0.27730995219825716,3.379031846757527,-0.1760896368802369
1267,42.232910999999994,0.0980216710499116,0.203206651097578,0.2830152674921633,-0.28145449045462995
1268,42.266244,0.10656440310988063,0.11171131086090073,-0.5001795643535641,-0.0483526534531092
1269,42.299577,0.09076940631968566,0.09085063456435377,-0.3541212125765573,0.09206505973874413
1270,42.33291,0.08322228976881486,0.14113680622342284,-1.6607730064120108,-0.06453599852428267
1271,42.366243,0.09474083816504286,0.21700712562779384,4.270494204972826,0.279244423463876
1272,42.399575999999996,0.09461890128921761,0.2486855393074721,4.115415681018297,0.4958396767914532
1273,42.432908999999995,0.10075307425553984,0.2761773726286085,3.197498206893638,0.42814345757304456
1274,42.466242,0.08101106948398572,0.28982233212428815,3.0538882435615258,0.7295324865879287
1275,42.499575,0.07826064512712436,0.2868276886175686,2.002044331836427,0.8100617583384744
1276,42.532908,0.07757112382371689,0.282634976942739,2.8631413151543046,0.884723316720613
1277,42.566241,0.08024796276744035,0.2828686187731948,1.7802417776552504,0.9195471920143251
1278,42.599574,0.0818810942335415,0.2892713517278507,2.3504758455810375,0.9237346003161739
1279,42.632906999999996,0.07868432840461596,0.28945683631215857,3.0635768267468952,0.9736538558095436
1280,42.666239999999995,0.09906596479162205,0.28506936847990616,2.0821017019708257,0.748267857569788
1281,42.699573,0.08581805232095967,0.2924271114276672,3.6940673774113026,0.8778686634654596
1282,42.732906,0.0755471056851539,0.29223788925576366,4.748613458398084,0.8798379537118767
1283,42.766239,0.09010511837110022,0.286302928771792,5.553385761572555,0.791808244870703
1284,42.799572,0.07867805825568494,0.3012488243652272,5.5337266257050075,0.9953028114814272
1285,42.832905,0.09366052788736175,0.2953656896878951,5.105480494290557,1.0590396235733723
1286,42.866237999999996,0.08626817850358803,0.29622107760367444,5.747625725361479,1.2773745824926959
1287,42.899570999999995,0.08368984022795196,0.29757926835443005,3.8200064878813196,1.1928554128267703
1288,42.932904,0.07494878952550671,0.29862566402224244,4.589486265190674,1.3140988868571724
1289,42.966237,0.07499682305433453,0.3006053425646873,2.6215709377386465,1.2768695145148679
1290,42.99957,0.07674804520486474,0.29852965999644665,3.2614311194447443,1.3399994469649732
1291,43.032903,0.07677478899149319,0.28893859167871405,3.3858022906573257,1.3383618387129812
1292,43.066235999999996,0.07615420157221689,0.21400160542715546,3.4315178198005656,1.0216063394695523
1293,43.099568999999995,0.07582836437767793,0.10839483542126371,-0.6216409243422132,0.9964108907728096
1294,43.132901999999994,0.07494048060432523,0.10499122793842545,-0.2820452785299854,0.9584040525629072
1295,43.166235,0.07538753940710506,0.20916713603380618,2.426208715148591,1.1069864115528647
1296,43.199568,0.07459573100509645,0.2554115887593996,2.929210279870787,1.3967576443490424
1297,43.232901,0.07406522867607011,0.27887467393043774,4.4371698098961705,1.5631267194328295
1298,43.266234,0.07422119465415561,0.2947741261164437,4.555769660751465,1.703339996853565
1299,43.299566999999996,0.07486603672053613,0.29468836771485385,5.026936246553887,1.8113586637916332
1300,43.332899999999995,0.07487398748244296,0.29550987205666684,4.6646519637229495,1.8446872125200724
1301,43.366233,0.07474311114626002,0.2942462837720812,4.909048229651351,1.8142664032409306
1302,43.399566,0.0735589341588045,0.2930942566842303,5.181418420519897,1.9628360586003741
1303,43.432899,0.07304775766306437,0.289775569110595,5.1406347105059,1.7636119672166786
1304,43.466232,0.07409759430234325,0.29279209399969874,6.36385016848442,1.8336041181443041
1305,43.499565,0.07384799496199589,0.2978481405807575,4.789977773236385,1.6949471390136963
1306,43.532897999999996,0.0715025099705825,0.29855216258829864,5.787977775332922,1.6294883642985878
1307,43.566230999999995,0.07241608141338877,0.30063458617458516,7.258929343624156,1.6985690740441046
1308,43.599564,0.07914093565942051,0.30688418850399335,4.765915901758519,1.4013496291583862
1309,43.632897,0.13056271965349964,0.3016215595049321,2.107050944994165,0.898693460646532
1310,43.66623,0.15366360699950632,0.3042605542112371,1.5644369480855906,0.7838055556537533
1311,43.699563,0.1382863222635378,0.29118473882942564,2.742397756365915,0.6419117117174219
1312,43.732896,0.1335954908628239,0.23948059325571647,6.280080520485021,0.7442850699278283
1313,43.766228999999996,0.130494862923947,0.17968646604946423,-1.188590781679099,0.31415935238524195
1314,43.799561999999995,0.13964344724571626,0.1402124569765586,-4.796486352074443,0.1319547098722257
1315,43.832895,0.1829588044008268,0.12935033069766752,-3.949898514964692,0.27042820162057196
1316,43.866228,0.20007274909564512,0.12599724904377568,-4.580955184467865,0.27555892546243915
1317,43.899561,0.22468816037682415,0.1379233451638808,-4.718448442478572,0.38352203645954164
1318,43.932894,0.24183736458968133,0.13732242305358808,-5.251688342422371,0.5353762802554229
1319,43.966226999999996,0.25415607494541365,0.15233994127864872,-7.246781625175144,0.27451140506381577
1320,43.999559999999995,0.26886022141497273,0.140083153426535,-5.644837737114958,0.5293604703376262
1321,44.032892999999994,0.2823401028907899,0.11472514831272843,-4.386657097826737,0.5648309704654927
1322,44.066226,0.290095218089091,0.13027868159437284,-6.202991480919371,0.35986581403177875
1323,44.099559,0.3071122105788438,0.12625232367352768,-5.376666224073697,0.5542528096741153
1324,44.132892,0.3112080158014128,0.12866744893534937,-6.942530611236291,0.485901410451536
1325,44.166225,0.3156264932694843,0.1207611256381105,-8.176970276650794,0.1992363956537525
1326,44.199557999999996,0.31954313517677513,0.11119931349036628,-6.592497868462697,0.17671662812931083
1327,44.232890999999995,0.31877740223643397,0.11898137719243373,-6.973070521792052,-0.30486834592882467
1328,44.266224,0.33724152545452657,0.1149333456323758,-5.9331961659559775,-0.15007080937772269
1329,44.299557,0.34199161562964475,0.12870836523746954,-6.059577167859429,-0.27610735841070233
1330,44.33289,0.3371708271565024,0.12035392822208638,-6.803200123010591,-0.32969463913429636
1331,44.366223,0.3504913068609719,0.13556425786429518,-7.210987496715807,-0.23928793656307704
1332,44.399556,0.36761781411989325,0.12018821286773994,-7.093483365142681,-0.22508265407764913
1333,44.432888999999996,0.3671781425943527,0.11201898649120738,-7.68375118576025,-0.11101117181985248
1334,44.466221999999995,0.3712443602392118,0.11712193262507029,-9.093667612090348,-0.05613147450515477
1335,44.499555,0.36482126796200254,0.10503945855520203,-6.360117193528154,0.14972096474567304
1336,44.532888,0.36400161770634903,0.1118696768536278,-7.953318622196752,0.2527994938528095
1337,44.566221,0.359266840774698,0.11555065621921644,-7.937134703223279,0.20646557605573326
1338,44.599554,0.34230808363881526,0.11726747962702364,-8.870577740107368,0.05984087736404045
1339,44.632887,0.34957232700136914,0.11051050330792139,-8.839939044021225,-0.033999533912539556
1340,44.666219999999996,0.3323265206257889,0.12854773373017142,-8.267651722876874,-0.0997768908858087
1341,44.699552999999995,0.3259711109090269,0.11299333294119654,-7.408335098738153,-0.11309680912748253
1342,44.732886,0.32289786517982066,0.12799428151744469,-8.26483421011795,-0.15615257280423225
1343,44.766219,0.30418504340211705,0.12395518253310028,-8.175726540454209,-0.09923560832838639
1344,44.799552,0.29801712694193155,0.1178053297889852,-7.710347322746232,0.08069468092307548
1345,44.832885,0.2821765086882632,0.11410802080303473,-6.054867239817149,0.3356015790198976
1346,44.866217999999996,0.2734494314980635,0.1277877082294585,-6.12405264436119,0.41549236492321073
1347,44.899550999999995,0.26067250901484595,0.12404447460180731,-5.708183012192892,0.5748804160411402
1348,44.932883999999994,0.27340527154418093,0.13451464197217164,-5.032382426789077,0.6626513021408172
1349,44.966217,0.25282885993279886,0.12076811367605482,-5.2447737349010515,0.573373478038393
1350,44.99955,0.26618523970754276,0.1163656771580956,-4.515388497558188,0.528739118340061
1351,45.032883,0.26517707944138413,0.10500208854340493,-5.006031579725219,0.5741987602564776
1352,45.066216,0.28188537114003426,0.11397899867867396,-5.000327728993358,0.7104295408641512
1353,45.099548999999996,0.29529634729146925,0.10353119204442253,-6.23447363114746,0.7049022101958664
1354,45.132881999999995,0.2797102761674977,0.10248110524102827,-2.666242748296962,0.8868060071381694
1355,45.166215,0.2675538227858869,0.11115808125180195,-2.3644564183513515,1.2108578038543136
1356,45.199548,0.23183828844696588,0.12610643904370608,-2.6942464218967395,1.0593704840311982
1357,45.232881,0.21347052748011885,0.1180605105291693,-0.9313157394144989,1.1033929938580593
1358,45.266214,0.20338485785061658,0.11697690226234955,-2.6805916643182597,1.0069348941226222
1359,45.299547,0.19476314512745618,0.11914890345416385,-0.7975421329302218,1.2512667819116519
1360,45.332879999999996,0.19133026037324835,0.12348031085265765,-0.9980248716163421,0.9272979618394975
1361,45.366212999999995,0.18787449096613043,0.13301895210859205,-1.6719054919098404,0.4280516190676899
1362,45.399546,0.1894623081322715,0.13962538556242512,-2.9070733112589155,-0.14438271590375293
1363,45.432879,0.19413786827748528,0.12073534687409432,-3.042873847477197,-0.551048578103511
1364,45.466212,0.19056230954390446,0.12170219152678263,-3.991354405033375,-0.8264333215839094
1365,45.499545,0.17617386643821173,0.11725480226108159,-5.000939995294559,-1.0490837706736018
1366,45.532878,0.1742932992356549,0.14640941792807957,-5.702859773421323,-0.9488028448682706
1367,45.566210999999996,0.15271621418711068,0.13966676237602094,-6.335297467081227,-1.0826210492169646
1368,45.599543999999995,0.12251235064145283,0.12212328779560083,-5.170203487262383,-1.3534600121091174
1369,45.632877,0.11530837054817128,0.12659003203882874,-5.699238267942338,-1.2517812215651143
1370,45.66621,0.0827818221779896,0.12977767103451085,-4.695510423695146,-1.2289054019626406
1371,45.699543,0.09393300050552923,0.12248112836475532,-2.852875655984315,-1.253716867564537
1372,45.732876,0.11160049049222376,0.14218105728899375,-2.8371321398339457,-1.3600347420890202
1373,45.766208999999996,0.13234782629188527,0.1466348714816006,-2.3581876232373165,-1.256772686242409
1374,45.799541999999995,0.12113984353615558,0.1354956177046446,-2.083443781662015,-1.0186282097016932
1375,45.832874999999994,0.1191791118144341,0.1400824382043735,-2.6408728525117797,-0.4584309168738246
1376,45.866208,0.11430431277413217,0.16157435719229962,-3.5155327547332775,-0.704718108319251
1377,45.899541,0.10565898434937532,0.2034725311865762,-3.067363850529134,-0.21558013413337898
1378,45.932874,0.10901030410272321,0.2253642216715605,-0.9099783426755121,0.2527375771148318
1379,45.966207,0.11649444084178764,0.23671348649634902,-1.6123672983587127,0.3089157924964958
1380,45.999539999999996,0.12366665567075702,0.2504605251842059,-0.4185928875785724,0.9780189982311867
1381,46.032872999999995,0.11753051282794007,0.2577494311489069,0.7169779937449421,0.8780418998130695
1382,46.066206,0.11912873160959778,0.265350125268283,0.4108934785749642,0.6619773463157296
1383,46.099539,0.11393257167996182,0.26856012665822027,1.9029420890429243,0.4172561177092367
1384,46.132872,0.1237432809988521,0.2694679916105942,3.0423149633321316,0.21555311406456867
1385,46.166205,0.12402888155239342,0.27345432485091536,3.0559074324807525,-0.02219631493290826
1386,46.199538,0.13017571996004307,0.2696400385092378,2.5507952471829918,-0.1091976113481007
1387,46.232870999999996,0.14174207174430395,0.2814693157925029,4.103407396924591,-0.10671011233499425
1388,46.266203999999995,0.1441869654045552,0.284679580423923,3.8702244204182525,-0.19479003311488394
1389,46.299537,0.14685739487542576,0.28244661703273927,3.7748361043038314,-0.12983194882870988
1390,46.33287,0.13362411956573955,0.2919879178566325,3.8009065073498585,-0.10849437728021878
1391,46.366203,0.126402383900046,0.28249818292911066,5.014227754613354,0.15277154365021026
1392,46.399536,0.12073699387626617,0.2888419163723736,4.566966653122486,0.4124957389584715
1393,46.432869,0.10503248541700466,0.2882802390846567,4.847950953859957,0.884690883738269
1394,46.466201999999996,0.08704370244035588,0.2848488426479049,4.424775900820403,1.2203426268521773
1395,46.499534999999995,0.08402312345856792,0.28487090796543113,4.965627530661178,1.517274685138967
1396,46.532868,0.07662664715192022,0.27505111093457224,4.043637937688278,1.5114631242638539
1397,46.566201,0.0763818811646812,0.2817311845734721,4.7125843277433885,1.5034418305634607
1398,46.599534,0.07339291964337707,0.2777295557678283,4.091717581210052,1.3681603518660872
1399,46.632867,0.07485701658627593,0.27546535274081874,4.427889998630512,1.3272230093155184
1400,46.666199999999996,0.0755290856172233,0.2787504127592688,4.831785108194555,1.416873707092067
1401,46.699532999999995,0.07493488700886765,0.28032033747306523,3.5986874174047476,1.255893878152946
1402,46.732865999999994,0.07428268491689857,0.2793110202627468,5.094796342609927,1.4239532406268351
1403,46.766199,0.07485956102801856,0.2793175442760996,4.694360204839636,1.464938859130518
1404,46.799532,0.07322639266841692,0.2895302421292772,3.798186138501157,1.3996537115371777
1405,46.832865,0.07316685431811676,0.2947447534329848,5.017142882800232,1.6273606299854921
1406,46.866198,0.07267587338004602,0.28914071831123767,3.0631353107375827,1.635004752900098
1407,46.899530999999996,0.07289979671913221,0.29082628330677257,2.6742767326712094,1.5622478170182634
1408,46.932863999999995,0.0725014907545715,0.23319149289011964,4.180681868127543,1.4083809852462459
1409,46.966197,0.07397890849519997,0.11772653427876166,-0.24606819847605238,1.289806999359716
1410,46.99953,0.07359348556562698,0.12094800155293775,-1.6889851130715883,1.1052525183860098
1411,47.032863,0.07470264213167652,0.21559954043586804,0.7764955278070405,1.1009201482973308
1412,47.066196,0.07474475748503899,0.24626555101381226,0.940061996392499,1.4657029917516595
1413,47.099529,0.07381168697993647,0.27231842751474833,2.1980117622095094,1.5844070699525528
1414,47.132861999999996,0.07308115566949756,0.2858412238036076,2.7690887928600607,1.6703380512805315
1415,47.166194999999995,0.0728959867109724,0.28366368931089275,2.4893941134407536,1.7148329891279872
1416,47.199528,0.0733279287463345,0.28606779999186654,2.226679314912013,1.8440176008432145
1417,47.232861,0.07251498716852048,0.2872093811192419,2.360446446668852,1.7991538894534822
1418,47.266194,0.07327512845956727,0.2854678543009467,2.089969111821602,1.706325321895629
1419,47.299527,0.07365759556177157,0.27872199183590896,2.3128404763047423,1.6471187916900059
1420,47.33286,0.0741391697718235,0.29129444913366476,0.8476388557906971,1.4773859912905136
1421,47.366192999999996,0.07248553428359868,0.2865983170266996,1.7957090540440728,1.578420778558662
1422,47.399525999999994,0.07228980009990987,0.2891082207328752,1.426057435373006,1.5792708761062833
1423,47.432859,0.07378680932162149,0.28538178887641197,3.344229324986741,1.8068358003493192
1424,47.466192,0.07338787676818541,0.28118462693572377,1.9491416542249402,1.6425066199632006
1425,47.499525,0.07309405781417534,0.2749472783226501,2.670392683984792,1.764388444097001
1426,47.532858,0.07420129380383046,0.28808393423080464,2.0065955705689427,1.8925792357451685
1427,47.566190999999996,0.07312126105315118,0.29585093833713394,0.914612557452806,1.6354724529586495
1428,47.599523999999995,0.07547394724549147,0.28672333626239177,1.7907217998507146,1.8145604416907726
1429,47.632856999999994,0.07199713446657936,0.29268765996551793,2.8707372035460477,2.12541351463951
1430,47.66619,0.07989124946901872,0.293498719087129,3.737833487790287,2.1423478541027694
1431,47.699523,0.08088977184663564,0.2973125420471592,4.013627492373928,2.2404901475191865
1432,47.732856,0.07217972000680327,0.2756136564262077,3.1795313551389426,2.2110981846686473
1433,47.766189,0.07350679791412965,0.25725439159772434,2.830806267817658,2.1614032890313504
1434,47.799521999999996,0.07376716742028758,0.1442295459647731,-1.2342751554064613,1.5451888515313525
1435,47.832854999999995,0.07870229432276317,0.11185122752133969,-2.436100032989952,1.6405598488923747
1436,47.866188,0.07565480689944766,0.15289315542844134,0.3632669787536765,1.9515778982859808
1437,47.899521,0.07479514982786578,0.23439913655117167,2.153278453175564,1.8183345794594132
1438,47.932854,0.088940684694394,0.26396728682894705,3.0905673423612847,1.970417870490788
1439,47.966187,0.07392246668209174,0.27519408862340816,2.5163272130888203,2.052466039413509
1440,47.99952,0.07265303216987656,0.28433975338274403,3.3186261055338306,2.1878464896863137
1441,48.032852999999996,0.07232237373051761,0.2752781979037374,4.789720745506285,2.2270651851910506
1442,48.066185999999995,0.07199286265779895,0.2824586582293167,3.390366616184629,2.085444708948919
1443,48.099519,0.07047367662371848,0.2879416920202258,3.196262409340976,2.078218718760782
1444,48.132852,0.07148301348422455,0.29075925437637873,1.5604825374516527,1.8941762493986485
1445,48.166185,0.07141753134846456,0.2860722089441754,4.248780139603752,2.061339383236028
1446,48.199518,0.07248416044776519,0.2893095509275421,1.973697359020582,2.047454793065254
1447,48.232851,0.0715737445013786,0.28709332932911236,3.077377745606747,2.0002467838660527
1448,48.266183999999996,0.07118021237637934,0.2891365503007407,2.7796606115269933,1.8893687432706203
1449,48.299516999999994,0.07269137968657963,0.29246083836308406,2.570650112814934,1.6585372851695603
1450,48.33285,0.08873543511198634,0.29446306119064247,1.1043281835080474,1.376069027886923
1451,48.366183,0.07354977133828743,0.30118637398442816,1.4282016608489967,0.9987959324773193
1452,48.399516,0.07418646291991832,0.2925294956227743,1.621858535148799,0.5268281891619196
1453,48.432849,0.07438268204063243,0.2924994359603116,1.8894376621428206,-0.21459054943201977
1454,48.466181999999996,0.07777508305698658,0.28939595421218567,2.4997246814940843,-0.9683497143084311
1455,48.499514999999995,0.07978062503976366,0.2845957744261304,0.632728715445505,-1.506885140936709
1456,48.532847999999994,0.07741625207148255,0.2861098639309112,1.6202298651449358,-1.1530171923411185
1457,48.566181,0.07624661688236223,0.28629029083625923,2.0901522230814953,-0.6122631665023274
1458,48.599514,0.07560687519927402,0.2795181555543911,1.8160087786084527,-0.3869058081567339
1459,48.632847,0.07630202982105473,0.27350567496083444,0.976535637297591,0.07417582478842948
1460,48.66618,0.07624510888231917,0.2479223786836419,1.0027804410842809,0.27285978691472496
1461,48.699512999999996,0.07670060783944918,0.2522257033586223,1.9432574218508831,0.6782131030470431
1462,48.732845999999995,0.07718131795370753,0.2570363772953869,2.2190697788776395,0.9935542499509337
1463,48.766179,0.07409085086846162,0.2622494628156826,2.084675677723404,1.016936542698011
1464,48.799512,0.07355924461911703,0.254367453136479,2.8072854837462593,1.2082986289942415
1465,48.832845,0.07338748208186707,0.2533232868235313,2.7823392322316285,1.1689275634193457
1466,48.866178,0.07282622533350644,0.25477491829784277,4.0940948678231806,1.447287792272107
1467,48.899511,0.0725082015283259,0.2574954756487258,4.428339340856902,1.6279535352012788
1468,48.932843999999996,0.07200318310824623,0.27017500315448695,3.816097280156896,1.7330445367675544
1469,48.966176999999995,0.0740055382245582,0.2803654157055244,2.8307300439773724,1.7693689460063562
1470,48.99951,0.07711216140103115,0.2739226863310007,2.8138278538711927,1.8229847397724
1471,49.032843,0.0725205582771958,0.2633663530426373,3.4501794352170156,1.8512127300360972
1472,49.066176,0.07179405732618328,0.2709006207498207,3.430629279528338,1.6942280055137633
1473,49.099509,0.07388806082206877,0.2598387404652375,3.735669653964395,1.861007459568557
1474,49.132842,0.07740883580136919,0.2640675449238988,2.124608244519044,1.5953481203414308
1475,49.166174999999996,0.0741989202851558,0.18117641359409925,-0.5716438791015322,1.2797725208154993
1476,49.199507999999994,0.07638770801901779,0.12748079805174523,-0.6034500432715074,1.7799079358758767
1477,49.232841,0.07623441241290693,0.17002491574457546,0.20848618917817338,1.6700673425181893
1478,49.266174,0.07358154765242812,0.21335783323373597,1.5717215055561495,1.6681817084202832
1479,49.299507,0.07439688077766354,0.2434726675794895,2.300258041205105,1.7459049214651454
1480,49.33284,0.07337070068674446,0.2632140851074199,2.944427279819695,1.5588311925033502
1481,49.366172999999996,0.07437826062848547,0.26553908214809513,3.4973947848283427,1.6963594067660739
1482,49.399505999999995,0.0723572749923502,0.28968608188790695,2.6264275147424248,1.3823204021313455
1483,49.432838999999994,0.07366271722108038,0.27781167698238973,4.6229301631931845,1.6261504155051556
1484,49.466172,0.07314961486016862,0.28087899356828466,3.9580314520460362,1.4109058068231173
1485,49.499505,0.07280651173931298,0.28081045051221987,4.172892314429029,1.4388799352205242
1486,49.532838,0.07336871191001636,0.27799949260968376,4.6304492991071236,1.4627661577270676
1487,49.566171,0.07308377699714141,0.2701487428061811,3.1913441279149697,0.8364451461213314
1488,49.599503999999996,0.07500419528148787,0.21780899730960054,2.8235472645000637,-0.0842517760721605
1489,49.632836999999995,0.07369279872281287,0.15141322731272716,1.1607288475129176,-0.9324060654635963
1490,49.666169999999994,0.07408912951625561,0.1512804015605756,1.5492056493290898,-1.6193073513465714
1491,49.699503,0.07290159400919159,0.1461658614888917,2.3040130640263046,-2.5899829446902545
1492,49.732836,0.07882335266614761,0.1573789563503286,3.6317040032299968,-3.657573367672703
1493,49.766169,0.08880002598928768,0.1806237805195876,4.453431048367926,-4.623390073757779
1494,49.799502,0.07611977906205039,0.18515552731244567,4.326648009667952,-4.99915067509597
1495,49.832834999999996,0.0740030777089775,0.1861355956760773,4.929667725168617,-5.2599243705061385
1496,49.866167999999995,0.07401612743469822,0.2017225601868327,4.904252941484852,-4.6836053107005275
1497,49.899501,0.07512645117701713,0.20527101147877652,4.282324085784249,-4.144704344389409
1498,49.932834,0.07498202834007894,0.2119141483808356,4.06964768187571,-3.2527153104760758
1499,49.966167,0.07417184166837931,0.225725219067975,3.849542666653069,-2.138721082425242
1500,49.9995,0.07377740858732568,0.23708398369504663,2.1228230063311226,-1.3052416358146062
1501,50.032833,0.07554185688733459,0.24676765134278228,1.5831066762710888,-0.13703846256060764
1502,50.066165999999996,0.07552333048905252,0.24656260345297265,0.5821878036141632,0.7789840232218843
1503,50.099498999999994,0.0745522729397301,0.2475785715898066,0.4896783786548974,1.5254596165546308
1504,50.132832,0.07527516577504184,0.23864566014276575,0.5441224846150198,2.0485939645953026
1505,50.166165,0.07452419747128888,0.24758481720649742,0.4569366866616033,2.134583836656104
1506,50.199498,0.0745446069424968,0.2449444819301485,0.020235229479217135,2.060160849717347
1507,50.232831,0.07320513845971591,0.2500507335890293,-0.010585224750852862,1.5101494010796894
1508,50.266163999999996,0.07451754159160565,0.2563403128588784,0.994145153544885,1.0077344228530345
1509,50.299496999999995,0.07385575036183242,0.26076317078925826,0.8927464695398218,0.09277899759323464
1510,50.332829999999994,0.07420453208045719,0.2655418021565361,1.404024133916746,-0.3563192449977248
1511,50.366163,0.07282844056814343,0.2758556154911632,2.4045742094249776,-0.47793594712040766
1512,50.399496,0.07259681990224053,0.2787122521935862,2.1562866948369472,-0.3622014725967033
1513,50.432829,0.07307807783421716,0.27676676463226046,2.9905348408104464,-0.1514029132978043
1514,50.466162,0.07379327321461246,0.2778596099765668,3.279510489183773,0.016562822567894823
1515,50.499494999999996,0.07339570292787756,0.285666415989845,2.1237721099833626,0.3581026138206414
1516,50.532827999999995,0.0727274188486053,0.2804710222708414,3.301279826417588,0.6396640012481025
1517,50.566160999999994,0.07800552161544988,0.27801162698114634,2.9632363741262306,0.967848157576361
1518,50.599494,0.07371639090617975,0.26991253858211856,1.5958810867456434,1.121487328698538
1519,50.632827,0.07242530362122601,0.27762695663581183,2.3569847137365088,1.1931822229042373
1520,50.66616,0.07212173938379407,0.27674555510350224,2.0857455941484093,1.3253573682253126
1521,50.699493,0.07243541764635214,0.27366796762024265,1.9526040546410892,1.3692352090429867
1522,50.732825999999996,0.07373698672182741,0.24021637870717308,2.476655117286932,1.1018037679577042
1523,50.766158999999995,0.07485824898823251,0.11311546948502411,-0.4765273192726683,0.775722030392605
1524,50.799492,0.07593223452032348,0.0997354704620653,0.6149604571252593,0.7034676586464818
1525,50.832825,0.08043271478029901,0.16973471755333513,-0.19303688034031455,0.050376085525803395
1526,50.866158,0.07555435059358068,0.23135436920439484,1.5472203629522838,0.08227816985947146
1527,50.899491,0.07414815120279636,0.2497322814140726,1.6805172634506125,0.19612393333435327
1528,50.932824,0.0727893363705328,0.26706977077283145,4.267624124673068,0.3772463511929468
1529,50.966156999999995,0.07235704859369867,0.26962159753214043,4.201905711198079,0.5081280358141709
1530,50.999489999999994,0.07255903869533677,0.269416965969982,5.467516182837566,0.6713040814524405
1531,51.032823,0.07365886300251227,0.275073279533108,4.193460975206997,0.4696589824057222
1532,51.066156,0.07363492337728272,0.27779375679287643,6.073388450502346,0.6543839404544449
1533,51.099489,0.07281870881654941,0.27470345639948424,6.2282394757466175,0.6714265914755678
1534,51.132822,0.0746740339955047,0.27880303888419233,5.849403660259769,0.23213911874093743
1535,51.166154999999996,0.09570044186405426,0.28661766920639026,6.993415290376428,0.05104187379168776
1536,51.199487999999995,0.14667798498665605,0.29013568306769527,4.726237822363413,-0.1464489133801116
1537,51.232820999999994,0.16916390425977126,0.28721996881359785,3.479946436373132,-0.45144148364219433
1538,51.266154,0.16886653624389977,0.2854056745493869,4.842381819860918,-0.3693596056343245
1539,51.299487,0.1733538883471839,0.2788429005978789,3.450858576211688,-0.361261391146604
1540,51.33282,0.16471078263303288,0.26921070324722596,3.049738555093648,-0.5013438496946211
1541,51.366153,0.17102579583322414,0.24208257897131585,3.832390339897905,-0.4196138571060819
1542,51.399485999999996,0.16990446163793163,0.12927661584748446,1.3017462600006404,0.11816038288242918
1543,51.432818999999995,0.07975473308113051,0.09724133220982882,-1.5976295632193287,0.37726907091614326
1544,51.466151999999994,0.07679359144166693,0.09227341648931028,0.13771702322307056,0.8573824439783262
1545,51.499485,0.07582740680929541,0.1253018897370145,-0.2001347647223092,0.7009431083526761
1546,51.532818,0.1420211499952506,0.20310700678816407,0.6514105104524659,0.8079456362718003
1547,51.566151,0.18967869459234904,0.24106777762965806,3.265403832313764,0.9486069434021942
1548,51.599484,0.18524538328521,0.2591186847618322,4.427203265838338,1.0192315950068438
1549,51.632816999999996,0.1754950620117751,0.27245764722365007,3.7658795070915856,0.8990874550747667
1550,51.666149999999995,0.18046465231771608,0.2767288072596058,4.259204717888105,0.8334673356644949
1551,51.699483,0.18422738491228655,0.28514336787739225,3.878230958283927,0.6888993073144752
1552,51.732816,0.18576517234627404,0.288816209211165,2.89950079709361,0.6354948524191424
1553,51.766149,0.1841118348878676,0.2837728793274983,3.1983536514594664,0.6918174707733616
1554,51.799482,0.18762650143800955,0.2866618745314248,2.3816902244976825,0.847973033324882
1555,51.832815,0.1879009243422761,0.2843159108880768,3.316456609503058,0.9385064422867931
1556,51.866147999999995,0.19638433592436427,0.2886491031233588,1.5314327166173625,1.0689667684345245
1557,51.899480999999994,0.1909425298563488,0.29051924874591717,2.6094372455515,1.0358115283859675
1558,51.932814,0.17727690403981702,0.2946593661553517,3.5297494731781125,1.3219395910680263
1559,51.966147,0.1602259687506365,0.2952650430967128,3.0997832044349907,1.250928680978669
1560,51.99948,0.12146632523128138,0.28662130511833744,4.968214670145894,1.6048483040498416
1561,52.032813,0.07448238959159525,0.2931202336203117,3.1431712573148163,1.7332112370656192
1562,52.066145999999996,0.0766777987877342,0.28258751604209165,5.272303580800662,1.964984359214753
1563,52.099478999999995,0.07885824828618543,0.25721300945538117,7.407117636597762,1.897446546025371
1564,52.132811999999994,0.10046574419535875,0.11794563213974937,1.7961929730554715,1.0614080660635787
1565,52.166145,0.17952171642382606,0.08035752563169847,0.2694155214393146,1.1056044781551437
1566,52.199478,0.1757911944273467,0.11112252043451627,-0.5643975865238565,0.7461033418683495
1567,52.232811,0.1329899027605592,0.18950568450718944,-1.7458393489286372,0.49209769806031073
1568,52.266144,0.12195365913647782,0.23335286640643887,1.8124602189019867,0.6916935735856157
1569,52.299476999999996,0.11873158134325343,0.2584673531016821,3.597336784002502,0.6923836407609348
1570,52.332809999999995,0.13540250537820728,0.2788490026181435,4.908194347770994,0.8174134117018149
1571,52.366142999999994,0.13036090786710264,0.2817988590757161,3.036051898896069,0.9969658070281279
1572,52.399476,0.1320756855323103,0.2938506107307701,4.197686522429627,1.2227652314345576
1573,52.432809,0.14297900171086775,0.2926685031380938,3.7004606468894585,1.4244079953019644
1574,52.466142,0.14114747391861882,0.29522271908160314,4.0694124522517425,1.5295099398639038
1575,52.499475,0.1303031532065563,0.29279969206801204,2.423836521125293,1.183788822836082
1576,52.532807999999996,0.13024642613250292,0.2837821797113512,3.0025586463552463,1.5439522417806548
1577,52.566140999999995,0.13545608628199424,0.28393175250515007,3.3857025674062178,1.5048600506335215
1578,52.599474,0.1292688683731711,0.28574711813847065,-0.34201750496905536,1.3788021745587142
1579,52.632807,0.11345045808718429,0.2795246898406816,-1.9953192388518926,1.7478024859395396
1580,52.66614,0.07898290439658527,0.2831539511935852,2.255774487807671,2.227835217498809
1581,52.699473,0.07837868839884202,0.29167231920345055,5.788891223225201,2.4068373150248465
1582,52.732806,0.07914452454441617,0.2708007939883448,5.91748688340834,2.1012947197997422
1583,52.766138999999995,0.13104441741064596,0.2062765891430276,0.6735254585206208,1.515848077650128
1584,52.799471999999994,0.18699969398828492,0.09870430386488215,-0.6539064182645559,1.6086172940484107
1585,52.832805,0.19770612097832693,0.1126614163531453,-2.2521193710204996,1.6294067667928167
1586,52.866138,0.18160962663131552,0.16177300679469592,-1.8397675067414063,1.4156205406757494
1587,52.899471,0.14006568713265322,0.24233559397327026,0.48834012715966196,1.6670102510631004
1588,52.932804,0.07261539632325643,0.2703487544097765,4.29766300978666,1.637504121416009
1589,52.966136999999996,0.07102928304279313,0.2858460904579711,7.207688871886676,1.9291356400855157
1590,52.999469999999995,0.07571835552590397,0.2957773804675091,6.644768026974953,1.6006915597991458
1591,53.032802999999994,0.1287666825653926,0.28985309659610536,4.157402749045417,1.3845081674298165
1592,53.066136,0.15758381538772603,0.2938608882564734,5.188751769085412,1.29803877009477
1593,53.099469,0.15415641670883376,0.2925310214170573,5.529765096526647,1.1235165557595523
1594,53.132802,0.14927610397830557,0.28253166950727804,3.6237743347254914,0.9144699147570738
1595,53.166135,0.14181740772857343,0.27748168315250443,4.382182749396895,0.736522557167642
1596,53.199467999999996,0.13415189726639354,0.2836528270266977,5.279639190554486,0.6065512966788527
1597,53.232800999999995,0.09523899382207772,0.28056138776809847,5.558081941722087,0.6681981437584262
1598,53.266133999999994,0.07130060307740145,0.27210888525761634,5.201297903533137,0.6370439157960496
1599,53.299467,0.07443815972501569,0.26215910402169795,5.300523447294515,0.4523068921248391
1600,53.3328,0.09235212331765413,0.28561515357796435,2.3605397647675557,-0.01024162960611726
1601,53.366133,0.10807415944710996,0.29093950753339826,4.424862553279918,-0.21041882756275385
1602,53.399466,0.07247408448443173,0.2956967322859545,2.8314928117741105,-0.32195495184694956
1603,53.432798999999996,0.0698315143167393,0.29335433545985956,3.4526334081652275,-0.48765343825182994
1604,53.466131999999995,0.07378057350774295,0.3050712630223986,3.5567379754333386,-0.6966362645016747
1605,53.499465,0.12315722077946986,0.3060331574462798,6.32311264712872,-0.5030926237616404
1606,53.532798,0.1265173537961005,0.31013028229161066,5.007036096502974,-0.6979932935257315
1607,53.566131,0.12963885312573076,0.3098211532370868,4.00827851567423,-0.6154710807981997
1608,53.599464,0.1293127974300089,0.30912826015223355,5.226332442731857,-0.6001393243763539
1609,53.632797,0.13303134341454922,0.3084514257633829,5.143566311879941,-0.426140321950853
1610,53.666129999999995,0.14591540839682357,0.30119049418582167,3.472256753436981,-0.37480800840842865
1611,53.699462999999994,0.15665047155473844,0.298859767366283,2.946265310552178,-0.4489337733315279
1612,53.732796,0.11947767920064356,0.30365852731907783,4.291210585378438,-0.14866574810783936
1613,53.766129,0.0746131554835679,0.3068774958259686,5.208219442687901,0.08803984155846288
1614,53.799462,0.07765585906796846,0.30460775908976895,6.686759814545774,0.3219336378746325
1615,53.832795,0.12432616977283757,0.30591004570163594,6.751033106870141,0.39711339552133823
1616,53.866127999999996,0.15166814121585603,0.308012891286902,5.371962671208237,0.3057849363700269
1617,53.899460999999995,0.15628943437425924,0.308088695847313,6.68687297007677,0.4258334074904258
1618,53.932793999999994,0.16046617190176077,0.3107043166058784,6.952024519466293,0.4708654776278803
1619,53.966127,0.13661959355991948,0.3077036086912157,8.746371914950508,0.8139645781468883
1620,53.99946,0.07312983913061821,0.30344876711159924,11.390605365486023,0.9590956517202398
1621,54.032793,0.07014597091904527,0.19174293400118048,11.931319221817198,1.1618230429175116
1622,54.066126,0.07099110667491275,0.11336052968898694,11.481332323243787,1.420675052704879
1623,54.099458999999996,0.07421106497648185,0.0896120093076875,9.859680500564316,1.456756697235531
1624,54.132791999999995,0.12095948484040782,0.0960478145485309,8.14485545908612,1.546251416064441
1625,54.166124999999994,0.08966049863135399,0.10028433243189186,6.862678195618177,1.416702043152956
1626,54.199458,0.07617874311698536,0.12200960020283527,8.345885586344918,1.5622136529292434
1627,54.232791,0.07248240538973054,0.1693291528843037,9.897209032884971,1.5664842109645372
1628,54.266124,0.07148942489968287,0.22368338521816122,13.909419449734889,1.5512695635677658
1629,54.299457,0.06705421121802362,0.2617103919625049,17.282352164400454,1.9723848772340016
1630,54.332789999999996,0.16595330721364124,0.27946218967700165,18.897083271284853,2.1592298615707843
1631,54.366122999999995,0.17985945251497878,0.29692316763924276,18.150768721369918,2.6313496691465597
1632,54.399456,0.14810232734677764,0.27636277071268683,16.67715251230964,3.0664268376270707
1633,54.432789,0.10602721222716328,0.28439725708216645,14.029621756928744,3.184394392994277
1634,54.466122,0.09590162327457662,0.2832218085940958,14.616050261718778,3.6257964379381984
1635,54.499455,0.12090473918206225,0.2840645623599202,12.84808870027875,3.4285265443943693
1636,54.532788,0.1242564974973955,0.29895144733929035,12.856336613684409,3.5062234141857243
1637,54.566120999999995,0.13247876359628932,0.3081325462280753,13.253734073455918,3.5487888386451334
1638,54.599453999999994,0.13240911910711542,0.322265323450046,13.186139426662344,3.3219017621485762
1639,54.632787,0.09281369539904309,0.3321883674795628,14.701677437351774,3.3314917955462215
1640,54.66612,0.07287682911611212,0.3373642616920383,16.643152784512512,2.8080879691149745
1641,54.699453,0.07447337538639065,0.3519068726968552,17.90795003182981,1.6506901578662128
1642,54.732786,0.07097973498871703,0.354230479366637,15.886925715648399,0.22438797757837167
1643,54.766118999999996,0.10557098968113612,0.31392433260118224,13.739788671341124,-0.5007804827662169
1644,54.799451999999995,0.1342463400973596,0.30192726705435124,12.338051584383944,-1.2639271617693613
1645,54.832784999999994,0.13198309336847186,0.30621509562507354,12.540639776488899,-1.7002088102751656
1646,54.866118,0.12923340418946316,0.2997560219881549,11.838371813767283,-1.6760845637825361
1647,54.899451,0.11924820325367474,0.2991444958391676,13.482768584341304,-1.1636595016101665
1648,54.932784,0.12637134981183623,0.291309254027568,12.153774934046938,-0.9547042169606931
1649,54.966117,0.12133215306025646,0.2950896916720832,12.938895930769096,-0.1593639135157764
1650,54.999449999999996,0.11604730623932456,0.29123284959060836,9.652111370042434,-0.06245332660159782
1651,55.032782999999995,0.12077334781451379,0.29065366461385866,8.466354065458873,0.5408140559290264
1652,55.066115999999994,0.11551649872898995,0.2967116531205637,6.937739950709009,0.755158649836089
1653,55.099449,0.1224681042362358,0.2865708264166807,6.750108896689436,1.244692595465403
1654,55.132782,0.11161287740903719,0.2814813069505788,5.393130791246913,1.4609754939305135
1655,55.166115,0.10808473141204984,0.27192135891569963,4.137815593259904,1.5942282742067797
1656,55.199448,0.08826236089745121,0.2730236744167992,4.735512465844536,1.516910087862665
1657,55.232780999999996,0.0896306539630475,0.2712302432956658,3.185582530343328,1.335283904093541
1658,55.266113999999995,0.12349718266710916,0.27197299630061367,3.5968891935973732,1.041432515956212
1659,55.299447,0.1290382322159194,0.27348984268107546,5.802688391695622,0.7997826613202653
1660,55.33278,0.11458338518819808,0.2876682024762514,3.684254103052229,0.4719135166915214
1661,55.366113,0.08216334118804786,0.28238596035894237,3.849464754749683,0.42542623132552587
1662,55.399446,0.07935478258738582,0.2852669214579572,5.408974411560834,0.9325545808243448
1663,55.432779,0.07993966389721195,0.27313503426167945,6.476154436140739,1.2633833821725617
1664,55.466111999999995,0.07579143525597942,0.27274029436494174,4.399254588658568,0.9878407517435326
1665,55.499444999999994,0.07845846512712709,0.27304810511824273,3.321001673366033,1.1834751082728834
1666,55.532778,0.07908463587149865,0.27203144973391113,3.1256256657234034,1.2879156408115189
1667,55.566111,0.07874538595545057,0.27238747756163423,2.0031165594752687,1.1389306062867948
1668,55.599444,0.08543488414482882,0.26414438638876125,1.8512423970075156,1.4317325128028378
1669,55.632777,0.0941768489019136,0.2681410373379199,0.3645368227269558,1.2915310093001982
1670,55.666109999999996,0.10820619230102488,0.2742965821200996,1.1100177165133611,1.1263425051198983
1671,55.699442999999995,0.12092888105208056,0.2795657916897968,0.4190446537979438,0.7702672873855759
1672,55.732775999999994,0.14793342824619354,0.2765904464532732,0.540591063487687,0.7550933093312042
1673,55.766109,0.16582063737172556,0.2739510566196194,-1.5569694270565,0.6346165429086851
1674,55.799442,0.16388674021148428,0.2659976776634154,1.0771018120649833,0.7985161088158876
1675,55.832775,0.13879101186183734,0.23819991930963502,1.6552473442413156,0.7520825392367153
1676,55.866108,0.08317945185870465,0.1372279831805791,-0.1215218159555076,0.9236377096475236
1677,55.899440999999996,0.07467675558702788,0.14362238795425258,-0.7026475481637169,1.2632536827190926
1678,55.932773999999995,0.07812535859066451,0.1594761484099702,-0.5181326963697965,1.1080689733461873
1679,55.966106999999994,0.08156015293295255,0.21731020175112187,1.3202946959784767,1.7110164319350791
1680,55.99944,0.10010844450685458,0.26061573865123433,2.5128839920749955,1.791136453237911
1681,56.032773,0.10656786101015439,0.2774103139522991,1.8479406570459955,1.7094175494940513
1682,56.066106,0.11224880334083683,0.28301695325943244,1.9337816736193973,1.8448012305133774
1683,56.099439,0.11471816497157747,0.28758916482477814,-0.8309773594439267,1.7095538209359642
1684,56.132771999999996,0.12881343244875335,0.290967959092085,-0.05309704233083831,1.7916339171635505
1685,56.166104999999995,0.12583788121861378,0.28979399978116055,-1.9865457079152709,1.7734448117589683
1686,56.199438,0.07621919497801694,0.2869663487820744,1.6516744499647127,1.8635455903134002
1687,56.232771,0.0741809359737713,0.2957442764229954,-0.23392326432397226,1.8667014978603615
1688,56.266104,0.07371825148330872,0.28070376360654037,3.2679817878614186,2.0926610476732392
1689,56.299437,0.08020117132765064,0.2808816023429248,3.8610046862170138,2.0755348176389323
1690,56.33277,0.14662848210346358,0.2891062912312966,1.6755435668694005,2.002296635965388
1691,56.366102999999995,0.13779869564947939,0.2881430214414936,1.4196552420460442,2.0118058564700836
1692,56.399435999999994,0.13597342245991004,0.28927628846760667,1.6084871776960354,1.8704548064908773
1693,56.432769,0.12657603461474526,0.2928056457645427,2.4109734421839053,1.8858235833086057
1694,56.466102,0.11924282111503047,0.2895769583222243,2.7263638697382233,1.9330054483496681
1695,56.499435,0.1237694663570167,0.2920108377253857,3.1212381653693857,1.814935247106879
1696,56.532768,0.12439726997567997,0.29067175429889297,4.163325771973546,1.8485448979581225
1697,56.566100999999996,0.12391964152937623,0.2843190972073375,3.357391678217319,1.7685112286011488
1698,56.599433999999995,0.12517920771391253,0.29030669385670127,1.7485501456362222,1.7491905085815282
1699,56.632766999999994,0.12099101629610336,0.28357186104900456,3.8586380029686884,1.9184473822420705
1700,56.6661,0.11919836106152347,0.22791135404389345,1.2123002033984582,1.4689841833040311
1701,56.699433,0.12101177391087219,0.12566876431175478,-3.3593361419575727,1.3668284162802022
1702,56.732766,0.10858522221357034,0.11196172341521513,-2.7348097331520256,1.6619334476247958
1703,56.766099,0.09606448875423976,0.09731178385208555,-1.9377897296474444,2.1022334450879105
1704,56.799431999999996,0.09409019452692556,0.08803296962194987,-1.7093160257928668,2.330466248351213
1705,56.832764999999995,0.07753884904925808,0.12386817873070932,-3.2490161279207523,2.2113703423259112
1706,56.866097999999994,0.07692181680289792,0.10889307258266775,-4.399507104905403,2.0929619774043626
1707,56.899431,0.07559583698597994,0.14486673834331054,-3.9064554380641177,2.2083549128760573
1708,56.932764,0.07505757270819904,0.17783572775118903,-3.665886535303426,2.622464541950875
1709,56.966097,0.07621186835815107,0.21742821659993858,-2.6709848902272073,3.0835213272594078
1710,56.99943,0.0767867925562322,0.24338419980420556,-2.0258050045400595,3.2011741556211057
1711,57.032762999999996,0.07681527688446818,0.25974414989876693,-2.5261903787747415,3.344728393970576
1712,57.066095999999995,0.07916515944056843,0.2696794120723206,-2.7681283435532213,3.413747802186421
1713,57.09942899999999,0.07678250259960732,0.2893501004889349,-3.529359865731925,3.493187216481354
1714,57.132762,0.0791075442092387,0.28784249852913146,-4.235451410855148,3.508116344545361
1715,57.166095,0.07790167961449576,0.2909293936240087,-3.1566013686632415,3.517142023633543
1716,57.199428,0.07890004535314922,0.2890951935906222,-4.115351780995494,3.416606266177668
1717,57.232760999999996,0.076853066526424,0.287041367343515,-4.368754556648412,3.2068302698236737
1718,57.266093999999995,0.07672440550775188,0.27855013198606754,-4.155591400506737,3.3524682549977327
1719,57.299426999999994,0.07926668937877214,0.2624175267117714,-3.627620675013929,3.2655968982883636
1720,57.33276,0.07823239943563945,0.18747185057640953,-4.780471764332874,2.7883624330767143
1721,57.366093,0.07586208940202659,0.15404470827037178,-7.807766401865202,2.3474927472488503
1722,57.399426,0.07643238206091656,0.15667050220466866,-8.760427260274264,1.9284495284569236
1723,57.432759,0.0760629550720783,0.15213356881691936,-9.760397479578659,1.8118229661846963
1724,57.466091999999996,0.0753852895194898,0.16559387300779593,-8.622077548705397,1.6202064675650394
1725,57.499424999999995,0.0777882609987334,0.21228777506116808,-6.668458144445868,1.8642128495401031
1726,57.532757999999994,0.07772850736664208,0.23345150277618,-5.768750195849953,2.2258123107515995
1727,57.566091,0.0777656677395785,0.2577803871988388,-5.352385105790154,2.277743150906056
1728,57.599424,0.0777529072779387,0.2698451497069386,-3.9165815879004513,2.380287076714192
1729,57.632757,0.07793588724122147,0.2754246677000707,-3.7687018691857066,2.5470788231857684
1730,57.66609,0.07779112939342368,0.2793910283004295,-3.711919007416409,2.536799709004825
1731,57.699422999999996,0.0770077766078422,0.28074682359958597,-4.301683071192436,2.499232747993002
1732,57.732755999999995,0.0781178710303986,0.28846369299142033,-4.497068008391736,2.542185675251142
1733,57.766088999999994,0.07860027019139307,0.28009021309985643,-4.2935989862580195,2.106245883270503
1734,57.799422,0.07824443222240174,0.29402473755225733,-3.8848410289180593,2.2671029812370036
1735,57.832755,0.07852811338564425,0.2948796313961531,-3.3768198299208865,2.19303459126146
1736,57.866088,0.07747627342615285,0.29220311140537525,-3.4344275254869867,2.0900262199925033
1737,57.899421,0.07864180654529879,0.2931688951264293,-3.1788017613556843,2.0531877826047054
1738,57.932753999999996,0.07763937280638115,0.2949213800081363,-2.2925600049478647,2.037114666669424
1739,57.966086999999995,0.0781406251769934,0.296752296500164,-1.7382076511673934,2.113505238324821
1740,57.99941999999999,0.07641756239374428,0.29807428459948304,-1.4560904175240783,2.303285902768009
1741,58.032753,0.07644579544211842,0.292125527556071,-0.46466067962286,2.348311789055986
1742,58.066086,0.07688166543105612,0.2994792548870988,-0.4285791853424953,2.3578058256614103
1743,58.099419,0.07600783837032099,0.2941373165259862,-1.3352607105919458,2.3725515691812142
1744,58.132751999999996,0.07688873797594209,0.29395215951913456,-1.8037444744453688,2.307703251999342
1745,58.166084999999995,0.07761927953536624,0.2955626590124894,-0.7393143999555934,2.4257524028181923
1746,58.199417999999994,0.07704056031986306,0.2961539657755671,-0.37917826956859085,2.355463081586875
1747,58.232751,0.0782061480916321,0.295562286614424,0.2262085089755632,2.3954370852721767
1748,58.266084,0.07761389814150031,0.2980592575236455,0.8232130155082272,2.277279180134067
1749,58.299417,0.07770834227775025,0.3016772238768871,1.682498386301172,2.4199454993722314
1750,58.33275,0.08891153449525946,0.2999812161440658,0.6872066928809822,2.164850048068407
1751,58.366082999999996,0.12095061461957204,0.3058789855120841,4.0471654217311315,2.1921071177391918
1752,58.399415999999995,0.12349425971385994,0.307050044822093,1.835233575152611,2.12639078203433
1753,58.432748999999994,0.12350323848674025,0.3020001298762964,2.517780279462942,2.1093886098810914
1754,58.466082,0.11536743714938534,0.301906781592417,2.246044259875754,1.9679310906355911
1755,58.499415,0.11748118493540963,0.3022454394015215,1.5028181041438866,2.013543160317939
1756,58.532748,0.11407327086792822,0.29749025674764595,2.0017634746272415,2.0541902230282467
1757,58.566081,0.12115113107036739,0.3009553571742733,2.436344306787975,2.022427287530509
1758,58.599413999999996,0.12355937645374476,0.29893035491331393,2.351795099763723,1.8589112220501283
1759,58.632746999999995,0.12438193006177763,0.25734362030325053,1.7604693112449787,1.7387455849646833
1760,58.666079999999994,0.11824194049191092,0.17829744017751853,-3.9264082821240045,1.3317992957038192
1761,58.699413,0.1172455973776774,0.19088442863647043,-3.079811759490532,1.3986694921327756
1762,58.732746,0.12349978575309167,0.2310379047290872,-1.4912981728288344,1.660167012844584
1763,58.766079,0.12777002323636868,0.25977429350155956,1.4646424791627086,1.7713072620807153
1764,58.799412,0.12831857769319036,0.2738818919535897,-0.6777744102827293,1.8110803660307522
1765,58.832744999999996,0.12853341610998203,0.28727763132739015,0.9524969898008724,1.7758091869579493
1766,58.866077999999995,0.12905589488645988,0.29818128915959086,0.7585284581368666,1.7822620536606328
1767,58.89941099999999,0.10635297919596982,0.2884194852735457,2.1327609650075954,2.0116622836408067
1768,58.932744,0.09303068493770188,0.28536715628415893,1.8997709967682503,1.9916605174012174
1769,58.966077,0.08489417630356619,0.28273457665978885,1.4020247844223008,1.8140420286817585
1770,58.99941,0.08709388510827805,0.29080510328961295,1.258640654151746,1.7930523602787685
1771,59.032742999999996,0.09805896479371029,0.2868369127085434,0.8453354897838764,1.7407376322265153
1772,59.066075999999995,0.09746418772746838,0.2846665405350103,0.2901105520999937,1.6660578515401303
1773,59.099408999999994,0.10133050841585504,0.2877478730988037,1.24052506974363,1.8382732370483397
1774,59.132742,0.10176268482469529,0.2913510673605384,0.3660613132907191,1.7892265027634207
1775,59.166075,0.11018162971366707,0.28872336642839913,0.669807451947873,1.7294907389429404
1776,59.199408,0.10822079169638299,0.298478291548676,1.2436144351878258,2.064718549161654
1777,59.232741,0.12405390069633689,0.2910066151184518,1.5341613024285439,1.9318745773944463
1778,59.266073999999996,0.12734225846442337,0.28962017357918124,3.6894368863834,2.1940984209725674
1779,59.299406999999995,0.12150095766627157,0.2743114434842457,2.2321382600215296,2.273711913606267
1780,59.332739999999994,0.1365231867896174,0.23229776689967838,-1.2170710178118698,1.97693461999597
1781,59.366073,0.1408228513880594,0.1859459552704944,-4.360492742148847,1.656401389249592
1782,59.399406,0.15458880246248682,0.12282270040542248,-4.715788152911353,1.9779344708921638
1783,59.432739,0.1568104982543899,0.10856707362976653,-7.330942836611027,1.7839971554454932
1784,59.466072,0.17056773121103078,0.0958875883564783,-5.983196543247573,1.774743848455521
1785,59.499404999999996,0.18668640289562874,0.0934082219869329,-5.016472441919915,1.875081499147757
1786,59.532737999999995,0.1947304883234243,0.08915639341258705,-3.5845061155877604,1.9602024887898417
1787,59.566070999999994,0.23348147525845334,0.10501166671586813,-6.8296904257559605,1.3664734519071466
1788,59.599404,0.27036788946938256,0.10041850283211695,-4.6053967737563895,1.6310422125199837
1789,59.632737,0.3100103406948633,0.10388985199997619,-7.008540198550788,1.6089551227765069
1790,59.66607,0.34894374642382375,0.12309630967444377,-8.440894116616219,1.7879618430381226
1791,59.699403,0.3563257914943299,0.10486668329915164,-9.537395276658913,1.817930378367242
1792,59.732735999999996,0.362400930162784,0.10540693405892117,-8.979508432887771,1.9724638878961749
1793,59.766068999999995,0.3671793814066614,0.10587036468291598,-7.572350066627328,2.0760061246924884
1794,59.79940199999999,0.3843969882983747,0.10470345983420559,-7.7850226193823575,2.282613380104487
1795,59.832735,0.3718001914539356,0.08799289506765604,-6.301356787666388,2.164567531992625
1796,59.866068,0.3757299668339795,0.09984706474786742,-8.463856523899162,2.0848316572778898
1797,59.899401,0.3853777357501562,0.09311196250328521,-9.075406101551557,1.6521428663079512
1798,59.932733999999996,0.3935388038484739,0.09181807723013666,-9.059637648927904,1.7171999494298238
1799,59.966066999999995,0.4104089729455574,0.10790586166965546,-9.424221740640544,1.2577427142267623
1800,59.999399999999994,0.4378431411985588,0.10330646344761295,-10.100309191558187,1.0192315411008663
1801,60.032733,0.4475746212850883,0.12505526890503732,-13.02874056026694,0.46247761994036857
1802,60.066066,0.4623735718778676,0.10547806195536101,-12.012676618661468,0.6434360532423796
1803,60.099399,0.4833605862182327,0.11943300469470108,-11.671243760395082,0.6043982028891712
1804,60.132732,0.490467722164564,0.10223164891312678,-10.802075710390252,0.9456005386073079
1805,60.166064999999996,0.49873778496188514,0.09950728770703621,-11.128145734482212,0.9685623871288807
1806,60.199397999999995,0.49714302846782915,0.10745313733333059,-9.84964360413964,1.1240970084229078
1807,60.232730999999994,0.5109419871776378,0.1036067679407602,-9.782705477867607,1.4129678692078202
1808,60.266064,0.5264448424548263,0.10542035950738435,-10.495392556580391,1.6331033295994155
1809,60.299397,0.5252558392965957,0.10324206385689486,-10.17459807452577,1.336938355777931
1810,60.33273,0.5211557527326315,0.11325553682832123,-11.588237869962297,1.2661999660869847
1811,60.366063,0.5289765503083415,0.12833587164082422,-11.880494524077363,1.3188579689858226
1812,60.399395999999996,0.5106555028065067,0.13356005477996266,-11.13808812262682,1.2316438905737703
1813,60.432728999999995,0.5126382192575578,0.11863763313361866,-11.336987032765593,1.3156139482502796
1814,60.466061999999994,0.5013428748954378,0.11654912697977227,-11.97035222881883,1.3350133109593152
1815,60.499395,0.48423697060355114,0.11525958717011373,-11.574930583937634,1.3828496690751106
1816,60.532728,0.4711272113151967,0.11636178461645427,-13.099454376023832,1.3111999389429787
1817,60.566061,0.4646996165094619,0.10406352802872956,-13.149969577650861,1.2506721757756962
1818,60.599394,0.45104734162562593,0.10896095775600295,-12.707674268095149,1.3655323892341051
1819,60.632726999999996,0.47116043263893165,0.11622141517061968,-13.846076302145462,1.375226080802847
1820,60.666059999999995,0.45602394024775705,0.11002650660755174,-13.02715719282111,1.2633175475784164
1821,60.69939299999999,0.4449735023603063,0.11385716944460822,-12.070636141157141,1.433229638430464
1822,60.732726,0.43940083918132106,0.1010045517276279,-10.989871260589508,1.399565957355042
1823,60.766059,0.4291517610163448,0.11288938269706547,-12.829473839604809,1.5016960959303303
1824,60.799392,0.42762921055751646,0.10007439639022346,-12.015027811808142,1.5409263332542893
1825,60.832724999999996,0.4245110507145101,0.12369911418172905,-13.377476933956427,1.3405597890163095
1826,60.866057999999995,0.4191204455968168,0.11611528634595289,-12.535252155755762,1.23164272512242
1827,60.899390999999994,0.43764394760161723,0.10953910840397112,-10.096930538907365,1.5782270646076437
1828,60.932724,0.44546026275916656,0.11824523099718229,-12.188735842674973,1.2741765849693696
1829,60.966057,0.4503997780904414,0.12255519457175093,-12.002092219661286,1.3017864333018372
1830,60.99939,0.4435698615128957,0.12890765440984195,-12.835318609418845,1.187022335173882
1831,61.032723,0.4383009808961738,0.12551618940146264,-11.647616738186093,1.1110007829822497
1832,61.066055999999996,0.43024868840194763,0.1234256049165911,-11.549310113603308,1.0806990840631951
1833,61.099388999999995,0.4256523153578298,0.1268682888899894,-10.528435052615121,1.2512175155720286
1834,61.132721999999994,0.4210070851562234,0.12546272843336032,-11.1707433666355,1.2785170894130224
1835,61.166055,0.4266101131885677,0.12882686721076828,-10.863379070134664,1.2655965980459196
1836,61.199388,0.4304222746386837,0.12993944494583612,-12.133738714903641,1.2238790930620282
1837,61.232721,0.4398414066099328,0.14892226887482243,-11.724806171420138,1.709603645676882
1838,61.266054,0.4410537068388191,0.13939416757101045,-10.567482269702351,2.02288903878082
1839,61.299386999999996,0.4463636180914279,0.14059842044560952,-9.261034558621175,2.5201606322393544
1840,61.332719999999995,0.45443399520306327,0.12954645634991385,-7.916924109793129,2.8506946418154167
1841,61.366052999999994,0.43802158870991237,0.13752972592742982,-6.596015097924504,2.920873890582886
1842,61.399386,0.4026211167128856,0.11496817802509604,-5.760741929652581,3.1063926652253437
1843,61.432719,0.32835411922903635,0.1065841106514571,-5.005872402223704,2.4599610509462875
1844,61.466052,0.28257646634169276,0.11130855013804901,-2.9017995662212863,1.7051849592012684
1845,61.499385,0.2310756231638103,0.13073999217776394,-4.0549827713678726,1.2000064445727274
1846,61.532717999999996,0.2006747687606333,0.1250447079830728,-4.788208830451319,1.4547483008141109
1847,61.566050999999995,0.18290661276401657,0.12362193753076933,-5.092117306060448,1.3829955526476483
1848,61.59938399999999,0.17258389596727763,0.12455681042013861,-5.657479769368279,1.7383491559025885
1849,61.632717,0.15514580794630828,0.15903109916763142,-4.857479836131471,2.4792150861876383
1850,61.66605,0.12304573220239506,0.14311054572636558,-5.232854840583505,2.8377947288407097
1851,61.699383,0.07891721290099463,0.15712565259841887,-4.8964056897362145,3.1787866794606776
1852,61.732715999999996,0.07946973515789595,0.14253859709690236,-5.638014152157821,2.7467053432853814
1853,61.766048999999995,0.07587895983249078,0.16503763117631198,-6.4165322929590385,2.4308568742148977
1854,61.799381999999994,0.0750182640662829,0.19180383014975028,-4.972685351824921,2.1878163625548357
1855,61.832715,0.07662618574266591,0.21862306976462198,-3.6231440565946174,2.0504742230257684
1856,61.866048,0.07510393809466367,0.2335128245592497,-1.9850427648101756,1.9168863536189251
1857,61.899381,0.0756677540567393,0.2516790695027331,-0.17183091475388224,2.1671440301936973
1858,61.932714,0.07518371428922253,0.25078124741033614,0.6516783702989324,2.3471761767885613
1859,61.966046999999996,0.075219403381133,0.2581469508053234,0.25961599148962955,2.394151410966731
1860,61.999379999999995,0.07681360637160081,0.26124169137306463,0.22986221269143736,2.5042420814911535
1861,62.032712999999994,0.0777464964118786,0.25893857036373147,-0.4213207788231989,2.7585146383160812
1862,62.066046,0.07722766125368798,0.2682493332634318,-1.7123287155515077,2.532598934134339
1863,62.099379,0.07754543288586756,0.26434355139900556,-1.7959038733999777,2.888659285353289
1864,62.132712,0.07693491849823766,0.2670425803570139,-2.6172451824407372,2.807978688958567
1865,62.166045,0.07613579869834936,0.2660834793448969,-2.269757810959257,2.6541874217452275
1866,62.199377999999996,0.07624624389081247,0.2647050462190927,-2.8949788923486626,2.5638145075033267
1867,62.232710999999995,0.07544015347818032,0.28243470799367854,-2.38081960679951,2.4102080143066873
1868,62.266043999999994,0.0743113969042011,0.2785570925772859,-1.5407829933082953,2.332537199761001
1869,62.299377,0.07613184803653492,0.2770126345560339,-0.5220191517141769,2.268327478054763
1870,62.33271,0.07612063225391996,0.28254752701445374,0.053763567649941765,1.9192044223357885
1871,62.366043,0.07576976745948187,0.28717346165061985,-0.5410883812973186,1.907322958634133
1872,62.399376,0.07846728155923477,0.28390284698477486,-1.5165717684748798,1.5562325953258302
1873,62.432708999999996,0.07650616129344788,0.28671519329528716,-1.5386928968828388,1.6328962783600425
1874,62.466041999999995,0.07718099987876084,0.2836930016544452,-2.338859074795044,1.7581098299171698
1875,62.49937499999999,0.07533119882893624,0.28027183803856776,-2.6761842968968788,1.5373095609993466
1876,62.532708,0.07558902146010167,0.286588820053089,-2.7047202247585584,1.4764232728874915
1877,62.566041,0.07578910596977999,0.28789716621123584,-2.5912535816806126,1.5347104703139256
1878,62.599374,0.07510779194740272,0.2901473843004627,-1.9929838290865347,1.4721385617009197
1879,62.632706999999996,0.07544472690864273,0.28754141798481503,-2.0869501746951045,1.4276387330361178
1880,62.666039999999995,0.07673289184581024,0.28883683337010446,-0.97048878338755,1.6136309236399475
1881,62.699372999999994,0.0773351298177955,0.28504883538859405,-1.0501508552608312,1.4593435524700789
1882,62.732706,0.07729620004916976,0.28954767692866823,-0.08904021515706828,1.865057846633733
1883,62.766039,0.07722809184968213,0.28685827739958764,-0.20675839928335515,1.676568579178311
1884,62.799372,0.07820224481691514,0.2896850205839475,-0.78922420132394,1.7654893976973
1885,62.832705,0.07773063430790232,0.293151099488817,-0.9822921749011411,1.5680642910140714
1886,62.866037999999996,0.07736979082757667,0.2942948658776862,-0.3820526691753772,1.6504128821902893
1887,62.899370999999995,0.07798500410013347,0.29135050255146133,-0.0867896524294771,1.6679154235784084
1888,62.932703999999994,0.07863791047867175,0.2886712406202607,0.535597991990741,1.7202689926377643
1889,62.966037,0.07652826923218399,0.2875211801275081,1.0126966279418244,1.7403219569805712
1890,62.99937,0.07960766749767025,0.28511347653931596,0.12448152278072422,1.5845243185652809
1891,63.032703,0.0764435352621039,0.2870469753958248,1.0434908486611885,1.6311078368917387
1892,63.066036,0.07843181078497113,0.2704756790755086,0.8219730000936145,1.4922719506335433
1893,63.099368999999996,0.07746515629400637,0.2109450312750407,0.46005215622840673,1.3358082417019215
1894,63.132701999999995,0.07916368746442752,0.15853326771130935,-0.8909197064167657,1.185212277651087
1895,63.166034999999994,0.07854213558075826,0.20203254186964087,-0.09107582488737676,1.379667016684602
1896,63.199368,0.07863030477948604,0.23476517491289295,0.4855244449756064,1.8397085205079742
1897,63.232701,0.0783702827291768,0.2594190442994328,0.9005507935067377,1.9265295462659746
1898,63.266034,0.07856672686115623,0.27823741554050446,0.9993372487690863,1.9759623797425583
1899,63.299367,0.07848514144324463,0.2896114198901574,0.7941534637290619,1.8723724210358008
1900,63.332699999999996,0.07848336688012705,0.2959042022146233,0.9455183554201514,2.0491418393564653
1901,63.366032999999995,0.0780457704596637,0.2921802110705991,1.0077722468244752,1.8645213985827773
1902,63.39936599999999,0.07718806505357409,0.29705898159628097,1.4133969093208059,2.1588448142870935
1903,63.432699,0.07761583646652154,0.29055114625571904,1.567737168519704,1.8240562380292686
1904,63.466032,0.07663013020956301,0.30512221456038924,1.5239087188265126,2.1910539025173024
1905,63.499365,0.07870360882996842,0.284097790939223,0.7299947948468536,1.8608860411381858
1906,63.532697999999996,0.07867534143029932,0.28857025855315566,0.3126460856401183,1.7991907463651078
1907,63.566030999999995,0.07742927657317739,0.29164859072168414,0.757946269700283,1.8819477794972326
1908,63.599363999999994,0.07752373890251518,0.2865474285510966,0.6450893205373351,1.8903994358454326
1909,63.632697,0.07663096527383795,0.28900146721717057,0.7519442644244565,1.9718000709128805
1910,63.66603,0.07750453078535391,0.29195055467044595,1.2398706486358488,2.0583311165923157
1911,63.699363,0.07623386697942944,0.28735519681696226,0.6862465210897326,1.813745189041453
1912,63.732696,0.07744131595629519,0.2981665212716266,0.9555050383775283,2.189154754350348
1913,63.766028999999996,0.07797264538063302,0.29178433291942973,0.6499423076166068,1.9650152449325717
1914,63.799361999999995,0.07788672005819987,0.2925489545958998,0.6585647867182645,1.9639894329891017
1915,63.832694999999994,0.07743721418566703,0.296532581366043,0.39466298080198897,2.0988528564193376
1916,63.866028,0.07848238125681427,0.2909155539717286,0.43738951705766477,2.0132653207244715
1917,63.899361,0.07779125937119441,0.2902718705599794,0.38246883863883824,1.995674159876855
1918,63.932694,0.07767637991939524,0.2955405179970009,0.8059993461460321,2.184958576879637
1919,63.966027,0.0778862292299013,0.28844560320889645,0.3778611393448539,2.102558613058453
1920,63.999359999999996,0.07793005969270074,0.29144414510798666,0.5603586010601241,2.0344856983595543
1921,64.032693,0.07830384178666973,0.2893497501999255,0.7173418422902478,1.985027527565603
1922,64.066026,0.07788308472148223,0.29129807239232974,1.0903775080359388,1.9910530477173205
1923,64.09935899999999,0.0787468273193741,0.29078302740847795,1.1300738687649508,2.2011762289291235
1924,64.13269199999999,0.07837045034324118,0.286078200338863,1.5609951461069207,2.1506133810266896
1925,64.16602499999999,0.07789287259345001,0.21740673202966332,0.5739898285124264,1.8446919791711045
1926,64.199358,0.07640946555177307,0.09804984165053773,-0.6939480255491134,1.980518866806813
1927,64.232691,0.07669484463820511,0.1248261935575847,-2.600166163702734,1.3398960382558063
1928,64.266024,0.07644350504248944,0.21157098625628318,-1.0319931860474905,1.482178441536896
1929,64.299357,0.07804526440704092,0.24510590808807084,1.1340395754858792,1.9110021266504469
1930,64.33269,0.07775274706365597,0.2700754080614414,0.10478424507133664,1.81455315491266
1931,64.366023,0.07691240770226408,0.28815336807732944,1.7613172120675653,2.216167054600866
1932,64.399356,0.07773766650663892,0.28789540972523897,0.4821784237297653,1.8216571348748156
1933,64.432689,0.07823406320708004,0.2979782443081509,0.7890244902385051,2.1356063539401675
1934,64.466022,0.07611436435467323,0.29153133364092404,1.1035970587919752,2.023293064212628
1935,64.499355,0.07804158624706402,0.29234650942209894,0.6318013982041969,2.0719844154858253
1936,64.532688,0.07827102215967302,0.29682213153356407,0.6962739169258462,2.0953903042873177
1937,64.56602099999999,0.07812609142153253,0.29620895666777713,0.21156170318555723,1.999959632294377
1938,64.59935399999999,0.0773693416971803,0.2949196104079775,-0.40373801214076066,2.0470877814445205
1939,64.63268699999999,0.07878397432357917,0.2970228430125583,0.3806027458963419,2.0197883594123254
1940,64.66602,0.07634648664374853,0.29925626360362767,0.17819156427013044,1.8898552315935475
1941,64.699353,0.07633514372953834,0.29374721567419326,0.03147460035351909,1.8197784831059642
1942,64.732686,0.0764374032252883,0.29535881274151743,0.7297258301787076,1.9551542342898105
1943,64.766019,0.08681625689800468,0.29527929539057374,1.909624879082976,1.908582396666195
1944,64.799352,0.1367543609065722,0.29880277125276217,2.452704577274318,1.7823911528108618
1945,64.832685,0.23480598836475944,0.30043606251726596,-0.1620830901826995,1.3083818793701678
1946,64.866018,0.2453259305796455,0.3091762487176254,-0.07259165943035041,1.4981733621626812
1947,64.899351,0.2597300656256712,0.257038729243841,2.7085924966316837,1.4214290769402924
1948,64.932684,0.2889616759992231,0.1600195229454318,-6.346554975956189,1.167759745373505
1949,64.966017,0.258780232438708,0.16874812139062184,-4.6991511989843735,1.1668853410673048
1950,64.99934999999999,0.24106915881986243,0.21142127171096872,-4.154969050481999,0.8491441919424038
1951,65.03268299999999,0.22566514679100758,0.23897335121347912,-2.232797800796281,0.9333443523840317
1952,65.06601599999999,0.22287619846611204,0.25885444038580985,0.8978399517409678,1.2386652010922525
1953,65.099349,0.20503685090503845,0.2706166966867576,1.1112157019199027,1.10660283618629
1954,65.132682,0.20778077683897336,0.2797433460343356,1.2666483156754489,0.8102764491865461
1955,65.166015,0.19189891258016611,0.2838076971118458,-0.7269386609687738,0.5611121006550106
1956,65.199348,0.17841894398895067,0.29521884976546325,1.246611587833396,0.7686401110493204
1957,65.232681,0.13785677223727968,0.3016471903562645,2.2260066682836976,1.1828139383165235
1958,65.266014,0.07938741291362825,0.31711919182560117,4.595076622967659,1.5185396714705004
1959,65.299347,0.07456985489733428,0.30962989086640075,2.999492260519003,1.669470414201763
1960,65.33268,0.07621534927611284,0.3134636929776671,5.255601472919852,1.9830069348828407
1961,65.366013,0.1393646605298401,0.3114253581372415,4.277653588466531,2.2568699853049643
1962,65.399346,0.07511538745908677,0.29458944527578823,4.981688580729534,2.163137029590716
1963,65.432679,0.0752408658114617,0.22513963510810842,0.819282061637377,1.6876030971019897
1964,65.46601199999999,0.07697485736018417,0.15324002942566667,-3.4739994514222623,1.1873288559798427
1965,65.49934499999999,0.07985565467978326,0.15280533471971378,-1.7282074984406575,0.9387506920673325
1966,65.53267799999999,0.13626659021345847,0.1378088853362131,-8.092370941182791,0.20600216609570282
1967,65.566011,0.1746989063406899,0.16682498559457815,-3.5497002820726093,0.1217416580399515
1968,65.599344,0.20356756098187892,0.16717650176328563,-4.498863988605012,-0.023436659132034517
1969,65.632677,0.19917459235136,0.23300781725303826,-1.1269283190935269,0.24836670498546493
1970,65.66601,0.20879768172714733,0.2444857434051994,1.5117142993033634,0.7062681013586054
1971,65.699343,0.20419219498721888,0.2568826091816963,1.0659095967949876,0.8833409350126824
1972,65.732676,0.19009862717559278,0.27462817788186883,1.986415907657303,1.0990050976955712
1973,65.766009,0.19145102094695504,0.2876908587307846,0.8178191424122326,1.1654419292817622
1974,65.799342,0.19155410412663537,0.2800548222364131,-0.10060244138397437,1.0455240417625327
1975,65.832675,0.1937156676866005,0.28756875459406134,1.1846098624654935,1.2598985175587727
1976,65.866008,0.1983730372558051,0.28163378329800587,1.8010744764107915,1.0057045835073497
1977,65.89934099999999,0.2013229991957124,0.2878980671032205,1.8808147190973943,1.0940915551036219
1978,65.93267399999999,0.21080574126878046,0.27813644231946144,1.5396645064621781,0.9478808709350683
1979,65.96600699999999,0.18758518491873447,0.2856767464333155,4.310133685191031,1.3447295926708964
1980,65.99934,0.15301511101783882,0.27257029385299225,1.200535498581979,0.8790146976988177
1981,66.032673,0.1379044282838974,0.2757055624583592,-1.2435562865227892,0.40387997480364807
1982,66.066006,0.10218084111431107,0.272391834151213,-3.430631785154017,-0.017804512253587753
1983,66.099339,0.07638930649353212,0.2757957034801075,-5.18116097456688,-0.2946996026947539
1984,66.132672,0.11342590263674235,0.28875766043840645,-3.4903115907706552,-0.32931196164184295
1985,66.166005,0.14718513239969913,0.2901485901864749,-3.2368384962049306,-0.41773284128759164
1986,66.199338,0.19337610365066393,0.29343947009214283,-3.6018688195132156,-0.7514625775421861
1987,66.232671,0.21229293209571068,0.3013107273937583,-2.5804955554573734,-0.6560284917776653
1988,66.266004,0.22362813685958155,0.3128798282285864,-2.520613910189268,-0.6089713887204375
1989,66.299337,0.23159684788034698,0.305654970277842,-2.5913922604989503,-0.3807008136048075
1990,66.33267,0.2304053501282349,0.3079827998928323,-3.4328675031616505,-0.33868826770387905
1991,66.36600299999999,0.2246953773475181,0.29717480788471146,-2.1911978189429617,-0.16843006903122493
1992,66.39933599999999,0.2150629804437496,0.2845111451253325,-2.6437975214680005,-0.1449286790029906
1993,66.43266899999999,0.21110971116492294,0.22855414489736958,-0.766791226904645,-0.28401973856386664
1994,66.466002,0.2058830775615872,0.1691537567615978,0.57293558875365,0.6332938834356852
1995,66.499335,0.20931663249351562,0.15720874022348486,1.4353908263967028,0.8072099808458747
1996,66.532668,0.21095613693868445,0.19470427525105527,1.8689151711273304,0.8188539790082245
1997,66.566001,0.2152445219766082,0.22695614421564145,3.0266862340053766,1.290592696163753
1998,66.599334,0.21607520158719373,0.25960751922945413,2.697168727937021,1.113780095391698
1999,66.632667,0.21812861391800253,0.2641084143346174,3.191063070939784,1.1695626780459993
2000,66.666,0.2262522627964842,0.26318647946743684,3.505979148587018,1.0067821046679772
2001,66.699333,0.23991158737193344,0.27934058138925094,3.1479501856209797,0.9411920479418117
2002,66.732666,0.22404948172908196,0.2931035048238869,4.576881731625915,1.0595722605040316
2003,66.765999,0.219126151433838,0.29111729537067493,5.691507851135901,0.7936110111133782
2004,66.79933199999999,0.19946106158463558,0.293382610573824,8.132482470813063,0.780534977341623
2005,66.83266499999999,0.20189980413630446,0.2645569668569859,9.627230562002884,0.8964564734302884
2006,66.86599799999999,0.18437980234001924,0.13026248170325805,-0.09106089867176353,0.6150945639931356
2007,66.899331,0.1490105062759146,0.13545142870739169,2.132695731526447,0.500335104367464
2008,66.932664,0.1099544210340172,0.15703573492006268,-0.14443495669248466,0.5810358163245594
2009,66.965997,0.07934571960203148,0.23773929470823343,4.672727674850009,0.8676805226895095
2010,66.99933,0.07840757790273274,0.27643061851495143,6.373556189636076,1.042792640334799
2011,67.032663,0.07202950493245454,0.29712225551625293,2.359217623342456,1.101194250108246
2012,67.065996,0.07421077464883949,0.30203745226665135,3.000761012124395,1.1229149523856314
2013,67.099329,0.16206261248010415,0.31343373461917434,-0.5245400997994648,1.0814380351816026
2014,67.132662,0.20061470936476322,0.3102782198812454,1.0621773343191816,1.093743804265116
2015,67.165995,0.20220603053761096,0.31565734421676545,2.065721600642152,1.157968913517196
2016,67.199328,0.20025910218333537,0.31436708272172664,1.7600404053148535,1.1151955479580924
2017,67.232661,0.19783101859428773,0.3147010284132643,0.7452325542001074,1.1355168386589396
2018,67.26599399999999,0.1898787142089232,0.31379250014833016,0.9032602665941174,1.077313638808864
2019,67.29932699999999,0.1943369981519755,0.3198025980105491,1.0805305929018207,1.0773565598104626
2020,67.33265999999999,0.1895383499030776,0.31743581240873125,0.20421340092532075,1.1096982806949633
2021,67.365993,0.185510479724168,0.32516919371108877,-0.6478855638287303,1.196613272729848
2022,67.399326,0.18498751476278555,0.319667607812972,-0.0575838092805626,1.1881791062983538
2023,67.432659,0.19139878206044814,0.3223174773967533,-0.586535863686668,1.359366819220283
2024,67.465992,0.19357547224881255,0.3253799609299634,-0.9752170123271249,1.4771498215106165
2025,67.499325,0.19627972209349417,0.3224178969399407,-1.4750812432091498,1.6404821276667412
2026,67.532658,0.19803110965344908,0.3194401696860223,-0.9088577575059915,1.808438272751796
2027,67.565991,0.19937816100151756,0.32288898704159463,-0.6709567800019186,1.8959377375735402
2028,67.599324,0.1930446189535786,0.3303496905198804,-1.063018473051211,2.0189001623827907
2029,67.632657,0.18650660545015685,0.3255773422161077,-1.0361902327710133,2.045059123523284
2030,67.66599,0.12058161744303177,0.32362877031777004,-1.103833550633392,2.138804955154104
2031,67.69932299999999,0.07567087226944114,0.3207933522316177,0.9517099077875542,2.292181513986714
2032,67.73265599999999,0.07339155229346574,0.3217511051233459,1.602431796419197,2.092497780387797
2033,67.76598899999999,0.09401877805016869,0.3249424802739296,2.6370349912719946,2.136582367424768
2034,67.799322,0.15118077819693182,0.327098968122041,1.9471223163451243,2.2354660888538183
2035,67.832655,0.1814331630978773,0.32731243138422006,0.6465578410745207,2.236058058180248
2036,67.865988,0.1925038478155955,0.31541575326191273,0.023926209990177902,2.014571593293587
2037,67.899321,0.18959438286849,0.32383680655263636,-0.6489005392314039,2.2054972283712564
2038,67.932654,0.18533752424767463,0.3236622010615866,-1.0934253796738647,2.2311313712612324
2039,67.965987,0.19237106386501956,0.32285502117616505,-1.4586926375410627,2.204986175701285
2040,67.99932,0.19982796495247546,0.3216081299299923,-1.1121849206221632,2.47147745368829
2041,68.032653,0.20367563259960597,0.3179834573597309,-1.8197106698813503,2.4892559418504048
2042,68.065986,0.2059235176747268,0.30513470818350685,-2.523277420606488,2.6275754700822147
2043,68.099319,0.20707133712143025,0.30227591673402066,-3.3968103531267033,2.737188356374162
2044,68.132652,0.2089040741672738,0.2936036814752232,-2.4622940335065504,3.064144137133952
2045,68.16598499999999,0.20975570112806766,0.28705114581710567,-3.087919145530676,3.2145808233893236
2046,68.19931799999999,0.21477788397534414,0.28001611644458935,-4.586788801941881,3.5200174125926447
2047,68.23265099999999,0.21973251121376405,0.2879094215086278,-5.35762489618816,3.55587913235491
2048,68.265984,0.2257961293890997,0.2893356666601075,-4.766737776606715,3.3670020419686946
2049,68.299317,0.22053311478325802,0.29902566807723346,-5.877158429983469,3.322312366932563
2050,68.33265,0.24498519008993036,0.2946271240834889,-5.869000793960549,3.378485524709298
2051,68.365983,0.2433093410372938,0.29391435896719376,-4.401599927351342,3.4762564389847483
2052,68.399316,0.24497657544224125,0.28841591847957126,-4.950841088220851,3.563776495677153
2053,68.432649,0.24215898039150852,0.2992959285961825,-5.993619533644058,3.7438463319756536
2054,68.465982,0.22667784290278378,0.3013686642105776,-6.121677363484182,3.7241043748331983
2055,68.499315,0.20180405376730678,0.3156193725963132,-4.964693225912781,3.73102614311388
2056,68.532648,0.18752596877421154,0.3071707939776126,-6.5275623100802695,3.6235335760622354
2057,68.565981,0.17542659034298633,0.3197974730096486,-6.176037096257702,3.5806597220657355
2058,68.59931399999999,0.14925827304991218,0.32298032437210433,-6.576443056355298,3.0509744039477624
2059,68.63264699999999,0.13271426263013494,0.31861025436510526,-8.575912784468589,2.3316088383305993
2060,68.66597999999999,0.11864305092006563,0.31915091569848353,-8.09732763909551,1.6900921032507648
2061,68.69931299999999,0.08553916114773927,0.31889917531188683,-8.580834184125028,0.9796853244526449
2062,68.732646,0.08465582297142202,0.3244055131813556,-8.745490985389614,0.4015995163421025
2063,68.765979,0.08301389880394525,0.32411526264195845,-8.233608090104479,0.12958309456380235
2064,68.799312,0.08434004710374987,0.3261522388388172,-8.609760500186635,-0.09818141354014855
2065,68.832645,0.0845041988653013,0.31753299168805926,-8.04516004562097,-0.18689886119840426
2066,68.865978,0.08541036990623312,0.32113345511205627,-8.26885988341272,-0.22497058013636984
2067,68.899311,0.08292153790208907,0.3146149202451708,-9.06977911250815,-0.19477100977169529
2068,68.932644,0.08773546463003214,0.2955265808237899,-8.808027201507228,0.11350015339106212
2069,68.965977,0.13156789853853765,0.22256522209979865,-9.979123891736439,0.3769895420825174
2070,68.99931,0.18424848807869382,0.17703559099046623,-12.0445595320852,0.3756825250710789
2071,69.032643,0.19646980413072182,0.17924051879297126,-12.268023632078112,1.0372994617895164
2072,69.06597599999999,0.20511832887085477,0.17655939303850643,-9.743388462573026,1.9906547347167347
2073,69.09930899999999,0.20411101829968936,0.1739581543455048,-8.932634427407363,2.283565241259315
2074,69.13264199999999,0.20393700990044492,0.18697566325975262,-9.083141881088185,2.1744023895242317
2075,69.165975,0.20910725830965785,0.1877846275241522,-7.913868220584092,1.6466015220111723
2076,69.199308,0.21058857217148513,0.17386569165867333,-7.884490347823699,1.535019125733193
2077,69.232641,0.20741679212618772,0.23098186469866822,-7.9025973282114945,1.1329986964772276
2078,69.265974,0.2088712487480522,0.2233480787506462,-6.512940098912181,1.2281805179972012
2079,69.299307,0.2093771928174637,0.22881577776038847,-6.013176211336312,1.5283870525204137
2080,69.33264,0.20925304049452298,0.23688251273973598,-4.962468781992259,1.576577955939074
2081,69.365973,0.2120488280170133,0.2585335272237615,-3.2746779475330796,1.8027561622401977
2082,69.399306,0.22374077449180063,0.2650921263744168,-3.8022092256741904,1.7256899329210826
2083,69.432639,0.2234497109590781,0.2734101553246745,-3.3362236489749972,1.7973567770408696
2084,69.465972,0.22719740892375606,0.29413973986705666,-2.7206219808379717,1.7136545347896364
2085,69.49930499999999,0.21931332987654814,0.29254561658909517,-1.662589181599549,1.7096523213836368
2086,69.53263799999999,0.2119344344973521,0.2922588150924246,-1.6122097137819051,1.859024089069658
2087,69.56597099999999,0.2134588055381864,0.2855242849706396,-0.9416818920801437,1.585079055368251
2088,69.59930399999999,0.2102920321867166,0.299953908765535,-0.8745306898555059,1.7654008031235398
2089,69.632637,0.21226241207305419,0.3017304237426266,-0.787487330551695,1.6904656001589333
2090,69.66597,0.20938231891424072,0.2978524636992961,-0.7051131841893614,1.6744893799700549
2091,69.699303,0.21302693274229248,0.2924291661503666,-0.7892804495888248,1.5746037274067204
2092,69.732636,0.21223181413871545,0.2882229434795242,0.15090108461762827,1.0546937243468304
2093,69.765969,0.2178417092133456,0.29148273100491584,1.1200382063248024,0.4751572301659063
2094,69.799302,0.2246897939183547,0.29179713989783074,1.2881716910772323,0.15184582627113066
2095,69.832635,0.22592900414382022,0.3006862422258414,1.2498684657993588,-0.03327735095894738
2096,69.865968,0.24404870960486966,0.2856918123048876,1.388965532583062,-0.27781888715968517
2097,69.899301,0.25310002370539697,0.2531462391525592,1.4737112396316292,-0.5453041373167457
2098,69.932634,0.26659839404306646,0.17204934712788733,-1.0220927448374089,-0.7498500398124901
2099,69.96596699999999,0.2624006842242017,0.1731480301340142,0.22914117838597803,-0.9755101889834786
2100,69.99929999999999,0.26130976960801894,0.220280183289074,0.619270862385829,-1.179681764846845
2101,70.03263299999999,0.2610613644191213,0.24043564503313986,2.5707343904360886,-1.1091891698377663
2102,70.065966,0.25580103132731385,0.2564704799113731,1.2583287317170582,-1.2166711394516596
2103,70.099299,0.25688338906623126,0.2764714511264453,1.4462873153377571,-0.9986376399425638
2104,70.132632,0.24437313758433232,0.2813895843044526,1.5047939325092206,-0.478645838950125
2105,70.165965,0.2300582214214825,0.29858456715930287,1.7365604706547424,0.15673554476255194
2106,70.199298,0.2213994562717957,0.2982127978479008,1.3172709819357977,0.27090969641054746
2107,70.232631,0.23329911881124993,0.3008604078156855,1.939160050534777,0.4526641842133968
2108,70.265964,0.23678647598573951,0.30671101706919357,4.028365217940933,0.6045792714890852
2109,70.299297,0.23680254051561733,0.2942853731206417,3.895229479688847,0.6156659652525083
2110,70.33263,0.23558712558685627,0.2608288195613768,4.230880617855792,0.3509768516146546
2111,70.365963,0.22709104718738368,0.17082338520624565,0.9689756832378734,0.11154121646950213
2112,70.39929599999999,0.186663207540385,0.1269183393311109,0.43708055165927007,0.36500153991643053
2113,70.43262899999999,0.1482196803767103,0.1987698771808555,2.1810532902855635,0.36680159323898254
2114,70.46596199999999,0.09213579462103276,0.24166869600958527,5.336279362533223,0.4624081611488235
2115,70.49929499999999,0.07482638583974784,0.2762119796000933,7.8733729579207266,0.6969672246820114
2116,70.532628,0.07158514434230304,0.290861691822582,10.126891215658999,0.8787900616177845
2117,70.565961,0.08825761447809707,0.3035554898558536,7.889948504905052,0.8111004370981698
2118,70.599294,0.12438257310050427,0.3057783990137346,7.92662023907361,0.6435844906195403
2119,70.632627,0.1419634474757607,0.29026615482100476,9.279400301821793,0.8695300778672574
2120,70.66596,0.0744605800307565,0.2731007452998812,9.682765413921572,0.9639112862633641
2121,70.699293,0.07466325391142957,0.11320851112785452,2.761036445655376,0.20554584785174698
2122,70.732626,0.07195434491574162,0.10715491729676521,2.8629548007472465,0.24824840141148563
2123,70.765959,0.07163607317405943,0.1085305868464461,3.542628256751932,0.4416130410840585
2124,70.799292,0.07385443712092328,0.1762164313066597,3.2048434501745326,0.17446561934099014
2125,70.832625,0.0919556908298473,0.26057274433803485,7.363993097593519,0.6434442133566464
2126,70.86595799999999,0.14846156228461327,0.2834938658854707,5.393030173332874,0.7939885864649489
2127,70.89929099999999,0.18403557989178784,0.29654541688264957,4.764821478161376,1.1722824928992455
2128,70.93262399999999,0.17424811712095445,0.30279023596677357,3.0576219935828375,1.3230041184861236
2129,70.965957,0.16672382481274015,0.31384562343838285,3.2199139882072765,1.649123958552454
2130,70.99929,0.16496553558158797,0.30680543282373335,4.252379302474565,1.5523283689104388
2131,71.032623,0.1676087228146642,0.3061866621868381,5.99911070729358,1.2284882487214628
2132,71.065956,0.1608820642237551,0.30755090193484297,6.130531844372677,1.03631143664801
2133,71.099289,0.18645723494356034,0.2987202127802647,7.498323998979823,0.8875116833102735
2134,71.132622,0.2045012753167171,0.25759873016588786,8.75651280272872,0.7353712297469239
2135,71.165955,0.21545861749324538,0.24189615858234614,9.192834775491537,0.7537264025179957
2136,71.199288,0.22051551921516452,0.23576175720356254,7.779816312828017,0.7267794071959944
2137,71.232621,0.2178703833597408,0.2406476471590157,7.813259678300513,0.7049144454928349
2138,71.265954,0.2215674347754414,0.25764380237625367,7.42867275512619,0.79745478758539
2139,71.29928699999999,0.2213953083675434,0.25752046527401734,7.041695436513181,0.8442127165819605
2140,71.33261999999999,0.22072524977282254,0.25846137780885986,8.459956632468185,1.1148716808042538
2141,71.36595299999999,0.2259031620012352,0.26024908919731604,5.102632015550028,0.978905582009562
2142,71.39928599999999,0.22705504470223742,0.2795742200406984,7.231009330278405,1.0640731796203882
2143,71.432619,0.22751237316897874,0.2824956879443365,5.1200739993188735,1.2283284015149993
2144,71.465952,0.215813114384966,0.28207909924473995,4.370275215282863,1.3519813511431817
2145,71.499285,0.19203638453513924,0.28316315493463834,4.128555920121888,1.6459446595679943
2146,71.532618,0.14511583065872596,0.2784007619546816,7.070543967232415,1.8367494044444554
2147,71.565951,0.0778354060018002,0.2666682952430217,10.16418181454575,2.18127684147403
2148,71.599284,0.0754760177527151,0.2709219684962258,9.247753606067398,1.9993435630766734
2149,71.632617,0.07605394002912716,0.2737044987920209,9.799210742706167,1.833258656246046
2150,71.66595,0.08906525492466467,0.27993355186715907,11.947818641671136,1.6204502471006725
2151,71.699283,0.1381330933718781,0.2707430473570458,8.559102758711346,1.1581903228878114
2152,71.732616,0.12159603505009223,0.27599084392003054,6.435611897165653,0.898219870113987
2153,71.76594899999999,0.1121810175012183,0.27504385321228825,6.321294024764411,1.0001918257053877
2154,71.79928199999999,0.1291953108104638,0.26628481435741197,6.9313730675383916,1.156675069102855
2155,71.83261499999999,0.17039973244090256,0.25881389009878797,6.120370423757674,1.2087475462291883
2156,71.865948,0.23347200664314777,0.1398223604714262,1.7659962016501316,1.572309184335253
2157,71.899281,0.2610236203463864,0.11552898215883206,-3.633665136386986,1.283126376651712
2158,71.932614,0.2331934265997212,0.1379694697295008,-1.107679979316026,1.4361959374872022
2159,71.965947,0.21326025479457025,0.20370845666166568,-0.08963869031647125,1.3599496712448218
2160,71.99928,0.14668590020022743,0.23986249775402607,4.488880438388421,1.6113323366546761
2161,72.032613,0.07236904273356529,0.25762080949139565,6.0403469096014915,1.6204972308515482
2162,72.065946,0.07182813529531122,0.257790098120841,5.629651873986098,1.4880963449837212
2163,72.099279,0.09087732535035024,0.2672381668693607,7.368137440309385,1.5079152530241757
2164,72.132612,0.17607125260203338,0.267601113187253,6.836806636605208,1.344415276500369
2165,72.165945,0.2192145538700257,0.2783890164760957,8.244557905274593,1.3005211613098104
2166,72.19927799999999,0.20256062987044077,0.278522049357553,7.396612522896711,1.3439171212778422
2167,72.23261099999999,0.08466030654113747,0.2739978453738592,5.780022627444073,1.490923339888517
2168,72.26594399999999,0.07235761591088066,0.27068220710715785,6.853428831492133,1.91340532666229
2169,72.29927699999999,0.0740559337811681,0.2585379836264455,8.522260022536658,2.06305434538596
2170,72.33261,0.23972247254678136,0.25869477156104437,10.498141584144932,1.8991808374873151
2171,72.365943,0.2445416277672504,0.27758812558065277,6.763518708335122,1.2005280719849383
2172,72.399276,0.23205193083836034,0.2759915353197962,1.9533021554911922,0.7836587821272334
2173,72.432609,0.23974309606009728,0.27699023410986406,4.26001412826878,0.6946611583890783
2174,72.465942,0.25086843017667443,0.27772128994587164,2.85022026234381,0.606051202094759
2175,72.499275,0.25896431323437347,0.2760619614398218,5.6765632462333375,0.7377136623230163
2176,72.532608,0.2209190500915304,0.27557806176217203,4.74568851687373,0.6747589631978362
2177,72.565941,0.1798852075139573,0.2557224771959962,5.983901206608425,0.7322765790128167
2178,72.599274,0.17011153348991273,0.13153117823660476,4.185390741178992,0.6392629241954773
2179,72.632607,0.16566246293679654,0.07765692209264763,1.8201486860641676,0.9145879294347322
2180,72.66593999999999,0.1767596669316882,0.09430642896279068,3.795653364406143,1.0010728140397007
2181,72.69927299999999,0.1722595354352375,0.12975992698063635,4.981901364574103,0.8383421382767864
2182,72.73260599999999,0.11636062157736504,0.19876945726449746,7.624796025531832,0.9167310454844995
2183,72.765939,0.0734358427146492,0.23551379429228664,10.380759499407153,1.070427446652852
2184,72.799272,0.0876931068446282,0.2543674359222246,11.421299460323162,0.9963875018586399
2185,72.832605,0.13860899043549782,0.261266957835665,11.332790929130535,1.0870924568387572
2186,72.865938,0.16809676076779706,0.2672707929689296,8.630938876787205,0.8111089317854747
2187,72.899271,0.17979148440504095,0.26223434681335567,8.517163672423264,0.8016186811323235
2188,72.932604,0.18301657533280438,0.267218553267236,6.471013569197519,0.6968847976673972
2189,72.965937,0.1886566206874075,0.266376375591729,7.866709514277344,0.6742726327993417
2190,72.99927,0.19136721804539342,0.2625988618250292,6.462978804708244,0.5284094365022095
2191,73.032603,0.13616010107926055,0.251551914203064,9.444934953674874,0.4142816577506849
2192,73.065936,0.07137121231923801,0.2645560702624462,9.865838975940504,0.7367043284749706
2193,73.09926899999999,0.06991661489451642,0.2684038693246169,11.474605298120954,0.8962286158812546
2194,73.13260199999999,0.07243106309689115,0.2742534868222573,14.19011467893207,1.1536376165704367
2195,73.16593499999999,0.18415498210741507,0.2765380622699568,14.69927615337352,1.3202860321702385
2196,73.19926799999999,0.21757509896759278,0.2793519664824069,11.794826109272764,1.1406181934568025
2197,73.232601,0.23165065987505867,0.27161232109068006,10.41893637451897,0.9657501808201977
2198,73.265934,0.2179317094787058,0.2801410586115445,6.797887014833932,0.7021704744037023
2199,73.299267,0.19850491771031112,0.27668696523365977,5.279643829012419,0.7994924658334791
2200,73.3326,0.21699821118426518,0.27533284385881607,6.705385645910387,0.8460308101928244
2201,73.365933,0.2168185131941427,0.27851589734894944,5.591454523413453,0.7927786647591349
2202,73.399266,0.2212330443872138,0.2724801515534128,5.206473939183218,0.828687276372082
2203,73.432599,0.19938231981380725,0.27497062783937065,5.23777459725556,0.5382136134572337
2204,73.465932,0.1806600700912128,0.2633882096550827,6.990141332141818,0.33772667137479706
2205,73.499265,0.18007094587420625,0.1904085777473847,5.966843038650824,-0.24952659482848297
2206,73.532598,0.17273899301619552,0.10290861049220759,4.7378578192296,0.20887675713014248
2207,73.56593099999999,0.16300276510118472,0.09472722527580424,5.020466305284308,0.34633240902399115
2208,73.59926399999999,0.12804698449800192,0.1122787751484052,7.447530973625247,0.5981016411988951
2209,73.63259699999999,0.1252627599537775,0.19436732816897417,6.048771083188074,-0.12657345976543372
2210,73.66593,0.14904924440336054,0.27980495158213275,7.804655497977312,-0.2665379939025234
2211,73.699263,0.15909480187135222,0.3007443081613823,10.084653868888097,-0.2195173226938892
2212,73.732596,0.1701375140517211,0.3211340485734642,9.820177291709165,-0.1619600349432713
2213,73.765929,0.17271047504173698,0.3137415761882361,10.968232100386189,-0.046902147911601175
2214,73.799262,0.18470488270574087,0.32187156707120806,12.177662095159524,0.18583486072081487
2215,73.832595,0.17828523570249205,0.31784998492391425,11.553394496061827,0.08067152402119028
2216,73.865928,0.12904076434866713,0.3122640550119978,10.731770103635267,0.3295205925843646
2217,73.899261,0.06969003770511802,0.3164910385993691,9.677705857728226,0.49727864388504556
2218,73.932594,0.0683467511022092,0.3124391901381749,9.063942710743436,0.5933946271128909
2219,73.965927,0.06833551213738252,0.3080961501809731,7.498116886066176,0.3546145094291805
2220,73.99925999999999,0.06884145668615546,0.29957282770892824,8.537946989227278,0.45704112260639046
2221,74.03259299999999,0.07027284861145527,0.3086516752534785,6.900155416501622,0.383142501726115
2222,74.06592599999999,0.07142598969686968,0.29594944343098956,5.61238483350796,0.21274790949333863
2223,74.09925899999999,0.07084732777213298,0.29182680774460523,6.4887211166130045,0.25458885441688356
2224,74.132592,0.07146297310176837,0.2844772777206499,5.429449206557384,-0.07187433467320646
2225,74.165925,0.06990590827871701,0.15543865571723153,6.962480917694605,0.2626018950143834
2226,74.199258,0.06974952787785856,0.10867473766029624,6.2603405662649045,0.612754934288398
2227,74.232591,0.07113940419669797,0.10703247527140469,6.170704144345879,0.7007246874278245
2228,74.265924,0.06867506126923234,0.1311337754294607,5.474007120611808,0.4445228296553065
2229,74.299257,0.07006512053380239,0.20058921345770708,6.924032501092629,0.33761352132478045
2230,74.33259,0.0716477086380698,0.22382909566221212,8.640737138262626,0.7479974966003297
2231,74.365923,0.07236516341749555,0.24172363711113765,6.2375554255709895,0.36884408388000617
2232,74.399256,0.07159559377319019,0.24840531083568862,7.230595070909041,0.47061625600953066
2233,74.432589,0.07330648845972387,0.2627324415992012,4.740208817297223,-0.11791258347137547
2234,74.46592199999999,0.07267410808299828,0.25588523507414906,6.382852670062033,0.22792405029548937
2235,74.49925499999999,0.0727420983320762,0.265638635495638,5.204431537003247,0.019743782042835292
2236,74.53258799999999,0.07263315012629415,0.2661123954862698,7.322531688847377,0.6591156256898448
2237,74.565921,0.07353269782322486,0.2746142785604848,9.340664813830243,1.0586219178646716
2238,74.599254,0.0741217309999421,0.2691065761454866,8.847777399308994,1.290718159340739
2239,74.632587,0.12716541657210262,0.26293135620163866,8.710373592232378,1.3048680548015035
2240,74.66592,0.19608227497655514,0.2769982089378022,7.141354815793577,1.2729502679515818
2241,74.699253,0.1838126544017796,0.27693177903877697,8.790855851295667,1.5049351539268545
2242,74.732586,0.14564651129066541,0.28781345822605897,7.649182042777104,1.631147821425786
2243,74.765919,0.13318669359834012,0.2808204833616693,6.850581167724308,1.7405071348589036
2244,74.799252,0.12604961912329007,0.272367447300453,5.48451637670681,1.6152912725466038
2245,74.832585,0.09385695535952578,0.2689321142485818,3.2716398686085015,1.0709959743074715
2246,74.865918,0.1297887760261409,0.27191227583436084,2.8213550505266753,0.9287712495675772
2247,74.89925099999999,0.16633157841290386,0.28044366332691895,4.8008150670369325,1.0487512960320684
2248,74.93258399999999,0.16879221275629183,0.28014015027273653,5.612156186347065,1.2421212771010324
2249,74.96591699999999,0.1974052057298114,0.28381166085463194,-0.10183083994249172,1.1473963293397598
2250,74.99924999999999,0.17108218883820372,0.2845400335960068,0.7941586095215043,1.7703406171609903
2251,75.032583,0.1701271764488649,0.288454257472481,1.203182082594814,2.5130083420860174
2252,75.065916,0.17094858283358383,0.27705318846837046,1.5638028732240976,2.9079375076072433
2253,75.099249,0.19538060590301853,0.27467563415238794,2.4775873971886533,2.927688895396681
2254,75.132582,0.2019514926285447,0.2612336225413149,3.6204135813821225,2.953894006027849
2255,75.165915,0.24828504831797424,0.26079798387127295,5.630482053841314,2.3123106615085685
2256,75.199248,0.22201668227858815,0.27516641219441573,2.39705274180658,1.5198545570474666
2257,75.232581,0.16053115032866377,0.282425409050039,2.541373211427112,1.065467362044673
2258,75.265914,0.08551850658662048,0.28984836508320944,3.003085716972581,0.9899571915569689
2259,75.299247,0.07561060850109609,0.2887986180114356,2.0056039371322956,1.2953856099342191
2260,75.33258,0.07571624028724491,0.2819157080031518,3.3337874428307606,1.658220788814528
2261,75.36591299999999,0.07710168132381104,0.2702441568222746,5.8326512938823605,2.1341338345504677
2262,75.39924599999999,0.07540042465309955,0.2668385705010215,4.631985728734716,2.607423886106837
2263,75.43257899999999,0.07567607856471387,0.27158746853394455,3.1888780059978323,2.82008351993154
2264,75.465912,0.07748177174432841,0.26899367676414265,0.11074733865849885,2.7365470902048874
2265,75.499245,0.08004571352381504,0.26825062412901823,-0.5758348414015453,2.6903608352706576
2266,75.532578,0.07673259502372266,0.26275658610054875,-2.1709650095173227,2.368440923269412
2267,75.565911,0.10620058285860694,0.2646154462131072,-2.1147794746288873,1.8987103622125903
2268,75.599244,0.16680051539426358,0.2533913824013131,-1.0415777828491932,1.3965521843365527
2269,75.632577,0.17523648325494487,0.22268875663421908,-4.350646124157407,-0.3722259354027382
2270,75.66591,0.19192743450760594,0.24401623305369186,-2.9295068588314797,-1.1523049823101132
2271,75.699243,0.19950200813620228,0.24842252525919561,-2.145211303481819,-1.5587311498708314
2272,75.732576,0.1776201259808699,0.24249614839110117,-0.15379008938396158,-1.1787279013345358
2273,75.765909,0.17978772969264079,0.25142665825250676,1.1419033390070086,-0.6616281382830246
2274,75.79924199999999,0.1931735565167092,0.2465293689852363,-0.6544175445217124,0.09257491048779842
2275,75.83257499999999,0.1878337178071959,0.2575460516866571,-0.9674490602129776,1.1551533270600591
2276,75.86590799999999,0.1549626854026294,0.2611853428022566,-0.8436425360123684,1.723744360595891
2277,75.89924099999999,0.07714624344381071,0.274349490191928,0.9891160223458798,2.4312993351861065
2278,75.932574,0.07332255890410173,0.26675945074828683,0.0807492190327053,2.4225563002459154
2279,75.965907,0.0709936903120747,0.25495981425222747,2.312019275778084,2.459639690386885
2280,75.99924,0.09028175893036357,0.2564683601841823,-0.6330799206539715,2.0400890383491435
2281,76.032573,0.1353334635867458,0.2467168864102719,-2.0165974458848153,1.8837225100707515
2282,76.065906,0.14701929303553057,0.2424956539033652,-2.908830836288369,1.9594203900640086
2283,76.099239,0.13821267125890635,0.2563094046098041,-2.7654508557719244,1.8723714324449006
2284,76.132572,0.1383858373009875,0.2568906380053556,-5.428266792898399,2.0897012572783855
2285,76.165905,0.14017468982707748,0.26660430852659256,-6.303313108603352,2.192012870696751
2286,76.199238,0.14499910978574918,0.2668660832014213,-8.557237015055383,2.2950068263833505
2287,76.232571,0.15347695842325207,0.2649354872017089,-9.803278667301608,2.6451192224291953
2288,76.26590399999999,0.1581267362458525,0.2525998280980886,-10.84700783388211,2.745294609678207
2289,76.29923699999999,0.14408192324776303,0.2193710159805644,-11.873026730279632,2.624636709139685
2290,76.33256999999999,0.13413758774334877,0.16151160077015597,-13.783914969172189,2.790354820101021
2291,76.365903,0.11064413654264914,0.14910592060433636,-13.699679527763681,2.9791992350346543
2292,76.399236,0.1259320117318793,0.14175443982360786,-16.02837968243983,2.513681520884363
2293,76.432569,0.186252329179265,0.15346407147982433,-19.813662972041573,1.9997431840752455
2294,76.465902,0.22391594153399902,0.17575906482752995,-20.831553887316748,1.6463878540197732
2295,76.499235,0.20521911411447077,0.19113729547300745,-21.07297899791098,1.6110387968872915
2296,76.532568,0.08381847420972274,0.23196386849871112,-18.538419061886103,2.2303781374275466
2297,76.565901,0.09027978356049678,0.24060269945429158,-17.669884930200276,2.837327573022002
2298,76.599234,0.09935824648277555,0.27255832465416796,-15.629878548861361,3.708833085141284
2299,76.632567,0.1833575487086668,0.2912328778588256,-18.737471267609436,3.519337131219673
2300,76.6659,0.21929792611422128,0.3079382099032092,-19.716416525002728,3.3568827846166243
2301,76.69923299999999,0.18081737698213754,0.3254384534755641,-20.679043508478255,3.1576628932505724
2302,76.73256599999999,0.18912973757098156,0.31782451494270514,-19.7366972411439,3.3119504174057917
2303,76.76589899999999,0.17566838289859119,0.31608932150707114,-20.101849375901676,3.542815395729025
2304,76.79923199999999,0.1695583220158881,0.2977387818915651,-18.581268370937497,3.9432614066832303
2305,76.832565,0.09726569269124202,0.1943864763593545,-19.19437450463848,4.286243002470566
2306,76.865898,0.0861155545404661,0.14710231442012248,-20.47141295999251,4.225512167920174
2307,76.899231,0.10908181977237207,0.15651410768751206,-22.09150547604307,3.2072321378415487
2308,76.932564,0.1389584830744982,0.18445771226809304,-18.782144126922354,2.4472499113796133
2309,76.965897,0.1535944604740707,0.22760377377048174,-16.698171988128095,2.2609446726158633
2310,76.99923,0.15087953429705392,0.25442598561227747,-15.793383245585536,2.1316432831065195
2311,77.032563,0.1632135013625235,0.2701410141193945,-14.71690769697251,2.3336419112939666
2312,77.065896,0.18559124923350623,0.27773303801891297,-13.367918879009055,2.8085368807321758
2313,77.099229,0.20337546438678603,0.289358094480029,-12.374374457351367,2.7838127760112243
2314,77.132562,0.1802047069592241,0.29691357561981224,-13.01290401006276,2.7524603473690368
2315,77.16589499999999,0.12131207734992011,0.30574033920893695,-12.158197496249361,2.633562551118634
2316,77.19922799999999,0.07833425514946932,0.29895490297296257,-10.24977167737838,2.4893254298903664
2317,77.23256099999999,0.07832110337700884,0.27818124923675713,-10.569465028068649,1.5720565477085542
2318,77.265894,0.0783530086105375,0.26946614315002293,-10.462409746202209,0.5362554331944771
2319,77.299227,0.07791735963970069,0.2826987844276861,-8.623318582342051,-0.13228992361634248
2320,77.33256,0.07760300668577241,0.2768450593766874,-6.257409046926027,-0.2233141617410823
2321,77.365893,0.08038699463132565,0.2768780086045972,-5.2043856156647434,-0.21084786393925933
2322,77.399226,0.14080218817707046,0.28409566869947556,-4.832754786192146,-0.15541285083531578
2323,77.432559,0.1606999303588643,0.279420092292898,-4.147525419147818,0.29333113827506446
2324,77.465892,0.16713073424909436,0.28460947568331374,-2.938802825222776,0.750689995112113
2325,77.499225,0.15412322905545975,0.28561374964076747,-3.625120664824752,1.0565037167229807
2326,77.532558,0.1500446187393539,0.28901984956807175,-2.399878930465764,1.2699332539406907
2327,77.565891,0.17464823712237335,0.292186677910571,-3.426283290764673,1.0862143439144558
2328,77.59922399999999,0.17704676680213258,0.28081244200696953,-0.9039070790239696,0.9862605826317384
2329,77.63255699999999,0.25085454326421497,0.30858450532958115,-3.7885024941544105,-0.5822355199061576
2330,77.66588999999999,0.18630742693327815,0.2830413057614109,-7.097613658709859,-2.7495200349387185
2331,77.69922299999999,0.0744327244811649,0.17574718015928148,-8.638468639106089,-3.986258660372865
2332,77.732556,0.07400684968412544,0.1776430057652462,-6.498351232720178,-5.189084487679954
2333,77.765889,0.06932925922968657,0.24049535848258952,7.181250697532785,-4.924432189902033
2334,77.799222,0.07200034901614248,0.26272535242966466,11.527534970541497,-4.342095254917435
2335,77.832555,0.06996962284663766,0.272657248007167,14.025724085038854,-3.4184207210006567
2336,77.865888,0.23548562277165966,0.2957927965130571,14.393786595678431,-2.837615849979199
2337,77.899221,0.14897120727594038,0.2801752731690823,14.330032685172588,-1.8460890349188828
2338,77.932554,0.11011238572159054,0.2909657860718343,12.349232668262477,-1.5035605922613906
2339,77.965887,0.09330691334253641,0.28983935916462245,11.632331479439413,-1.446601683847895
2340,77.99922,0.12188380215741842,0.2953726554208031,11.772399250635507,-1.3125908334820129
2341,78.032553,0.12070261805724417,0.2991891582160876,13.964529101079941,-1.1312025252545068
2342,78.06588599999999,0.1246025846216658,0.2895012863376519,14.27903036397759,-0.6965740127683795
2343,78.09921899999999,0.1288452439736462,0.28924564138445985,13.036528555143132,-0.6529519696459172
2344,78.13255199999999,0.139906978944995,0.29355922775728227,11.318314871601642,-0.30000672993654875
2345,78.165885,0.1255588038669514,0.2988560141995384,11.629502689440548,0.07365864184184999
2346,78.199218,0.13252527785978394,0.3032131694868825,9.791095830275992,0.25004799078240614
2347,78.232551,0.12721297719971034,0.30343687591542295,11.202665779159728,0.7753737972977373
2348,78.265884,0.15475725394178902,0.28678899974509053,11.127921794463218,1.0549803172247025
2349,78.299217,0.1643766691243575,0.2876840545295354,6.9256583219733505,0.6809355301545524
2350,78.33255,0.14000372328943086,0.26650852815175063,3.049197648883669,0.4054771401103796
2351,78.365883,0.15187998206011064,0.27427802183383776,3.815159074542991,0.4671110478525882
2352,78.399216,0.16396175844997454,0.2813771793829952,7.058752218353763,0.37519096155257503
2353,78.432549,0.1647046010305974,0.28603514105695216,6.882953173854466,0.4097463621929241
2354,78.465882,0.158586612312278,0.2900865470349644,7.846929233026605,0.5889438613731277
2355,78.49921499999999,0.17378786439853158,0.2718473475621958,11.276496637468215,0.946648271023809
2356,78.53254799999999,0.19511009540872568,0.14466586989162833,8.113302692286611,1.0150835643862344
2357,78.56588099999999,0.19050937581279317,0.11050803674451759,6.97762715621046,1.3809210486780847
2358,78.59921399999999,0.17979243150224075,0.20366080733764166,4.866117707710533,0.951184872633554
2359,78.632547,0.18032356691899565,0.24232855930364033,7.4985417140536095,1.1730769521146365
2360,78.66588,0.17777934669594295,0.26248588292202124,8.466784235911192,1.5260381505290914
2361,78.699213,0.18012532573418152,0.270794105512664,6.63043071336907,1.5830927447080336
2362,78.732546,0.1797012759545057,0.28908016123650815,11.344981318478103,1.938368860929258
2363,78.765879,0.21435543963932358,0.28707215999027563,8.623325113195133,1.5278342000428677
2364,78.799212,0.24235646921836332,0.2914470910791078,10.185254910803652,1.6963520681973756
2365,78.832545,0.24196330073867997,0.2975987023526675,11.271366160028702,1.8084232762853676
2366,78.865878,0.23528246507146464,0.3019032499836495,8.62341288644899,1.4629403896694904
2367,78.899211,0.2082441534631742,0.29356109362906735,8.773613407105374,1.3988746818647118
2368,78.932544,0.1667273888449865,0.2897680380386638,6.359350955346496,0.9371426477661632
2369,78.96587699999999,0.15913540291833153,0.29750024012243986,5.22730600504617,0.6131572179623825
2370,78.99920999999999,0.15254613636192274,0.3026805359274175,6.247940108928076,0.6223456741400283
2371,79.03254299999999,0.15799486343017274,0.29426666615308317,6.522586342583852,0.6515521612968995
2372,79.065876,0.139813955254064,0.29697159215857827,7.537406364178095,0.7109917490169644
2373,79.099209,0.1377965528780529,0.3016730545590546,6.138753316514163,0.5820038715846461
2374,79.132542,0.14977823359036127,0.2994020468875497,8.018073608987176,0.8182544763492285
2375,79.165875,0.17843608721690482,0.2889350034513812,6.407241191619266,0.9862965031500991
2376,79.199208,0.19881012308284376,0.2815283947256165,6.06683890659393,0.8606291027893258
2377,79.232541,0.19944871799806194,0.22167480279272,4.975059745169722,0.6169042716126872
2378,79.265874,0.16374066373831708,0.09655294847589349,2.370917565854245,0.9848819358584939
2379,79.299207,0.0802537114162642,0.09474939664679682,3.8633056134663146,1.3910279248006285
2380,79.33254,0.07367875996428136,0.1676235809678967,3.4126898453563674,1.207501827316021
2381,79.365873,0.0718226094057628,0.23466914392594618,9.848926018059446,1.7389801924459123
2382,79.39920599999999,0.13748377707802784,0.25842029409193634,12.731301709917153,1.7298802992644626
2383,79.43253899999999,0.20781982812076008,0.2722294023553955,7.870949806086561,1.0836900514896317
2384,79.46587199999999,0.2194945319638467,0.27816826415954105,8.316203550246774,1.0770099036707579
2385,79.49920499999999,0.2035483702650421,0.2876504688427881,10.947440020512369,1.0325017942203119
2386,79.532538,0.14970601762641855,0.2900246891444863,8.039112134396133,0.4549177956446295
2387,79.565871,0.0800204603815247,0.289105788359907,8.9228230255577,0.5492088029202002
2388,79.599204,0.10588235451695759,0.2934402117937385,6.957088806003794,0.6054980227978528
2389,79.632537,0.16716659877305173,0.29658130357393775,7.960284909102706,0.6414799381053097
2390,79.66587,0.20527164817915539,0.2956651065108474,8.161848719890232,0.9511169039801347
2391,79.699203,0.19189055770794272,0.29267112003602147,6.396543298285365,0.8448693935589765
2392,79.732536,0.15909426295963328,0.2821737061586985,6.449768711465011,0.5922455125841704
2393,79.765869,0.0886220957495275,0.27235904834272096,4.655622088966104,0.16169734086341367
2394,79.799202,0.07261588842675153,0.2670443365493826,4.899225987003472,-0.45143346162675374
2395,79.832535,0.13444962246066344,0.26291462862490356,8.040297529415776,-0.6809633854748467
2396,79.86586799999999,0.19171575130025686,0.26528598374224516,8.023283109556804,-1.0153304400136594
2397,79.89920099999999,0.21379653388519188,0.2629005195423806,12.613084971216173,-0.5785032386154793
2398,79.93253399999999,0.2534168907060047,0.2883091664636046,11.25050338107301,-0.7668404269428278
2399,79.965867,0.25633617771384887,0.29479799830798714,14.073551362274882,-0.4671345327472878
2400,79.9992,0.20657512506338357,0.30561561648173974,11.879705830895093,-0.45389246131225464
2401,80.032533,0.12985751040284896,0.31937034920860063,8.9400496745352,-0.579983021771368
2402,80.065866,0.07034751900488709,0.33760204775595704,10.964821571959707,-0.37071668438503574
2403,80.099199,0.08361455243767885,0.3474723103758349,14.080971235419923,-0.4121590178186782
2404,80.132532,0.13609221309913397,0.3450989249925333,14.558877620156908,-0.06872966631525738
2405,80.165865,0.07795694323992493,0.33414486761553697,17.366673124513802,0.2565423279943597
2406,80.199198,0.06835656617582013,0.3222999293440552,18.868992692325527,0.21318206220154756
2407,80.232531,0.06766940137600477,0.3069069184935953,18.692954197257517,0.010543355376300904
2408,80.265864,0.0668759996109995,0.2986687345570249,19.804902283588348,-0.3363354406993356
2409,80.29919699999999,0.12316121577042866,0.286295513210577,16.17043136660388,-0.5631493030426414
2410,80.33252999999999,0.1743044770394671,0.27932393696892266,13.819807160348319,-1.1103776463867323
2411,80.36586299999999,0.19053287292338866,0.29187055132446793,14.001708365896098,-0.789047227412901
2412,80.39919599999999,0.1918793361291329,0.2935996154599444,13.738606814212037,-0.8934706932393427
2413,80.432529,0.17373109550655597,0.2935951704142336,14.606764250559305,-0.7117638513810098
2414,80.465862,0.18776555868779074,0.29843959275613424,14.946102239056309,-0.9095519050232196
2415,80.499195,0.1899204332016979,0.3079820388328304,14.834889004791842,-0.6627493611372279
2416,80.532528,0.1669281206565298,0.29593390518393936,13.512733185529981,-0.6404832983721503
2417,80.565861,0.14575076330785766,0.2976787640944723,13.814334096670759,-0.44486917746267945
2418,80.599194,0.15144727577535058,0.2989370901055465,13.723942489215188,-0.4966005653023147
2419,80.632527,0.15395478733404513,0.2979252639459701,13.730502359049845,-0.7427661193560244
2420,80.66586,0.14991950189233014,0.30533199005403877,13.751334163416699,-0.841308483709531
2421,80.699193,0.14502329542984754,0.3016723662873696,13.001861407262556,-0.9198283072191094
2422,80.732526,0.1421149737082246,0.2810066344443046,13.191267620593713,-1.3515059955122417
2423,80.76585899999999,0.1475707501116001,0.20009162915425582,10.768273202327375,-1.184422246074449
2424,80.79919199999999,0.15579273357156082,0.1328976551808025,11.218736999416496,-0.40061423423506376
2425,80.83252499999999,0.15350336305484424,0.11276081018055847,12.025954138201447,0.06209689502616834
2426,80.865858,0.17843481927738097,0.12542729179427486,11.814455939083038,0.22608300616411756
2427,80.899191,0.18570957589017767,0.11866764015771844,9.512910625716398,0.30819196390532005
2428,80.932524,0.18238540705657932,0.11984278934636602,8.31226703179519,0.5940987520002253
2429,80.965857,0.18231295038459547,0.13880572351139125,7.846420893198137,1.094100982063479
2430,80.99919,0.17977371861518257,0.19642279607147115,10.01249230317359,1.5725217052827505
2431,81.032523,0.17557697365380678,0.23161030924385853,9.039446865282907,1.9043712527093348
2432,81.065856,0.17641398374678915,0.2392351630325129,9.716814041147023,2.2252098649452186
2433,81.099189,0.1741605143162351,0.25400961180726567,6.909446802935458,2.114000919344259
2434,81.132522,0.17762775365306108,0.26461264990400374,6.093340020099738,1.9157208216778274
2435,81.165855,0.18211577752864425,0.27129318157424454,6.928899181254813,2.0154251269847543
2436,81.19918799999999,0.18566451165762166,0.2724526689995211,8.109965077617874,2.2775867616941845
2437,81.23252099999999,0.19608909153883078,0.2801356361495527,8.839766236787808,2.6493162026822517
2438,81.26585399999999,0.19337232568189744,0.28778672721640275,8.681452647047013,3.0759459663926796
2439,81.29918699999999,0.18551160279307854,0.28464461618347964,7.322399308015199,3.442451552326683
2440,81.33252,0.17660809272662994,0.28678754189433686,7.6200232623704185,3.6637735175891977
2441,81.365853,0.17021495107035903,0.27901723813174056,6.393685761532646,3.620492610673124
2442,81.399186,0.16700279058591644,0.2786334826574742,5.515764796449897,3.5021547807462228
2443,81.432519,0.15849587339153698,0.2732235266807905,5.882330926952685,3.401345122066123
2444,81.465852,0.17387458534094127,0.28766199271274345,5.377951220567494,3.366437732248035
2445,81.499185,0.18882264531654208,0.2879371208393217,4.925498395522554,3.366210172204056
2446,81.532518,0.1873686147950237,0.288299369177791,4.017220052259447,3.4068649686667887
2447,81.565851,0.18490419886025697,0.26671251730898243,2.12329972996724,3.2373237897260942
2448,81.599184,0.18767330090946427,0.27539789530674474,1.9986296146716398,3.2950349698148873
2449,81.63251699999999,0.1906543695060752,0.2774830156042183,0.8856605457507546,3.1739328053031137
2450,81.66584999999999,0.19694782098363073,0.27491363206891434,1.1484436389197443,2.99278053695573
2451,81.69918299999999,0.19634160356223726,0.2756290232143879,2.095558844682555,2.9113647534455698
2452,81.73251599999999,0.1979048692933212,0.27304571705111824,0.6529008058019516,2.5337720120857314
2453,81.765849,0.1923063295820731,0.2850624289265185,1.3962537961017014,2.7687859677035473
2454,81.799182,0.18872717358453592,0.28073661399812877,1.9236309801087708,2.8937761385585916
2455,81.832515,0.1815117411153673,0.2784374744910314,1.6774689891991683,3.0746887385774397
2456,81.865848,0.19539850127098282,0.2779537898673068,1.9800955575127164,2.9418173710821307
2457,81.899181,0.20672820595985122,0.28689126151954947,2.396480129685804,2.779007106536137
2458,81.932514,0.21994396989903062,0.2724729006280377,2.7910186909508172,2.2355035705435635
2459,81.965847,0.21734255181122794,0.2754051267706197,3.025122586826998,1.5989966033460206
2460,81.99918,0.17935863526355203,0.25560233137846433,3.030063382725798,1.1813187672852543
2461,82.032513,0.16416634425237053,0.21527239079948823,1.5211188037590269,0.9454492845226001
2462,82.065846,0.16374488042946952,0.18965944510599986,0.8022785497128273,0.44735347240737944
2463,82.09917899999999,0.19505293682360964,0.2408823025105265,7.271190880949185,0.7814973348229208
2464,82.13251199999999,0.18991188100929082,0.26196381358331094,8.429029188788116,0.4156875675832273
2465,82.16584499999999,0.18488033719563135,0.271827725089244,7.910777618569858,0.1848889394545998
2466,82.19917799999999,0.18002073657614648,0.2638570729232144,5.6186668946908185,0.24127064204543036
2467,82.232511,0.17195387231948175,0.23571074470443332,5.45147748158549,0.45868650163629987
2468,82.265844,0.1749462565195467,0.1366673176444737,0.6746474655377326,0.4728050029775693
2469,82.299177,0.17386297584504226,0.14601795230748343,0.5115739929659912,0.8908325496853117
2470,82.33251,0.17722614719312269,0.20286817228343468,3.0102185454664983,0.9165858336937577
2471,82.365843,0.18174617980058527,0.21986584544127732,4.840891189196014,0.9256523319687385
2472,82.399176,0.19781758691339318,0.242838475307239,6.985814634618514,0.8652023880570244
2473,82.432509,0.19704541110208262,0.24979859379450076,7.54331089467505,0.9444362240989704
2474,82.465842,0.1259098884315858,0.2605240609690161,10.18525015092338,1.0607297482918545
2475,82.499175,0.07019059692270992,0.2731536291349113,11.638574388950843,1.190330966622629
2476,82.53250799999999,0.07151255532626768,0.27284556478963584,13.915637825702118,1.409271836773779
2477,82.56584099999999,0.06940158574808529,0.28187736707426203,13.221560953902765,1.399586277673626
2478,82.59917399999999,0.1445367257630422,0.2814892969369158,10.171683116746012,1.9343253615519886
2479,82.63250699999999,0.17297297336119322,0.2703800906571156,7.4861345820801,2.6948512159536318
2480,82.66584,0.16644878107688163,0.27902184951035003,6.15563578424588,3.0338765923455333
2481,82.699173,0.16772110232918633,0.2908485592095944,5.026578096549145,3.1969352982004215
2482,82.732506,0.15884926879803896,0.2876467534916277,3.5802148562650147,3.0311401153471436
2483,82.765839,0.1674657393136781,0.28271245305924125,2.0559515694428376,2.6596033226832
2484,82.799172,0.18013961773102916,0.28466346599596837,1.9815688394081588,2.064354850131249
2485,82.832505,0.1763699112766242,0.279186414018104,4.709690434939397,1.9578646997091795
2486,82.865838,0.1705727134036901,0.27050794806001255,5.174768842524663,2.0383861065752438
2487,82.899171,0.16469346810119848,0.2661381045030034,5.1690331267414615,2.069434132811518
2488,82.932504,0.16489080131751283,0.2531068367327933,5.26934543634322,1.9405090457202654
2489,82.965837,0.16520812577190794,0.26274801179416774,5.989308432562392,2.064493174994572
2490,82.99916999999999,0.1722228076500014,0.2594124055063981,8.033253180483985,2.529274507712173
2491,83.03250299999999,0.15933210092313832,0.2597631479491971,5.978426138412977,2.4297106498669043
2492,83.06583599999999,0.16739767695355715,0.23339483864187877,6.626327204853619,2.3161500371964276
2493,83.09916899999999,0.15930197920761313,0.11159378652430739,-0.41541065235597324,1.6669915353365292
2494,83.132502,0.15516525956982383,0.10390542842171223,2.501775594555487,1.6940916574368237
2495,83.165835,0.14714660247192796,0.20122951573437015,5.467451154595967,1.2666136706612448
2496,83.199168,0.16436615900450977,0.27092845423773226,6.823411827760523,1.1607980634556416
2497,83.232501,0.1907412494205412,0.3035713607801094,10.648386220094205,1.6874567999583192
2498,83.265834,0.2131891070400907,0.32929965025706465,11.510711444359499,1.7302632874618127
2499,83.299167,0.20537000686408377,0.33299256312912445,11.47419653308573,1.4997161043482574
2500,83.3325,0.22718627136921063,0.309255885284593,10.624498089503671,1.2053345643446458
2501,83.365833,0.24857429721800703,0.2922322067473519,10.162288043248003,-0.41005875258810576
2502,83.399166,0.26017938998731427,0.29169122146457094,13.636512225515798,-1.469335670566074
2503,83.43249899999999,0.22527872193995785,0.2885671292176941,14.389397511978174,-1.7928557425698461
2504,83.46583199999999,0.16929486238730498,0.30245191704757174,17.428172264903584,-0.2263332254755802
2505,83.49916499999999,0.12286714542937875,0.29608110929157294,20.36793187767997,1.3140259684538562
2506,83.53249799999999,0.06996276875846477,0.3099663888068161,20.457020260208864,2.173804876945304
2507,83.565831,0.07016217169276272,0.3053005019971907,18.038498337742844,2.2273588917076017
2508,83.599164,0.08778458785383983,0.3103667846936904,16.378120393060033,2.1848932143800113
2509,83.632497,0.1368091734021449,0.3127150574409424,15.585690323741991,1.956415442329648
2510,83.66583,0.20960276241752232,0.32035480313028364,13.369558460716535,1.3246201379036826
2511,83.699163,0.207595510991082,0.31161530263651915,10.271508610937872,0.9769093102747763
2512,83.732496,0.21391049218521935,0.3084241570077101,9.564901943096718,0.9042242061703423
2513,83.765829,0.2112365326300556,0.30239435898056166,8.13712074089752,1.2050320357823774
2514,83.799162,0.20307100536782205,0.30031929323531503,5.342505648550921,1.2832963323516797
2515,83.832495,0.19781023463176273,0.28853887618234153,4.789102146385416,1.3332219310475566
2516,83.865828,0.19794206749246823,0.28310134827755984,5.080541064903843,1.3215374785476566
2517,83.89916099999999,0.18570010678178567,0.27214240333418027,4.223984482194603,1.4597668243369673
2518,83.93249399999999,0.16672347639477816,0.2761264918232497,2.2978561602771657,1.4908087069099691
2519,83.96582699999999,0.17413316811530122,0.27595072426324363,1.1701014653196875,1.4820219841719664
2520,83.99915999999999,0.1793171864379321,0.28027088125926114,0.6672513289219156,1.617607893458244
2521,84.032493,0.18110860912313312,0.2590999248588244,-0.059430693458036435,1.5862128829501068
2522,84.065826,0.18132484813599145,0.15937239084355462,-3.0585391266919846,1.5079946682794692
2523,84.099159,0.18405727732996047,0.15255591748005448,-4.47775029419929,1.5246890131433803
2524,84.132492,0.19020753184584283,0.176617366073466,-2.3692562214141235,1.8265589287316504
2525,84.165825,0.18946332673551047,0.22009198633918825,-1.120014335875198,2.1405828766437294
2526,84.199158,0.184423338002504,0.24194077025339375,-1.8633432231062657,2.6040389814510445
2527,84.232491,0.18873497683401463,0.26462508898662906,-3.9508313475906065,3.1040545263862787
2528,84.265824,0.20086819500120712,0.27039110541176636,-4.53204255345638,3.7542073486710175
2529,84.299157,0.19659296840611926,0.278572245398541,-5.374061713397215,3.9943598700870795
2530,84.33248999999999,0.20044026271826593,0.27097697866865067,-6.580722174537932,3.670640493926426
2531,84.36582299999999,0.19718085253451392,0.2695880915933684,-7.3849135831362345,3.2336697880653067
2532,84.39915599999999,0.1930815852111118,0.2653269472477339,-7.296571091823258,2.693535590182164
2533,84.43248899999999,0.1982992460354683,0.2731956678684055,-7.87967086567893,2.3389056018377814
2534,84.46582199999999,0.20422330977370465,0.28085040040336007,-9.128271021075077,2.034073861970506
2535,84.499155,0.21189826183997132,0.28300699281326,-9.42512421040575,2.0542777575674793
2536,84.532488,0.21952090344792696,0.2723509649241143,-10.468596816990367,2.2732017700388556
2537,84.565821,0.23008983382843612,0.2626409967680089,-10.734723340877231,2.812594754014612
2538,84.599154,0.2373346055805837,0.2790330757496584,-11.399205582972776,2.9243191317834354
2539,84.632487,0.2434566881255273,0.27716461703845563,-12.491649887984412,2.9225339381027755
2540,84.66582,0.24159836235421692,0.2821308250259328,-13.608280868752894,2.784255025393848
2541,84.699153,0.25220948268432475,0.2846129021516104,-14.40046463185144,2.3848088392762072
2542,84.732486,0.25745221959058945,0.2777648841678154,-14.559934666809475,1.9253830358236221
2543,84.765819,0.25587345480213314,0.278972965272785,-12.274204675878881,1.886176082808988
2544,84.79915199999999,0.2493162310990853,0.2793723325718148,-11.445442597306391,1.6464041825002527
2545,84.83248499999999,0.24008332668465662,0.2619063431189938,-9.112053580079454,1.985193962312226
2546,84.86581799999999,0.2370412564505862,0.210042845540801,-8.23311916301261,1.9038756160954244
2547,84.89915099999999,0.234971861122566,0.18893037245061428,-10.685290453189376,1.820723748547929
2548,84.932484,0.23132724050051792,0.17660545338983352,-10.503551923372108,1.5465762694884984
2549,84.965817,0.23040077146649932,0.22091152815188897,-7.988412944631167,1.1588305612110053
2550,84.99915,0.2221516389389228,0.24434244163248758,-6.791935983209127,1.1078692395168068
2551,85.032483,0.20879034779288927,0.2564578519649709,-6.564155069201369,0.8362600299303375
2552,85.065816,0.20289351467983716,0.2682780261249291,-3.9810901921448023,1.0223080147548218
2553,85.099149,0.1941976003857651,0.2685680373962059,-4.005150416199582,0.5419498356224118
2554,85.132482,0.19323226374413816,0.2636493277530149,-4.601570620905797,0.08866343212260826
2555,85.165815,0.19880932248962266,0.26349266479780686,-4.370511797643729,-0.7721173771130254
2556,85.199148,0.20324197316061451,0.27086624534775505,-2.334758691978171,-1.6766888693614626
2557,85.23248099999999,0.20678692369466042,0.2687236921264573,1.4413367917067992,-2.0815307431359256
2558,85.26581399999999,0.19197609525355896,0.27760258908035773,1.9443918188660154,-2.8045712945575523
2559,85.29914699999999,0.19165460643612575,0.2891078307129896,3.313223952871415,-2.7141030779686646
2560,85.33247999999999,0.19669581866612512,0.28850941650169337,2.434210118743802,-2.7002594977678838
2561,85.36581299999999,0.195316272849786,0.2936471723238968,2.305027415313562,-2.6092008112918683
2562,85.399146,0.18791310623034077,0.2846406362261278,1.972326236079498,-2.434413229721565
2563,85.432479,0.1882160700495023,0.28546299459706737,2.0751253337131135,-2.320413752047399
2564,85.465812,0.1884223568291568,0.27950412149289494,1.6561299360985533,-2.4403436945955543
2565,85.499145,0.18914079340584122,0.28040375867160494,0.7679492671558796,-2.717583142787218
2566,85.532478,0.1854793781891168,0.2821753319747395,1.8219035781424149,-2.8409502177295463
2567,85.565811,0.18876194281270603,0.27612174593831934,2.3413143276068538,-2.8485360050291044
2568,85.599144,0.1870250669515843,0.27500357304354306,2.8942745128584577,-3.0496841603895186
2569,85.632477,0.1883521413302049,0.270387622943538,2.743688436120482,-3.45349400275889
2570,85.66581,0.1857827055742731,0.27004760831695146,4.172418225724022,-4.212938256748141
2571,85.69914299999999,0.18212507603640005,0.2685264043464133,5.172924026976967,-5.069878740886068
2572,85.73247599999999,0.17624103185346604,0.23155144867939395,6.293104344329355,-6.017658518138489
2573,85.76580899999999,0.1803192092617927,0.18361139250261554,3.0457892713733097,-6.492358765249218
2574,85.79914199999999,0.1767366634706127,0.1828317778276779,6.282604089462106,-6.528805788391341
2575,85.832475,0.18045742466109768,0.20052229050323378,7.529481269219524,-6.578902468026533
2576,85.865808,0.1709364206415331,0.23237483015361976,9.389447579863093,-6.355726434166893
2577,85.899141,0.17628760073916216,0.2448864226771655,8.227721246657818,-6.321660055949629
2578,85.932474,0.1707040198298325,0.2554914303359246,8.926433108983046,-6.119771941454751
2579,85.965807,0.17324917954608554,0.2632729234300229,9.181315222204677,-5.921923171919905
2580,85.99914,0.17166456032025654,0.2651988343427341,9.014684512153021,-6.003128743774187
2581,86.032473,0.17226344441830949,0.265572920500543,9.134433166519495,-6.163221660701977
2582,86.065806,0.1785822156630345,0.262009640694375,8.705451005156712,-6.066947524090329
2583,86.099139,0.17382031462786396,0.2686673851125214,8.0537939428866,-5.8108383350632415
2584,86.13247199999999,0.1721904808776579,0.26493488295942524,7.417091693746568,-5.371094586461347
2585,86.16580499999999,0.17236223399773715,0.2728931345085085,7.057140345948045,-4.846588921086085
2586,86.19913799999999,0.17846782278773157,0.27137300012653276,7.0553754764996395,-4.314505551541162
2587,86.23247099999999,0.17293170375904396,0.2678270185776066,7.96201847615228,-4.473491978137307
2588,86.26580399999999,0.1706601386800429,0.26896142127206857,8.951702368497553,-4.877823148454327
2589,86.299137,0.17735517271134954,0.2680830395625667,8.715937769202279,-5.660629647534738
2590,86.33247,0.18157174388482497,0.2537954010625054,10.19212015928481,-6.239816484925989
2591,86.365803,0.18432262965803423,0.13182537891934198,8.768691194516213,-6.907751077387228
2592,86.399136,0.18866650333915522,0.12980174160860342,9.787900016743304,-7.029598504280176
2593,86.432469,0.21438997830698325,0.15185668314885586,11.604728408259703,-7.19838249865601
2594,86.465802,0.2637208441870274,0.21473102553039136,14.515279705222532,-8.119313906372355
2595,86.499135,0.3230758474672694,0.24652334078313087,15.665321894112815,-8.245332092092708
2596,86.532468,0.3291916100831354,0.26129811018306487,13.603606752640301,-8.195094024258598
2597,86.565801,0.3311278491682761,0.27196165446534115,12.785384309938006,-7.883910755127537
2598,86.59913399999999,0.31980197743292127,0.27182124346833186,12.657270186589454,-7.105986323644211
2599,86.63246699999999,0.29119655069913736,0.2827495410598975,14.576612386659962,-6.513470790625224
2600,86.66579999999999,0.2541500673351705,0.2918093292162412,14.19679535180925,-6.04287198170654
2601,86.69913299999999,0.2169135442950738,0.29318882214742237,11.666025088960872,-5.7506327158394
2602,86.732466,0.1978282303063104,0.27987226710019664,12.636156122383609,-5.302414958845425
2603,86.765799,0.17846029277752146,0.2733290929126062,11.621936087371331,-5.1522888002421885
2604,86.799132,0.17851306063641093,0.26809882103677096,11.84822607922893,-4.787305956743935
2605,86.832465,0.1666852434527875,0.26753926043589044,13.769870776965726,-4.578587591484239
2606,86.865798,0.15005919802918313,0.26912373110595644,14.58462974414507,-3.929576885443157
2607,86.899131,0.11628668074809198,0.27629555531016897,16.359116309232842,-3.4490174202032033
2608,86.932464,0.10478723052044597,0.2777015079327493,16.05409684673902,-3.2371751429344697
2609,86.965797,0.11905765345173794,0.2817620320359466,16.324840590127234,-2.8130888534603242
2610,86.99913,0.12535250378240947,0.28021298386296023,15.86426639704228,-2.584675138735475
2611,87.03246299999999,0.10378858509884992,0.28310766399169907,15.17774163711936,-2.3086735560001546
2612,87.06579599999999,0.12110632106731115,0.2649876057036732,14.280743205398025,-2.479458980434083
2613,87.09912899999999,0.14718485199608755,0.16838091012876205,12.065108346249108,-2.5554981351187314
2614,87.13246199999999,0.16196324800128997,0.1185399265893893,11.092044154245553,-2.1173671652943984
2615,87.16579499999999,0.1742293592791907,0.11599933182937855,10.849634691437638,-1.706610738736626
2616,87.199128,0.22485730914513877,0.19934722884369677,11.80952038662139,-1.964828465736924
2617,87.232461,0.17495346838664697,0.255909858790889,13.81001963983902,-1.4742269044797918
2618,87.265794,0.09851134760075494,0.2643481466592843,15.358736832935016,-0.7519098630286833
2619,87.299127,0.06970645324522909,0.28973515900106794,14.63028355378383,-0.20857121384108387
2620,87.33246,0.06817517728775574,0.29573878267902964,15.774050798859214,0.09435803183381176
2621,87.365793,0.06893999726233196,0.29148175737663645,15.539523181989956,0.1700714759052516
2622,87.399126,0.06859924379264552,0.29080523910093103,15.70708310823079,0.2655562741794112
2623,87.432459,0.09280494613854263,0.2925354686052149,18.76394949629014,0.34353875665160943
2624,87.465792,0.10272411262972454,0.29502777206516684,17.5515934867231,0.8015838161725917
2625,87.49912499999999,0.06920697115144868,0.3051603611188091,12.85686017760429,0.23196099502669337
2626,87.53245799999999,0.07115023507293684,0.2992403455611222,9.86591648351343,0.1901660431672669
2627,87.56579099999999,0.07414795793729637,0.29679942119778,9.59673268716465,0.10895426953687769
2628,87.59912399999999,0.1360802047962422,0.29501779135259226,11.140446349897754,0.3093254256733617
2629,87.632457,0.16971106793663257,0.2924061387383491,10.574663748277183,0.11033861635954317
2630,87.66579,0.1476608772035454,0.2916840493148845,10.548276486345186,0.13506743786175543
2631,87.699123,0.10444602127258514,0.2947497264599376,10.01730901017072,-0.20523430111267724
2632,87.732456,0.07097861628596817,0.2973890635997828,11.115819267903689,0.25284987189297153
2633,87.765789,0.07108204808010954,0.2926713636470586,12.691386555606186,0.31082365939709455
2634,87.799122,0.07358687873934423,0.28823116966961915,12.141960524374596,0.7019127639332878
2635,87.832455,0.07368810254237944,0.2900227407655749,11.70973347445808,0.7432733808548083
2636,87.865788,0.07179688728041561,0.2930688348605873,10.790086027795079,0.48819318413683277
2637,87.899121,0.0927780430322097,0.29003664575221694,9.018047898003674,0.5480458876137905
2638,87.93245399999999,0.1376075525486312,0.29600705684062145,9.260079712619035,0.6389225699401578
2639,87.96578699999999,0.14805920113241122,0.30358468060206306,8.266105125370833,0.7426239840867008
2640,87.99911999999999,0.16632932125597868,0.29146453400883093,8.491625933942826,0.5838414795046467
2641,88.03245299999999,0.1793918552357409,0.2697576071427858,8.975460637493095,0.6330318079451843
2642,88.06578599999999,0.17552952429379204,0.12788188819945973,4.553912854383019,0.03336354274977
2643,88.099119,0.1572128426305826,0.11271619980926706,4.145652337673654,3.249951933736744e-05
2644,88.132452,0.11930927945450225,0.18414132652590465,6.273843477066479,-0.40269528919487857
2645,88.165785,0.07171573988519944,0.237577258541591,6.710148462497264,-0.39763541359924953
2646,88.199118,0.06955424908724316,0.26175422493766487,7.7259489926571465,-0.3243840194790479
2647,88.232451,0.07227741971451708,0.26004419603381357,7.627390207541552,-0.24766752613889315
2648,88.265784,0.15801342983677483,0.26115506467444377,7.360373524712533,-0.6042552258182163
2649,88.299117,0.17615140596103845,0.2669155110167914,10.527958422017797,-0.7540541657993904
2650,88.33245,0.15707149363632544,0.27433727301986777,11.149489833221423,-0.8341296601042387
2651,88.365783,0.1588844497118815,0.2780582239767867,12.710778464011172,-0.7653339440739646
2652,88.39911599999999,0.21544170126110046,0.2869168688410955,13.514837135494309,-0.8154335278342616
2653,88.43244899999999,0.237185953102168,0.3045047849191127,14.631075606722673,-0.553181041164243
2654,88.46578199999999,0.25759674299803226,0.30262697012981354,13.966599576343397,-0.4821721311911306
2655,88.49911499999999,0.2741758396157299,0.2946301032720573,14.64907963913812,-0.1919144460011037
2656,88.532448,0.27122178390611024,0.30030266927888893,13.68286800202491,-0.11106363042125432
2657,88.565781,0.24885340469182524,0.3000499533109553,12.612458339574752,-0.11269818450922205
2658,88.599114,0.22622098769227844,0.29828447927703783,11.185535606538611,-0.026425320749281344
2659,88.632447,0.19497600836059364,0.29411154711516907,9.128660421420486,0.02624474219067875
2660,88.66578,0.17080394804541582,0.2905772379148501,7.042771342801663,0.24626854835003806
2661,88.699113,0.16602106652958062,0.28861281673618533,6.506956629378446,0.5053983963708061
2662,88.732446,0.14007833497633468,0.27395865920490026,6.700122008982422,0.37484746702613186
2663,88.765779,0.08730547291771903,0.22988367939338356,6.938293207675084,0.052594118485557305
2664,88.799112,0.07343379018814611,0.11200225992143151,3.36751571786864,-0.403319797009286
2665,88.83244499999999,0.07268404218408678,0.11150944947668313,3.5167790119413818,-0.42796549467015416
2666,88.86577799999999,0.07330455561871581,0.19700181875787517,3.8727614238885684,-0.9831673090105171
2667,88.89911099999999,0.07322498537707141,0.23204522155752744,6.09941353942335,-0.7081292904759136
2668,88.93244399999999,0.1049641090119977,0.2621031371629018,7.545099580337968,-0.39609109516086594
2669,88.96577699999999,0.1107974891992302,0.2742021141098473,6.76839417290694,0.09080441269592433
2670,88.99911,0.09949668994256076,0.2784344675137134,6.121638463977362,0.6909897869074774
2671,89.032443,0.07716976448666422,0.2736798847312606,6.0320188555111995,1.1968753855905971
2672,89.065776,0.07071769896237538,0.2824228549722766,6.389845236188286,1.5071576724188849
2673,89.099109,0.06921869978403021,0.26502133913836917,3.6924915880118494,1.1598039422635122
2674,89.132442,0.0719664745036349,0.25717162059691356,1.799752617494443,0.9789780424182386
2675,89.165775,0.11408481198023473,0.26108845040479606,4.045568429936472,1.1008772979342056
2676,89.199108,0.17619798638352493,0.26299313970852284,5.730030523099353,0.7213546815132486
2677,89.232441,0.1900146156000707,0.25371517564321816,5.783995545152018,0.5323694514177095
2678,89.265774,0.18361430626377034,0.22588589207701026,2.6811821165963887,0.09597514881867303
2679,89.29910699999999,0.17615877243858696,0.1050775110780413,0.7258762952655775,0.3696951147146839
2680,89.33243999999999,0.17845332016212515,0.11534363646934558,0.9568234593189162,0.6664359854923368
2681,89.36577299999999,0.17103117399841752,0.12928620743026936,-0.02652626578276594,0.6104172509821346
2682,89.39910599999999,0.17748495264458428,0.20622112982639274,3.177143111921199,0.731676375236931
2683,89.432439,0.1700051422016299,0.2377302324402682,2.9277327139749563,0.607485726771542
2684,89.465772,0.15944574697074804,0.2486831706522813,2.610261211486082,0.44102569578934264
2685,89.499105,0.1513310384220226,0.25475932934323237,3.661923646858142,0.24345438790293167
2686,89.532438,0.13788379935550713,0.24399581248116786,3.5517507169107185,-0.13907982478358452
2687,89.565771,0.1006838735839312,0.24655059328291223,7.028999383301162,-0.24300549816409453
2688,89.599104,0.07463954896266232,0.24866967747113827,6.585297405967946,-0.43778743324871916
2689,89.632437,0.07595681561710405,0.2610759551675839,6.999617560195707,-0.3485835512748617
2690,89.66577,0.1571822897829622,0.2791545603383935,6.3478944295712045,-0.3513144896478088
2691,89.699103,0.194490185299206,0.27564483680205015,7.017744617698714,-0.16416779499177137
2692,89.73243599999999,0.21541603838578632,0.2805053657748109,7.191930317962188,0.2028687925554741
2693,89.76576899999999,0.2246135084115436,0.2768540174163726,5.4707383028216805,0.45844187424232796
2694,89.79910199999999,0.23463503682390754,0.27298576555877246,5.018679090938745,0.7186120754782505
2695,89.83243499999999,0.2399841780618078,0.26760555009081166,5.183115617289857,0.9998194951349784
2696,89.86576799999999,0.22605640821762504,0.26972155860340913,3.947148637244772,1.0718118443176836
2697,89.899101,0.21568077393386745,0.261492720402127,0.8803754809894775,0.5307470310606798
2698,89.932434,0.20549445926537546,0.26864255498090933,-0.7430522270190969,-0.4316243170815358
2699,89.965767,0.18917167392352582,0.2712601520734491,-1.473960480701005,-1.4317943694803559
2700,89.9991,0.18757785354067807,0.28499760781386185,0.6440424174479529,-1.975650091830335
2701,90.032433,0.18599747707128597,0.2882955742677051,1.5867911987645387,-2.3212340641921005
2702,90.065766,0.18062810547359245,0.29406187042103954,2.7017033669283785,-2.0096764768522575
2703,90.099099,0.1777579730554158,0.3018449588444949,2.739091451739794,-2.0105169431003143
2704,90.132432,0.17466531532642537,0.2865955217509266,2.9023104906220074,-1.778494049707223
2705,90.165765,0.17082776865404778,0.2953324841897337,2.936907679942702,-1.3222414100455744
2706,90.19909799999999,0.1701210615998694,0.306320389296298,1.2891882967812887,-0.9360622540939159
2707,90.23243099999999,0.17231119249348556,0.292828706310861,0.4300803611841213,-0.6356525224508781
2708,90.26576399999999,0.17947892445456307,0.2348156766001973,-0.4120722183879901,-0.4248840658152536
2709,90.29909699999999,0.17873201276484166,0.13366143863187901,0.802137581903835,0.7707462052067647
2710,90.33243,0.18137200767965225,0.11464497497930853,0.697045732636622,1.3589698264329777
2711,90.365763,0.1827500785557921,0.10068270514381254,1.633758598360239,1.5407765973358105
2712,90.399096,0.17972092694792652,0.10316876006727914,-0.30573610163675025,1.6831289177758384
2713,90.432429,0.18285474271283902,0.09268329464789814,-1.1522768873144422,1.6191385110065621
2714,90.465762,0.18580733515163855,0.13475850190691907,-0.8018748000579021,1.2651424107401528
2715,90.499095,0.18070578778375596,0.20541174891404337,2.3962296531396325,1.2035932317420934
2716,90.532428,0.18016347669144084,0.23829772201598154,3.970616179623177,0.994989865580457
2717,90.565761,0.1835235726152875,0.25975705964526974,4.222349677454349,1.059420251888219
2718,90.599094,0.18603251818700509,0.2657823604993534,5.077573462740261,1.2456883548477358
2719,90.63242699999999,0.18180179358510595,0.2750938779405484,5.282365501245516,1.2884339396136248
2720,90.66575999999999,0.187079252091333,0.2806776917237757,5.087031963166331,1.3524128560274493
2721,90.69909299999999,0.18955876112235095,0.29239229138448175,4.799729213129489,1.6321880530169004
2722,90.73242599999999,0.18771032826874445,0.28771637046442144,3.970358966241842,2.023005256749672
2723,90.76575899999999,0.1875026478232837,0.29503643086619075,2.7850937251898173,2.334162496117903
2724,90.799092,0.1839224388777981,0.2971171362292147,0.0721996551950948,2.527358984213267
2725,90.832425,0.1731942916330414,0.2983053350543928,0.7800323695639277,2.422487463239749
2726,90.865758,0.17942401815964149,0.2949634008861848,-0.7892180895739018,1.9388287321749014
2727,90.899091,0.1902795117047144,0.2999345043491853,0.31294672410273616,1.5112907035830008
2728,90.932424,0.18934571834636577,0.3013519468734748,1.4550291736274585,1.28181302509602
2729,90.965757,0.1868324350839032,0.29869463833480536,2.9219216036706586,1.0934498347672146
2730,90.99909,0.18795724022890273,0.29924467334941385,3.8681484590826574,1.014203872205312
2731,91.032423,0.19408997596272015,0.2999815477637876,5.178549062768174,1.0904730144635237
2732,91.065756,0.2020749943292556,0.2915439425582329,6.062830691264866,1.319486574694075
2733,91.09908899999999,0.19727755042043096,0.29133360101654304,6.678781920553768,1.5516958244480987
2734,91.13242199999999,0.18905115045877516,0.28945837338443425,6.66805515703838,2.0036821504772213
2735,91.16575499999999,0.1923605977128741,0.2850109953799465,4.349180237294283,2.018194506284573
2736,91.19908799999999,0.1850822139968966,0.2891262598391201,4.694560384223061,2.1362088786547146
2737,91.232421,0.1923023249338822,0.20400017582639035,0.8582410391991656,1.070092168608022
2738,91.265754,0.18591858879052642,0.0874123629660716,-0.8928913108230563,0.36536411377034744
2739,91.299087,0.19649572802169724,0.11016998103411474,-2.255635090209016,-1.1636120281294544
2740,91.33242,0.1913948304088042,0.1421250697125485,-0.9501983613380531,-2.3434884335266597
2741,91.365753,0.19045101166923992,0.22968101384300832,1.1928683271593057,-2.5754207496823107
2742,91.399086,0.19816379751528096,0.2477290517179357,4.219252747325948,-1.7116636509383083
2743,91.432419,0.20335295814561546,0.2594420545838554,5.693362103271106,-0.47323351709938677
2744,91.465752,0.19083401721647153,0.2717716272105342,9.700807117977892,1.319403971117004
2745,91.499085,0.1836217220917123,0.28799248741281763,10.526570514939689,2.7188980275235353
2746,91.53241799999999,0.17174861593455684,0.2845656771248195,9.699514223258348,3.4382368880762058
2747,91.56575099999999,0.1534151064235971,0.28029228358848135,10.682575796056302,3.782920204950907
2748,91.59908399999999,0.11602541242315377,0.27382448597330344,10.112676108322132,3.9596616341162636
2749,91.63241699999999,0.0900505810919646,0.2829363950641557,4.337042852342826,2.5057327029208825
2750,91.66574999999999,0.10472060986713835,0.2978054625931801,3.2996002860753864,0.7376519643838281
2751,91.699083,0.1322011556507717,0.3006319240038378,0.24882578649131926,-1.4476035105573186
2752,91.732416,0.1318248143932219,0.30535866697704617,-2.2935258898803688,-3.118845744535026
2753,91.765749,0.15619932467497485,0.2971555086877113,-0.49038465727866964,-3.674109558629465
2754,91.799082,0.19348043171347754,0.29928036919774315,0.9776873511428669,-3.627987339490415
2755,91.832415,0.2618556558738405,0.3071279056515923,3.0803663550340112,-2.948060029690674
2756,91.865748,0.2433359054650176,0.31272674206596274,5.387389302751681,-1.6931221665881095
2757,91.899081,0.22292160117093598,0.30305827549775977,8.174731544457401,-0.6535066859786828
2758,91.932414,0.22421817065228822,0.296063194125552,7.296223627679921,0.8268299535637238
2759,91.965747,0.21372697870094998,0.2840713328007618,7.440539934616962,1.5118267888883303
2760,91.99907999999999,0.20926507480454756,0.287197349664983,7.139179487712136,2.071229009539212
2761,92.03241299999999,0.21135842412907843,0.2807159258701779,6.60669646497443,2.0916857794583272
2762,92.06574599999999,0.21807936560505597,0.28132542837352925,7.817416680293099,1.9830568587146635
2763,92.09907899999999,0.23063812964729496,0.29108329883287304,7.452897486257687,1.1624583213544522
2764,92.132412,0.20474451439489125,0.288595097162453,6.291254749240832,-0.32246974987400373
2765,92.165745,0.16302292705835203,0.28460758056212454,2.744661973886596,-1.7602583090580017
2766,92.199078,0.07740715692440833,0.2948279845128765,6.6935493581536285,-2.2831675171178496
2767,92.232411,0.0778764711383699,0.29512615826427346,11.807769227617104,-2.250396240107992
2768,92.265744,0.17979821012787392,0.30026592662755025,12.025909880096046,-2.397006832835815
2769,92.299077,0.27034760809472674,0.29812749497814284,13.678560282180147,-1.750995487296094
2770,92.33241,0.23135097735107202,0.29722590596123,11.562512540922468,-1.0928658297817837
2771,92.365743,0.16516108251068082,0.29980715614387954,9.850729547514527,-0.5267328828357215
2772,92.399076,0.07425886566444707,0.301396898694965,8.04712466160457,-0.09660223900348892
2773,92.43240899999999,0.07402810304542864,0.294406508918285,6.551295219774576,-0.279987258183734
2774,92.46574199999999,0.18598399184572595,0.2889998470391638,5.074364682599467,-0.5967630920461465
2775,92.49907499999999,0.21465213417822152,0.21701514798240573,7.633303019358632,-1.0093976318403413
2776,92.53240799999999,0.20765755290315088,0.12201278418124598,3.144262110775046,-0.9140698394059782
2777,92.56574099999999,0.19144267012051452,0.13012888165214,4.287100450663507,-0.4118843102725929
2778,92.599074,0.1901560857672644,0.17671101079535728,4.616141150307903,-0.379061525430746
2779,92.632407,0.07857835118312433,0.2155557733144826,7.970321763313477,0.43885015233482877
2780,92.66574,0.07501092769526724,0.2522474008476516,12.800486688178252,1.0170252289904944
2781,92.699073,0.0763870014572944,0.26428708701471515,13.90678123476496,0.9650439687987596
2782,92.732406,0.1464856011417783,0.2679817305936249,13.606211456294776,0.9198028748301584
2783,92.765739,0.16317205075569338,0.29335047589178265,13.949901657443691,1.0199308258202107
2784,92.799072,0.17263903674615003,0.2979279020631359,11.8126374149617,1.162704562135239
2785,92.832405,0.16875765558551126,0.2823199832664625,9.673150570236855,1.1424433269887744
2786,92.865738,0.13006088701057533,0.2675688259274921,8.586619968106838,1.344763404531402
2787,92.89907099999999,0.11200803445417361,0.2714300305551004,10.12096261039368,1.9384084278240452
2788,92.93240399999999,0.1554188706498887,0.26351813468548446,7.884401326835747,1.728929432353479
2789,92.96573699999999,0.20447935981034918,0.2885434742350687,7.958206133293124,1.6918378815177222
2790,92.99906999999999,0.27176900742240206,0.28318227542978514,7.056031475989516,1.6800305267010163
2791,93.032403,0.2700466222419593,0.2864303368341071,5.667140764478265,1.2274319594433811
2792,93.065736,0.25812024146603063,0.29355451140231914,4.589502606318728,1.0408822113931582
2793,93.099069,0.20908735477857104,0.2956830506036955,2.3358075955406217,1.185675078185573
2794,93.132402,0.17649078549255476,0.2740124520883278,2.393380755379912,1.15420080831572
2795,93.165735,0.18828141218720612,0.2714769211740827,2.073376814479906,0.884042042790846
2796,93.199068,0.2184553755351272,0.2665618106070864,0.7929768826838718,0.6861308760073315
2797,93.232401,0.24215676534606786,0.2531210430458527,0.07388964903944006,0.7252149255283499
2798,93.265734,0.2381024658523726,0.25225923542507717,-0.2798195929054726,1.319852720776087
2799,93.299067,0.25184599881161884,0.2314277017411285,2.010141433343141,2.9711956059729325
2800,93.33239999999999,0.25319747935244363,0.2155813304007732,0.8427295641348954,3.898605210256418
2801,93.36573299999999,0.2693124460067761,0.22391872704704469,-0.09404440440872992,4.069131421311089
2802,93.39906599999999,0.27407941096798455,0.2102799464779701,-0.409690545003245,3.4537228750468683
2803,93.43239899999999,0.2724492286041827,0.2168140235381686,0.4147031431052811,2.7437811255813713
2804,93.46573199999999,0.2618957374380349,0.20442371382404373,0.8741877452674762,2.0638275328181397
2805,93.499065,0.26823070445292047,0.19017883056517687,0.20189988324746383,1.4675730032743641
2806,93.532398,0.26660763059607184,0.19297847933099022,0.2139494139225607,1.1614584032951965
2807,93.565731,0.26518942843679855,0.1944068875924541,-0.49953278460536527,1.086435103591644
2808,93.599064,0.2692245148004505,0.19035750447677038,-0.04853339642639023,1.4263805052216194
2809,93.632397,0.2686770835414076,0.18466944482716594,-0.8990008404023426,1.37246821445016
2810,93.66573,0.2655181613745579,0.17376825591809653,-0.4608627294067251,1.7065790152707656
2811,93.699063,0.26345132940118704,0.18091295971588728,-0.19418943991397183,2.079659697784357
2812,93.732396,0.26666301565149697,0.1764480620866184,-0.5156623948879205,2.0033882842918644
2813,93.765729,0.26498964663355185,0.17595893742948537,-0.5776378589180818,2.011946510290995
2814,93.79906199999999,0.2579602140479325,0.1764700974277994,-0.9330179071868931,1.8774760824389114
2815,93.83239499999999,0.25644160672971306,0.17193764430818614,0.002509238858296196,2.0159824396789503
2816,93.86572799999999,0.26243327547629663,0.18141863660668006,0.2887686558956112,2.164774454058407
2817,93.89906099999999,0.2656435001399572,0.17576340973055637,0.5555503443540522,2.4172076073113566
2818,93.932394,0.2752573471986673,0.17205467496523286,-0.3943517767807029,2.6553697141384793
2819,93.965727,0.28597399837827336,0.17424127079647558,-1.2694836609028306,3.081908670436631
2820,93.99906,0.30321323500120434,0.18031836342138607,-0.6363118466171739,2.8162553335880807
2821,94.032393,0.28888859952559015,0.19081211354356925,-1.4390000380304178,2.5407140794267637
2822,94.065726,0.26585211837797296,0.20336305701894972,-7.209154230405987,1.6789711783520296
2823,94.099059,0.2581359920956195,0.22252600352792012,-8.164202371637584,0.7072660503285912
2824,94.132392,0.2450682070588896,0.22399957496168282,-11.912036069906796,-0.9583567236356495
2825,94.165725,0.2159840839389209,0.2167847635505237,-11.514015214935853,-1.289213119683912
2826,94.199058,0.1969055263027825,0.22697457631283757,-13.523500017530782,-1.3675407544606109
2827,94.23239099999999,0.17745981842587813,0.23026875538847963,-14.647900820588612,-0.9071135371656625
2828,94.26572399999999,0.18456775868318046,0.22660949367960226,-16.39116226741167,0.035539253089027535
2829,94.29905699999999,0.1769917353697135,0.2274775230647888,-19.656197442141103,0.8224363607652587
2830,94.33238999999999,0.1723232976757969,0.2418587445786789,-20.223297518386875,1.1006659776711005
2831,94.36572299999999,0.16674443613642279,0.2476017551332904,-19.61716169091146,1.1136754177998733
2832,94.399056,0.17080452625709674,0.24259533169361525,-17.82698977619281,1.2707985360396437
2833,94.432389,0.1470300251556209,0.2408804896575985,-16.417202133348912,1.4901607540438502
2834,94.465722,0.14176858054041103,0.23453915310124962,-15.010132744710466,1.6758354363955632
2835,94.499055,0.13818634757825593,0.24087478064699078,-12.532062936849737,2.2846839416238356
2836,94.532388,0.13414221638392684,0.2498469898670619,-9.624781522693949,3.134049716424073
2837,94.565721,0.11545185906308317,0.25803745394411837,-8.404313102805121,4.609754664085726
2838,94.599054,0.12203183037394343,0.2789104902663279,-6.504438079067443,6.839344630598315
2839,94.632387,0.12309760657838474,0.2708049630594978,-5.4984797824183165,8.722418083028902
2840,94.66572,0.1260432133892175,0.16615403022914263,-6.607911915060371,9.053029749455291
2841,94.69905299999999,0.12088406796138904,0.14895026151049923,-8.950884581619336,8.708448942971437
2842,94.73238599999999,0.1250873433040304,0.1582833438580048,-10.870441634587086,7.396659181336755
2843,94.76571899999999,0.12950897643434925,0.2003628205656383,-11.882769818635046,6.0801691888852725
2844,94.79905199999999,0.13636311510645271,0.23909288069642448,-13.36250909446796,4.114312626982941
2845,94.832385,0.12221254238626643,0.2567979686882167,-12.288010627469673,2.964269186054336
2846,94.865718,0.11376204149360723,0.2604269037262626,-11.129234750582267,1.588695660233272
2847,94.899051,0.07884514352111092,0.28457447643989997,-5.062521288844853,1.7005996127538543
2848,94.932384,0.07210453992561282,0.28723270439329457,-0.6796158925533502,2.326607772549151
2849,94.965717,0.07040005142259573,0.2739420907507954,2.891039552647617,3.8212620552381544
2850,94.99905,0.14998907532692787,0.2862440396286088,5.3195706343015825,4.729146402125117
2851,95.032383,0.20085086832337412,0.2642460368042034,5.557001587739346,4.861341350316831
2852,95.065716,0.22165046296631843,0.2663852981674215,4.250825714345705,4.0242575042910245
2853,95.099049,0.230663533074708,0.2682361418501204,4.3560130336246585,2.9981352930489167
2854,95.13238199999999,0.22013809256785186,0.2650580701939139,2.5801696415822493,1.8396530825761426
2855,95.16571499999999,0.19589478128436358,0.2602804306737274,3.0401570635814643,0.754916430409503
2856,95.19904799999999,0.1668716276393464,0.26044337407536644,-0.07590881402051694,-0.705804801626442
2857,95.23238099999999,0.16796938153357582,0.26907744856583654,1.2642039228423938,-1.9292687531967045
2858,95.26571399999999,0.16933164745717694,0.2672174711036815,1.7723984501749677,-2.499518925255438
2859,95.299047,0.17427380060140718,0.27027666820345586,1.198472636136476,-2.489397573765178
2860,95.33238,0.2006288580995878,0.26417316190547674,2.9520541727860006,-1.481757449072639
2861,95.365713,0.2031125849624623,0.26324249616636974,3.3217672818105397,-0.7061234153950694
2862,95.399046,0.2044190506107345,0.25766086997616067,2.9290239100286612,-0.35706195535474167
2863,95.432379,0.1998896677404645,0.2478154070080748,3.558837342950553,-0.6065546381288143
2864,95.465712,0.20165166022793105,0.2609561964761101,4.050607538038604,-1.1560751963273825
2865,95.499045,0.20474262688831846,0.2520423166717992,3.6532218653643427,-1.9640014856372139
2866,95.532378,0.2038346254438224,0.2541044446514184,3.554771934956221,-2.6514381635924154
2867,95.565711,0.2089346541629275,0.26536727018374323,3.5809482001484385,-3.1491837418816426
2868,95.59904399999999,0.20590903716363929,0.2601663488925913,2.873309891793609,-3.3513720999540024
2869,95.63237699999999,0.21151741497207546,0.264599347387519,3.8366314092093443,-3.139696803212665
2870,95.66570999999999,0.21466201870330204,0.2634891903053935,3.4737308234372866,-2.913433174213915
2871,95.69904299999999,0.21302284377510677,0.2688040391062011,3.9922953404347163,-2.326092706329074
2872,95.732376,0.21083769635458738,0.2632945532853215,3.4072643370257913,-1.9503077740395915
2873,95.765709,0.21402867269476747,0.27077351874953015,2.4668444248237282,-1.7457265307862633
2874,95.799042,0.21340402529979333,0.26372676386753263,2.9867962593264568,-1.3478398636774631
2875,95.832375,0.21699300007445987,0.25780117287237975,2.275721716869464,-1.5693938896763329
2876,95.865708,0.2155038850846456,0.2555642066036311,2.7461299194906883,-1.907057572288843
2877,95.899041,0.21441388269526593,0.2600709844870128,3.563977455323561,-2.008405112144867
2878,95.932374,0.20863923018128222,0.2688185709147808,3.4293469409695083,-1.806754877112698
2879,95.965707,0.2058926728631959,0.2689193701991731,4.142512758575736,-1.5550745517500133
2880,95.99904,0.20497736165664907,0.27171457032498314,2.9769864699408686,-1.2116130206035962
2881,96.03237299999999,0.208195689697219,0.2627951577054034,2.222844908419532,-0.9694889451321612
2882,96.06570599999999,0.20479328413503156,0.2548427141245897,2.123027479659007,-0.9603013359957849
2883,96.09903899999999,0.20427752477483926,0.25466155980895955,1.4038763762467248,-1.0542883312682092
2884,96.13237199999999,0.20866622871376575,0.2646861101782055,1.6604519023140738,-1.383997343834509
2885,96.16570499999999,0.20349510318463762,0.25568314283441634,1.957530258865998,-1.7115128016105425
2886,96.199038,0.2072192542414078,0.2571150293903861,3.3330312778205724,-1.848939551818587
2887,96.232371,0.21809454415037716,0.2564303414349501,2.9824887898776127,-1.9265938670928355
2888,96.265704,0.24354788766307556,0.2760872386357328,3.1115859323531,-2.165908457589705
2889,96.299037,0.2823703168425536,0.286341956425612,0.6008414066926808,-2.32910050816804
2890,96.33237,0.3103077815843532,0.27981848747741067,0.09290183221376652,-2.0832864002252336
2891,96.365703,0.2933350804122849,0.2788876844038125,2.3311080732172975,-1.9441373547210419
2892,96.399036,0.27838671568544265,0.2749655015531362,2.6896439721254968,-1.8233339695370494
2893,96.432369,0.250669901678367,0.27666650937922266,2.7669358349910054,-1.791098343485552
2894,96.465702,0.20957311636730697,0.2566864832091658,3.3190916848125087,-2.0968771454346875
2895,96.49903499999999,0.187795748244087,0.12478951618640854,-0.6493306883747225,-3.0702520886558853
2896,96.53236799999999,0.18752449905545043,0.12459880650787067,-3.8178833101470198,-3.5396171720737857
2897,96.56570099999999,0.1860735082895018,0.10590591396889823,-2.5556431137213367,-3.813009098212812
2898,96.59903399999999,0.1938848376995737,0.15971121562056026,-2.3929781860548136,-3.620287390536131
2899,96.632367,0.1946488932919644,0.20693355020964058,1.4025411745439504,-3.3616054841814553
2900,96.6657,0.19044512490938334,0.2435262766965427,4.56324347065738,-2.7935216382246852
2901,96.699033,0.19876793127900222,0.24587258245318494,6.17220572611884,-2.4221133281485536
2902,96.732366,0.19879109398865177,0.24374149768796077,6.089293817055848,-2.648687219688249
2903,96.765699,0.1881532838313731,0.25586011596146846,5.770331761307305,-2.9977357239389577
2904,96.799032,0.17887922908240134,0.2605809410044115,5.259003459882083,-3.0455757413460067
2905,96.832365,0.15541715478302043,0.2575725722628287,1.8741471765041788,-3.2013621338494467
2906,96.865698,0.10179521157450488,0.2779350132793022,4.8029290817221,-2.9323040987971942
2907,96.899031,0.0904500282675822,0.2699772050140629,7.6987596627227335,-2.6205411924067947
2908,96.93236399999999,0.07933444005648513,0.2760989534988793,10.02050374350191,-2.3123906917364354
2909,96.96569699999999,0.0763372714392802,0.27328154540091487,15.613659885197483,-1.4395070539667425
2910,96.99902999999999,0.12013060882844132,0.27520373091727596,16.402514593954077,-1.1094956528592335
2911,97.03236299999999,0.15677555221079292,0.2672356635073918,16.435911876366852,-1.385430107309649
2912,97.06569599999999,0.1778809872781664,0.2686468921166406,15.491199904309225,-2.1309352887319233
2913,97.099029,0.20045222479643318,0.267101056722817,12.652982362765574,-3.191351044817755
2914,97.132362,0.21934910812243205,0.26018825508188054,12.689573452911224,-3.935732643511097
2915,97.165695,0.2295594176938256,0.26541665958380445,11.222424808189174,-4.957513296712762
2916,97.199028,0.24160558097085505,0.26902482700350744,9.841795203026926,-5.906050911802598
2917,97.232361,0.18761351627076417,0.2652449744216182,7.308436056514588,-6.63351999101585
2918,97.265694,0.07530123916735378,0.2718407261851947,6.4312450316199365,-6.586854215454207
2919,97.299027,0.073483701598373,0.26590171278938013,7.9783038775221495,-6.38839912091417
2920,97.33236,0.07271072751482623,0.2742735297121064,10.443205439340465,-5.973940421899458
2921,97.365693,0.1581977079105729,0.28239534681482226,14.6854469912945,-5.265490133432576
2922,97.39902599999999,0.2406978946033094,0.2865168273162162,13.894943649884144,-4.868578983027632
2923,97.43235899999999,0.24597590360375898,0.2868449171000046,13.981781056975302,-4.326575236134824
2924,97.46569199999999,0.22159667501826152,0.2802877345431686,12.20590525443696,-4.176707589106355
2925,97.49902499999999,0.19335666910755625,0.27713764318954726,10.547517692030794,-4.188545485603653
2926,97.532358,0.18838484614764958,0.27029271111206976,9.89545064601651,-4.2659389406281445
2927,97.565691,0.18350178037479842,0.2027304561783092,9.81736137357653,-4.287316377087978
2928,97.599024,0.16824685785816415,0.15587447592405718,6.531049940323447,-4.206590805981679
2929,97.632357,0.12413091311356712,0.1872632704524943,9.547278589239607,-4.167047749456056
2930,97.66569,0.0729597572092035,0.22811731840445704,10.615606398672584,-3.7737393941002906
2931,97.699023,0.07006351388536997,0.2594713213216816,14.128443457381216,-3.309253444948637
2932,97.732356,0.06684635569249396,0.27446007641236436,16.658629219733136,-2.615605618775494
2933,97.765689,0.11615518037701608,0.2750146565130814,18.496309908527124,-2.121579503113121
2934,97.799022,0.1736577822174306,0.2609440546705007,17.553880422542456,-2.2324612102854027
2935,97.83235499999999,0.18453574645675996,0.20092734904795673,16.49496152027456,-2.352017280522931
2936,97.86568799999999,0.17958078977078845,0.11956860299907195,12.64475949819099,-2.597886803617147
2937,97.89902099999999,0.17537113075958483,0.1417624845678582,10.277282684771388,-3.2040529862449136
2938,97.93235399999999,0.16464826821633977,0.19250956295416244,10.949989669044605,-3.5850391753524833
2939,97.96568699999999,0.16512710497903743,0.24304333972352948,10.40390923379314,-3.669085681944115
2940,97.99902,0.16830484461046644,0.2647132757790169,10.634290068157098,-3.499822947218415
2941,98.032353,0.17114224071191395,0.28304111241839514,12.834517933369474,-3.0292027406931856
2942,98.065686,0.2258451646397401,0.293898785125017,15.108543740130822,-2.5471717343304205
2943,98.099019,0.23163216543399331,0.29523648856771406,16.58851227699687,-1.9385110602086824
2944,98.132352,0.24095223964981433,0.28551615113066336,18.940813180897386,-1.110455389060467
2945,98.165685,0.2512581005749711,0.29593226575753184,22.842579040817988,0.33042680398967644
2946,98.199018,0.2447194026741018,0.31875698546694553,26.040504713352217,1.8676029389621387
2947,98.232351,0.11458724063848781,0.3063251347084911,27.460104176785187,3.370599798406761
2948,98.265684,0.05167648171044928,0.3206493814112049,27.742099347661753,4.234500599147533
2949,98.29901699999999,0.053843507634365864,0.321211231625378,28.907937031614654,4.6768209415807185
2950,98.33234999999999,0.16124744143083916,0.3100502042073617,-0.28694212532613705,1.9467521954252553
2951,98.36568299999999,0.2287753669044169,0.30873488058254617,29.076175043219344,4.4290045017584525
2952,98.39901599999999,0.21570277600783014,0.30533090962514836,26.68223515205344,3.9491351398885577
2953,98.432349,0.21293367592929296,0.30306704674660406,24.925884250401317,3.494411419253123
2954,98.465682,0.2068007230099001,0.2913986243194699,23.617356724298343,3.133922903702767
2955,98.499015,0.20243195189688706,0.2935783404506088,20.99493300455829,2.979730028096382
2956,98.532348,0.19767332418638114,0.2772313449956929,19.780139340981837,2.9236471735087544
2957,98.565681,0.20118938591824223,0.2716569149336782,18.18206459381472,2.6660285559180528
2958,98.599014,0.21549863000856864,0.2899428350223072,17.127342081904057,2.4764179802393236
2959,98.632347,0.22037346207447336,0.28491357917352483,16.624978545915777,2.543741930867015
2960,98.66568,0.2234422912795778,0.2733241177299334,17.435741317235117,3.1168256394782534
2961,98.699013,0.20803786521469914,0.28066356639513784,18.74021075847914,3.7821041212252378
2962,98.73234599999999,0.20665596642754208,0.3016644851063087,20.20392225255497,5.037982555367188
2963,98.76567899999999,0.21389550871981436,0.3244022147660157,22.031575264985474,6.526872774972615
2964,98.79901199999999,0.2095317994019483,0.31006012928009685,22.9896602428523,6.925426600657479
2965,98.83234499999999,0.18863233789155098,0.2991943850761352,23.797804357053792,7.176672089963175
2966,98.86567799999999,0.1627252248092158,0.23233470370696813,23.76334659301189,7.060932115113154
2967,98.899011,0.07709856639030452,0.15122851950284083,21.134394794474556,6.616664230079481
2968,98.932344,0.06683089052350176,0.1480180352616423,19.931183495493446,6.399768915160103
2969,98.965677,0.06554617233570463,0.1818114803669948,20.33233339864296,6.095491143395784
2970,98.99901,0.07243587038405358,0.24912616540720461,20.720507559950388,5.806402173900589
2971,99.032343,0.07318137214604514,0.27679840922923576,20.19596852905079,5.547555858404435
2972,99.065676,0.07708519460298371,0.2778934618170151,19.023474425192706,4.644325785121082
2973,99.099009,0.15730210159204897,0.2858264226260712,18.596287374167506,4.007480227979701
2974,99.132342,0.21055407391373146,0.2891997151426618,16.147302324206507,3.403808903242397
2975,99.165675,0.2302368889901498,0.2842590014903516,14.472181843697834,2.639958186592439
2976,99.19900799999999,0.22447015819583402,0.2917688621008904,14.347411384343344,2.2109698245031235
2977,99.23234099999999,0.2247582043300517,0.2813613168228204,14.605050474612346,1.6741343311543981
2978,99.26567399999999,0.20929688437028646,0.28607961751249056,14.660712934598093,1.4269756890023455
2979,99.29900699999999,0.19832951236182078,0.28562769571888524,13.443856453210305,0.9587498064496023
2980,99.33233999999999,0.18760238456737938,0.29182867467054596,14.481761653682009,0.9067892366652417
2981,99.365673,0.1492792010929359,0.29797130165343133,13.407475896991658,0.4887984200030771
2982,99.399006,0.1106835969513522,0.29846727655628336,14.449205397793342,0.504536754022993
2983,99.432339,0.07760168057733471,0.2993014645511066,15.161743314732378,0.6450811132914057
2984,99.465672,0.07537054922969062,0.30668828347446175,14.156157051086561,0.21293720004080247
2985,99.499005,0.09124945866237114,0.2954349714071051,13.952008725893384,-0.20139446898082025
2986,99.532338,0.12256634342201074,0.3054077810437983,15.808516020165237,-0.27263822487704226
2987,99.565671,0.13977795945621144,0.3069946869265979,17.861339251813,-0.1368629274814035
2988,99.599004,0.18094848401821031,0.30045197062793116,16.24498512944006,-0.34351570820726113
2989,99.63233699999999,0.20439364749762656,0.2872361173793455,15.817721671509224,-0.6091863942107179
2990,99.66566999999999,0.2206876857657105,0.2951184703039609,15.906399945011026,-0.8338993569189939
2991,99.69900299999999,0.21575912263651353,0.2980815440093596,16.062332313288227,-0.8793739467936594
2992,99.73233599999999,0.22214264208489995,0.29579939481285533,16.894755219712405,-0.9481397726324317
2993,99.76566899999999,0.21297773310759122,0.23043195918899378,16.239978950755578,-1.300959611827516
2994,99.799002,0.1839657521055891,0.10503602217540439,13.284874685362695,-1.1533234044031595
2995,99.832335,0.19932577650289945,0.14206318051814892,11.465541483782168,-1.4102844587135872
2996,99.865668,0.19832124165757925,0.23060642252037236,16.25650360770951,-1.0093687287899578
2997,99.899001,0.21042448202798772,0.28357105841740216,18.64162014451044,-0.5017958203745111
2998,99.932334,0.20110060945997862,0.287865466342747,17.2612623995525,-0.42739316445052306
2999,99.965667,0.21301692961999336,0.2726383148738595,16.126089612638562,-0.32609544452793154
3000,99.999,0.2211133856388038,0.14720406157442106,13.05744907716899,-0.7062909990703115
3001,100.032333,0.19992330257016497,0.10801686152157074,11.863222818884951,-0.6761299535705643
3002,100.065666,0.06728188619117242,0.15266396265817309,10.325404326925078,-0.7267904171423915
3003,100.09899899999999,0.06938625007604886,0.23837478115865884,15.263034030856995,-0.4928711348920284
3004,100.13233199999999,0.07107726790585843,0.2803696761388029,18.220410558783442,0.18601284725135142
3005,100.16566499999999,0.10267528395867305,0.30529140895191975,19.16619005024417,0.7482441778388988
3006,100.19899799999999,0.13254052011185893,0.3076001045777341,19.645767070243874,1.1401941129833337
3007,100.23233099999999,0.1288360651903864,0.31050062819200974,18.61643639242925,1.272308564836727
3008,100.265664,0.10928894993316181,0.31097258508092906,16.617053016525187,1.4197801595054318
3009,100.298997,0.11054947575448096,0.2884207503824449,13.796506237992686,1.0210965453980267
3010,100.33233,0.12287676956760393,0.29567585214850056,13.349727793690233,0.8837935031256028
3011,100.365663,0.12453642240789602,0.2873899375234402,12.7555634447221,0.4024190947786452
3012,100.398996,0.14344411202657129,0.29802064667297934,13.38364624108082,0.11240640888494914
3013,100.432329,0.1637007615144425,0.2944542043775378,14.698992268137262,-0.05577493069705207
3014,100.465662,0.17555133923100436,0.28584516261619025,16.524562503919693,-0.02152509153211339
3015,100.498995,0.17007978026883963,0.29045607677304675,15.684281815022048,0.11723724672813167
3016,100.53232799999999,0.18431930652280315,0.2854760001104012,15.079141109727257,-0.21471903700112974
3017,100.56566099999999,0.1703568502166564,0.2747712936299529,15.114062232444924,-0.21660652839515815
3018,100.59899399999999,0.16635575691988033,0.2870477878399752,15.31086373229125,0.3041076823760422
3019,100.63232699999999,0.16526865509269062,0.2767317945627982,14.843161207490356,0.3269630158851441
3020,100.66565999999999,0.165079603127546,0.279604934614917,12.851418622568278,0.30456276368493324
3021,100.698993,0.16490128096543008,0.283294788992574,14.738013119837262,0.5467690170201007
3022,100.732326,0.14876196791787769,0.2811375593826264,13.398783832347776,0.24379613500309477
3023,100.765659,0.18178556653702582,0.2749444457874878,12.877371444949654,0.023815572492640682
3024,100.798992,0.18083613407245214,0.2737105742378019,13.755258011628461,0.12721256981210702
3025,100.832325,0.169329338473546,0.2722551390922274,12.78411019169094,-0.2322956795008918
3026,100.865658,0.07577708963435159,0.27983108315187993,13.989471330292444,-0.16897316470197357
3027,100.898991,0.07140490006716554,0.29426667111881283,15.035091833632139,-0.04469600626306409
3028,100.932324,0.06972587171518235,0.2897602201371244,16.26382960987894,0.6930511345425134
3029,100.965657,0.07312411313274755,0.2880661200504795,15.618326498889678,1.7142339040256207
3030,100.99898999999999,0.07313042446451491,0.28593681152172257,17.422295191478074,2.4017563590227717
3031,101.03232299999999,0.10368895257220204,0.2907105792798234,18.85973935006794,2.3965676210159725
3032,101.06565599999999,0.168603382402668,0.2956170397284257,20.255227340353287,1.3664960216226951
3033,101.09898899999999,0.16455295896796127,0.2821706616434163,20.132158063115554,0.1342956304125306
3034,101.13232199999999,0.1321255455593085,0.2745598651874517,21.620293932332817,-1.1743323161247419
3035,101.165655,0.09261295600266493,0.16544096572211622,18.10670497981749,-2.931753689767213
3036,101.198988,0.09855331213656267,0.15393263170958596,16.34795012897654,-3.516883115494989
3037,101.232321,0.08028139577661696,0.23651558149951124,18.196183321235736,-3.6555940244868648
3038,101.265654,0.07964964594622614,0.24597442380183923,17.953078753697955,-4.221435620570121
3039,101.298987,0.08616471453501792,0.2731847715857778,19.456401676884877,-4.0510716872019294
3040,101.33232,0.150087845356044,0.2816469944223442,19.60416692696118,-4.423435255558598
3041,101.365653,0.18478786916003156,0.3013941881258237,20.323018248800455,-5.00805292059931
3042,101.398986,0.21968346991783558,0.30548878053779677,19.54443635255249,-4.983189716072424
3043,101.43231899999999,0.22481628907682122,0.29740968874427787,19.820799535723893,-4.255644155887102
3044,101.46565199999999,0.20034248624076106,0.30762783465340005,21.98819035004677,-3.0991217611669537
3045,101.49898499999999,0.1842381302152638,0.31691556352499506,22.76924611654568,-1.9209414996254885
3046,101.53231799999999,0.16779656890850714,0.33066618689457794,23.511847618320168,-0.41093209356634014
3047,101.56565099999999,0.16880780098629722,0.31764586254041693,24.45730367438993,0.43813818534091153
3048,101.598984,0.15476653088505304,0.30963001125012174,24.46105762481721,0.9782419652060662
3049,101.632317,0.1426979249653625,0.315051059530051,22.01840577578463,0.7109501260942749
3050,101.66565,0.14226606589452614,0.3125148803132497,21.527827004974213,0.30695206162931754
3051,101.698983,0.14070665403262902,0.24192746768353057,19.960150695960884,-1.0808853516396328
3052,101.732316,0.13197335270442526,0.1333485426747998,19.231234514184287,-1.24631350063652
3053,101.765649,0.1303602916238174,0.15067614265798523,19.47388851732002,-2.1420405049561686
3054,101.798982,0.1364574265896082,0.15519372643412668,18.889716832741517,-2.760552458510885
3055,101.832315,0.14484478483861085,0.15649680241178848,18.460235150313867,-3.013833684270317
3056,101.865648,0.13975292593357405,0.155960084866327,19.073214879253495,-2.893697092699562
3057,101.89898099999999,0.14436245807756548,0.16817771146627974,19.552510258237735,-2.63064129780429
3058,101.93231399999999,0.14492252896890634,0.20706202599704324,22.573965165499665,-2.489698743204523
3059,101.96564699999999,0.15361928762409283,0.25068569566863275,21.896083103775986,-2.5867172804186174
3060,101.99897999999999,0.15301802426077218,0.26530785612887126,21.984234998843974,-2.3980133643498225
3061,102.03231299999999,0.14890196357307997,0.27535660051846833,22.112314096654526,-2.409246187543887
3062,102.065646,0.15022176651279248,0.2733739503836831,21.431533181152872,-2.400355265603774
3063,102.098979,0.14926166858657772,0.28427646341792756,21.17122347668427,-1.7950973228526423
3064,102.132312,0.15218262917897118,0.2818279025049163,20.458591398653002,-1.371231079309836
3065,102.165645,0.15824204062947606,0.2818190663891783,20.68690039675475,-0.9486767477390948
3066,102.198978,0.15467408075787828,0.2813325602893315,19.98148039056883,-0.6181644862854199
3067,102.232311,0.16572715689115064,0.27879474051121306,20.696019567398324,-0.5991036388346522
3068,102.265644,0.16285556787045727,0.2783712069156138,19.612645508187438,-0.9702667181659305
3069,102.298977,0.17432687502671332,0.26943310525738773,19.3587277829222,-1.501299070761507
3070,102.33230999999999,0.17809184548549134,0.27828893427013546,19.175714451324186,-2.3041242491229803
3071,102.36564299999999,0.1759156995838446,0.28372114354055644,17.515479000372927,-3.1640917673025126
3072,102.39897599999999,0.1759203197915968,0.2810990013150528,18.329242980727685,-3.9611721336601557
3073,102.43230899999999,0.17067284898108176,0.27879916408519545,17.650278061328105,-4.879684081084429
3074,102.46564199999999,0.1570379283083488,0.2797388537312091,18.016730153614017,-5.293851887379656
3075,102.498975,0.13691172611499933,0.2799182675487287,17.552820775004857,-5.435519246214699
3076,102.532308,0.11634481009137233,0.2881237049205849,16.853565795457353,-5.40771657701252
3077,102.565641,0.1226302245637585,0.2881900110859952,17.13098642283389,-5.018616684262561
3078,102.598974,0.12847215825146768,0.2923117479457147,16.65672376074377,-4.6137178063708415
3079,102.632307,0.14435275643988316,0.29395833871480603,18.320836472212264,-3.9461664176552897
3080,102.66564,0.168924365004381,0.2938336285994252,17.76779728872605,-3.5879187031352773
3081,102.698973,0.18503859126937772,0.2956125541249771,18.0890946684972,-3.252601923965246
3082,102.732306,0.2147036313395065,0.2978845105979805,17.59464988530697,-3.2694940325404707
3083,102.765639,0.21245535407999175,0.30813863654358725,17.123276235582868,-3.3383295243905935
3084,102.79897199999999,0.20606932923832272,0.29340789347736634,16.451445000385952,-3.8444188643572472
3085,102.83230499999999,0.1818934813679276,0.29457128087207785,15.852815285927422,-4.301048349527266
3086,102.86563799999999,0.162228343689137,0.29708605952187866,14.150649451248835,-4.761849073298776
3087,102.89897099999999,0.1388073239008665,0.3028136434941369,11.064818086030062,-4.796951885418874
3088,102.93230399999999,0.1373875952629558,0.290169653054855,11.054132542943734,-4.505788615878745
3089,102.965637,0.12122586055292511,0.290872734917117,10.592479235068557,-4.238980738792581
3090,102.99897,0.1206086622527636,0.2905156683525076,11.261679668782275,-4.199034086322986
3091,103.032303,0.11723117446195518,0.295825395110758,12.22009232882249,-4.303422515730705
3092,103.065636,0.11853746736565841,0.2911556225124228,13.039407946227314,-4.455887596869489
3093,103.098969,0.1165198338903346,0.29202166808632346,12.7341135621052,-4.361358310779484
3094,103.132302,0.12378363464047173,0.28953437659296344,12.958457612308575,-4.359448075370219
3095,103.165635,0.12209907406315405,0.28712233757289296,11.765738563341168,-4.499493532090955
3096,103.198968,0.12333221292787903,0.2748035831341399,12.397309490122952,-4.372554181900786
3097,103.23230099999999,0.13028326606958857,0.18497164200923233,10.257876296402621,-4.725609115336389
3098,103.26563399999999,0.11820850817635105,0.10747676956522553,10.772131087628646,-4.296240153844205
3099,103.29896699999999,0.10071632534593697,0.13252369002557854,9.366832990800207,-4.572848195312191
3100,103.33229999999999,0.07360943001130163,0.17683221342611877,10.416091250771741,-4.94194795755567
3101,103.36563299999999,0.07303824071994171,0.22051365730460148,11.070629543696445,-5.502407236645778
3102,103.398966,0.07420405608268953,0.24202720510135464,11.731076705396335,-5.928839604696851
3103,103.432299,0.0744802508037797,0.25405249371378524,11.625387551017644,-6.069312191107565
3104,103.465632,0.07500954189876104,0.2611456093951551,11.202246003257445,-5.785938377199628
3105,103.498965,0.07633239066515819,0.2620882041139212,11.088199957941889,-5.708891108137028
3106,103.532298,0.07454962573109647,0.2678704801935487,10.551928459863591,-4.983608350228927
3107,103.565631,0.07447243965690967,0.27136029915527043,9.514738746717233,-4.051152213419094
3108,103.598964,0.07495829432856715,0.28428100602001805,8.343769481209327,-2.6828705420102383
3109,103.632297,0.07566836767012763,0.2751071892732782,7.114107770192681,-1.498367606516482
3110,103.66563,0.07963931775104302,0.2739732721439938,5.372724174624799,-0.7168635511902883
3111,103.69896299999999,0.07754429685735856,0.27812135801293736,6.135341100023648,-0.07214988836822989
3112,103.73229599999999,0.0767435248696676,0.2652153587969842,6.504071672025306,-0.03934507147843637
3113,103.76562899999999,0.07360972852764798,0.26580064926084135,7.346763963359367,-0.34127607137919674
3114,103.79896199999999,0.07381001653450911,0.2802602945828163,6.582219775784683,-0.68667162565322
3115,103.83229499999999,0.0733813404857077,0.27892980875740075,8.02057881648445,-0.9196357358814993
3116,103.865628,0.07302495544857067,0.2843788662422221,9.643239449082822,-1.0221663346513716
3117,103.898961,0.07242726133912329,0.2889169622888187,8.235817564174157,-1.4117564367405326
3118,103.932294,0.0730317608773792,0.2885282913763137,8.231322762859467,-1.2287955470566752
3119,103.965627,0.07264311888776341,0.29653348396176954,8.51036020488471,-0.8695961798445178
3120,103.99896,0.07333793563912226,0.3004406971134914,7.87509401558974,-0.7862944408505782
3121,104.032293,0.07327652154350008,0.303467699786012,8.161245686516782,-0.36571172201934615
3122,104.065626,0.07254962298179704,0.2973792391980236,7.56139505039167,-0.3019699106920467
3123,104.098959,0.07363482715594402,0.2991109424667904,11.90527079016077,0.15336423884709166
3124,104.13229199999999,0.07592718595297406,0.2996153434149931,11.37130736148569,0.1632312441177829
3125,104.16562499999999,0.20438578618363984,0.3116804383832297,11.331935466401577,0.05657353602313463
3126,104.19895799999999,0.23337088894968394,0.30548550752186365,10.474672328985042,-0.05944678001485952
3127,104.23229099999999,0.23246544527523766,0.2634419301376782,11.403986134190923,0.10281791972955556
3128,104.26562399999999,0.1989577593758646,0.130822368781997,4.034581376255375,-0.034619099335453526
3129,104.298957,0.1828936513787559,0.1050792891594819,1.87387272939366,0.31191968021417965
3130,104.33229,0.16706809593042413,0.17895700797122122,-0.028065192141435137,0.3068953474847917
3131,104.365623,0.07455275093187654,0.23777643719330044,2.7754988474369693,0.7990530277071528
3132,104.398956,0.0757084690928058,0.28023963118883427,3.7924540397717936,1.0070551930310827
3133,104.432289,0.07501355088798466,0.2892496868802705,8.880728198678788,1.2769907187336134
3134,104.465622,0.19791632333903322,0.31359027797491956,8.600601929607455,0.8285435330137974
3135,104.498955,0.2620587356711482,0.3179265630816101,12.303699722854118,0.5049732841499823
3136,104.532288,0.28244887391957973,0.3260680748972629,13.83543688163626,-0.08026537451753202
3137,104.565621,0.3202719291195175,0.33106725257686553,16.3188218873299,-0.6733730694454633
3138,104.59895399999999,0.3653640909784767,0.33625991158223967,19.703081229395266,-1.9826636817338372
3139,104.63228699999999,0.3529607531186604,0.33873876705481987,19.980662194589957,-2.7042433658960436
3140,104.66561999999999,0.33107615223816117,0.3266304854467643,19.27092818397241,-2.5566598359475434
3141,104.69895299999999,0.2663879159711958,0.3230556155821831,17.212533752205825,-2.482603817203786
3142,104.73228599999999,0.23105117061975772,0.3254502222540471,15.979326071875443,-1.7389235004373749
3143,104.765619,0.1955545877073931,0.30862742461304526,17.02646839185122,-0.932456004163428
3144,104.798952,0.1390937353259575,0.3043287450861051,16.95882011001389,-0.19951374006400505
3145,104.832285,0.09992913417672136,0.2925929416083311,12.393952288567885,-0.15622045835207238
3146,104.865618,0.08162202086310409,0.29284339744056576,10.76446629147818,0.10258218257030026
3147,104.898951,0.08806426020199792,0.2864431541344985,8.830031426031628,0.28168350298732847
3148,104.932284,0.08439953197112521,0.25776968469603134,6.448278200048058,0.9773659475266453
3149,104.965617,0.13693976320919568,0.24355409502595554,2.765176927245971,1.3703570620807006
3150,104.99895,0.1914988266464377,0.21806335253650572,5.698830991087402,1.9298121657210099
3151,105.03228299999999,0.2166820116897422,0.22425975768089407,0.42556857896964767,1.7161876794016822
3152,105.06561599999999,0.22323286173829668,0.1889169400981845,-5.565411897776972,1.350082821962801
3153,105.09894899999999,0.22888555496553137,0.20060986993664373,-3.384694717169256,0.9587806492658655
3154,105.13228199999999,0.24046164688491775,0.2397052350945637,-3.214910435642099,1.2061480164963239
3155,105.16561499999999,0.25707313301160506,0.25716267876103,-3.756163679190995,1.1462823413865053
3156,105.198948,0.25807530201090106,0.2726882804599223,-2.9534125564734204,1.1682770603664872
3157,105.232281,0.2710232876380912,0.28541988071795366,-2.4199297116595604,1.4947442783312397
3158,105.265614,0.2663490609172372,0.28840883279697543,-4.2664443414192625,1.612585699774694
3159,105.298947,0.260990131838509,0.2954331637509304,-5.4907846419496416,2.1166592390277916
3160,105.33228,0.26329084129029184,0.29873295969548586,-7.538356791966254,2.5307617897429733
3161,105.365613,0.2556765107899112,0.3014585745524299,-8.9460318188327,3.0671383707041024
3162,105.398946,0.22264752286225406,0.30442037238008013,-10.852339441696516,3.6364602401483004
3163,105.432279,0.21487530936054577,0.30922467865661357,-11.019701645958406,3.938659940423677
3164,105.465612,0.1937172287879941,0.310811142376106,-11.982331555203036,3.648420557493717
3165,105.49894499999999,0.1882931804021826,0.2978296210309843,-11.317851708692947,2.92666506741537
3166,105.53227799999999,0.15468658908636382,0.29729547274388324,-9.396935513014972,2.1477611447761955
3167,105.56561099999999,0.16321838372853834,0.20574592324631058,-11.709802920876443,0.6303697987759362
3168,105.59894399999999,0.20935487208235065,0.1791153944051769,-13.163890771204732,-0.07284884275479116
3169,105.63227699999999,0.22852048465128327,0.16070081233113692,-12.221309298079422,0.005867276988330456
3170,105.66561,0.2717272316748993,0.17660072896895224,-9.567971420031208,0.5495067246505492
3171,105.698943,0.29251012497381884,0.2404692439428449,-5.297571792561751,1.448337562732001
3172,105.732276,0.24311612176925296,0.26026923588667394,-8.000312982251492,1.7497744460082227
3173,105.765609,0.17557568352425115,0.2698997814399493,-3.4513037957272186,2.271147334581954
3174,105.798942,0.1409838142548075,0.2850793391317533,-0.7034304223119049,2.3141689328839967
3175,105.832275,0.1810106961798835,0.27927260082891314,-0.24162004809510293,1.7714283542028235
3176,105.865608,0.1901123373084713,0.2874800387130995,4.282239205807829,1.1125276484982687
3177,105.898941,0.20830669796832268,0.30350668282751214,7.523848411123332,0.3638531200764141
3178,105.93227399999999,0.2057528681319923,0.31136516442524975,9.028416632979129,-0.009896119293682589
3179,105.96560699999999,0.17211817236760726,0.31263483529189706,11.731862447390268,-0.14365734328065705
3180,105.99893999999999,0.07271808477456852,0.3106391227710955,11.821590349437505,-0.2501185589020358
3181,106.03227299999999,0.07381051688002072,0.3021733461193521,14.554034227768822,0.06858396724873676
3182,106.06560599999999,0.07083899727122939,0.3077192168551472,15.806564200741015,0.18266063097393978
3183,106.098939,0.07385463294602618,0.2975235425882782,14.90229305966138,-0.0818158672518128
3184,106.132272,0.15554305118071715,0.3018295787578287,12.726094650768509,-0.933901316426308
3185,106.165605,0.1599958558428909,0.3135609117395981,13.00146559695564,-1.4941408048058484
3186,106.198938,0.15539401599121647,0.30461278430499394,10.904314601468412,-2.072713013935325
3187,106.232271,0.15250065702022056,0.30043801594158004,11.394552320581273,-2.6778732626077426
3188,106.265604,0.14992958148361232,0.29125009846406297,11.334663992941492,-2.903587064424154
3189,106.298937,0.14295535859587075,0.27986120012959703,12.946243877608211,-2.667157404254208
3190,106.33227,0.14117548953573644,0.286897587095347,13.331977070595862,-2.6897087928336054
3191,106.365603,0.14983316826355297,0.2823953340070463,13.847686417275566,-2.255536698706843
3192,106.39893599999999,0.13247235725109446,0.2828895596484411,14.159073540202684,-2.3525106993912797
3193,106.43226899999999,0.1424392192988618,0.2725000762204862,14.60228714241942,-2.1840032643408835
3194,106.46560199999999,0.14034572243397722,0.2766294077834616,12.498056233730502,-2.2232844543373926
3195,106.49893499999999,0.09270776932661841,0.27981698393937005,10.64352527894211,-2.0327960752035783
3196,106.53226799999999,0.07541718571047731,0.2725249489400828,12.398454640647568,-1.4352279561127212
3197,106.565601,0.07546859366542855,0.27185016400219536,13.742142344693283,-1.3414668906719531
3198,106.598934,0.15037973246536848,0.2729881495598195,15.076854898684267,-1.3155814932634484
3199,106.632267,0.20378309356560728,0.27286271477655216,13.414078341588262,-1.5159853809412447
3200,106.6656,0.21675581105845448,0.2696867243031837,12.304374675130552,-1.5283754249502781
3201,106.698933,0.17916942888286375,0.27294875239884286,11.422857299296703,-1.227520480400588
3202,106.732266,0.17422930823103325,0.2744402474314248,11.014342224039014,-1.1926693517458518
3203,106.765599,0.1775337417021823,0.27136472247259824,10.61927315071705,-0.8730614477679238
3204,106.798932,0.20681632385634785,0.27345032838267075,9.968254646810712,-0.5056697610825955
3205,106.83226499999999,0.20085401378783393,0.27958288418527877,11.776962699209449,-0.0134476289103252
3206,106.86559799999999,0.19040761025486228,0.2808181703967281,10.365495503154053,0.2953796444543907
3207,106.89893099999999,0.18028754573625477,0.2730487536930525,11.568612779781848,0.6798213014946526
3208,106.93226399999999,0.18097814813232768,0.26924700131468127,10.939874262332154,0.5892294858084921
3209,106.96559699999999,0.1762760908997846,0.2714761116476666,8.067387493924311,0.3788936833746646
3210,106.99893,0.15978788576711633,0.2770973329309207,8.61318843158093,0.39055513064926695
3211,107.032263,0.14825853586550675,0.2957496456979175,7.670906186352083,0.4701048777649837
3212,107.065596,0.1325440146673633,0.2972683662121843,2.946347577226202,0.36383779420938717
3213,107.098929,0.14439732937322047,0.30131555380829966,3.620115926457948,0.9078781064775966
3214,107.132262,0.1330652257832233,0.30097362457480753,3.9541682343552065,1.4534432211371497
3215,107.165595,0.1318141067203328,0.24027884834337554,2.3374079643659758,2.3693409471376117
3216,107.198928,0.13789661342841109,0.12924538373990932,-0.3671686234727377,2.880303001731475
3217,107.232261,0.1297818825129496,0.1528745614502134,-0.08226491075970926,3.122891204034106
3218,107.265594,0.1448036630588976,0.2145131937689534,2.6314442343422884,3.1256618528119593
3219,107.29892699999999,0.14308614993478122,0.2268769646075937,2.1961266384799614,2.826222371620467
3220,107.33225999999999,0.14529437216641403,0.24574273086825538,4.00594073239021,2.473929064777619
3221,107.36559299999999,0.14171684449481037,0.25330505011400806,3.257652191034909,1.8159231712925055
3222,107.39892599999999,0.13948088779350504,0.2704049028603434,3.986115101186351,1.4124018924173511
3223,107.43225899999999,0.14373502138236985,0.2794553165373659,4.251799133371512,0.952950338749998
3224,107.465592,0.16477569511465262,0.2834116127073055,4.383689533808943,0.8611711141974437
3225,107.498925,0.1643775283452481,0.27737200268142786,4.973958260465835,1.0527440748000603
3226,107.532258,0.16336330223540488,0.2788911270743324,5.949028704746926,1.2835590995262094
3227,107.565591,0.15293738387884218,0.27219622205979466,3.51411220701939,1.4774373479470304
3228,107.598924,0.15483575036147695,0.27032406739960574,5.355410805476363,1.6273170721895254
3229,107.632257,0.1612977777304138,0.27097951485790195,3.1598289208395256,1.451282937563964
3230,107.66559,0.18916319748677293,0.28090338021279637,2.8885196239800393,1.1254418344164765
3231,107.698923,0.1970216415105013,0.2750175851694578,2.1809313565373176,0.8519906591309148
3232,107.73225599999999,0.20089760683564892,0.27949590436494753,4.094699487449063,0.7612377022318416
3233,107.76558899999999,0.1881785136811801,0.2760032404194308,6.14598544652027,0.5567025016130386
3234,107.79892199999999,0.16066547436997788,0.2711592899975542,8.946023123553813,1.0038748311836891
3235,107.83225499999999,0.12056720993941676,0.27701411553874505,11.300702067785048,1.883753661091061
3236,107.86558799999999,0.14329412149481133,0.29671571528912355,16.943178837641177,2.9842226782286927
3237,107.898921,0.09299584131201595,0.30957438645282753,17.182277659417757,4.253192972065533
3238,107.932254,0.1822709911261271,0.29394420389273734,14.935737259171917,4.016288613308651
3239,107.965587,0.23901605236967172,0.276561442263363,10.966769247744672,3.470891685154836
3240,107.99892,0.24616595460835197,0.2695736892222138,10.359475126349565,3.2904419959630813
3241,108.032253,0.21908180340460445,0.298085498343004,12.021072636959866,3.250163887575449
3242,108.065586,0.19480759726815805,0.302912295345115,11.010940757237062,3.0593182804592303
3243,108.098919,0.19345489437330138,0.3075213073409425,10.783442753667025,2.9685471221523834
3244,108.132252,0.17717819293991752,0.2920358832637058,9.30611377496937,2.9383931913173225
3245,108.165585,0.1878110289965518,0.28989001782240575,8.557603264548979,2.9220729064696354
3246,108.19891799999999,0.1879489673797905,0.27678120806171325,9.784287730186948,3.19878021066951
3247,108.23225099999999,0.1841497239036344,0.281621039152038,7.044321522918851,3.0248956373207556
3248,108.26558399999999,0.16960380066955627,0.2830161146677001,5.1952955133793575,2.7436697262309138
3249,108.29891699999999,0.17138575670060635,0.30605957075820267,0.7276134641788652,2.200414511866122
3250,108.33224999999999,0.17560616326849088,0.2907859076098911,0.20497134071890866,1.5594632862419764
3251,108.365583,0.16183641683553546,0.2730936266182996,-0.5437245494703524,1.313472735577815
3252,108.398916,0.15552624223249634,0.2567523996166994,-1.943300814105706,1.1795430302948489
3253,108.432249,0.16201062369077818,0.2517285743837839,-2.1733380864186853,1.182590810928791
3254,108.465582,0.17046356551340702,0.2497811012570469,-1.240462262442233,1.131235316399445
3255,108.498915,0.1794076735600836,0.2510560948065365,-0.5199847262320064,0.9263939102313914
3256,108.532248,0.1791367681330589,0.26477252774439797,1.906472799937593,0.4899760233277769
3257,108.565581,0.19369483385451808,0.2565133933743492,2.233355913073773,-0.21208865687654715
3258,108.598914,0.19592978189550406,0.24969202683677982,1.5771665926364369,-0.8068351198172417
3259,108.63224699999999,0.2027848158283826,0.2357701131737433,3.380561012377276,-1.0117711150323998
3260,108.66557999999999,0.20260630082362532,0.22591667445644975,3.491639076474953,-1.2100932255237082
3261,108.69891299999999,0.19939278951061581,0.24103082740625872,3.773683243717683,-1.010556959875681
3262,108.73224599999999,0.20558081156094807,0.24698255661123866,3.338210648109575,-1.0884852518769805
3263,108.76557899999999,0.20562919700686272,0.24691773387391583,4.609345513985575,-0.9690011230410113
3264,108.798912,0.20594704119359855,0.24390233511400852,3.113769645861506,-1.4102633498283432
3265,108.832245,0.215109811882608,0.2512277799549605,5.331586362327376,-1.3805231646290717
3266,108.865578,0.21468296288881175,0.2503405955751533,5.430931392145948,-1.5044169468020139
3267,108.898911,0.20812606294940453,0.2278268147859378,2.8775982228843997,-1.8057887373625507
3268,108.932244,0.21018496808994933,0.1867990882438139,1.3562270569137869,-1.988316203937733
3269,108.965577,0.2109584458543863,0.13687545213418773,4.116500702757368,-1.258390471195889
3270,108.99891,0.2103330013122635,0.1130508469696131,5.0022117778048685,-1.7330751322638933
3271,109.032243,0.2045034822109485,0.13941854668928,5.603431766982469,-1.8764198718736083
3272,109.065576,0.20417255047894745,0.16641961547138573,4.312240229177273,-2.3000508973666456
3273,109.09890899999999,0.20481128811752417,0.19648486720703112,3.3153769358015306,-2.582013280075137
3274,109.13224199999999,0.20542414527096975,0.2226545314129351,2.8079418293044154,-3.1265768176177553
3275,109.16557499999999,0.20433692981119927,0.2532434486427574,2.7391240840837767,-3.2357273984760133
3276,109.19890799999999,0.2018874885558616,0.27608447535328984,3.05635878880389,-3.0048871264032306
3277,109.23224099999999,0.2015861645999352,0.28590137050283065,3.1989234479424034,-2.736328365029524
3278,109.265574,0.19907146872114412,0.2734364263395468,2.6141764658100466,-2.536204544315267
3279,109.298907,0.19704779340135148,0.2810288708341215,2.7233864745641165,-2.491959799283369
3280,109.33224,0.20023583663474598,0.2846265892925874,3.8874424810743413,-2.3722385648792073
3281,109.365573,0.20932684764541754,0.28388526756608007,4.82325478367659,-2.020184831806134
3282,109.398906,0.20527679157934378,0.2799141694621176,4.355589563785547,-1.8667677895750567
3283,109.432239,0.20409519351636818,0.28980536319654676,4.2665214066760235,-1.791117400034417
3284,109.465572,0.19962934340977512,0.2967357187649654,3.685117878157378,-1.6225955989031706
3285,109.498905,0.1989926336713386,0.2583906078220014,2.2179389118917405,-1.6557176092951096
3286,109.53223799999999,0.19973099233133523,0.14307935594631704,4.787847576879619,-0.3237081341970885
3287,109.56557099999999,0.20167542718079584,0.13180689424503989,5.711262227707628,0.12696551977471207
3288,109.59890399999999,0.19539443566897924,0.1595060198737418,5.1428300039283625,0.5191532748393396
3289,109.63223699999999,0.1955297552411809,0.17331859165311855,3.9004505199509643,0.5694726649491204
3290,109.66556999999999,0.19885270313464448,0.2079643279999326,4.523436129046071,0.8201761119494012
3291,109.698903,0.1928677696603928,0.23521170168745884,5.583624370337708,1.0059676938108861
3292,109.732236,0.19618423486535574,0.24105709846148377,4.397989650176474,1.020297573897849
3293,109.765569,0.19304131749761383,0.2549690959251847,4.852289616930742,0.9769981959886698
3294,109.798902,0.19292869372819185,0.25835653948144105,4.3259599270032965,0.5677193115617745
3295,109.832235,0.196973588782463,0.2640929588664336,4.77339514625147,0.26375583469682606
3296,109.865568,0.2112023761435579,0.26374179647209095,6.552840477544978,0.013151237235785842
3297,109.898901,0.21600884450934074,0.2650880569824095,7.009141824362703,-0.350068367715271
3298,109.932234,0.21234310439272486,0.2683144221665202,6.1909834900246,-0.44756175320748426
3299,109.965567,0.20724951720259746,0.2763088986702261,4.330628742067627,-0.49480835630047193
3300,109.99889999999999,0.20129130711736926,0.27097926182225507,5.362954872348487,-0.033222651281475384
3301,110.03223299999999,0.19210880840549588,0.27320230565362136,3.762226264371975,0.1517653384120584
3302,110.06556599999999,0.18482232011739597,0.28060010728786516,3.3040916199856465,0.5770331640129204
3303,110.09889899999999,0.17757702574575934,0.27891881982655364,3.073467272521553,0.7116882905483491
3304,110.13223199999999,0.17511008566809202,0.27499424327273203,3.620245500053749,0.7821435830347145
3305,110.165565,0.16536595447816607,0.27766643263274904,2.821925599448923,0.6974794656162592
3306,110.198898,0.17690819780792413,0.2833171680983943,3.0076714196196184,0.7342097513215827
3307,110.232231,0.17298611826763555,0.2858979785015223,3.230692748830941,0.9052413592736548
3308,110.265564,0.17320975001998362,0.28627412339386615,2.739340940967821,0.7421590272233746
3309,110.298897,0.17337295506053033,0.2824072184715558,3.621590444711943,0.9420159288889435
3310,110.33223,0.17568809067537072,0.28094063568281047,3.111584839497466,1.046030170674517
3311,110.365563,0.1778554148569095,0.2805330997205533,2.483144042577962,0.9343286331076734
3312,110.398896,0.1814381720625512,0.2744574021287287,3.0396664143831167,1.0480756984359916
3313,110.43222899999999,0.1821028653434016,0.27880513286140396,2.8086365088850878,1.08265084416064
3314,110.46556199999999,0.18773552152074258,0.2786618790682837,1.7427381453926871,1.1274913773554038
3315,110.49889499999999,0.18078598991914804,0.27872643349538323,2.5607089031519004,1.0548189000187838
3316,110.53222799999999,0.1878189858745556,0.27785821594250665,2.609145930132998,0.8809648897421285
3317,110.56556099999999,0.1919418486297785,0.28126990991923767,2.367694988600915,0.8362661535843569
3318,110.598894,0.19010254664730272,0.2835103750441356,2.1436315983659084,0.8628290179367216
3319,110.632227,0.19164616646124658,0.2761509335680973,2.3863276383202408,1.0147845763359007
3320,110.66556,0.1914640729618818,0.24435818893027955,2.1451962046848405,1.0147497319955754
3321,110.698893,0.18565097813695147,0.12482479009948735,-1.7619774588580694,1.2652732415172607
3322,110.732226,0.1867824512117895,0.14447001204986532,-3.430473153668552,1.6279247724183983
3323,110.765559,0.17936724549278388,0.14319744460168787,-2.7967841852261737,1.789037358022556
3324,110.798892,0.17729694759100414,0.21294549870924062,-0.24136693518077137,2.102613656807084
3325,110.832225,0.16578473833614907,0.24170337914167722,-0.8076385955616595,2.0916577748323744
3326,110.865558,0.1572394370304014,0.2562922403694521,2.260929637839462,2.239519432760565
3327,110.89889099999999,0.15696791386358616,0.26873132125348514,2.2977844023073355,2.3006326342259045
3328,110.93222399999999,0.155219555064755,0.27517882650726244,3.2068901326993706,2.45275335392013
3329,110.96555699999999,0.15053690296580607,0.24375242161438876,1.8483972791284673,2.321832982215263
3330,110.99888999999999,0.14255159213235713,0.11913606903672534,-2.4717333220894213,2.1891448398748192
3331,111.03222299999999,0.13051801341526117,0.12064304753251395,-2.387358062609701,2.5268788637443502
3332,111.065556,0.09763196068849256,0.12008516419301624,-1.4225266760690212,2.5665369722917526
3333,111.098889,0.09616232805195878,0.18938658215783866,0.21075992052576265,2.525385605778476
3334,111.132222,0.09952662480421996,0.22299316848126105,0.5690744457925154,2.5344846001213615
3335,111.165555,0.10260577718345956,0.24557711736919197,2.9863151880593866,2.4673231719290234
3336,111.198888,0.11715285041843898,0.2577680111487726,4.318662247225069,2.2607068752685096
3337,111.232221,0.111709744641862,0.26862881960956186,3.1033302562176734,2.066776732299965
3338,111.265554,0.12298672054147904,0.2613391909375969,3.8392633862452388,1.8516901906333978
3339,111.298887,0.10253608699197941,0.26281876482056776,5.296928316997203,2.0166948475044078
3340,111.33221999999999,0.08674024284982107,0.2707311663081423,5.111428318962278,2.1034837522308325
3341,111.36555299999999,0.08093472456338159,0.27506836533379275,5.134907468784865,1.980237724936305
3342,111.39888599999999,0.07850332007321424,0.28494203608808044,5.524683276932175,2.167063504318411
3343,111.43221899999999,0.07695990437099867,0.27458665483496403,4.516730390435457,2.1083897776285756
3344,111.46555199999999,0.09549450288234233,0.28073196468139006,3.9824105185105756,1.9900279496074984
3345,111.498885,0.10196611496963304,0.27812088696838866,4.193011160494617,1.945764107154807
3346,111.532218,0.1014906373784353,0.28561227814221035,4.733543324906409,1.952138834450961
3347,111.565551,0.09905543765444635,0.2837278063485049,4.358690859643038,1.829240256545402
3348,111.598884,0.10788632144073425,0.2894125586968376,5.201642731261909,1.960817240956711
3349,111.632217,0.11555161133117407,0.2928430774957369,4.90216253811811,1.9457023104187199
3350,111.66555,0.11580812517282585,0.29581130555303453,5.7185470199163,2.1801358876963857
3351,111.698883,0.111037882758408,0.28398975316776276,3.4865471491210016,2.090952280538182
3352,111.732216,0.09128079642576281,0.2849189688214748,3.4030186052903595,2.2495848129857636
3353,111.765549,0.09119761464536283,0.2814212472205382,4.654835298068814,2.3396256828852966
3354,111.79888199999999,0.10999646314382917,0.28254750379312477,3.1623960875579114,2.212453608515577
3355,111.83221499999999,0.141604780428355,0.285633380684886,4.249645072445807,2.1853210218117702
3356,111.86554799999999,0.15324215506174552,0.2864861724749702,3.7880245778346207,2.159505402693101
3357,111.89888099999999,0.14795883465790174,0.2928510970382515,3.645334873923958,2.1167411313846882
3358,111.93221399999999,0.14395047291991353,0.28969039399999985,3.979341055268787,2.180515806267352
3359,111.965547,0.1429943013660612,0.28800903359984065,3.898789247037226,2.142289506010014
3360,111.99888,0.1405375043031565,0.2911828639901864,3.5216151442979475,2.1451423276406003
3361,112.032213,0.14555802713172525,0.28938090407654443,3.6048206225559616,2.312222525079395
3362,112.065546,0.1474175183712512,0.29651051727061417,4.9336842082010115,2.4367366795051537
3363,112.098879,0.13462288913942352,0.3025078388124689,1.716897529886727,2.1480829013000835
3364,112.132212,0.13462023107025187,0.3006567085237488,3.2323588791582187,2.300555966204861
3365,112.165545,0.12650611565049155,0.2965183303968515,2.173696669627086,2.190904574563652
3366,112.198878,0.12322538524800912,0.29250022522228336,1.437812401423721,2.0467051422232005
3367,112.23221099999999,0.12465596241291356,0.2966264090943629,3.072805683652813,2.0539622629370657
3368,112.26554399999999,0.12005933805332845,0.2740461816160292,4.281452909428727,1.8632067863487407
3369,112.29887699999999,0.13910736036329388,0.21453666085584264,1.93836159160448,1.7499113949548788
3370,112.33220999999999,0.14347007824000133,0.1581509913402423,-0.2437816498241815,1.4032356943755933
3371,112.36554299999999,0.1553658624516027,0.1492617793968143,-1.5970985971087148,1.1641661661980405
3372,112.398876,0.16811891133711573,0.1281842213045737,0.017805873296085965,1.4200749587855868
3373,112.432209,0.18373188863593687,0.12016672160049652,-1.3236848927785467,1.3007332430111593
3374,112.465542,0.19338117825409887,0.1117024985333126,-4.4935650582026865,0.993792088466012
3375,112.498875,0.20598338882995415,0.1214290728471045,-2.0748280907148655,0.9995502689058985
3376,112.532208,0.21065295712600943,0.11601822045628879,-3.1424602579307104,0.9163968229924041
3377,112.565541,0.21852322936157678,0.11158194546737686,-3.111213106922948,0.8487229353231662
3378,112.598874,0.2358580731348319,0.12385113117301233,-5.215957879333854,0.7513332752558002
3379,112.632207,0.2795269912672848,0.13257419815077764,-3.7359666418330995,0.8324428738431967
3380,112.66554,0.30612521957817285,0.13855128427038949,-6.48875649990865,0.7722681782263023
3381,112.69887299999999,0.3348377000237481,0.13643605862982755,-8.505049112964246,0.6245598387194924
3382,112.73220599999999,0.34711786621519697,0.12351735659900856,-8.342638273669463,0.848321607019746
3383,112.76553899999999,0.3447842613096027,0.12317709694086805,-7.682604357146335,1.0178584538009567
3384,112.79887199999999,0.33979455462572367,0.11982532988925981,-7.974066800558451,1.161839413841594
3385,112.83220499999999,0.3381304689453351,0.11675488237945728,-8.365040492927866,1.2210408047293884
3386,112.865538,0.3396330225970475,0.1071736302646506,-8.357155926219585,1.1577119064690697
3387,112.898871,0.3471580608668983,0.10503737763369139,-7.909421947482103,1.2329002398910713
3388,112.932204,0.3432668797842825,0.10679307586922071,-7.728171272026586,1.209885011987072
3389,112.965537,0.34951697573508905,0.11072202616510646,-8.631058794340392,0.9577378851356807
3390,112.99887,0.36768124927006285,0.1061745989103106,-9.992980720539194,0.7285338228211704
3391,113.032203,0.36719823987850353,0.13010841608335827,-11.21319448464936,0.7194904319277176
3392,113.065536,0.3824480018566397,0.09746662999515067,-8.51233300661574,0.8142872453415709
3393,113.098869,0.37484625377110997,0.10821614646307151,-9.655501555725822,0.7081236961550162
3394,113.13220199999999,0.39131121817957115,0.10803699366654673,-10.231846814703136,0.6135263718816246
3395,113.16553499999999,0.3904987836249349,0.0904663785751219,-6.395948409369018,0.9519074315635454
3396,113.19886799999999,0.41641428316454876,0.09810926454631788,-6.138310546263899,1.1441037760883286
3397,113.23220099999999,0.4238311019707683,0.11429616753211666,-6.5162806811199845,1.1705995876347344
3398,113.26553399999999,0.42675654539494273,0.11674534084546696,-9.001005628967018,1.238698338687172
3399,113.298867,0.42727894184804877,0.1199995263080142,-10.081222849601712,1.2312413267858537
3400,113.3322,0.43542557930913517,0.11452642609567303,-10.047161450140804,1.31129865521908
3401,113.365533,0.4441033146091153,0.10629420046708703,-9.732131733904964,1.2500200181959147
3402,113.398866,0.44675679414053765,0.11175884279347881,-11.811405334805988,1.0356232332559203
3403,113.432199,0.4503907337702118,0.11607351784770525,-7.7131656420503845,0.9331577849358812
3404,113.465532,0.4327487069727068,0.1171072562455108,-10.375223609994,0.7502989870974079
3405,113.498865,0.4321999301793463,0.11670627192280944,-7.893034807081337,0.9099360634050897
3406,113.532198,0.42945400241557197,0.10758565303417222,-8.09094410907765,0.8861942478127608
3407,113.565531,0.4221848253513058,0.11995909198198235,-7.910239669041854,1.0614788503436106
3408,113.59886399999999,0.42140053136499955,0.10602238010619623,-8.312556206102641,0.9901602317133885
3409,113.63219699999999,0.40455460187738085,0.12319685617252098,-7.271722846142839,1.333075951301405
3410,113.66552999999999,0.40847050144653124,0.12079585335336485,-8.208659645691963,1.132438323794406
3411,113.69886299999999,0.40353194179772783,0.11315999980974983,-8.294808731032775,1.0914544662643793
3412,113.73219599999999,0.40868038978482757,0.11765714132266625,-8.385166925994906,1.0403661910403366
3413,113.765529,0.41390752369774353,0.13135205760118096,-8.976143554724151,0.9893260251841682
3414,113.798862,0.42084728453983,0.1276737825811986,-8.94827796398034,0.9410262356420556
3415,113.832195,0.4420696337893432,0.11745725001961155,-10.360040911827825,0.6890129967546396
3416,113.865528,0.45404979184412564,0.12708473273186233,-10.125644323302213,0.705604915543797
3417,113.898861,0.46841216954106524,0.11981919756260964,-10.146015842974398,0.684524690688469
3418,113.932194,0.48181203863078065,0.12251801961501045,-9.782409420651101,0.865700508167705
3419,113.965527,0.47922669203660123,0.11839242681481199,-9.836899731251028,1.0687071908721844
3420,113.99886,0.47730966516889534,0.11399849447262736,-11.792362611990411,1.2025848704478392
3421,114.03219299999999,0.4750598448596673,0.10746268270149095,-10.507655067880197,1.4248626705933551
3422,114.06552599999999,0.46816294634616695,0.12135916289031402,-11.85179507640206,1.117307738196474
3423,114.09885899999999,0.46880439443386707,0.12185810891149292,-11.710909379541691,1.0308337529992984
3424,114.13219199999999,0.46973580511187785,0.13111664942437024,-12.494856254492387,0.9194289723751493
3425,114.16552499999999,0.4701304869980183,0.12426104554187337,-11.721958991006629,0.9818830676275175
3426,114.19885799999999,0.46260788597823943,0.1414111283889592,-11.742650700151854,0.9104552292013975
3427,114.232191,0.4593286604772,0.1506402297348701,-10.10369258934927,1.2133692141424977
3428,114.265524,0.452675700899543,0.14596349478200932,-10.226189531604732,1.0602782346636501
3429,114.298857,0.44680113105934516,0.13651898685533437,-10.19921203846827,0.8828565183835421
3430,114.33219,0.4699731643343095,0.14084821592035907,-10.488587237015807,0.940226135481782
3431,114.365523,0.4870932623149859,0.12632995128956123,-10.83153328504285,0.9015495830980449
3432,114.398856,0.493723425246775,0.1324835368526641,-9.073288060340959,1.3808397813571143
3433,114.432189,0.4850586945946522,0.13405165540236758,-7.86535005079132,1.6755393449748903
3434,114.46552199999999,0.49816619968577713,0.13925279849652392,-10.948214336756985,1.8796485555807565
3435,114.49885499999999,0.4936850019932012,0.13570655373346038,-10.49622443562732,2.1506635676910935
3436,114.53218799999999,0.5084344112942354,0.12976476453590613,-9.37539814340973,2.414016924942119
3437,114.56552099999999,0.5038922228831728,0.14045849168428856,-9.611232177391628,2.624793895418172
3438,114.59885399999999,0.5073117108500332,0.1297271022806544,-9.421741072077713,2.8957189571445143
3439,114.63218699999999,0.4775612114451423,0.1362656313140943,-6.933627343757148,3.13005303919908
3440,114.66552,0.44454221127295057,0.14397297949131033,-6.970585990678021,3.1897087965685533
3441,114.698853,0.40028953320168614,0.14466764105947946,-7.2740730177394495,3.1769533870860927
3442,114.732186,0.34695799923963105,0.16288673350775404,-9.343754616054486,1.7764783645542332
3443,114.765519,0.27548557435035076,0.15175280209835146,-8.595435771857838,1.2405748786484543
3444,114.798852,0.19091664315832768,0.17061234004793188,-7.580011858291287,1.3281346852427736
3445,114.832185,0.1778638087276996,0.16958292316766754,-7.637530247249255,1.1461425660962017
3446,114.865518,0.16162793084282429,0.18141500430313434,-5.821471086352349,1.1243708261688454
3447,114.898851,0.1113581653464501,0.20416265302702719,-4.062124819957056,0.9720364688649656
3448,114.93218399999999,0.08249800854563649,0.21657516287989392,-0.22739215310357444,1.3695693434790304
3449,114.96551699999999,0.08056964896334909,0.23222304187260057,-0.30195368409266776,1.2227116684247996
3450,114.99884999999999,0.08088039740832932,0.2384760547990597,-2.214547892888268,1.2603990578188098
3451,115.03218299999999,0.07912449801287112,0.2502401096019892,-2.466777425980619,1.1935202853937075
3452,115.06551599999999,0.07921293625955068,0.2510617358610799,-3.6591834850693634,1.1394446430877898
3453,115.09884899999999,0.07985981829383301,0.25944795495649325,-2.992519081205536,0.8933718955694294
3454,115.132182,0.07858668484205764,0.24971733271313035,-3.3114721526596753,0.4964321458392055
3455,115.165515,0.07856100649182349,0.26539761190058775,-1.6939983721664067,0.666245545458294
3456,115.198848,0.07830882027099359,0.27242194014980337,-1.5339827026193302,0.5477616526326338
3457,115.232181,0.07730076044190762,0.26909083140109813,0.034834300429028825,0.9152211179578522
3458,115.265514,0.07900184661001616,0.27136143897467746,-0.46897443165455477,0.8540249056621785
3459,115.298847,0.07759038887530718,0.27505373690728707,-0.0463604602136285,0.9761962981759232
3460,115.33218,0.0778698338151576,0.27392206779910333,-0.444872868333334,1.0236030729907155
3461,115.36551299999999,0.0778253138209346,0.2776407482502764,-0.40255119543815504,0.9823170352364001
3462,115.39884599999999,0.07664019542413472,0.2798019368432368,0.1830290505332111,0.9940584145333625
3463,115.43217899999999,0.07801004819611355,0.27841614630451345,0.39328828452024195,0.7796869035038306
3464,115.46551199999999,0.07779624341034774,0.2784705892946321,-0.07441610398850235,0.6604742378045853
3465,115.49884499999999,0.07660173798366518,0.27477141915769665,0.39901496838284456,0.7995504247103237
3466,115.53217799999999,0.07715908517100903,0.274691311209058,-0.4271329131938347,0.40011051674904563
3467,115.565511,0.07813819327081553,0.27246864145121286,1.358867802562329,0.6467654120559689
3468,115.598844,0.07671632745815979,0.2711078728931269,-0.4287855883517863,0.2313430915242834
3469,115.632177,0.0766640956591543,0.27442055899528794,0.026922499622340907,0.08965074751644403
3470,115.66551,0.07706110121685457,0.2644118793008323,-0.002467853954474071,0.12172591101601334
3471,115.698843,0.07832338843342294,0.2718022556384322,0.7450001040439533,0.12398479375209023
3472,115.732176,0.07847147130168516,0.27277804756441926,0.47730519576071534,0.24586803168842913
3473,115.765509,0.07729148409689257,0.2751519843889323,0.5841481008529156,0.1908572561365195
3474,115.798842,0.08007089420525107,0.26618070278275785,0.6048200702465365,0.3632089659749067
3475,115.83217499999999,0.07949782305618268,0.2792618133637541,0.3987374788455966,0.4810162936263688
3476,115.86550799999999,0.07893557552649237,0.2865970746043926,0.932240136682696,0.6044556839049631
3477,115.89884099999999,0.07796256242066014,0.2804082594977729,1.5300908064873677,0.6481935414453259
3478,115.93217399999999,0.07712184813295798,0.2754797979480607,0.009775701289572204,0.6180835626960584
3479,115.96550699999999,0.07709601114032223,0.278789033592142,1.4860369443547712,1.1071262305104341
3480,115.99883999999999,0.07810327610164766,0.27740866324668323,1.5427641212438141,1.2519626778656467
3481,116.032173,0.07640620888117068,0.27876132114437147,1.0953129406197455,1.381682022380859
3482,116.065506,0.07844160468682024,0.2789286665679115,1.7195559314934687,1.5998088830026522
3483,116.098839,0.07634312349161569,0.2771449897527596,1.9411437028303944,1.6531317357052677
3484,116.132172,0.07708970939849638,0.2842437901585416,2.980524360916337,1.716657345501866
3485,116.165505,0.0777896053143843,0.28203092388709927,2.5993243216941218,1.7360715187171407
3486,116.198838,0.0771380216736876,0.27835673082781137,2.6141603465239713,1.765071425877751
3487,116.232171,0.07724098113781169,0.2670886913532771,2.4829369050721604,1.5798099635854164
3488,116.26550399999999,0.07798451378400569,0.2710751776232787,2.633123286328553,1.1484792553726162
3489,116.29883699999999,0.07754582569463538,0.2747079681113984,2.463027386979191,0.8754914914673843
3490,116.33216999999999,0.07644058717641924,0.2705872459060948,2.5838218541651794,0.9209912307245572
3491,116.36550299999999,0.07655244564505836,0.2646166558773893,4.082243223881878,1.0926510539313856
3492,116.39883599999999,0.07703258526879388,0.27689925555825123,2.8091579032858327,0.9494846348351155
3493,116.43216899999999,0.07678140420957796,0.274263898982036,4.296943831822428,0.9893288577576222
3494,116.465502,0.07824881395620395,0.2730714328065614,3.5142676340419836,0.7868232660029022
3495,116.498835,0.07686565181128473,0.28267623488172694,4.125468598605276,0.7058335712504817
3496,116.532168,0.07727218879141472,0.27592748578995546,4.180324764274815,0.6652017022943983
3497,116.565501,0.0779348071472784,0.27787952553197537,3.7064177740468223,0.4741051834737038
3498,116.598834,0.0761010962806559,0.2807259800107615,4.150405467147563,0.49356949501462183
3499,116.632167,0.07714801765173071,0.26538126212257795,2.9913022123872985,0.3540236383807864
3500,116.6655,0.07815516010722846,0.1987604085248489,3.11652200445241,0.016256610384496634
3501,116.698833,0.07765299474398892,0.13031213862989166,0.5959982760401038,-0.03283019705730174
3502,116.73216599999999,0.07740584164289331,0.18337412107376738,1.159566365434197,-0.1005949958616273
3503,116.76549899999999,0.07741721637544874,0.22676418344437577,1.5408796999773628,-0.02403645186866703
3504,116.79883199999999,0.07767422880302544,0.2488241840008012,1.3066886286153623,0.08561359401473845
3505,116.83216499999999,0.07575478048042615,0.26697366266095024,1.32791846455591,0.2879502118449219
3506,116.86549799999999,0.07756882548119493,0.27065826906654117,0.9369720495296846,0.5146821921739829
3507,116.89883099999999,0.07698925329375784,0.2696170831682761,0.18079179409714718,0.31485411924181783
3508,116.932164,0.07606524092145814,0.27795141829920794,1.3606104314911038,0.8956244237664216
3509,116.965497,0.07785490232436833,0.27973968433935725,0.559751231340331,0.8033532295141412
3510,116.99883,0.07777487945829918,0.2796686737746322,0.7435972380772552,0.7758400906751338
3511,117.032163,0.07600010333375311,0.2821977154951737,0.3002891502343537,0.8052687250420499
3512,117.065496,0.07671348558677502,0.2811382928528381,-0.18803665890031337,0.4706703260636155
3513,117.098829,0.07599940259716684,0.27476117019235,0.06288516972036842,0.5038510118391095
3514,117.132162,0.07593994336381946,0.2802866846700799,-0.6402119510861021,0.127718663128298
3515,117.16549499999999,0.07537827400037223,0.2795179162930744,0.20741812019881306,0.37561640423447396
3516,117.19882799999999,0.0754855411218526,0.27873390709175083,-0.7460572916157358,0.24672457065715808
3517,117.23216099999999,0.0762869833757974,0.2735693903583236,-0.5506929264020864,-0.011035474127889957
3518,117.26549399999999,0.076594485559695,0.267905463162912,-1.8094321627078298,-0.03534054919538565
3519,117.29882699999999,0.07535237785671642,0.27648526881724955,-1.3904085190517017,-0.16792482744260312
3520,117.33215999999999,0.07628456241020601,0.27386203969432543,-2.2513461367925505,-0.11819088133369551
3521,117.365493,0.0753921373558234,0.2748377200911391,-1.6612648543180693,0.008384787410475283
3522,117.398826,0.0750107479623589,0.27721906315254885,-1.247477364692173,-0.15468805101166097
3523,117.432159,0.07524298435835859,0.273168668204094,-1.1319152361209026,-0.030940093125363922
3524,117.465492,0.07546833198256059,0.27427045579231113,-0.6016871083067995,-0.00232310522692158
3525,117.498825,0.075788450426316,0.28137938415448316,-0.13767626063551336,0.13448753739969263
3526,117.532158,0.07592029009690598,0.28277325723591334,-1.1550526876081584,0.0968345021070661
3527,117.565491,0.07513924308698149,0.277676629028224,-0.6212527381405835,0.2372190214753958
3528,117.598824,0.07494314139830473,0.2801129167722214,-0.9229065417468902,0.3422660166472371
3529,117.63215699999999,0.0750446449200249,0.2769598605448832,-0.41793144407572125,0.3785975580434653
3530,117.66548999999999,0.07577010844004892,0.2772584681916669,-1.5765600190769797,0.25438404611798837
3531,117.69882299999999,0.07451160327750388,0.28002844345406064,-1.6634195245213614,0.30731506444487666
3532,117.73215599999999,0.07455101016225588,0.2712243402875134,-1.2395690393572765,0.17745262067132245
3533,117.76548899999999,0.07512297436855947,0.27951967213756346,-0.5093826057885082,0.380314635679994
3534,117.79882199999999,0.07462576667241226,0.28227193303119547,-0.4821569213747895,0.22968535924253597
3535,117.832155,0.07450293283407729,0.28665787128557096,-0.27719604593332986,0.17788966120778968
3536,117.865488,0.0759775774295354,0.2718132477837719,-0.9894475222520128,0.10138381185752532
3537,117.898821,0.0755262096921245,0.19597566704224756,-1.610466153031327,-0.30607206176020657
3538,117.932154,0.07640326641898314,0.10024220185734532,-3.0862559882895026,-0.33776569312281174
3539,117.965487,0.0744691957441433,0.1717605477259395,-3.6348877735896896,-0.5654716110787296
3540,117.99882,0.07588887528891392,0.2281734278625587,-1.4791221915371187,-0.35030667397340337
3541,118.032153,0.0757487935784901,0.2462160046735224,-0.9718463000466095,-0.4687852421039645
3542,118.06548599999999,0.07689279823134082,0.2631757867520999,-0.9297875409040537,-0.4129233956666435
3543,118.09881899999999,0.07653136661713589,0.2732854106515037,-0.2191374362333839,-0.2772050568674177
3544,118.13215199999999,0.0747380343791474,0.28652652404917855,1.2407049472263676,0.09836591863057559
3545,118.16548499999999,0.07448875347184407,0.28306149863606905,-0.01133020378152122,-0.07681693527711905
3546,118.19881799999999,0.0759507549680807,0.28024738413357564,0.1618650655003019,0.1489166629271319
3547,118.23215099999999,0.07609204069456445,0.2771438677682221,-0.5238792931667317,0.08877211052357478
3548,118.265484,0.07663420735344782,0.2759267013463114,-0.26288803819201917,0.015524142897398239
3549,118.298817,0.07614079440206449,0.27480987353806763,-0.4192733682668095,0.0052086760483682285
3550,118.33215,0.07593456278084916,0.27454611456132383,-0.6778124517361157,-0.17041137287292413
3551,118.365483,0.07575209501803906,0.2800440588528659,-0.6316176090276903,-0.25274885746055414
3552,118.398816,0.07508099791477559,0.28512779675297045,0.12332442923627743,-0.38811664856325767
3553,118.432149,0.07615771464591609,0.2841456464582701,0.8917687383679416,-0.19907837115487992
3554,118.465482,0.07532578219885785,0.2870720883704345,0.43150829631744136,-0.2515325575523328
3555,118.498815,0.07602427724374215,0.28667857114146206,0.8099912658698324,-0.28272176745218774
3556,118.53214799999999,0.07552420100907252,0.2872297367838588,0.6307943544734698,-0.24481634857433496
3557,118.56548099999999,0.0754424155061049,0.290673545027704,0.9268109157758718,-0.3599732444649293
3558,118.59881399999999,0.07732347224573988,0.2910710567344906,0.41143300846167613,-0.3401131106235812
3559,118.63214699999999,0.07531961899561508,0.28242366266253827,1.2928800435037713,-0.2573828069028055
3560,118.66547999999999,0.07637009852301688,0.2882155291789151,0.5357091170702832,-0.4264084622701279
3561,118.69881299999999,0.07551212242478546,0.28223429300952785,1.1277463413267996,-0.06934425885419955
3562,118.732146,0.07703017655536328,0.28476110236061347,0.6281080264683698,-0.03280365910836041
3563,118.765479,0.07515833202852854,0.28429053903234824,0.7991381315788898,-0.051593452114950596
3564,118.798812,0.07548454988539985,0.2875698567881536,-0.3747506670960484,-0.09600948730259501
3565,118.832145,0.07614576243579753,0.28910383474906964,-0.05378553133853216,-0.011332281710214172
3566,118.865478,0.07655434765589621,0.28729228010909236,-0.4500337941987788,-0.0951192147670607
3567,118.898811,0.07756930208840114,0.28737781438646204,-1.267767125972513,-0.15292750173242206
3568,118.932144,0.07648379218092963,0.28082990425391247,-0.3701531034576884,-0.04847040403076768
3569,118.96547699999999,0.07608357221754707,0.2848026821854134,-0.2849913065032233,-0.020017820477486552
3570,118.99880999999999,0.0771194485627669,0.28949263058016705,-0.6822623465368276,-0.05771960808888085
3571,119.03214299999999,0.07730913270741428,0.28535270327214557,-0.6820213237367838,0.038461488836798396
3572,119.06547599999999,0.07727417510561789,0.2908790746177864,-0.20955774779647218,0.1366462905460437
3573,119.09880899999999,0.07607713416303329,0.2925438261278171,-0.9732932745467752,0.03997390140396281
3574,119.13214199999999,0.0766592387791622,0.286067964983425,-0.6465409928915437,0.23312227495014196
3575,119.165475,0.07732953464706986,0.2556186542248494,-1.9210993477754825,-0.10052828095519134
3576,119.198808,0.0774220501469572,0.12518909501071313,-4.272423922325022,-0.15991467568279483
3577,119.232141,0.07705266607193656,0.11568601564064741,-4.38334926914848,-0.18470286226542218
3578,119.265474,0.07536055754285123,0.1889052879626566,-3.855070043484706,-0.31599667399677034
3579,119.298807,0.07753815089297417,0.2356715577487828,-2.563283224768949,-0.10521994237349987
3580,119.33214,0.07583519295587798,0.2525683290986206,-1.7787469419539326,-0.12832316828607057
3581,119.365473,0.07615166784522603,0.26106593269961054,-2.8025428497114744,-0.03298164621817899
3582,119.398806,0.07699316341794989,0.2746039361972197,-2.152276598527001,-0.009512651573013663
3583,119.43213899999999,0.07961810315799404,0.28856886603001397,-1.2631323775640186,0.09477573407931336
3584,119.46547199999999,0.08124373179110632,0.2804008017349189,-1.462290068131925,-0.004975604342357309
3585,119.49880499999999,0.10164540327733343,0.2875928366123822,-2.3359808696821567,0.005110827609775813
3586,119.53213799999999,0.12686013891196174,0.2889089531893996,-2.7580818606498134,0.2221474950113836
3587,119.56547099999999,0.1221624518015536,0.28032356078795095,-2.7420648536953025,0.3045328569997079
3588,119.59880399999999,0.10352027423426277,0.28672551520939926,-2.3795350776824518,0.4350209939322408
3589,119.632137,0.12247865019503923,0.2897991137335582,-2.7354375546170773,0.5737575696775712
3590,119.66547,0.1181257421131875,0.2889679403033766,-1.9134544001437854,0.8637059647232648
3591,119.698803,0.1340590933236105,0.2799134261047733,-3.639179616935007,0.8456677103113102
3592,119.732136,0.14209263483554954,0.1992498379841468,-4.823347653279075,0.8272943743126625
3593,119.765469,0.13854674580060167,0.10028148429124255,-6.044982742561053,1.233015215121178
3594,119.798802,0.13345726131314672,0.1273301923733312,-7.325541624473487,1.208158141093167
3595,119.832135,0.11305461377668843,0.19132400214112213,-6.183610787129192,1.3088425187573185
3596,119.86546799999999,0.11717092698365636,0.2319354391457855,-6.044256876021068,1.3735448716639092
3597,119.89880099999999,0.08966051755762096,0.24706854686705051,-5.789229417021699,1.4923195332490318
3598,119.93213399999999,0.08383638905378671,0.2574952460386742,-4.765540780218488,1.5060203601400708
3599,119.96546699999999,0.0787194701551016,0.2666434703525334,-4.6315613668255855,1.276812526267919
3600,119.99879999999999,0.0773794552686417,0.2696231718665477,-4.007821953673584,1.2789824905840597
3601,120.03213299999999,0.07812549936184032,0.26664251507957076,-4.903200355109958,1.0645240100252555
3602,120.065466,0.07854959290801672,0.27184521810141055,-4.713726318766535,1.2106565319063667
3603,120.098799,0.08940388638637672,0.279090126507395,-6.3976547535431845,1.3501090600223726
3604,120.132132,0.08193553997827394,0.2732097068025088,-6.261541016732525,1.6424909532240928
3605,120.165465,0.0972115354466101,0.2674673071207698,-7.042779058906062,1.780075882536637
3606,120.198798,0.1036402378321824,0.27506989175434615,-8.04652637209128,1.6837498709122312
3607,120.232131,0.09881843857997534,0.27558931497838035,-7.563517468393429,1.8077278853737335
3608,120.265464,0.1143308052784333,0.27835063570016294,-7.679196811361668,2.1277914623392093
3609,120.298797,0.13935586251410073,0.27633498741889895,-7.431541663324648,2.261109331493858
3610,120.33212999999999,0.16245997599272272,0.27068491217831964,-7.812654065105761,2.4572395183697293
3611,120.36546299999999,0.191019185273171,0.2725804414879579,-7.50905330760735,2.456653707714661
3612,120.39879599999999,0.19635292998230078,0.2752572429318467,-6.485696366025373,2.6450202218586383
3613,120.43212899999999,0.2126666400075891,0.28536975940809817,-6.564579759844931,2.613750255259118
3614,120.46546199999999,0.2179427896752064,0.2891413413009115,-5.3679369328240005,2.666262600867216
3615,120.49879499999999,0.22359968994337534,0.29012311422489706,-7.6562266931756024,2.5150952677643525
3616,120.532128,0.2042838445459789,0.28188470546516253,-8.916645499572821,2.540659057886234
3617,120.565461,0.19759377159267077,0.292642034640361,-7.36271361139707,2.936396436935908
