idx,time_sec,mar,ear,yaw,roll
0,0.0,0.07550399932216166,0.28708755550200504,-5.149282462667717,-0.02110356047605089
1,0.033333,0.07575133796197808,0.3044807441474575,-11.806413146733318,-0.6091437829314552
2,0.066666,0.07472470523915864,0.3030766901815246,-10.626594842258124,-0.3844036619094805
3,0.09999899999999999,0.07589188094049022,0.31112371261431726,-11.331798092415557,-0.434531864781592
4,0.133332,0.07421039787781157,0.3013900117542007,-9.659350025792685,0.02547491882558056
5,0.16666499999999998,0.0722163378237272,0.31043420902862756,-12.809156438011131,-0.36518200623942393
6,0.19999799999999998,0.07243711608871001,0.313526184326642,-15.051122155587784,-0.9973264674857752
7,0.23333099999999998,0.07227275943053779,0.29917022180031194,-13.921026006488903,-0.7777795332474351
8,0.266664,0.07443070380472536,0.3069494714802792,-10.449321854886042,-0.25261352650382024
9,0.29999699999999996,0.0756767734179859,0.32782594314380603,-10.972393264553011,-0.14741079909160246
10,0.33332999999999996,0.07376501383254029,0.2907523008025146,-10.51721691937706,0.06495327869089
11,0.36666299999999996,0.07427008581569586,0.2966449490585232,-13.74545802710527,-0.5777586544145679
12,0.39999599999999996,0.07240779587738984,0.29517828593036655,-14.35140213950063,-0.6796532662149741
13,0.43332899999999996,0.07462203171530526,0.29882340275502506,-12.147594111448269,-0.5977712457653834
14,0.46666199999999997,0.07212386188259401,0.28902523403374836,-11.60024262117922,-0.4029190121625979
15,0.49999499999999997,0.07294354340063347,0.2775387920008269,-9.797146891485564,-0.5224947438996861
16,0.533328,0.07333554513043582,0.3008902435679134,-12.361713745912732,-0.9431144712670384
17,0.566661,0.07260162724701566,0.28688897020600457,-9.783143144595545,-0.8390349653130889
18,0.5999939999999999,0.0727021082767339,0.29519350986148374,-10.169431946429336,-0.6172856617799756
19,0.633327,0.0724254581500214,0.29166692111976256,-9.014042318057783,-0.7481001699116121
20,0.6666599999999999,0.0736156856981717,0.2804142433461325,-8.599368858848013,-0.8028392819456385
21,0.699993,0.0726041455092357,0.2950346930788138,-10.377082723218308,-0.9275339240954564
22,0.7333259999999999,0.07237999405998229,0.2938838735148528,-11.42200071426199,-1.1392750378390235
23,0.766659,0.07306706395277245,0.2996341721391318,-11.47909510863558,-1.2917139551337198
24,0.7999919999999999,0.07252645449760792,0.3005654200480016,-12.07382171596994,-1.3597104041540728
25,0.833325,0.07296427467400175,0.3015055934082369,-12.581369789018263,-1.5334151234049629
26,0.8666579999999999,0.07305699258659018,0.2953992210047147,-11.42901763726921,-1.2431611566085377
27,0.899991,0.07245716787862197,0.2973104468638421,-12.656372145893858,-1.7300902759138945
28,0.9333239999999999,0.07353824500753087,0.28920456372267844,-13.707525028998479,-1.4922637111163475
29,0.966657,0.07226973453800935,0.22647913833726896,-11.355954079197808,-1.2109549435197726
30,0.9999899999999999,0.07218557582882888,0.13835408798453247,-8.322608123995852,-0.13487449656868392
31,1.033323,0.07439293729059457,0.1974635821276981,-12.381454700198182,-0.9011532610380821
32,1.066656,0.07369534294228225,0.23330236542335125,-11.233612192366945,-0.8462573691031005
33,1.0999889999999999,0.07361253335584797,0.24841152408269251,-11.827424237160095,-0.7981448229171408
34,1.133322,0.0739955540459987,0.25380562818317187,-12.520736388371365,-1.0807451228498648
35,1.166655,0.07433525661217856,0.26105183746193533,-12.726891219339477,-1.1787254339311595
36,1.1999879999999998,0.07458695247148278,0.26070316679667904,-12.992069589306954,-1.0500352997610576
37,1.233321,0.07486012630205834,0.2617943792614841,-12.682332522529336,-1.051254598648693
38,1.266654,0.07423851902920804,0.27563689819791537,-10.912315504956396,-1.1818777196281733
39,1.299987,0.07459230042464313,0.2839674453802451,-10.340996083874066,-0.4969790583507813
40,1.3333199999999998,0.07483451305885881,0.2854700676520803,-12.234269933547258,-0.90339794362287
41,1.366653,0.07359773264575481,0.28237430739380265,-10.659224406378193,-0.49847850289229245
42,1.399986,0.07454216782333227,0.2837627454188485,-12.822444922953075,-0.3497040662064588
43,1.433319,0.07429696726174766,0.28917906965156526,-11.670880836647482,-0.2568550491452228
44,1.4666519999999998,0.07409558303528266,0.29828829780146615,-11.501500091273813,0.27188983103944336
45,1.499985,0.07399510892672918,0.2880956398716501,-11.291970477425133,0.5640916190646703
46,1.533318,0.07468615246242896,0.28762370762654665,-11.614884421101603,0.26236059491420693
47,1.566651,0.07423482871763909,0.28889812938211035,-11.694292109743648,0.4884915956005326
48,1.5999839999999999,0.07572029272925684,0.2741800683448542,-9.606455382768951,0.6806593469871559
49,1.633317,0.07389190434237122,0.27962210786379094,-8.681928500511825,0.5589398004731856
50,1.66665,0.07305375693259225,0.27300168452779255,-8.88631286478798,0.5284405808381889
51,1.699983,0.07393142079685544,0.26690203894825293,-9.050322202949967,0.4703764616740456
52,1.7333159999999999,0.07556509927119301,0.259695823631529,-6.710892710781829,0.6650271344661255
53,1.766649,0.07302413590478493,0.2575399259856228,-8.9623834863834,-0.04303614506219707
54,1.799982,0.07390715692962743,0.25870111725868755,-3.3875524857199055,0.11114639346242225
55,1.8333149999999998,0.07253208038918156,0.26274248155909197,-2.9611128566938354,-0.008760627223565621
56,1.8666479999999999,0.07305538280935651,0.279578760562302,-3.896994249943334,-0.346463337665368
57,1.899981,0.07323353812228854,0.27609824608641,-1.8639815979556076,-0.6792317742605465
58,1.933314,0.07150304073586361,0.2630243271373094,-1.4435632399592266,-1.0111011722432883
59,1.9666469999999998,0.07202053493777305,0.2789994090415039,-0.4797432968329656,-1.372595547623002
60,1.9999799999999999,0.07248176721695755,0.26022385569977097,2.2083344419432995,-1.2036566443159045
61,2.0333129999999997,0.07142536021495613,0.2625822737371353,-0.039521492496252926,-1.5519961324219085
62,2.066646,0.07101507302566656,0.2536772310946265,-0.2419027937825696,-1.4239367477126657
63,2.099979,0.0705941491952104,0.2680674415172958,-0.2405802483630693,-1.4582910273713938
64,2.133312,0.07239459402169383,0.261256938947274,-2.8693723281817034,-1.314148020502735
65,2.166645,0.07091596543750234,0.2668764030620706,-4.584628083482469,-1.6963736229944835
66,2.1999779999999998,0.07204915485751094,0.27745430923442127,-5.313204834625918,-1.4846722700797548
67,2.233311,0.07139164460084628,0.2830547322260606,-5.515940827473378,-1.3484546739688372
68,2.266644,0.07037234778643928,0.27137954169678036,-6.962078059356704,-1.4426045714871376
69,2.2999769999999997,0.0707486531494195,0.2725819024584428,-8.071924714318259,-1.55952745670461
70,2.33331,0.07173939940918304,0.27432678459302684,-5.450667922914945,-1.4748044620347358
71,2.366643,0.07082432572361176,0.26719269380207267,-5.51902807159101,-1.4158246531980108
72,2.3999759999999997,0.07054868225644609,0.26580059921719257,-5.000279765750786,-1.4933253678104679
73,2.433309,0.07151333595454604,0.26090792548301484,-3.430734882309776,-1.6045296313745248
74,2.466642,0.07165311388218704,0.2705754410140758,-5.834619070060179,-1.4633143625795841
75,2.499975,0.07193865963550816,0.2668727574158011,-2.442774196544768,-1.159538258175937
76,2.533308,0.07245175673721001,0.2639988730734477,-3.1122746406939354,-0.947171101498737
77,2.5666409999999997,0.0734873234361156,0.25821166132770323,-4.07510633478066,-0.8004541614527313
78,2.599974,0.07164909752815805,0.2608665261821209,-5.8279621800118715,-0.9631559232014691
79,2.633307,0.07174489366912201,0.26483164397704395,-6.154153397532739,-1.1224063518511058
80,2.6666399999999997,0.07186967262537881,0.2723673575644859,-3.959516511811804,-0.8856281031419428
81,2.699973,0.07057769897702854,0.26953292249459887,-8.193694565188236,-1.4374156060622343
82,2.733306,0.07123390136999923,0.27588846380460075,-4.156496434175918,-1.0376674130321968
83,2.766639,0.07121119224242249,0.27018211001215764,-6.462603312814663,-1.0501933052674952
84,2.799972,0.07154669184378352,0.2719837563872411,-4.217037059366326,-0.9836328761904151
85,2.8333049999999997,0.07086656697341066,0.2750771029181585,-3.137131063211686,-0.8088341827062704
86,2.866638,0.07191492812871958,0.2746438179937426,-2.1947066871515015,-0.6707334264051158
87,2.899971,0.07119293052812377,0.2872515917167529,-5.554353034006607,-0.9808203049461769
88,2.9333039999999997,0.2194569448615617,0.27064807212783293,-11.538580114108,-1.1008229917185128
89,2.966637,0.2249530495364501,0.27690455692891924,-16.636497217195878,-1.6813457609383744
90,2.99997,0.18290479793438424,0.2786304491012812,-14.838933189580327,-1.224224677086545
91,3.0333029999999996,0.1624958333647807,0.2953656192777389,-11.47888291177176,-0.9977617677431982
92,3.066636,0.16035267597640143,0.28773100902536025,-12.349317713134004,-0.5290658409219722
93,3.0999689999999998,0.17964034040193055,0.2437445144659648,-13.194797946001415,-0.5169511752838466
94,3.133302,0.18380125672917758,0.15140656068644354,-8.218266281500988,0.5898947051875737
95,3.166635,0.18539332489071916,0.11198402433071965,-10.501820559375174,0.44413884356476313
96,3.1999679999999997,0.1725817265921931,0.15977261683093133,-11.190266350237309,-0.17851973009904812
97,3.233301,0.16453680250447952,0.20274973990660775,-12.594849779336386,-0.8113847737968635
98,3.266634,0.15136110629158595,0.2284404546956555,-13.822017689329874,-1.2722138173498927
99,3.2999669999999997,0.15890976366577844,0.23400758107440056,-12.605695508718739,-0.919152434452335
100,3.3333,0.1889034763831791,0.2562821146030076,-13.828448936543161,-0.8587548794034607
101,3.3666329999999998,0.20344046832757176,0.2596859344222446,-13.445132585479449,-0.5017975428552574
102,3.399966,0.2104013275498889,0.2595369898103964,-15.983270045301975,-0.8730180173265529
103,3.433299,0.191622364553483,0.26768845098052124,-12.396493041632745,-0.6348218046547592
104,3.4666319999999997,0.1819616786557791,0.26236811157337525,-6.989371702943537,0.41148490997815584
105,3.499965,0.17372200736850435,0.27874163221489645,-5.95903428553654,0.16249396038356376
106,3.533298,0.18120892994264456,0.2848386538976254,-6.211016736327609,0.2833948048939394
107,3.5666309999999997,0.18996350176511023,0.28835207679625247,-5.4405650630037385,0.1519053074305427
108,3.599964,0.18920166183087467,0.28218145502306274,-7.157663600366153,-0.1512346984594469
109,3.6332969999999998,0.1781714059857148,0.2782656639892692,-9.394254906589731,-0.18352999332587414
110,3.6666299999999996,0.17055873545276523,0.27065351424472484,-8.39113764578417,0.03499805375531915
111,3.699963,0.16844552815030725,0.29065027092572376,-3.585903768625339,0.2830191263739201
112,3.7332959999999997,0.16266997998771515,0.2884708004582147,-0.5315073154150803,0.8328858866083567
113,3.766629,0.1684231671693108,0.2885957322741335,-1.6222234228665409,0.9924460079311638
114,3.799962,0.164302680342728,0.29368724221603504,0.4509633672526595,0.8403168037426256
115,3.8332949999999997,0.1478398119504477,0.29884011882760897,3.0001639650077014,1.151584742702435
116,3.866628,0.1403132572935442,0.29591635429785035,0.4273761071157391,0.4694009923153489
117,3.899961,0.12731164823675792,0.29269137526473604,-0.825696892822559,0.3565283156327679
118,3.9332939999999996,0.11774897964417648,0.2829936163298873,1.380341914094318,0.23030968748389744
119,3.966627,0.11250752086383099,0.29062179173919633,1.440070226662565,0.21077025677904318
120,3.9999599999999997,0.1000737277410636,0.2882479265761626,2.018910761350075,0.2770866972674776
121,4.033293,0.07317104911403981,0.28941250033352606,1.0939186643712615,-0.026109056574432066
122,4.066625999999999,0.07151089478658836,0.2981283568731517,0.9546387348633232,0.1590167589820496
123,4.099959,0.07052450096712042,0.3009412214113353,-0.9197725681428105,-0.13126924012966437
124,4.133292,0.07147533288882159,0.3075286550687999,1.0621541583227296,0.1873063225379952
125,4.166625,0.0705359887582372,0.3062578034001688,-3.074772321570515,0.0012758109601324515
126,4.199958,0.07246236185156722,0.29577308997203866,-5.36396341204863,-0.48133805711695477
127,4.2332909999999995,0.07136157646632289,0.298368091150062,1.98327072224499,0.5170475970827075
128,4.266624,0.07180028176622696,0.3096330182677187,-1.1277382769077022,0.13000194951726565
129,4.299957,0.07204215562217091,0.29416028167043995,0.7267408741532303,0.2562699515234262
130,4.33329,0.06941065860323462,0.2878551635010611,0.9637952565219509,0.6099608220239285
131,4.366623,0.07156675673612264,0.2998582931279241,0.6262604683818352,0.4156280506092589
132,4.3999559999999995,0.07129921879498449,0.297704843704573,0.7446929100900549,0.30464213044547206
133,4.433288999999999,0.07118343348666496,0.30267260963866127,2.3223171699188025,0.492729805691294
134,4.466622,0.07195716123319609,0.2958507639463509,0.48194281039428716,0.0416713903088318
135,4.499955,0.07134571746543285,0.31806800615426695,0.9576476140204045,0.2651733939551474
136,4.533288,0.07032079649649707,0.309687581517488,-0.757874982685931,0.28968103494275993
137,4.566621,0.071054659494081,0.3090062760951455,-0.148372084475536,0.22314415198687695
138,4.599953999999999,0.07122286031227999,0.30197141849122533,0.4830432290412857,0.22714746478946282
139,4.633287,0.07189711406001771,0.29983893104542136,-0.42286103056611984,0.39068470925442844
140,4.66662,0.1733706051447344,0.30035920518150994,-6.860447934690763,-0.12969156183971717
141,4.699953,0.19613710170830398,0.2918670069881155,-7.576874010163558,-0.41230340728188386
142,4.733286,0.20435156335479637,0.30319699200241396,-10.12583533508528,-0.865215187126652
143,4.7666189999999995,0.19751252066872774,0.28400543450431404,-13.719665452934166,-0.6990556809817017
144,4.799951999999999,0.14170135109868048,0.27138681235347684,-16.0255804431708,-1.30420768553209
145,4.833285,0.07216372635712122,0.27890572620355625,-13.475303255538888,-0.6574727323691963
146,4.866618,0.07197597485524117,0.2780206928139487,-11.919906671496525,-0.3328817372228318
147,4.899951,0.1586738673315768,0.28978385397085565,-12.639428237786003,-0.44827164566058497
148,4.933284,0.19383776541863604,0.28646599904067965,-14.545207145391878,-0.9322746786363627
149,4.966616999999999,0.20387856112738584,0.28091408464971546,-16.792574592629766,-0.8322434907440138
150,4.99995,0.2265584228440219,0.276504177711842,-19.169702710324493,-1.0390065202713703
151,5.033283,0.2400286302025323,0.27387173221805206,-17.3781504364166,-0.6787760388363385
152,5.066616,0.24727530714409385,0.242330919634585,-16.7837385767275,-0.587010428164859
153,5.099949,0.233611912452299,0.20723924047186174,-13.472444700347879,-0.1382028707785008
154,5.1332819999999995,0.18724739287755648,0.10630845023511575,-13.08875423718964,0.2595304759270553
155,5.166615,0.1063719208697321,0.15904447281326378,-16.865115594263052,-0.3055603896018555
156,5.199948,0.06991054578733896,0.20176774124281355,-16.096779800151875,-0.5446776966394592
157,5.233281,0.06985905020563878,0.22770808392966635,-13.861418334326785,-0.49930938014576753
158,5.266614,0.09378989949085267,0.23039986222416572,-14.90842207739105,-0.5067424261269932
159,5.2999469999999995,0.11756728786873233,0.23608172408716654,-14.85491818208039,-0.7681007600780767
160,5.333279999999999,0.09498831818285973,0.24135409258612917,-14.37594605018507,-0.74867172074054
161,5.366613,0.07755425895410854,0.24473368452362906,-13.576775678723783,-0.5114100696573091
162,5.399946,0.09013567344841003,0.2529992049739367,-13.251734845790315,-0.7773792944724652
163,5.433279,0.07190777349001212,0.2479843439487823,-11.688994045944014,-0.28603344704386546
164,5.466612,0.07100689184458635,0.24233546314536075,-13.656682076240415,-0.5090098785487301
165,5.499944999999999,0.0709929002739919,0.2651138975486403,-13.058398495141288,-0.38885193049091377
166,5.533278,0.07444844352514667,0.2622445027910165,-9.996381560769347,-0.10092224138661894
167,5.566611,0.0724509120042997,0.28192674876431173,-8.644427461300001,0.2606956358385989
168,5.599944,0.06942982346959897,0.26644908840333625,-8.948383774372079,-0.34890365016709435
169,5.633277,0.07022415215907421,0.2565303097750829,-8.458684161613444,-0.4710329807656585
170,5.6666099999999995,0.07168446468754117,0.265935931997614,-7.78841949216962,-0.5045581937565121
171,5.699942999999999,0.11103642024054662,0.2523620222207767,-5.6825452510618835,-0.6455864361604617
172,5.733276,0.11986833443476731,0.23676408589479658,-6.884803364797389,-0.9673380377958778
173,5.766609,0.1265812230818906,0.22748494005494957,-8.999576364314024,-0.797872594128121
174,5.799942,0.13875488943090483,0.22998446039917028,-8.87231053543959,-0.48363899243058206
175,5.8332749999999995,0.13388977928431178,0.23168140992598568,-8.159877248955059,-0.3225964654222606
176,5.866607999999999,0.14012235674083237,0.22518622880780487,-7.681717560316312,-0.021653827949597332
177,5.899941,0.11587956419015817,0.2241141280469673,-6.630522827675827,0.2751269699520398
178,5.933274,0.07108377555033366,0.23148245071951323,-6.922702438611774,0.3823853809078552
179,5.966607,0.07268362861064515,0.2226032831314531,-6.213642541560982,0.5698346936409412
180,5.99994,0.0726330150721435,0.22636969520004288,-5.722820217178273,0.45567565681430494
181,6.033272999999999,0.07474086785148576,0.23078435069465153,-3.7926312008079837,0.34718106744517635
182,6.066605999999999,0.07198470645612992,0.24313397190756947,-1.1005473118212912,-0.04531325472794093
183,6.099939,0.07323106217234879,0.23595044987238717,-2.946206267358213,-0.4271132662665244
184,6.133272,0.07283215507663506,0.2539409566344415,0.14508086370066547,-0.7054410423596379
185,6.166605,0.07176973209770746,0.23539645267031706,0.06542098186157153,-0.787621842685593
186,6.1999379999999995,0.07213586298374634,0.24309190041290238,-0.7903847464320578,-1.0869509216390998
187,6.233270999999999,0.12426896346676104,0.2597449599994046,-2.086637683779921,-1.3672410515973223
188,6.266604,0.1874250790379678,0.24513619394904207,-2.6217069905049226,-1.9824157521909367
189,6.299937,0.1903589066975714,0.25863321282254637,-0.8679507574532294,-1.5718357526440443
190,6.33327,0.19997460711332415,0.24754927815010125,-2.270090164689469,-1.5500353719227096
191,6.366603,0.19255179890865254,0.25112762756788715,-1.436379995759151,-1.4705728546511116
192,6.399935999999999,0.1969250474573068,0.2489779922436441,-1.5777258565815482,-1.4909299504526001
193,6.433268999999999,0.2036141715925345,0.23881962682451074,-2.3969749797961377,-1.3330169236430645
194,6.466602,0.19562915058144478,0.24316781172537538,-1.4374112115892779,-1.3303867789529495
195,6.499935,0.19554675971392335,0.23248756852667085,-2.5853840581281538,-0.9928575422962761
196,6.533268,0.18551329033680813,0.19696649842341352,0.7056992084680948,-0.9469178093579456
197,6.5666009999999995,0.17870351075439556,0.10404219190998809,0.21221968024192664,-0.3141790517296903
198,6.599933999999999,0.17369879446135844,0.166775756064315,-0.09407323471777061,-0.2707902547033301
199,6.633267,0.1647288607632956,0.20042118907612483,-3.391500483728609,0.6313429443137879
200,6.6666,0.16372012462725863,0.22261715491890366,-2.95996039902028,0.43184761302650476
201,6.699933,0.17139756960065847,0.23260954107331971,0.395265375902796,1.1759614376838674
202,6.7332659999999995,0.1721276572983239,0.26489099624316925,4.370489876846085,1.3291648290990916
203,6.766598999999999,0.1714974215859025,0.2629783690992884,2.2957496341167114,1.0831931687390834
204,6.799932,0.18023899126897505,0.2737195110327294,1.3835987068697355,0.8444350498568389
205,6.833265,0.18833652361632933,0.2664500396195645,-4.169334246106972,0.2761968068853752
206,6.866598,0.19345425352436635,0.2577616378270249,-6.8255994091116845,-0.08556866322743309
207,6.899931,0.19694712685921797,0.26074636624752245,-9.956809545873504,-0.39109929233659513
208,6.933263999999999,0.18656902515125093,0.2642282774540806,-13.108339382596169,-0.5580268959695185
209,6.966596999999999,0.16220807081803615,0.2749114652924029,-13.740476057986879,-0.5545120629757091
210,6.99993,0.10942302437490466,0.26668973612221186,-13.834243122155423,-0.1402747585108567
211,7.033263,0.0752211227245427,0.2782668434983866,-13.050931089763655,-0.29210827370131
212,7.066596,0.12802834796063658,0.2789443405586586,-11.33593593603318,0.34176715450352857
213,7.0999289999999995,0.11733506435077234,0.29477742712188787,-10.402223287728667,0.2655255626028997
214,7.133261999999999,0.07276437102852532,0.291248854003967,-11.535445325076086,-0.030287896535735232
215,7.166595,0.07219715324841672,0.28705248641568515,-8.534567662341614,-0.26465737337500805
216,7.199928,0.14458377271686584,0.294557711482468,-3.918109595482907,0.05907796431966134
217,7.233261,0.2091152300671715,0.2868539847088295,-9.067731812463212,-0.7117926641323191
218,7.2665939999999996,0.2294071361501358,0.29354980072170955,-9.356890575638172,-0.7689114819334563
219,7.299926999999999,0.19240862514895507,0.29356782545568966,-10.874935164051067,-0.603105627593705
220,7.333259999999999,0.10743782968379811,0.3034278368884139,-14.525422064673016,-0.9797324292553732
221,7.366593,0.07202283622208211,0.31698535766808267,-12.054956031508679,-0.5719398005287941
222,7.399926,0.07316301499200505,0.3155618602314123,-13.368338321840552,-0.9444096507888283
223,7.433259,0.07159469753344411,0.29795524297545595,-8.471687691690935,-0.5428620797365311
224,7.4665919999999995,0.07445729829968187,0.2976362932635739,-7.168157840803907,-0.24023214570206167
225,7.499924999999999,0.15832649665562704,0.2969528643740855,-9.090588838178041,-0.3918871118333561
226,7.533258,0.19876077583096388,0.2848168675370183,-10.482656005308499,-0.5219836456699554
227,7.566591,0.2063602141393031,0.28470945673067843,-10.539107853818109,-0.5213875520020156
228,7.599924,0.21231131596561603,0.2938988640891226,-7.646922845878512,-0.03070486024629668
229,7.6332569999999995,0.1999096947213231,0.2917717348401772,-10.172650322121594,-0.17918587984540163
230,7.666589999999999,0.19469381045672146,0.29567619181506,-8.957400804113258,0.005581771974210232
231,7.699922999999999,0.17854032897373623,0.30341640717216595,-7.227579519738527,0.12126995135503124
232,7.733256,0.16410301463340055,0.29411311521330374,-8.176808288035241,0.08260027657083645
233,7.766589,0.16466886631599845,0.2928334128045216,-9.36417764186096,-0.052559850316020056
234,7.799922,0.17804913130479866,0.29791055719055537,-8.129610740674693,0.10911651995273594
235,7.833254999999999,0.17958372743343087,0.30927664120328985,-7.4258505563091095,0.42446492896875354
236,7.866587999999999,0.17310481798204164,0.3039773606099053,-7.661798211542395,0.3963431935672349
237,7.899921,0.17653807275747596,0.3118879065951028,-4.495975233951067,0.7279780718193491
238,7.933254,0.18770809249201084,0.3105035418002611,-5.284304406381526,0.9173752090724543
239,7.966587,0.18275730103481005,0.3177798142470991,-6.14109825390008,0.7343558204840599
240,7.9999199999999995,0.18097845826829106,0.3127242973195168,-3.571976488066388,1.0472237267824163
241,8.033253,0.09551635319875108,0.3224534987464334,-2.724098221953679,0.7948559267906851
242,8.066586,0.07594933670028431,0.31842445579598155,-3.058261784772903,0.989449191409354
243,8.099919,0.12153838219661138,0.32150455838724046,-6.126280424913892,0.6080733300551691
244,8.133251999999999,0.21498564194946965,0.310447551882732,-6.755176441037579,0.5955912451473849
245,8.166585,0.21098822795539326,0.3120755430502302,-7.469839666362512,0.5349820676761232
246,8.199918,0.19815801954641024,0.3094645401676137,-9.944932674157183,0.4133186717406686
247,8.233251,0.1892378123653291,0.29796763241268476,-9.55868553180552,0.07239491033290368
248,8.266584,0.15079482361907035,0.30452600947797115,-11.466866262693076,-0.03928511305667539
249,8.299916999999999,0.07745046279046795,0.2922204149185387,-9.79614047347017,0.2524103765179287
250,8.33325,0.0771937347361361,0.3053540940656999,-7.676817404069608,0.6646610166760375
251,8.366583,0.07885342618341849,0.2921224805809569,-4.599104478900104,1.2431221512458521
252,8.399916,0.19067981229065287,0.29714736226983746,-7.069080164475603,1.0850278340630237
253,8.433249,0.21309058301617126,0.29731326772485733,-6.346841179856542,1.458309580061967
254,8.466581999999999,0.2051801236654441,0.3070522724870461,-6.002208209856532,1.3215084450151473
255,8.499915,0.1980484413844546,0.30300569350295814,-6.246386857884393,1.2196035923875905
256,8.533248,0.17964255677759086,0.32098943568914173,-5.606145533605965,1.1517398856097085
257,8.566581,0.07738531780135949,0.32086663194256787,-0.13382613874331728,1.662467599985296
258,8.599914,0.07585115519452172,0.31975259550454194,1.6961506823637027,1.5438920551202293
259,8.633246999999999,0.07399162554933153,0.31610706134811833,-6.379148549014936,0.4286968124757437
260,8.66658,0.21072305422780574,0.31122516740122574,-6.712918817858201,0.13982663331093365
261,8.699912999999999,0.23647881231262402,0.3075654863532992,-7.506082334704279,0.46913967034473214
262,8.733246,0.21352244133480752,0.3118962457580766,-10.50677861001259,-0.3040848077633255
263,8.766579,0.20163627382594998,0.3063172707227775,-8.417000224760988,-0.3006394120916974
264,8.799911999999999,0.1734008585142998,0.2924834784342478,-7.582285872593098,-0.40436107334989513
265,8.833245,0.15071459880023408,0.28022255890624803,-3.0189258706322444,0.12803038744102094
266,8.866577999999999,0.09480875685147346,0.31138375256245854,-2.9812178598914967,0.602977141585572
267,8.899911,0.07399946888258571,0.3002673996826547,0.3679828293599136,1.049178762680817
268,8.933244,0.08598119807095511,0.3065031906350887,2.4099443145785484,1.1094576534453082
269,8.966577,0.14106441572858563,0.2916769454897561,-1.4034913941613674,0.6107632792740879
270,8.99991,0.1693929691871802,0.2951716054910164,-3.568920281878528,0.7342496209779477
271,9.033242999999999,0.17912482734948487,0.2996163748046728,-2.794487739669492,0.40177314925229335
272,9.066576,0.17621627516243663,0.3086898988700597,-1.1245882728094823,0.9093258352728523
273,9.099909,0.15339523402749497,0.30786000908552874,2.3015596149748307,1.251065138051041
274,9.133242,0.15182007035104722,0.30177470857845756,0.8715162205692876,0.9439185442802844
275,9.166575,0.1464679432801658,0.2966545915298398,2.2175314800261985,1.120289499306308
276,9.199907999999999,0.13325482666755076,0.29687949153998583,0.6322575388643028,0.9259819241538377
277,9.233241,0.12170276419189818,0.29605990541092897,0.9630032169043089,1.356320402304119
278,9.266574,0.08038170056568929,0.2927308224243504,3.1549151107300717,1.805009556456721
279,9.299907,0.07452736527564391,0.2942442158237309,1.3338503934916546,1.7949263204549766
280,9.33324,0.07477039207304739,0.29419830963151994,3.274836299821369,2.196133355881316
281,9.366572999999999,0.07598991288453734,0.29773836667523607,2.9672618476526376,2.3598321257823693
282,9.399906,0.07458745129132315,0.29570762715378185,2.7559237769743383,1.933555293677328
283,9.433239,0.07462137765204656,0.3072001389141774,3.11581946242288,1.358156506161483
284,9.466572,0.07433371243694573,0.30990135562509125,3.3443437761880728,0.514145947763004
285,9.499905,0.0748044484072863,0.30754226328627327,4.9053615756026545,0.4325331547989054
286,9.533237999999999,0.0745329887606424,0.2840669419757468,4.636430746770046,0.03802037758734671
287,9.566571,0.07210503030530137,0.29644263046015784,6.47038120288676,0.4541299190528336
288,9.599903999999999,0.07477443829518704,0.29506142353748455,6.6180478629780035,0.7039016131798024
289,9.633237,0.07354838082451798,0.29539834638410883,7.649934186573284,1.379067275412906
290,9.66657,0.08825420635590178,0.2827299870947119,6.759337486219417,1.7757832888249305
291,9.699902999999999,0.1020257762834474,0.29146836579679936,7.375957480275396,1.6701330933974818
292,9.733236,0.13183590684780816,0.27837667832743773,8.614141916375777,1.8689255276979773
293,9.766568999999999,0.1570208003446364,0.27891652832978686,9.213668919895989,1.7439904643399862
294,9.799902,0.1808760664222929,0.27865018076920406,8.52086264204582,1.0447164943267204
295,9.833235,0.19994684621367334,0.2872108470403151,7.214630728341753,0.7914008487555929
296,9.866568,0.20926279766530362,0.28827140459406797,8.613792275859863,1.5131895696676285
297,9.899901,0.20388907188854763,0.2950195589051833,8.63013141813991,1.978832341737602
298,9.933233999999999,0.1999316297404266,0.2960751048708615,9.05463934812744,2.628241650412086
299,9.966567,0.18339450100368257,0.2862333363740488,11.24662797631464,2.7077737691220247
300,9.9999,0.07132639366852747,0.29736788726703767,11.733616220366736,2.514022890346075
301,10.033233,0.07163459359635353,0.2963225204547261,7.858812832305732,2.0753854221328636
302,10.066566,0.07016156873877465,0.2788356296832343,10.565710987029208,2.2287092310310572
303,10.099898999999999,0.19903044780074583,0.3162256898697252,11.905705283693,2.2548872159993576
304,10.133232,0.26564685655839276,0.31404330690463156,13.960176827169178,2.4136181164401194
305,10.166565,0.23878991245195139,0.3095628894469597,12.72050532963615,2.5243847909438712
306,10.199898,0.20455714591037946,0.30934271482730924,10.003604942465843,2.482324364502652
307,10.233231,0.2004699412624646,0.29683245589078977,14.477007068338594,3.170940779896165
308,10.266563999999999,0.20640847144953944,0.3204214137092467,15.190038829435013,3.5434654018617486
309,10.299897,0.21148573247703595,0.3114477168370136,16.981476122307242,3.3714744549244178
310,10.33323,0.21779134789753307,0.30259855356738297,16.70084428148444,3.4367052056059766
311,10.366563,0.2219354371633423,0.2923342853748606,18.71259579643424,3.3623153159831762
312,10.399896,0.21627563895778398,0.2766270995352228,20.545758141642047,3.0220844084117453
313,10.433228999999999,0.2291363302614222,0.267078416430481,23.364451035143684,3.2209587443865275
314,10.466562,0.2247982027375384,0.274564566855204,26.59071714114426,3.5129211534168134
315,10.499894999999999,0.20135954291168007,0.24364896529090246,30.379690347584262,3.1816516313643017
316,10.533228,0.14966950481066366,0.266456939342008,33.05184199414756,2.9301551627301654
317,10.566561,0.03934665520837497,0.2882340036354396,34.1281465966509,3.0138329537624124
318,10.599893999999999,0.035386952470903135,0.2722427237318236,34.68010030696603,2.90849953204479
319,10.633227,0.058313087104114605,0.26570165036686894,35.20269547622307,2.6284547273997996
320,10.666559999999999,0.16694502876738168,0.22527828916571907,34.998897570061786,2.858391814013612
321,10.699893,0.1931039402943218,0.2342422499114828,33.835556100768116,3.027193334768387
322,10.733226,0.18725656753896408,0.20018838907700326,32.918473974171285,3.3088067356094357
323,10.766558999999999,0.18166382119604685,0.1306852324493532,29.073146178646255,3.3109300952346565
324,10.799892,0.21201022437444286,0.08533453077387795,26.269960876273675,3.065852425372201
325,10.833224999999999,0.2602139190663783,0.13449756902923382,21.916057380352473,2.2142284564503125
326,10.866558,0.2622071427586058,0.10906624874108395,17.229335386965744,2.034968863664794
327,10.899891,0.22956692031578577,0.15199282531710487,9.965709310590169,1.6596686590426661
328,10.933224,0.19322892344903506,0.1531811823861047,8.310331035897637,1.8123480362462066
329,10.966557,0.19040267156993385,0.13427191489819154,3.9121695297294052,2.086210541116543
330,10.999889999999999,0.17433205382782216,0.1845427920410836,-0.18157639403466466,1.8637712420324524
331,11.033223,0.1320785469863866,0.1951828030367062,-4.88561527725272,1.3319134339248395
332,11.066556,0.08676465634228923,0.19874057012716845,-4.954191802397925,1.5895023418646976
333,11.099889,0.07259331044380017,0.1879918528886923,-9.01774589073333,1.028786263908641
334,11.133222,0.0751284188266471,0.18753315119514807,-8.50476928803445,1.2867280582459932
335,11.166554999999999,0.08814535344346754,0.19373367964827826,-8.014349653571687,1.2085518535859203
336,11.199888,0.07301244453174152,0.18815798417496693,-6.6457940552892945,1.747942204496142
337,11.233220999999999,0.07435635032461783,0.19541484446801638,-5.828902273230429,1.238314825230202
338,11.266554,0.0736407084413016,0.202092923389166,-5.4062057930107486,1.3753299956044045
339,11.299887,0.07293207889533918,0.2013849133320185,-4.036682323640483,1.0815563172309406
340,11.333219999999999,0.13439017503743222,0.19892281884092106,-4.388931215035884,1.1498527628026396
341,11.366553,0.16703511162962817,0.20214009117816084,-4.301289003289422,1.31170429039804
342,11.399885999999999,0.16374010467171538,0.21216170311299298,-2.1860948087554215,1.5695006707448378
343,11.433219,0.13968581515921868,0.22033924357477008,0.0612931194661166,1.8329121988559347
344,11.466552,0.11844988870287358,0.21014201061458326,-0.6024182383761716,1.4946830531953155
345,11.499884999999999,0.09136796675413122,0.2146815668455983,-0.18759142817351276,1.380932808668664
346,11.533218,0.1149975794870953,0.20800269866031618,-1.8812515841024893,1.278638628315243
347,11.566550999999999,0.16142991559243763,0.21695958505835594,-0.8167206511351566,0.9740747018549752
348,11.599884,0.1917812014298017,0.2119720959164309,0.19681846518677248,0.8928062487602156
349,11.633217,0.20675534765361245,0.205737336357845,1.4445227772497666,1.32898470269426
350,11.666549999999999,0.21434709269235935,0.10161883953245207,-4.7539218495063915,1.7290191812639621
351,11.699883,0.21394089943886196,0.12504115056983295,-1.284786399629808,2.485020357784507
352,11.733215999999999,0.20626127304183178,0.1406731328217004,1.373293736809941,1.8647541019829559
353,11.766549,0.19905642611684302,0.16328230032847005,-1.959036932942406,1.3293873493965807
354,11.799882,0.19295509951795806,0.18772607509423328,-0.7072099311922656,1.3620610347445654
355,11.833215,0.18562634656648652,0.19994952005343525,-0.9686434559602195,1.4449666607518912
356,11.866548,0.17973492594634333,0.1973065956169985,-1.7665725747713217,1.624211690354908
357,11.899880999999999,0.17084261287502298,0.1959885145324981,-0.9565848561133979,1.6541901800885086
358,11.933214,0.1674736312533034,0.21316430881976006,0.5423903760872797,1.9282554935766143
359,11.966547,0.16960778481659977,0.2161390222743182,0.07830262792005173,1.849671353874899
360,11.99988,0.1603598216708147,0.20617785053791604,-2.1439735684771946,1.7593948868325555
361,12.033213,0.16527107604148464,0.21291271628346592,-0.3471715753719867,2.0727813797577817
362,12.066545999999999,0.16369801148588234,0.21144694658963042,-2.928246497056166,2.4051148814485503
363,12.099879,0.16046436400592323,0.20574996993421796,-1.7611693280785845,2.89637605281985
364,12.133211999999999,0.16063414501488385,0.2074032222598321,-1.615740876767321,3.0606556266076015
365,12.166545,0.1587179621582187,0.21214983522716843,-2.3803354806865515,3.180502449031533
366,12.199878,0.1577961777811403,0.2010712363428618,-0.38459241317138626,3.89442105692061
367,12.233210999999999,0.15843721249178366,0.2059348676137579,-1.947758025226606,3.9702967866344445
368,12.266544,0.16563895694305103,0.21368684302561997,-2.2417860222308614,4.144764612244756
369,12.299876999999999,0.1667133325111556,0.20306862213438875,-1.9185009655184109,4.287502214803783
370,12.33321,0.17169585647917923,0.208313617738253,-2.2907365743358743,4.202698149095689
371,12.366543,0.18128056516450522,0.2263344333236626,-2.304049761117075,4.298666655850351
372,12.399875999999999,0.1918355933688048,0.22651748289774634,-1.289601197861517,4.211860264483539
373,12.433209,0.20018497797352222,0.22507125627333507,-2.988721484700853,3.4725945764065553
374,12.466541999999999,0.19899511373621576,0.22059027316628588,-2.0356624382235093,2.959215423435181
375,12.499875,0.1969830372889561,0.2251169305568121,-2.522657411628909,2.491849355993747
376,12.533208,0.19473893379795038,0.14899649148009952,-0.7363220981432812,1.8886484295297372
377,12.566540999999999,0.19341495073505857,0.09898393270765479,0.6629081725422811,1.410334057559729
378,12.599874,0.1988750521104327,0.17583278863528184,2.8576599804109435,0.043903260017875846
379,12.633206999999999,0.19063859516278073,0.223184152852344,3.798120049300528,-0.5812521178987132
380,12.66654,0.1890829212550004,0.22607878187615005,7.76925793626938,-1.2016227401069095
381,12.699873,0.1834463380883241,0.21784471201544292,9.066290904269179,-1.361858515416179
382,12.733206,0.18794558387375684,0.22455582661593776,7.8917033465298525,-1.806060886194811
383,12.766539,0.179172780656839,0.2266188059429279,8.750980429139842,-1.5989832292684376
384,12.799871999999999,0.17753853243138193,0.23161045967826688,8.809124833594078,-1.9028027925908588
385,12.833205,0.16924590656379265,0.23004943304528172,11.176221444923119,-1.9169684439722923
386,12.866537999999998,0.16139163454887656,0.22599889235090725,9.485148124854733,-2.0647304697688393
387,12.899871,0.1612003158346994,0.23347671903180744,10.09002452067015,-2.537249435755301
388,12.933204,0.16480296748431983,0.22935862717372585,12.007627293929847,-2.4153672159540256
389,12.966536999999999,0.16203119277441344,0.24048311003356543,13.047067825402914,-2.4132532513481983
390,12.99987,0.1586314905933524,0.23513987019463578,12.778814055050349,-2.317756065927019
391,13.033202999999999,0.15928148833755135,0.24403755835112081,11.672545734521,-2.207414625868474
392,13.066536,0.15661778767020057,0.2576666047629163,11.729814438004732,-2.118145705570714
393,13.099869,0.15391950306702265,0.2638848523969062,9.780183146070769,-1.9130976937798243
394,13.133201999999999,0.15289766358166368,0.24656083363575293,6.627884649076005,-1.8952639951408567
395,13.166535,0.15467296818563972,0.22841581683632128,4.827474482881381,-1.5790424712032933
396,13.199867999999999,0.1533837621322147,0.22533549157817817,3.3699985929199308,-1.1551446834693357
397,13.233201,0.1567179555297286,0.23153344799465062,1.338485488832248,-1.2274567591646055
398,13.266534,0.15804402685941213,0.23649004339732035,1.0815289590281003,-0.7068361656441934
399,13.299866999999999,0.15792762420546197,0.24354146119015746,-1.617670824637027,-0.7092779113693773
400,13.3332,0.15420338522721255,0.26166414207337585,-2.5987446198556072,0.05234807480203697
401,13.366532999999999,0.16020587414174375,0.2449501941680056,-3.185187847413048,0.5842669834984408
402,13.399866,0.16200189211762817,0.25332701332143615,-6.211988619913547,0.8031834578927912
403,13.433199,0.1561081831385784,0.25232664824574,-6.901855304675419,1.3582356003851732
404,13.466531999999999,0.16256914143126155,0.24596762854337734,-6.4565187540854705,1.4648101159086966
405,13.499865,0.15990083151804482,0.24823188244457614,-8.004273471435074,1.5338644302443067
406,13.533197999999999,0.15534907397199416,0.2536226443536649,-7.811296330880921,2.1532406154621295
407,13.566531,0.15722714071571597,0.2508500408919434,-5.684193163249955,2.109678423802748
408,13.599864,0.1537403944906563,0.24783465110227518,-5.635498274962804,2.0952163174598715
409,13.633197,0.14226828702785713,0.24688430247289378,-7.609817782488495,2.1120601204380502
410,13.66653,0.12813491582752587,0.25943801253809173,-6.100995771708917,2.245335799457589
411,13.699862999999999,0.10856343277899318,0.2716633088597846,-5.390971933058247,2.0099688781494995
412,13.733196,0.07548980870571151,0.24520064073064352,-6.431200370492801,1.8436218403854654
413,13.766528999999998,0.07403963919729278,0.2701601019633517,-2.8348437083641196,1.644582344896036
414,13.799862,0.07322268122858555,0.280049302063334,-1.6192224306870286,1.6878965252622484
415,13.833195,0.07307497645668264,0.2790424740429937,-1.0231182231655522,1.2795128670601033
416,13.866527999999999,0.07115229250867673,0.28415131867030974,-2.388966089597111,0.8249797725609984
417,13.899861,0.0726155684470363,0.27884744211324775,1.2650302112779672,1.263468322166194
418,13.933193999999999,0.0732180428203262,0.2756915231055523,1.6044828888905802,1.0602444346591249
419,13.966527,0.07170907064234723,0.28466252754442956,2.23596753885179,0.9713963424829776
420,13.99986,0.07333197573534728,0.29241759562342595,2.6303683296797593,0.6222904249925156
421,14.033192999999999,0.0724270295454437,0.28192443626004027,0.720984712527363,-0.04686731679860532
422,14.066526,0.07365227523656792,0.284759365270142,4.910364410865307,0.09724021885792553
423,14.099858999999999,0.07181971234354616,0.2828964688848178,4.508949735471794,-0.40551847510362343
424,14.133192,0.07210835889197316,0.2819309391998295,4.104117359348963,-0.5986785579877383
425,14.166525,0.07100728918111762,0.27944575525768794,4.950910548315458,-0.8072267630680187
426,14.199857999999999,0.07070611344499748,0.27969156496753284,3.159151718519167,-0.9444587539252647
427,14.233191,0.0713841870430848,0.27833420788532,4.238524332399614,-0.9288138218369364
428,14.266523999999999,0.0696912017502182,0.23776352923809752,3.6443597852363907,-1.0114686732636027
429,14.299857,0.07106058500104422,0.1384703797761927,3.535086942803336,0.1955472844259809
430,14.33319,0.11007878550013787,0.12515799928373478,1.8960575828184218,-0.09701018310852401
431,14.366522999999999,0.14860086455792704,0.1567020379886317,-0.28378563798911516,-0.9367757517986239
432,14.399856,0.1729311435645229,0.20097673585671172,-2.1881454739635364,-0.932184008987429
433,14.433188999999999,0.1840486993427097,0.22644669731875422,-7.3126733414685825,-1.4155162886097237
434,14.466522,0.17929498759225532,0.22212016238861065,-7.670217070037514,-1.1706950619298158
435,14.499854999999998,0.1954752512818846,0.2414094798161813,-5.314932134524118,-1.0368937111109342
436,14.533187999999999,0.200695916286045,0.23030590042563537,-5.33811355246149,-0.8835340474230408
437,14.566521,0.21464343593808152,0.24115880845192014,-4.640376137516038,-0.6647199100986477
438,14.599853999999999,0.21186775213003306,0.2418445889839939,-5.26935528798528,-0.5723262977641823
439,14.633187,0.21580769576418746,0.25545971231081477,-5.467641830984859,-0.2571786818900261
440,14.666519999999998,0.23155710801993332,0.24373277763077175,0.4743911694189178,-0.03739794453260545
441,14.699853,0.2569946652761968,0.2671503762028755,0.11628339638741757,0.03344441552289938
442,14.733186,0.26480996471268087,0.2643987001105695,1.8858819547303987,-0.029808069365434467
443,14.766518999999999,0.2904300237416442,0.2807067089094468,2.838693233289024,0.07432266598642259
444,14.799852,0.30876931119835155,0.2655687355247509,0.3557327989952559,-0.11091725403337843
445,14.833184999999999,0.32148513799566814,0.26548322772961735,-6.160057006155555,-0.38632525313498645
446,14.866518,0.34415788653133617,0.24781108109839436,-7.6392329935587915,-0.35966095579099355
447,14.899851,0.35097225911574337,0.11135671596844274,-5.525046522674947,0.33155903561919653
448,14.933183999999999,0.3940247025085198,0.09247869683273593,-5.082946677340993,0.4459772482924283
449,14.966517,0.39276318679815847,0.1716379181074722,-11.048881067946155,-0.34008692621663655
450,14.999849999999999,0.4241921514306216,0.20331684093837332,-14.435749610917146,-1.0062325829816638
451,15.033183,0.43130378959081694,0.24042367951304625,-12.950625382167875,-1.0662071354976734
452,15.066516,0.45889456894817726,0.2427234432481062,-5.265151087633669,-0.9792843343061017
453,15.099848999999999,0.4790873509179679,0.22898644132480844,-12.213134610319043,-1.2078142676741042
454,15.133182,0.5399389099645069,0.2281206293403637,-21.33897191263333,-2.1391637397230543
455,15.166514999999999,0.543945914259588,0.24986528830855603,-21.50512049391704,-1.941515997834928
456,15.199848,0.5650433646976643,0.24932599321645874,-22.57745610335087,-2.5207630480574155
457,15.233181,0.5494249631274856,0.26169383815889635,-23.171980015522045,-2.6436035680700054
458,15.266513999999999,0.5983374043008932,0.25125430964440704,-21.52205441111681,-2.2116000477500455
459,15.299847,0.591204504877198,0.24701494534029445,-26.825892816094836,-3.224347338427895
460,15.333179999999999,0.5883316521277001,0.2520402381930846,-24.71209270158341,-3.034834295631602
461,15.366513,0.6113356302217515,0.20452947665557236,-20.11001209127681,-2.5627944409095886
462,15.399845999999998,0.5971117009616911,0.08041365692195315,6.610681804809549,-1.3285969450809307
463,15.433178999999999,0.6013098146466084,0.10452092763772394,-11.391330824775224,-2.400189824842245
464,15.466512,0.533035923543303,0.20794330292041485,19.98012639734228,-0.5635815467386693
465,15.499844999999999,0.4801522174554078,0.2247655847939376,17.90755929846055,-0.8144503475195061
466,15.533178,0.48333976211046226,0.23439186555480176,-3.2809050882598236,-1.8475584757345678
467,15.566510999999998,0.4762251308135186,0.24413733476420865,-7.284317867005688,-2.2774489714460695
468,15.599844,0.45774118393409674,0.23732098788412576,-11.325504056913097,-2.5112058154502908
469,15.633177,0.46832686490978725,0.24624271973640927,-10.24810124947166,-2.620017650184016
470,15.666509999999999,0.4724976053228441,0.2426443559498539,-13.387503839448621,-2.7612085182791586
471,15.699843,0.4748127566059781,0.24271962332156694,-14.821926967959318,-2.929447164561024
472,15.733175999999998,0.5166873182353682,0.24481168170207257,-15.914672508151506,-3.225222117482679
473,15.766509,0.501057336904768,0.2513529929192433,-15.437936497654222,-3.358478866745471
474,15.799842,0.5350131938479048,0.2579496796815722,-12.23182142048061,-3.4961187212717078
475,15.833174999999999,0.5651674604510388,0.2575914674827277,-13.507517740408632,-3.264546201254347
476,15.866508,0.5612971234125764,0.25993727625728436,-10.201024109985832,-3.0454882894974444
477,15.899840999999999,0.5962919949215738,0.2612378093756713,4.175629426671369,-3.017469718629796
478,15.933174,0.5707343894673796,0.26802397118188653,7.314313006822934,-2.9758066002007544
479,15.966507,0.5881195133814124,0.26317935126578673,3.381286864921048,-3.1892705055473516
480,15.999839999999999,0.5947800319612832,0.2605102879398891,12.926446120942884,-3.170108964240143
481,16.033172999999998,0.5901828559630814,0.269134019269677,17.85730060324656,-2.594058777860267
482,16.066506,0.5960157724685202,0.2515740894605046,10.256908889639488,-3.1859255060742573
483,16.099839,0.5885001980630271,0.26197460402299544,14.933236675283474,-2.8583522616350896
484,16.133172,0.6079415409818691,0.2601644730106317,18.36594655020624,-2.208504222796672
485,16.166505,0.6367446204472927,0.2595334093751846,19.27807841032774,-2.346023891188827
486,16.199838,0.6425887135697222,0.2563319720350515,15.538171433847735,-2.993273945655801
487,16.233171,0.6410838148509381,0.2543262054536821,18.38713881419987,-2.3522442120051927
488,16.266503999999998,0.641467718832252,0.2594314703646133,16.979817558723422,-2.7418896579602485
489,16.299837,0.6026541956221455,0.24483342391398102,13.810497353816316,-2.986467955968598
490,16.33317,0.6287459351756507,0.2482409935138092,14.906285075456465,-2.8809267051202263
491,16.366502999999998,0.6208355361987289,0.2566439106732362,12.448413088789334,-3.307441661302337
492,16.399836,0.6158687273471124,0.25064888292044707,17.137368409744813,-3.095994032398216
493,16.433169,0.6359645990667843,0.24245725321882972,16.40550279287481,-3.3805836140483696
494,16.466502,0.6319630256871375,0.2533998103768068,17.910453710721814,-3.0981780004022106
495,16.499835,0.6431734810286096,0.2503816037700757,17.709209887274227,-3.268096466107713
496,16.533168,0.6346766939321449,0.2384374124757005,13.850444877195068,-3.537473525549038
497,16.566501,0.636996841094308,0.2467733589673658,16.415489657097908,-3.476239179855754
498,16.599833999999998,0.6506815518399803,0.24757139483613116,11.338158910041287,-3.9396852430255147
499,16.633167,0.6341988976742431,0.24357690034763196,9.641801698354907,-4.239924015548552
500,16.6665,0.6478048081044174,0.2542822351974225,7.686700100135916,-4.25322848494769
501,16.699832999999998,0.6440888515702037,0.24174515388259757,7.962902001358231,-4.302440640878639
502,16.733166,0.6444012047079521,0.26085264351331566,4.674638073819016,-4.652605198721528
503,16.766499,0.6488455436998755,0.23710966085642252,10.470663205651277,-4.181918408482475
504,16.799832,0.638167744324281,0.2385786695037797,5.791628744123372,-4.277033075717949
505,16.833164999999997,0.6418387983478856,0.2398854228436115,5.35286831481602,-4.535957845819655
506,16.866498,0.6084097486635545,0.24360918337594906,2.453446195886633,-4.683654062176209
507,16.899831,0.6430459406916922,0.2404957396136801,5.054069937808165,-4.430239778621706
508,16.933163999999998,0.6230546215499401,0.2408974911858187,4.748070221512804,-4.689472456205924
509,16.966497,0.6358136404258165,0.23515763057149824,2.5235928513831354,-4.714745494001139
510,16.99983,0.6325893616688774,0.23836095722940404,6.784278217164341,-4.286791079268719
511,17.033163,0.6262016300472639,0.24413058620942402,9.526558154695802,-4.112502553430294
512,17.066496,0.6300280685758142,0.2225794576510619,-3.9931864307850056,-4.625336011641258
513,17.099829,0.6451084378488954,0.22672245795374865,-6.562198503365422,-4.932262897826954
514,17.133162,0.6221153065998557,0.23213075821806714,4.210867163148982,-4.5363485102185805
515,17.166494999999998,0.6205105483564061,0.20571451774612953,3.5816899707333945,-4.8729107106556455
516,17.199828,0.643739393092642,0.22766603920585662,9.066049833041722,-4.595214284670021
517,17.233161,0.6253946051158552,0.2029299079863638,10.657728571456138,-4.398143702768426
518,17.266493999999998,0.6287554854501369,0.19431868696507631,-2.2858887629546043,-4.782791002641728
519,17.299827,0.6295372661901776,0.2032505248774534,-8.625593697730464,-5.086145654390922
520,17.33316,0.627225622613355,0.20186187774112013,-1.4381446987634663,-4.805032400758025
521,17.366493,0.6104681585595261,0.21345620070209353,12.40676665183117,-4.012049519186178
522,17.399825999999997,0.5916408736642035,0.1997791094068866,16.18619787339183,-3.9050849799749043
523,17.433159,0.6012906571700094,0.19311324579945607,14.573609534625895,-4.283832310665303
524,17.466492,0.5947902412151782,0.21528192020676706,15.738106243573556,-3.5048711860529225
525,17.499824999999998,0.5906165101068495,0.20708993411505983,16.737184209203352,-3.9373264503576824
526,17.533158,0.5853893351067531,0.206749676406488,19.765651225988062,-3.281970039347378
527,17.566491,0.565010053614383,0.21098624721157386,16.784163097353407,-3.5799580747692175
528,17.599823999999998,0.5614957209175415,0.2193507370564829,21.866257805860023,-2.776118635947504
529,17.633157,0.5722828757997418,0.2122043460708488,21.0076757325236,-2.9855689988378074
530,17.66649,0.5703692372088156,0.206510827367695,17.40992269643643,-3.1136713261173945
531,17.699823,0.5494156480664094,0.19779424617809427,15.79094389133668,-3.476548662306608
532,17.733155999999997,0.5624915472359957,0.21050024028850645,21.96526361115668,-2.192667200599785
533,17.766489,0.573094932860943,0.20182362082411362,16.543419841533215,-2.8955505729630664
534,17.799822,0.5704432105511298,0.21509098343061217,21.15880344371984,-2.1483655163753492
535,17.833154999999998,0.5780350760047184,0.19192795151299508,20.539677085942433,-2.030716813481204
536,17.866488,0.5590218952221006,0.21830800284231228,20.846646427922444,-1.9974747931335712
537,17.899821,0.5464138561600703,0.21068533548355645,22.227620320016708,-1.5134924614040264
538,17.933154,0.5537632686121426,0.2165674606610788,22.438930917574247,-1.1839928206515093
539,17.966487,0.5377021996984386,0.20732641309723404,20.756436178755873,-0.9957548800640212
540,17.99982,0.489129464290848,0.199521469024336,19.870582176690952,-0.7488996188501297
541,18.033153,0.4868103440362227,0.2058842436704849,20.770978046573898,-0.327461097769276
542,18.066485999999998,0.4754270144988945,0.20669208276891327,19.76128793495304,-0.11130659468759671
543,18.099819,0.443270721032177,0.21779500635597845,15.572830029649282,-0.2555769038292286
544,18.133152,0.4413174296023404,0.23878954637163216,17.694302000752675,0.31528069332362746
545,18.166484999999998,0.4382342011583836,0.24145635513871816,19.119712691703185,0.8463856021519034
546,18.199818,0.4249961992216242,0.2386437174804207,17.355493468770856,1.105025562024842
547,18.233151,0.404004332307071,0.23218275072705388,15.402434556996873,0.9790021408045737
548,18.266484,0.3660573706107702,0.23914927047339266,15.556526005783365,0.9083930791438549
549,18.299816999999997,0.34539772082226106,0.23533954849367633,13.296755021825891,0.8919998896310373
550,18.33315,0.3090671984378815,0.23139976988624683,10.640601600376968,0.3246978093052746
551,18.366483,0.2947897285784831,0.2381070334481406,10.288873864682376,0.7079223613870828
552,18.399815999999998,0.2874806327383192,0.22701503297021103,9.157577011848826,0.5528008989315598
553,18.433149,0.2716729786998482,0.24198390672903802,7.823242044656903,0.5044747871488907
554,18.466482,0.24980289707504988,0.2389099990834444,6.238432249439984,0.32271652817704616
555,18.499814999999998,0.24164894784549143,0.24127510437353322,9.037360366045517,0.5199289304425468
556,18.533148,0.22564244435305356,0.22820415895733281,5.3496581897229785,0.2487454462177726
557,18.566481,0.21657107414089108,0.2360162686603319,2.94141674858633,0.25339478709682617
558,18.599814,0.21303223264237714,0.2400401493756498,4.038351503708328,0.24440721001196267
559,18.633146999999997,0.20553725408890228,0.24845633322357424,3.2452502502449483,-0.11555106433434804
560,18.66648,0.20609773089689779,0.2549213423118578,-0.5048408747344573,-0.6352291598418232
561,18.699813,0.19387247331798427,0.2556794516696303,-0.4748275816034104,-0.7848783087979793
562,18.733145999999998,0.1899469531845966,0.24950290628372584,0.19805880298869913,-0.9352182974086914
563,18.766479,0.20060495934208739,0.2545921072102266,2.678733258125608,-1.1976537339588265
564,18.799812,0.1902082198575153,0.24989170497366126,1.9137908456044546,-1.5762751045661918
565,18.833145,0.17277658531877524,0.2722081624346824,-1.6921651905739064,-1.8616353219412778
566,18.866478,0.16771656561512577,0.2536705231851325,-2.8894731582703046,-2.4077443423915907
567,18.899811,0.15762549739320234,0.24824503694200406,-3.784746449649163,-2.4611749530924087
568,18.933144,0.14836385940780608,0.18487100562103267,2.4462711014761624,-1.4105593824477791
569,18.966476999999998,0.12727676237498003,0.10562679435435712,1.9907292634609743,-0.7233624501261341
570,18.99981,0.13852451883453845,0.1735829556388434,3.550901844290483,-1.1971362901874505
571,19.033143,0.08354949147063707,0.19742419665305128,1.9971897843581825,-1.2982595236052228
572,19.066475999999998,0.07274450408468201,0.2251379409485285,3.295510893926443,-1.300394638554197
573,19.099809,0.07168548887227144,0.24095860992692952,3.0014455236824067,-1.5582795620472591
574,19.133142,0.0711195709111,0.2383156701953884,2.20684013975093,-1.5944120401503166
575,19.166475,0.073566056296977,0.23901931741647608,2.7541752294923825,-1.5408237570377732
576,19.199807999999997,0.07285426480538121,0.25146169382098216,1.99661879593657,-1.7080454725105036
577,19.233141,0.07229754092857571,0.2450829743963073,1.4005548168719382,-1.6736323476990838
578,19.266474,0.07192869868994646,0.2706425466368614,1.6360649585699152,-1.2911221548491798
579,19.299806999999998,0.07181816174674341,0.23940503152570225,-1.9696220389459538,-1.567919616087365
580,19.33314,0.07244309606990922,0.2428273415269903,-1.203740232814987,-1.0465184308262152
581,19.366473,0.0728113884657086,0.23460352881076368,-3.487684740172628,-0.8941362200774703
582,19.399805999999998,0.07277016102070294,0.2422448078149298,-4.411120815437684,-0.952530377481983
583,19.433139,0.0725391010515468,0.2497636072549761,-4.176383054019715,-0.44933169734740097
584,19.466472,0.07128907217405528,0.2506956541854122,-5.426433778847091,-0.5041758491631526
585,19.499805,0.07303807012344526,0.25538928047652204,-4.7478518621470345,0.20418586243786374
586,19.533137999999997,0.07090716950101661,0.2522497061767698,-6.34366817989999,0.5382422950199041
587,19.566471,0.07140782563448453,0.2527387474059345,-3.298622474496851,1.147184427597749
588,19.599804,0.06999688804467791,0.2547895997039583,-4.320453183933227,1.3783202190293302
589,19.633136999999998,0.070780679846107,0.25691589261174524,-7.408627356171519,0.8485954160438473
590,19.66647,0.07157328078075577,0.2785812876841558,-4.071891915103236,0.709936410133452
591,19.699803,0.07341968676884136,0.2844120667335911,-1.9163368421830818,0.33693444111054127
592,19.733136,0.07118502663066935,0.2784405048792957,-1.2976037482947824,-0.15313459199254062
593,19.766469,0.0716548145546553,0.25853209144637307,-4.047815658437164,-0.8101662119447072
594,19.799802,0.07149035284065676,0.25513102330334925,-9.848334026244574,-1.6304914385221707
595,19.833135,0.07169125846052513,0.25641653421659993,-13.995931231031546,-1.9903403345168786
596,19.866467999999998,0.07137066537982077,0.26704131630711797,-13.677214098473806,-1.8178663818777616
597,19.899801,0.07141287533775964,0.2784027780307212,-17.552012386938312,-2.3887070631617617
598,19.933134,0.07060729856375791,0.2825112365228144,-18.735646396582524,-2.276697442232058
599,19.966466999999998,0.07087063053457673,0.2903692214855579,-18.2113295761268,-2.3829149767542464
600,19.9998,0.07115220537360196,0.28536638329007535,-19.387235613674445,-2.585404783951984
601,20.033133,0.07205467783727947,0.28931357357517423,-19.991303036545386,-2.3520961428584632
602,20.066466,0.14704770869430459,0.2913503443667885,-24.33292797884301,-2.8675937537167737
603,20.099798999999997,0.20303616834394603,0.26728885572175576,-22.911384570393047,-2.3062378230744187
604,20.133132,0.19362144437380796,0.27659739266913047,-23.324724566356615,-2.652030074061539
605,20.166465,0.09883515983438067,0.2788262426142749,-21.047411364173776,-1.8141766641349661
606,20.199797999999998,0.07121839523646303,0.2651226454809461,-11.298954472884258,-1.4377211117366453
607,20.233131,0.07322549369320708,0.2631445117987887,-9.771662839100701,-1.7007749786240831
608,20.266464,0.07515035369253759,0.25303763178537975,-4.923665129731686,-1.4150187779039036
609,20.299796999999998,0.07452828501421181,0.24593819011786466,-1.7749817620749326,-1.0866751459016593
610,20.33313,0.07473963456728507,0.2554225606096743,0.3565743255555143,-0.9023691719399605
611,20.366463,0.07395645694061945,0.2568783717711908,-1.277071629329748,-0.912704060992174
612,20.399796,0.07329668851317589,0.26418050951231775,-1.610280744647858,-1.2221609283670136
613,20.433128999999997,0.07474787946503834,0.2707961568262899,-0.11371278444543331,-0.8009799472847997
614,20.466462,0.07345389298603797,0.26288796086805977,-2.127487702215351,-1.1848272283172216
615,20.499795,0.0733259769571389,0.24130179828457268,-4.599763544286531,-1.4980120407664228
616,20.533127999999998,0.07299532814099545,0.24949314943235085,-4.966279674324728,-1.7895244643738208
617,20.566461,0.07409001791758373,0.24907323676041454,-7.064600004751316,-1.8635771289906244
618,20.599794,0.07380313888148829,0.25484739528256906,-8.452734815385469,-2.2111388627756816
619,20.633126999999998,0.07228285534501085,0.24447504581309099,-8.279844579961773,-2.133763160310463
620,20.66646,0.07267114862391573,0.24392426919627447,-8.455513094170879,-1.8338470685806483
621,20.699793,0.07350350477030017,0.24882693140919204,-6.518702169461487,-1.9228489696135203
622,20.733126,0.0727310620576777,0.21064466732013976,-6.78015402134218,-1.734741095520186
623,20.766458999999998,0.07247847358758787,0.09290244169124703,-4.27851011817742,0.09985648241373879
624,20.799792,0.07485300837972367,0.09607625290933697,-1.1847323960031115,0.6516294854660022
625,20.833125,0.07529113401600493,0.12550971684398565,-1.9229142668545671,0.4315776898189543
626,20.866457999999998,0.07480684669724132,0.17936311857288817,-3.845379291282784,0.09463530612413298
627,20.899791,0.07612750178916479,0.18965392145133786,-3.9244162175715394,0.17395082123462735
628,20.933124,0.07403266883574187,0.2133059673556572,-2.806687243031491,0.509608950936238
629,20.966457,0.07582358886108327,0.2367124652094133,0.5606609693835625,1.1519318354256118
630,20.999789999999997,0.07555379329237702,0.25324247363416147,-2.5596963930965524,1.0067621637185575
631,21.033123,0.07423481286868132,0.25200126057171435,-2.7798971893551374,1.2104039270528295
632,21.066456,0.07435089603816818,0.23417136399955282,-3.5626203301539863,1.229514202084433
633,21.099788999999998,0.07582726202807531,0.23765768419569294,-4.063708014219199,0.7845289892580974
634,21.133122,0.07486229345579702,0.2363990678791098,-4.6482878997398736,0.6087130648719202
635,21.166455,0.07477299949805771,0.2580902532635495,-8.602923144079845,0.17674558902052337
636,21.199787999999998,0.0728515207345899,0.25956239399375786,-8.736409919869418,-0.32536248987741373
637,21.233121,0.07392654457776796,0.25110225777106876,-10.883322340245913,-0.35458451688394144
638,21.266454,0.07426050636505384,0.2603098638911495,-10.87442397731357,-0.8119355575844296
639,21.299787,0.07443296139017305,0.24060185795133118,-10.595899036247516,-1.0826058020965743
640,21.333119999999997,0.07511896130900973,0.23766254093293931,-10.08395687725221,-0.9537025335937259
641,21.366453,0.07422606833573031,0.24538680900462329,-11.037685656638487,-1.3986425839729937
642,21.399786,0.07452565432779937,0.23474652140791663,-9.53148252302267,-1.6362031756905875
643,21.433118999999998,0.07368163779463048,0.24219560403290566,-8.67873924704749,-2.0094141889275168
644,21.466452,0.07361336251825365,0.2507905671048507,-9.72644652568598,-2.576521655871456
645,21.499785,0.07405677041332051,0.24344510006413972,-9.231460547344861,-3.056790190745393
646,21.533117999999998,0.07258281007864138,0.25601593795330596,-8.052521623493147,-3.283201426688309
647,21.566450999999997,0.07111934507614402,0.2454540886844748,-7.305760908584881,-3.482892288718894
648,21.599784,0.07261417007433082,0.2535460977915888,-5.442162063963984,-3.089187498204818
649,21.633117,0.07220101148864763,0.2574718843537489,-5.373890950690263,-2.7905594906527558
650,21.666449999999998,0.07271804773070091,0.26022942102598956,-2.831640872082072,-2.418183830322978
651,21.699783,0.07151392603101948,0.2574228799326773,-2.2263996899129617,-1.9969463659599125
652,21.733116,0.07116280476504312,0.2544119049826681,-2.2968440504003813,-1.819977911488284
653,21.766448999999998,0.06987948717143685,0.26037788852955623,-3.4867234934363407,-2.2255272881243604
654,21.799782,0.07014898901138596,0.2607432927908271,-2.166723072954803,-2.1693945769895184
655,21.833115,0.06864601929568008,0.2673267624337475,-1.17434981715543,-2.166262615337633
656,21.866448,0.06987315272885479,0.25542304418052925,-0.8386199594462823,-2.197849773145517
657,21.899780999999997,0.06945829548118937,0.26493534844034683,0.26143049899469417,-2.034171251669712
658,21.933114,0.07067309874952106,0.2735807549740066,0.8260249989923336,-1.9161996753594515
659,21.966447,0.0686567537576017,0.25352069457230825,-0.3204369048825452,-1.8837504607760902
660,21.999779999999998,0.07031495085935664,0.26046016403722105,0.4845223719847744,-1.4733810437940518
661,22.033113,0.07111513729912283,0.23694915332641608,-4.572937410564991,-1.9389362636719296
662,22.066446,0.07167619812033939,0.2504662189246679,-2.190774853183935,-1.4586355511958868
663,22.099778999999998,0.0717379589236415,0.25339542348589844,-7.744495625805946,-1.9585885509808934
664,22.133112,0.07162577553261364,0.26164756555649415,-9.173649515722737,-2.084185762450801
665,22.166445,0.07470956245188583,0.2824676668125584,-7.071050743794662,-1.7088558745075584
666,22.199778,0.0738066932041585,0.2919178859536863,-10.541449361273601,-1.9481839324161527
667,22.233110999999997,0.07454734416306132,0.28853274600417733,-12.37788091639298,-2.0279353171889767
668,22.266444,0.07328543688250644,0.2947028526905008,-12.099145844509502,-1.8549584868998776
669,22.299777,0.07351296467666613,0.2803405646894801,-14.441155292397044,-2.1752893623397385
670,22.333109999999998,0.0739019912584977,0.28102351322294405,-13.181619654522688,-1.9511919270029217
671,22.366443,0.07327910518013117,0.2815963380423079,-12.990335157295467,-2.0630579117818435
672,22.399776,0.0744133315951523,0.28920675208934943,-10.652297316747013,-1.5531198577607344
673,22.433108999999998,0.07284224391844547,0.2821019968966208,-10.230209598144372,-1.5196356830906874
674,22.466441999999997,0.07347502016096912,0.28447112280376896,-11.674218258878835,-1.6534376794407633
675,22.499775,0.0732842009208232,0.289921919475571,-10.975381066364381,-1.4911147653479442
676,22.533108,0.07408638336638658,0.269329927181306,-8.32551383018768,-1.016895214216838
677,22.566440999999998,0.07424196636341705,0.28037328229570657,-11.204733124039171,-1.1262713533500293
678,22.599774,0.07334599848410762,0.2766321453104942,-7.994254324534255,-0.5665686205991207
679,22.633107,0.07486780409560288,0.2689468964547592,-8.670605357366599,-0.5437306513917394
680,22.666439999999998,0.0743891391949228,0.2674144136488267,-3.825606604670982,-0.025233827675612372
681,22.699773,0.0747711589440746,0.2582044149559623,-2.1894033640942228,0.8136359270663079
682,22.733106,0.07408450271989198,0.2734256555865343,-0.3715791047834575,0.671286352390689
683,22.766439,0.07302955233263324,0.28598818746683585,2.0370746535485247,1.11043367334241
684,22.799771999999997,0.07467807209450902,0.31037061373384167,4.228147482554163,0.6857160591737487
685,22.833105,0.07440845336307401,0.2966726555044784,5.465406229844507,0.32089583431933494
686,22.866438,0.07362437967682059,0.2941172473412702,3.0121900545500635,-0.4525550088594631
687,22.899770999999998,0.07274073094438523,0.23454818143574713,5.2015897426209285,-0.9670569810530353
688,22.933104,0.07214828586461475,0.14233392888234617,2.7401716477421196,-0.6286407034366194
689,22.966437,0.07362457717131554,0.17919256553231586,2.92125531168362,-1.9862029773994467
690,22.999769999999998,0.07350417013094218,0.21284800110099938,2.524209247840489,-2.0391079680989486
691,23.033103,0.07166897886178084,0.22843743136338776,1.7831522555791286,-2.211011636779488
692,23.066436,0.07221938080577574,0.22152218224595008,2.6874731886994394,-1.7775143027851699
693,23.099769,0.07277253993325337,0.23576642257718605,2.766910498462529,-1.5578089216072692
694,23.133101999999997,0.07277579861411786,0.24177962759385535,3.761141418988433,-1.0960172333968752
695,23.166435,0.0738835501909341,0.23835168235663642,-0.21543777483821214,-1.3282671082755335
696,23.199768,0.0737117888172676,0.23848809642761148,-1.5275737002583367,-1.1477677120142828
697,23.233100999999998,0.07368847878446569,0.22802024549371408,-4.550459949001182,-1.3149250171366185
698,23.266434,0.07628555636165534,0.2342642974913504,-3.8618132897259554,-0.92481657641688
699,23.299767,0.0759202232694842,0.26008333768423425,-4.972733543439067,-1.223644732621958
700,23.333099999999998,0.07522290950610173,0.25330869413481044,-5.289344864028803,-1.1249744207984032
701,23.366432999999997,0.07588932599178877,0.2541838147973773,-7.135156313007578,-1.2482839566029336
702,23.399766,0.07500404473550722,0.25807703970957174,-7.3203874458587075,-1.1855456401605633
703,23.433099,0.07491858149935215,0.2572179441588658,-8.583024016075521,-1.1727683012419212
704,23.466431999999998,0.07527861109920628,0.2549564192825537,-9.245608694452782,-0.8210982208474482
705,23.499765,0.07388733431611384,0.24536075885723352,-8.812698442308362,-0.7028990678741952
706,23.533098,0.07397918378300175,0.24192960427105387,-8.098738765795094,-0.216496237366142
707,23.566430999999998,0.0741448644941802,0.2562316544253364,-7.980900985990008,0.1476378547242794
708,23.599764,0.07468883119773197,0.2415801355742504,-7.163252157681188,0.31043541574220557
709,23.633097,0.07586992276364629,0.25436214453942757,-6.363156574594042,0.47042467924511144
710,23.66643,0.07357770226493253,0.24404660231603648,-2.8682722442708557,0.4545013909241235
711,23.699762999999997,0.0738253099678613,0.2545620003629475,-0.8024337421888287,0.3791486718229204
712,23.733096,0.07313009568021046,0.24956509576528874,-1.233964266890106,0.07974410285366608
713,23.766429,0.07399120072984273,0.25648251298683583,-0.41080394909019813,-0.014159663710457661
714,23.799761999999998,0.07346402365009869,0.2906860798178895,2.9946944000137345,-0.23936364398083876
715,23.833095,0.07327516975373301,0.2854123429507068,4.634938349858599,-0.4904100017183142
716,23.866428,0.07437595781930258,0.2798282449763744,1.65568253976307,-0.6353007402440444
717,23.899760999999998,0.07439611170455208,0.2725400564858971,2.333172146566817,-0.7938213033712356
718,23.933094,0.07399163720515943,0.2701955520471706,3.5519518343334555,-0.9085947933949514
719,23.966427,0.07357215983264269,0.26920624628853496,5.2647665081176935,-0.8133068838052377
720,23.99976,0.07355550003179855,0.27182573891021367,2.5687122589804656,-1.0638480575823435
721,24.033092999999997,0.07321784913039099,0.28513740245767605,2.826743905833285,-1.2050216488116747
722,24.066426,0.0727892844747289,0.29757598034099986,3.848401617953194,-1.3978945258090285
723,24.099759,0.07308963639960663,0.2753021763691015,3.4885753035941893,-1.661098212880378
724,24.133091999999998,0.07364088179303559,0.29107096209554684,4.4874892620937175,-1.667625679818211
725,24.166425,0.07218436510333297,0.283264002327164,5.397988747733738,-1.5930963803692606
726,24.199758,0.0710174092347915,0.2756136449411942,5.436263113846119,-1.7498335712590416
727,24.233090999999998,0.07147383666169803,0.28941189305965187,5.537385067327429,-1.8450958537710263
728,24.266423999999997,0.0719431736574151,0.2758229012441663,7.080761610050359,-1.8584964252834617
729,24.299757,0.07318430029170887,0.29899671223664415,6.5812637314804645,-2.408872810243745
730,24.33309,0.07143220253620061,0.27702097047706176,7.124229863153164,-2.446007930919539
731,24.366422999999998,0.07207156013893368,0.2896995475398918,6.587973214360474,-2.8657725142485297
732,24.399756,0.07161840739888307,0.27934239520357584,6.631871099912112,-2.9007037118860066
733,24.433089,0.07006999506805037,0.270816555097541,3.673997433837391,-3.196494099688133
734,24.466421999999998,0.07273429224475261,0.2803176240256957,6.278680724119428,-3.0306191153328617
735,24.499755,0.07098341930123468,0.27763018529790573,6.778128494962094,-3.1507919053317295
736,24.533088,0.07021579714340402,0.273582427421575,7.627505305822147,-2.7818311341814272
737,24.566421,0.07062244590497255,0.268991674422704,5.464245251154857,-2.750513718031919
738,24.599753999999997,0.07192021788966754,0.2704965611696192,7.751688449266382,-2.222560203669333
739,24.633087,0.07043559115304694,0.274294015649285,6.185643027604534,-2.1593745193586606
740,24.66642,0.07066652388090773,0.27501609342037825,8.769110246866807,-1.4457857940416259
741,24.699752999999998,0.0708168306671332,0.2740485698541407,3.8062499410855115,-1.6224112562347757
742,24.733086,0.07086043744482723,0.2729498437024877,6.2984248165387475,-1.2883964520185447
743,24.766419,0.07171622842827043,0.2695078451173122,4.972743871483233,-1.2424883391274104
744,24.799751999999998,0.07188902803704296,0.2664396463349356,4.614899916478282,-1.0383397127899618
745,24.833084999999997,0.07154985565336745,0.26338715107829946,4.677800664916409,-0.8013320219516559
746,24.866418,0.07065324597608795,0.29154519688175584,4.436806842242826,-0.7694547104155073
747,24.899751,0.07298396657274193,0.2650068904066416,-0.3571179375605645,-0.9827509862570646
748,24.933083999999997,0.07316445680333966,0.26875374701601995,1.7601629914072208,-0.46868100797816686
749,24.966417,0.07348637038360836,0.2778420855028364,2.671282532320178,-0.021453064954941523
750,24.99975,0.07410800853362283,0.28117321946552487,-0.2807154397880821,-0.38845878786966953
751,25.033082999999998,0.07405545816604923,0.28005951213470515,1.2425093874523685,-0.38968834622065734
752,25.066416,0.07350002888434311,0.2862038798635905,-0.7003995445872437,-0.7693929838455046
753,25.099749,0.0747010318189437,0.2990547766623193,0.05965653379169589,-0.8230652783383493
754,25.133081999999998,0.07335995817231057,0.28467520019589776,-0.31277035033891026,-1.2347938503243145
755,25.166414999999997,0.07139175018827211,0.29780279932183173,4.302024345105248,-1.0387196434130326
756,25.199748,0.07111356179878785,0.29377154764571956,2.741189961947478,-1.6158011066427944
757,25.233081,0.07213751808499101,0.288189995324438,5.355562793666173,-1.3199462953952812
758,25.266413999999997,0.07154115796647462,0.27476461789908146,5.660302444731573,-1.6049643863463143
759,25.299747,0.07097589366538672,0.19812825843370419,10.412529177263421,-1.1443970982834986
760,25.33308,0.07088303118638416,0.12212589290185132,3.8014065322056405,-0.44626301044869393
761,25.366412999999998,0.07098123523493108,0.15579165347633617,5.601833501757878,-0.6416857713927588
762,25.399746,0.07192228391529035,0.19006284329794387,1.8522766341395873,-0.954135715954128
763,25.433079,0.07036937474652599,0.20799050042529177,5.170814642840468,-0.7161304391658607
764,25.466412,0.07108158921979463,0.20065146681216234,1.8069642908895902,-0.6899410216436984
765,25.499744999999997,0.07134058642856081,0.21583129684197916,-0.907892640256876,-0.6846400873872165
766,25.533078,0.07214052151840142,0.22358968334539275,-0.06231432642790833,-0.4111134421651235
767,25.566411,0.0737043329110318,0.22447183063902426,1.6503902284422922,-0.053102478728362885
768,25.599743999999998,0.07146453020146229,0.2381134585298847,-0.32348810343633644,0.5399414231640837
769,25.633077,0.14529080059640237,0.25186402840654293,-2.6530942176430257,0.44944254292747354
770,25.66641,0.20329280465007502,0.258678936074512,-6.840914547245629,0.35543515920949376
771,25.699742999999998,0.18531841358641135,0.2683667472819832,-3.851500845198491,0.7487361965613958
772,25.733075999999997,0.16133613446765083,0.25554906469311,-3.3581443374229476,0.7496022507313816
773,25.766409,0.17054326672375383,0.2682672190156272,-0.1283608182276247,0.5362861435239797
774,25.799742,0.17759816763305125,0.2601824673700048,-0.24471266140355727,0.4433942538576694
775,25.833074999999997,0.18346202573931264,0.2563249429984939,-0.9686583206487004,0.2791242084147444
776,25.866408,0.17518266210806419,0.262271327142068,-3.125342348614384,0.035560917334026186
777,25.899741,0.18417975685823196,0.25886253775170087,-3.412867345102042,0.27385060275831274
778,25.933073999999998,0.1797137969038366,0.2737921122817943,1.4009287778078472,0.5153597676890429
779,25.966407,0.17937077117232875,0.26032415491021577,1.3838026607574312,0.6567183878451364
780,25.99974,0.17703132637116387,0.25691211053867236,-0.5266251528257606,0.3815881201777456
781,26.033072999999998,0.16936845712709592,0.26005200566215275,-0.41117140979416333,0.5609131954268065
782,26.066405999999997,0.17652576805375195,0.2689289762493554,3.828601136344383,0.6124186390328176
783,26.099739,0.1653293343439467,0.2534866701566505,-1.6753818216356724,-0.002913887303813402
784,26.133072,0.16648443086285436,0.2547914418535212,1.869650462334129,0.3644818117242476
785,26.166404999999997,0.1716386813924459,0.26089723645116575,1.8444126371632774,0.2801609803114281
786,26.199738,0.17909486211245587,0.26816144456786906,2.613958335717598,0.385314715655946
787,26.233071,0.17922079960387252,0.27057860115223054,1.2633552879156449,0.17261036365166954
788,26.266403999999998,0.1871538153493583,0.26180035950147745,2.480346449984597,0.23854591814787282
789,26.299737,0.18904808003665147,0.26560350227722956,-0.028318508602604136,-0.12202821913231304
790,26.33307,0.16900148974474027,0.2586770453896944,2.341064525892011,0.19136594478780825
791,26.366403,0.07513489543627527,0.2604750253675198,-3.933554462397105,-0.3955581187627682
792,26.399735999999997,0.07079828090362941,0.249111610461679,-1.131588592149093,-0.15869670595171986
793,26.433069,0.07093833169161982,0.2544890077790065,-1.4997490613348243,-0.2305534419738275
794,26.466402,0.16137462519898838,0.25723270203869053,-3.296639650282592,-0.27865237946760135
795,26.499734999999998,0.16586219388546528,0.25602373462648403,-4.207805377246637,-0.051071423081313766
796,26.533068,0.09563088770847378,0.2500687792279611,-2.3364023614487337,-0.03417209598768804
797,26.566401,0.08598713731177968,0.2505302114395937,-1.7589636213061852,0.6719358371490906
798,26.599733999999998,0.09221989256557006,0.26174185602783434,-1.6574079154000203,0.5269102963015794
799,26.633066999999997,0.10546295658084318,0.25156408967490695,0.026536173327869762,0.806971078000281
800,26.6664,0.07202560837699065,0.2592731211749043,1.7175580049718175,1.2444222484618597
801,26.699733,0.07255866306223067,0.2593743409299082,3.3139014241761244,1.6905221311708045
802,26.733065999999997,0.07266031848172044,0.2596734197326618,2.706821084525904,1.5471784796633028
803,26.766399,0.12294518727801768,0.2700416461701931,2.1908454630964145,1.45825926907536
804,26.799732,0.07043624797421569,0.267605019261673,2.4951309751055835,1.691028745471423
805,26.833064999999998,0.07139724883545444,0.26908381278416194,0.6894585284917699,1.7195265315360793
806,26.866398,0.07224812195769433,0.2639921526016198,-1.3928531181653745,1.5399702285928174
807,26.899731,0.11698727956190157,0.26969905194097027,-1.499683585581302,1.403286911334287
808,26.933063999999998,0.1367890907945996,0.2641500697679267,-3.65418638686525,0.9707696581649078
809,26.966396999999997,0.12876670503413676,0.2635717379286693,-3.9580208243059065,0.8615463755532521
810,26.99973,0.1335126078492401,0.2686686944484441,-3.9581221665828368,0.3803112932531956
811,27.033063,0.14109180493770154,0.26821759735860795,-3.0588192005785237,0.020123954939383206
812,27.066395999999997,0.16550383860066245,0.262456641786537,-1.991869499556508,0.28790218721444205
813,27.099729,0.17035939496606664,0.2765911057314753,-3.2911977073056784,0.11004525746430623
814,27.133062,0.16680714632792415,0.2652382867035711,-3.61713434973546,0.14386494392256455
815,27.166394999999998,0.17147751566147232,0.263349893811381,-3.578101062231411,0.29858214895872337
816,27.199728,0.18411306661867652,0.269118186125914,-2.0551077671489066,0.5335697952979369
817,27.233061,0.19135910115274962,0.2667846523701799,-0.9746434162367175,0.5988161506111797
818,27.266394,0.19085080008351,0.2632513835268827,-1.2351553619008444,0.32321457461178393
819,27.299726999999997,0.19260065037300608,0.25864810225540763,-1.5637152074142653,0.1673281196440656
820,27.33306,0.19473966082787156,0.25424000872052954,-0.09559422272466589,0.20333559996206027
821,27.366393,0.18040777162054936,0.25527916176534454,1.649570695605811,0.3723825912727729
822,27.399725999999998,0.16940664729922403,0.2592772436520486,0.6118476801630328,0.3595120339034052
823,27.433059,0.14580167880598424,0.2525742918842572,0.23598503976870003,0.11076429497755426
824,27.466392,0.09918779389742924,0.2435924050200972,-0.22897247881261842,0.20835313489677218
825,27.499724999999998,0.0749260256724572,0.2508965039819878,0.1614884962132761,-0.029173807003808193
826,27.533057999999997,0.10465747524050065,0.24434412493062743,-2.224438516009854,0.22085585472331237
827,27.566391,0.14751271967025661,0.24870276726280635,-2.1555497593535424,0.32813937048738445
828,27.599724,0.16548309326665908,0.24918010863890466,-4.944823173515087,0.06079931223695662
829,27.633056999999997,0.16557350640477667,0.24049283543830866,-3.099681363005523,0.1265443018772297
830,27.66639,0.16292664954159752,0.2348257726703981,-4.393764944522541,0.13229228935460743
831,27.699723,0.16399171497421197,0.22773535511305543,-5.729034890057273,0.0983508242054618
832,27.733055999999998,0.17127556288279305,0.20360108423437,-5.560387760887148,0.10941171271061756
833,27.766389,0.1728504151938728,0.22335911887023413,-7.519993577293547,0.40968766833709236
834,27.799722,0.1949269087713601,0.21500395309838308,-7.366140077758351,0.5838336489714027
835,27.833054999999998,0.2118153491064175,0.23057007518264966,-11.308403258067477,0.21556553074049123
836,27.866387999999997,0.19910992872340058,0.24296632917087435,-10.637437151829099,0.5644271366903778
837,27.899721,0.1922640087156927,0.24587565578399329,-10.015153429524815,0.6027317323658519
838,27.933054,0.1707573161547816,0.23791258266824641,-12.062389118729522,0.7594612205679426
839,27.966386999999997,0.12192923235764799,0.24497321085739537,-10.041890768013243,0.9591406387710915
840,27.99972,0.07629284968253207,0.22822257119623326,-10.929949129108024,0.8754111546289906
841,28.033053,0.07567336049289956,0.22619344056829144,-12.210858092437666,0.7211826612949389
842,28.066385999999998,0.07467758063466079,0.2272993007455722,-13.77433929111563,0.8078495943690495
843,28.099719,0.08652606516065348,0.22780044985650127,-13.239875838838703,1.089856121701056
844,28.133052,0.17289232389980763,0.24317010284322743,-12.081458313512885,1.3910651652672217
845,28.166385,0.20438044041011352,0.24638503700159692,-14.174174080661867,1.1289559399188376
846,28.199717999999997,0.209325898691366,0.23557615816572952,-15.130387186517227,1.2709342747689012
847,28.233051,0.1974418673757549,0.2455457157016599,-15.647143114133495,1.391626803327445
848,28.266384,0.19912045249918978,0.2375854374364934,-15.868978831895317,1.5923786124677939
849,28.299716999999998,0.19108837837442477,0.24663472371017145,-14.51451934416406,1.7203307175436997
850,28.33305,0.18845724683767076,0.24706474555820335,-14.727730403259901,1.925749315489411
851,28.366383,0.17413377746849407,0.24266939589444375,-13.485280321148846,1.7414923115335634
852,28.399715999999998,0.16641029520922038,0.2509695108736029,-13.135399547636853,1.6337251555195476
853,28.433048999999997,0.16322442594778588,0.2395580506464393,-13.434301536106629,1.8946244541129684
854,28.466382,0.16305869309470308,0.24809768532394413,-14.040619025549331,1.468062016766992
855,28.499715,0.17129276760433296,0.2487950570524461,-13.269000791078572,1.612893921947733
856,28.533047999999997,0.1743493141549691,0.24269937545113113,-13.046147824365924,1.44040007172708
857,28.566381,0.17487914670566293,0.25371598481401864,-14.033742838418725,1.6021796005542839
858,28.599714,0.18313200271937258,0.23806396584220862,-12.833031584281606,1.3273430473151642
859,28.633046999999998,0.18624048078241867,0.24780842850072055,-12.388363267079948,1.2333821914612906
860,28.66638,0.1875186781755626,0.24335036122103462,-11.385227558106404,1.1155040841240942
861,28.699713,0.188692987057626,0.24136441688595442,-10.969787886678011,0.8868609471789428
862,28.733045999999998,0.18490343678133053,0.2370790937987563,-10.652089912217825,0.46146305462273857
863,28.766378999999997,0.18836489565518286,0.2268256853942458,-10.77022577079774,0.6405276241168267
864,28.799712,0.1862599503028735,0.2403076158008411,-9.289261454415062,0.4590990117558334
865,28.833045,0.18874389923252766,0.23692459713796937,-12.103544545297188,0.64313156992204
866,28.866377999999997,0.19074181985425662,0.24939195408937437,-11.916779807893718,1.0145269214766033
867,28.899711,0.187843819361224,0.24728083123065936,-11.58005928366961,1.2610597016065554
868,28.933044,0.18811153425527558,0.24099479707699678,-12.368807299893783,1.2345162840279151
869,28.966376999999998,0.19053225599425017,0.23467190675049981,-12.371048106743103,1.148897285072964
870,28.999709999999997,0.1808934127566798,0.24278010574395473,-12.818224164121077,1.16795816425396
871,29.033043,0.18310060088521743,0.25112693077470516,-12.456646475258838,1.2303437543519995
872,29.066375999999998,0.17305967689242993,0.25131279065974255,-12.644559898909629,1.1773761532144589
873,29.099708999999997,0.17369711416784583,0.24584817900344808,-11.773271744299539,1.4229287920842606
874,29.133042,0.17247992064662493,0.2488447624004726,-11.772886276323664,1.0818434661739975
875,29.166375,0.16916813983191334,0.23385854163782882,-13.324959970140963,0.9799411127584496
876,29.199707999999998,0.16941181630172303,0.2551236646007967,-13.239560588745714,1.0278845479232837
877,29.233041,0.17622695866505864,0.2539418691507743,-11.623549962036188,1.404478505170897
878,29.266374,0.18503900606025978,0.25240699305788306,-12.601839909418171,0.918750653436549
879,29.299706999999998,0.18735900661944416,0.26193212848067204,-13.075383371699639,0.8746182720337894
880,29.333039999999997,0.13648194573929293,0.25479817785372555,-9.874440388733843,1.3471478112471784
881,29.366373,0.0802771016918826,0.25519085621426674,-9.511312149699057,1.4453512996864704
882,29.399706,0.1173931220104709,0.25978642300193866,-8.666584945094426,1.6028231747228034
883,29.433038999999997,0.16670464763825293,0.2587770487661113,-7.132360077098508,1.6872652911384536
884,29.466372,0.17296807275542642,0.2526449400098286,-7.077239933608234,1.1323237264081698
885,29.499705,0.140307371437836,0.25747765714360593,-2.5516102277864103,1.6619669503112662
886,29.533037999999998,0.09589047040593816,0.2619837318211372,-6.147620492748475,0.8525847367497943
887,29.566371,0.0921679019260699,0.26367936534504005,-5.268027718403518,0.4190717756513718
888,29.599704,0.08796696476531614,0.2498150236066708,-4.3955161107569785,0.4816834295670373
889,29.633036999999998,0.07573394719249853,0.2527853085328272,-1.8364483323740692,0.6907634375286439
890,29.666369999999997,0.07082764642480399,0.2533637342225025,-1.8901794580930813,0.41880715429851556
891,29.699703,0.07005418928793762,0.251402820505432,0.2991983316113058,0.5539703221935923
892,29.733036,0.08814417755128898,0.26322280552259497,3.2590376774602725,0.5442753868085262
893,29.766368999999997,0.11818244543907067,0.2551318463386203,3.6911303745871247,0.4661253621670713
894,29.799702,0.08725773449519235,0.23998001758917295,0.2474687489727351,0.428712318447383
895,29.833035,0.07068270945478379,0.2475835941378677,1.2498767115279688,0.5626263828105378
896,29.866367999999998,0.07036684010578573,0.24024952753670453,1.7308210166565932,0.6118763864075791
897,29.899700999999997,0.07098205195924606,0.23696906269856816,0.9583601373306737,0.6403146629862065
898,29.933034,0.06880389347584978,0.23539842066526812,2.482884406979628,0.9262606917283506
899,29.966366999999998,0.06971688342753969,0.24206687593152112,2.8525728292978605,0.9836837683758084
900,29.999699999999997,0.07512385533167883,0.24144991208133051,0.3428830337535516,0.7797543132060428
901,30.033033,0.09833177461733837,0.2301371028334219,-1.4687240066047993,0.8475525272689544
902,30.066366,0.13258555938946834,0.2314861313049564,-2.4488308353816644,0.7362235887547611
903,30.099698999999998,0.16254878880494564,0.24384463997960812,-3.4017012899828627,1.0836274326028499
904,30.133032,0.1866774854041245,0.2527042583351428,-0.906709620537661,1.2194303808158735
905,30.166365,0.18708298126753772,0.24879568566970428,-1.727546079643554,1.1630234044197814
906,30.199697999999998,0.18482378967411642,0.2396308172160423,2.0208802901162195,1.2948950740172005
907,30.233030999999997,0.18366811218913048,0.2423474159376138,-1.0850466217725638,1.2823737558185757
908,30.266364,0.18723555241024767,0.24696682140110748,-3.006519790495773,1.3232640117881167
909,30.299697,0.14562222842771266,0.23079929359230789,-0.7648008163851253,1.497829518873134
910,30.333029999999997,0.07174956952818612,0.23322927152038303,-0.9562791303582563,1.5050242611894957
911,30.366363,0.07093381703684194,0.2250783700479987,-0.9299577242672301,1.5805819326845432
912,30.399696,0.12541551967429626,0.22852744765904856,-4.553681792657123,1.2741061236398643
913,30.433028999999998,0.2010622404212765,0.24085751530864966,-3.6844732865804257,1.1325779927020436
914,30.466362,0.2286661901583698,0.25330839303723474,-0.16374009224729974,1.732029569971732
915,30.499695,0.2020649583779806,0.2500458545110707,-1.0815334811737405,1.517878677085264
916,30.533027999999998,0.1921742224265645,0.2579497479053682,0.6742285071165183,1.1393954565444548
917,30.566360999999997,0.1757349774145422,0.2478990684611302,0.9304436611805081,0.8270213232437896
918,30.599694,0.16857487882964367,0.2558897323945574,3.0381500324456665,0.7093011407259584
919,30.633027,0.15900881969157005,0.26185105566977357,3.974199131391829,0.3220387456727547
920,30.666359999999997,0.1553614206714732,0.2547245683745149,3.116849675973591,0.3367343570992398
921,30.699693,0.15193742890388132,0.27014849722004697,3.038373995656034,0.27726038399256225
922,30.733026,0.14580311382130595,0.28222964597528655,3.6948657835800103,-0.0734583959974243
923,30.766358999999998,0.145587154901168,0.26458930730403746,1.3072442910998703,-0.13054021213128195
924,30.799691999999997,0.12704490263478077,0.2630291759806978,1.3736219129093865,0.08213817769590681
925,30.833025,0.11161837356911644,0.2617825075903838,2.407578998601125,0.13473006393554288
926,30.866357999999998,0.09258013506129414,0.25464468296267073,0.13495158600085,0.09461954882309294
927,30.899690999999997,0.10174946324582188,0.2407850352492277,1.719700871670937,0.64892156344797
928,30.933024,0.12000739996703971,0.24284446252672537,-0.5291340990938732,0.6889764915813128
929,30.966357,0.16118692526901332,0.2649157987544471,2.609398066467253,0.9953667897438614
930,30.999689999999998,0.1793616346199423,0.24799823076928984,-2.7350242815768593,0.8426864173305296
931,31.033023,0.18039288436038137,0.2587485907694414,-2.7525278400484994,0.8056438838104191
932,31.066356,0.18784411277268756,0.25154407144443647,-1.9873993738489995,1.0659216630080242
933,31.099688999999998,0.1999482345986138,0.27175950085707196,-2.732951425065477,1.1501415371277595
934,31.133021999999997,0.21864355250925158,0.26775391186150954,-1.4679095956705777,1.3537434031668605
935,31.166355,0.1824370056026175,0.27059447291067407,-2.570076387863065,1.575469117039947
936,31.199688,0.13409205395562793,0.27311143486411354,-4.360382092323529,1.0879809194342913
937,31.233020999999997,0.11255767533461766,0.2569162583008008,-2.7515877128853425,0.7517454769733196
938,31.266354,0.11556026068347963,0.2641824319086303,-4.559805608740079,0.6439342706981657
939,31.299687,0.14626757270815136,0.27301165633279284,-4.766347808132234,0.4987247848912658
940,31.333019999999998,0.164661331592493,0.26667884502634814,-3.637327625425821,0.36192950436065746
941,31.366353,0.1537485942462647,0.26353223892110145,-3.660294849291597,0.42793617526901895
942,31.399686,0.1277164209184643,0.2580967829396641,0.8187774438023034,0.6559016872214987
943,31.433018999999998,0.08130185891001204,0.2716424539155877,1.4711326476809496,0.9509675536951574
944,31.466351999999997,0.07341057714567113,0.2653894054208399,0.8667335761337274,1.2819369934029232
945,31.499685,0.07415289913054048,0.2721320913438368,-3.265312739927912,0.8242157781233758
946,31.533018,0.10626474044170368,0.27350734971176494,-0.4619834081313377,1.149039478426195
947,31.566350999999997,0.11761276445799686,0.2692154656009972,-0.7234329198097329,1.123856668775235
948,31.599684,0.13255162921692026,0.2714668991476475,-0.8312402536824842,1.2154277279264964
949,31.633017,0.13829339005951594,0.2635730639737819,0.07426377455142286,1.3919728699136866
950,31.666349999999998,0.1435139800334707,0.20672153034802376,4.839634171738016,1.701764133480666
951,31.699682999999997,0.13780938309455185,0.06578159576777722,1.4328004679893716,2.7145262886391968
952,31.733016,0.13634651285756796,0.1349613991254396,-1.8751285133239166,1.8281674222469868
953,31.766348999999998,0.12995547168908061,0.18202473649965026,-1.0333429624683386,1.772589238602726
954,31.799681999999997,0.12439048707332978,0.21466134187158117,-5.038250150837706,1.5571392550620493
955,31.833015,0.1312215117221414,0.23155628979663806,-3.907938863719037,1.6799504049772032
956,31.866348,0.130917381172606,0.2343651461905965,-5.364673268888595,1.783093890698952
957,31.899680999999998,0.13457306601364166,0.25210733804485297,-7.40944049594334,1.653535107445215
958,31.933014,0.1514508847006012,0.2467131022723197,-3.450926295257676,2.207185212038553
959,31.966347,0.14812306219010282,0.2518712845345333,-4.128576699102491,2.334900941800702
960,31.999679999999998,0.15406813393901625,0.258508309136701,-0.6355310124073549,2.6850039475865795
961,32.033013,0.15950778014024075,0.2525620681711666,-3.3630504015514204,2.7443109279627214
962,32.066345999999996,0.1584219938665838,0.2698802173600624,-4.104624263339902,2.3391058470877244
963,32.099679,0.16364827796423528,0.26053221634093726,-3.403817331793698,2.461821374130929
964,32.133012,0.16123695538272104,0.26417633806094454,-4.603077780256604,1.8532038123548529
965,32.166345,0.16825346036515315,0.2684878662491812,-2.825248493355145,1.724184811047585
966,32.199678,0.15955091368423077,0.25709237384878453,-3.9048024619210135,1.5462173030720254
967,32.233011,0.16165940581314908,0.277408779723922,-3.4774409220288667,1.0825334746861868
968,32.266344,0.16212015768766347,0.27568321128384915,-1.5069926655905397,1.0164453541252232
969,32.299676999999996,0.15942178946446062,0.2769105506276785,0.22595114407945946,1.3354365477210948
970,32.33301,0.1630646756054342,0.28543387875768655,-1.0886170479784891,0.8695014307407577
971,32.366343,0.15620334976728792,0.2887685430877278,1.369047053071396,0.8890969102071389
972,32.399676,0.16955109916955044,0.2971553529037656,0.36643039264235305,0.42928434270952487
973,32.433009,0.16344958205283652,0.28343683592492525,1.4041303379833672,0.7049087556745304
974,32.466342,0.1651839102904118,0.30784213656491166,0.46592712397792446,0.2931677120862336
975,32.499674999999996,0.15838650019659523,0.29417517682810945,1.8708821007907976,0.6985983147468997
976,32.533007999999995,0.16951691218244105,0.29164961868880634,0.689182101065189,0.32796292354933543
977,32.566341,0.16941131444617963,0.2809732927819697,0.9429290811768356,1.0058917525515192
978,32.599674,0.18103006288153822,0.2858943089295497,2.526760070162613,1.41882966321811
979,32.633007,0.19354832612677816,0.2898814394428788,3.294978652598599,1.5012166175755974
980,32.66634,0.20478142737862232,0.290262316970442,2.569342430004026,1.5375260564612028
981,32.699673,0.19421439442107635,0.3051681218437351,2.8635530115244134,1.7638209652094083
982,32.733005999999996,0.1987063843911891,0.2986035563374568,0.35095067154824006,1.3868771555140338
983,32.766338999999995,0.19065243416105976,0.3036565196170037,3.171692763064953,1.4804177256873012
984,32.799672,0.1872752783754153,0.3087127827054962,5.217498811057865,1.5656761830712445
985,32.833005,0.17989770531035798,0.3059613000829056,3.9748656045660407,1.7283580694535057
986,32.866338,0.18470289253196853,0.3101972684243247,6.452721543220671,1.7762100088276558
987,32.899671,0.2003965309376804,0.30694986935915314,6.978130654634618,1.6445305513193986
988,32.933004,0.21053943801850408,0.2844713043661447,3.244530087680029,1.010899391972962
989,32.966336999999996,0.21218865774988124,0.3015261318209569,5.188605666746822,0.7894782154238499
990,32.99967,0.20809230434318665,0.3067741696441339,5.873575375751677,0.9200747570825966
991,33.033003,0.2076778535644121,0.29548470382376,8.63545259090783,1.1446713147728877
992,33.066336,0.19350786086521063,0.2910459339293485,8.457025632388591,1.012071701948875
993,33.099669,0.17918433110182047,0.29037711279939293,9.175749694676245,1.2910103384569713
994,33.133002,0.17372633880507182,0.2778251854258127,10.705182429502173,1.8260285651807313
995,33.166335,0.16874616982117158,0.2822947718506893,12.327643013074056,2.343748025288921
996,33.199667999999996,0.1674582320646213,0.29045960511733104,13.0221517946099,2.526149048292337
997,33.233001,0.17219445685531612,0.29594634463363345,13.70611241962224,2.7381714953518657
998,33.266334,0.17296858972211288,0.2825964326014708,14.86247126276742,3.0397056013426793
999,33.299667,0.16813998019410825,0.2881244343711155,13.639634317150538,2.8666619820360895
1000,33.333,0.14915149842177594,0.2905838562849703,14.61559959887248,3.1138372111691495
1001,33.366333,0.1315261899915423,0.28395655828602984,13.562247137124247,2.9227418283935296
1002,33.399665999999996,0.1265113209472214,0.29173081677255025,11.108535382312098,2.6050686662800357
1003,33.432998999999995,0.1266089481154699,0.2834816534289327,13.408472987154353,3.1470150018944483
1004,33.466332,0.1385977594456462,0.2769732602893641,11.72532720281915,2.887072960561788
1005,33.499665,0.1069523008016327,0.2754620311749372,12.916410809882873,3.2760911641185997
1006,33.532998,0.06742400465756075,0.27009789390998185,10.889541460929879,3.4231945033013016
1007,33.566331,0.07074116298619038,0.27299554974080115,11.071469150586365,3.8012061408785467
1008,33.599664,0.13720178925636786,0.267281796050154,7.919916587817555,3.5763551625720003
1009,33.632996999999996,0.20187499660299474,0.2731687116679019,6.154137097321608,3.759414243890347
1010,33.666329999999995,0.19022718418730675,0.25191517571548827,6.417429677443324,3.67306035021793
1011,33.699663,0.18677404634452663,0.18106136585342336,3.406358394695003,3.095902011348531
1012,33.732996,0.16353163486607178,0.087106966843888,1.9558112153921088,3.109474918817408
1013,33.766329,0.1689689731943138,0.11757413847249529,4.389633549137823,2.7162065321773734
1014,33.799662,0.1794583833520048,0.17190293867769585,4.742859175109414,1.7335412719485117
1015,33.832995,0.1806981071732565,0.20586447902742308,2.2690759311681106,1.5079924027021474
1016,33.866327999999996,0.13808759173898646,0.2194986927137476,1.571207071516727,1.2004031268604702
1017,33.899661,0.07166685062774134,0.22441509026848594,2.355250869013765,1.0983443781751654
1018,33.932994,0.07221236428357204,0.22095095647660767,1.375724418163436,1.111732850732797
1019,33.966327,0.07259904985366217,0.22520984805454947,5.179717853297571,1.4251937335903375
1020,33.99966,0.07135558163157533,0.22454648371272762,4.304018118177922,1.5497755319712943
1021,34.032993,0.07025127897703619,0.23258689462878285,1.2101297215297735,1.2383021853205125
1022,34.066326,0.10231486728271616,0.23587797612568387,5.241303607618344,1.673701260279731
1023,34.099658999999996,0.12350443832825522,0.22365222524825285,5.281235580327155,1.1250795055354714
1024,34.132992,0.15460216430484094,0.24132651918551712,3.980902626310875,0.4261959043796495
1025,34.166325,0.17426626257359903,0.2308492690798407,9.04323046176044,0.09631937954317028
1026,34.199658,0.21528380487928608,0.227284077483838,7.915028935704818,-0.5540777436047967
1027,34.232991,0.2307698146752064,0.23513575468856512,9.8378248988666,-0.7049288101360648
1028,34.266324,0.22683492177974982,0.22792579778461253,9.371229265756554,-0.8090500573311074
1029,34.299656999999996,0.22783790262259776,0.21515342868243137,9.007798913368983,-1.175810149330572
1030,34.332989999999995,0.21514131786598092,0.22829452568225878,8.930463508493878,-1.065442070738947
1031,34.366323,0.20766332756693015,0.23502999268344343,6.834438548965573,-1.4757973995586573
1032,34.399656,0.20891772115990903,0.24406237492680474,9.907883722677074,-1.5642620289081415
1033,34.432989,0.20040019267036308,0.24691675532487592,8.72431949488179,-1.4694493690942148
1034,34.466322,0.2021965257461671,0.24412922764848075,5.560987428620538,-1.0842860188910248
1035,34.499655,0.20227830578767117,0.23435923696882588,3.8726468732771178,-0.43617875955384633
1036,34.532987999999996,0.19732562648541968,0.22511952529569845,2.769143607893537,0.13457846508654248
1037,34.566320999999995,0.1918753627636854,0.2412353538085955,2.657252743884965,0.45083360879725504
1038,34.599654,0.19062044628151661,0.22296928434282817,1.7145063318672262,0.3114069024011278
1039,34.632987,0.19123412397517217,0.23573295570281516,-0.48247272380948464,0.8459196572223285
1040,34.66632,0.17457172032631818,0.2279037920021434,-0.7253688809416097,0.9202474288338143
1041,34.699653,0.14790729087053905,0.2354997468987117,-1.4498658852086417,0.5700565980221128
1042,34.732986,0.13479660213496023,0.2435706534435566,-2.8610393773766383,1.0378867851551563
1043,34.766318999999996,0.11089016938391238,0.2345534503640464,-3.37323533397378,0.9142174720897497
1044,34.799651999999995,0.09611972941326263,0.2386702996053362,-4.095888609150021,1.146528596825339
1045,34.832985,0.07296805369370866,0.22073030648618264,-2.2773474151907274,1.4635980059662757
1046,34.866318,0.07509908023722338,0.2207300117530344,-5.7661330380410325,1.3423559766409674
1047,34.899651,0.075231540195105,0.23044001048511004,-4.2246318940506375,1.7206826279172005
1048,34.932984,0.07455628258713881,0.23290378541723344,-6.333615188392622,1.546191424533394
1049,34.966317,0.07372724180449647,0.2312012554211726,-8.060183429933156,1.2169079449654836
1050,34.999649999999995,0.08308137861484505,0.2343495211937159,-6.125534751631191,1.4397051520183992
1051,35.032983,0.07196805521038442,0.23978987104934307,-6.150125759559303,1.4086642673735261
1052,35.066316,0.075980754068576,0.2349632894724304,-6.550493592826723,1.4690041293719998
1053,35.099649,0.12593050087750884,0.2310100750701346,-7.42828561182237,1.1539311434873065
1054,35.132982,0.16990716052837973,0.24685283550649756,-8.044610821038647,0.946253545101031
1055,35.166315,0.1929034470252586,0.22827481808287023,-7.6103806205448965,1.116636449264714
1056,35.199647999999996,0.19932406117125712,0.24313996695123363,-6.347529808903416,0.700349822402901
1057,35.232980999999995,0.19476618110718782,0.23542312799342094,-8.720558755359061,0.7686486392895698
1058,35.266314,0.19077330836052334,0.23943061216219594,-5.527549398125905,0.7352651977626746
1059,35.299647,0.1858566869742889,0.2376711710017879,-6.1643246198556705,0.36717551476871113
1060,35.33298,0.1819893205613554,0.24001155384545453,-4.765145334518168,0.5523774539265662
1061,35.366313,0.17739835237341856,0.241007341705812,-4.851274651934352,0.41306815244011813
1062,35.399646,0.17546730497703347,0.2447216524714195,-7.103282521289915,0.3592393671622244
1063,35.432978999999996,0.17274444911051104,0.2321937823910707,-5.098896102039093,0.2643693717808498
1064,35.466311999999995,0.16371032132065277,0.0937226538936714,-2.927866670646691,1.903023516438597
1065,35.499645,0.16729068576215606,0.10216492825212951,-3.9843950421712258,1.8547629920763429
1066,35.532978,0.1741547183384068,0.16093664652490625,-4.5322939385415735,1.205970532999365
1067,35.566311,0.17291291164294306,0.206003945586215,-7.440280220242499,1.022583637239782
1068,35.599644,0.18644634714761546,0.21494865977729655,-8.059445660714642,0.9223412068112541
1069,35.632977,0.19939979874212949,0.22705974397402703,-8.338785250872082,0.8663034764141042
1070,35.666309999999996,0.2040360679402914,0.23360801614273882,-10.287518999081671,0.7563108788327946
1071,35.699642999999995,0.17868594075895702,0.23729269274368678,-6.954160576744542,0.952134947496845
1072,35.732976,0.07189775700115408,0.2279605782397219,-8.20388742701364,0.7691005685903496
1073,35.766309,0.07343834453573726,0.2300829674880692,-5.368905693559514,1.018093219082569
1074,35.799642,0.07196964824352958,0.23937830389446907,-5.320473006005328,1.1697172649392444
1075,35.832975,0.10761751304811878,0.2551511795113933,-1.0229773871891947,1.4739196811732778
1076,35.866308,0.1346042738135968,0.24465435683863887,-3.8673005931351607,1.103546172948923
1077,35.899640999999995,0.1572539949424014,0.24717801131871397,-6.626718258809561,0.9554473882543348
1078,35.932974,0.165653468048337,0.23695452977404496,-6.149816445622788,0.7495791139659744
1079,35.966307,0.17193445255471543,0.23786268994879015,-7.259217681481783,0.6294611908995478
1080,35.99964,0.15687196479338628,0.2378530744537255,-6.939358910929591,0.4583702871219042
1081,36.032973,0.07123965270534106,0.23960424582279183,-3.091782470885673,0.6746723339335169
1082,36.066306,0.07206951702810988,0.2552994458036997,-0.7342542945883946,0.3466699341586342
1083,36.099638999999996,0.07106401322209736,0.23539623427384962,-3.8971844892728846,0.22096123766455428
1084,36.132971999999995,0.07345832290185061,0.2435646252120228,-4.818816591539822,-0.23823975461213934
1085,36.166305,0.07208873268001714,0.2396755859117132,-2.8065259198195545,-0.21847871850796236
1086,36.199638,0.10597206764607685,0.229272700822726,-3.236764870723841,-0.39510067931345816
1087,36.232971,0.12423800219143558,0.24113543821553318,-1.6976722405298161,-0.6400915303564197
1088,36.266304,0.1431141173578732,0.23942565418542572,-2.463506521456515,-0.6120178575793388
1089,36.299637,0.14382211876211984,0.24206756778139793,-4.2914220347408705,-0.5212818730803843
1090,36.332969999999996,0.14527904483896056,0.24279503675483505,-4.973362870826078,-0.41144961376305283
1091,36.366302999999995,0.14196102215388942,0.2531968614569857,-5.272712213639075,-0.09970533467156589
1092,36.399636,0.13616700070467058,0.2401299504944665,-4.653446773314976,0.24461024887157565
1093,36.432969,0.13455992766781139,0.24662334191993024,-3.9355610624387722,0.7976971646516791
1094,36.466302,0.13570679130801427,0.24725929461196527,-4.944994296123065,1.0492665339516114
1095,36.499635,0.1332141541844513,0.24707804438851483,-3.0710105386406537,1.5390749963232473
1096,36.532968,0.1355129562303171,0.2395153339328156,-1.905497682233777,1.7519772766807582
1097,36.566300999999996,0.132425277242017,0.19342468645176103,-2.0551469299962726,1.9208897001074043
1098,36.599633999999995,0.12766463026042293,0.09369811453232224,-0.2700648129054205,2.4597379897160248
1099,36.632967,0.13465192716404684,0.13570585020481973,-2.5685455528245207,1.9624047614155835
1100,36.6663,0.13241974733799244,0.16324450571603208,-5.671230765526423,1.5392679525643822
1101,36.699633,0.13086722607494866,0.19775855779304627,-8.585292950229286,1.4939799892413952
1102,36.732966,0.131516973644303,0.2163954764684748,-6.213392471920378,1.6063105753392766
1103,36.766299,0.12995399868075494,0.2097836650475133,-7.018020061878381,1.509255930031924
1104,36.799631999999995,0.1256433544347936,0.20414240418127705,-7.521156918670261,1.4080753846352898
1105,36.832965,0.13233458014566749,0.22619987296152583,-7.042181799296899,1.1510205038179073
1106,36.866298,0.13465622659063342,0.21666176814692575,-7.4814308261223665,1.0840608053957066
1107,36.899631,0.13757881619820117,0.23670502225050422,-5.147304791642411,0.9781410864481375
1108,36.932964,0.13414178679353356,0.22855001155080112,-5.46299559722133,1.0188405081218022
1109,36.966297,0.1309144011054443,0.22466156356937056,-6.330669739481281,0.7350045576532067
1110,36.999629999999996,0.13407036200843708,0.22213368447143417,-6.228935087115098,0.6530714796501932
1111,37.032962999999995,0.1312499191928993,0.25125353968743735,-5.549181381068842,0.32467424619570134
1112,37.066296,0.13228328146046797,0.2325695130185092,-4.982690872671491,0.163250049986042
1113,37.099629,0.13094887245585532,0.23364169345968044,-5.897435157958783,0.14349713973265757
1114,37.132962,0.13422404445601996,0.23957963325796275,-6.16238007041539,0.17227650139669104
1115,37.166295,0.1278697592662669,0.23687569838302636,-7.8471933560316485,0.22850536505793323
1116,37.199628,0.13030526454972716,0.23281856397298822,-8.824583416817118,-0.010044303667747846
1117,37.232960999999996,0.12800855181784154,0.23291401499945635,-7.097287501771576,0.6663607280788122
1118,37.266293999999995,0.1255987211359762,0.2319795009414314,-6.820644060795876,0.6631640831521738
1119,37.299627,0.12932054170691748,0.23149526428850872,-5.645576680531338,0.7148611726159878
1120,37.33296,0.12330658377237383,0.22750238212527796,-6.844506548192105,0.8384556180122738
1121,37.366293,0.12308687429359019,0.2309047584100038,-6.4580845605688,0.9336875840063249
1122,37.399626,0.12606585723516683,0.2314969108125281,-4.51606858734673,1.3518542323339944
1123,37.432959,0.12151256222637737,0.25830785712811977,-4.757138092967075,1.0943841318677643
1124,37.466291999999996,0.12980223154346832,0.23586881154161127,-4.539489661606282,1.3102760367429784
1125,37.499624999999995,0.130779769684901,0.24424598793100305,-6.209143294026978,0.8703998927585789
1126,37.532958,0.1289278780313728,0.24400847203455944,-5.2802957062935185,0.9571611261499603
1127,37.566291,0.13047514431366655,0.24847734289152795,-5.340525034531097,0.6038682090534121
1128,37.599624,0.13451163417435102,0.2589449431611895,-5.197118229119819,0.5825252150901111
1129,37.632957,0.13213839033128996,0.25922867491280865,-1.0076299803992732,0.46989193727750816
1130,37.66629,0.1386934750820467,0.27070556830219905,-1.910959133444855,0.28025842933743217
1131,37.699622999999995,0.15107701456106692,0.23677510457397039,3.5507092359697188,0.19738657063559026
1132,37.732956,0.1682544111868956,0.10919562806784096,-0.01957879729238102,0.3702787537277921
1133,37.766289,0.18887272068457794,0.11131224019377892,1.524573801134642,0.3006906240988391
1134,37.799622,0.20225672594315153,0.1880947291463354,-2.6118674061436242,-0.5613367116590893
1135,37.832955,0.19983110682751157,0.1958060648145023,-3.4689356095721156,-0.7064834514030333
1136,37.866288,0.2053952035830735,0.2210735410679794,-2.9079907313736557,-0.5024384358590467
1137,37.899620999999996,0.21772116415035725,0.23154864753591314,-4.674634235794268,-0.7620668303271821
1138,37.932953999999995,0.2391586938057905,0.25095090334636827,-7.975604964913955,-0.9349420292097156
1139,37.966287,0.25434615686174444,0.2483287600525802,-7.24924682737101,-0.7750362549960403
1140,37.99962,0.268515944099548,0.24596264291409153,-8.908301670370026,-0.5775426339081295
1141,38.032953,0.28869150537897503,0.247357919157939,-9.97491676634228,-0.7373321344801955
1142,38.066286,0.29213038015809056,0.2451281618227653,-10.047737960775267,-0.5761633464977453
1143,38.099619,0.32262559316187694,0.251702204247798,-9.445346111774692,-0.29863216446608243
1144,38.132951999999996,0.33931743486984967,0.25261306532039113,-10.433209563037199,-0.3088528164564201
1145,38.166284999999995,0.3750144512787219,0.23983152414229858,-6.2271411877431575,-0.10373393111544861
1146,38.199618,0.41629511397816693,0.2347982113508053,-13.15585508638895,-0.13391260507513258
1147,38.232951,0.43556682965695986,0.24008562981383907,-16.205199141911688,-0.4279036968119816
1148,38.266284,0.481071727721111,0.2382981326832135,-19.019188908332747,-0.7757756565669451
1149,38.299617,0.5228182833837246,0.25114355942325184,-18.878870660675553,-0.422314571842325
1150,38.33295,0.5321737238866434,0.23675278325921748,-15.794490617564113,0.017858887455182562
1151,38.366282999999996,0.5826856395184659,0.23473850407102975,-20.422133038178366,-0.8115897014996035
1152,38.399615999999995,0.5849133491344755,0.24462714857549567,-17.002333510446643,-0.15963179705613065
1153,38.432949,0.589761163715449,0.2215140351484145,-19.801999950117043,-0.9137694031042448
1154,38.466282,0.6065987159244948,0.2252166763901371,-17.184646787470122,-1.0298304715747923
1155,38.499615,0.6037775757582057,0.21684317917340068,-10.997571158022986,-0.183269387833742
1156,38.532948,0.6319577915547974,0.20242345748597512,-14.897735887499199,-0.4177989115505005
1157,38.566281,0.5867312062322566,0.20370525141117782,-8.754671838801702,0.08413521384375461
1158,38.599613999999995,0.6034085744595858,0.19765696813373038,-8.416207002371022,0.29870735817032235
1159,38.632947,0.6079312912601208,0.21894065844980018,-14.293560704004866,0.010765191192908065
1160,38.66628,0.5953834984518043,0.21821171006148923,-16.07023932004439,0.026930032459754488
1161,38.699613,0.5925648413785078,0.2322876598281221,-16.956133096762528,-0.321038919861375
1162,38.732946,0.5736075363568255,0.2053939040253991,-10.357171240155623,0.21448176252148696
1163,38.766279,0.5595734972825444,0.18923139986400378,-14.160756238797077,0.2596389401434361
1164,38.799611999999996,0.5777446064501199,0.19162491773938206,-16.054445166165248,-0.1246275732977007
1165,38.832944999999995,0.5433033765830797,0.19728286436438036,-11.894752392901212,0.47189597706954595
1166,38.866278,0.5457213822381006,0.19705399180574315,-18.60891280569073,-0.7862756448955277
1167,38.899611,0.5761443753819231,0.18916564584898887,-15.796911448370121,-0.819899033530427
1168,38.932944,0.5462809716176285,0.2104510819218925,-14.19116795566629,-1.088562081312179
1169,38.966277,0.5788925098098121,0.2200842707594477,-15.69662396818019,-1.6585446921514546
1170,38.99961,0.5672247101616025,0.2301884692667946,-12.548341291284775,-1.9346959144729483
1171,39.032942999999996,0.5897236803937916,0.24078017941299304,-13.100045526546426,-2.685455432172283
1172,39.066275999999995,0.6013030086027672,0.2327829505337195,-14.028692214952216,-2.8303670618318084
1173,39.099609,0.627782125583639,0.24231486624250143,-4.74148828528452,-2.3848416356029896
1174,39.132942,0.622526864956414,0.2353134353205265,-9.11969882755918,-2.712144272754296
1175,39.166275,0.6153810848819009,0.2334694958638256,0.12760106828846113,-2.134942544728842
1176,39.199608,0.6341430762433049,0.2316101082326117,-7.515208531016954,-2.3869591080941235
1177,39.232941,0.6454173140161327,0.23484918083440795,-2.248421053945091,-2.344773905649454
1178,39.266273999999996,0.6263342725575561,0.23235656650440945,-1.5112936269017303,-2.428755691814737
1179,39.299606999999995,0.6164955633251549,0.23334522365513646,-2.184178547532278,-2.296238093106805
1180,39.33294,0.5917406263907811,0.22949008576542018,-3.1341905589844044,-2.486769866621456
1181,39.366273,0.6017964434439977,0.2356157910997152,-6.09968376703685,-2.4734728138390807
1182,39.399606,0.608227686561934,0.2297363145273233,1.6100787830128422,-1.7764487102445738
1183,39.432939,0.6031528193485144,0.20863388831546614,-0.018401415424403007,-2.078494033596713
1184,39.466272,0.6077693756010395,0.22474541679237403,0.8399856336196325,-2.0177460155782567
1185,39.499604999999995,0.6248532503967161,0.21911159085402676,4.073069054168915,-1.8727718208667028
1186,39.532938,0.6049230049614958,0.2220998260962409,7.003909251260112,-1.4723205445310537
1187,39.566271,0.6090465824340374,0.21194902832821827,2.974037835521313,-1.7254188161414252
1188,39.599604,0.6065715202976694,0.21680123187208447,1.6030856297530764,-1.630907761086728
1189,39.632937,0.6301892420660594,0.19629832763613717,-5.5064540943249725,-1.925577859110474
1190,39.66627,0.6295712024442014,0.22543958619559623,-0.7882054247550349,-1.7314628210598064
1191,39.699602999999996,0.6423445184626166,0.1928227746704374,-4.936640365806015,-1.8568364692259196
1192,39.732935999999995,0.6219835552543409,0.23328030020281676,-2.6158096182118196,-1.7612242933163056
1193,39.766269,0.593566618819932,0.20693354409113077,-6.134745413471003,-2.063221209696942
1194,39.799602,0.5940038418540408,0.21052891573700705,-3.7866629214457337,-1.43975499827986
1195,39.832935,0.6005484774844584,0.1919490335537805,-8.108910481451543,-1.9308058419686813
1196,39.866268,0.6065412812305291,0.1912180034606277,-6.122432023347424,-1.774870036159492
1197,39.899601,0.5992168910981021,0.20049181067602373,-2.802098440784725,-1.6455096541083805
1198,39.932933999999996,0.5969572088673073,0.2149801978560839,-2.967910156439296,-1.5204174723296031
1199,39.966266999999995,0.5889542271868068,0.2145290635996903,0.9626027718351801,-1.4691841708695792
1200,39.9996,0.6012714764572081,0.1948729475710373,-8.691923420565095,-2.0355540502838587
1201,40.032933,0.5858925806454746,0.1943405811576116,-5.964011674483653,-1.6532221930653515
1202,40.066266,0.5762531648693624,0.20929151019558334,-5.637111812480067,-1.5227753995652342
1203,40.099599,0.5795999713724167,0.18470077994183393,-6.299187208661315,-1.7361976846634872
1204,40.132932,0.5586004441487895,0.19506816717936187,-6.025661593259844,-1.6145302139702582
1205,40.166264999999996,0.5626290462825551,0.20489585236667596,-10.895170120226132,-2.1164706069229213
1206,40.199597999999995,0.5638413253514358,0.20952361442372347,-6.291189739471191,-2.0598732506604893
1207,40.232931,0.5916115620802178,0.2147176560624906,-1.2465875303967169,-2.088427442131994
1208,40.266264,0.549520475534592,0.2270521723851392,-6.470676483636887,-1.9756794359575702
1209,40.299597,0.5357390601306228,0.22648615576572304,-2.361706981317643,-1.5985938700518836
1210,40.33293,0.5323202300732404,0.2209840149700819,-6.4313469594549515,-2.165688550439401
1211,40.366263,0.5327310613018582,0.22322623465391966,-2.294353519328901,-1.9152421226596372
1212,40.399595999999995,0.5430092023105361,0.21881310661035264,-6.70762489471958,-2.5163219961119467
1213,40.432929,0.5349085921833862,0.2166943240035792,-5.820558461620536,-2.6363436929414332
1214,40.466262,0.555528714028588,0.22680542715093097,-7.250086454752648,-2.9153907310953016
1215,40.499595,0.5260053156406522,0.2309238811272086,-4.796588161586131,-2.877352950395265
1216,40.532928,0.530289568126772,0.2242876384355501,-6.323847514241774,-3.194010519922498
1217,40.566261,0.5543384440591684,0.2348729125727108,-2.4510692078337453,-3.1823185599451063
1218,40.599593999999996,0.5425427880409722,0.1933402924172153,-7.75134484637494,-3.2665076152404917
1219,40.632926999999995,0.5398621154319244,0.2020330759343831,-4.125272798419908,-3.541774798782822
1220,40.66626,0.5385286179681261,0.1794673394494942,0.0037648266843306162,-3.6261800792905023
1221,40.699593,0.5301810183827937,0.18087685882888732,1.4578828860076387,-3.6444938036381047
1222,40.732926,0.5176345511782177,0.18643507654538052,2.3373641808627834,-4.17019610928312
1223,40.766259,0.5300578102146133,0.19427613969330168,8.44271276871951,-4.112171578530192
1224,40.799592,0.5011103009306791,0.19133806436553813,10.611343483667728,-4.179014309153959
1225,40.832924999999996,0.486378295318,0.19728718257333147,12.0880384271345,-4.0857500097890975
1226,40.866257999999995,0.5097567805983166,0.18781025642087423,11.380247592989567,-4.108461245691537
1227,40.899591,0.49395722769998124,0.192014937072715,13.083914710586427,-4.002168470189035
1228,40.932924,0.4860266006806275,0.19590554701638183,13.425606505868586,-3.9747465345977404
1229,40.966257,0.4682170888078609,0.20789207274544308,13.247989614720124,-4.117923289086912
1230,40.99959,0.4423874649976948,0.21208121255094248,10.262030200343954,-4.434765889540917
1231,41.032923,0.4378832442986058,0.2058454425099963,7.711473348904574,-4.73401655019549
1232,41.066255999999996,0.405495770025706,0.2124680185804786,5.755295287245784,-5.492231962674417
1233,41.099588999999995,0.3887179915243029,0.16475389964906423,8.743400285584691,-5.401398520538734
1234,41.132922,0.36489318026009027,0.18986009265098663,12.635516187333382,-5.9417266912530895
1235,41.166255,0.3442204018237445,0.1993704106378821,3.9756502889179695,-7.113376484501082
1236,41.199588,0.31150161468913534,0.20672713774537899,7.1826053983314155,-7.365862944790101
1237,41.232921,0.2903127651721543,0.21140498680937647,5.258070891747252,-7.699738627419279
1238,41.266253999999996,0.2701763898767448,0.20695688173635168,8.271027861539908,-7.713266144860047
1239,41.299586999999995,0.25106292799928925,0.22054593535906697,7.262402819085699,-7.308940131348026
1240,41.33292,0.23832402627394259,0.20806078320427798,14.230100704732378,-6.583511968793398
1241,41.366253,0.2301048144138691,0.2107177045080118,8.824626280909351,-6.950733998452928
1242,41.399586,0.21631667890150563,0.2095530539213525,7.076728898628524,-7.150226784546629
1243,41.432919,0.20963437902295196,0.21599248604877708,9.266604872192401,-6.415827687132876
1244,41.466252,0.20391980453489486,0.22672003250622688,6.738597481584428,-6.746847228431452
1245,41.499584999999996,0.20583944701661197,0.2160567793885444,-1.7274968225830296,-7.09268152214041
1246,41.532917999999995,0.19622363776838023,0.22545792409662188,-2.337700838281582,-6.616326802299205
1247,41.566251,0.19285776128093401,0.21070213665450002,-5.845560678302359,-6.281013596300491
1248,41.599584,0.19504200367259011,0.18668476180687849,-7.3316445674795325,-5.342688703097914
1249,41.632917,0.18282309284155993,0.20701699536944507,-9.35125005716573,-4.877077815059425
1250,41.66625,0.16789834680465252,0.19569358997632746,-6.979815597565777,-3.621950506131052
1251,41.699583,0.1506307928570143,0.24329951260610216,-10.424282564051309,-2.531810993893626
1252,41.732915999999996,0.14406377927535297,0.24856468287733846,-11.754871711084105,-1.7343857639050377
1253,41.766248999999995,0.12366162242438941,0.233373657627997,-10.510453699453807,-1.343225951671192
1254,41.799582,0.09697603353461645,0.25343412870671556,-10.094910035402714,-0.9911595166600199
1255,41.832915,0.07096479450072864,0.24090862334938787,-11.793295695497925,-0.7157380966940822
1256,41.866248,0.07185033886958718,0.2515131553271637,-10.284743537227548,-0.12240868960020355
1257,41.899581,0.07384281293311208,0.2665891542755152,-10.5503110122573,0.0924180335017825
1258,41.932914,0.07527462288736873,0.2560552101349006,-8.943870947971122,0.2416672601201021
1259,41.966246999999996,0.07479784929378615,0.263240214159853,-9.40744730405049,0.6206888920327979
1260,41.999579999999995,0.07474250998465462,0.2632265660958041,-11.339368837310966,0.5448470623103576
1261,42.032913,0.07469438073144151,0.2586666940024178,-11.379900629171528,0.6382404212829617
1262,42.066246,0.07514621129112538,0.27049773513193914,-11.31218786199922,0.6304689435127279
1263,42.099579,0.07426123334453641,0.2801616094170065,-12.550478231910356,0.6534418555126362
1264,42.132912,0.07322822826976295,0.28154182910675085,-10.552211379762246,0.6882881902871782
1265,42.166244999999996,0.07244744644449248,0.2733385949331139,-12.511207080338608,0.3301991388954918
1266,42.199577999999995,0.07391454556772001,0.2755734696877452,-12.102955196217186,0.1488069767097891
1267,42.232910999999994,0.07260588067635385,0.27314749303831637,-14.079170933171383,-0.2789090755129623
1268,42.266244,0.07161673412556889,0.27639492565351853,-15.952174154297516,-0.5625376279730574
1269,42.299577,0.07402311942664024,0.28652017158200804,-14.771169411130309,-0.3034658069460872
1270,42.33291,0.07381224585409389,0.2875569308992484,-12.956234902590586,-0.33276030523031974
1271,42.366243,0.07186537228994087,0.28413096181530434,-12.590596423466563,-0.6372032291140134
1272,42.399575999999996,0.07293203203401494,0.27281826481477506,-13.2418039755617,-0.6327275491036046
1273,42.432908999999995,0.0739759711766964,0.27100582386314237,-13.32231619798453,-0.7476188958138266
1274,42.466242,0.07162907256265748,0.2777480720389183,-12.160294743106679,-0.9375288869300893
1275,42.499575,0.07364604276593224,0.2677843605930871,-13.112553285317453,-1.234233218361002
1276,42.532908,0.07267319139702963,0.27414856935308723,-13.228493286447653,-1.3966592985241775
1277,42.566241,0.07309717439098021,0.2718723462798941,-11.972484656320106,-1.5028833598723903
1278,42.599574,0.07349479209733724,0.27746705535991967,-10.970803699588163,-1.4888544010768088
1279,42.632906999999996,0.07238592972518056,0.27343943969536405,-11.994679267533478,-1.8492574769910748
1280,42.666239999999995,0.07322741675125685,0.2801184617025557,-8.314968958501096,-1.5339225206002445
1281,42.699573,0.07172823716364411,0.27594443966231275,-9.379433465090283,-1.6278128428723562
1282,42.732906,0.07211738091446405,0.2712772938020009,-9.216785679766868,-1.6126338525952142
1283,42.766239,0.07079894236186544,0.2704993720290115,-9.410713121000132,-1.980285543245598
1284,42.799572,0.07192774870796247,0.27819264909991614,-10.871407795971876,-1.9551445675846442
1285,42.832905,0.07067536344649432,0.27839723408207134,-14.253903362880314,-2.269937499769946
1286,42.866237999999996,0.07417455307568652,0.28490731260267643,-16.634060496313417,-2.2310502046221217
1287,42.899570999999995,0.07447349885518226,0.21777150805527912,-19.707920113442643,-2.0737402708381043
1288,42.932904,0.0718160982422028,0.07873967086379763,-12.762269379476335,-0.17700303231023187
1289,42.966237,0.07109522119185535,0.12856469173155044,-17.27604065551477,-0.8040925217546754
1290,42.99957,0.07066109984868923,0.1617948319634851,-19.292630446496222,-1.2675842035505342
1291,43.032903,0.07246433543129671,0.21546548879007638,-18.65979572561579,-1.2166625979652064
1292,43.066235999999996,0.0716381969159459,0.24051465201567498,-18.52315337344984,-0.9633836356840377
1293,43.099568999999995,0.07084709735739937,0.2458407673918516,-19.380632076270146,-0.7632766246808016
1294,43.132901999999994,0.07333279413566562,0.23592822780630623,-17.659848975307593,-0.355421434570301
1295,43.166235,0.07230306770267846,0.2438928029698254,-18.433359576041934,-0.5674135494686742
1296,43.199568,0.07239705753877129,0.24765925846581366,-20.115782363450112,-0.8188091974424607
1297,43.232901,0.070095857819667,0.2539095016209327,-22.147424268589862,-1.2863623309813699
1298,43.266234,0.06852543149008591,0.25759695045468,-23.560565684662606,-1.5162584611194325
1299,43.299566999999996,0.07009639364831301,0.2595106034712493,-22.19876802098953,-1.304900124151676
1300,43.332899999999995,0.07034267840708097,0.2593480423221445,-22.768556175323663,-1.451922399870334
1301,43.366233,0.0699561779163796,0.2570767763723806,-23.14227441769308,-1.3563913660162952
1302,43.399566,0.12664929093120705,0.2670231347010036,-23.74614500051939,-1.3213398650420465
1303,43.432899,0.14840956648015516,0.26169620563231216,-24.063951634659706,-1.0865084802003773
1304,43.466232,0.11244135575945233,0.260613236015916,-22.061707551246343,-0.7996780527566834
1305,43.499565,0.07123414737545442,0.25933443030878994,-18.10286014846795,0.09552803839260207
1306,43.532897999999996,0.07158771468853327,0.2626147600850872,-15.64196352082355,0.16426037210199076
1307,43.566230999999995,0.07209808639178708,0.2639631295486792,-13.610950518548488,0.2763342110116793
1308,43.599564,0.07304912289830578,0.2658108236494428,-13.075269269782805,0.31752512259274424
1309,43.632897,0.07235873392608196,0.26889420072872783,-9.23558653006276,0.5801751659888592
1310,43.66623,0.07271813208237217,0.28825084228681985,-10.793398920549727,0.544390375414428
1311,43.699563,0.0707947376194789,0.2583523167162509,-8.631163978063379,0.5248211947575101
1312,43.732896,0.07231367320287779,0.2724265396106024,-10.426489806440385,0.6535689381629292
1313,43.766228999999996,0.07002885455343534,0.2700067107464357,-10.614636291521071,0.5652481750412702
1314,43.799561999999995,0.07080125656174238,0.2663608654691842,-11.035884438692204,0.5151062080420529
1315,43.832895,0.07279800520938659,0.2770791989414675,-12.429656596255679,0.4232681695321694
1316,43.866228,0.07331280082626047,0.2676949514717689,-10.694475942943331,0.41551212474133964
1317,43.899561,0.07243668401887483,0.2700538052481334,-10.20874353922279,0.7644780241245668
1318,43.932894,0.07198938711544262,0.2696644636322544,-11.41669334437318,0.5909288270576339
1319,43.966226999999996,0.07133838644978228,0.2760823960061157,-10.218995995818785,0.772920613196325
1320,43.999559999999995,0.07069734533021518,0.27220635270214144,-12.225367953602342,0.7067135032467531
1321,44.032892999999994,0.07245719031513137,0.26652560719217777,-13.830109937473148,0.8857017197433361
1322,44.066226,0.07309509478166983,0.2729124264130759,-14.166782704225035,1.256032536269121
1323,44.099559,0.07389218033789369,0.27598852564657184,-16.397717243354805,1.043799853116075
1324,44.132892,0.07370516028043529,0.27024572543859277,-16.12951812860707,1.1334927044514997
1325,44.166225,0.07308217063702654,0.2265110340568997,-15.939361578614369,1.5501973649148397
1326,44.199557999999996,0.07226612668866994,0.09464214334566359,-11.400137782467487,2.330407462336382
1327,44.232890999999995,0.07183878109518947,0.11115020612205284,-12.685252132474112,2.5386429652589264
1328,44.266224,0.07364175774037424,0.14537828300020647,-12.780643033217148,1.982251751171892
1329,44.299557,0.07268227688491673,0.22068436469910171,-13.44590450845276,1.2502606049749345
1330,44.33289,0.07294540609269158,0.2153981031066869,-12.098717135682522,1.222982419696869
1331,44.366223,0.07288393309471407,0.22241856496569357,-10.46881148616781,1.566000910412277
1332,44.399556,0.0719783168190321,0.23473273700771116,-11.76220824650031,1.172829894478557
1333,44.432888999999996,0.07037319025846618,0.23236839230475986,-9.899933911382513,1.1843954769671363
1334,44.466221999999995,0.0706810953945424,0.24631465676260353,-8.241917891076456,1.0182065354408372
1335,44.499555,0.07148319443000956,0.24417889329626996,-7.670622129286909,1.0069772543411852
1336,44.532888,0.0715625096205011,0.242957533509518,-7.7645674556500985,0.836305988590152
1337,44.566221,0.06929706738094,0.2494500700853418,-10.485549683904997,0.33916106118329314
1338,44.599554,0.07133979026031635,0.2550226463768803,-11.263182169702018,0.5768107489545854
1339,44.632887,0.0721364868912721,0.2579120482403152,-10.827615447964499,0.6359510594094413
1340,44.666219999999996,0.07279323468083101,0.25989595427871637,-11.045395423950916,0.7038614622694146
1341,44.699552999999995,0.0765867990177461,0.2555955509874758,-11.976080257101996,0.6044376514643586
1342,44.732886,0.07755806160907026,0.25170165124190264,-11.140862148322222,0.4940129948598494
1343,44.766219,0.07466831087488059,0.2417952783290111,-9.744039524802051,0.6465699746108654
1344,44.799552,0.07610156008853787,0.25134395337440624,-9.791336365745744,0.4965251476980205
1345,44.832885,0.07772696690957476,0.24280183055417515,-11.446350780836108,-0.16413878171925367
1346,44.866217999999996,0.12994893015568384,0.24349079555030417,-11.390809369589268,-0.7117097043322405
1347,44.899550999999995,0.1529401274238419,0.25169481263280435,-9.73879466187008,-1.24646123036736
1348,44.932883999999994,0.152403927380397,0.25917747084161313,-10.215608710318604,-1.7774327658519653
1349,44.966217,0.16277964690966057,0.27172655913519606,-11.68584047453611,-2.2137492018255998
1350,44.99955,0.1552249181769998,0.265951314484539,-6.773030207795694,-2.0455250148254747
1351,45.032883,0.1389241428026597,0.24947849313931966,-7.719798375094052,-1.7307525874284948
1352,45.066216,0.12065102031871698,0.24951840569967781,-6.971482166762471,-1.6221863089980464
1353,45.099548999999996,0.0731913682049806,0.25684074345850016,-5.32030606285197,-1.2830126013409502
1354,45.132881999999995,0.0718646884914792,0.2425509360104134,-3.3554215036778814,-0.9428557475288659
1355,45.166215,0.07088215784405905,0.23732120823494723,0.8276097450953016,-0.38244683726856393
1356,45.199548,0.07032065915764282,0.23554204906404447,-0.7007828737506497,-0.7368524280152875
1357,45.232881,0.07181142788366143,0.2507557428833473,-0.2540638699424155,-0.6915148716767744
1358,45.266214,0.07317520206962412,0.25169687400104745,-2.2617304742177016,-0.7034430482317726
1359,45.299547,0.07307231327226486,0.24931151981618918,-3.0983880647692525,-0.4772619124051
1360,45.332879999999996,0.07628936922281715,0.2544146007982196,-3.732391490617766,-0.5508658492942133
1361,45.366212999999995,0.13291404275528984,0.24621988304497933,-2.4403435629305257,-0.14280274964090595
1362,45.399546,0.17502878628696747,0.24415517616034804,-5.1454091865901574,0.026078860985432068
1363,45.432879,0.19640378277294032,0.2637272365401593,-7.042226358634896,0.14490220130634612
1364,45.466212,0.2032511583190103,0.2533103612712655,-6.156625123297103,0.5797889391379527
1365,45.499545,0.20488622255398833,0.26407195646672804,-8.276532165798205,0.6129559228268123
1366,45.532878,0.20014124539885098,0.2655828066018082,-7.09917108407295,0.729133643880068
1367,45.566210999999996,0.18718384608356367,0.26308742686661873,-8.38095136391646,0.7946661089135445
1368,45.599543999999995,0.18035707199096376,0.26206551837084946,-6.075209518149174,0.978395574306049
1369,45.632877,0.1868394131817726,0.25805762760346285,-6.981827967021435,0.6405143461580803
1370,45.66621,0.18047070287776257,0.25729158460262475,-6.533630023620408,0.6716201486119788
1371,45.699543,0.1650949778676757,0.2526224662109136,-6.068242758582486,0.7770372721426716
1372,45.732876,0.16205801226808814,0.2466118875120737,-6.567928378626523,0.3393314466025241
1373,45.766208999999996,0.1437430717226477,0.1628857462901146,-6.618384319921399,0.13667016742699983
1374,45.799541999999995,0.12923004683355266,0.08861863964552363,-5.325656699425741,1.333536453852243
1375,45.832874999999994,0.11769765290091268,0.12127253309630667,-5.003199723927925,0.5041497613394436
1376,45.866208,0.1190959557510255,0.19098026003192167,-2.900072529384957,0.03346020777286219
1377,45.899541,0.11013065846388705,0.19689926658715046,-5.000635111289039,-0.001657649631158605
1378,45.932874,0.14451784890908498,0.2068801263091266,-6.74631179975906,-0.17448057522912805
1379,45.966207,0.16885634231993749,0.21538041091762747,-7.499141432337081,-0.6657015704574484
1380,45.999539999999996,0.15434590453910943,0.21772605110338286,-4.2168700275337505,-0.4817431970010238
1381,46.032872999999995,0.0819399025364433,0.2215502494404401,-4.927657998948947,-0.11484919297211327
1382,46.066206,0.0773872801383824,0.23653441340247652,-2.9679347934394906,-0.0535813511581527
1383,46.099539,0.07569112621188205,0.2422691780745676,-0.7053675478906614,0.3240773578708279
1384,46.132872,0.10097571355010532,0.231241666677929,-3.119720306788072,-0.02299321769914142
1385,46.166205,0.14982078848216507,0.25055230976680654,-0.7044948026078437,0.060805623977356206
1386,46.199538,0.18824488334650621,0.23334468432702593,-3.294390353973274,-0.08377211897628634
1387,46.232870999999996,0.19268392928521105,0.23630746384486967,-3.937212642370632,-0.4021097718948716
1388,46.266203999999995,0.19137729129567646,0.23529197357141995,-5.863166758831941,-0.9109130398468531
1389,46.299537,0.18563117291475137,0.22441320215457022,-5.077172853235113,-0.9339374554785146
1390,46.33287,0.18370957463903906,0.21888903508144616,-3.7574059220248244,-1.185489739940166
1391,46.366203,0.18099987856650124,0.21794263509257422,-3.8419810796612084,-0.8129576069236507
1392,46.399536,0.17287150696043357,0.22850770160727568,-2.57263259281355,-0.8438083431947979
1393,46.432869,0.17331562276879386,0.2194048805364091,-2.6307856707151545,-0.5528022317856585
1394,46.466201999999996,0.1702554706982118,0.21921830678553986,-4.227815024217555,-0.9181941001148668
1395,46.499534999999995,0.17494928380076674,0.2248164481066974,-3.675681529086118,-0.9782088076492877
1396,46.532868,0.17987107936671673,0.22377372071869014,-4.066354796926435,-0.5286334307099699
1397,46.566201,0.17935882380702764,0.22225583131326387,-3.993795090868795,-0.5237550587704296
1398,46.599534,0.18707387856424174,0.22030536922104071,-6.0118804288648855,-0.44662377143236065
1399,46.632867,0.19114307216061646,0.22045995586901887,-4.910771619848982,-0.6077554373925456
1400,46.666199999999996,0.19316774451510038,0.21202369864649628,-5.239049118734398,-0.34910230740067016
1401,46.699532999999995,0.19632966018808096,0.21808075594218423,-3.29465132884022,-0.1143333548585215
1402,46.732865999999994,0.19669762607428393,0.2230230895397099,-2.976407229809288,-0.13663063425606828
1403,46.766199,0.20411109631430024,0.24109034112460256,0.13912371460333156,0.4202397972590256
1404,46.799532,0.203748029715318,0.24028909697700646,0.34341330432193845,0.1673404805614722
1405,46.832865,0.20379171900808662,0.2439780418977574,-1.6559112606325093,-0.022657059670689192
1406,46.866198,0.2124420228526829,0.22158586979963885,-2.5823376644827905,-0.2054239270467191
1407,46.899530999999996,0.214139619396109,0.22486196772261924,-2.6421815535871134,-0.5095888115348092
1408,46.932863999999995,0.21565227789245842,0.22670884590582088,-3.446335490108997,-0.6271531926349596
1409,46.966197,0.21501508929710889,0.22841983947776495,-2.891986950769043,-0.9389145798728943
1410,46.99953,0.21902427336454774,0.2264634285061337,-0.9303348616098431,-1.0660447908582105
1411,47.032863,0.2213077590679165,0.22486404236126084,-0.47103266128340615,-1.0394778499595996
1412,47.066196,0.2218783415518102,0.22745473677613368,0.4116629214564423,-0.9454365236474369
1413,47.099529,0.22122492374882785,0.2287631785826299,-0.4885483783549649,-1.1423361419245335
1414,47.132861999999996,0.22358763819470828,0.2247008880867129,0.3291180234955311,-0.8632302316660301
1415,47.166194999999995,0.2198894236582071,0.2325811719104131,1.0340154053019386,-1.0353060907607374
1416,47.199528,0.22209278318820858,0.21961914321128445,0.30762326560045705,-1.0208296131315733
1417,47.232861,0.2269925071889437,0.22187559047636743,-0.8913291717508788,-0.8242495935544839
1418,47.266194,0.22299433403025792,0.22440130354524457,-1.7831770245429854,-1.0683262448266282
1419,47.299527,0.2287532213904301,0.23396258430321024,-1.8089315176972647,-1.0263626119449492
1420,47.33286,0.22229647460767682,0.23300933715134406,-0.7819851352758268,-1.053345706051826
1421,47.366192999999996,0.22433082889150632,0.23178326095793644,-1.8999094771198723,-0.8385534986316898
1422,47.399525999999994,0.22933611166181056,0.23482646727549322,-0.35023936262711824,-0.6882812710888117
1423,47.432859,0.22175082129081183,0.23352246862833137,-0.7824291064329572,-0.656943321928254
1424,47.466192,0.22287208187690763,0.23284727437194136,-0.43969134774009677,-0.49099545715650367
1425,47.499525,0.2215464718785684,0.2355414092753906,-2.729807541286703,-0.5915612582729669
1426,47.532858,0.2258172972713002,0.23567397218323738,-1.859016536021361,-0.7004065624215516
1427,47.566190999999996,0.23036226052130454,0.23389051208220596,-2.44656271869417,-0.6367685123163327
1428,47.599523999999995,0.22499093996544697,0.24156658128327257,-2.836105405792635,-0.7838771751924631
1429,47.632856999999994,0.2260328534418217,0.23384273906328118,-0.9954556026749731,-0.6566768650403798
1430,47.66619,0.22260810642586462,0.23267252067916466,-0.9113787991282303,-0.8428163110290116
1431,47.699523,0.22204071351579005,0.23157531504010534,-0.10276236288611752,-0.8152182603327593
1432,47.732856,0.21829786469319648,0.22238299482578006,0.34637218239605794,-0.6183397822687651
1433,47.766189,0.2271320882707151,0.2220283245814049,0.8204319624970581,-0.11757589383324892
1434,47.799521999999996,0.22405078769609968,0.23122538288034,-0.10146108054364983,-0.0915293564782927
1435,47.832854999999995,0.22221586544807279,0.2357524750080645,0.80258649138288,0.5608720175007041
1436,47.866188,0.23063639452281653,0.24441442925920265,2.0111975258657715,0.9292767106675415
1437,47.899521,0.22203490021255876,0.23277909140993375,-1.3417804150195871,1.0432513119834061
1438,47.932854,0.1975492914900701,0.24260939486289845,0.2639012386222863,1.5151402843208048
1439,47.966187,0.16657431893428054,0.24116649734471096,0.24206244082433054,1.2711940716917882
1440,47.99952,0.0695534386163082,0.22824329109565086,0.21008081083311161,1.3991774955243597
1441,48.032852999999996,0.07015510333829506,0.2283348732780781,-0.30234889038873486,1.3053206732605815
1442,48.066185999999995,0.1369485994775456,0.14399445441157552,2.293803165504112,1.8733645589349017
1443,48.099519,0.20927795214497164,0.0943114381776914,-0.8451735740254718,1.8590819962778282
1444,48.132852,0.20588106242916304,0.15618191147395044,-2.06818208437191,1.409440333845109
1445,48.166185,0.1923571953416803,0.202207565689409,-3.2402655484251275,1.1178664646963086
1446,48.199518,0.16996902754315352,0.21973549615736054,-4.518905367392328,0.8991754202871768
1447,48.232851,0.15118151005022057,0.21216394266129596,-2.714337084761279,0.9661807863623076
1448,48.266183999999996,0.1550898074998115,0.21490047357857767,-4.840746499407072,1.1422191619056208
1449,48.299516999999994,0.15317785942814735,0.23360250585284753,-5.965645399312496,0.9117222487056318
1450,48.33285,0.12108393605909427,0.2406582027648071,-3.800757775393638,1.0615620903060288
1451,48.366183,0.07231509770009587,0.25672545641806443,-1.328361183151371,1.425700098380309
1452,48.399516,0.07213566694964736,0.24779065513661575,-2.5560192949014495,1.3879944407265954
1453,48.432849,0.07234521905030109,0.25606750678047796,-2.9281403584207792,1.3510242596848105
1454,48.466181999999996,0.07134778411385308,0.24043814411424108,-6.593755397226243,0.8787939800337321
1455,48.499514999999995,0.2040384551451507,0.26370556088595276,-5.185823922225854,1.0128255052268234
1456,48.532847999999994,0.24481553666219458,0.26366170414807,-4.390447023740061,1.468764526357379
1457,48.566181,0.2265043537328393,0.26393749010314654,-3.1810950087753858,1.3150996582644188
1458,48.599514,0.19977318492250143,0.265312919183066,-4.105361880969622,1.016612752060777
1459,48.632847,0.18803811641849572,0.2609009182684888,-4.236838306626592,1.1491711433984708
1460,48.66618,0.19313525767284334,0.2630089646636013,-2.870160130623161,1.2757283402339568
1461,48.699512999999996,0.18600814294833426,0.26618583641650045,-4.9228040146613,1.1277117298630146
1462,48.732845999999995,0.18915187906637126,0.24343037143580357,-4.0954344424102915,1.046408576640115
1463,48.766179,0.17364693201927034,0.1649600402983991,-4.454545816285423,1.305139441576073
1464,48.799512,0.16703515565777358,0.10571641185433853,-3.050823250474876,1.955431609586556
1465,48.832845,0.16546886075846018,0.10968016930942331,-0.8686280935964087,1.9031074458544948
1466,48.866178,0.16827662284211117,0.16262114736619382,-4.3427881585857,1.4692538676284834
1467,48.899511,0.160168150989853,0.20158158463007583,-6.322483212459711,0.7897079510343957
1468,48.932843999999996,0.15104908674091067,0.21310972862373717,-5.162153225824261,1.2382781707331598
1469,48.966176999999995,0.10086474541387705,0.22790256647829527,-1.8681279489962075,1.1458282021398303
1470,48.99951,0.07134833301405698,0.2514184882508805,-0.5786037204181342,1.5743825130881846
1471,49.032843,0.10874777268973276,0.2497735750729318,-4.188683398805814,1.326810558837529
1472,49.066176,0.12031352764499637,0.2509830560635977,-7.753311385811003,0.8412104278856313
1473,49.099509,0.07128944935704183,0.2544987078747999,-4.0588248281605965,1.1034658014123067
1474,49.132842,0.07238373138564348,0.2428996870407077,-2.310597411395129,1.2154289975710866
1475,49.166174999999996,0.0725743583115739,0.24987155421296517,-0.7291013745991695,1.350641277478404
1476,49.199507999999994,0.07282998396607655,0.2595823904471828,-1.9956460756438654,1.3501769605309881
1477,49.232841,0.07265386512705453,0.2564318720981506,-2.06106306442192,1.3163538148842804
1478,49.266174,0.07196195291274979,0.26081124456232985,-0.959265140033825,1.4550253737889016
1479,49.299507,0.07044500219239228,0.25211692594752017,-2.3298318182775284,1.177623945695788
1480,49.33284,0.12213716883991896,0.2503820988787743,-6.234309853412566,0.5117859528962859
1481,49.366172999999996,0.18525163753563395,0.263703072172075,-5.628196647779144,0.4331474395609681
1482,49.399505999999995,0.19842706752061576,0.259756820150907,-3.9766794285955256,0.008554308951968908
1483,49.432838999999994,0.1787592778322149,0.2519180024844538,-2.651342067650909,0.33795676806307534
1484,49.466172,0.10473876219041967,0.2531249495382223,-0.1517753251362592,0.14074189404354115
1485,49.499505,0.07233115156583757,0.25663893136313043,0.08871857932979339,0.30249941243235795
1486,49.532838,0.0721618365055053,0.2547799737944425,0.830763452892903,0.2891687324294306
1487,49.566171,0.09816823191262959,0.243077668322148,0.1569631970788533,0.46152976988899047
1488,49.599503999999996,0.1670481505795131,0.2467357768253215,-6.379471767789259,0.11015365940880663
1489,49.632836999999995,0.1758251936637269,0.24698388912772226,-3.116448724071992,0.5766205170225204
1490,49.666169999999994,0.1753501754976806,0.24986641997312617,-4.065231141543501,0.714039425364706
1491,49.699503,0.16379546184131608,0.2637755429831869,0.5384755161681788,1.3122959722265157
1492,49.732836,0.1641383444012011,0.26582989158767223,-3.3480027720149828,1.286100946306172
1493,49.766169,0.15170399599858864,0.2710956035355476,-1.200467483837402,1.3145412474450058
1494,49.799502,0.08427047708382263,0.2660586556889405,1.1314951281542782,1.7153352870200158
1495,49.832834999999996,0.0735568524530141,0.287199798796721,2.036128339702639,1.4906088141639466
1496,49.866167999999995,0.106982302376737,0.2804565996279088,-0.12998094922242837,1.416184828091988
1497,49.899501,0.17258421861786527,0.27025328498569356,-5.808905115872199,0.935046552956841
1498,49.932834,0.21141456662142732,0.25976041776193093,-5.976725777227142,0.6682322461907446
1499,49.966167,0.2046270771780883,0.260060183844182,-8.020969249407687,0.9078872549568875
1500,49.9995,0.16724342310239795,0.2636477931271551,-8.065551291287013,0.5437450089194612
1501,50.032833,0.0714158332284731,0.26149632173488474,-7.4592967399270425,0.5115396766064061
1502,50.066165999999996,0.07231539690979369,0.2507942806543046,-3.7885597925554784,0.850399382110987
1503,50.099498999999994,0.07166821621253033,0.25354890438695754,-3.675285758511781,0.7937346361992096
1504,50.132832,0.17341914061880556,0.2436549549147887,-5.024955872484497,0.6238784577030217
1505,50.166165,0.20169726883704467,0.25514078398775836,-6.4128690039536975,0.5347539776261531
1506,50.199498,0.20303938795418447,0.2688161625135633,-6.268118736345065,0.6818464227252014
1507,50.232831,0.19773740373131649,0.26920328979166663,-7.21684113066923,0.6184874104121402
1508,50.266163999999996,0.1775991882649075,0.25743193807796616,-9.669040977388605,0.32055626848743685
1509,50.299496999999995,0.1264605564663612,0.25793267597313196,-9.715844984572119,0.2751230406052848
1510,50.332829999999994,0.07235253618537378,0.25500373405311205,-7.276776211182268,1.0059095719838511
1511,50.366163,0.08150410901142231,0.25310317732476334,-7.654044822305314,1.097422974857742
1512,50.399496,0.1503772187392711,0.2561913137988644,-8.472145916811327,1.026822691277905
1513,50.432829,0.17520187925868339,0.2530677831713777,-8.829102990766161,1.6833637862921047
1514,50.466162,0.1597541424375608,0.22357487942563714,-6.2704201457967255,1.7297896382746174
1515,50.499494999999996,0.1510104946773364,0.10914631314035898,-1.9139211795209894,3.49804779064833
1516,50.532827999999995,0.1567326944417871,0.1434879875475311,-4.436223744161541,2.4736176585225675
1517,50.566160999999994,0.163598011742363,0.2014636516101423,-3.2919974908032668,2.4027223109280222
1518,50.599494,0.17212484072439443,0.22576224703446796,-0.7167416706366196,2.329067264149482
1519,50.632827,0.1677851293512035,0.24264770464705163,-1.6798438807500917,2.1920793935972607
1520,50.66616,0.16876613010106653,0.2441019469642549,-0.7636111288682248,1.7926574604018612
1521,50.699493,0.17152419796278573,0.2386344407231869,-2.940934973371366,1.5044943836610607
1522,50.732825999999996,0.1720330691087801,0.2389403114885822,-3.7933129561697476,1.2874823166419749
1523,50.766158999999995,0.16314192826395638,0.24572420367810854,-2.9301601765952543,1.1745385868022713
1524,50.799492,0.10974660125720381,0.25303025362536347,-2.3024622397552217,1.016789796611045
1525,50.832825,0.07431187010780312,0.2593415154274744,-1.5330972387751662,0.37206855070953637
1526,50.866158,0.07447867027329852,0.2603195616420937,0.139663056736214,0.6046919187007498
1527,50.899491,0.11106616016602802,0.2713371487937184,-2.9447841036853184,0.14879892571229494
1528,50.932824,0.07265219019475229,0.24100994453966695,-2.263848281046949,-0.024103041018291603
1529,50.966156999999995,0.07383486737063856,0.2521875121680214,-0.5362108653095958,0.1928888976816597
1530,50.999489999999994,0.11287516620661148,0.23887255161166165,-6.0019474059567886,-0.29135244796062143
1531,51.032823,0.08705754042573449,0.23993709366214183,-7.009913962552299,-0.2907646839263016
1532,51.066156,0.07216360145821354,0.24504397919800835,-2.7137669264089297,0.5705693789099516
1533,51.099489,0.07229337791562662,0.25033957388933087,-4.893162960773893,0.17071182461628515
1534,51.132822,0.09996466335740875,0.24642856203061725,-7.798029977704586,-0.17045650662491582
1535,51.166154999999996,0.19300942945898553,0.26141150955217246,-3.1171241407196257,0.6404439811676582
1536,51.199487999999995,0.20949108757685256,0.26326721131173025,-4.010067613508304,0.7624114597384658
1537,51.232820999999994,0.19699192342802652,0.25533756781459693,-3.0688793786329693,0.6626701333107312
1538,51.266154,0.19619132595505145,0.2510358043449615,-2.6051662785042025,0.8643122719285995
1539,51.299487,0.19663703865394475,0.25156339848537684,-4.0697776657663205,0.8261939538730961
1540,51.33282,0.18714709989807507,0.25007745527977965,-3.4822420017054903,1.0898418735238173
1541,51.366153,0.19054183773088598,0.25410971729998166,-4.655813869197129,0.8418345535969829
1542,51.399485999999996,0.19604040698061753,0.24948595051974837,-5.909048001554487,0.7397532077018727
1543,51.432818999999995,0.2005396600681677,0.25341278309872717,-7.695395378783544,0.43263037045067343
1544,51.466151999999994,0.19266352179250373,0.26098848638175465,-5.153163836386007,0.8673118211406922
1545,51.499485,0.1730405413331168,0.25328488382069286,-4.092598775581193,0.9595816670171052
1546,51.532818,0.07283222258120081,0.2620314215825309,-4.711184545367997,0.6389196213718257
1547,51.566151,0.07630762871615726,0.24993545452429558,-1.4101095059419837,0.8719907721438681
1548,51.599484,0.07378320413629111,0.2639136771574302,-0.58495960327315,1.0447384258518864
1549,51.632816999999996,0.07545521416555341,0.2637020661874628,-0.10349326452735633,1.2579797762821552
1550,51.666149999999995,0.07512070532689644,0.27185133075105705,-1.3876880495325243,1.2785361259492654
1551,51.699483,0.07478181432391776,0.2574576663376813,-0.581986747739217,1.2540735879165439
1552,51.732816,0.07565283470119846,0.2611619641032446,-1.2123615552681788,1.351057957865042
1553,51.766149,0.07621658832239013,0.269040981635728,0.025540641607460005,1.4749312838766437
1554,51.799482,0.07459684908534626,0.24392527930766217,-2.352922883803578,1.350094554204082
1555,51.832815,0.07590649575656411,0.255411465911609,-3.1774432524404985,1.0867240888618084
1556,51.866147999999995,0.07523434511780766,0.2494494044309671,-4.931480453724662,0.6979781621691461
1557,51.899480999999994,0.07601641981856466,0.26062976710139996,-5.033165459644013,0.03736570768944103
1558,51.932814,0.0754503037026595,0.2533240348815041,-1.8782553011403111,-0.19697035116042175
1559,51.966147,0.07472317372693411,0.251607849039561,-3.7554999140888277,-0.8734746085295517
1560,51.99948,0.07574900268972484,0.2829045543132759,-0.9609296850595763,-1.2120895647268226
1561,52.032813,0.07293622458987249,0.2506666206770126,-2.803227278705691,-1.212752104591602
1562,52.066145999999996,0.07365534331842215,0.26172472855536144,-2.284812813471206,-1.2422910491085883
1563,52.099478999999995,0.07271578598955941,0.25764875962151107,-3.0430454874402724,-0.9161725434141629
1564,52.132811999999994,0.07411951652923462,0.25174623662300566,-1.4938814374635547,-0.3349982458514014
1565,52.166145,0.07412610089903944,0.247241292634281,-1.628160922182364,-0.03415614792782291
1566,52.199478,0.07320848043780787,0.2667696598733025,-4.391423050762265,-0.04943870179687485
1567,52.232811,0.071930273521009,0.2626508830208355,-3.4414954638309143,0.3398247873561173
1568,52.266144,0.07318429411962689,0.2668807254266333,-3.8950959249159545,0.4849189271456121
1569,52.299476999999996,0.07273374884351756,0.25185807797151455,-2.228747590264793,0.6453660392963873
1570,52.332809999999995,0.07284807157651582,0.2505782491296468,-2.5023458132639496,1.0233362530418004
1571,52.366142999999994,0.07353614911336792,0.2488849392856858,-2.878525043137284,1.0866256926120434
1572,52.399476,0.07171422785616197,0.26785544070378503,0.9639541310638878,1.916477820271741
1573,52.432809,0.07266700859038956,0.26478392218310587,0.4095389064376094,1.6187800200765812
1574,52.466142,0.07527245763198517,0.2719230750119813,0.11435337647090463,1.4987280848921933
1575,52.499475,0.07291265688415856,0.2742111182753506,-0.8637256692141766,1.2117002688877636
1576,52.532807999999996,0.07475983985053057,0.25123935080689624,-1.4044681818472455,0.9842683878421944
1577,52.566140999999995,0.09089406213938102,0.2808891340747862,-0.9760475888443474,0.7163630401392914
1578,52.599474,0.09558284583634251,0.25320026254840045,-0.6457215762148931,0.5063572561299718
1579,52.632807,0.11212672874797984,0.27413537111819075,0.02866066965262902,0.4313432133508122
1580,52.66614,0.13365162064362368,0.26831964064871855,-1.027933537098433,0.1812703940004936
1581,52.699473,0.15132798911941608,0.26937913622295034,-2.9197546845614877,-0.12257147804608164
1582,52.732806,0.16838960537456638,0.2673394442943945,-1.7635386496019765,0.2748086010999424
1583,52.766138999999995,0.17161803916698826,0.2637937391924794,-1.7149708279479117,0.4119850958509413
1584,52.799471999999994,0.1749144324571124,0.2722776458671323,-0.22535939114221568,0.7145051572274781
1585,52.832805,0.1721042396698906,0.24071172974213317,-4.166295706332059,0.5532725791424992
1586,52.866138,0.1638001486559513,0.2550831670984143,-2.1896802513787392,0.9487384639337599
1587,52.899471,0.17056959854111292,0.26619540265091757,-1.8542515775115511,0.7605004778649576
1588,52.932804,0.17326766840458743,0.2651757194981348,-3.2950309365672927,0.6245923565548199
1589,52.966136999999996,0.17092339218856697,0.27718996276018093,-2.799641016809811,0.35583291831094266
1590,52.999469999999995,0.16635815291841652,0.2623082020025366,-3.8725418887803347,0.1939389832917822
1591,53.032802999999994,0.16959936701623726,0.2542890810859385,-4.380424092734209,-0.0362726257939796
1592,53.066136,0.17479036995630903,0.24641931198160766,-2.4259691439883664,0.059263129136439434
1593,53.099469,0.17783545362555042,0.2557658042363465,-2.2832920745288092,0.3142485166451073
1594,53.132802,0.18566613882161842,0.2670910389755508,-3.8727973534321225,0.17911412391321987
1595,53.166135,0.1861797096668169,0.26151624403692764,-1.8928913006766597,0.44201672703740175
1596,53.199467999999996,0.18912349462634376,0.22738144272859362,-5.114249952597954,0.5294960182618094
1597,53.232800999999995,0.19263914062866827,0.11030051919593216,-4.389439068549406,1.1739523804786653
1598,53.266133999999994,0.19898756923742766,0.10259937511177955,-2.5303967341058864,1.4742319188671562
1599,53.299467,0.1938702395774544,0.18104858321986517,-2.8652703809085014,0.8051128734228491
1600,53.3328,0.1994336845203026,0.20552804272237474,-2.22914007153978,0.8915381403941179
1601,53.366133,0.192712543505025,0.20877423742250684,-4.539271601707054,0.4927749135260185
1602,53.399466,0.1952490029473688,0.21287154866576952,-4.038943804100366,0.5690999410931996
1603,53.432798999999996,0.18979642280572306,0.2292500632614458,-6.311646825013832,0.3214976878481082
1604,53.466131999999995,0.18706467398059518,0.23242111468455123,-5.8963817878777185,0.32092036917173633
1605,53.499465,0.18979430748630097,0.23609633973658448,-8.027458758069173,-0.1341597966654496
1606,53.532798,0.18802140551292557,0.2434231879299207,-6.453306885462735,-0.05360891306626068
1607,53.566131,0.19345732188069117,0.24203995891361024,-6.326985649655881,-0.23917150182708466
1608,53.599464,0.19977184998337677,0.25769370128367686,-7.342921969461751,-0.294137047426269
1609,53.632797,0.21761880634078257,0.2485146486646972,-6.9769870682839885,-0.12844561260777249
1610,53.666129999999995,0.24802603771580017,0.25123146371192956,-5.802989251033647,-0.1612544017879523
1611,53.699462999999994,0.2484946262920753,0.25508563312140514,-8.383091687073406,-0.46257587344019147
1612,53.732796,0.2720477125831157,0.2723669945499997,-4.776680663964492,0.03572650866905309
1613,53.766129,0.29127399287969635,0.2632443276844393,-4.4808898695173065,-0.0536094909972916
1614,53.799462,0.2927172841722483,0.27512681313628146,-10.223645230746419,-0.38023293220754
1615,53.832795,0.3089712703461538,0.2685371304855071,-10.449368322068045,-0.2699601030081847
1616,53.866127999999996,0.34262928368412987,0.2711245949681659,-15.89009862246297,-0.27546281342556195
1617,53.899460999999995,0.3580590102375768,0.275135785916652,-13.552608028060613,-0.027578114746388674
1618,53.932793999999994,0.3743860771234967,0.2722556610012177,-13.700902240215695,0.03879372535521443
1619,53.966127,0.38624224776069904,0.27837550267881295,-8.685700487135062,0.3540072903689339
1620,53.99946,0.40120522355223653,0.2624507860869224,-6.971075503884916,0.7663220159675463
1621,54.032793,0.43699205896405197,0.2586123604648883,-17.45902781027066,0.5803289808914772
1622,54.066126,0.4210194529019697,0.267918440131115,-4.443454798074779,1.1838473443549686
1623,54.099458999999996,0.38704414481020105,0.2645595750708825,-1.0581219400524928,1.235266153810043
1624,54.132791999999995,0.3720936345993509,0.2558397832959081,-4.407042114680637,1.201388542245874
1625,54.166124999999994,0.3657570611300055,0.2634135737314938,-6.797197332821739,1.1447101425762087
1626,54.199458,0.37614900347849906,0.2551346414324213,-6.634947018869943,1.267598798067526
1627,54.232791,0.3870792293754347,0.2542437137857897,-14.810591616755563,0.7614090298035192
1628,54.266124,0.397302215307544,0.19680952875526259,-7.706469432217364,1.4646464266998895
1629,54.299457,0.4172667204209607,0.07411191998397407,-4.234896625885167,2.306250759673269
1630,54.332789999999996,0.42740466737224764,0.06871224456831476,-2.0778404751343627,2.4348387129033813
1631,54.366122999999995,0.42011995052359985,0.1278572034658521,-12.2514570349686,1.1750638549619854
1632,54.399456,0.4380196282079129,0.19957055904061866,-13.824296184989759,0.783269137210997
1633,54.432789,0.4233625288965257,0.22107837529509944,-12.26682405781076,0.8476707924655941
1634,54.466122,0.424780638181386,0.20527030838109434,-11.371141248477135,0.8546766789116587
1635,54.499455,0.42836389367628475,0.22751991020946538,-12.9917018748097,0.24794505757186466
1636,54.532788,0.4312716911879683,0.2387580882994548,-12.055958393481056,0.09566113322370079
1637,54.566120999999995,0.42795507402302657,0.22667480704411447,-8.424709717535457,0.15106106299374203
1638,54.599453999999994,0.42223417742541774,0.2396401921339834,-7.229123677600527,0.20430645483289578
1639,54.632787,0.43333929964577644,0.23178650713027066,-12.69275921161526,-0.4476120943333302
1640,54.66612,0.4504474680202943,0.23884206389308033,-10.864190785177497,-0.6061709739323878
1641,54.699453,0.445838952113449,0.2382477265891071,-12.40638692070078,-0.7993866339971945
1642,54.732786,0.44948935477012997,0.24122428709756838,-10.631408218436023,-0.7658803268630342
1643,54.766118999999996,0.4552336184627524,0.24041881700814005,-11.986981441602268,-0.8680794058377077
1644,54.799451999999995,0.44952071208924554,0.24818191831022277,-10.743801816027197,-1.1245772676412198
1645,54.832784999999994,0.4485446986466069,0.23428174003205376,-11.088293680674717,-1.178738189296409
1646,54.866118,0.45683706981227007,0.236115610256466,-12.782883745830082,-1.2787972046106926
1647,54.899451,0.4629683984527246,0.23586126340319347,-11.386600449566366,-1.4818787988829185
1648,54.932784,0.47209333708789847,0.23478340059866892,-9.201562650442236,-1.4713979632510354
1649,54.966117,0.47230975243181134,0.23446538118744006,-12.385696538279479,-1.832329393369089
1650,54.999449999999996,0.4789473092067262,0.23991313439347092,-4.554325045087131,-1.4519259786147263
1651,55.032782999999995,0.4775996342039223,0.22090583596198843,-11.294960443503628,-1.5574020366006671
1652,55.066115999999994,0.5338348587682733,0.2137174876159774,-9.833564195583437,-1.9565340020842654
1653,55.099449,0.5091882334089908,0.20550290586425907,-8.265471072924415,-1.7841632664941836
1654,55.132782,0.5080648608535271,0.19879259253374731,-3.230467688117858,-1.8872125282487053
1655,55.166115,0.526860123761608,0.16235408054044245,-1.0861585686705253,-1.7323980394245913
1656,55.199448,0.5249434464567041,0.17195348638549443,-3.0239189264196646,-2.5964051232088874
1657,55.232780999999996,0.5098226722830952,0.14893093074480518,1.9219110818263643,-2.144282779799333
1658,55.266113999999995,0.5197330397750937,0.10758584603031816,-2.3173580421686863,-2.7132199325033968
1659,55.299447,0.5276550749409021,0.11356387063094754,7.279872126181568,-3.4253072969593896
1660,55.33278,0.5315035998510119,0.095308279037141,9.569356836478429,-2.4218471178037
1661,55.366113,0.5362573578349664,0.07812001977519767,6.069256413039479,-2.378291754625328
1662,55.399446,0.5494706350156464,0.08625027954099801,6.709105256718485,-2.492895016428692
1663,55.432779,0.5473092650471532,0.11239489869916419,7.573011280521142,-3.053782398080579
1664,55.466111999999995,0.5493568224829061,0.09667182290530829,10.511867175268664,-2.608304476535912
1665,55.499444999999994,0.5432521507821438,0.0903307157961125,7.369188560677708,-2.7012469951706883
1666,55.532778,0.5463060957214594,0.10548514255988482,9.1630152004576,-2.925853272092948
1667,55.566111,0.5504430831768335,0.10052084438897087,4.65644703890868,-2.652176285169536
1668,55.599444,0.5312224076548081,0.10703642970797062,6.444577603960139,-3.352002560328686
1669,55.632777,0.5557020879383135,0.10089057647563446,3.8453425744120477,-2.732856023823715
1670,55.666109999999996,0.5294970144860991,0.10604200369356101,1.3334910482203284,-2.991803879364879
1671,55.699442999999995,0.5414362929283388,0.12443643951928277,6.360155510545109,-2.8052937243987395
1672,55.732775999999994,0.5492030019941353,0.0947891688719693,7.370213936730742,-2.8052799065206826
1673,55.766109,0.5358380594835944,0.09116253421303817,4.901333485054317,-1.990697367948706
1674,55.799442,0.5254786138317684,0.07463256715022594,4.758224885625471,-2.7791491305634146
1675,55.832775,0.5214325211738124,0.125319302036689,5.8928191084633195,-2.6096371078278913
1676,55.866108,0.5204766791078349,0.08159353487202035,2.4853375446180834,-2.4970771286217457
1677,55.899440999999996,0.5001805064001349,0.08405656567553782,4.327735286447594,-2.0213068895499497
1678,55.932773999999995,0.5207239541157737,0.08247331265678813,2.9361843997658688,-2.712711611551471
1679,55.966106999999994,0.5161367541610498,0.09632001893305733,6.6267244306950435,-2.6234011630395266
1680,55.99944,0.5039685144916602,0.09850487064615754,6.578954099800783,-2.3110400367442976
1681,56.032773,0.4942908749440276,0.12641491890697412,9.612759207747777,-3.0494668692579716
1682,56.066106,0.5021510266072692,0.09984551971453248,6.619788079348744,-2.803933374344661
1683,56.099439,0.48932439163616137,0.12445314986064998,7.0838495378942765,-2.864688543737701
1684,56.132771999999996,0.4618643823699122,0.12741253778828426,0.553983848239671,-2.9282899122529016
1685,56.166104999999995,0.45378597463418124,0.14040020294890343,3.184162443627188,-2.5976249882150553
1686,56.199438,0.4440193867004293,0.1380983176373419,-4.047572686207743,-2.740020473730674
1687,56.232771,0.42467730180130847,0.10147415798742704,-2.0252635323599675,-2.8663065795819507
1688,56.266104,0.42682468564121023,0.08526635854163288,-6.601513902817592,-3.6211030511807194
1689,56.299437,0.4213136992891252,0.1218238726542038,-7.790980011871217,-3.320742957453866
1690,56.33277,0.3905159128197535,0.10874437112555764,-8.857309925946574,-3.1532035785946877
1691,56.366102999999995,0.3768861019899578,0.1195581115906954,-8.223429292665454,-2.866618113055634
1692,56.399435999999994,0.3445925935444625,0.10266405473224757,-9.38322244483398,-3.0555710145063664
1693,56.432769,0.3065868551642102,0.11802000483390906,-6.243273209987211,-2.7019015410033167
1694,56.466102,0.27450796076889306,0.10156313449396073,-10.170709071561486,-2.7755302485294147
1695,56.499435,0.2364512809615806,0.09453118427337565,-5.681525723572962,-2.56650401908266
1696,56.532768,0.22026172781804862,0.09523712640019985,-8.857048784252672,-3.002012747546394
1697,56.566100999999996,0.2177790081651249,0.1004505387350828,-12.062618158313873,-3.2249611712844994
1698,56.599433999999995,0.2224482449630547,0.09536932375197517,-9.829447841626465,-2.8568540883496767
1699,56.632766999999994,0.20346749601283468,0.13518983148039607,-9.618749281176905,-3.131125926759418
1700,56.6661,0.19800275936995387,0.11361745439957374,-9.774356776434278,-3.6271264834020265
1701,56.699433,0.189783032066134,0.1163552923640714,-9.152493164792947,-3.1761896548788706
1702,56.732766,0.18998168622090514,0.1322021897915019,-7.071067743771627,-3.3830267145809865
1703,56.766099,0.1871438652486236,0.1299330530710509,-6.11668295681849,-3.6155739695533473
1704,56.799431999999996,0.19022180874288933,0.13202500170042777,-5.845157416857189,-3.5502638004053537
1705,56.832764999999995,0.19929876308965244,0.12095540259892706,-5.03707603625481,-3.656767467261406
1706,56.866097999999994,0.19161920588502468,0.14398889607401838,-5.160085008835482,-3.800028362210599
1707,56.899431,0.1801459911344776,0.13445974092151608,-5.04793816811087,-3.7972650602310876
1708,56.932764,0.18879013296271477,0.13797779479103411,-5.743978327492899,-3.836818337765884
1709,56.966097,0.17938241348824527,0.13123804682383305,-6.442696077044945,-3.6790262503657223
1710,56.99943,0.17170730848350219,0.12379030321212597,-4.982274243252029,-3.559075012595063
1711,57.032762999999996,0.16829770275129727,0.11232260439407887,-6.058921068042175,-2.7764849482758502
1712,57.066095999999995,0.15496932870732189,0.09424545644697346,-3.695176118500756,-2.268582049599786
1713,57.09942899999999,0.15550332985042964,0.0970263168610259,-2.379219671199339,-1.8412718950361302
1714,57.132762,0.1438019191570899,0.08175017686880587,-2.828305438159074,-1.14168133599743
1715,57.166095,0.1376348326572252,0.09261214889713756,-2.4349174666934075,-0.8134131532676113
1716,57.199428,0.11121668966022331,0.0950477145391459,-4.050785655182153,-1.3838606870586718
1717,57.232760999999996,0.08851213354900364,0.1315756593678639,-5.639972223676466,-1.4056447819244096
1718,57.266093999999995,0.0723907188655213,0.157339130095337,-7.625565334065237,-1.5095058333087734
1719,57.299426999999994,0.07389456259812656,0.18706264412420978,-7.89268263215102,-1.9753301898235383
1720,57.33276,0.0769190986684596,0.20818009216715017,-5.728599721287225,-1.8207052482962267
1721,57.366093,0.07619608874366098,0.2082434780691046,-5.842580413491455,-2.0673269608842118
1722,57.399426,0.07540320350917383,0.20783879847178954,-6.234910113922247,-1.9831004899758307
1723,57.432759,0.07603585864142295,0.22256707401344974,-4.603884015445184,-1.6317880760670609
1724,57.466091999999996,0.07699755509059562,0.21521745458415223,-6.97552658508728,-2.1373206867136596
1725,57.499424999999995,0.07551400365791575,0.24197483649646573,-6.782795845236806,-2.1798868811408862
1726,57.532757999999994,0.07552283346542654,0.2392129493873759,-7.275209226449547,-2.626950154597298
1727,57.566091,0.07523384323491493,0.24140546712818275,-5.958336352804551,-2.485651447348911
1728,57.599424,0.074793963295883,0.2431011455484476,-4.952606313367021,-2.377640327832012
1729,57.632757,0.07507475579100498,0.23953803678931687,-5.217448880496505,-2.365873384809082
1730,57.66609,0.07517027439795534,0.24445779754640545,-2.507934515521448,-2.291339622832666
1731,57.699422999999996,0.07337324172295649,0.2666057251298424,4.31305155986484,-1.5326834725352831
1732,57.732755999999995,0.07194260710220621,0.25467996126591913,-1.5778157302258382,-2.103939999263678
1733,57.766088999999994,0.07143435369037002,0.2571612830289156,-0.07291080375440759,-2.1182179140383264
1734,57.799422,0.07216603607922323,0.2640135083496209,1.602220693167643,-2.3126274255576806
1735,57.832755,0.0711017915705179,0.2756874689905991,2.875388449052572,-2.426739873888045
1736,57.866088,0.07112646349829067,0.26476137059969984,4.414524428836508,-2.3747167718074627
1737,57.899421,0.07277549289006448,0.2594232366632484,3.8437321611910233,-2.4669379951523207
1738,57.932753999999996,0.0708388215158424,0.20850155607864265,9.063616537854896,-2.2573424261136776
1739,57.966086999999995,0.07123857379642261,0.09880549780787334,2.5565211070590723,-1.605613007149095
1740,57.99941999999999,0.07203669697401614,0.17087080387132242,2.028205885975978,-2.225555938472032
1741,58.032753,0.07216465049313532,0.19679621708637737,2.41804558048263,-1.9941101019967034
1742,58.066086,0.07189931431743204,0.21850878826891382,3.694892060700574,-1.87783648469693
1743,58.099419,0.07096875425873105,0.23482526079300936,2.49533567615243,-1.8179617248487963
1744,58.132751999999996,0.07207426166924467,0.23376266507549864,3.2297480766406714,-1.189042611293731
1745,58.166084999999995,0.07030156524610981,0.24948692421474472,0.7889403240354869,-1.4523132311847409
1746,58.199417999999994,0.07116450752487055,0.22741438098115574,-4.6398564891943295,-1.4498372170326068
1747,58.232751,0.07142373952220624,0.24518546738248773,-3.4771073619093227,-1.5704655491924069
1748,58.266084,0.07167871332583939,0.1424809029875016,-4.086507940072431,-0.5801872660113754
1749,58.299417,0.07220228952119227,0.11703141289206681,-6.105781556377327,-0.09405651224129193
1750,58.33275,0.07068417958291165,0.1390054097676104,-5.567896514318764,-0.04972952993833463
1751,58.366082999999996,0.07301215727478413,0.15805594949080548,-12.579427584197772,-0.6617694374440335
1752,58.399415999999995,0.07220723905229642,0.2154060532815156,-15.476341699357343,-1.0642265678583043
1753,58.432748999999994,0.0723570842814376,0.23954083161741507,-16.57192051754891,-1.6006206436658657
1754,58.466082,0.07060256302788347,0.2458002017702337,-20.464922933019658,-1.813583765953015
1755,58.499415,0.07087296055107933,0.2528419466240942,-23.53402490176094,-2.202332424579974
1756,58.532748,0.12898578866830068,0.2672248422002881,-24.55960195742666,-2.025991057157231
1757,58.566081,0.16076862277621412,0.260033035744201,-24.07600319675229,-1.7108853014299823
1758,58.599413999999996,0.19472719568174335,0.27630275399229354,-25.014718214047342,-1.8608759803958872
1759,58.632746999999995,0.18268889929805848,0.28715609894412186,-23.258642633334986,-1.2340968405790576
1760,58.666079999999994,0.12565706163612347,0.273591742091736,-20.982461703667543,-0.8936901175170231
1761,58.699413,0.07283134148381877,0.2696020695499417,-18.202211418618024,-0.4185849863303644
1762,58.732746,0.07458024693630697,0.2747432660036916,-16.05010953615303,-0.6193042676023953
1763,58.766079,0.07272313150815114,0.2809417228850305,-13.969867263170928,-0.6767896052323016
1764,58.799412,0.0719950535055904,0.2802490205806004,-9.000079643103941,-0.19983969024296377
1765,58.832744999999996,0.07081381639254784,0.2669775393272096,-9.388401480416936,-0.3871426690638051
1766,58.866077999999995,0.07158723525633613,0.28000793083115105,-6.484090702136927,-0.04497216081822055
1767,58.89941099999999,0.07318998726580622,0.2802294168998195,-8.59496618872814,-0.046566734692162784
1768,58.932744,0.07314545226431447,0.2742858851084934,-8.488564472364953,0.0018026831595941094
1769,58.966077,0.07074629636595062,0.2820472682506151,-9.604474214476767,-0.11117935100298693
1770,58.99941,0.07101894818297645,0.27539278282110335,-9.453926126183712,-0.010601651476697616
1771,59.032742999999996,0.07002231796972344,0.268523991154961,-9.113268257534447,0.1785999709455057
1772,59.066075999999995,0.07121128639626191,0.2810806152458877,-5.9964713329574515,0.7060249704532936
1773,59.099408999999994,0.07231627754507844,0.2724367151894952,-8.482110223737205,0.6340970324401813
1774,59.132742,0.07044914374484681,0.26738433272489065,-8.909037113937007,0.4648933902182921
1775,59.166075,0.07074900005196214,0.27286041230328273,-9.965030916372825,0.4994390508195829
1776,59.199408,0.07136857106547573,0.265127458342187,-7.196624338761074,0.6820475243755977
1777,59.232741,0.07014026305018554,0.26112533516488357,-5.4160540713194845,0.8886997189702465
1778,59.266073999999996,0.07104693763555589,0.26929429044940467,-3.6668173601360965,1.2182945865881076
1779,59.299406999999995,0.07062430625108328,0.27623883028388274,-6.105147023615114,0.888241034497909
1780,59.332739999999994,0.07171730422360992,0.2842418167729648,-6.588469655581335,0.45727836870969235
1781,59.366073,0.07296461199959102,0.28146867295463274,-7.610746718528911,-0.1250865411510379
1782,59.399406,0.07397491151655368,0.28390686305247026,-6.936101423170002,-0.27837179794704353
1783,59.432739,0.07287870401349869,0.2748018891645587,-7.965895295929069,-0.9234411882783927
1784,59.466072,0.07409419185348652,0.2871613272921191,-4.687201401874084,-0.8816025988838503
1785,59.499404999999996,0.0733574310874506,0.2778714350673821,-6.639418459434537,-1.5095742268879289
1786,59.532737999999995,0.07413950296037582,0.28271134615252025,-5.136566333599643,-1.5754023947785218
1787,59.566070999999994,0.0729361406862465,0.2781656336065816,-6.431437529388918,-1.787066365880453
1788,59.599404,0.07418547065630889,0.2773891999097848,-2.103588175307542,-1.4209494921785284
1789,59.632737,0.07366227640380191,0.2659079137895674,-2.87273357003702,-1.2220298268171186
1790,59.66607,0.07353219538150953,0.2616033092365069,-1.9281986499966215,-0.7887566216734916
1791,59.699403,0.07258618818903842,0.27018465732487107,-4.649157693385604,-0.6945539691511171
1792,59.732735999999996,0.073063228534255,0.26628625173416703,-4.728392228552265,-0.517259469150572
1793,59.766068999999995,0.07260073685594585,0.2713456421364125,-6.097079400204012,-0.37940239737174575
1794,59.79940199999999,0.07317214098447458,0.27632630029357785,-6.413133687557884,-0.37880209705129647
1795,59.832735,0.07342473723019895,0.28244924705244023,-3.8697798733976683,-0.016809986586730424
1796,59.866068,0.07326001914080005,0.2772336705929017,-7.322027803257713,-0.279614433480606
1797,59.899401,0.07381855035897537,0.27722820903667805,-4.945896419430148,0.034195283486769465
1798,59.932733999999996,0.0730658298244955,0.280420973334615,-5.822745937859282,-0.04391046908274782
1799,59.966066999999995,0.07338506188756337,0.2806908746649803,-6.233727066107765,-0.21069840778604018
1800,59.999399999999994,0.07271129386163841,0.283115818803352,-6.615916562717833,-0.16006126891313655
1801,60.032733,0.07199063161798465,0.2899889285186473,-10.102771427104358,-0.5638198563981879
1802,60.066066,0.0736018521449933,0.2958642247323041,-10.36379263378025,-0.39827231592346013
1803,60.099399,0.07208171999414369,0.27483543978520736,-7.211410507372923,-0.27002796525485256
1804,60.132732,0.07138581779779801,0.12484062365289955,-5.051085316500279,1.3501830694802446
1805,60.166064999999996,0.07346228601860483,0.09960652702701261,-5.234905227202527,1.4096889313324408
1806,60.199397999999995,0.07195581306718846,0.1635743137868559,-10.354817278272039,0.3948711885639954
1807,60.232730999999994,0.0719771481738752,0.21642759602331635,-12.64007677038685,0.17943144749543685
1808,60.266064,0.07262014072065892,0.23226625952722135,-13.300393246248747,0.04247464313741695
1809,60.299397,0.07217692844479329,0.24553237206805206,-14.564140141577926,-0.08343695932545575
1810,60.33273,0.07319141324951951,0.2555458042503569,-13.68043245083009,0.0037830079233685224
1811,60.366063,0.07394814761861958,0.2656149285677244,-14.911817107525913,0.017010164911895526
1812,60.399395999999996,0.07330520581748938,0.2676800067791384,-13.545786968804098,0.0655576057945353
1813,60.432728999999995,0.0733002717354547,0.2574501831107428,-15.745514111473538,-0.3949772435199393
1814,60.466061999999994,0.0718320630418689,0.26990567058387294,-17.55540175503754,-0.5946809409012642
1815,60.499395,0.08775355256078185,0.2684505816115819,-17.38764075360169,-0.6842225740162633
1816,60.532728,0.14903656693051628,0.2770719453826357,-17.231566213092407,-0.8623950513256886
1817,60.566061,0.13679698312626057,0.27772996137392936,-17.535148475954685,-0.7487463865024901
1818,60.599394,0.14151409500003553,0.2870427447261539,-12.971318464121898,-0.17192635471142687
1819,60.632726999999996,0.09649146036803719,0.28379063017688366,-11.780236472995512,-0.07581474197313855
1820,60.666059999999995,0.07388301019793704,0.27664117070205463,-10.057066610531997,0.06755134129658542
1821,60.69939299999999,0.07348765087797528,0.2676590016303979,-8.588841419390747,0.12837746685243512
1822,60.732726,0.07496209940491173,0.29282558167763756,-4.781218010647489,0.3529039140182604
1823,60.766059,0.07576095091865713,0.2741658362064222,-3.4553921253713105,0.6819747334460484
1824,60.799392,0.07449966409773359,0.28101024921080564,-2.463659889969655,0.7569181725564262
1825,60.832724999999996,0.07538365772784947,0.2835150205827274,-2.890584866389953,0.9232313473413081
1826,60.866057999999995,0.07407469230469632,0.2863788055001979,-1.785705161615419,1.0272027460016482
1827,60.899390999999994,0.07365728461542922,0.2859611868073818,-2.0174698409572183,1.0963278632127482
1828,60.932724,0.07231384890106858,0.2746741625358705,-3.6644627334572677,0.9243875751005587
1829,60.966057,0.07305327161497932,0.2827491216645892,-2.421204949028287,1.0906585975611975
1830,60.99939,0.07338575687405302,0.27789919558353093,-4.846956498553173,0.8271401204491596
1831,61.032723,0.07335597112095596,0.2938100301545692,-1.7751720547818126,0.8634911924078605
1832,61.066055999999996,0.07290179385801449,0.2921908247139468,-1.207459659311812,0.40628805447130023
1833,61.099388999999995,0.0735645793677107,0.2966510495774578,-0.8223220534696101,0.3694801876749042
1834,61.132721999999994,0.07211719798416764,0.30455380926871606,-0.9333865655694961,0.08567712648485838
1835,61.166055,0.07295016351609837,0.2942025995203328,-1.4288341797173996,-0.14514485359438348
1836,61.199388,0.07287406276948943,0.28980901083517285,-0.5934383744770074,0.07031717738687956
1837,61.232721,0.07378626990513716,0.2944809141144348,0.495175840472855,-0.026953813533646162
1838,61.266054,0.07315616629824585,0.28633069161230473,-1.9335315408680083,-0.2487839894178227
1839,61.299386999999996,0.07343179945312596,0.28936101234429823,0.41205745765182733,0.06950347406133958
1840,61.332719999999995,0.07270558645762865,0.27987029446297385,-3.9885479417256127,-0.1959280256446384
1841,61.366052999999994,0.07306521976318926,0.2897967024786095,-1.8536400837482778,-0.14256112209359745
1842,61.399386,0.07369885830172049,0.28979943049019075,-2.082871917194884,-0.03827225925329414
1843,61.432719,0.07250694648390132,0.2928175059818671,-0.26072720193214405,0.1410030275109328
1844,61.466052,0.07280064749580441,0.28716776613720085,0.1282686542054214,0.1792404707039279
1845,61.499385,0.0743874448428646,0.2875651439445328,-0.9156376456309877,0.22076535570471986
1846,61.532717999999996,0.07303376504702497,0.29017165907466624,0.12421235382854867,0.29100834889929017
1847,61.566050999999995,0.07507287442294543,0.2804516904818961,-4.650245292992798,0.06502535659825746
1848,61.59938399999999,0.07363151391955132,0.2715829147652726,-5.407745241100042,-0.013266759488540626
1849,61.632717,0.07419566783674975,0.2764635243053081,-5.131037725448028,0.0013591784167463045
1850,61.66605,0.07340129876995694,0.2743833571342156,-5.509267295730815,0.21363667928110294
1851,61.699383,0.07380397311183144,0.26952114682494915,-6.13440258969012,0.2393479966386538
1852,61.732715999999996,0.07387257081364641,0.26968759882908333,-5.3850404896346475,0.23815678916613775
1853,61.766048999999995,0.07512490322148867,0.2718690389128283,-6.617178965468362,0.191562366384749
1854,61.799381999999994,0.07375065144845382,0.2719413509983005,-6.057130921355938,0.17923938777953105
1855,61.832715,0.0747814983918164,0.26827720039146397,-8.811814497867397,-0.23587630671619583
1856,61.866048,0.07496581388149735,0.2670735071822694,-5.835556965441975,-0.020339535639212546
1857,61.899381,0.07470783517420815,0.27388118848334053,-7.6776759966211845,-0.1913409566375024
1858,61.932714,0.07408026383030876,0.2670928452529008,-7.436708034153151,-0.17141257544116062
1859,61.966046999999996,0.07387810424583373,0.26726364959121696,-7.42389648267885,-0.24084475120531165
1860,61.999379999999995,0.07408281911257428,0.2759798511854252,-7.550800367423257,-0.22376373118031967
1861,62.032712999999994,0.07458891582966365,0.2759856114669881,-8.747173257160211,-0.42002628301407097
1862,62.066046,0.07280451971733906,0.27970414041879643,-9.276270992361214,-0.49639657866592046
1863,62.099379,0.07383239346228442,0.27525857978067947,-9.48438357835672,-0.4640292095066637
1864,62.132712,0.07438606653583141,0.28132554572187496,-7.767603546016617,-0.3379221725828416
1865,62.166045,0.07427323885027899,0.28377291385998993,-6.563616957890452,-0.1965320617859556
1866,62.199377999999996,0.07392502803789604,0.2862096280077605,-8.304146895835533,-0.2361756190915663
1867,62.232710999999995,0.07292740448239379,0.27151284925782676,-8.316069420658085,-0.18133471381888672
1868,62.266043999999994,0.07395240758885034,0.27239586462220666,-6.839636824505645,0.004591086315514935
1869,62.299377,0.07385084570508126,0.2815132039416631,-6.956120094647239,0.1420156965699049
1870,62.33271,0.0744807396506651,0.28176030555993803,-6.237681011347109,0.044634120994459014
1871,62.366043,0.07427989016557662,0.281701133949233,-7.020675653717949,0.36560581248650287
1872,62.399376,0.07589428678744733,0.2697801152512641,-6.943554063213273,0.462041276713194
1873,62.432708999999996,0.07447575022080972,0.2665639632700537,-6.2987656752676,0.18978607427657804
1874,62.466041999999995,0.07414000475301517,0.2690428488465727,-6.371093486465408,0.17903612303525762
1875,62.49937499999999,0.07463835760616432,0.22753096231544784,-6.194762973158924,0.05389019183258816
1876,62.532708,0.07262101584318115,0.11321222656322412,-2.7405539385422473,1.0050030431599466
1877,62.566041,0.07458486446220676,0.11101362137722848,-4.681748439122832,1.0864834959507443
1878,62.599374,0.07455988600277275,0.16659854389491535,-7.420856806320364,0.33524158815724575
1879,62.632706999999996,0.07475036202443158,0.21744425114772742,-6.891287226226446,0.07805737049700287
1880,62.666039999999995,0.07372765502402417,0.23310691456463814,-5.940081375989816,-0.07474909188052335
1881,62.699372999999994,0.07537857648607992,0.24252649712172542,-6.211687067701107,0.019540617830298816
1882,62.732706,0.07401451503693633,0.24630499451251986,-5.717143124596072,-0.10637493069125475
1883,62.766039,0.07214982827018761,0.24504717043755464,-3.460218498587441,0.057812216121170004
1884,62.799372,0.07369331258017266,0.2575343340907372,-5.142980824149814,0.0074159146088903635
1885,62.832705,0.07306054849217218,0.26128320570281216,-6.408544498230737,0.10770254462219714
1886,62.866037999999996,0.07310253812044179,0.2843176496836318,-6.45528623804665,0.13325394239479152
1887,62.899370999999995,0.072914686469299,0.2886713598855344,-4.3288288236252255,0.09131273773452969
1888,62.932703999999994,0.0719238158890424,0.29289568839503577,-4.403755025003318,0.36065102526179205
1889,62.966037,0.07320234062932551,0.290140898156236,-3.4951877592039176,-0.07937508896293077
1890,62.99937,0.0732459819466383,0.28336469611036946,-4.634745264269401,0.28786782783459197
1891,63.032703,0.0735664803322551,0.2887512740736616,-0.5234029292929453,0.35573854814220607
1892,63.066036,0.07172152689921713,0.27933686754598996,-5.501857798766594,-0.15151650065824443
1893,63.099368999999996,0.07215951657760288,0.2913826519541447,-2.2008672481483935,-0.2706287764466441
1894,63.132701999999995,0.07291940459913145,0.2955302914936132,-2.712778907859399,-0.2649348549474568
1895,63.166034999999994,0.07376436595589768,0.28099854514107037,-2.796850749015471,-0.07729167379654142
1896,63.199368,0.07265210217850437,0.2808258670888491,-0.05363680158413315,-0.28840779497280994
1897,63.232701,0.0736990251251927,0.28317851796831983,-1.5578289984367086,0.04160996837441821
1898,63.266034,0.07308835640416601,0.29071634598004925,-1.3993369402319096,0.10000991534127908
1899,63.299367,0.07379811188128871,0.29238510697464426,-4.146362282031688,0.10087895913536157
1900,63.332699999999996,0.07357588780223623,0.27690034835169675,-6.422582760092231,-0.1927049634651186
1901,63.366032999999995,0.07235275551868306,0.2828090353579402,-6.086133052900599,-0.3124537799613656
1902,63.39936599999999,0.0731244659317049,0.28410974573861036,-3.3007226698330236,-0.15533539607212155
1903,63.432699,0.073316674837308,0.28867382279027876,-5.546415305758393,-0.08891005796701457
1904,63.466032,0.0736822548031925,0.2862803062894239,-4.610350232107586,-0.13079847165748062
1905,63.499365,0.07420931660924392,0.2866816042630716,-6.073122392132773,-0.24917400826670116
1906,63.532697999999996,0.07374643648947424,0.28330059339518987,-5.0829744632446845,-0.11463716857807452
1907,63.566030999999995,0.07350165403355159,0.2814143372402049,-3.516771972393302,0.25556920720287807
1908,63.599363999999994,0.07299047521632346,0.29463926951958586,-5.6478840437548845,0.05651580414307153
1909,63.632697,0.07276356100515759,0.28449283884645976,-3.9207905015197855,0.14286987171233165
1910,63.66603,0.07376101782429569,0.280602854679459,-5.4059330049418035,0.29947149630718833
1911,63.699363,0.07249755930357413,0.29447419052340734,-5.242176394410375,-0.013208633659250093
1912,63.732696,0.07339426687779096,0.300844918683981,-5.201114903553773,0.07619009892781409
1913,63.766028999999996,0.07261577851060785,0.2883142652383116,-5.716792413254956,0.23264477030697445
1914,63.799361999999995,0.07272162364354397,0.2949653165906485,-7.292831906777539,-0.05466728166343845
1915,63.832694999999994,0.0714872842771991,0.30023670481467046,-6.365403434891442,-0.08447634195874716
1916,63.866028,0.07222183432354824,0.28759384383762737,-6.763453326972881,0.017494771101034083
1917,63.899361,0.0734144155466489,0.2875476130144078,-6.049325664379919,0.0030776128923011028
1918,63.932694,0.07228079350730053,0.29234170368175866,-8.51483042142344,-0.23922373236868305
1919,63.966027,0.07241523452584486,0.30269018254514796,-6.39425787147768,-0.4006124018659835
1920,63.999359999999996,0.07324547944397072,0.2996377984669757,-8.158575425917245,-0.10971113549040215
1921,64.032693,0.07374307629613226,0.28594346759188427,-7.782308025112598,-0.14814138916331845
1922,64.066026,0.07354155551132012,0.2901202449015167,-7.025373508612868,-0.056888627413375366
1923,64.09935899999999,0.07362188049696138,0.23375070855541127,-7.672480106064159,-0.09373906206160515
1924,64.13269199999999,0.07217736673121224,0.12792016355811142,-4.96713133250074,0.9704834307454323
1925,64.16602499999999,0.07431654943426849,0.1921478315868699,-11.689130500349137,-0.2742113934826464
1926,64.199358,0.07362299678283217,0.2135267542823018,-10.393927454830886,0.06381044857397797
1927,64.232691,0.07410664256193684,0.2206142670811713,-9.791668868013737,-0.2074705965205481
1928,64.266024,0.07295604415567536,0.2340415391377484,-8.944678398312242,0.0996647098946033
1929,64.299357,0.07476234066100987,0.2586665350870977,-7.1386927326798055,0.04069419770490119
1930,64.33269,0.07503731543595056,0.2613333762429456,-8.116434312616606,-0.16449088039206344
1931,64.366023,0.07354145363074222,0.26254375297165056,-7.427945906248916,0.01527693753722175
1932,64.399356,0.07294374448602359,0.2541021686888365,-7.200556304284962,0.04144095376659028
1933,64.432689,0.07335814790706306,0.26127602779349074,-8.685412330042055,-0.19361448386448088
1934,64.466022,0.07449156015305375,0.2825379386978041,-6.410107334823641,-9.465728004017859e-05
1935,64.499355,0.07362244341563516,0.2893266424657226,-4.922761387041343,0.11126018377272962
1936,64.532688,0.07358049675317338,0.2906818206714151,-2.1320948278556653,0.18094718414896843
1937,64.56602099999999,0.07319881894111611,0.28491968129282264,1.0567084324080354,0.35788976815841683
1938,64.59935399999999,0.0731558146938106,0.3020633034353658,3.3809878777900444,0.6725039812094662
1939,64.63268699999999,0.07133536583894604,0.29678083322033033,1.0400652264309078,0.1367060331116754
1940,64.66602,0.07288602706516775,0.2982804579181425,3.692050332608307,0.13646040662055667
1941,64.699353,0.07342448083865766,0.29661670200185863,2.4044576288378074,-0.13156828835877557
1942,64.732686,0.0738575857598137,0.28026766548772775,5.104483376681447,-0.03965452622249697
1943,64.766019,0.0740124915642619,0.2983845656109165,5.951472460812433,0.29586140199986366
1944,64.799352,0.07408445476721125,0.30002850579864154,7.529931057940505,0.16969388171414787
1945,64.832685,0.07319671561718744,0.32143794756195476,7.783854649147908,0.20952046395621982
1946,64.866018,0.0728867894336305,0.3000703809772494,6.886436716531371,0.0874144104087833
1947,64.899351,0.07111101046921058,0.2941776455487786,4.348251012490368,-0.19122546980538072
1948,64.932684,0.07339623877451278,0.29836137226385834,7.4725030237878425,0.0700610797393958
1949,64.966017,0.07228465445387215,0.2922778312107356,4.859940804374319,0.15118639821516278
1950,64.99934999999999,0.07203646763708747,0.293984652772319,5.758252966002085,0.1324094773930648
1951,65.03268299999999,0.06987401243579693,0.30249942240785177,5.180955357923105,0.07695515204525566
1952,65.06601599999999,0.07203151399519235,0.29241089766976724,5.128881861953675,-0.033976315501172846
1953,65.099349,0.07449177565339592,0.30620819727657644,6.2084749006818924,0.40112709870670227
1954,65.132682,0.07281183500760148,0.29197811440958765,8.785527284137087,0.5619549334514601
1955,65.166015,0.07266394414495733,0.2983164412864835,4.985573866366347,0.14884023528415224
1956,65.199348,0.07154377977714013,0.29647592923951727,4.272224182320794,0.23648268231434744
1957,65.232681,0.07100081448725015,0.29205883209435873,7.0603805885759146,0.3649943436010995
1958,65.266014,0.07224338362372412,0.29237825843617626,4.678780950587865,0.5162334896647325
1959,65.299347,0.07190480009702452,0.2964427996711878,2.794639270778806,0.23769357712797337
1960,65.33268,0.0707648468693413,0.2974202550450385,3.9096015926844276,0.21884589850138134
1961,65.366013,0.07279067631650545,0.29387597725650755,2.738610984980828,0.3118989143079636
1962,65.399346,0.07215607632103817,0.30359418396369187,6.771473136787619,0.6272760027187322
1963,65.432679,0.07044134351775004,0.2984669799457855,6.317123978875659,0.6752265691537835
1964,65.46601199999999,0.07301692912216634,0.30252384615794403,3.471845679314075,0.5056995942247999
1965,65.49934499999999,0.07275232102819686,0.29444561520654233,2.828009927107666,0.4118052527818478
1966,65.53267799999999,0.07291035804399197,0.3027794810133109,6.483544213092686,0.5859098703941906
1967,65.566011,0.07259499523873938,0.3100966392016732,4.823365134935388,0.38199057175606305
1968,65.599344,0.07245402724168366,0.3022698594770748,4.134299921253307,0.36756217465855834
1969,65.632677,0.07385610186365911,0.30140517792874855,2.3023996709948276,-0.011666468977452542
1970,65.66601,0.07329284747345291,0.3053276411072292,0.7585919032593107,0.11390059018380577
1971,65.699343,0.072790419564079,0.3079252709510225,2.355824200011032,0.06808002055065153
1972,65.732676,0.07259049678655272,0.30959919649094547,3.504427094537118,0.21136717523486806
1973,65.766009,0.07349057492205305,0.31760471448509275,3.191683338398483,0.45135912894633395
1974,65.799342,0.07336574912991169,0.31987256840971234,1.5534989530708783,0.029129060386944898
1975,65.832675,0.07361384985995881,0.2914316775613579,-0.5983729519339639,-0.04978914948171319
1976,65.866008,0.07386618979078087,0.301949318466577,1.2855774981137207,0.11528192802731078
1977,65.89934099999999,0.07466669148254457,0.3023237166010908,1.002175949073907,0.030370908121578038
1978,65.93267399999999,0.07407897160173972,0.3026545688329487,2.9182549491748135,0.08557764102437662
1979,65.96600699999999,0.07343599649018252,0.2931052279697269,2.555154710254368,0.21126007562482393
1980,65.99934,0.0725836464270485,0.30481866206879465,2.567540902850982,0.11219159627340312
1981,66.032673,0.07346218982697984,0.3072032738919207,1.4308593538182057,0.25435130444286963
1982,66.066006,0.07395240619762071,0.31205446668675096,1.5364100125047349,0.04369700579510158
1983,66.099339,0.07290027741260774,0.2955323765925669,0.3773218698644447,0.05768548332945989
1984,66.132672,0.0736097355073757,0.3053820842224493,2.460713546508984,0.266322432249102
1985,66.166005,0.07372828547100511,0.3009882283038061,-0.3928779729538414,-0.0760903653084228
1986,66.199338,0.07364248970207465,0.32841595543580104,2.879690133465217,0.19959004298303584
1987,66.232671,0.07329733136473933,0.2959756510504965,-0.016854379626532114,0.24488928635596927
1988,66.266004,0.07286032413377096,0.3307820768472193,1.9357724636505744,0.4379870600598
1989,66.299337,0.07398314527254028,0.3000885795958343,0.8393397355237183,0.600055952352075
1990,66.33267,0.07361895228263464,0.31891753402665113,0.9408463244586417,0.49799142526495666
1991,66.36600299999999,0.07275975530048723,0.3141701591492944,0.5843302796848855,0.4900951476415014
1992,66.39933599999999,0.0739131162709703,0.3085145265757298,1.18606835079398,0.6394195674857497
1993,66.43266899999999,0.07378648734087077,0.32020726602585925,1.7374493978357097,0.680268238489833
1994,66.466002,0.07379909993366292,0.31104115602282234,1.844458807637949,0.6972376687124654
1995,66.499335,0.07278330660338345,0.3153766454917124,1.0207327092010972,0.5745039985070548
1996,66.532668,0.07210241767055418,0.3114646055852919,-0.887415268742223,0.19334010650683528
1997,66.566001,0.07351528837166083,0.3008326865647566,1.4397876386003459,0.6616618566894655
1998,66.599334,0.07286107690076785,0.3134808386359417,1.8114506675819868,0.5903152440318085
1999,66.632667,0.0732587245904023,0.3024874741817605,0.22609513972546696,0.3303093203469997
2000,66.666,0.07238928458850619,0.30850536219599234,0.4652779531653122,0.5372893737812523
2001,66.699333,0.07191632114667638,0.293803640243972,-2.2648516262621308,-0.07190838439164907
2002,66.732666,0.07176333592891705,0.2918175629137233,1.10459731354423,0.07325514855449643
2003,66.765999,0.07156355721450695,0.30760024498461075,2.238376232467007,-0.14011523044915256
2004,66.79933199999999,0.07126516584897406,0.30281563186988025,4.427224420041879,-0.1394224317758736
2005,66.83266499999999,0.0728195725763871,0.3138137949665904,5.117455569193894,-0.08514948262462824
2006,66.86599799999999,0.07192585869296375,0.30511519816398647,8.13210150271573,-0.020492669199833904
2007,66.899331,0.0720445964175063,0.3080494840301929,6.196285334992523,-0.29255471740754807
2008,66.932664,0.07253653460291895,0.30811019132501394,7.143875012829278,-0.15731446638458962
2009,66.965997,0.07316237000622508,0.30060917304269813,5.4474541836433765,-0.586180425105229
2010,66.99933,0.07270457663601874,0.2940122908614583,6.791430520424363,-0.03509699428815382
2011,67.032663,0.0731535226859894,0.3043590983461433,7.504159475082858,-0.0108897126537611
2012,67.065996,0.07185267352873052,0.2948707900353945,4.506150329647894,0.08344034446536262
2013,67.099329,0.07295000875310631,0.3010721322765024,4.035973705493817,0.1229688377216519
2014,67.132662,0.07263308649690381,0.2951290318678499,5.017656935796722,0.43412677470927846
2015,67.165995,0.13553524908431094,0.2927840696545924,-4.324444906812512,-0.14062064586592293
2016,67.199328,0.20437991211748627,0.2817244235692412,-9.574262853080068,-0.7211356503039953
2017,67.232661,0.1873812593780365,0.281740095726264,-9.489909518524072,-0.7719583406361955
2018,67.26599399999999,0.1615163661302914,0.2856452561357249,-12.886163605238501,-0.9581817976041839
2019,67.29932699999999,0.15737126269612117,0.2678633034556787,-9.362051690758397,-0.7279538778002833
2020,67.33265999999999,0.1642846814088837,0.2726154898910817,-7.275498683937226,-0.671655371064415
2021,67.365993,0.16717971759633965,0.2778957767590363,-7.574544132624946,-0.4425664118546988
2022,67.399326,0.17451518400307317,0.28429068819380815,-4.934934594107787,-0.24454058071405987
2023,67.432659,0.1813518948103323,0.2795567876022871,-4.804700358298821,-0.2117764839974219
2024,67.465992,0.17952784594550567,0.28825104723682177,-5.991234494311063,-0.32011778395797075
2025,67.499325,0.1782045735320203,0.28503403995820786,-6.201305681909777,-0.3432765496357682
2026,67.532658,0.18595066438345315,0.2833783603116483,-7.383445274383221,-0.3136058678885367
2027,67.565991,0.1913141244719382,0.2796349602180442,-5.630411697746304,-0.017670936795529297
2028,67.599324,0.19374097344635435,0.28030456366041523,-4.26616870370678,-0.25594127241473824
2029,67.632657,0.18349767233911365,0.2805194103577425,-4.016925669981889,-0.01965784009941622
2030,67.66599,0.18620315483533462,0.2802921840228133,-4.172003146331468,-0.1992876271141322
2031,67.69932299999999,0.15449855501664814,0.2904827001332297,-2.2829079536111587,0.06205731933318056
2032,67.73265599999999,0.07034288301344395,0.29536173128071364,2.4001660888190224,0.5227772307586934
2033,67.76598899999999,0.07003581831344159,0.2803892700413064,1.7734517696976984,0.7971376342426907
2034,67.799322,0.06967630737142737,0.2949616601615729,0.5046217977039281,0.378765321359169
2035,67.832655,0.18661693917587635,0.2844121502260285,-9.360785395015816,-0.41846793065586396
2036,67.865988,0.21428603545180028,0.29405284243846297,-8.063767625959885,-0.09514689140286256
2037,67.899321,0.19582593902874235,0.28090646817756504,-4.689670637476799,0.2903224238228645
2038,67.932654,0.17284751377228555,0.27520812924408167,-2.7778947152406617,0.14826771747752254
2039,67.965987,0.16473788888113544,0.27924994447466683,-2.1682364098905924,0.47283690118261895
2040,67.99932,0.16718076697270165,0.2814209642696649,0.4761532739153504,0.751404469295581
2041,68.032653,0.17784178410275792,0.3029778530953054,4.054329352841622,1.5244222580824511
2042,68.065986,0.16915398174247007,0.30065504284775746,3.974928428795691,1.3608483319373077
2043,68.099319,0.1690572443774732,0.30238727444386027,2.625182730637294,1.1865304454593548
2044,68.132652,0.15999726901632158,0.30484685242205667,3.6204583322339454,1.27216571316547
2045,68.16598499999999,0.15914356974133442,0.30141553827434237,1.2270365663781575,1.1655390156368124
2046,68.19931799999999,0.15925967724291615,0.3043807999911571,5.320522377216305,1.28787512785305
2047,68.23265099999999,0.14388532014409855,0.3129601680334539,4.53218573457982,1.361091301814263
2048,68.265984,0.14664383247981105,0.3191968740030324,7.8167386846623685,1.6209034436696765
2049,68.299317,0.1479602360238261,0.2994311285566136,6.005286262611658,1.5834840157551129
2050,68.33265,0.1542704480716406,0.311481609701267,6.973329242848928,1.7676053146926776
2051,68.365983,0.15274013303015205,0.3060469815712211,6.333642013619699,1.8311157059691434
2052,68.399316,0.15719476055283094,0.30759366083577067,5.974868826519261,1.6718611586934176
2053,68.432649,0.16858156901244295,0.308473492136322,5.553723998085291,1.9824155421826875
2054,68.465982,0.20265744170156733,0.29346582295060697,2.4418570540272047,1.6515356272828334
2055,68.499315,0.18195049145758746,0.284597291199551,3.1254655035380026,1.6008818209656057
2056,68.532648,0.13263734789144482,0.28230351057225,-2.1600284983746008,1.0623268863621724
2057,68.565981,0.08524938107778324,0.2678476428825258,-5.130950724276454,0.6811063931120939
2058,68.59931399999999,0.1367677335252927,0.27397038908073634,-0.1386887761948982,1.1633052648502311
2059,68.63264699999999,0.17404045396716197,0.28817403140267406,1.9054063219808062,1.5815625859954108
2060,68.66597999999999,0.18082282671920563,0.29051844506478275,4.112885779954669,2.044966095910775
2061,68.69931299999999,0.1620850509334953,0.2868851407688781,-0.7729943100637732,1.3719449382763025
2062,68.732646,0.14623217127184496,0.3030545706691947,4.810175275172982,1.8385150744226888
2063,68.765979,0.1166704348437248,0.2955282873173593,0.5182371364877048,1.4253215726245647
2064,68.799312,0.1262521552431638,0.267515526544878,-0.24571521642382171,0.8626022721925962
2065,68.832645,0.1446787243628379,0.14867877723501094,2.793611480366714,1.6793669638451327
2066,68.865978,0.15979154799751935,0.14794679278099532,1.3084375437382432,1.6561010749299507
2067,68.899311,0.16607175345441522,0.20160945011824036,2.1006176833079993,1.0333738405243966
2068,68.932644,0.17398456314263383,0.22108606231644895,-3.098704353074382,0.8001976950257064
2069,68.965977,0.17399991682086774,0.2396317568912268,-2.3549488374095966,0.40307954223182285
2070,68.99931,0.18519506416666498,0.25460122801687296,-2.715670632151358,0.30914965500733954
2071,69.032643,0.10104053909857019,0.24817174672644904,-1.547773223338,0.10667359750212231
2072,69.06597599999999,0.07045587710445403,0.24624802213918429,0.7940242133203042,0.6811346069081999
2073,69.09930899999999,0.07071516631609855,0.249339300505447,-2.550861239609795,0.6656812276053609
2074,69.13264199999999,0.1452808492598026,0.25328747378840144,-7.578237088286907,0.18612980113579938
2075,69.165975,0.2209112288688525,0.25283523709001243,-7.343083502505497,1.2405844699337896
2076,69.199308,0.20030347893321812,0.2705378557311818,-8.730255820061544,1.4728514506058519
2077,69.232641,0.18213581893302977,0.26199729328491633,-9.506599607245949,0.9798524704671502
2078,69.265974,0.1755430693772294,0.260944025398206,-7.488433858500494,1.3855695974208981
2079,69.299307,0.1704754572266681,0.2651304413702648,-2.5263116085890207,1.4856848658010255
2080,69.33264,0.16260619175922916,0.26308774107339405,0.724097411100218,1.9034369184832798
2081,69.365973,0.16594364371014897,0.2728501453280253,-2.1173060075300874,1.6156092479511799
2082,69.399306,0.18222127257986967,0.2751523602244119,0.34273437367854437,1.700701626273111
2083,69.432639,0.20554839367902253,0.2734522492099617,-1.383060940877256,1.7028490538212837
2084,69.465972,0.20840617823659943,0.2908884193074548,0.18534002640065506,1.8316078870945203
2085,69.49930499999999,0.20185537353941996,0.27452724449240823,-2.569261829768062,1.5452066060185234
2086,69.53263799999999,0.18296177005355627,0.2869820638040441,-2.773167651828588,1.0986549964602672
2087,69.56597099999999,0.16322268041715662,0.28638133433375496,-0.9856978383157566,1.2743093777430181
2088,69.59930399999999,0.07614719382302854,0.2954863344618802,6.973210797449761,1.7016211043199385
2089,69.632637,0.07185759936425926,0.2901041751134891,3.388853663673907,1.5481132843139191
2090,69.66597,0.0714332001667007,0.2907535206993526,1.5720958391819455,1.3769537002861738
2091,69.699303,0.11117309570698956,0.29268382613271304,3.5161921872457436,1.3488877865993096
2092,69.732636,0.17602784770910299,0.2828441124671071,2.3108896508747985,1.2918607206726638
2093,69.765969,0.1777420729901845,0.28397084317552324,0.40972589760708833,1.2399084593522331
2094,69.799302,0.16624291997206997,0.28402120103179035,-0.14045306586842488,1.1542371463059684
2095,69.832635,0.17074737523984543,0.28429321983782063,2.0257309420699676,1.4893445164649628
2096,69.865968,0.169938554850104,0.28449824122635636,3.2513986810079,1.6330316546918806
2097,69.899301,0.17217744446592387,0.28167465027899297,3.1274635431254905,1.5356924314964602
2098,69.932634,0.18287995579615954,0.285860779071485,1.6707616194511652,1.1299482515891726
2099,69.96596699999999,0.18831420928908335,0.286024424661719,2.365231582190402,1.3238205889230712
2100,69.99929999999999,0.19382964329716837,0.27917519414550984,1.0940366885131985,1.391062265960794
2101,70.03263299999999,0.18629140462184499,0.2758640763503787,0.7747706005133981,1.3210377669789897
2102,70.065966,0.18063422440563517,0.2822468709158148,1.1700423760574565,1.2839364482509938
2103,70.099299,0.1627763210419233,0.29043472200179055,-1.5271416645124334,1.2008957036238086
2104,70.132632,0.1553796114176165,0.2950147364357719,1.9616811202549427,1.1971200691502344
2105,70.165965,0.14955599338390843,0.29766113420478346,3.57037484105859,1.0817642233989886
2106,70.199298,0.14738860014681188,0.28730997528277014,1.9133129111267844,1.4944461919844534
2107,70.232631,0.13692070780670926,0.2876417650824465,1.9250482443610215,1.262329578207168
2108,70.265964,0.13854610589554778,0.30773983928962767,2.184601675477542,1.40497443991598
2109,70.299297,0.11929370239097897,0.2964731035792018,2.5791197361196088,1.2528266417905747
2110,70.33263,0.07091668903715716,0.3014329083028441,2.565006617117152,0.9638413482104179
2111,70.365963,0.07390721915512574,0.28770290809420307,2.3915276034695294,1.11374988983082
2112,70.39929599999999,0.07247887579732372,0.3066691659517914,3.8044202500262836,1.3672063131675385
2113,70.43262899999999,0.1706842950075979,0.29799637521361266,2.2375575567215997,1.050917843775159
2114,70.46596199999999,0.20285094004033644,0.2778289786040595,1.8264809521399814,1.37960018804777
2115,70.49929499999999,0.20296254599165245,0.2764565979214294,-0.4885112431829333,1.437843268425275
2116,70.532628,0.19886831871755595,0.2633986507170464,-0.013961136038182867,1.743218250143436
2117,70.565961,0.18166058667480617,0.2697722547651132,1.842405780224856,2.4871776343973364
2118,70.599294,0.18353733853045437,0.26902512574167187,0.06803559121737186,2.221760171049175
2119,70.632627,0.17501903713356085,0.2726160001555108,1.6583393658155472,2.3317643692560055
2120,70.66596,0.1577435303230206,0.2734477541962928,2.139602901048777,2.438648173928496
2121,70.699293,0.15730641024454367,0.27232263955862096,2.9948853859217612,2.5603407265318467
2122,70.732626,0.14996853482359082,0.28250108572328453,0.87454434439708,2.2143266418583716
2123,70.765959,0.14970350429851143,0.2783524263447763,3.8107529699823015,2.743104216300003
2124,70.799292,0.1425115437555441,0.28349901711638537,4.336073111044086,2.4994925301364797
2125,70.832625,0.1481516951132589,0.2999659592347591,3.781894763646695,2.487797207329304
2126,70.86595799999999,0.15645900475011307,0.29049205892797036,6.141011256370255,2.1403133594317048
2127,70.89929099999999,0.15663394938446315,0.2811645291417595,4.857701117919904,2.6392530099822458
2128,70.93262399999999,0.16246005113616505,0.273799312899355,7.378021808242963,2.4046928188060557
2129,70.965957,0.14010176950730152,0.27020538182573317,4.18627122863231,2.534570469274461
2130,70.99929,0.11182047664397456,0.264639798202443,3.4891139456926203,2.1693161169128294
2131,71.032623,0.09313272776686468,0.16839485418058986,3.1627873947437184,2.5026140899770244
2132,71.065956,0.11902037784403872,0.16344786517008067,1.1112017413562318,2.958854882039007
2133,71.099289,0.12133996542311147,0.130471754396066,2.791472537059921,2.6373481669571395
2134,71.132622,0.07314639938309596,0.16114373418464778,3.2712328681602694,2.179789946061411
2135,71.165955,0.07492697040324714,0.174309312127674,3.7624827201744253,1.8994317626523436
2136,71.199288,0.0735016792766474,0.18867526750468377,4.469106125996679,1.7845240632397887
2137,71.232621,0.07190137840875194,0.2138975319009338,5.508494940412299,1.5247223911019607
2138,71.265954,0.1075028935776386,0.2149766909566002,-0.14312776699494606,1.3729570698770732
2139,71.29928699999999,0.19331182463434657,0.214255590335085,5.633703500889984,1.7410204014151038
2140,71.33261999999999,0.20723202519797063,0.21479240916305892,-2.0315587526945253,0.9705584728609017
2141,71.36595299999999,0.19259011268669496,0.21317229466838383,-1.9025008844384805,0.780021846312398
2142,71.39928599999999,0.14829428722626192,0.210765426294734,0.09203602604797889,0.9319508912672242
2143,71.432619,0.07295963527439346,0.2035093876927181,1.1578052064035482,1.088815462778644
2144,71.465952,0.07240634227461476,0.2069430000790763,2.4096611017360825,1.4327196425497883
2145,71.499285,0.07275470887167076,0.2182283084527698,3.5120493332689597,1.9168234166889018
2146,71.532618,0.12681066352624834,0.21495789912283098,1.2103863966328636,1.4257246257175993
2147,71.565951,0.21570172704213283,0.22421899924096678,0.8282176885487936,1.3593165543534895
2148,71.599284,0.20012212106944174,0.23069531919689473,0.5538833275498727,0.7481269525006901
2149,71.632617,0.1935666346626518,0.21732220305163527,-1.1811549916469644,0.6673963710017358
2150,71.66595,0.1867392094316116,0.22205936619909084,-2.5189868150638395,0.35374452311286625
2151,71.699283,0.1342256697184575,0.21637112588444565,-2.1765783519731023,0.3561048264523851
2152,71.732616,0.07287725534972381,0.2234029227552146,-1.7649148571133024,0.5675861280038631
2153,71.76594899999999,0.07116719138612937,0.21698342452460206,0.6855331102857573,1.3042220734525405
2154,71.79928199999999,0.07325895144829249,0.21684546912159758,1.4422265038202902,1.5688333135471502
2155,71.83261499999999,0.07572178323108929,0.22312552487418857,-0.12760248528073906,1.057836157145341
2156,71.865948,0.12307385540266118,0.23232515171053109,0.013277871416603457,0.2986336394659301
2157,71.899281,0.15285066818584572,0.2136888833044252,0.86588650359529,0.4409114886447068
2158,71.932614,0.17082524349032654,0.20892665817459988,6.322295958349222,-0.4221590244150782
2159,71.965947,0.18717585320771354,0.21816446150517818,7.16105306093055,-0.8682924578423052
2160,71.99928,0.19243592989576075,0.2134118125021582,7.503074953077819,-0.868613499612676
2161,72.032613,0.17712375152225784,0.22825104332881455,5.7501824853987875,-0.654166818221764
2162,72.065946,0.12544669668581912,0.23210720319929135,4.542415484868503,-0.45743727060679723
2163,72.099279,0.07262546880258862,0.2281081991483196,2.9884376861678215,-0.5131629075281123
2164,72.132612,0.12995827645648686,0.21756559022228744,2.8602452412118065,-0.20039607451991606
2165,72.165945,0.1894993372346439,0.22143035840400294,4.118567823451437,0.12437851941638829
2166,72.19927799999999,0.19328473526586448,0.21730308838124104,2.270430948291656,0.3677754774515991
2167,72.23261099999999,0.1911943252419744,0.22020622983460048,3.6548658121943016,0.44862370624641246
2168,72.26594399999999,0.18929737987727913,0.22657495463136065,2.6803049572545428,0.7144611932270685
2169,72.29927699999999,0.188239645000791,0.23338508354828633,2.3818869477973976,0.790197045424666
2170,72.33261,0.18435809013415727,0.22967361122909805,2.4377859923117438,0.8885514358658834
2171,72.365943,0.19065427055434728,0.23010757058203862,1.9749807675009026,0.9607583670417337
2172,72.399276,0.18797584690594107,0.22686949885069685,3.5688680462336086,1.1413906078709104
2173,72.432609,0.1922094378764581,0.22562440635061984,2.595022498664191,1.0800637279512142
2174,72.465942,0.18214914330579987,0.22797194425187461,2.9336616519964474,1.1576655057930483
2175,72.499275,0.17669255281469284,0.2247044785627682,2.222087413457231,0.8085654668119331
2176,72.532608,0.1892253990908386,0.2129489505176949,3.2910400711371923,0.785373026044897
2177,72.565941,0.19671930073632563,0.2158295411340343,3.2104924626269593,0.44404783460726704
2178,72.599274,0.19765706971752964,0.21130698351982402,4.578609649184746,0.32307551144629937
2179,72.632607,0.2032442690356433,0.20668652621462322,2.3750551789056926,0.3938103856925834
2180,72.66593999999999,0.20425557048930637,0.19928537809879,3.061086062989651,0.6452706057837959
2181,72.69927299999999,0.20594603757381888,0.2109337265593007,3.1501531525636555,0.5293596074633147
2182,72.73260599999999,0.20247648651162495,0.2263662703688183,1.1794961528386763,0.7720940604006272
2183,72.765939,0.2081561151022611,0.20818361434016056,-0.9420030073610927,0.41636765324418845
2184,72.799272,0.20752285498085074,0.21667722860067135,-0.6299179766361704,0.15580881346851055
2185,72.832605,0.20068882469327207,0.22213946298787346,-2.4430611160845745,0.1967224801487196
2186,72.865938,0.20353511732162952,0.22035383018121066,-0.7357667155884704,0.23682314877317792
2187,72.899271,0.20506156849781856,0.22252448268416172,-1.5246550846982423,0.23702358341996993
2188,72.932604,0.19898116132344287,0.21900925447520297,-1.226535796659916,0.5143786570375588
2189,72.965937,0.19301868731918437,0.22354626973442351,-0.5431321125638662,0.36160557419440514
2190,72.99927,0.1854831988015543,0.22835227478501352,-0.9795121080877041,0.5928227010099989
2191,73.032603,0.19326876035575472,0.24120020217992627,0.031866198128052595,0.4868051939194306
2192,73.065936,0.18809942144979505,0.23303237202770605,-0.5143886142490167,0.41191336188862676
2193,73.09926899999999,0.18857215147697973,0.22823386831953904,0.035870107052006064,0.3180074960621006
2194,73.13260199999999,0.19437806369757368,0.23688841224051568,-1.89103767132777,0.17850862822010474
2195,73.16593499999999,0.19925846265463534,0.23264861473211876,-1.205533253585493,0.7552501972032897
2196,73.19926799999999,0.19648822004502814,0.2378017822956361,-2.1837555462517146,0.7268667144951012
2197,73.232601,0.19962133363952053,0.24003011215118558,-2.860486321119844,0.48008282414031817
2198,73.265934,0.1933336647782746,0.24218950778426404,-3.609835162791915,0.45996927914300645
2199,73.299267,0.18967193229655016,0.23886240559617594,-3.4688368671026337,0.07742077485483795
2200,73.3326,0.1842395757908328,0.2381326861058978,-3.386116517016844,-0.18992675935382167
2201,73.365933,0.15914381473745096,0.2460361595368672,-3.4226923953985016,0.08131085164126303
2202,73.399266,0.15156735284033981,0.2274467164877566,-0.9935174278093825,1.2503362366255961
2203,73.432599,0.1615174865356457,0.2340388090898109,-0.9427817082405884,2.238445405574508
2204,73.465932,0.17700967545338442,0.23222049444127774,-2.174395939652093,2.575744575864784
2205,73.499265,0.17754597950489334,0.23643555564426924,-2.254268693337073,2.6780826572661236
2206,73.532598,0.17058622742888035,0.22649237650510107,-1.7085146583498694,2.9570024485776725
2207,73.56593099999999,0.15203338934896768,0.24243486503609601,-2.1185018524877153,2.514714765682099
2208,73.59926399999999,0.158024882487439,0.24007572196640295,-2.308434737600779,2.263116080299619
2209,73.63259699999999,0.17262072098201783,0.22303516655645717,-4.052965981040455,1.8672399422856707
2210,73.66593,0.1823202190417149,0.2257640403338496,-2.9341573962652063,1.844864500899231
2211,73.699263,0.18345310682697033,0.21574184959001957,-3.2133454051934884,2.066726906295045
2212,73.732596,0.18405940272371282,0.2310025605926695,-3.5159823689903926,1.858406190985782
2213,73.765929,0.1857921732931696,0.22903220046146194,-2.9463345523817246,1.8337973629436572
2214,73.799262,0.18309180258251467,0.2405432540223742,-2.511367646419303,1.7449088044334076
2215,73.832595,0.19124160370112753,0.2331676450955709,-2.127705683192771,1.343281188841747
2216,73.865928,0.18468167702105387,0.2353645663284772,-2.1054235416208655,1.0899251723763923
2217,73.899261,0.18370063415309357,0.24341775987576403,-2.8016684290177922,0.7455193798149569
2218,73.932594,0.1866695157186677,0.24431699631826187,-2.0593065533656705,0.5623029568522026
2219,73.965927,0.18379976086723643,0.24069587125123776,-1.073282931292964,0.8249887130514452
2220,73.99925999999999,0.19530926096787346,0.24905569044869663,-0.5628150055762361,0.7074608363922459
2221,74.03259299999999,0.20111975714346741,0.23280737249033792,-2.273525398103908,0.3209325700070876
2222,74.06592599999999,0.20074472457267165,0.2313304249404211,-2.1424693897178435,-0.014772822793776529
2223,74.09925899999999,0.21167871256050919,0.24186074351680736,-1.4526886092700364,-0.0366853851569956
2224,74.132592,0.21334839948714687,0.23146200861860072,-2.61502864090543,-0.521997071433198
2225,74.165925,0.21866328963560797,0.22779702945178595,-0.09981746771318824,-0.4303604224514578
2226,74.199258,0.21509675457003957,0.2299434362046317,-0.03733706958287783,-0.35738070161263225
2227,74.232591,0.22087368257362525,0.21762086623049565,-0.399049705127466,0.11614907200476722
2228,74.265924,0.22490785624700874,0.2174159285129224,0.05469070075027743,1.0303186604621648
2229,74.299257,0.22438565283841747,0.23022038325914918,0.2898502234758047,1.366034641856839
2230,74.33259,0.22048612583850205,0.22982270166247026,-0.8267658475585684,1.5581902840634958
2231,74.365923,0.22446035522031474,0.23335656007271474,-0.215089629085696,1.3524609116732327
2232,74.399256,0.22628222233175857,0.23193817767850777,-1.6311444973908042,0.8414097457973407
2233,74.432589,0.2299275965999862,0.23163992174646136,-2.0920176820164817,0.1787634137231032
2234,74.46592199999999,0.2317092839171109,0.2238908810288564,-2.857454940896768,-0.08249853673841377
2235,74.49925499999999,0.22955618005677947,0.2324416238071119,-2.947898556749524,-0.23693425735705517
2236,74.53258799999999,0.2315494491069383,0.23943703406289304,-1.749129656966826,-0.012864441339059255
2237,74.565921,0.22994748007961616,0.23934631075591312,-0.6737166365185258,0.022916555598262743
2238,74.599254,0.22716170332067084,0.24707273359770804,-1.9060850893806485,-0.12544518768682092
2239,74.632587,0.2298897167010638,0.24380580517753198,-3.362829108863971,-0.21269125331041808
2240,74.66592,0.2264743050570915,0.24328421133066874,-3.844457483806757,-0.47728937194908794
2241,74.699253,0.2332726262788428,0.24827213330060466,-3.3301020104687233,-0.6662226899003646
2242,74.732586,0.23026618638133367,0.2429089003604619,-3.9717262019215154,-0.6050053209640381
2243,74.765919,0.22628400349104982,0.2477402404180906,-4.527851274178608,-0.411379183521825
2244,74.799252,0.22911469382110944,0.24572813478875533,-4.552112638988735,-0.33573100540658624
2245,74.832585,0.22147137633135772,0.25157331391159504,-4.613352481684297,-0.2538200738853583
2246,74.865918,0.2296064802963965,0.2459043078653227,-5.475594259791914,-0.22497863450527142
2247,74.89925099999999,0.2194427783059693,0.25375575996180233,-6.253854128078259,-0.5763076398196237
2248,74.93258399999999,0.2330866591947793,0.24909891095765593,-6.0077353032953456,-0.41737363287786755
2249,74.96591699999999,0.2284982871224955,0.2534050260594287,-5.027153176651289,-0.6093342682273171
2250,74.99924999999999,0.2227023770241102,0.2588674185645323,-5.825722957476164,-0.3972938482022626
2251,75.032583,0.22333033913255132,0.24991511819917167,-5.207455833337871,-0.024139085942811507
2252,75.065916,0.23103621159636287,0.18377989964390082,-4.980978520383163,0.412120155337517
2253,75.099249,0.2289080073414761,0.0970217861779971,-2.67078731207368,0.7175372897984017
2254,75.132582,0.23196297929362997,0.13699800520385882,-3.0384393443202593,0.38475068079493185
2255,75.165915,0.22492445560920674,0.1921051367814029,-4.966938138285387,-0.11258286571763582
2256,75.199248,0.2230434180686958,0.21961290312209814,-4.572983210042705,-0.6337570580113854
2257,75.232581,0.22481821985167386,0.23696812307441223,-3.273115224757346,-0.6149881331523184
2258,75.265914,0.22407407021028333,0.24319044957435157,-4.291718571392225,-0.4590543452563751
2259,75.299247,0.22683347250941552,0.2495887532076861,-2.880098129153417,0.09582449680714977
2260,75.33258,0.22439002156486332,0.23771894094610546,-3.7615537294243504,0.7927053500850394
2261,75.36591299999999,0.23107389773091463,0.24375121081010137,-3.6876615979041394,1.492923598068432
2262,75.39924599999999,0.23193672397842013,0.23476255823920533,-4.2032610341295635,2.1962843779629515
2263,75.43257899999999,0.23072554560425446,0.22602574696199546,-4.749752969716967,2.1638210611615283
2264,75.465912,0.22708266000014934,0.23239879850925949,-5.805529381685929,2.0235675663541377
2265,75.499245,0.22564583295636284,0.23553163073719394,-5.189451104145415,1.7644266727021365
2266,75.532578,0.22413972431583748,0.23584600015405793,-4.751414701637882,1.5807909953536121
2267,75.565911,0.22053511462980888,0.2318242639573823,-3.8005673367796886,1.232066691708401
2268,75.599244,0.22232667297798034,0.2005484568084892,-4.458935891057107,0.7735086516900358
2269,75.632577,0.22434622710472604,0.17991609400453956,-4.398123903828525,1.1342469974861968
2270,75.66591,0.22121660665876527,0.19516360389485515,-5.207398795673095,1.6121360299770628
2271,75.699243,0.21968364152809247,0.21395027675961192,-5.653518163180159,1.9870279970907612
2272,75.732576,0.22224705207234338,0.19936864786910857,-5.365714937933675,2.2524197488912163
2273,75.765909,0.2198777609810967,0.20368976286207868,-3.806206744138001,2.490293704123488
2274,75.79924199999999,0.2202249271899724,0.20057429135962482,-2.2369554993928102,2.1109024051695005
2275,75.83257499999999,0.22252239250644207,0.208520996838546,-1.170662772234132,1.5643837663071292
2276,75.86590799999999,0.22135664000053512,0.2023075230941398,-2.1450309380417703,0.9967187436443687
2277,75.89924099999999,0.21885807449574515,0.20901000027406305,-1.4349763133635831,0.7077836663559938
2278,75.932574,0.21505291598425605,0.22570329968744696,-1.3525375487555011,0.6352655638611351
2279,75.965907,0.21689470031124047,0.21785099580042866,-2.4958274154714064,1.0957647343620363
2280,75.99924,0.20087731775321999,0.21663888258792707,-1.6118095486406974,1.619587511103861
2281,76.032573,0.17471467146046069,0.21300516599243335,-0.9085272467100436,1.6104602682466302
2282,76.065906,0.07293887141216476,0.2271694981542176,-1.2824751695237038,1.989292398809702
2283,76.099239,0.07177224544826229,0.22543740267949536,-0.34841502959920306,1.811349989139331
2284,76.132572,0.07239767503443971,0.233679726610302,-2.0146624953947563,1.3931855793874974
2285,76.165905,0.21359885574769394,0.21636332166271266,-5.603757092637172,1.0137019019335913
2286,76.199238,0.23651329100461696,0.23620916217909826,-2.2870193493419855,1.311968228072594
2287,76.232571,0.22334264258196215,0.22229727696031068,-2.3252577083974657,1.30377898058219
2288,76.26590399999999,0.2103457403880985,0.14444521931663634,-1.581094032077989,2.961483977898248
2289,76.29923699999999,0.19342270240387302,0.1453989922475003,1.1448713509965716,3.1324728786473512
2290,76.33256999999999,0.2010553779807635,0.1574535543664088,2.3729702827913544,3.2631770473734014
2291,76.365903,0.19807866485233447,0.1775997683060709,0.24950541864413514,2.689271033167834
2292,76.399236,0.19986945653367003,0.2005049794027377,1.5440021088003604,2.4781368737069083
2293,76.432569,0.21083765152318862,0.2111168484840682,-1.345629589499475,2.144270210778829
2294,76.465902,0.22132539790983746,0.21448071560536047,-2.3077635521984594,1.9945642155268886
2295,76.499235,0.1850681042422775,0.20571059133448497,-4.136186451449355,1.9304299391954516
2296,76.532568,0.11313320675534069,0.21624573203735556,-2.727601314211102,1.7047667821387857
2297,76.565901,0.07236770992086482,0.2161386991994875,-3.028993277170494,1.3766508962480817
2298,76.599234,0.08245769040049507,0.23038691958336036,-1.8340601114164328,1.7311449192433244
2299,76.632567,0.1309481631458771,0.23226917362047328,0.6059462158825327,1.6211788700965708
2300,76.6659,0.07686342590383018,0.22649951234186366,-0.4487365035369528,1.5795133199317297
2301,76.69923299999999,0.0727108565555025,0.23131076557049046,-1.0439411825323597,1.2215803842459336
2302,76.73256599999999,0.0740454293746479,0.24093465552296306,-1.8504118876938855,1.0249900524634088
2303,76.76589899999999,0.1566522094883649,0.2303061756203384,-1.448041268559126,1.232787875165064
2304,76.79923199999999,0.17989436991364338,0.209620716166873,-3.6000385950438547,1.3906618929863797
2305,76.832565,0.13886034730191,0.22702310129921566,-1.8120772264643172,1.7576626508892732
2306,76.865898,0.07545476250079301,0.20591989599863625,-2.8887283281571574,1.9070137289191442
2307,76.899231,0.0731482721728942,0.21603867782221958,-5.2054465057120565,2.1689058081238186
2308,76.932564,0.07318228775615634,0.21227522836175258,-3.150973047983865,2.696710592536124
2309,76.965897,0.075994008194261,0.21979560495417239,-1.828458908941103,2.465618913371478
2310,76.99923,0.08630609002539383,0.2180754296577092,-2.1120538897547276,2.7076659464828863
2311,77.032563,0.11832447003569238,0.22703273963753406,-3.5879745838861328,2.493657630071275
2312,77.065896,0.13161329772317756,0.2248287522794754,-2.9066018459080087,2.828563358609308
2313,77.099229,0.15664567686447203,0.22277763039487902,-2.849432018751118,2.6990712207217205
2314,77.132562,0.17610278127012005,0.22757513171532945,-3.2297182555676067,2.863894248058795
2315,77.16589499999999,0.18623793970083127,0.22483852555945094,-1.9514613739228535,2.87468183985589
2316,77.19922799999999,0.1881774294048827,0.2263722596707096,-1.5141812795271223,2.700950171304326
2317,77.23256099999999,0.1888939209261813,0.2230330313061572,-3.736413928049298,2.8213433614612664
2318,77.265894,0.18637406313039576,0.23022138065287406,-1.1976439407570696,2.991022363108292
2319,77.299227,0.18690846062209862,0.22483440984021305,-0.9207392075861756,2.5902836955815784
2320,77.33256,0.17086895959778156,0.23228783007419485,-0.15909137408373977,2.313437250294195
2321,77.365893,0.07180388511087087,0.23615208310081462,-0.3663342677346148,2.1366265354796106
2322,77.399226,0.07087501046608662,0.24012787418594564,0.8574543621161582,1.9966926502663207
2323,77.432559,0.12835995565332878,0.2254168063185058,-1.2470319227546005,1.9993006923531118
2324,77.465892,0.1985264944031819,0.22680284084520574,-0.9633436002229253,2.0147039195769763
2325,77.499225,0.20387412362685672,0.23265277390490957,0.8609177291510212,2.4040323135829054
2326,77.532558,0.1965421638446518,0.23219170534003974,0.11315041722996583,2.3680545980769656
2327,77.565891,0.1914585648264695,0.2281288749707907,-0.1568990507152045,2.227116608957231
2328,77.59922399999999,0.18706468870062454,0.21955212947372588,-1.4003651231652872,2.3699373410759836
2329,77.63255699999999,0.19140399370353,0.23535236500075923,-1.7005934919212078,2.1554972656087963
2330,77.66588999999999,0.19953832168981636,0.22244167059802822,-0.8678869397452775,2.05591590317998
2331,77.69922299999999,0.1979169698061194,0.22280007132021085,-1.3158160317463805,2.0215284380988088
2332,77.732556,0.20521287116897596,0.2239468964554017,-2.6289092636597196,1.9407665898116673
2333,77.765889,0.1812273120353053,0.22271042697477197,0.3466340048918967,1.813479291842455
2334,77.799222,0.14186083095445912,0.2223537702147276,-2.0718936419790386,1.6169353896797334
2335,77.832555,0.09674255728297,0.22145129149396414,-0.8674777941618635,1.38581065711558
2336,77.865888,0.09635233284390443,0.22813942759639133,0.9861893227011775,1.2706863819701877
2337,77.899221,0.1382940872282981,0.23527033251992158,1.3208470451869694,1.0735270446735852
2338,77.932554,0.16822578873064875,0.22569096742668204,2.2570385708596556,1.359728706220499
2339,77.965887,0.18315703232096786,0.22709724436972384,3.3508648220051764,1.3437080525273248
2340,77.99922,0.17990194197269355,0.2284519631223727,3.406722418785866,1.3696084424902135
2341,78.032553,0.17924058355460978,0.2254662569316254,2.4496898662103166,1.3683862085003435
2342,78.06588599999999,0.17595133288320933,0.2331256434623642,0.7054912630831958,1.3166488441328272
2343,78.09921899999999,0.17397081896855318,0.23185684886118113,3.1602840011879594,1.4476961462110478
2344,78.13255199999999,0.1750425641576601,0.22739206752574154,0.7498481399092939,1.2638717204483982
2345,78.165885,0.17409256408577445,0.22999077031945225,0.1557488938144704,1.28584343174355
2346,78.199218,0.16800711503633017,0.23497999703304318,-0.522597108506136,1.359770676688194
2347,78.232551,0.16890832417338053,0.23273240374911286,1.1982279940957221,1.4080130776922173
2348,78.265884,0.16639120501300486,0.23033270479740153,-1.17201705880258,1.224084109562944
2349,78.299217,0.16473569390187645,0.22770411660941897,1.5553546407276235,1.6363474768915194
2350,78.33255,0.1610957843264491,0.2340905121945231,-0.22488143614006356,1.5229330787121247
2351,78.365883,0.15533196030563687,0.2268497364128682,0.5879077475412717,1.4439688570064269
2352,78.399216,0.1370267750060708,0.21796853340316505,-1.6969361521745387,1.3630823297969727
2353,78.432549,0.12257500640890169,0.223903361435525,-1.4984691745779137,1.282284620601647
2354,78.465882,0.1123204899876232,0.22867552151067996,-1.048335024192894,1.2914488344826933
2355,78.49921499999999,0.07116024957699094,0.22619092751844777,-0.8034212891101793,1.2399686571018393
2356,78.53254799999999,0.07219397652204612,0.21565533523196465,-2.006160209664345,1.3494969835708241
2357,78.56588099999999,0.07326870608269158,0.22826374993447046,-1.0105550793844191,1.415341887581288
2358,78.59921399999999,0.17045845013973304,0.21261330969177886,-5.7312802137802255,1.0294996611627134
2359,78.632547,0.203082187559505,0.22936411005204077,-2.9356648490778694,1.258897636004563
2360,78.66588,0.10711629082032541,0.23559363288156043,-5.691181321571344,1.1002790687042519
2361,78.699213,0.07208412122462712,0.23993830556585818,-2.98264186631292,0.9963378977808245
2362,78.732546,0.07108139846908529,0.22369755696176316,-2.0804830149388946,1.1295204718928091
2363,78.765879,0.1725973080517032,0.23668681425314395,-1.4649082892307381,1.408409092047342
2364,78.799212,0.18131553103453246,0.2468442087684376,-0.6245763330705065,1.3850411417417192
2365,78.832545,0.17616195148531888,0.24155813096698164,-0.8071420911901963,1.1966036489976672
2366,78.865878,0.18214028394983187,0.2525741786986572,1.537194713967302,1.4093354958218267
2367,78.899211,0.20017985852811218,0.22880697911229114,-1.900715100135676,1.3106578148934434
2368,78.932544,0.20824656353930734,0.22955889816886238,-0.1590522157094511,1.742820141769524
2369,78.96587699999999,0.2085928101741259,0.22807309242869617,-2.634250524112155,1.7420273595467843
2370,78.99920999999999,0.2019761502442123,0.22925281778256423,0.653208552023849,2.0423524982025563
2371,79.03254299999999,0.1856746480320247,0.22475826437891985,0.19020293076306824,1.958781858686381
2372,79.065876,0.1761063537651236,0.2382661670204741,1.2077629629934268,1.7391292279702657
2373,79.099209,0.1729397397074796,0.22759279114500341,0.006082989782405918,1.6904782130657277
2374,79.132542,0.17678255919341418,0.23191551459757104,0.10993225151770526,1.3561364734519368
2375,79.165875,0.183443846916342,0.22629369903242852,0.09005010759256286,1.531799389736842
2376,79.199208,0.1867817939738281,0.228747892041806,-0.08178653837285194,1.6325199781433106
2377,79.232541,0.19031198125786067,0.22223436392521595,0.33158638486015873,1.4317808491925779
2378,79.265874,0.19007664830222273,0.22159996989580452,2.294042082943802,1.1026590085044343
2379,79.299207,0.18601798319953758,0.2294455654258155,3.7141752190270774,0.9346361916773616
2380,79.33254,0.18673595136560353,0.2226222977499055,5.062821121172491,0.816708194821131
2381,79.365873,0.16418808712343916,0.22511849018237587,4.915276201865649,0.3236542782300956
2382,79.39920599999999,0.10324229570161676,0.22861828848826796,3.987711460656741,0.044409728197295446
2383,79.43253899999999,0.07215065746843212,0.23275704739434025,3.4593541777070738,-0.24260887854120408
2384,79.46587199999999,0.07300627648470288,0.22985542756564958,2.9944296371061325,-0.13234388272245684
2385,79.49920499999999,0.07626738896900377,0.2404525933544815,3.2208331911212693,0.027807987230521
2386,79.532538,0.07706879054672516,0.24068777839361705,4.725331673906034,0.23744544020868552
2387,79.565871,0.07437199138553112,0.23905280257345538,4.31468396781992,0.8253043259330637
2388,79.599204,0.07673027051167483,0.24663065385394367,4.700421949820512,1.024649497288416
2389,79.632537,0.07420248444933895,0.2503092067612774,4.160997794777302,1.1590246092142504
2390,79.66587,0.09157172825924108,0.2505237228247206,3.5536014573120225,0.8402357478169667
2391,79.699203,0.10374730699424749,0.24532358963232714,3.4974150842419887,0.9842500720623969
2392,79.732536,0.10096130112648648,0.24142031857390855,1.8814491796227988,0.6581177528018776
2393,79.765869,0.11155184193162879,0.22972347973832474,3.4388719919799717,1.0046131136596013
2394,79.799202,0.12623833968270418,0.24980981606757205,1.805693988301932,0.9093124854106065
2395,79.832535,0.12907102198872356,0.22102286778175675,1.4267222052832236,1.3238272206362134
2396,79.86586799999999,0.1342084527618061,0.23844260891159014,0.1416048708086949,0.9700747472561528
2397,79.89920099999999,0.1365627831498731,0.22642979210593428,0.7751436017013049,1.2251154179268895
