idx,time_sec,mar,ear,nose_chin
0,0.0,0.06355597717382257,0.2765409069081726,0.8270596237032557
1,0.033333,0.06258810494906836,0.276844382101873,0.8274604168215175
2,0.066666,0.06559520058794487,0.2542693822731309,0.8360033943661588
3,0.09999899999999999,0.06288215375181416,0.2681876370557049,0.833742380633014
4,0.133332,0.06228845276670793,0.26650098755332674,0.831413747565073
5,0.16666499999999998,0.06512245687157227,0.2647213646967446,0.8245446425564849
6,0.19999799999999998,0.06312224743517801,0.266595988340417,0.8174546750631279
7,0.23333099999999998,0.06353844921670464,0.2611904409938541,0.8253991433756698
8,0.266664,0.06514279592273549,0.2617805082958269,0.8301461403570803
9,0.29999699999999996,0.06377388190625068,0.2643773346582072,0.8232677569203068
10,0.33332999999999996,0.06563868416828006,0.2697750886755101,0.8218314965000294
11,0.36666299999999996,0.06434051221109031,0.2716161157297469,0.8220476664153373
12,0.39999599999999996,0.06324952392821613,0.26883162668730526,0.8270304244335468
13,0.43332899999999996,0.063293177507653,0.24533815633869624,0.8178991417594
14,0.46666199999999997,0.06335236192314825,0.243971026946052,0.8184201189031596
15,0.49999499999999997,0.0635111052852764,0.2427609052275172,0.8225478079390447
16,0.533328,0.06241449494798227,0.25147890994309485,0.8218804405639794
17,0.566661,0.06243069670625903,0.2482731985380192,0.8195906400319206
18,0.5999939999999999,0.06392309316415228,0.25184304923083534,0.8236076482530946
19,0.633327,0.06431401364786597,0.2466057966096838,0.8160598634828394
20,0.6666599999999999,0.06260945683012982,0.2449477716690898,0.8239668909370403
21,0.699993,0.06204827928935373,0.236919077532527,0.8168746601981927
22,0.7333259999999999,0.06332180383426544,0.23774126519836797,0.8135910893673354
23,0.766659,0.06429726930020227,0.23482751150764203,0.8039172766701872
24,0.7999919999999999,0.14228637523020965,0.23555862104116593,0.819089920082293
25,0.833325,0.23013314517032296,0.22867351470369537,0.8347695270245674
26,0.8666579999999999,0.24483286019251624,0.23513769200869272,0.8391412801421307
27,0.899991,0.2033993885823612,0.23044467991899595,0.8251497867212378
28,0.9333239999999999,0.18497654040415212,0.22154823873399837,0.8302487963673992
29,0.966657,0.1603664141598627,0.21414221090081823,0.8112711795029881
30,0.9999899999999999,0.13643516989183446,0.2203575899482218,0.8142586520710937
31,1.033323,0.11254163837186577,0.22438142475889686,0.8002594813562247
32,1.066656,0.10571288595292606,0.21326275409252404,0.7896384928653737
33,1.0999889999999999,0.06408658938353157,0.22031473515718397,0.7712952332128148
34,1.133322,0.06466979155252091,0.1857789288620827,0.7601952542216956
35,1.166655,0.06514371101637632,0.20169037871774848,0.7595071544120641
36,1.1999879999999998,0.06666574827407724,0.20718762398810403,0.7541719622001526
37,1.233321,0.06773323544847547,0.20889192339892426,0.7478017398149861
38,1.266654,0.06646430615916564,0.20896392617050108,0.752559621127801
39,1.299987,0.06820946689391046,0.20409994150470717,0.7430567571628424
40,1.3333199999999998,0.06871318412366728,0.2219667837220307,0.7512904924358794
41,1.366653,0.06894121226158009,0.21599279560269882,0.765074070156199
42,1.399986,0.06754287327164105,0.22785425961948857,0.768618249808582
43,1.433319,0.06810332799299672,0.2371664747833214,0.7868950363821631
44,1.4666519999999998,0.06628198953766816,0.2316113397185579,0.785754813129794
45,1.499985,0.0685163775295565,0.23350736005634207,0.8005751671418723
46,1.533318,0.06752362770630584,0.22191529264722232,0.8006053541557354
47,1.566651,0.06658121340323796,0.22017741008508368,0.8062802147261574
48,1.5999839999999999,0.06797279782712734,0.23285224675581825,0.8132874311549285
49,1.633317,0.06990612539783565,0.24368012465226993,0.8044412520904818
50,1.66665,0.07166951013802363,0.24138348557386222,0.7927927524187838
51,1.699983,0.07316912984674391,0.26025107988399554,0.7904490933759721
52,1.7333159999999999,0.07262397404086689,0.2475695195040713,0.7721990109512155
53,1.766649,0.07423309432478843,0.24577021917851666,0.7737451631974956
54,1.799982,0.06870767653692829,0.2636794332949608,0.7968861132163298
55,1.8333149999999998,0.06808833030755974,0.2599326120968397,0.8058474451996142
56,1.8666479999999999,0.06823893213701054,0.26361231321145495,0.8015502891003393
57,1.899981,0.06795249655106138,0.27090739478702774,0.8162807272262124
58,1.933314,0.06739010160988504,0.24676108242420491,0.8076426748812829
59,1.9666469999999998,0.06742667108190856,0.2346380605421135,0.7951195853430534
60,1.9999799999999999,0.07079708359073769,0.23060671953964876,0.7960718759015527
61,2.0333129999999997,0.07190398318045026,0.23052686260479646,0.7924020168729577
62,2.066646,0.07178282217329326,0.227973529553484,0.7945801690924787
63,2.099979,0.07026402756358406,0.22646235809096765,0.7836225066764513
64,2.133312,0.06993740208321998,0.2249007394717973,0.7768825589935797
65,2.166645,0.06926946390082774,0.23176489910750794,0.7805759001518511
66,2.1999779999999998,0.06905326609728175,0.22196570592229076,0.7860219134370348
67,2.233311,0.07135238951364078,0.23267598832674696,0.7900564944087763
68,2.266644,0.0713471300613744,0.22603294881449765,0.7766064087907101
69,2.2999769999999997,0.07184497404469702,0.2273422200269444,0.782057372106572
70,2.33331,0.07145814341144516,0.22406643222266281,0.7929704309436987
71,2.366643,0.07167991468697957,0.23455965099146814,0.7975687523676301
72,2.3999759999999997,0.07154604866991693,0.24161743481368342,0.7968393642674333
73,2.433309,0.07074372173124582,0.23742727833312405,0.8056516888658799
74,2.466642,0.0718313773522774,0.2275121115928207,0.7957889559400064
75,2.499975,0.07095673125366865,0.23689893813609686,0.7967123066883666
76,2.533308,0.06984423274558967,0.23313335849378608,0.8013315140265876
77,2.5666409999999997,0.07007225466378816,0.23350334035696318,0.7991572003979375
78,2.599974,0.06873128903128897,0.24091149036844411,0.796904901410862
79,2.633307,0.06780902895393685,0.22930080597181984,0.7964403669593673
80,2.6666399999999997,0.0686515618432587,0.2235125573725357,0.7905990190813322
81,2.699973,0.07013837508291426,0.23261535545664697,0.7928110385311299
82,2.733306,0.07235043564299581,0.23650407930147327,0.7957449700854191
83,2.766639,0.06820841042349127,0.24191006073995358,0.8032716256366034
84,2.799972,0.06843581240192256,0.2361002783649916,0.7988653684164534
85,2.8333049999999997,0.06746392522336178,0.2647995618579146,0.8005501792496484
86,2.866638,0.06988492071762088,0.2723323750545178,0.8073987433015287
87,2.899971,0.06820021745753407,0.2780061595924469,0.8212703961768266
88,2.9333039999999997,0.0655283773936815,0.3036734785590178,0.8466400524192764
89,2.966637,0.06722594911182754,0.28491035391797404,0.837427400662116
90,2.99997,0.06640415936949087,0.28544188018608363,0.8738324849303805
91,3.0333029999999996,0.06573885335341037,0.24221749475449553,0.8616416066064867
92,3.066636,0.06156057676165272,0.2954461373934788,0.9013954715298138
93,3.0999689999999998,0.057271220941720234,0.24496573104876396,0.92838620302282
94,3.133302,0.05377201939238531,0.21661126039095138,0.9235157155422765
95,3.166635,0.05402416197495769,0.2566646149566849,0.95497053654536
96,3.1999679999999997,0.05244565398793036,0.2873109652577271,0.996962974009337
97,3.233301,0.052027368872427204,0.2939306160970936,1.032593682345428
98,3.266634,0.05313020664808157,0.30963056337873973,1.0492418810647073
99,3.2999669999999997,0.05324611461615729,0.3025290818987062,1.0728989623208416
100,3.3333,0.05115323667556371,0.29462877693945927,1.0671763637109604
101,3.3666329999999998,0.04878386115093556,0.33528628118457027,1.0836785375108537
102,3.399966,0.048189447559366286,0.35148187785349244,1.0961401897869438
103,3.433299,0.049728360924923894,0.32084298468295513,1.0801138126111784
104,3.4666319999999997,0.04867559014789071,0.3401454692160826,1.1085015955158348
105,3.499965,0.048463393047368505,0.30965504734915733,1.0747290129042852
106,3.533298,0.04756641619189385,0.30250716274320094,1.060194319056279
107,3.5666309999999997,0.0479164060244346,0.312092010714325,1.0542720159295906
108,3.599964,0.05247107270070776,0.3005576082749426,1.0482170038789003
109,3.6332969999999998,0.05207486965861349,0.3087046886711914,1.0903905059347723
110,3.6666299999999996,0.051852618222659144,0.3029822093178871,1.0718618976801004
111,3.699963,0.052025069975620564,0.3116771790339831,1.0678742454665
112,3.7332959999999997,0.052368356512338024,0.3298874991209424,1.0816809537270764
113,3.766629,0.05263645160707121,0.34066213894084996,1.0520192646281346
114,3.799962,0.048858866966718456,0.3328975814950198,1.0467233976189458
115,3.8332949999999997,0.04950474730916554,0.33386050281751245,1.024603502131262
116,3.866628,0.05157123425168217,0.3368436785295488,1.0250146209325515
117,3.899961,0.048496577654226866,0.3423687279388776,1.0327882004672144
118,3.9332939999999996,0.04832802181874564,0.24680711234075878,0.9972806945557107
119,3.966627,0.04541936065448775,0.21980956364984983,1.0202116848983724
120,3.9999599999999997,0.04318753351712249,0.3114225248844883,1.0499620853025262
121,4.033293,0.039917131700782656,0.31743470337366625,1.0496249529678146
122,4.066625999999999,0.04213978704973484,0.3179016792831312,1.0836013838652627
123,4.099959,0.040154946929081545,0.3550787856683556,1.1583767063939456
124,4.133292,0.03888322124661389,0.3692204178593182,1.1456949423727243
125,4.166625,0.037272929070770185,0.34562702796485956,1.1688774177029984
126,4.199958,0.034427847144110964,0.3656186910189122,1.2111808163501077
127,4.2332909999999995,0.0353440181679453,0.4001265963463092,1.204833003043436
128,4.266624,0.037920374926247516,0.40922842505762363,1.2150450832844795
129,4.299957,0.03765429921429432,0.40272229016947486,1.2085263543691604
130,4.33329,0.03469761920737788,0.40576154058573,1.2079933414278514
131,4.366623,0.03363722235292349,0.40114443435764885,1.1761190789789322
132,4.3999559999999995,0.03176021137095492,0.3980585279837643,1.1432462469575435
133,4.433288999999999,0.025142820673542572,0.3959017118280388,1.104852569808745
134,4.466622,0.03488031887722389,0.4161624831078804,1.1181729156386058
135,4.499955,0.03004836079220659,0.39764460879035624,1.1114672917702586
136,4.533288,0.033797455625382916,0.40475810889285846,1.0817630922314458
137,4.566621,0.03337415550113494,0.35825511939640536,1.0182886977939765
138,4.599953999999999,0.03403624772371179,0.3595951701797752,1.0409366853869955
139,4.633287,0.03311431053016579,0.36816590094021723,1.0232469963348085
140,4.66662,0.03553081053869684,0.35560623613900644,0.9800335619605829
141,4.699953,0.03842271131781561,0.3438775024180197,0.9985800070730639
142,4.733286,0.03941265537790295,0.21804702707204748,0.9383431461286663
143,4.7666189999999995,0.044225195788366256,0.16986474685117606,0.9231660801004719
144,4.799951999999999,0.0482876735153295,0.21315975754084615,0.9289860659729576
145,4.833285,0.052154859156915735,0.2541511701480882,0.9404914614302451
146,4.866618,0.05517450085065494,0.28726613658858535,0.9052934690863874
147,4.899951,0.055092945756280626,0.2946315230744437,0.8735702708618814
148,4.933284,0.0584596713732852,0.28081457988962344,0.8533271682417115
149,4.966616999999999,0.05738314250655942,0.26625268946856745,0.8410475540949063
150,4.99995,0.05922155956014509,0.2774168656190683,0.8206763672009776
151,5.033283,0.06133100358823189,0.27254574288484307,0.8230854052915468
152,5.066616,0.06344473249007931,0.2833457622312279,0.8189238131792331
153,5.099949,0.06419151228963482,0.2767311768080676,0.8207468793038813
154,5.1332819999999995,0.06538730236587607,0.28172805961031333,0.8240637827251481
155,5.166615,0.06735905448709475,0.27578219486225414,0.8274894700468534
156,5.199948,0.06716513112324075,0.2728935046371421,0.8316467571292718
157,5.233281,0.06551128274651444,0.2830818859245025,0.8196510133324808
158,5.266614,0.06649110175714579,0.27679410028639484,0.8175599516756511
159,5.2999469999999995,0.0665964687164034,0.27636434085796524,0.8158323223068132
160,5.333279999999999,0.06579395315939164,0.28139324367900004,0.8194012743841326
161,5.366613,0.06632522732157951,0.27805559482299047,0.8190366549254592
162,5.399946,0.06723838996179618,0.26572449595817277,0.8184238468626539
163,5.433279,0.06653762066875359,0.2648934761849908,0.8120627348896626
164,5.466612,0.06593659199383152,0.2781942487066229,0.8166001681211015
165,5.499944999999999,0.06676126226810186,0.27585135700368013,0.822877938207467
166,5.533278,0.06435221129268986,0.2641095742811257,0.8305901438843507
167,5.566611,0.06448241426500251,0.2753540942475115,0.827126710657793
168,5.599944,0.06501246282156894,0.2933836305687847,0.8283647407641039
169,5.633277,0.06474061624062301,0.27861755558978707,0.8265994243904858
170,5.6666099999999995,0.06457343858584252,0.2802099483844791,0.8246317228438566
171,5.699942999999999,0.06491272760276234,0.28788898877172153,0.8271157132333963
172,5.733276,0.06557780552822014,0.28131840156067145,0.8377735818311276
173,5.766609,0.06424457446378982,0.28059704533541274,0.8343737284962226
174,5.799942,0.06534048841222244,0.2764261418633641,0.835062099334895
175,5.8332749999999995,0.06596187589204254,0.2807441167587281,0.8402755342779209
176,5.866607999999999,0.06585751279960202,0.28340488081035603,0.8348844147342738
177,5.899941,0.0672072158400563,0.27520782178611525,0.8320723113774844
178,5.933274,0.06846385069130968,0.2658386373684723,0.8291422191524553
179,5.966607,0.06672684542101771,0.2719197898954988,0.8316631676957509
180,5.99994,0.06746369340793994,0.2738813388113666,0.8220062457006044
181,6.033272999999999,0.06733999443032763,0.2684217655009623,0.8254909868263343
182,6.066605999999999,0.06812755981763643,0.2670075518616305,0.8227723547841137
183,6.099939,0.06866199705076055,0.26103817945010666,0.824084426886
184,6.133272,0.0671596045958874,0.2604676977378267,0.8202243186987818
185,6.166605,0.06708523949427252,0.2656669286400707,0.8158948308927101
186,6.1999379999999995,0.06700867270297575,0.2792290589036563,0.8301041078764627
187,6.233270999999999,0.0660691130825408,0.27399847712272757,0.8275573456799215
188,6.266604,0.06718344310568175,0.2760494653152692,0.8313192678406564
189,6.299937,0.06681337739230647,0.2731775081755482,0.8304911297670671
190,6.33327,0.06662956964442442,0.28128093663278575,0.8348662563390574
191,6.366603,0.06715656500316633,0.2785901122629595,0.8362036167152126
192,6.399935999999999,0.06698783242908675,0.27454747219579034,0.8309893446658924
193,6.433268999999999,0.066882305506464,0.28748242173174055,0.8337714263555571
194,6.466602,0.0664819190028973,0.27258191840357093,0.8334777920703578
195,6.499935,0.0674484657028262,0.27642968014981417,0.8345460437466773
196,6.533268,0.06574255827638274,0.28234808408947876,0.8327964022142577
197,6.5666009999999995,0.06654537674264613,0.2780395727877529,0.8361867553256582
198,6.599933999999999,0.06666265325263443,0.28037640340119474,0.849372528502812
199,6.633267,0.06605242071731197,0.2673007029218091,0.8589091932422961
200,6.6666,0.1251254368111462,0.26006678751070655,0.858861976375438
201,6.699933,0.16515598181041977,0.2923509094088906,0.8787402511480538
202,6.7332659999999995,0.18493130973821612,0.2731658725738403,0.8745767643251208
203,6.766598999999999,0.1706612381462844,0.289185544813258,0.8819357278076099
204,6.799932,0.16392194870855795,0.2810811248588528,0.8635759974213933
205,6.833265,0.15316261822938548,0.27560757021238746,0.863432170747829
206,6.866598,0.15330565690871814,0.2711474914664227,0.8496622225354115
207,6.899931,0.13970199440721362,0.27634514605283444,0.8535828910270847
208,6.933263999999999,0.11744787925427738,0.2651129148808144,0.8280789385141336
209,6.966596999999999,0.08146667809009771,0.2592783758415252,0.8240430340556602
210,6.99993,0.06859241673005505,0.2589477681367049,0.8344265727244461
211,7.033263,0.06672703504981627,0.28490487970500533,0.8358531196589323
212,7.066596,0.06751434392951906,0.25139657022266587,0.8507375558844592
213,7.0999289999999995,0.06626418766081203,0.23535871109104234,0.8404636507204412
214,7.133261999999999,0.06851965745830774,0.22986958828855542,0.8438059158509867
215,7.166595,0.0694172256452422,0.24030330155840612,0.8434884555931798
216,7.199928,0.06753135437752318,0.23181217525186992,0.8220935508457169
217,7.233261,0.0665236691075417,0.2292251012107773,0.8341664529095817
218,7.2665939999999996,0.06617595030669499,0.22588018112359157,0.8281123263966312
219,7.299926999999999,0.06506383737207816,0.22863020808164497,0.8254645836718932
220,7.333259999999999,0.06544673890210333,0.23358331323522488,0.8162861538703342
221,7.366593,0.06647194716779126,0.22698288708265338,0.8177943720860472
222,7.399926,0.06786307362712757,0.22978898237170278,0.8272255402829142
223,7.433259,0.06820964245735564,0.2179440888921088,0.828653965546444
224,7.4665919999999995,0.06945928809432836,0.2410182854975985,0.837427712318117
225,7.499924999999999,0.07050086948028722,0.24398042971226855,0.8301647819455109
226,7.533258,0.06708081861050597,0.2524009125857306,0.8407680776585811
227,7.566591,0.06843968063862817,0.2478599675302846,0.8329846232076251
228,7.599924,0.06883898788067204,0.25946003393092437,0.8384492484747368
229,7.6332569999999995,0.06840192419641038,0.2604778373115035,0.8461125306774607
230,7.666589999999999,0.06875828844491695,0.2590531976988656,0.8427243328551514
231,7.699922999999999,0.0692636945460656,0.26071826837770834,0.8490716574602158
232,7.733256,0.06821655007056458,0.2684249286623378,0.844042320621782
233,7.766589,0.06819678579076024,0.26907436899135323,0.8496648364414563
234,7.799922,0.06822111883233191,0.27143637819815286,0.8457659688799531
235,7.833254999999999,0.06771732651411899,0.26393441801893697,0.8507876988015725
236,7.866587999999999,0.06731131094897068,0.2578621183382631,0.8435473570678093
237,7.899921,0.0684276766825231,0.25591919781575917,0.8548683878402275
238,7.933254,0.06668154091116726,0.25456963927795534,0.8493306849843625
239,7.966587,0.0691282644145577,0.24682867699753536,0.8583960113342441
240,7.9999199999999995,0.12802082335350468,0.2744979373452114,0.8911274542999695
241,8.033253,0.17176058142177897,0.2649757388667698,0.9095006750515506
242,8.066586,0.20133825627612484,0.2762214766722496,0.921555613906645
243,8.099919,0.19375565891972057,0.2624815646472632,0.923562993337534
244,8.133251999999999,0.18346977015905555,0.26183592339808903,0.9233775522975145
245,8.166585,0.1708862556892177,0.2529513090146242,0.9206060547052606
246,8.199918,0.15663744512651379,0.261558989049579,0.9031735827648393
247,8.233251,0.13315191660456197,0.25346937661163776,0.8963380349076973
248,8.266584,0.11311253327737089,0.26747094454347775,0.8627168293829905
249,8.299916999999999,0.1048288885740847,0.2563763754857732,0.8601598566314536
250,8.33325,0.07139755958956226,0.24790604874812058,0.857693947185576
251,8.366583,0.06943070737032891,0.2547609449532122,0.8536483435206627
252,8.399916,0.06860869457533901,0.24351205466983855,0.84379882733213
253,8.433249,0.06652940142095937,0.25247438747132794,0.8400611506040585
254,8.466581999999999,0.06689902999355109,0.2542385641570137,0.838068144983692
255,8.499915,0.06651238629876144,0.2656121947699604,0.8335298057549176
256,8.533248,0.06716988998165724,0.24644060998498699,0.8291388934133058
257,8.566581,0.06744402543414185,0.24892378294312567,0.8231181918955038
258,8.599914,0.06828953236732917,0.24435612283017544,0.8213656680522479
259,8.633246999999999,0.06833786758145273,0.24548010816736432,0.8252136295486637
260,8.66658,0.06777550591765205,0.25148270848931353,0.8214323729489738
261,8.699912999999999,0.06800248019467042,0.24790749212430702,0.8205842381754784
262,8.733246,0.0673947679306918,0.2548928305525875,0.8268481950308867
263,8.766579,0.06685219789854646,0.25888916546840385,0.8259610510914422
264,8.799911999999999,0.06715455694844114,0.255157871788317,0.8285387146072188
265,8.833245,0.0665965456747265,0.2657851410330574,0.8266499763628967
266,8.866577999999999,0.06518332066242875,0.2585104103070353,0.8259906110104874
267,8.899911,0.06507807044977107,0.2652938304332473,0.834920206836066
268,8.933244,0.06721358075636368,0.25430573740075424,0.8277889541727416
269,8.966577,0.06657998064177538,0.2548301744524739,0.8285354057718677
270,8.99991,0.06728981330110066,0.2584285046967322,0.83269837976917
271,9.033242999999999,0.06770900503192341,0.25784323527967395,0.8286585538226537
272,9.066576,0.06739330515548132,0.2397442680156237,0.8124204185795394
273,9.099909,0.06703476711733558,0.25382488514702856,0.8278437498701933
274,9.133242,0.06800722212413043,0.24967683409426306,0.8304538677281332
275,9.166575,0.06683857605255716,0.24293958926235254,0.8300578721184875
276,9.199907999999999,0.06799254142797283,0.23897108734080913,0.8260625531665818
277,9.233241,0.06749992383360469,0.24676871648881732,0.8328358201482042
278,9.266574,0.06759233708592359,0.249517963593065,0.8340968772133266
279,9.299907,0.06701206533991097,0.2299000148725728,0.8283762047762683
280,9.33324,0.06640096791838626,0.24783929975478358,0.82370792397343
281,9.366572999999999,0.06719957667867602,0.24404810023556764,0.834459100269594
282,9.399906,0.06765306418583455,0.24446568689474585,0.8214003334716083
283,9.433239,0.06763838322952778,0.25173907786224947,0.8295176374929439
284,9.466572,0.0674250621075228,0.24723116264614486,0.8327710005883531
285,9.499905,0.06801872435070436,0.2462582802800981,0.8276022255640614
286,9.533237999999999,0.06640642910291665,0.23828396399228113,0.8308557878731025
287,9.566571,0.0671279395679965,0.2411998786464415,0.8364763845210302
288,9.599903999999999,0.06714986636838674,0.23866803397688205,0.8281562099830131
289,9.633237,0.06723472029272712,0.24576807237410847,0.8367292387396724
290,9.66657,0.06774672237027883,0.25411782532829486,0.8385099932413498
291,9.699902999999999,0.06816047545682366,0.24270273259288327,0.8265996042300636
292,9.733236,0.06799038769151797,0.2357276517917313,0.8424187876066915
293,9.766568999999999,0.07036689411814737,0.18931650983107892,0.8394448131798365
294,9.799902,0.06839831362266098,0.09537145686315761,0.8133902812409779
295,9.833235,0.0666062493818071,0.1311623666960677,0.8181332545430402
296,9.866568,0.06683934129511902,0.21635034234771652,0.8475191446805428
297,9.899901,0.06577073689385382,0.23300013809903944,0.8362226382541502
298,9.933233999999999,0.06846413831845732,0.24472737938901212,0.848576540722637
299,9.966567,0.06593009969806246,0.2446023653501309,0.8385177813522279
300,9.9999,0.06662220721194274,0.25213433147064046,0.8385461193340529
301,10.033233,0.06702753149814879,0.2563920978707409,0.8475448835255458
302,10.066566,0.06842201368338471,0.25849042306193,0.8480424410246056
303,10.099898999999999,0.06770085808647736,0.2743364572334902,0.855576962776427
304,10.133232,0.0685204908932472,0.26195848571701474,0.8568067426410471
305,10.166565,0.06779637598711263,0.2458364287824384,0.8501146832879164
306,10.199898,0.06836842424472929,0.25694702126323005,0.8431564739809416
307,10.233231,0.06674413385486173,0.2533868854524433,0.8336706920138204
308,10.266563999999999,0.06832538408743989,0.261752681811355,0.8453300916412917
309,10.299897,0.06782095809974528,0.2775287229200333,0.8542212618960756
310,10.33323,0.06644498204729173,0.26752405287021275,0.8438892931603047
311,10.366563,0.06705749579422733,0.2835915822029273,0.8600408693761246
312,10.399896,0.06429897398540232,0.28435623002199506,0.8607722756971842
313,10.433228999999999,0.06511224863697282,0.2839945493007677,0.8713014937227014
314,10.466562,0.0649844677737286,0.26274515303842544,0.8601306888609876
315,10.499894999999999,0.06511916737135788,0.2543187078777115,0.8706870053409932
316,10.533228,0.06527401646958261,0.25819186609240435,0.8821750136235614
317,10.566561,0.06592020468184703,0.2695027957619849,0.898763941540404
318,10.599893999999999,0.06580167431579123,0.27809334473983527,0.9225352389362598
319,10.633227,0.06759217674184953,0.2649925730690541,0.9134165681942409
320,10.666559999999999,0.06741914374932136,0.26280018034447256,0.9114895262390517
321,10.699893,0.12335595637203621,0.26899911623263184,0.935700589715868
322,10.733226,0.17038877035244546,0.26305637514877034,0.917084904667614
323,10.766558999999999,0.18771832713549164,0.2571421527814829,0.916869373846751
324,10.799892,0.19024489231687783,0.26993731148285777,0.916242369169145
325,10.833224999999999,0.1970843103442127,0.2703312513615723,0.9031287328224099
326,10.866558,0.19202342153592558,0.27052640654734905,0.8772320666507696
327,10.899891,0.1941218487200763,0.2855519365692265,0.8957784148018483
328,10.933224,0.19670636573579195,0.30930230043165485,0.9287182287281839
329,10.966557,0.19839625542142464,0.3187510954506735,0.952741955689581
330,10.999889999999999,0.18351320490029085,0.2996599323339899,0.9320687777967264
331,11.033223,0.18837145369960162,0.30552320064205196,0.9303381465925599
332,11.066556,0.19182270200817647,0.28244368071879145,0.925782075654109
333,11.099889,0.19059735437231745,0.2763657943106186,0.9143116153477935
334,11.133222,0.18063089552736836,0.28833859318259975,0.9108979021046238
335,11.166554999999999,0.16118376250498054,0.268380686463187,0.896345604396658
336,11.199888,0.1535427930306921,0.2517234904336708,0.8917815877410232
337,11.233220999999999,0.12934717563224127,0.24605717961900786,0.8758525661205996
338,11.266554,0.06554916206314533,0.18960094530508298,0.8424351978378861
339,11.299887,0.06409215330386063,0.08415449272898555,0.8164066247433632
340,11.333219999999999,0.06483698447724384,0.13242388628429325,0.8262907371853041
341,11.366553,0.06703302387192377,0.1847003425947387,0.8310053806300512
342,11.399885999999999,0.06763764449093493,0.2340531333765702,0.8347825072343943
343,11.433219,0.06643228097690944,0.26081444656172925,0.8400936467410242
344,11.466552,0.06674829598289732,0.2787631952563795,0.8338507623611437
345,11.499884999999999,0.06714924783164326,0.2644494292126722,0.8373588123124295
346,11.533218,0.06671603786278464,0.25353190675628995,0.8536155236108632
347,11.566550999999999,0.06897404006178696,0.2638810555622202,0.868848771588985
348,11.599884,0.06907532478285157,0.25995772094979597,0.8712091832703591
349,11.633217,0.06921520452890442,0.25549258735500696,0.8635051647458655
350,11.666549999999999,0.06886540589010144,0.2424553711573989,0.8615814907917101
351,11.699883,0.06931139595500611,0.24906086585182208,0.8588588287278921
352,11.733215999999999,0.07014385515884654,0.23871498697080717,0.8557991084039687
353,11.766549,0.07247876606493515,0.2570864012353782,0.845728994329302
354,11.799882,0.07060706843393658,0.2577947477800473,0.8558071319499763
355,11.833215,0.06997152136705884,0.2546744009829859,0.865170839265193
356,11.866548,0.06766287667112657,0.27488290682637107,0.8658071340219845
357,11.899880999999999,0.06735561794626121,0.27739662830463085,0.883444504074202
358,11.933214,0.07064657632659777,0.2634896613449351,0.8755370137393844
359,11.966547,0.06885296826856617,0.2667477402402588,0.8765258240038364
360,11.99988,0.06937735105186567,0.2899238583393246,0.8973516614134893
361,12.033213,0.0731203769188658,0.2764219101614752,0.8899770601227908
362,12.066545999999999,0.07185812640203872,0.2963234806130487,0.8989069533783356
363,12.099879,0.06950784940604735,0.27144416743192323,0.8814213818424067
364,12.133211999999999,0.07025892652978084,0.27013280929538747,0.8799728686775509
365,12.166545,0.07080711213151822,0.28046822238079394,0.8857569489340524
366,12.199878,0.06765000433255836,0.26630080878157336,0.8697587743371696
367,12.233210999999999,0.06768251009497495,0.26829511313435317,0.8857259258701384
368,12.266544,0.06822680400159493,0.2688019614770913,0.882572230365021
369,12.299876999999999,0.06828076861939539,0.2560608877768258,0.8727693400190543
370,12.33321,0.0692435824962963,0.26194388963668563,0.870607016453852
371,12.366543,0.0683442116277485,0.27922090761118584,0.884911252926528
372,12.399875999999999,0.0662249487221746,0.28125743327963976,0.8783240641152695
373,12.433209,0.06809494789233746,0.276181765773401,0.8791071339489639
374,12.466541999999999,0.06754721784927141,0.2733167177816305,0.8720462905097294
375,12.499875,0.06816092478517027,0.267008481605882,0.8774160258855508
376,12.533208,0.06694827140110837,0.2817342282620523,0.8879309439087729
377,12.566540999999999,0.06682391976829359,0.250477599517276,0.8747785126552127
378,12.599874,0.06593201216017339,0.26248075280301963,0.869810017483702
379,12.633206999999999,0.06463613766978436,0.2632169806192578,0.8651831884480411
380,12.66654,0.06588058302217076,0.2564903560882235,0.8633544143431187
381,12.699873,0.06693887594761636,0.26744159848080745,0.8745661435620007
382,12.733206,0.06527068101210794,0.26348162607886144,0.8741945833818422
383,12.766539,0.06567355735646381,0.2631850495621955,0.8783942178291041
384,12.799871999999999,0.06684723588680246,0.27004230735047463,0.8790919170952896
385,12.833205,0.06724596270072469,0.26251618782924424,0.8701452060381849
386,12.866537999999998,0.06663216423353333,0.25527384477427806,0.8672258921443635
387,12.899871,0.06686860900917127,0.25147787982377745,0.8648680182100179
388,12.933204,0.06686990181426121,0.24719332158461924,0.861974271605229
389,12.966536999999999,0.06782405056556143,0.2518424746711417,0.8571885379214799
390,12.99987,0.06735373648502319,0.2628274324309734,0.859195840160821
391,13.033202999999999,0.06975205936217914,0.23949441413441647,0.8503889940826597
392,13.066536,0.07208399798157512,0.22715495493831744,0.8230314630208634
393,13.099869,0.07620792298615704,0.2666825344180776,0.8510419041438704
394,13.133201999999999,0.08354765805520065,0.27629875645753926,0.8601433732160789
395,13.166535,0.08829348520021801,0.286953377716217,0.9120582350011006
396,13.199867999999999,0.09345922105209402,0.28896500538467074,0.9533351254531345
397,13.233201,0.09430707914269235,0.30627206011973057,0.9683506288043017
398,13.266534,0.09796298519830574,0.30958966422412626,0.9780351835549358
399,13.299866999999999,0.1009756514817597,0.3057897617365065,0.9955255948727365
400,13.3332,0.1031317848538073,0.30512071430638893,1.0001271622682784
401,13.366532999999999,0.10079914486389753,0.3140982855640152,1.0124173701886146
402,13.399866,0.1029340342768097,0.33317075168721766,1.0207127797818842
403,13.433199,0.10742706615000965,0.31033070617828895,1.009805839056897
404,13.466531999999999,0.10756930229922948,0.30591892424505607,1.009056805251568
405,13.499865,0.10445527340171556,0.306241590680373,1.014795337425802
406,13.533197999999999,0.10679225116097138,0.32139332135655074,1.0110128072768052
407,13.566531,0.1042634840904364,0.3150091969013605,1.0001036095216052
408,13.599864,0.10401323760930778,0.3248358774649833,1.0125124925246018
409,13.633197,0.10363206172982843,0.2928389168973916,1.0208748900527205
410,13.66653,0.10126522565125651,0.3115891395302799,1.0352121670822252
411,13.699862999999999,0.10157576420984682,0.2907925623759962,1.0389184500760844
412,13.733196,0.09921677203660093,0.3002911826240049,1.0329278800792403
413,13.766528999999998,0.09675746262169857,0.3098131578619546,1.0174182771555842
414,13.799862,0.20486281426968864,0.3160711037925813,1.0316750595338042
415,13.833195,0.24482986239517743,0.30235806494190753,1.0280494824749387
416,13.866527999999999,0.2619005811152206,0.299514043312243,1.041997594591307
417,13.899861,0.2812332706147557,0.3005346760140221,1.0162834455235166
418,13.933193999999999,0.27128852403636594,0.3034775931604029,0.9968222775713452
419,13.966527,0.24654880478101956,0.2904439170219262,0.9884191883766175
420,13.99986,0.21938437969537625,0.28195661400123295,0.9299386955668496
421,14.033192999999999,0.20211763742761985,0.28277131605332007,0.9355849227235774
422,14.066526,0.16457427612613543,0.2714243820360468,0.9149184115219487
423,14.099858999999999,0.13856875765818183,0.29305765043816145,0.8854907554519048
424,14.133192,0.08428099042176747,0.27143213825699575,0.8673921539153289
425,14.166525,0.08451209697875403,0.26857624892789667,0.8604079894920261
426,14.199857999999999,0.08258501105096219,0.26828761903063714,0.8548480785068785
427,14.233191,0.08808682265382538,0.26723269069791633,0.8454019223307244
428,14.266523999999999,0.15743887246056637,0.27855107136143686,0.8683876444172243
429,14.299857,0.19126379958554154,0.2822008744664076,0.8674365547297345
430,14.33319,0.203216925686589,0.27210177837631755,0.8684937443426205
431,14.366522999999999,0.19409791562815384,0.2736015748085283,0.8615297985960458
432,14.399856,0.19372729455073154,0.27655101373723456,0.8613294555263239
433,14.433188999999999,0.18750309697451908,0.2773258431278057,0.8844136401658951
434,14.466522,0.18935827980915812,0.24320202575268854,0.8675329897439105
435,14.499854999999998,0.18246934240598933,0.2582639913702553,0.8467242952511638
436,14.533187999999999,0.18305443674980357,0.24513643129963125,0.8512791344980353
437,14.566521,0.18582466605335946,0.24674510918273423,0.8506396175987196
438,14.599853999999999,0.18852453409910133,0.23996516391040812,0.8508054177293283
439,14.633187,0.18273678300576204,0.2363545125926071,0.8530971570773407
440,14.666519999999998,0.17652550282006893,0.25708397411482475,0.8626230363201481
441,14.699853,0.17900001451984512,0.26699086463562,0.85810586732576
442,14.733186,0.1751439680322918,0.2756096031576746,0.8447835545692818
443,14.766518999999999,0.17059057145347156,0.2819588624708141,0.8486014055909873
444,14.799852,0.1565204951707413,0.2613685315726225,0.8519282277914267
445,14.833184999999999,0.15757637230699828,0.261269222249704,0.8557606129041359
446,14.866518,0.14800714804270568,0.25538048188301093,0.8573295300533919
447,14.899851,0.15398938551536664,0.2586382969692645,0.8651651847138707
448,14.933183999999999,0.16066125631157005,0.2661346827347666,0.8798480182889736
449,14.966517,0.17305612016559577,0.2612792614692804,0.8705072540984629
450,14.999849999999999,0.1718101503940459,0.27131074881553985,0.8738537477947703
451,15.033183,0.1729704002015403,0.25262858570009183,0.8583631615713457
452,15.066516,0.16743781573802569,0.26648507410982486,0.8499050830711917
453,15.099848999999999,0.15026440500053048,0.2617240153312211,0.8419310804055246
454,15.133182,0.11428942692731942,0.26303834586906283,0.8463576826251736
455,15.166514999999999,0.12707553722335044,0.2795302589668931,0.8507078174142756
456,15.199848,0.16516542633065673,0.25790736341181536,0.8582725101349483
457,15.233181,0.20324729711037018,0.24020659882931267,0.8773210402827977
458,15.266513999999999,0.25320551822093895,0.26105343381266927,0.9095409948151417
459,15.299847,0.22869700511592164,0.25802155671922045,0.9032739626226058
460,15.333179999999999,0.21289079669619512,0.25715362061041735,0.8907063672624546
461,15.366513,0.18751892734176764,0.2527657859772516,0.8825518495617822
462,15.399845999999998,0.1913184972662755,0.2539805484287486,0.8828342077033386
463,15.433178999999999,0.21382140687578466,0.17709186315405384,0.8872606788799986
464,15.466512,0.22629435419230706,0.09412259374175345,0.8910189416037854
465,15.499844999999999,0.2243535729503441,0.07498507031747229,0.8919246360385297
466,15.533178,0.22384531117227247,0.11365020645000481,0.8821953926874655
467,15.566510999999998,0.21030794237414607,0.16581822778859245,0.9086589148021378
468,15.599844,0.20452493151807116,0.23704642177906224,0.9284482319882481
469,15.633177,0.20182868115695182,0.2627048279377733,0.9224301394531252
470,15.666509999999999,0.19840230031001593,0.2977688783213459,0.9376376955432901
471,15.699843,0.21162141866664794,0.30193401379471607,0.9440634332704341
472,15.733175999999998,0.20229610347466,0.2916128227377353,0.9591128119066878
473,15.766509,0.18046467668124744,0.2937744578566456,0.967321160328701
474,15.799842,0.1644795139010743,0.30664894147501365,0.9495254109976144
475,15.833174999999999,0.16058738163057312,0.29288201400720104,0.9522717476856307
476,15.866508,0.1564452868389215,0.3022121445787803,0.9480725437365506
477,15.899840999999999,0.15369837916146384,0.30274421148346065,0.9375827794014658
478,15.933174,0.1557988373187936,0.3207095127066698,0.9351591593181056
479,15.966507,0.16105317942572606,0.3018218488650569,0.9452114560360501
480,15.999839999999999,0.18284785300743808,0.29054352594266475,0.9428308964700131
481,16.033172999999998,0.20654304006403107,0.27956975945459617,0.9634685815711493
482,16.066506,0.2297182442395762,0.26790881792364785,0.9676644271937347
483,16.099839,0.24167535519277805,0.2673291202599152,0.9805339958682332
484,16.133172,0.23538316099611709,0.2785428137207584,0.9919320690683602
485,16.166505,0.2266305009868074,0.29420757727836855,0.9968918268632901
486,16.199838,0.2181457416039449,0.30063207892919097,0.983700206723013
487,16.233171,0.22512544120786776,0.27133378091659655,0.9809791634103824
488,16.266503999999998,0.23809691682827994,0.2849235276320489,0.9743683899249688
489,16.299837,0.2648640944951801,0.28861783937442953,0.9785363083617576
490,16.33317,0.2769508485259403,0.29707245450783365,0.9884707510613614
491,16.366502999999998,0.3133823987138459,0.311165443697517,1.0001518238022946
492,16.399836,0.34001045912863,0.3129849629337641,1.0238393979316935
493,16.433169,0.32828020874612734,0.31219735352774947,1.0701986612547851
494,16.466502,0.2926232861031747,0.30531877967360305,1.0780195672704642
495,16.499835,0.26873090855700044,0.3190980315240588,1.0644626037187277
496,16.533168,0.24485436206915553,0.3147685488000349,1.0471039990558568
497,16.566501,0.23429244703544286,0.3101127011240392,1.0341768134248601
498,16.599833999999998,0.24307946313953005,0.28708057285777333,1.0275214520734095
499,16.633167,0.24483086927911987,0.2811916090743596,1.036000939689259
500,16.6665,0.24018658158947892,0.2925059730578821,1.02239744280883
501,16.699832999999998,0.23322809618470242,0.2959652459341664,0.9854935586868875
502,16.733166,0.16858069320123473,0.2817380542681228,0.9719214227356174
503,16.766499,0.07905986353483577,0.2707907197979005,0.9370263956624333
504,16.799832,0.056044369667605495,0.26499717222115377,0.9295555799914634
505,16.833164999999997,0.055029045375612755,0.2690452506762711,0.9247074121950138
506,16.866498,0.05897079737954124,0.27050952288539276,0.9197643437088862
507,16.899831,0.1616027238655811,0.27539759586144696,0.9373003645997878
508,16.933163999999998,0.20699804815754771,0.3090865691396186,0.9489924874908763
509,16.966497,0.22043059111673383,0.27835594105547623,0.9462604683838891
510,16.99983,0.21971316439559568,0.28489321897524095,0.949280331971254
511,17.033163,0.213527005106266,0.28045496852394114,0.9301380857067082
512,17.066496,0.2078273150068716,0.3133864505015474,0.9307100686418092
513,17.099829,0.21512089605640689,0.31040260773355544,0.9339052460835293
514,17.133162,0.20647247675459202,0.295247347050975,0.9242036805536943
515,17.166494999999998,0.20756825879704738,0.29351532452304574,0.9042106234284543
516,17.199828,0.2056869802963489,0.28482795475164063,0.8998990403038083
517,17.233161,0.19522233097931638,0.28647846020277007,0.910606292927771
518,17.266493999999998,0.1948540668980225,0.3021268328839322,0.8968545430689329
519,17.299827,0.18563983577870002,0.2949218830617043,0.8990284872207654
520,17.33316,0.1687073439051374,0.28507982829662504,0.8970411341347068
521,17.366493,0.14908451640208722,0.2799492933568503,0.8830896684775176
522,17.399825999999997,0.09218972997424513,0.2626875869131792,0.8769395547344769
523,17.433159,0.06329918552570697,0.2776296155836816,0.8816200354881163
524,17.466492,0.06802860087701076,0.2727973529554218,0.8821987845079756
525,17.499824999999998,0.06959415911311694,0.28146277319668733,0.8719774096215497
526,17.533158,0.07094303043130366,0.2902067965155436,0.8860761413961451
527,17.566491,0.07108691364337147,0.2919643465639189,0.885824912705478
528,17.599823999999998,0.06951132646888744,0.2842889789498019,0.8681270324184365
529,17.633157,0.0675864602892097,0.2841428968234633,0.8636487622624383
530,17.66649,0.06760611878006294,0.29234681765306847,0.8798767346876463
531,17.699823,0.06612727829022168,0.2866763708377007,0.8616214014426369
532,17.733155999999997,0.06995740525540238,0.25576102321143146,0.8544541496938678
533,17.766489,0.13985069894106975,0.26507568520036356,0.854771580369833
534,17.799822,0.15577353316385603,0.26208563207749525,0.8732221989396454
535,17.833154999999998,0.16346431223240754,0.2946221178802064,0.8792102728172415
536,17.866488,0.15769096720565515,0.2763225684847419,0.8759534173217414
537,17.899821,0.16348848099340244,0.26933692415652893,0.8719236280708599
538,17.933154,0.16866281618621035,0.2675408822440025,0.8849923920583385
539,17.966487,0.17394063155657613,0.2713255155293612,0.8793118995985492
540,17.99982,0.1720566515512953,0.27392895273133605,0.8893880072579362
541,18.033153,0.17474659706110182,0.2734260105901065,0.9045195367081038
542,18.066485999999998,0.17315317236509065,0.26443505149327207,0.8939095353318898
543,18.099819,0.1709011312241943,0.2759814192870211,0.8798254391508282
544,18.133152,0.17465488487088443,0.267886808977024,0.8683592061991555
545,18.166484999999998,0.17519211970107085,0.2746223157913289,0.8555726184347426
546,18.199818,0.18208211000209285,0.2713184237193751,0.8606353740762092
547,18.233151,0.1855262844249343,0.26053792435500767,0.8564367695615211
548,18.266484,0.17680100949546917,0.2557572518125478,0.8576794974385153
549,18.299816999999997,0.1793057141369418,0.24892537674364315,0.8589206016094373
550,18.33315,0.1778315877403741,0.27167063192787044,0.8643420991898949
551,18.366483,0.18381811549487156,0.2785772529955728,0.8633275553897362
552,18.399815999999998,0.18341922024947846,0.2888834527362552,0.8682325030631395
553,18.433149,0.19671118458881268,0.26582249813171976,0.862879088216133
554,18.466482,0.20443508192415297,0.2644641068393529,0.8640264381424403
555,18.499814999999998,0.20578380350126094,0.2578585861299256,0.8538383626987794
556,18.533148,0.1942865029202914,0.27190555975405756,0.8607868191083008
557,18.566481,0.16687733206290084,0.27328369490548743,0.8561364676207689
558,18.599814,0.13966419371224512,0.2739183441264719,0.8550411439132426
559,18.633146999999997,0.07210393511776478,0.26280096963565125,0.8410266646893464
560,18.66648,0.07312652142833773,0.24599260468459236,0.827033324575438
561,18.699813,0.07503237358069903,0.2492794653767747,0.8310467685723895
562,18.733145999999998,0.06993535217035479,0.23385810063738108,0.8395401134065336
563,18.766479,0.06798727941487961,0.22205664153170449,0.8378861988709533
564,18.799812,0.06933673002813531,0.1611521340979908,0.8545903439101147
565,18.833145,0.06884239054054063,0.1289473544220544,0.8575944961693367
566,18.866478,0.06610645947719351,0.1305265426923806,0.8544766879524037
567,18.899811,0.06309520633963255,0.08727075153650196,0.8281242525365153
568,18.933144,0.06563028556494896,0.11647101617451476,0.8442525825199118
569,18.966476999999998,0.06698105220830118,0.1182038753541913,0.8564815769266989
570,18.99981,0.06862878603465261,0.11145018321472339,0.8310817039878706
571,19.033143,0.06895322060504197,0.11043401635723335,0.8304575031789202
572,19.066475999999998,0.071073692919214,0.10978970866465552,0.8248653337820828
573,19.099809,0.06942809541954967,0.13386484268182605,0.8319533270021574
574,19.133142,0.06943479053035702,0.1398971037723885,0.850666794621798
575,19.166475,0.16235209375892434,0.18091120104640368,0.8828009456543309
576,19.199807999999997,0.20949177615904813,0.18214281807360727,0.9159230135314533
577,19.233141,0.251395381399677,0.17635768200097574,0.9265413124235663
578,19.266474,0.24430160845261817,0.1691357810977529,0.9235798825623299
579,19.299806999999998,0.23201619943927546,0.19268526952193737,0.9298789919491195
580,19.33314,0.22797305149816835,0.2073361600301832,0.903305784152412
581,19.366473,0.2207779052891855,0.22169275521915324,0.9139563732348893
582,19.399805999999998,0.21680784053024255,0.21587279001478876,0.9007431857633552
583,19.433139,0.21882254414744504,0.22256870586275984,0.9051396222831051
584,19.466472,0.2102657658473304,0.21725607814142106,0.8898476884166882
585,19.499805,0.2217078312983373,0.20404589965238146,0.8918955532063253
586,19.533137999999997,0.21665084630958678,0.19325673765501877,0.88996265293669
587,19.566471,0.21991475480032777,0.1943073849783002,0.8965961547003577
588,19.599804,0.2302667614415016,0.1961494656472699,0.8961132729128338
589,19.633136999999998,0.2328825568706055,0.19314025756030379,0.8953327046860139
590,19.66647,0.2331653713431546,0.191045553784789,0.8944556397889712
591,19.699803,0.2226697129451822,0.19508265775077718,0.8887842322718648
592,19.733136,0.22018473160970814,0.2193879393201777,0.895485066928587
593,19.766469,0.21442787441138045,0.22640044086564348,0.9013018244655573
594,19.799802,0.19885961045364633,0.22066296314791828,0.8944101209545775
595,19.833135,0.1761140178496255,0.1981943894662755,0.8984896882196286
596,19.866467999999998,0.12892576256587404,0.19183808128190574,0.8823050702220703
597,19.899801,0.06474411967030531,0.1771087972184469,0.8796590161229273
598,19.933134,0.06355184702928467,0.16215326515712117,0.8824814655482517
599,19.966466999999998,0.0596742262552609,0.22133224484022768,0.8883232229248673
600,19.9998,0.1432622784309157,0.23433825080645615,0.9072576756234755
601,20.033133,0.07350257533355806,0.2530087380727059,0.9049404337691238
602,20.066466,0.05936898388620659,0.2690705904773598,0.8994308751832655
603,20.099798999999997,0.056504949405601836,0.24460325374532063,0.8987268859769594
604,20.133132,0.053230388891375234,0.2280869165556782,0.9138895880435766
605,20.166465,0.05499681217546725,0.25150952925968034,0.9464220292990065
606,20.199797999999998,0.051467386299528926,0.24260766638382963,0.9461032846846374
607,20.233131,0.06796310800986834,0.26020993947399207,0.9611672561749742
608,20.266464,0.13707574422184082,0.2812350664130692,0.9848286141553281
609,20.299796999999998,0.17739612068078803,0.2927912865597341,1.0052823640865125
610,20.33313,0.19666818191201688,0.29674715945908847,1.019153205957258
611,20.366463,0.22048188824565798,0.28654850103417,1.0271981023171637
612,20.399796,0.23727783394428512,0.2974516534673286,1.042324875498291
613,20.433128999999997,0.22598694254042653,0.29030408131105967,1.0287899579311985
614,20.466462,0.1927062507871008,0.30233953364915145,1.0307557630477553
615,20.499795,0.16909730346017798,0.28652873189393746,1.0190429130947238
616,20.533127999999998,0.16894482412938813,0.2643261762150553,0.9841473005186604
617,20.566461,0.1762365264064217,0.30338831263695987,1.0009333755912917
618,20.599794,0.18355840820080802,0.2959247974064149,1.0019241587294252
619,20.633126999999998,0.1719903013725544,0.2758994507995075,1.0127132633035991
620,20.66646,0.167233111393575,0.2965897186650094,1.0328965393064284
621,20.699793,0.2040791564048528,0.2712365750923943,1.023081709140399
622,20.733126,0.2571631382538659,0.26706614765158976,1.0470416563123863
623,20.766458999999998,0.29069099885941074,0.3044583728698188,1.0498846680718183
624,20.799792,0.18094127489600084,0.24700936930358525,1.0521023976999866
625,20.833125,0.07848929004394754,0.2852299454883822,1.083065738424106
626,20.866457999999998,0.040509398803729925,0.30670461734593985,1.1211475580580146
627,20.899791,0.15651762873537126,0.384002487395541,1.2287069395018748
628,20.933124,0.2626120304566566,0.40635302786048544,1.2356147885249742
629,20.966457,0.22569590904350004,0.38068142763933044,1.3499413339984727
630,20.999789999999997,0.19558057514710545,0.3937314217523903,1.3319730645725367
631,21.033123,0.07689919873717138,0.3583471284963755,1.2949346472386967
632,21.066456,0.10874027207783866,0.33465365679103737,1.3029979035665777
633,21.099788999999998,0.029909898135578636,0.35790441239664794,1.2969709666740175
634,21.133122,0.028546481891005032,0.4120648162030951,1.3329367289710556
635,21.166455,0.03687870209642115,0.37358552466841477,1.3886678369059882
636,21.199787999999998,0.10056670033853932,0.5253427136527465,1.9017415721064945
637,21.233121,0.0756019218795547,0.40054442412362234,1.5917022632399118
638,21.266454,0.19213761350450423,0.41714554078750066,1.470122006683834
639,21.299787,0.22552485775933032,0.3886346032704968,1.404425849016154
640,21.333119999999997,0.2497210271336562,0.42352454893994396,1.4860539561335986
641,21.366453,0.24344748758930487,0.4318576153749821,1.514762914666029
642,21.399786,0.2207588169136287,0.36748715001106547,1.3658103487933095
643,21.433118999999998,0.25956049994564057,0.40947679998980396,1.5048611128223885
644,21.466452,0.1852009821005042,0.44325582726562496,1.495303065468008
645,21.499785,0.22778481922897514,0.3687289800417968,1.3339704112196615
646,21.533117999999998,0.20941699600129918,0.42934734656373424,1.494509992151874
647,21.566450999999997,0.2706713046651091,0.3843737381792779,1.4164955917792565
648,21.599784,0.2448310140077494,0.3623076682093196,1.4167384124558973
649,21.633117,0.23789380513819344,0.43128419736523155,1.5269893006710742
650,21.666449999999998,0.23745818573596583,0.39099730820667544,1.515761063595756
651,21.699783,0.19809447496194077,0.4014336098940301,1.364883201577649
652,21.733116,0.2216659392892947,0.3405735464808247,1.2655881190133305
653,21.766448999999998,0.2258010334509641,0.4145134581902797,1.245119856815382
654,21.799782,0.22104171914789233,0.394910380245516,1.2711078717351418
655,21.833115,0.1959455286018802,0.42113578656745027,1.2732944295672142
656,21.866448,0.18384414666118143,0.42265065647681,1.3124448431112163
657,21.899780999999997,0.1902873668463144,0.4273592121984039,1.3254634617775367
658,21.933114,0.19190132908830876,0.44675220443711383,1.4022174209113254
659,21.966447,0.16805410299915724,0.4404478801313042,1.3530604939229267
660,21.999779999999998,0.15033885309454095,0.42513486047505533,1.3352317376161686
661,22.033113,0.18074393933802568,0.42249856214366854,1.3112972783315027
662,22.066446,0.18183097496870965,0.4639517514618141,1.41859372866783
663,22.099778999999998,0.19207637085118523,0.4169160226272825,1.2770066448407462
664,22.133112,0.21156849497789576,0.41921207084646706,1.4474973113320928
665,22.166445,0.207040862393582,0.4492351828069933,1.281453973848727
666,22.199778,0.20976951766827182,0.43586531408481,1.2343735349063139
667,22.233110999999997,0.22050514913610322,0.4430130306735407,1.2457810229518864
668,22.266444,0.2287888215205573,0.437931662733955,1.2654084869582352
669,22.299777,0.1954565829433883,0.4629835189130277,1.2830189153278888
670,22.333109999999998,0.17382779828693887,0.411692076104332,1.335298230321366
671,22.366443,0.18835759209894398,0.427797574130541,1.3269478093196854
672,22.399776,0.18110765317725366,0.37877182523356046,1.295226818666821
673,22.433108999999998,0.17770639850248612,0.3601232551373006,1.2509446985446386
674,22.466441999999997,0.16259142654312944,0.3402199615664354,1.2048840932547662
675,22.499775,0.18009805983311936,0.37573542029785145,1.2309450872568208
676,22.533108,0.13470247949081693,0.33823461412063727,1.1315957950701843
677,22.566440999999998,0.12313543655215844,0.2917048446236827,1.0722389377555386
678,22.599774,0.13716477777237257,0.3058859661294423,1.0613538862712693
679,22.633107,0.17689691447131003,0.3272284162010785,1.0193893078224716
680,22.666439999999998,0.2024797897017937,0.2993482714198938,0.9700883143874034
681,22.699773,0.2068968497061779,0.2491037731505063,0.9312678346301833
682,22.733106,0.19503321309248586,0.24510262844260156,0.905305332342861
683,22.766439,0.21792342031803627,0.2651386997612376,0.9260083690456137
684,22.799771999999997,0.1936483618600732,0.2670086856360927,0.926937974457454
685,22.833105,0.18247892902109714,0.24033119702109002,0.8951782324953167
686,22.866438,0.17332873837163532,0.2518880041240371,0.8725182014108612
687,22.899770999999998,0.17596492434006658,0.2446495983215544,0.8749160462896993
688,22.933104,0.15460996577815145,0.2622191770189235,0.8659313432134863
689,22.966437,0.06110251971786039,0.2715334981817533,0.8986754697874305
690,22.999769999999998,0.06381212816013251,0.25654560959609063,0.8897903116892772
691,23.033103,0.0634833268561167,0.26840371820675235,0.9121174002672204
692,23.066436,0.06266948153404017,0.2675596656129111,0.9205049825726865
693,23.099769,0.10861585155293589,0.27269198751690393,0.9243349994887936
694,23.133101999999997,0.17582671632779193,0.28848752997871413,0.917195359620964
695,23.166435,0.20275808241389315,0.29490627463744956,0.9383825267683469
696,23.199768,0.20831991426298582,0.28762802800051357,0.9392332302734019
697,23.233100999999998,0.21945815431004367,0.2855618691059303,0.9481553574109864
698,23.266434,0.22320300903968285,0.2894209384853822,0.9368823162855044
699,23.299767,0.1977164712941305,0.28663633528611954,0.9291889636542368
700,23.333099999999998,0.059944167528109625,0.269701666598133,0.9064491303654935
701,23.366432999999997,0.05786310429539768,0.2909852568266389,0.8867176946554798
702,23.399766,0.0584932069223916,0.27389253127536073,0.8863043995079642
703,23.433099,0.13120107814789878,0.27738673671888026,0.8972446953589733
704,23.466431999999998,0.18441116513502445,0.28512221118753966,0.9024347018949923
705,23.499765,0.1834562006040587,0.2883967736547849,0.9059734027979681
706,23.533098,0.16138707719190448,0.3000032965322521,0.889083563977285
707,23.566430999999998,0.14787352888628796,0.28082069281323885,0.8854383856832507
708,23.599764,0.05756540710748138,0.2716395955369051,0.868330794010805
709,23.633097,0.05618505904249345,0.27911053762545757,0.8717294521960994
710,23.66643,0.058571042685591226,0.2578110077272334,0.8617232709997366
711,23.699762999999997,0.059781693811358,0.26166813978353737,0.8703126843684802
712,23.733096,0.05882564446354772,0.27780224079077426,0.8846779798955398
713,23.766429,0.16888579749373892,0.2931817339560944,0.893960679786643
714,23.799761999999998,0.20246549527053365,0.30604334494364505,0.9091197143556471
715,23.833095,0.20170170648289354,0.2982443909072272,0.9316429469685396
716,23.866428,0.20918176684283504,0.3007190284158262,0.9400992025631411
717,23.899760999999998,0.20268345082449168,0.3059394127858217,0.940330409913313
718,23.933094,0.20384190534142366,0.2884508042314086,0.9349662183602535
719,23.966427,0.20016610704144727,0.2974207951795791,0.9416790329750914
720,23.99976,0.19820780672580401,0.2968301966745329,0.9389864735746948
721,24.033092999999997,0.18968153374190544,0.3119995691284454,0.9369596200333332
722,24.066426,0.19281814859532836,0.3113416345807207,0.9474137454054428
723,24.099759,0.19565319658851352,0.3042307442554051,0.9539221228180407
724,24.133091999999998,0.207831672408591,0.2976683966069087,0.9630419507832927
725,24.166425,0.2157751452733201,0.3005429833791834,0.9815948795810493
726,24.199758,0.19870861675289836,0.3126937918826974,0.9937376587430722
727,24.233090999999998,0.13901998793972659,0.3185602071729933,0.9873217648916279
728,24.266423999999997,0.047980705926839985,0.3082707585548773,0.9738874967655696
729,24.299757,0.04662762199651551,0.30640752478814276,0.9863235328308467
730,24.33309,0.12301788078097925,0.316463328258088,0.9937720871682632
731,24.366422999999998,0.06783323395260336,0.33326406069854875,1.0191074953749184
732,24.399756,0.04678102527185222,0.3233654058354869,1.038698911832352
733,24.433089,0.046122742011198176,0.30786480029724794,1.0218672755806741
734,24.466421999999998,0.044978585242214084,0.3216542788229043,1.0316519136272968
735,24.499755,0.08612396826568106,0.33561125791855717,1.0109105868885002
736,24.533088,0.13913785445687643,0.3386016191019271,1.0014008419014655
737,24.566421,0.14804742629567655,0.3377781035110036,1.044452996998169
738,24.599753999999997,0.17004231343511297,0.3662585641903072,1.0537563919699375
739,24.633087,0.16423113756428717,0.3663590106070146,1.0795171218323882
740,24.66642,0.15964617010479773,0.38894950913184834,1.147746029737547
741,24.699752999999998,0.11493677972284669,0.38827229775570615,1.181250270923952
742,24.733086,0.165873047572146,0.4077779155224227,1.1967993404074762
743,24.766419,0.19174867990308953,0.409367888106529,1.2293977259564703
744,24.799751999999998,0.20649091753075535,0.4655899961543122,1.247141234144237
745,24.833084999999997,0.19522682202149436,0.4237683430812944,1.2205144776982935
746,24.866418,0.20308926102737074,0.4855960096767351,1.2746072787835
747,24.899751,0.20026105730637958,0.41006043092017364,1.3192550753145842
748,24.933083999999997,0.1597613702405255,0.41823244440497837,1.3145469334714919
749,24.966417,0.12436087443745274,0.46055445229821595,1.2906169805612673
750,24.99975,0.0690973196035364,0.4835305635943129,1.3296658911073451
751,25.033082999999998,0.029883952982165254,0.4278440566246111,1.3075439891965943
752,25.066416,0.0245257233640487,0.39801490855910493,1.259426342136993
753,25.099749,0.03508038652270469,0.40088726199244273,1.2524819623374117
754,25.133081999999998,0.1734274972343994,0.3657689923043297,1.2613718746695726
755,25.166414999999997,0.23371196629885763,0.3994081661357556,1.4499985803266187
756,25.199748,0.16435177363875828,0.39428681346609784,1.4317186070122576
757,25.233081,0.2022685424431623,0.35124684333625067,1.304089452011681
758,25.266413999999997,0.2513171397355215,0.31990519806706275,1.2970084492706593
759,25.299747,0.24733288984922658,0.34321338534015133,1.1989676598722534
760,25.33308,0.24885405803232558,0.3790759158431959,1.2047410551834976
761,25.366412999999998,0.23672510453296625,0.3778949571608518,1.279936470897111
762,25.399746,0.19746307368084326,0.376588056905567,1.3029167187359945
763,25.433079,0.1873778456778003,0.38024907103442984,1.3258695382511703
764,25.466412,0.25106231017079955,0.408127544744432,1.307644180070492
765,25.499744999999997,0.22316879338913928,0.4323918472027771,1.3798635026600925
766,25.533078,0.2830498609768398,0.41276446223375995,1.29861274127633
767,25.566411,0.3507993831213437,0.3843536997776769,1.2300049754505578
768,25.599743999999998,0.40026271692430787,0.3830152849125496,1.2173108434195743
769,25.633077,0.34874558317196114,0.4020880908732418,1.3921537960398491
770,25.66641,0.4001699203727732,0.3864634214722872,1.3280279478198838
771,25.699742999999998,0.3328584027457169,0.4200984663403167,1.414127676624766
772,25.733075999999997,0.3105373468799975,0.4007392461932243,1.3903890414668085
773,25.766409,0.24169395171234853,0.41433657140006863,1.3148318348904955
774,25.799742,0.1922206135096027,0.42153648869545374,1.3248769474379671
775,25.833074999999997,0.1954722729353974,0.4172821816062987,1.332604385363544
776,25.866408,0.219358657277298,0.3900607406313029,1.2984014803430501
777,25.899741,0.20828678181669052,0.3930527125427458,1.221777507894811
778,25.933073999999998,0.1859110382237259,0.3574729441814646,1.0998444354365462
779,25.966407,0.19505812028251726,0.36020343050563297,1.0902559282126487
780,25.99974,0.20590139422219614,0.37837287417628407,1.077890934785837
781,26.033072999999998,0.1871757096938334,0.3306540120161292,1.0280717304691827
782,26.066405999999997,0.17888708759869076,0.23800940473913507,1.003704398348719
783,26.099739,0.1734835868158969,0.164760790744765,0.9717347702515046
784,26.133072,0.16430642751558866,0.17462531464378392,0.9661508089652232
785,26.166404999999997,0.17599902924500496,0.17380521456160894,0.9835776031887808
786,26.199738,0.17747703704439313,0.22370262394813967,1.0325858331062505
787,26.233071,0.19090679714818862,0.18954575105209237,0.999392232668092
788,26.266403999999998,0.19935181637012958,0.14459132080855244,0.9696174332553023
789,26.299737,0.22150938510756626,0.2100223300854029,0.9862669736039318
790,26.33307,0.21478560183765516,0.2155226960114584,0.973299063102968
791,26.366403,0.14243069565843738,0.2698102044706338,0.9417416996448976
792,26.399735999999997,0.06181763256168123,0.2701684915209769,0.9304473258333088
793,26.433069,0.06966514901463093,0.26003029745492,0.9523251753109339
794,26.466402,0.16835815264124293,0.2721193857510853,0.9522410880726948
795,26.499734999999998,0.20637619249230807,0.2696801719785366,0.9478359873614547
796,26.533068,0.13154747555423218,0.2968115704439099,0.9452206040202457
797,26.566401,0.08375133512793116,0.2690254508683708,0.9263438212169599
798,26.599733999999998,0.09461814294381407,0.2746177741939159,0.9209775012940395
799,26.633066999999997,0.06513737457839082,0.26265363109511364,0.9237721966041363
800,26.6664,0.0694919221216311,0.2568899139810301,0.94432904937863
801,26.699733,0.06963048232815972,0.2894838126886109,0.9648939590930351
802,26.733065999999997,0.19298779699270627,0.26099449712805567,0.9542600717524082
803,26.766399,0.22124852517621524,0.2408853950356551,0.9594112297639965
804,26.799732,0.1996184527964821,0.23601109593184955,0.9395536485858236
805,26.833064999999998,0.18155712233174806,0.2563169583715209,0.9367088209760002
806,26.866398,0.17472984054160867,0.2703095594190618,0.9140251374460305
807,26.899731,0.16404098845552528,0.2566057195620544,0.8989226217875922
808,26.933063999999998,0.17425358135359323,0.2731796913344454,0.9201141201507939
809,26.966396999999997,0.1819841760380231,0.2652686918347521,0.9291841123997535
810,26.99973,0.21051050246379527,0.2574765640640155,0.9337705435404199
811,27.033063,0.23033238231981207,0.26113324424963213,0.946057092958113
812,27.066395999999997,0.26276178742480194,0.26841995798145757,0.959762935947441
813,27.099729,0.27141927078735906,0.26474921264792095,0.9689082983845266
814,27.133062,0.3163871498893914,0.2750236788068829,0.9832311022950022
815,27.166394999999998,0.2563525225942643,0.27388367890349763,0.9782546764636274
816,27.199728,0.2352558895835413,0.28208281081490477,0.9706947282324092
817,27.233061,0.24528050589064393,0.29856458639026495,0.959595313552804
818,27.266394,0.2628949301867181,0.28854336477838227,0.9829491796104937
819,27.299726999999997,0.2569453011985343,0.3029657318570026,1.0244487058869338
820,27.33306,0.2734758347714909,0.31533867622553424,1.039457203478046
821,27.366393,0.2786967358495984,0.3444460916379299,1.0291532951570201
822,27.399725999999998,0.3245615527873756,0.36259716647420404,1.086116839584069
823,27.433059,0.32614864577639574,0.3455559628451579,1.0883713272247522
824,27.466392,0.33392551929894126,0.37204701956841313,1.1072978099441912
825,27.499724999999998,0.3165247959164678,0.35872110571451343,1.0978041054675234
826,27.533057999999997,0.2519922372036463,0.3635291741844107,1.0755066219910778
827,27.566391,0.12688949030786542,0.364660398783762,1.0915967330184375
828,27.599724,0.06523464272161351,0.34093719635256176,1.1276449379660525
829,27.633056999999997,0.0674009870927937,0.3726003189695115,1.111799500599536
830,27.66639,0.10444666642508828,0.38381836881986375,1.1673363002204498
831,27.699723,0.15075486972350047,0.3856013270333831,1.1668366632473886
832,27.733055999999998,0.19892286489937902,0.4391165228913795,1.249638898047119
833,27.766389,0.19633319667810686,0.45164395741076246,1.3923657667401983
834,27.799722,0.1612944050206593,0.41766513228948376,1.367833478695825
835,27.833054999999998,0.17142224426579786,0.3587481750173298,1.3163269153040935
836,27.866387999999997,0.16509847259634897,0.343626770840353,1.2252554802797726
837,27.899721,0.07342161251555267,0.48812191052280274,1.4543423916416718
838,27.933054,0.13548000802554902,0.4500529476321872,1.3318509604246938
839,27.966386999999997,0.054366376469279706,0.40815943228749807,1.3156678483443924
844,28.133052,0.0495006492513015,0.3922278635985329,1.16531930743362
845,28.166385,0.16864229958943322,0.45396250322726694,1.5828192900670985
846,28.199717999999997,0.31180227964189644,0.3467054632674419,1.1960440927487552
847,28.233051,0.3009794080314564,0.23972914187473718,1.1030672900959233
848,28.266384,0.2612946734547189,0.30537458960507413,1.0402088349420457
849,28.299716999999998,0.2308112942135325,0.2838412270317588,1.039335451051633
850,28.33305,0.20954885707921017,0.3550820010235367,1.0742996635945932
851,28.366383,0.19076280446785002,0.3205533282105123,1.0170752273079677
852,28.399715999999998,0.1742920577582998,0.31152393004473367,0.996893707207157
853,28.433048999999997,0.14842154249088196,0.3071133659684242,0.9754656195461137
854,28.466382,0.128613488111036,0.2991998114722706,0.9790093904978125
855,28.499715,0.134197196805,0.29364057540721245,0.9676697990789735
856,28.533047999999997,0.1342801782850019,0.28360029783181084,0.9500367699178383
857,28.566381,0.13918216627357902,0.2863702598784995,0.9349278688152655
858,28.599714,0.14795148860386556,0.2888214708321089,0.9375154729532867
859,28.633046999999998,0.14784976713295608,0.2919374522562008,0.9280194474197406
860,28.66638,0.16234294141610392,0.3148116833490179,0.920089326846416
861,28.699713,0.17518459255630517,0.30429761458050975,0.9016271425838712
862,28.733045999999998,0.20419725294182284,0.2883294946765971,0.8895386295313698
863,28.766378999999997,0.20954233263552152,0.31504854697262386,0.9198433190146657
864,28.799712,0.1904458824630994,0.32878379887951426,0.9457066814238204
865,28.833045,0.18169036613134512,0.32149512854697454,0.9755172868889839
866,28.866377999999997,0.1699008141761048,0.30463828142749216,0.9759915759557892
867,28.899711,0.13629003467626227,0.2939736625270324,0.9956262175868372
868,28.933044,0.05123448133538167,0.3039587712938784,0.9760417184170199
869,28.966376999999998,0.05228381252784527,0.3023541774968692,0.9716312030322414
870,28.999709999999997,0.053848946418704274,0.3129574575742703,0.9966597276399445
871,29.033043,0.1339976207832634,0.3331011689804515,1.0415720912338318
872,29.066375999999998,0.23041785073538848,0.3314335797328325,1.0743053112313656
873,29.099708999999997,0.2926844108423694,0.32386990321222553,1.0876848908437642
874,29.133042,0.3284518597271589,0.321281286688758,1.103446766033433
875,29.166375,0.36593367355801587,0.32260941182664177,1.1206406219079528
876,29.199707999999998,0.2407502178051178,0.3205363115183647,1.0826205443120427
877,29.233041,0.20777132417488908,0.33654409008076064,1.0390040773395322
878,29.266374,0.19179640912415327,0.30648780450876645,1.0021282345044686
879,29.299706999999998,0.19888477524727724,0.3138667860380939,0.9780312521340965
880,29.333039999999997,0.2125500473733659,0.2997250806074194,0.9855868917821328
881,29.366373,0.22923584924769538,0.29444152200068063,1.0193572527995907
882,29.399706,0.24539961221200712,0.29834835749660116,1.0135854387850505
883,29.433038999999997,0.2027546801613674,0.33118716890375177,1.0288414513599298
884,29.466372,0.11569781974657425,0.2834350606541388,1.0133338444084918
885,29.499705,0.06209129913639111,0.18002716982248085,1.0280449683356239
886,29.533037999999998,0.06477075162327217,0.21200978926984643,1.0181122313555682
887,29.566371,0.0941094506322694,0.30114461015137883,1.0371022395168632
888,29.599704,0.13864848589482956,0.3430679925748369,1.140186205017614
889,29.633036999999998,0.20838605171422317,0.3725935062231456,1.139861810626069
890,29.666369999999997,0.2638407832385981,0.4148020663225008,1.1995713569166637
891,29.699703,0.28347704037804744,0.3778743903117747,1.4107294144072846
892,29.733036,0.3003402426715611,0.38991589015684436,1.2841169079471155
893,29.766368999999997,0.29862340495800327,0.389101934217321,1.247545364387673
894,29.799702,0.2463870200964297,0.3647004129791867,1.2854081105123745
895,29.833035,0.28140640002446893,0.3755725676448747,1.3132714140700494
896,29.866367999999998,0.2471787347150605,0.33970567870746016,1.2453368172686095
897,29.899700999999997,0.22739422288553834,0.3704084160617056,1.328922663896274
898,29.933034,0.22806026895036818,0.3806537331452573,1.2760723578638145
899,29.966366999999998,0.2273801994872,0.39647482727501726,1.399545631702392
900,29.999699999999997,0.2691845592707397,0.3573995649708669,1.3405618601167337
901,30.033033,0.24060883609959766,0.37093907557597566,1.3148329297159762
902,30.066366,0.21816424529470085,0.3828311024224469,1.3880388274659907
903,30.099698999999998,0.25508806522459465,0.36558439501727347,1.4031824293925945
904,30.133032,0.2823852756755436,0.3454986995798425,1.4720511724050955
905,30.166365,0.22736205329864476,0.3435980222852846,1.4954018617860172
906,30.199697999999998,0.20337410781751591,0.359826878814418,1.4456937712533917
907,30.233030999999997,0.22619881517704277,0.37323174858810165,1.4507551593100163
908,30.266364,0.208512618315496,0.39352194135170987,1.4802087924985068
909,30.299697,0.19026020943570904,0.38145795315363956,1.3730923751556805
910,30.333029999999997,0.24628986913850084,0.3717054723715434,1.3193407944066033
911,30.366363,0.29057954617657816,0.34326989570173905,1.248153176548155
912,30.399696,0.27246109955739134,0.29842714557813166,1.116022977531681
913,30.433028999999998,0.2734087637152841,0.23852227914510685,1.0370423375770854
914,30.466362,0.24316301887585262,0.20305418185118945,1.0145849183346805
915,30.499695,0.22796816063668854,0.12746636797036948,1.0073436268257199
916,30.533027999999998,0.2414022607495467,0.1323454542112851,1.0152763523085753
917,30.566360999999997,0.22787720838998773,0.1374374675275679,1.0216293648612984
918,30.599694,0.21685322405896756,0.09964265741206303,0.9657109572446692
919,30.633027,0.1996923572034657,0.09894457655539565,0.8776517597373874
920,30.666359999999997,0.20235746624477727,0.09540081848386478,0.8541235014936617
921,30.699693,0.19825785737184684,0.07189029753973505,0.8407461001840002
922,30.733026,0.18667624864973478,0.08331071717219754,0.824419161449939
923,30.766358999999998,0.19099200227407997,0.0919491198876577,0.8186815841576327
924,30.799691999999997,0.19805359291030233,0.05440184478341261,0.7987285662127062
925,30.833025,0.1952358566546288,0.049041951453331845,0.8192721796855876
926,30.866357999999998,0.19779834750683548,0.050819612346294736,0.79953524179614
927,30.899690999999997,0.20016817836739997,0.058201489984166785,0.7901269647217563
928,30.933024,0.19999283522633765,0.0524687742034001,0.8046895552123906
929,30.966357,0.20082724339378696,0.05600306688022229,0.7905191868870016
930,30.999689999999998,0.2012729822220631,0.052300323654438076,0.7915407641957953
931,31.033023,0.19785567165158785,0.08194561046763814,0.8207903261758936
932,31.066356,0.21527540894342168,0.0989777442858463,0.8370612383260699
933,31.099688999999998,0.22629489887162407,0.1352102041966221,0.841366443655717
934,31.133021999999997,0.22362977052540722,0.1682452228449167,0.8432604575018157
935,31.166355,0.22596065270442933,0.2181424952477302,0.8606694708964605
936,31.199688,0.2217485113742445,0.23717061159198724,0.8654550175267469
937,31.233020999999997,0.22721194353156282,0.2391317122797643,0.8705848279846269
938,31.266354,0.23041071462473423,0.24155081567819406,0.8645943188361206
939,31.299687,0.2344691756652328,0.24625739641495126,0.8648322582041423
940,31.333019999999998,0.22921912048931928,0.24333546480765983,0.8594313697753981
941,31.366353,0.23098100297882876,0.24280084391628795,0.8736671079398534
942,31.399686,0.22907474920181312,0.25370863124506954,0.8757310405898749
943,31.433018999999998,0.2339966818065691,0.2053153379010365,0.8745309589137209
944,31.466351999999997,0.23099850220831936,0.1749056191134784,0.8606326112085751
945,31.499685,0.22019952503678802,0.16887110184597606,0.8490339421762745
946,31.533018,0.21897123410775585,0.18475990656414432,0.8567562239550202
947,31.566350999999997,0.2168410882292932,0.17766741343393358,0.860460352513066
948,31.599684,0.21347547344971182,0.18096096520119265,0.8545006731953828
949,31.633017,0.2139212454517905,0.169466876905536,0.8479688947034891
950,31.666349999999998,0.21194976741757737,0.15700826752905836,0.8389623208201273
951,31.699682999999997,0.20821173760465936,0.162903282457686,0.8586205483076634
952,31.733016,0.21255142711645703,0.196429041117858,0.848094218218652
953,31.766348999999998,0.21072738375747835,0.18625447415449423,0.8656440393755853
954,31.799681999999997,0.2143563200613238,0.18663331539192338,0.8734564322400443
955,31.833015,0.21370819677799108,0.2148178948936746,0.89990675998223
956,31.866348,0.21784222700340583,0.23030413527836224,0.8985611818336061
957,31.899680999999998,0.21655654897779905,0.24299840658831076,0.897031613885929
958,31.933014,0.21989455557062995,0.2443548315196419,0.9051359627581544
959,31.966347,0.21866105275079262,0.2432599265460956,0.9047132408485093
960,31.999679999999998,0.21938242544511324,0.23900146874778788,0.8865954973152761
961,32.033013,0.21955768601461784,0.23294636989173428,0.8933505741414228
962,32.066345999999996,0.19341512243119574,0.23368043850532566,0.880970756473574
963,32.099679,0.19850867888895843,0.2323250704059014,0.8688605873473728
964,32.133012,0.21567131841923487,0.21922089579949589,0.8735582225803232
965,32.166345,0.22596617896225923,0.23194260578451703,0.8797860991527374
966,32.199678,0.22601522016036682,0.22626788526787506,0.8714880137574494
967,32.233011,0.2276316680769486,0.2415083277404847,0.8682392511849661
968,32.266344,0.2264558371366628,0.23459293071198906,0.8765846127394692
969,32.299676999999996,0.2350452827389321,0.21758921384550936,0.8916298047491095
970,32.33301,0.22936942052807507,0.22083910204924362,0.9064003712037705
971,32.366343,0.2374632922455239,0.22137779509625566,0.9101798614321309
972,32.399676,0.22973676051265174,0.22629699213378218,0.9204487851748034
973,32.433009,0.2222444819170208,0.23546302134640248,0.9236878606994686
974,32.466342,0.23299030307742566,0.23329074413574757,0.8834231827620986
975,32.499674999999996,0.23171398840413132,0.23710197822132834,0.8864708363521153
976,32.533007999999995,0.2259531924658818,0.2313133371752551,0.885922167789197
977,32.566341,0.2282978831570987,0.2260077364649348,0.8800754749281291
978,32.599674,0.22701465227510662,0.2321255481156258,0.8742142660201483
979,32.633007,0.23346046636822299,0.23652083586791178,0.8768795487959689
980,32.66634,0.22880862602299404,0.237974173193432,0.8858796759973613
981,32.699673,0.23155185401782155,0.22665554671300683,0.8996407563749944
982,32.733005999999996,0.231688039320449,0.2231416382668993,0.8991450523099844
983,32.766338999999995,0.22815526233723915,0.2306224751383193,0.8942428986412891
984,32.799672,0.23380936917152503,0.23774306651701846,0.8910719317203537
985,32.833005,0.23304703722049278,0.217040670869637,0.8995477012302823
986,32.866338,0.23928730569282095,0.2191906924037144,0.911363255318234
987,32.899671,0.2377263995480048,0.22626006938586601,0.9108181110144593
988,32.933004,0.23534538379077075,0.21905237074253803,0.9028690585037512
989,32.966336999999996,0.23580911937512755,0.2192503987863758,0.8962890186828121
990,32.99967,0.23140097557906378,0.22570397100921968,0.8962692931757549
991,33.033003,0.2330583876014025,0.22352131103605238,0.901538002786715
992,33.066336,0.22755191964494614,0.22163504719012964,0.8927477224369672
993,33.099669,0.2306107201562613,0.23320946900442294,0.9024794845547724
994,33.133002,0.22976973995099062,0.2241960023473828,0.8838343402473025
995,33.166335,0.23021721538087314,0.228803530336275,0.908941006557052
996,33.199667999999996,0.23027251193920123,0.23963617762268352,0.9025493804677622
997,33.233001,0.22866074923835708,0.22767018702213618,0.904511374113166
998,33.266334,0.22983538373354337,0.21697771807766073,0.8940264746872278
999,33.299667,0.22040608101711595,0.2224805699379903,0.9114523864165783
1000,33.333,0.21748082999083201,0.22088004412861498,0.9197424155874578
1001,33.366333,0.22013974785059684,0.22486019416559322,0.9093614551230912
1002,33.399665999999996,0.2251224906892298,0.22469999164349946,0.9060121449162807
1003,33.432998999999995,0.23082620324841666,0.22941064627519592,0.9180831341786898
1004,33.466332,0.2329474070749998,0.2297169005674346,0.9239720768533883
1005,33.499665,0.23412483300803724,0.2317855602027613,0.9262919076600467
1006,33.532998,0.23404686047060028,0.25330490157015056,0.9441550682934775
1007,33.566331,0.22770776189648317,0.24540856582812118,0.942464931087874
1008,33.599664,0.22616335269041254,0.2643499568645938,0.9460373128684525
1009,33.632996999999996,0.22874365082840936,0.25173480040760676,0.9513187600824573
1010,33.666329999999995,0.23043158599532176,0.25386657562472054,0.9371021617992925
1011,33.699663,0.22446422499890636,0.2564953477242383,0.9375391337329664
1012,33.732996,0.21819606899920188,0.2611954014570877,0.9357779837665554
1013,33.766329,0.22233131705711895,0.25342401381567886,0.9264273791702164
1014,33.799662,0.20947999140651488,0.2570993013459649,0.9206118020253627
1015,33.832995,0.2044311288197994,0.23154689750372143,0.9178901527894674
1016,33.866327999999996,0.21698478794909437,0.23374336720301536,0.9042776083388664
1017,33.899661,0.20997145163817948,0.22734086752228028,0.8941680887694682
1018,33.932994,0.21198760608776454,0.23463215022793485,0.9021522514273845
1019,33.966327,0.20173077462409203,0.22346018760698447,0.897768847501626
1020,33.99966,0.2008758115975922,0.226029446544598,0.9001909726901954
1021,34.032993,0.20194293738645472,0.23126094486339963,0.8961897278639566
1022,34.066326,0.2021675316823388,0.2331101017580065,0.8958215255582402
1023,34.099658999999996,0.2054991184623572,0.2325167065990412,0.8968521156482012
1024,34.132992,0.20514440515233173,0.22790379271106037,0.8920858725748004
1025,34.166325,0.205336919676755,0.2358746005467971,0.8866498077095365
1026,34.199658,0.21234341227408746,0.24740516764599887,0.8809201295429957
1027,34.232991,0.21411479428186406,0.23399563086875153,0.8812204559227724
1028,34.266324,0.21793720164918712,0.22550288402743726,0.8969432806699624
1029,34.299656999999996,0.2126633145878903,0.23041946124968182,0.8948934221031152
1030,34.332989999999995,0.20490075628531737,0.23335821675296842,0.8861320468137783
1031,34.366323,0.20643377816575015,0.22882198854515481,0.8751281930236237
1032,34.399656,0.22120363726412356,0.22338511579396858,0.8876318587930566
1033,34.432989,0.24391047475387215,0.22827288666638124,0.8828320160721731
1034,34.466322,0.26251617387658444,0.23108043783172824,0.9089213223475362
1035,34.499655,0.2568130824419061,0.2315477085166114,0.9230146800730428
1036,34.532987999999996,0.2441203317071187,0.22820565405308718,0.9271394303023409
1037,34.566320999999995,0.19368507086884595,0.22922208426906426,0.9049919990694971
1038,34.599654,0.17587175742060485,0.23975038930268874,0.8870339772564241
1039,34.632987,0.1516981591460585,0.2174449060070343,0.8635631710639118
1040,34.66632,0.12476697230424777,0.22072965382517945,0.8573388837990232
1041,34.699653,0.09465347106206252,0.24316998442129012,0.858389643947727
1042,34.732986,0.06931109619817725,0.22732398856688707,0.8714960668806074
1043,34.766318999999996,0.06837262085821359,0.2443780312159065,0.8608311493054284
1044,34.799651999999995,0.06921764959761637,0.23862195511494266,0.840869709660784
1045,34.832985,0.06979543416034896,0.2368261386595331,0.8625344717923356
1046,34.866318,0.07378078386042176,0.22112663128946097,0.8479148062384558
1047,34.899651,0.07430623697520493,0.2337348998045406,0.8368388234694845
1048,34.932984,0.07255713936274458,0.22279082465074584,0.8479198543557425
1049,34.966317,0.07350949217322277,0.2282625031130809,0.851670792718228
1050,34.999649999999995,0.08218836998519916,0.22665946354353508,0.8546950428934029
1051,35.032983,0.12065179301602319,0.22238904571979234,0.85603100658204
1052,35.066316,0.16323460031952197,0.199296753531232,0.8475096107957131
1053,35.099649,0.2083925786572863,0.20416639259220398,0.8566133944686578
1054,35.132982,0.22344490029912364,0.2284485313859172,0.8664753029446309
1055,35.166315,0.2326538152945655,0.22020369540059753,0.8621717779229593
1056,35.199647999999996,0.23185007126263688,0.22295501148072677,0.8633065926505652
1057,35.232980999999995,0.23602133100368533,0.22302503885390668,0.8643192053523151
1058,35.266314,0.23407205760561597,0.22553307972765466,0.859561433010778
1059,35.299647,0.23495413331565562,0.2177949344353852,0.856326605657473
1060,35.33298,0.2346596861255495,0.23010731298950965,0.8630664825826786
1061,35.366313,0.23115770703882568,0.21695794105945343,0.8734272470906629
1062,35.399646,0.23848990636665643,0.2076978477213321,0.8911151311413236
1063,35.432978999999996,0.23461440601880823,0.2254824689619105,0.8946566669835456
1064,35.466311999999995,0.23478444177956437,0.2042693481021846,0.9044107088601084
1065,35.499645,0.2330704011501453,0.2177391838064925,0.9141452139303164
1066,35.532978,0.23348992029056717,0.20427505804832854,0.9012280055093531
1067,35.566311,0.23461999014399348,0.2114615790064921,0.8947908605841903
1068,35.599644,0.23315313242388394,0.19746643828475752,0.8916605427161308
1069,35.632977,0.23375478673048197,0.20959774111136178,0.9015295758856255
1070,35.666309999999996,0.235418237905831,0.2055504189046333,0.8931278377987094
1071,35.699642999999995,0.23575858242888828,0.2082926042246842,0.8874333115946595
1072,35.732976,0.23603652812954826,0.19796422815361278,0.88747844755293
1073,35.766309,0.22941204233763451,0.20489868571217165,0.8938045852897681
1074,35.799642,0.2272467913161012,0.21446749422163586,0.9006163755739337
1075,35.832975,0.2306734473301758,0.2205677100538362,0.8967148045617571
1076,35.866308,0.2284233616780627,0.2079167845921916,0.8908430304440036
1077,35.899640999999995,0.22147904882646663,0.21724648052724332,0.9053313784431468
1078,35.932974,0.22057301449898145,0.21943721327824595,0.9044851252046622
1079,35.966307,0.21323236672077242,0.21223221916143487,0.901614285956547
1080,35.99964,0.20295095192496498,0.2152288637377251,0.8943555180146123
1081,36.032973,0.21256920884278863,0.21629118151318139,0.8850243459146893
1082,36.066306,0.2050335861314252,0.21979516287751888,0.8603134754881
1083,36.099638999999996,0.21878998070007413,0.23307661308618804,0.8630758362109738
1084,36.132971999999995,0.2204852111231641,0.22222252769981332,0.8490876222289797
1085,36.166305,0.22649057258311342,0.21595040905222634,0.866951784924708
1086,36.199638,0.23537756022455641,0.2176908056938951,0.8988142763138502
1087,36.232971,0.2460099271254562,0.23186550310908194,0.9142518194211529
1088,36.266304,0.2503252585943361,0.2123535990123252,0.91753373864632
1089,36.299637,0.2430170435291878,0.20226491607054514,0.9089612529306677
1090,36.332969999999996,0.24247356901685338,0.22937865323909168,0.9057447170399768
1091,36.366302999999995,0.220154304656416,0.20779684889124617,0.9211241694552019
1092,36.399636,0.22385554876450164,0.22023395353907743,0.9098262157270895
1093,36.432969,0.22893141358878477,0.23013085794082605,0.9100674156944903
1094,36.466302,0.2242421370374348,0.2043870616708567,0.8966906659125542
1095,36.499635,0.2238534263502115,0.20367516496094326,0.8994543850351066
1096,36.532968,0.22433195009268325,0.2066620796740421,0.9018759038982651
1097,36.566300999999996,0.22890274655584503,0.20317443502677612,0.8991583113765287
1098,36.599633999999995,0.2273910376618181,0.2045968669503268,0.8963707302527383
1099,36.632967,0.22105665917552947,0.19900214574008473,0.8994538719169164
1100,36.6663,0.2231774078273727,0.1958636419834925,0.8904125667256324
1101,36.699633,0.21795794539716862,0.19965830261424555,0.8917036822858092
1102,36.732966,0.22501741262537472,0.19323893126976982,0.8783099645587269
1103,36.766299,0.22537102215622246,0.19616657775394902,0.8942406682812541
1104,36.799631999999995,0.22870299195746394,0.20974845055150615,0.8966937935164323
1105,36.832965,0.22533912569257022,0.21587039094109428,0.8819644459322367
1106,36.866298,0.22490871159127213,0.20950189663494417,0.9039089960341414
1107,36.899631,0.21828776153922985,0.20659865769862457,0.9034127154248218
1108,36.932964,0.21563327924654674,0.20334439332674403,0.9038916853224147
1109,36.966297,0.2116683004431937,0.21308925072624926,0.9108415437377108
1110,36.999629999999996,0.21217864145602258,0.21795097880624079,0.9092751999959362
1111,37.032962999999995,0.21225998871531584,0.21044692188481678,0.9209730313147734
1112,37.066296,0.2062087127984006,0.2101375784618223,0.9145501113715
1113,37.099629,0.20620047094318691,0.2095506512627378,0.9116804129021465
1114,37.132962,0.20176661068637547,0.22652566350404751,0.9083691908846546
1115,37.166295,0.2005703020696862,0.2327404434352635,0.8980146051224156
1116,37.199628,0.19041011365908633,0.24081317790431445,0.8964745853213639
1117,37.232960999999996,0.18436227653857373,0.23689162452574147,0.8855676622197198
1118,37.266293999999995,0.18930520876486462,0.2342417888365338,0.8778563807611373
1119,37.299627,0.19591839429194224,0.2349803368168424,0.881651843343474
1120,37.33296,0.20133585771389848,0.2407700280022888,0.886905693891899
1121,37.366293,0.1986065584210676,0.23078034954793994,0.8907186869528493
1122,37.399626,0.2030326456520319,0.23375281847705043,0.8863312149970777
1123,37.432959,0.20535649345311105,0.22523158298246038,0.8730618223946561
1124,37.466291999999996,0.22147717585370402,0.22744085120929358,0.8957593231398614
1125,37.499624999999995,0.24570608375030334,0.21864793528754778,0.935423995312019
1126,37.532958,0.26731148661740695,0.21167509009893987,0.9630048071140834
1127,37.566291,0.3193432025894243,0.23345468331329067,0.9778764829709508
1128,37.599624,0.27457080639199455,0.2058479387930361,0.9511597801167918
1129,37.632957,0.229984360425532,0.21227102992418168,0.9080697046987226
1130,37.66629,0.16961832026199636,0.21408229235746884,0.894973892254185
1131,37.699622999999995,0.1603475632642645,0.22331437746794436,0.8858613408359953
1132,37.732956,0.13972627423436942,0.23066937260488615,0.8669716831217643
1133,37.766289,0.13132517628416412,0.21417018033713303,0.8588137060974365
1134,37.799622,0.12609512262843692,0.20377820910562555,0.8476778644943375
1135,37.832955,0.134220102608369,0.209990111748997,0.8435430074795652
1136,37.866288,0.15056527396010227,0.20736882238793225,0.8464940441827778
1137,37.899620999999996,0.20613473744839347,0.22914881850229712,0.8595784030734689
1138,37.932953999999995,0.2237435523303089,0.21556838335289596,0.9180859141849737
1139,37.966287,0.24561774772282724,0.21121258021696532,0.9437784006515051
1140,37.99962,0.2685652473105287,0.22732192671309992,0.9766773976092499
1141,38.032953,0.3083622328040729,0.20603187417177565,1.0176912501615452
1142,38.066286,0.3252082229924671,0.07698448810306463,0.9714855215533973
1143,38.099619,0.3441464672385541,0.0377631221898891,1.0124599996588122
1144,38.132951999999996,0.36516134775025,0.04215021931167196,1.0022974547125745
1145,38.166284999999995,0.3999711468742309,0.05198787539365027,1.0295193798461006
1146,38.199618,0.4016575309980884,0.04481024011625538,1.0270783400549308
1147,38.232951,0.4042294756565218,0.04138125507243017,1.044801634768686
1148,38.266284,0.3905512494419007,0.048305820284746934,1.051418388478039
1149,38.299617,0.39236678164518496,0.04707209766637756,1.0535414046710299
1150,38.33295,0.4176255222055602,0.04184546434453064,1.0528051262585325
1151,38.366282999999996,0.4094992075511202,0.07208929317427115,1.048331068789385
1152,38.399615999999995,0.41394381128170626,0.0820452847268429,1.0615262510055212
1153,38.432949,0.43342224440660476,0.09355603506174429,1.0566331981845503
1154,38.466282,0.43541428901112594,0.1028837277561824,1.0838254246746766
1155,38.499615,0.4468716440819935,0.1284364335757987,1.098311067723329
1156,38.532948,0.46687003295325036,0.14007487572906746,1.1311577300639017
1157,38.566281,0.4605941151706399,0.13351509279823598,1.1191580355404662
1158,38.599613999999995,0.45449881271298737,0.13957578429794965,1.1448411400184701
1159,38.632947,0.46138733363231926,0.14364513404807405,1.1300459682925434
1160,38.66628,0.46751477871309294,0.15195292466367027,1.131448841643351
1161,38.699613,0.46853828170556494,0.15573495978655746,1.1407569097202803
1162,38.732946,0.4773858933115341,0.14978972234555277,1.1781275959095912
1163,38.766279,0.4640315589988187,0.16919124275007077,1.1947188493513432
1164,38.799611999999996,0.4723053871888774,0.21076837384122732,1.1882760520874893
1165,38.832944999999995,0.46278249188292003,0.17967402937853066,1.2092839882016808
1166,38.866278,0.4762096085275265,0.20266857539669936,1.1941036551298914
1167,38.899611,0.47615978111361856,0.19011457870297926,1.1721111610905022
1168,38.932944,0.48897115624618875,0.18436618752196696,1.161775548799916
1169,38.966277,0.4851775191229901,0.1889463377566944,1.1711769248440944
1170,38.99961,0.5031775012803961,0.19799871739906522,1.1677293870772274
1171,39.032942999999996,0.498562525170986,0.18139213462909792,1.1521356109897627
1172,39.066275999999995,0.5008552137998501,0.20086358119834663,1.1680580315104099
1173,39.099609,0.5059173220954917,0.20443979233974152,1.1560761935165003
1174,39.132942,0.5130817231787917,0.19759129430889838,1.1604545684090897
1175,39.166275,0.513573731092984,0.20429165576123742,1.160434023203412
1176,39.199608,0.517272280070908,0.19085043002844762,1.1758779106161048
1177,39.232941,0.5251219931342517,0.2073127801098123,1.186271927437578
1178,39.266273999999996,0.5100421923997365,0.20820967717253613,1.213454005839012
1179,39.299606999999995,0.5397266862998799,0.19690292156634182,1.1927282745693335
1180,39.33294,0.501889716333419,0.1998078335577712,1.211791744715648
1181,39.366273,0.527966505099644,0.18766235605033704,1.2024508357852026
1182,39.399606,0.5157100989870159,0.1983049503394032,1.2028086281737664
1183,39.432939,0.5264687614339333,0.2085175556510668,1.2120424274117336
1184,39.466272,0.5001283693140283,0.2184326920626083,1.2090096363695615
1185,39.499604999999995,0.49834376298353017,0.2137794923022071,1.2055367284051908
1186,39.532938,0.5118497306215012,0.191151732284234,1.1935195510741303
1187,39.566271,0.49707974206337013,0.19040338897021528,1.1948707098051663
1188,39.599604,0.5108511556465949,0.1911102564203151,1.1307495023998833
1189,39.632937,0.5065411032670548,0.16578108237834835,1.1511206223048287
1190,39.66627,0.5195535189314702,0.17622954787749862,1.1605926966479
1191,39.699602999999996,0.48892570190272605,0.13087390791207862,1.1058840613414271
1192,39.732935999999995,0.5026981777559156,0.149683194996677,1.1341400897043332
1193,39.766269,0.4887759175956247,0.06315147944445663,1.096142460013525
1194,39.799602,0.4916474062475651,0.042728793199417504,1.0946589719797597
1195,39.832935,0.485469287713504,0.10073530120154012,1.1328809916140872
1196,39.866268,0.4796152474777954,0.06580787811308636,1.101238616363477
1197,39.899601,0.47637229174760887,0.08201689661783276,1.125089998818003
1198,39.932933999999996,0.4620143959914998,0.06222244971097974,1.1180378498912498
1199,39.966266999999995,0.46040951178139966,0.07944671234566601,1.1220817113965003
1200,39.9996,0.439136095770216,0.053559446952727345,1.117224845002962
1201,40.032933,0.4277144017806319,0.07582156243559515,1.1345730731341586
1202,40.066266,0.4322419864139632,0.06832989059264453,1.0944346740992552
1203,40.099599,0.4216868512458738,0.08523886652720226,1.1259276928998025
1204,40.132932,0.4343635765433098,0.06908981983365088,1.1386415359631037
1205,40.166264999999996,0.43148890834121856,0.06369599989181349,1.1230684428424234
1206,40.199597999999995,0.43685458057895094,0.06947007430020787,1.133933466461447
1207,40.232931,0.4467707198100699,0.06504782033894935,1.121731433234332
1208,40.266264,0.4609211767634615,0.07406090108275726,1.1307761987519729
1209,40.299597,0.45551574825316443,0.043329924555647645,1.1261631117755182
1210,40.33293,0.45020134404779955,0.03562125602491993,1.1113200707381035
1211,40.366263,0.45388927028593307,0.045994195427890974,1.1177752840965014
1212,40.399595999999995,0.44057154010487753,0.07267053382052893,1.1198634213140124
1213,40.432929,0.42520811274509457,0.10765962800069327,1.1235267020568531
1214,40.466262,0.4197182827383434,0.11122764632814501,1.079928530223449
1215,40.499595,0.40802485136853744,0.14983024530425193,1.0788132375421902
1216,40.532928,0.393584356357914,0.1756219036247529,1.0886652803962409
1217,40.566261,0.38089129556851625,0.1782303249561177,1.0846362688551907
1218,40.599593999999996,0.3583828257122754,0.19623006700914697,1.0668669520530247
1219,40.632926999999995,0.3524319895430996,0.22108242207966372,1.074494923681383
1220,40.66626,0.34609110388148084,0.22880751493394097,1.0478883747791352
1221,40.699593,0.3559948624380996,0.21282574599120904,1.0375121607641788
1222,40.732926,0.33924221906004376,0.2297357936830505,1.0298495416176026
1223,40.766259,0.3355371433240194,0.23342267639077563,1.012942217922865
1224,40.799592,0.3255700860341809,0.22395682554346968,0.9844322464834241
1225,40.832924999999996,0.2762687820370042,0.23009708406118756,0.9843921483418266
1226,40.866257999999995,0.25906138246463095,0.20786370653768443,0.9391134190843665
1227,40.899591,0.2420367321074585,0.2225178436535486,0.9472335546547033
1228,40.932924,0.2360616397904324,0.2331903051758364,0.9533215143446101
1229,40.966257,0.2304015677951811,0.23929692308016048,0.9365476861470933
1230,40.99959,0.23133046696905352,0.22284130100284671,0.9342632833587272
1231,41.032923,0.22497317173132683,0.21446910008767606,0.9285421716635655
1232,41.066255999999996,0.21872180080987408,0.21811912652863513,0.928397548717637
1233,41.099588999999995,0.22144884015314165,0.21059730334579016,0.9266142577681254
1234,41.132922,0.20617203662598493,0.21113093167248675,0.9168784509801442
1235,41.166255,0.2028197364932656,0.23716826719064008,0.9204270112131199
1236,41.199588,0.18713167728677416,0.24923848489160666,0.908844974103122
1237,41.232921,0.18054728962630928,0.2479900680396616,0.922402508665766
1238,41.266253999999996,0.18359714178435674,0.24692465785160295,0.9005738952734943
1239,41.299586999999995,0.18089328367742225,0.24194005878288577,0.8997985166461602
1240,41.33292,0.17871206236912401,0.2149594891174022,0.8995767260614228
1241,41.366253,0.19119820597503978,0.2063547466226542,0.8848377601521894
1242,41.399586,0.18647362722518726,0.20710796831732714,0.8754793880940457
1243,41.432919,0.18604054763580763,0.19391421526002622,0.8591948397795303
1244,41.466252,0.18620372434757806,0.20679509254902406,0.8526754431092334
1245,41.499584999999996,0.18589492185800233,0.2144807615938107,0.8585075348964994
1246,41.532917999999995,0.170468087989039,0.2053697423570252,0.8438655095484412
1247,41.566251,0.1701378664838117,0.2273166393886502,0.8547968589196218
1248,41.599584,0.16455732436197348,0.23472118018941024,0.8804956531015079
1249,41.632917,0.16882232367672043,0.21708913927727985,0.8715948197085731
1250,41.66625,0.16026193000527533,0.22318311177857764,0.8793576208053496
1251,41.699583,0.1650873553773617,0.24340609512238903,0.8859471006905904
1252,41.732915999999996,0.16181884575359093,0.23054949808600264,0.8816719310943557
1253,41.766248999999995,0.16543706799719257,0.2179194962691124,0.8712735713786828
1254,41.799582,0.1633698595812683,0.2335679454630512,0.8713678460599962
1255,41.832915,0.15534570348257057,0.22423645374371143,0.8704494563098784
1256,41.866248,0.14244624012370527,0.24188622358948866,0.8543662287324926
1257,41.899581,0.12085587875000449,0.23147007229737765,0.8628552650271085
1258,41.932914,0.09488307313907327,0.2450221837943206,0.8723734722547646
1259,41.966246999999996,0.06964444176637054,0.21244868202875772,0.8465181115949977
1260,41.999579999999995,0.0652079083848583,0.22941425145987931,0.8506520550565507
1261,42.032913,0.06387198730816397,0.23095957489522986,0.8544877039963309
1262,42.066246,0.06671551306324353,0.2138108924138738,0.8169168100366904
1263,42.099579,0.06567118640889238,0.23460066829422827,0.8255160463900725
1264,42.132912,0.06627388319007448,0.26108899100956,0.8399736580033348
1265,42.166244999999996,0.06759824267099912,0.23818418573058658,0.8310383991722751
1266,42.199577999999995,0.06610288421145818,0.24665543666744194,0.8545199978545823
1267,42.232910999999994,0.06882155024880542,0.23312798005391183,0.8592434086429678
1268,42.266244,0.07069555915897444,0.21047037851762176,0.8519372496417736
1269,42.299577,0.0713386807271759,0.1621204729358804,0.8421841833693239
1270,42.33291,0.07121710135550911,0.10181071570682475,0.8321547346534235
1271,42.366243,0.07036265849605425,0.1077898613804257,0.8419073826677813
1272,42.399575999999996,0.07178470322889953,0.1256772810309624,0.8180094803482825
1273,42.432908999999995,0.07229032429339681,0.19199485143060568,0.8140904502288919
1274,42.466242,0.06962329115062313,0.2027946986534931,0.8247446102213905
1275,42.499575,0.06967045738430762,0.21661617030417651,0.8137924843224531
1276,42.532908,0.06830271930255905,0.25209898236158995,0.8270659960789336
1277,42.566241,0.06858042097277244,0.24934804331037752,0.8287525881407681
1278,42.599574,0.06667360542810057,0.25883923334731185,0.8147545697739919
1279,42.632906999999996,0.06671554322862255,0.25167159796982186,0.8188593938501578
1280,42.666239999999995,0.06630570381199966,0.26716032104782017,0.8237833379169481
1281,42.699573,0.06748274988840548,0.24255953803516728,0.8286238617130127
1282,42.732906,0.06691837907801856,0.26454672263336376,0.8342311363618058
1283,42.766239,0.06765198371906063,0.2705983419583534,0.8382783879199516
1284,42.799572,0.0673943387351137,0.25799370759457463,0.8425796451410824
1285,42.832905,0.06852779616786137,0.24499226008988217,0.8357457078785201
1286,42.866237999999996,0.06885243722800233,0.2522975894669032,0.8560807401853167
1287,42.899570999999995,0.0704795558080691,0.24602208996431627,0.8429469558694612
1288,42.932904,0.06879120862214547,0.24201493519677791,0.8484140867712646
1289,42.966237,0.06931710180307031,0.24278613163028556,0.857748348610327
1290,42.99957,0.06963505982867417,0.23359903646131092,0.8501436824245013
1291,43.032903,0.06999623917084657,0.23408793702185032,0.8572128308514924
1292,43.066235999999996,0.0704222096707551,0.23982623700383973,0.8573255669188095
1293,43.099568999999995,0.07010812673880917,0.24296224611241418,0.8581735927535055
1294,43.132901999999994,0.07051824123152027,0.23759362170855847,0.8473945781192634
1295,43.166235,0.07086035810678978,0.2363487243244684,0.8523500631247313
1296,43.199568,0.06991142247483204,0.24517564924370086,0.8497969189097836
1297,43.232901,0.06813726162120798,0.24890998247589152,0.8513132711956243
1298,43.266234,0.06784285114126772,0.26531992193932064,0.8485756116239451
1299,43.299566999999996,0.0666436966895198,0.24738082485931018,0.834833359865087
1300,43.332899999999995,0.06743968748333341,0.24566314360127156,0.8233150111949367
1301,43.366233,0.06719334872980788,0.22181831231908,0.833966473957066
1302,43.399566,0.0680726601849784,0.2336046494676855,0.8384027437200497
1303,43.432899,0.06602865192918982,0.2433679383122095,0.8414395958065052
1304,43.466232,0.06427573475977068,0.24850937775919113,0.8422606461090651
1305,43.499565,0.06632682653534783,0.24056495766493574,0.8494841480633948
1306,43.532897999999996,0.06702793644703339,0.2360611844028062,0.8452077770735589
1307,43.566230999999995,0.06509128153640326,0.23792137142919206,0.8572702040955397
1308,43.599564,0.06540217448498516,0.24970475331124706,0.8531556935229493
1309,43.632897,0.0638908206783638,0.2564545058189529,0.8613882372580665
1310,43.66623,0.06498869871557585,0.25659502359839537,0.8620529859186217
1311,43.699563,0.06466620882640936,0.2559242524623983,0.8611982710565297
1312,43.732896,0.06414665345564527,0.2534085481139783,0.8679821057201818
1313,43.766228999999996,0.06404455176489672,0.26402247556518055,0.8587369259374137
1314,43.799561999999995,0.06564957007720426,0.2526490323178119,0.8590602954801233
1315,43.832895,0.06501943229129543,0.2547935729306422,0.8493268788096581
1316,43.866228,0.06494718918023411,0.24194140497858088,0.8502060681178599
1317,43.899561,0.06632258111631942,0.24106033339144334,0.8339981394680657
1318,43.932894,0.06679366486636629,0.22758848329036951,0.8185793647242647
1319,43.966226999999996,0.06925350218149139,0.2224848487634109,0.8201223540464445
1320,43.999559999999995,0.0720584150372073,0.22133195899449282,0.8093071822308714
1321,44.032892999999994,0.07155218175241072,0.20560872726126078,0.8015553179619631
1322,44.066226,0.0676805732273475,0.1965230884417894,0.8077337984952138
1323,44.099559,0.06967037085337127,0.2069689308371772,0.8052380302970649
1324,44.132892,0.0674007509371226,0.2344505582202887,0.8090424523459182
1325,44.166225,0.06738876393625576,0.2301478428147838,0.8001009935966614
1326,44.199557999999996,0.09519527776408997,0.22934610482324586,0.7936841105447743
1327,44.232890999999995,0.1521202021075387,0.18872413788778858,0.8339436291088166
1328,44.266224,0.1868967228094403,0.20821134851938972,0.8873502141135311
1329,44.299557,0.23279325788177366,0.2021709217771643,0.8998883148455807
1330,44.33289,0.23026619634027135,0.2115392592681355,0.8978222752999155
1331,44.366223,0.2287837400744804,0.17687141634310083,0.9021995398016855
1332,44.399556,0.22558393189294962,0.19152504287174948,0.90517842849272
1333,44.432888999999996,0.22429436405664854,0.19264528798922897,0.8938111369323263
1334,44.466221999999995,0.22182136138255096,0.17102527885848046,0.9015096298622329
1335,44.499555,0.2169662820115916,0.1870155704122731,0.9152643424196607
1336,44.532888,0.21755797614823422,0.19604758457500168,0.9130588431958417
1337,44.566221,0.20811292294113498,0.19906328707750504,0.9011961024722586
1338,44.599554,0.20740118762920495,0.1884769728126574,0.9030498192120019
1339,44.632887,0.1963685370811222,0.2177749464117878,0.9100265771651299
1340,44.666219999999996,0.17213587628705582,0.22560365580091823,0.8987118140773203
1341,44.699552999999995,0.15204872832140517,0.21368946138753625,0.8871191806594197
1342,44.732886,0.12614381380787124,0.19031307486240284,0.893801606846225
1343,44.766219,0.0692734508056417,0.22675131506574042,0.8798250009988295
1344,44.799552,0.07161997239664546,0.1636631935571367,0.8564803842817112
1345,44.832885,0.07118982982176131,0.15181071984323563,0.8557709717089614
1346,44.866217999999996,0.07210196867464681,0.18321876222125633,0.8458233476056087
1347,44.899550999999995,0.0697319472009163,0.18480270458142795,0.8529443372953638
1348,44.932883999999994,0.07041041066325829,0.2013184854310374,0.8450142248435963
1349,44.966217,0.07132543204468257,0.20681996038612172,0.8496268209134569
1350,44.99955,0.0724510436252105,0.18841970756077145,0.8592752026736946
1351,45.032883,0.07188788475332808,0.21490959028807638,0.8660497519514188
1352,45.066216,0.07122608301601875,0.21730688455238528,0.8569105007288123
1353,45.099548999999996,0.07338305423812495,0.22884430510302478,0.8534895746922901
1354,45.132881999999995,0.07092362943250172,0.22569515013030514,0.8495815882019231
1355,45.166215,0.07326420779927813,0.2246822774713149,0.860027346334941
1356,45.199548,0.07179429371882216,0.21633026773920486,0.8558847911187771
1357,45.232881,0.07089329891048941,0.21617408328365673,0.8442945147553459
1358,45.266214,0.0707990621794825,0.23425652339881814,0.8747938314557135
1359,45.299547,0.06939576746802845,0.21503156220058195,0.8679585039107945
1360,45.332879999999996,0.06933247423173057,0.20715114540685325,0.8759630587586495
1361,45.366212999999995,0.06931889585896647,0.22284169122063657,0.8687987565986734
1362,45.399546,0.06730353540544584,0.22261817305320242,0.8710413920316911
1363,45.432879,0.0673293524053969,0.20889490460385912,0.8732746663989545
1364,45.466212,0.06698202163955534,0.18544716605019562,0.8571382004681286
1365,45.499545,0.06579440902388983,0.18612034097076358,0.8712085253706779
1366,45.532878,0.06748197213590666,0.1818732785062253,0.8629848916443654
1367,45.566210999999996,0.06706740605652516,0.19619143986565296,0.8568524668310887
1368,45.599543999999995,0.07993896805532322,0.19202295759810567,0.8553294222380213
1369,45.632877,0.09471556678933135,0.20677182659829743,0.8488423677018916
1370,45.66621,0.10372114605409033,0.19710048116935103,0.8538390200047551
1371,45.699543,0.10630572742502051,0.19677110462749986,0.8607320829737849
1372,45.732876,0.10718339548608298,0.20837934708229794,0.867783207632364
1373,45.766208999999996,0.10700847495054801,0.20999221786330596,0.870995866140566
1374,45.799541999999995,0.11103481691058367,0.22073397338980422,0.8685977732845914
1375,45.832874999999994,0.11313065408490526,0.20076944597573976,0.8576073672584275
1376,45.866208,0.12606375179478624,0.18981034992005863,0.8885332564164301
1377,45.899541,0.13765387142938842,0.19225417801621608,0.8847253721738849
1378,45.932874,0.14023046144267012,0.2147573260660753,0.8933043580700762
1379,45.966207,0.14651596666268482,0.20663227064795658,0.8863396719991549
1380,45.999539999999996,0.130648180678899,0.20243529761704226,0.8864295099336749
1381,46.032872999999995,0.14745492728599077,0.22295400837873225,0.887585464684542
1382,46.066206,0.15250084258131472,0.20219734513492837,0.8670764319693938
1383,46.099539,0.18185843182320005,0.16796719230820426,0.8595118564830679
1384,46.132872,0.2003432994875588,0.11435986889072235,0.89206860086379
1385,46.166205,0.2374458629998668,0.1470466038933212,0.9636093077214333
1386,46.199538,0.2796209945091416,0.13525633248458738,0.9907625581299638
1387,46.232870999999996,0.3104454516147623,0.09260162592787587,0.9742994714362578
1388,46.266203999999995,0.34378719388384066,0.07949262874235051,0.988353969399097
1389,46.299537,0.3558262033138097,0.07457781663562571,0.9915907253144758
1390,46.33287,0.36926009939504884,0.06850051301592044,1.0078418920576773
1391,46.366203,0.35576729242350325,0.05902749327361786,1.007375647952242
1392,46.399536,0.3491402628980369,0.06680864082329754,1.033291621580042
1393,46.432869,0.35185483606427703,0.0968947019439961,1.02533304556918
1394,46.466201999999996,0.34501979721772646,0.0800981215109961,1.019471871598528
1395,46.499534999999995,0.33206547684568893,0.09856002311226617,1.015716364364678
1396,46.532868,0.3274562313991715,0.11619917976380245,1.0121234835923243
1397,46.566201,0.3102876539721725,0.1165050065725178,1.0014062438446638
1398,46.599534,0.3121171787302917,0.10599213655751397,1.019088602753669
1399,46.632867,0.3070696818653843,0.11003397561516767,1.0106919302709705
1400,46.666199999999996,0.30630136453689727,0.11554654549167284,0.9924470658221088
1401,46.699532999999995,0.31025534591764437,0.09925737030754742,0.937887936391808
1402,46.732865999999994,0.30357748986584254,0.1009491118080977,0.9344023630746582
1403,46.766199,0.29136509349611744,0.11776874748372494,0.9341947767840353
1404,46.799532,0.2908466135186986,0.12271184809344526,0.94694156550108
1405,46.832865,0.27705591759818593,0.14726430245602812,0.9576357687153363
1406,46.866198,0.27999532019367657,0.14879895079582,0.9533752300998725
1407,46.899530999999996,0.29312907872828303,0.14957457211998992,0.9514920981883549
1408,46.932863999999995,0.2902775313329717,0.13385459634104996,0.947212773640538
1409,46.966197,0.2855820039674344,0.14411214451735874,0.9449822420266145
1410,46.99953,0.2819607049569757,0.15313500990903073,0.9234584227787256
1411,47.032863,0.2808161799953883,0.14766565109582147,0.9064050809427816
1412,47.066196,0.28374465518052533,0.15690036941183455,0.92502273278255
1413,47.099529,0.28060740874648005,0.1423519362991195,0.9076471643983066
1414,47.132861999999996,0.2781027189966039,0.16201250163756828,0.9192780614524735
1415,47.166194999999995,0.27600109978734483,0.15801123808080625,0.9088570547879653
1416,47.199528,0.268498525450101,0.14555256449309636,0.9039818725826402
1417,47.232861,0.27360426785109365,0.16404933967414104,0.9107740581321302
1418,47.266194,0.2701521246312297,0.15116241262245322,0.9000281412092674
1419,47.299527,0.26902362915395617,0.1279715537016775,0.8978774493873752
1420,47.33286,0.2579943018649276,0.11614969586712662,0.913094858925179
1421,47.366192999999996,0.25859230043142106,0.13087848934165697,0.9165371953472591
1422,47.399525999999994,0.2503154174548667,0.10862118172160579,0.908773857545713
1423,47.432859,0.25363033763365994,0.11715944609013526,0.9233869278476355
1424,47.466192,0.2502421678277701,0.09989225332682013,0.9076185599582512
1425,47.499525,0.2525982915708701,0.08529259708043654,0.8899791179699781
1426,47.532858,0.25597631568931367,0.11720323791023324,0.9127288050231931
1427,47.566190999999996,0.24944913535456636,0.11005862973660616,0.9148848535839056
1428,47.599523999999995,0.24913083846750603,0.1265019526761378,0.8888276943765561
1429,47.632856999999994,0.24225705815492524,0.09182048076215096,0.8751740715621448
1430,47.66619,0.23804040166997747,0.0909842364426934,0.8767572147380431
1431,47.699523,0.2315370535201399,0.08185849915020772,0.8608415936081564
1432,47.732856,0.23835779774346577,0.08061765234353718,0.8570062512582609
1433,47.766189,0.2543738545286181,0.08876116665840567,0.8786001113218367
1434,47.799521999999996,0.23880577872705805,0.09845959865675001,0.8760376001639157
1435,47.832854999999995,0.2485645242264888,0.1067410075471679,0.8857434221806989
1436,47.866188,0.24430709229081335,0.10659252459745043,0.9054034649618382
1437,47.899521,0.2453431471936984,0.08507764193069253,0.8789586349208361
1438,47.932854,0.24078017736376728,0.09834825261762613,0.8748351411293123
1439,47.966187,0.24141598561117417,0.11677665438561571,0.881415672044712
1440,47.99952,0.24034935468940286,0.10643015306727083,0.8591653465716534
1441,48.032852999999996,0.24010748399634252,0.10443438861188041,0.870890880725046
1442,48.066185999999995,0.2397088042947965,0.09722970018577656,0.8790829105339406
1443,48.099519,0.23879109525239883,0.09506305209311056,0.8811210115411326
1444,48.132852,0.23938704891067222,0.10604513851059276,0.8690001298279529
1445,48.166185,0.23559588436244464,0.11299106968150542,0.8865016756965134
1446,48.199518,0.23850046806023373,0.11780747283268006,0.8869108752906512
1447,48.232851,0.23914775934687288,0.10810120290580053,0.8915473558524809
1448,48.266183999999996,0.2409953480061704,0.11634574124287651,0.8996130998676607
1449,48.299516999999994,0.24241736302502453,0.10164321335522797,0.9022897077675832
1450,48.33285,0.23594012878149034,0.1115980015403822,0.8939495787822559
1451,48.366183,0.24137960375460601,0.10086595019956776,0.8855149750589175
1452,48.399516,0.23882407406455763,0.09241134832321185,0.8909969398766546
1453,48.432849,0.23719542471134916,0.09801756112051413,0.8934009051211397
1454,48.466181999999996,0.24063431143039266,0.08676143329451744,0.9017134422913834
1455,48.499514999999995,0.23749369481227728,0.09435571723080433,0.8925355428241694
1456,48.532847999999994,0.23579478610557664,0.09609271940753436,0.8931386475036165
1457,48.566181,0.23777167453580994,0.09839546709145633,0.8967573267856205
1458,48.599514,0.23889913348370467,0.11710204758968022,0.8980573929092153
1459,48.632847,0.23421409935920626,0.10792331102594893,0.890073952940997
1460,48.66618,0.23436032048784516,0.10313192223037446,0.8941446599751981
1461,48.699512999999996,0.2296832152680434,0.12579293632992933,0.8982450083660358
1462,48.732845999999995,0.22889361695168403,0.09654154001428962,0.8950014472574233
1463,48.766179,0.22643415080749904,0.12206769291537403,0.8947987378523728
1464,48.799512,0.23130639207560205,0.12467638193181967,0.9024436523701548
1465,48.832845,0.2262110485541398,0.13044760728178773,0.9037991809964692
1466,48.866178,0.22923674538981362,0.13061532906371875,0.8883381517735215
1467,48.899511,0.23769838318491424,0.1403819557993154,0.9070445791354298
1468,48.932843999999996,0.23629661370519986,0.12413542738198613,0.902148314448518
1469,48.966176999999995,0.2340434518041996,0.14197721526314888,0.9076848084891795
1470,48.99951,0.2296593553565696,0.12315340669736377,0.9008467716353497
1471,49.032843,0.2271670498025737,0.13578109969569696,0.9049994084592468
1472,49.066176,0.23448294904092915,0.15638039405724052,0.9024312170221332
1473,49.099509,0.2285111330405338,0.1694300296761011,0.9108831094958708
1474,49.132842,0.23075220051467893,0.14805537662959536,0.9117658487038441
1475,49.166174999999996,0.22994789774890556,0.15298914866450355,0.8986171681055105
1476,49.199507999999994,0.22664323584659496,0.12371191891172748,0.8839856087867104
1477,49.232841,0.22131968163281934,0.11582208202038541,0.8808623352028545
1478,49.266174,0.2233982487301946,0.13291729145156914,0.8913581042965272
1479,49.299507,0.22340627670278,0.13359507863348208,0.8902126637315331
1480,49.33284,0.2243080915017533,0.16608112077607706,0.9124183742150277
1481,49.366172999999996,0.23405757791387855,0.16443789616986867,0.8995191138292652
1482,49.399505999999995,0.2276015856806922,0.16981786790955045,0.9329116269765592
1483,49.432838999999994,0.22710680024552513,0.16477320424559216,0.9441266565363269
1484,49.466172,0.21193406582015797,0.1641773050155808,0.9282465698121699
1485,49.499505,0.2036827539405367,0.19561741414065625,0.9237968532809837
1486,49.532838,0.18464750647165756,0.22006644004695047,0.9325659023843464
1487,49.566171,0.17350631542120612,0.20235041007518695,0.8951431338771854
1488,49.599503999999996,0.16231241544724254,0.21519976226080806,0.8874282597205396
1489,49.632836999999995,0.13825725884884527,0.2267919654817822,0.8648575006676212
1490,49.666169999999994,0.11791264707814055,0.2463683215795346,0.8778714330476933
1491,49.699503,0.07123555413090311,0.23360109355516367,0.848466783990953
1492,49.732836,0.0710917175165524,0.23864763330451463,0.8642598202113515
1493,49.766169,0.07062709955843632,0.2393092113199159,0.8595704499951189
1494,49.799502,0.07007025329001434,0.24516213266045306,0.87002410614431
1495,49.832834999999996,0.07055466117963219,0.24290181917043038,0.8692270852119653
1496,49.866167999999995,0.07088332613614268,0.23271384280079466,0.8605168637109744
1497,49.899501,0.06994805704019139,0.23000560056440383,0.8565663736982387
1498,49.932834,0.0697149802244042,0.2320190829323584,0.8598736026528228
1499,49.966167,0.06825763129431434,0.2279658515473414,0.8780357119353338
1500,49.9995,0.06891090853275927,0.23015308580832305,0.8777351002319711
1501,50.032833,0.06901259027365751,0.2241712049641323,0.8774336260005547
1502,50.066165999999996,0.0695636454501597,0.22649948107873252,0.873932147021904
1503,50.099498999999994,0.06903989772984757,0.1865636315778723,0.8681600759810277
1504,50.132832,0.0694106465520636,0.21107812196728315,0.8695949600135151
1505,50.166165,0.07039557872922428,0.20833351716474574,0.8717007513010111
1506,50.199498,0.07288682375209188,0.2186134644301193,0.8631056362871834
1507,50.232831,0.0726218471606541,0.21162447157430003,0.8497896476557865
1508,50.266163999999996,0.07165595223263067,0.21443518767006983,0.8588148301566522
1509,50.299496999999995,0.07248322332434748,0.23487971632494514,0.8558945188258154
1510,50.332829999999994,0.07210222577846408,0.2434813131961443,0.8550437180724949
1511,50.366163,0.07210426829343028,0.25895661508037027,0.8658188722764404
1512,50.399496,0.07215032131194618,0.24548308938208832,0.8585123963180123
1513,50.432829,0.0712729445227501,0.24411108506343765,0.8510992863795073
1514,50.466162,0.06980674834386669,0.24116219441870368,0.8515200960938997
1515,50.499494999999996,0.07017233071999456,0.22847189351684444,0.8417374723907574
1516,50.532827999999995,0.07014372454149415,0.22378757106702316,0.8412236500344739
1517,50.566160999999994,0.06932829384080767,0.23018658544877318,0.8410121479899743
1518,50.599494,0.07002535343796933,0.22565538278578082,0.8416554800242501
1519,50.632827,0.06884774228133825,0.23893634691331395,0.8595564620826621
1520,50.66616,0.06860478086666283,0.23504480884082013,0.8581619008977138
1521,50.699493,0.06779034819930602,0.22008486020767823,0.880266172115963
1522,50.732825999999996,0.06938075288987135,0.22871303159643117,0.8935247747174376
1523,50.766158999999995,0.06654574853511269,0.22979046503722156,0.8873886376497719
1524,50.799492,0.06394688116513314,0.24039517147021824,0.8909027948874466
1525,50.832825,0.06191972561521932,0.2462496995427383,0.9049069133395553
1526,50.866158,0.060721500941813326,0.25961307423208924,0.9070086056975503
1527,50.899491,0.059539713886372095,0.26393922025084265,0.9119003939290339
1528,50.932824,0.06001926648910536,0.2621098908641846,0.9379616019881057
1529,50.966156999999995,0.058570281669591266,0.2675531822368244,0.9276138594483968
1530,50.999489999999994,0.057821740897101084,0.27103387209221275,0.9424408960075202
1531,51.032823,0.05844923525968313,0.2751335848244948,0.9525802648419509
1532,51.066156,0.05602310131678399,0.2844877096624743,0.9526590928322966
1533,51.099489,0.05389030857031274,0.2849725772224105,0.9607649160968189
1534,51.132822,0.056565857225669085,0.2954298720571672,0.9760423102221213
1535,51.166154999999996,0.05724328744867451,0.3077979613070747,0.9811034458317541
1536,51.199487999999995,0.056329425531756294,0.3102434024912907,0.9770760510888469
1537,51.232820999999994,0.054864741946587664,0.3225609643420705,0.9660892365606389
1538,51.266154,0.05552189014241877,0.31951805245681153,0.9541106139751814
1539,51.299487,0.05546436830735968,0.33014930052981506,0.9743490673740167
1540,51.33282,0.05331291389358457,0.3464320235979861,0.9679561398200807
1541,51.366153,0.05320750032098035,0.3548077100845327,0.9415522536051729
1542,51.399485999999996,0.054079120318130364,0.35328675160323186,0.9199322845517464
1543,51.432818999999995,0.052950526947053704,0.34775025786265246,0.9485344369937605
1544,51.466151999999994,0.05350455878433911,0.3374868660167937,0.9577281583446149
1545,51.499485,0.05267061939676679,0.3256578692162858,0.9477482224552688
1546,51.532818,0.051967509624201685,0.3259752369516219,0.931506480223338
1547,51.566151,0.05301580161618415,0.19294278169395518,0.9164876665326633
1548,51.599484,0.05241713457895213,0.14460482675746353,0.9256570628905065
1549,51.632816999999996,0.050044367824439,0.16019346119213163,0.9339910850508468
1550,51.666149999999995,0.04700813299007574,0.24503170426931745,0.9723695723238154
1551,51.699483,0.04556222897229234,0.3354227045444252,1.0138122727102712
1552,51.732816,0.045994901828443256,0.35033296817282256,1.0614968392246595
1553,51.766149,0.040755151913799664,0.35213624345667327,1.057871084011745
1554,51.799482,0.03911236302076979,0.3564621010866812,1.0642919798931938
1555,51.832815,0.038765267667063265,0.36844834076769734,1.0935679482528335
1556,51.866147999999995,0.03580720084324089,0.38421055603293885,1.1166235061653447
1557,51.899480999999994,0.034490335580798274,0.365486236454063,1.1259795916376898
1558,51.932814,0.036273223031010327,0.41789224556511273,1.153198589199817
1559,51.966147,0.03584486480748624,0.37525433110128753,1.1439465202230945
1560,51.99948,0.036308907143613886,0.36779670995095537,1.1625793159534483
1561,52.032813,0.03683882581387811,0.3722912009042527,1.1871803180827674
1562,52.066145999999996,0.03591983082986705,0.3812928392735296,1.1562743047923587
1563,52.099478999999995,0.03493160009210818,0.38102636992127525,1.1841569200938482
1564,52.132811999999994,0.03616304818032829,0.37476010293791806,1.1643968065247983
1565,52.166145,0.03711000914830013,0.38069702361172664,1.15247980431423
1566,52.199478,0.03469053098584111,0.36163226036717816,1.1257917125162655
1567,52.232811,0.03448933637679864,0.36091455834553593,1.131331282663961
1568,52.266144,0.03554244397177916,0.3533155945547235,1.1085689188441257
1569,52.299476999999996,0.034065515819827544,0.3886123456827075,1.1486259175557756
1570,52.332809999999995,0.037157904900259595,0.36902786779517166,1.1311332583769156
1571,52.366142999999994,0.03538807083521803,0.3580592434631617,1.1262424956541297
1572,52.399476,0.03765405450968106,0.3617300132970903,1.1286119049229473
1573,52.432809,0.037521944425356356,0.29206998128794887,1.1015021661817648
1574,52.466142,0.03692534133097803,0.3460749343793095,1.0934722843384954
1575,52.499475,0.038818623205307115,0.3634527993554636,1.1008389311018285
1576,52.532807999999996,0.037198397741567156,0.35643807458277665,1.0929247154513744
1577,52.566140999999995,0.03634503209048534,0.3634814563453036,1.0796918407565292
1578,52.599474,0.037256135751543844,0.3381398437160778,1.090951279626881
1579,52.632807,0.039113732748410346,0.3604158273171162,1.085742623278337
1580,52.66614,0.0368766845191316,0.33393812150408037,1.0648066030982057
1581,52.699473,0.03938474877804602,0.35664231065005414,1.0421720066025464
1582,52.732806,0.042698111371518556,0.34651967208069157,1.0148055540656957
1583,52.766138999999995,0.04583292117042511,0.3623312371935118,1.0193777611539485
1584,52.799471999999994,0.04646287860844065,0.3610883755113007,1.005577599732095
1585,52.832805,0.043833349168709144,0.34501399597090954,1.0058388507054985
1586,52.866138,0.04558380079065805,0.3314240401743125,0.9921044486986204
1587,52.899471,0.04694805725102179,0.3194388693809896,0.9744616476187652
1588,52.932804,0.04835939892445284,0.21440498380690162,0.9447833635362322
1589,52.966136999999996,0.05197883484420338,0.14452274482166577,0.9049496236856107
1590,52.999469999999995,0.057276194832485784,0.09518230474448128,0.863986206167459
1591,53.032802999999994,0.05895153746509715,0.13630900686680963,0.8486177861755041
1592,53.066136,0.06424077661595155,0.2357262146616716,0.8287866455370403
1593,53.099469,0.06646293658368323,0.23105617544943058,0.8168288055619106
1594,53.132802,0.06986531846401517,0.24011151892670993,0.8097986969533452
1595,53.166135,0.07454695294733085,0.24155253788929676,0.81388054099207
1596,53.199467999999996,0.07843600003950447,0.2681508707260082,0.8437588586427547
1597,53.232800999999995,0.08053738651520474,0.28058699499595635,0.8465971539325661
1598,53.266133999999994,0.08273543551283326,0.27424322023091796,0.8654455546690287
1599,53.299467,0.08933996409344336,0.2807460370141259,0.8818210505076128
1600,53.3328,0.09161039349244933,0.27780445623486427,0.8847067166506555
1601,53.366133,0.08997140096153383,0.2954492842061249,0.8878530650823551
1602,53.399466,0.10031485131824068,0.2986816444180371,0.8714127331925
1603,53.432798999999996,0.1251090743620442,0.30308997471980337,0.8825282673169951
1604,53.466131999999995,0.13123235045514528,0.27368826089684145,0.8796814101093521
1605,53.499465,0.12706095084492197,0.28221875493845006,0.8780813533584728
1606,53.532798,0.12857463068206176,0.2777726323837107,0.8898373152492483
1607,53.566131,0.11480725421384104,0.28345308579561024,0.8921947205910059
1608,53.599464,0.11855451608112906,0.2897121858283793,0.9039158564835896
1609,53.632797,0.13666515694530704,0.2849748298028054,0.8996987501527776
1610,53.666129999999995,0.11379451556031565,0.27573816935655404,0.869307933758601
1611,53.699462999999994,0.10710752092039819,0.2933564228103668,0.8655678866343288
1612,53.732796,0.11956157826765994,0.29301306749305167,0.8585563819863808
1613,53.766129,0.12953845359333457,0.3071683956276876,0.8430309177524596
1614,53.799462,0.14148730269830104,0.2873409154563896,0.8482473512366174
1615,53.832795,0.15600406461953986,0.2750371666376682,0.8357842121284492
1616,53.866127999999996,0.16514154908921644,0.27307909348391723,0.8292634447753358
1617,53.899460999999995,0.15899253601309662,0.25825220948748784,0.8108803338511009
1618,53.932793999999994,0.17109613446387,0.24564130540248705,0.8065640258352746
1619,53.966127,0.16799848660944372,0.2565780057353084,0.8190734497447576
1620,53.99946,0.18180405032886937,0.2465711626063243,0.814719718466064
1621,54.032793,0.19259820248470308,0.24496859663626763,0.8305251364721629
1622,54.066126,0.21011211899020263,0.24075062516214374,0.837167749597777
1623,54.099458999999996,0.24118894741640248,0.23039428488789543,0.8708324808466005
1624,54.132791999999995,0.2792362077142691,0.22428135406055572,0.8913862778758436
1625,54.166124999999994,0.26631297077968136,0.24013268737464083,0.8709237113327514
1626,54.199458,0.26682861645226696,0.2247013138184163,0.8676620915153458
1627,54.232791,0.2569242680952377,0.23231215500398564,0.8446311717340685
1628,54.266124,0.25133691214647175,0.21454315503010984,0.8503673070101344
1629,54.299457,0.25523810443923656,0.2165217610922296,0.8500489090309334
1630,54.332789999999996,0.25804844286947853,0.2060361835061974,0.8611571753565759
1631,54.366122999999995,0.2562888248768558,0.21174580067154422,0.8758523694131385
1632,54.399456,0.2557190054684644,0.22441339209638836,0.8854753813197705
1633,54.432789,0.271977418322129,0.2530564466138142,0.9139829892947018
1634,54.466122,0.27152962919212287,0.2298142169303772,0.9405906622925253
1635,54.499455,0.27773675391577135,0.24275580391966767,0.9330171800696527
1636,54.532788,0.27630714999314177,0.22703013767965607,0.9509073552375037
1637,54.566120999999995,0.2833208966493233,0.21777686401090351,0.9779096863022138
1638,54.599453999999994,0.2801886698177768,0.22378309362406124,0.9926008039098645
1639,54.632787,0.28540387849010174,0.24325436487892887,0.9939744813649907
1640,54.66612,0.2873634005616342,0.22249782863516254,0.9998479117370749
1641,54.699453,0.29218012793966797,0.23597358435276927,1.010669727154881
1642,54.732786,0.28493619011408433,0.23300585693634396,1.0103877529365288
1643,54.766118999999996,0.30182689443073385,0.22382011837023985,1.0135434640867604
1644,54.799451999999995,0.29521966129054766,0.2219499152824739,1.0017264022829278
1645,54.832784999999994,0.30433481889453523,0.20915139811892589,1.0117302905829968
1646,54.866118,0.292748226154994,0.20606498961993086,1.0117855844385946
1647,54.899451,0.3009655983783237,0.17897899237928894,1.011369534707452
1648,54.932784,0.3007804122340135,0.1764761159826961,0.9998453752504363
1649,54.966117,0.2891713448718591,0.1512894504609905,0.985485287761193
1650,54.999449999999996,0.28930552417092126,0.17926654670005743,0.9891718957896679
1651,55.032782999999995,0.2920525604138237,0.1790347665038728,0.9887697751285306
1652,55.066115999999994,0.2929900150415874,0.19544868256292847,1.0054541143492932
1653,55.099449,0.283079241279543,0.20490687191452694,0.9959542563070212
1654,55.132782,0.28337919452004645,0.22019957325185968,0.9760720037812682
1655,55.166115,0.28231884223855136,0.2206891201162931,0.9876148562007655
1656,55.199448,0.2747835156825183,0.2182645201026282,0.9538810107936373
1657,55.232780999999996,0.264216540298946,0.20276681223683324,0.9377252416597008
1658,55.266113999999995,0.25569265227899796,0.20706956646892902,0.937861923361871
1659,55.299447,0.2588006307552676,0.1716124912488378,0.9280943599610358
1660,55.33278,0.25824783136848056,0.1128095777563546,0.9206047399673375
1661,55.366113,0.25647297455461415,0.10420843894139024,0.902569738168873
1662,55.399446,0.255928868013292,0.09454439691416311,0.8890153737085229
1663,55.432779,0.2406752269542165,0.13477775825623967,0.8592632356368758
1664,55.466111999999995,0.23653012301235266,0.15494500446048076,0.8679378803243516
1665,55.499444999999994,0.23603330158961913,0.1699600848557028,0.8536777853052823
1666,55.532778,0.2419760825665896,0.1756563298269078,0.8702302876270823
1667,55.566111,0.23847191900779927,0.18874123585194413,0.8753659540506249
1668,55.599444,0.23205211506801732,0.19641143434701386,0.8772742286710451
1669,55.632777,0.23699615278856462,0.21027401285266817,0.8761909763805601
1670,55.666109999999996,0.22983824135731065,0.20452030744312716,0.87346622236186
1671,55.699442999999995,0.23355216666038978,0.18887152932976897,0.8738710600259172
1672,55.732775999999994,0.23531365875424642,0.21171706119360406,0.8826216101426477
1673,55.766109,0.2266159515690501,0.20642204342948148,0.8743585842686588
1674,55.799442,0.2318970895502181,0.19406744001326334,0.8759926839829278
1675,55.832775,0.23055395792673458,0.17849209054066345,0.8694777103939073
1676,55.866108,0.22825122659707367,0.16081721228185072,0.8710276398698228
1677,55.899440999999996,0.2267282199007193,0.17803189309789233,0.8814369381740792
1678,55.932773999999995,0.23560217510004208,0.1851769960249099,0.8784995004468655
1679,55.966106999999994,0.23509640411721078,0.18588393631269376,0.875036972572094
1680,55.99944,0.23319949273470333,0.19100771414714357,0.8735319771298486
1681,56.032773,0.23610556321950593,0.20057078676616674,0.8872624274231554
1682,56.066106,0.2318122835025785,0.19348006494107808,0.8924311089233599
1683,56.099439,0.22820869700922222,0.19477217411124215,0.8842621238585903
1684,56.132771999999996,0.2275586355374194,0.1787197003999857,0.8733593682660515
1685,56.166104999999995,0.2274011714477069,0.1929530383385984,0.876019449137964
1686,56.199438,0.22134270072209422,0.19338315161025338,0.8956297166037874
1687,56.232771,0.22084137285188388,0.19594267139356275,0.8848867008948431
1688,56.266104,0.22766257640455836,0.17141789130734109,0.8789395788069204
1689,56.299437,0.22660420868256903,0.16947072266469065,0.8724818323816064
1690,56.33277,0.22860208872051743,0.16035332705148073,0.8724270612305549
1691,56.366102999999995,0.23135679315464872,0.17059713296836337,0.8777822693686277
1692,56.399435999999994,0.23089298579418938,0.18687340167349817,0.8812911993607826
1693,56.432769,0.22536357273525667,0.18234637291227784,0.8836597305026828
1694,56.466102,0.22803511073992733,0.17935852737016483,0.8730250327178922
1695,56.499435,0.22846772726224496,0.15779511625175227,0.8729827779418045
1696,56.532768,0.22500375279911772,0.16537265194439965,0.8736486296425863
1697,56.566100999999996,0.22624011895089918,0.1661964910408496,0.8774289406347746
1698,56.599433999999995,0.22910433709864156,0.18371167174102687,0.8681315576896426
1699,56.632766999999994,0.2237218450016833,0.18810798127834433,0.8780689851038835
1700,56.6661,0.22356432589854697,0.18895163056133601,0.8721109962265686
1701,56.699433,0.22343140652641108,0.16652553243213855,0.8703096722099201
1702,56.732766,0.22762031937963365,0.17741669306953273,0.8641007835286774
1703,56.766099,0.22802551358396494,0.1733487559254845,0.8713220706554204
1704,56.799431999999996,0.23966034896340485,0.17569031302503457,0.88258851230543
1705,56.832764999999995,0.2479798130728093,0.17534108523374847,0.888491192897368
1706,56.866097999999994,0.24994619060606574,0.17503349063640244,0.8991040076311938
1707,56.899431,0.2476707456953632,0.1618876421773387,0.8775151362078488
1708,56.932764,0.24681402082581755,0.16726194213020235,0.8827082906379965
1709,56.966097,0.24696968994583132,0.17167805084707372,0.8888805434680463
1710,56.99943,0.24146881827111494,0.17770674032702682,0.8825753570176794
1711,57.032762999999996,0.23004135739090184,0.17602254608278173,0.8788433279624762
1712,57.066095999999995,0.23394309817286615,0.17506165158290737,0.8682259486228914
1713,57.09942899999999,0.22693175662152054,0.07124287628554683,0.851665112693064
1714,57.132762,0.22650749972096787,0.05053568896079616,0.840759329669238
1715,57.166095,0.22561339789386556,0.0818761427200605,0.8657776273460583
1716,57.199428,0.22255501066544597,0.08286298990649275,0.8569871806433196
1717,57.232760999999996,0.22008135878611387,0.15876082097621946,0.8826691384635201
1718,57.266093999999995,0.21689106435454675,0.19706603031537312,0.8908740590520251
1719,57.299426999999994,0.21410440017013369,0.20247894942783762,0.8645255956485176
1720,57.33276,0.21500206860466073,0.2194055896417011,0.8761936286779668
1721,57.366093,0.21472239603016538,0.2175818015393748,0.8840797161390495
1722,57.399426,0.22106385779669954,0.21764561177841196,0.8935054194582355
1723,57.432759,0.2189094721305716,0.2141834426256053,0.8875573756318637
1724,57.466091999999996,0.21327273898866786,0.21568135222148993,0.8931576012705152
1725,57.499424999999995,0.21207388440180253,0.2087886019304918,0.9031993301008359
1726,57.532757999999994,0.2130009616997792,0.20726432072929388,0.9071458684232985
1727,57.566091,0.21676040893000376,0.20651307646091657,0.9047837769444094
1728,57.599424,0.2100284500083786,0.2127270645689363,0.9115948378132078
1729,57.632757,0.21446609325459773,0.1988888862129189,0.907388903923856
1730,57.66609,0.2148478999803397,0.21107876691291444,0.9121136979954514
1731,57.699422999999996,0.2120406950500627,0.21014927183166238,0.9109327519490432
1732,57.732755999999995,0.21742831516697464,0.21119844546468292,0.8986387730932187
1733,57.766088999999994,0.21707468918134495,0.21104861900721947,0.8994181779294202
1734,57.799422,0.21817139590060322,0.2048194902784622,0.884698003392766
1735,57.832755,0.21414622553431087,0.20887028903018,0.8917564589686248
1736,57.866088,0.21162378434303739,0.20679709170395463,0.9101558486488107
1737,57.899421,0.21328976814159334,0.21251558858337083,0.8957558136254946
1738,57.932753999999996,0.2159794342687202,0.21585290989775652,0.8926860670914533
1739,57.966086999999995,0.21357179794159592,0.20850098089273322,0.8970163459069928
1740,57.99941999999999,0.20796900772482738,0.2142211338544524,0.8950719791269731
1741,58.032753,0.20928534103217072,0.21936088070240237,0.9039621910344283
1742,58.066086,0.20848820895450856,0.219757075008652,0.913893076040101
1743,58.099419,0.20140614308651134,0.22252130552982863,0.9153041573932319
1744,58.132751999999996,0.2024257149510308,0.21548228783211776,0.9209562027017932
1745,58.166084999999995,0.19494569646297896,0.22306029568789765,0.9098501484867528
1746,58.199417999999994,0.19939948017467823,0.2353567803568538,0.9072576003617885
1747,58.232751,0.1947233528112732,0.24469222927182055,0.9178938577922243
1748,58.266084,0.18616890620984133,0.25406161378812686,0.9341349640301456
1749,58.299417,0.1910896969640676,0.2447134613986407,0.9465068567056087
1750,58.33275,0.19152866965591295,0.2541342025707099,0.9432820585948889
1751,58.366082999999996,0.1927278067053314,0.26134141041066156,0.9596984712221187
1752,58.399415999999995,0.19327744598662933,0.2546682476982156,0.9501235223203159
1753,58.432748999999994,0.18976872346698215,0.24524250493973798,0.9409136758289073
1754,58.466082,0.19044041987253502,0.2602568998721179,0.9375058684746845
1755,58.499415,0.19496820197144007,0.25341092051714104,0.9469131940952332
1756,58.532748,0.19280028121731013,0.26471251432203735,0.9505191439209274
1757,58.566081,0.1994614360891971,0.27806771825576526,0.9616033775282521
1758,58.599413999999996,0.19774685755887933,0.2775043897578334,0.9673991626628287
1759,58.632746999999995,0.2059710492834235,0.28066760357243903,0.9686941070187981
1760,58.666079999999994,0.20485347908037033,0.2783162348685448,0.9644487465536443
1761,58.699413,0.19853904310852039,0.27638906381692774,0.9625606162552054
1762,58.732746,0.19531827546260963,0.28438593759668895,0.9670872457547675
1763,58.766079,0.19998784299210723,0.28319893682978503,0.9621717615654368
1764,58.799412,0.1946514160486767,0.28709647187021425,0.9583471177242737
1765,58.832744999999996,0.20445504661695185,0.2872525647501479,0.9538700609286371
1766,58.866077999999995,0.20060098819080133,0.29916370538716347,0.9736661632075889
1767,58.89941099999999,0.20335452293877398,0.2873605374542184,0.9498034004764021
1768,58.932744,0.2033994045694017,0.2843626070316546,0.9390412675849845
1769,58.966077,0.20774663461530424,0.28853805701388446,0.9276434880639224
1770,58.99941,0.21600281462437226,0.29209668770226693,0.9441418900139052
1771,59.032742999999996,0.22259995526924756,0.28421791706862176,0.9492026519904715
1772,59.066075999999995,0.23057469892704455,0.2851426829510896,0.9479012196499457
1773,59.099408999999994,0.22521504279322524,0.27769287355044125,0.9447490360605167
1774,59.132742,0.22931375035283408,0.28688912245051,0.9474336084787266
1775,59.166075,0.22424219675968435,0.2701454138264813,0.9512984428137049
1776,59.199408,0.22293172318092602,0.271740306344474,0.9552785655549044
1777,59.232741,0.22363895953389687,0.2654244132304203,0.9492677898849988
1778,59.266073999999996,0.2166152008253167,0.24906916336508628,0.9461777449046425
1779,59.299406999999995,0.2120837402006692,0.2565241926520953,0.9304091834893935
1780,59.332739999999994,0.20846572112856127,0.2628304211142189,0.9206622909957602
1781,59.366073,0.20468687653322087,0.2690095174987197,0.9179144767588582
1782,59.399406,0.20267026775528346,0.25243638012393715,0.92094322188373
1783,59.432739,0.21157663173127925,0.2597675431405767,0.9286721252432004
1784,59.466072,0.20388133460666288,0.25137780013334565,0.9162437693435168
1785,59.499404999999996,0.19903251091983137,0.25198658665008017,0.9155853307023505
1786,59.532737999999995,0.2014160879682459,0.24943562551812992,0.9132069160901943
1787,59.566070999999994,0.19872992421296468,0.2475200581358916,0.9153923359616469
1788,59.599404,0.19509973715679968,0.23601992553491158,0.9053579416246414
1789,59.632737,0.20356655176195035,0.21158018541193005,0.910491248751695
1790,59.66607,0.19653826148171585,0.07467623068490216,0.8923915112782078
1791,59.699403,0.1972712067912865,0.09895519486217923,0.9129679450274371
1792,59.732735999999996,0.19276074062488793,0.04927380413700231,0.8843312500498157
1793,59.766068999999995,0.19841272846880692,0.05250042262159979,0.8917144119222427
1794,59.79940199999999,0.20655445585098295,0.04786718130556941,0.8927704056883041
1795,59.832735,0.21393426447619707,0.047595988366438136,0.8958893663261308
1796,59.866068,0.21511824556548018,0.05809016314806095,0.8999633857221339
1797,59.899401,0.2306583729527156,0.0476834035121242,0.9069808508843953
1798,59.932733999999996,0.22840100363123922,0.05473967939387987,0.9048378768943394
1799,59.966066999999995,0.24995733039843912,0.052199610647472444,0.9286486520626803
1800,59.999399999999994,0.2535506481662502,0.05083063370941219,0.924413829778347
1801,60.032733,0.2474203248407497,0.0844398826046332,0.9298313148175872
1802,60.066066,0.24272990422613566,0.11782050563075669,0.9650021883249594
1803,60.099399,0.26598400950590184,0.1702816404239565,0.9761768895354165
1804,60.132732,0.2964554834812102,0.18887350463491448,1.0076193570025411
1805,60.166064999999996,0.31041244217486574,0.18338303712395804,1.022595049030073
1806,60.199397999999995,0.33423408244817315,0.1885660895669783,1.0318749658825055
1807,60.232730999999994,0.3417686829663465,0.18895281394797397,1.044908165855858
1808,60.266064,0.35573090304708027,0.19177315422378355,1.0426529892713516
1809,60.299397,0.35100110638196813,0.1833965121621323,1.0477234505452366
1810,60.33273,0.36350764614131564,0.20013087949741695,1.0668878107789566
1811,60.366063,0.37991966217546663,0.19621267559085115,1.0742812447542516
1812,60.399395999999996,0.3867502101979488,0.18855262841781006,1.0942154784605462
1813,60.432728999999995,0.409767676360759,0.1919380620723975,1.0944379704456213
1814,60.466061999999994,0.41406875037197866,0.18246050778977752,1.1045027851995148
1815,60.499395,0.41004973908816367,0.17152828735704967,1.0951163139134716
1816,60.532728,0.41218101454260053,0.15127667747811382,1.1220374988763424
1817,60.566061,0.4223356871653538,0.12864707388667898,1.102031074299762
1818,60.599394,0.4322610237989628,0.043293026491790815,1.0726849740353313
1819,60.632726999999996,0.4337438751388502,0.06919011578019915,1.0972257453377086
1820,60.666059999999995,0.44519681607835626,0.0874006928164932,1.1306626587071258
1821,60.69939299999999,0.444749959907763,0.08562823798203063,1.1383823349871944
1822,60.732726,0.44442035906767297,0.0889873580904058,1.1366680985647855
1823,60.766059,0.4465251906649153,0.06102225554286006,1.150799951922958
1824,60.799392,0.4540392842328063,0.09378495876498728,1.1639131682024668
1825,60.832724999999996,0.4549710311716039,0.09737993958352505,1.1375423025412152
1826,60.866057999999995,0.4784389239316401,0.08785307753986851,1.1498755743283582
1827,60.899390999999994,0.4617814135618743,0.08818812522182395,1.15339349331301
1828,60.932724,0.47900901900620974,0.08990596544939422,1.1623117504529685
1829,60.966057,0.4799559510849164,0.08630119921675966,1.1592159146811982
1830,60.99939,0.4823820937786495,0.083635695366891,1.1669970173030504
1831,61.032723,0.47774582671169324,0.05455017116256132,1.1664291608044164
1832,61.066055999999996,0.48929577990718776,0.06443176261740731,1.1781066261583821
1833,61.099388999999995,0.48451544478833913,0.042893967049206866,1.1736172220095042
1834,61.132721999999994,0.4904441774429509,0.051048856134276704,1.1695242661275143
1835,61.166055,0.48888836777558276,0.06961955840838545,1.1809710538323177
1836,61.199388,0.4822920170015965,0.11938207043196794,1.1846157556413932
1837,61.232721,0.48954420511000313,0.14054823060932242,1.2022510389496703
1838,61.266054,0.49454358519397446,0.1363115199781162,1.1755620484748976
1839,61.299386999999996,0.4899050193399132,0.14375719244730886,1.1907883912307309
1840,61.332719999999995,0.4838443449323444,0.1426085032854896,1.204412305156945
1841,61.366052999999994,0.49570321815407153,0.1414508878911665,1.1691493381458398
1842,61.399386,0.48252634871369293,0.15958043782838727,1.216694333126528
1843,61.432719,0.49559938240330453,0.16945652846501602,1.188965842516754
1844,61.466052,0.5019914574154344,0.16144486032955987,1.1930221062850273
1845,61.499385,0.5023937395601619,0.17855237599437387,1.196370058479628
1846,61.532717999999996,0.4939442843384426,0.2021419577948806,1.204462274750634
1847,61.566050999999995,0.5042347745402628,0.17384812233358665,1.2004452946099857
1848,61.59938399999999,0.5038868408570304,0.19211596893268318,1.1858172948896106
1849,61.632717,0.49491381133956325,0.18959313939113606,1.1998816779510078
1850,61.66605,0.505856613450045,0.17427770520423774,1.1934683198317795
1851,61.699383,0.5023885159747923,0.17435221710750798,1.1844771566163204
1852,61.732715999999996,0.5226790008152844,0.17014991951480532,1.2019837277892735
1853,61.766048999999995,0.5076152898397067,0.18786045477826763,1.1806967847151164
1854,61.799381999999994,0.4989723053424458,0.16463430452279798,1.1812569409151839
1855,61.832715,0.4947100495038547,0.2240851984827159,1.1959704670571927
1856,61.866048,0.5002948682213316,0.19260610938167855,1.1899337269964512
1857,61.899381,0.48870490347595746,0.20539257597432795,1.1747147581003048
1858,61.932714,0.49474268407897903,0.1962779394175469,1.1842328023786584
1859,61.966046999999996,0.4891784123170126,0.2014577476475376,1.17149275179248
1860,61.999379999999995,0.48860034073161585,0.18760669334019897,1.152838431857829
1861,62.032712999999994,0.4866334592078199,0.1565397919636345,1.165306263848685
1862,62.066046,0.47016768749918275,0.04954787351085248,1.1336599876803775
1863,62.099379,0.46800643321443836,0.07072689699154967,1.127822229181729
1864,62.132712,0.4594718574436536,0.07718813688728673,1.147239854627811
1865,62.166045,0.4470491732043456,0.0979040561974687,1.1360004821245278
1866,62.199377999999996,0.4562443129379949,0.13381437779083752,1.1459149692700434
1867,62.232710999999995,0.46283350834014064,0.13042821533739918,1.135618012105576
1868,62.266043999999994,0.4549014070099297,0.14401239021303577,1.1339043021532664
1869,62.299377,0.4360780087980753,0.16173820634669664,1.122390352149029
1870,62.33271,0.41646341221288175,0.17042375235998525,1.1118037980264885
1871,62.366043,0.4014931645457459,0.19456545935837466,1.1207155364010064
1872,62.399376,0.4066327694526368,0.19106414119809773,1.1311352585585008
1873,62.432708999999996,0.3861623875782291,0.19342200733092713,1.1094285628141116
1874,62.466041999999995,0.352352955464436,0.20268982499498053,1.110993601731385
1875,62.49937499999999,0.3673182067547052,0.21286254076449915,1.1058044943042589
1876,62.532708,0.3373013293901853,0.2012118161225961,1.0846950320877407
1877,62.566041,0.34636200337720346,0.1878732961354757,1.0466961123846938
1878,62.599374,0.31390728982318866,0.20392712842525185,1.044878877859798
1879,62.632706999999996,0.30863384498416263,0.22022372463370699,1.018891109119571
1880,62.666039999999995,0.30580894351592514,0.22725565196322955,1.002498696272243
1881,62.699372999999994,0.27566343181330727,0.23252220791293127,0.9790054750021192
1882,62.732706,0.2644049118872419,0.2132383533819574,0.9576333815804762
1883,62.766039,0.26283794147452433,0.21914564234090386,0.9418116804489781
1884,62.799372,0.24138814124104735,0.21744618400847937,0.9288183907271941
1885,62.832705,0.2231427891133494,0.2092488326369077,0.9155362810077072
1886,62.866037999999996,0.21448390622327565,0.21423601999650993,0.9128271106247213
1887,62.899370999999995,0.21950777192243104,0.20677856316848775,0.915089349567962
1888,62.932703999999994,0.21581346223030992,0.2104845856048483,0.9076070896704757
1889,62.966037,0.2159786900147484,0.21825058002114167,0.918292226683493
1890,62.99937,0.21285187164842773,0.21165970111489552,0.9090083185771342
1891,63.032703,0.21238313258014274,0.2106614247167099,0.8916165475781025
1892,63.066036,0.20897182301877065,0.19099213535733098,0.8848216590775727
1893,63.099368999999996,0.2028513638129932,0.07963678142495578,0.8553849915756694
1894,63.132701999999995,0.19743473915097878,0.05656732032470492,0.8442907148117277
1895,63.166034999999994,0.192131195193757,0.05603738657053897,0.8366167108461018
1896,63.199368,0.1891405111129506,0.05603385934599872,0.818998475539879
1897,63.232701,0.18203755687939552,0.046084121354612026,0.7969845521928559
1898,63.266034,0.1787561662389457,0.04165085202872296,0.7940403412100289
1899,63.299367,0.17681069774038394,0.039230375506778006,0.795735095656073
1900,63.332699999999996,0.1768788646564558,0.05077340506416657,0.7979080517325374
1901,63.366032999999995,0.1684592899263,0.051125884844128895,0.7936890775428727
1902,63.39936599999999,0.16708547341133886,0.050718226371758594,0.7992181196493202
1903,63.432699,0.16504186633274306,0.051471807357661645,0.7853391352722157
1904,63.466032,0.16325789824760173,0.05072716035964749,0.7902904104307652
1905,63.499365,0.1591897554995798,0.047061666099431465,0.7880749846694737
1906,63.532697999999996,0.16370127923482777,0.049473902075957796,0.7912102161077299
1907,63.566030999999995,0.1616978896541341,0.05868268003037552,0.7681733427809194
1908,63.599363999999994,0.16610923466943284,0.07277108237192853,0.7832827354229708
1909,63.632697,0.16208057010897853,0.12621421276027525,0.798042445778751
1910,63.66603,0.16096169712685746,0.1728376335788538,0.799217628800047
1911,63.699363,0.15196817439645863,0.1914452958146324,0.806193178288054
1912,63.732696,0.15283897995200338,0.2247333424856327,0.8131278273853705
1913,63.766028999999996,0.14675952001494683,0.2423249776435774,0.816068083142141
1914,63.799361999999995,0.13667788013462906,0.24584877614327794,0.8213425524789015
1915,63.832694999999994,0.10226435400415677,0.24910283568632594,0.8082651574612262
1916,63.866028,0.06769582296286833,0.2517856910648202,0.8023703924654126
1917,63.899361,0.06868822073526379,0.22793705941401105,0.7918601000984703
1918,63.932694,0.06928394047656966,0.23138034741662203,0.7971060678246364
1919,63.966027,0.06899899945665251,0.2291181057960553,0.7981064341803615
1920,63.999359999999996,0.06867848709329688,0.22454698746291962,0.7950353857657755
1921,64.032693,0.06916660169513071,0.22112525020555662,0.7956184021970334
1922,64.066026,0.06869551507918346,0.22218459635920632,0.7986715516483966
1923,64.09935899999999,0.06881234187090929,0.228442089243785,0.7920797186644185
1924,64.13269199999999,0.06946627082800749,0.22631505755575937,0.7809598084813547
1925,64.16602499999999,0.06827790995560713,0.22870205941958016,0.7945071317777045
1926,64.199358,0.0684189812357204,0.23531588477864873,0.7953310251718493
1927,64.232691,0.0689872224510982,0.23418883502317803,0.7949097587433378
1928,64.266024,0.06765239987996159,0.24583691891804743,0.7979079267214704
1929,64.299357,0.0667139319700072,0.24765360817691512,0.8092244531592309
1930,64.33269,0.06674485437437708,0.23847195809048505,0.8240456493133576
1931,64.366023,0.06705858605011743,0.23338106877459625,0.8122631956676765
1932,64.399356,0.06672230921652407,0.2374501419985236,0.8255744754149785
1933,64.432689,0.06915937655512376,0.22586147554806843,0.8170057217094563
1934,64.466022,0.06992230492551937,0.2308634780993452,0.798604106392855
1935,64.499355,0.07015973250564905,0.23652269062705855,0.7933692538030285
1936,64.532688,0.07085995122956884,0.23438477078927977,0.7990359125708388
1937,64.56602099999999,0.07118159379659135,0.22922694386317677,0.7950657131763799
1938,64.59935399999999,0.07133468179893293,0.23674731507260036,0.7939989262124733
1939,64.63268699999999,0.07103286412663798,0.23359790065611763,0.7981472603432996
1940,64.66602,0.07183226153651742,0.22749640506157712,0.7895591056708112
1941,64.699353,0.07224616517601422,0.23069100414425506,0.8006934781880715
1942,64.732686,0.06912700591632209,0.2402461008367448,0.8085760734831109
1943,64.766019,0.06786611110958674,0.25317460057752106,0.8080609348107972
1944,64.799352,0.06866244924919236,0.2610329649027495,0.8099513083242904
1945,64.832685,0.06771983443555797,0.26501412387143775,0.8190145568450891
1946,64.866018,0.1119653109126176,0.27127818603246845,0.8500828347580823
1947,64.899351,0.18288815936755176,0.26490760276424435,0.8863592061449763
1948,64.932684,0.22540777237028436,0.273489239847051,0.9047482515123636
1949,64.966017,0.23701156661162592,0.26823642280780746,0.9002560055204999
1950,64.99934999999999,0.2353609540502728,0.28705667071183727,0.8944817762898144
1951,65.03268299999999,0.22544908939720354,0.28301293871476685,0.9174867347260076
1952,65.06601599999999,0.20814243109053734,0.28404014585172044,0.9212653550902147
1953,65.099349,0.20686343707071453,0.2816726110036567,0.911429922562469
1954,65.132682,0.18737722094796833,0.29101813538053467,0.9122416960592852
1955,65.166015,0.18853752365237797,0.2982476497220351,0.8961711887045243
1956,65.199348,0.18443438029566653,0.30079933356104716,0.8830800278225601
1957,65.232681,0.19562555325343653,0.3200092909662621,0.891800656426158
1958,65.266014,0.252761817887871,0.29665525665584047,0.9120465701988159
1959,65.299347,0.2958639107572373,0.2963002933629433,0.9391365997624426
1960,65.33268,0.30169393292323604,0.3018520989020381,0.9489393605534554
1961,65.366013,0.29893012325086316,0.30500250948095897,0.9474188474649442
1962,65.399346,0.2771710529676652,0.3134268304511656,0.9554655382359922
1963,65.432679,0.2349863183408072,0.3121030788708039,0.9386491495904749
1964,65.46601199999999,0.21816351746238294,0.28745434173588735,0.9206247570950443
1965,65.49934499999999,0.16286486786005938,0.2989588195550086,0.9027726726576908
1966,65.53267799999999,0.06684755737776427,0.3040722188130254,0.8830708324984523
1967,65.566011,0.07080792573150761,0.29578601534023524,0.8876090589588349
1968,65.599344,0.07232574272180582,0.3062140327541335,0.8985659720990746
1969,65.632677,0.0772249567092605,0.3078867307442211,0.8862553634740841
1970,65.66601,0.07733142343099199,0.28999292423744666,0.8665201579568642
1971,65.699343,0.07796431716383863,0.27622301707411867,0.9037793580586205
1972,65.732676,0.07355451176869522,0.2942068477961624,0.8958298003801918
1973,65.766009,0.07427844169207458,0.28525944578251206,0.8680285888412309
1974,65.799342,0.07286223487071557,0.28485488588278873,0.8478249655972311
1975,65.832675,0.08041978237234261,0.2837170903358711,0.8389818936179865
1976,65.866008,0.11174743812911818,0.2894575568288477,0.8580513771545527
1977,65.89934099999999,0.12965102283048546,0.29549166569994106,0.8839040435176362
1978,65.93267399999999,0.1597667913903752,0.2961858967491865,0.9070658841111467
1979,65.96600699999999,0.18353624828366333,0.22077788064210324,0.8961634444277309
1980,65.99934,0.18904890125774698,0.12198575152788906,0.8810061088975445
1981,66.032673,0.2023645268807853,0.08686873358497402,0.8871461392109645
1982,66.066006,0.21283301676427946,0.13468588722266056,0.9003087753208306
1983,66.099339,0.20660249767576652,0.18530072411921694,0.8979904188910027
1984,66.132672,0.20799603050977009,0.2128671573371036,0.8993457213752986
1985,66.166005,0.20617087204824808,0.23298968989844854,0.888575833086416
1986,66.199338,0.21267821578209664,0.2520901647872736,0.8914825796177599
1987,66.232671,0.21214497540539148,0.2626899261521761,0.8916502295328761
1988,66.266004,0.22489880483727287,0.2620845253089691,0.9061913961430281
1989,66.299337,0.22313244371667293,0.24889658658668667,0.8957526374914769
1990,66.33267,0.2178113958141904,0.25567794838736907,0.8826659737444019
1991,66.36600299999999,0.2333922621072627,0.2586597985846202,0.9034903054479324
1992,66.39933599999999,0.21030557843410091,0.26262971346467756,0.9019755514721937
1993,66.43266899999999,0.16107742364249356,0.2690339837884952,0.8834537831107809
1994,66.466002,0.05254585197244412,0.2915536908794371,0.8812565859579926
1995,66.499335,0.05453986244300881,0.28434852639578984,0.8763524042033678
1996,66.532668,0.1001984607224452,0.2665937522275276,0.9096888170948572
1997,66.566001,0.1292523364319275,0.29378095546838445,0.9890433623540223
1998,66.599334,0.11471752523790794,0.3417689961911835,1.0658887147198426
1999,66.632667,0.10486346332545635,0.36176141963956876,1.104039852707391
2000,66.666,0.09172454927345636,0.35372258064542145,1.1260883004947178
2001,66.699333,0.09554307022156779,0.3809847496398012,1.1867448508431082
2002,66.732666,0.15811017080776088,0.37296731479403245,1.258017311269139
2003,66.765999,0.16300023026461485,0.3604523801511531,1.2294924419282052
2004,66.79933199999999,0.16275542946383353,0.3661025815075233,1.3155998419083423
2005,66.83266499999999,0.16682210474063633,0.39394706325725504,1.3881669791300821
2006,66.86599799999999,0.18835294894480673,0.4268312343688635,1.4682252449911073
2007,66.899331,0.1509343506407874,0.43582397836901215,1.469769575745965
2008,66.932664,0.10576284076889421,0.4140206807466836,1.35840354750174
2009,66.965997,0.12102942451386794,0.43650498203083454,1.289247086161013
2010,66.99933,0.04421781541477285,0.4423892909479113,1.3590159192578886
2011,67.032663,0.02260018942938087,0.43870719312839773,1.280727523054334
2012,67.065996,0.020608664356980833,0.3917528807551446,1.3267009404029617
2013,67.099329,0.02479040149982503,0.3596406626458652,1.2261030089159646
2014,67.132662,0.032284304666430653,0.35196691508353706,1.1858086838276853
2015,67.165995,0.02754293412580294,0.36465167430137513,1.175588242428066
2016,67.199328,0.028909821457542752,0.4329986198194775,1.1938411791205488
2017,67.232661,0.030549502408982254,0.4450567802960133,1.193597061220217
2018,67.26599399999999,0.03209888707387322,0.39057631597760134,1.1820389890603433
2019,67.29932699999999,0.03483198952455678,0.2911253235972703,1.1469689062102015
2020,67.33265999999999,0.03785429212183639,0.2550158872590413,1.016004915955959
2021,67.365993,0.04496900284210763,0.1819362884711534,0.9869883754220122
2022,67.399326,0.04961534863529657,0.18041447801676164,0.9293267113961848
2023,67.432659,0.04875474822791896,0.18320667938153434,0.922469417725661
2024,67.465992,0.05403989668540886,0.2582252087402689,0.8652383649483499
2025,67.499325,0.05952316288145968,0.2371104320221603,0.8212603436906374
2026,67.532658,0.05948904141139565,0.2465861577776206,0.8313714748319008
2027,67.565991,0.060412080882557895,0.26553580067913496,0.8238490366659705
2028,67.599324,0.14581947906425588,0.27817319522422834,0.8574009779841723
2029,67.632657,0.1811840545631062,0.2745029695211305,0.8737202172214648
2030,67.66599,0.16265333415829825,0.2562860275657258,0.8917049782071854
2031,67.69932299999999,0.14111845241667414,0.25428310389263475,0.8923462083770191
2032,67.73265599999999,0.12355219643322218,0.26409810502692244,0.8862614408790607
2033,67.76598899999999,0.0815484596290059,0.25884231222545867,0.87419653984468
2034,67.799322,0.0662464889786492,0.23601299714434754,0.8570506306876936
2035,67.832655,0.06802867515097681,0.24062977831950905,0.8407445937900527
2036,67.865988,0.06963787962921969,0.23133753145549857,0.8210987966695596
2037,67.899321,0.06836990754675647,0.2288209326286748,0.8216940997670137
2038,67.932654,0.06895615399636705,0.2343061980240959,0.8091016549795985
2039,67.965987,0.06961052841174402,0.2312086582698354,0.8286336220751943
2040,67.99932,0.06777333944239103,0.2263857679165266,0.8254217050557054
2041,68.032653,0.06820732341293705,0.23503206585471081,0.8340407997605048
2042,68.065986,0.06950402241159723,0.24724239157399774,0.8504914426358755
2043,68.099319,0.06844871946512093,0.24119339161931289,0.8637300172758712
2044,68.132652,0.07000886504574698,0.2526066402944239,0.8695526286721088
2045,68.16598499999999,0.06938021011221256,0.2549671529123497,0.8651449267119979
2046,68.19931799999999,0.07367470492834007,0.2609312615769173,0.8766653396348955
2047,68.23265099999999,0.0948234033098674,0.25181699119226275,0.8722950190636367
2048,68.265984,0.15876519538004744,0.2412558928461202,0.8726488913772129
2049,68.299317,0.15580447093028998,0.25558788047687814,0.8712235868274335
2050,68.33265,0.14796272455414197,0.2366882160326379,0.8682074746765284
2051,68.365983,0.14826489824947933,0.23814923057483278,0.8623592358598607
2052,68.399316,0.16059930148075274,0.23744820865673288,0.8556176525997876
2053,68.432649,0.16142090826327576,0.2525777178107166,0.8586459854149923
2054,68.465982,0.16924511355784272,0.25460170522161946,0.8583256485647656
2055,68.499315,0.15904257315105505,0.2487693956324556,0.8572028699115961
2056,68.532648,0.15319053269760102,0.2506678946647806,0.8609993635027254
2057,68.565981,0.14606560860725068,0.2508976830514438,0.8621775485348933
2058,68.59931399999999,0.13691366470120186,0.24131910533327636,0.8654396139548702
2059,68.63264699999999,0.11855546285562313,0.25369335785199787,0.8755442769420757
2060,68.66597999999999,0.10731353284113704,0.25613702225262347,0.8755518837946875
2061,68.69931299999999,0.10258813825250108,0.24152810474124825,0.8637929898533728
2062,68.732646,0.10495717727826268,0.23874553078119687,0.8569692623265598
2063,68.765979,0.10251778845149338,0.2525277173597419,0.8655127128692548
2064,68.799312,0.10451152384190192,0.24340553206419197,0.8600497588901889
2065,68.832645,0.10818672747928243,0.23149078537932194,0.8571973853383936
2066,68.865978,0.09984650591498985,0.23691347636499432,0.8544428704030408
2067,68.899311,0.09156607362034054,0.23760989498084872,0.8491874120586015
2068,68.932644,0.08911232357761086,0.23629403705249083,0.8449106268649004
2069,68.965977,0.09097973552237115,0.23973472541065974,0.8470806091570159
2070,68.99931,0.07630613331672288,0.24543803322735308,0.8462559344291519
2071,69.032643,0.07640504645983198,0.2582758157919227,0.849745982611055
2072,69.06597599999999,0.07721281753307767,0.2436302435177496,0.8561961700586577
2073,69.09930899999999,0.07579625529041895,0.25075201871704655,0.8528417865984838
2074,69.13264199999999,0.08753616102497172,0.2512068025206253,0.858138130247446
2075,69.165975,0.07475324869113018,0.25626615717353385,0.8561172417668416
2076,69.199308,0.07493182846464945,0.237567094937395,0.845247045868764
2077,69.232641,0.07579597473502082,0.2702368509587155,0.8433525061519445
2078,69.265974,0.0762734087629895,0.2573125720968799,0.8478408309695794
2079,69.299307,0.078763240501299,0.2675710664984128,0.8537024868850438
2080,69.33264,0.0791251942072129,0.27350066138544904,0.8656638859947009
2081,69.365973,0.07792626429766365,0.27860796683498923,0.8463134418541928
2082,69.399306,0.08177196483046555,0.2841696750193763,0.8312167341236932
2083,69.432639,0.08248049984549763,0.2758681288903905,0.843571159954307
2084,69.465972,0.08053122234511675,0.25629129574900844,0.8664548260867645
2085,69.49930499999999,0.08158889733947886,0.2537786589699207,0.85676484609944
2086,69.53263799999999,0.08083532340726325,0.2732832738187387,0.8716417518970329
2087,69.56597099999999,0.0789366809864584,0.2717190206443012,0.863898643080127
2088,69.59930399999999,0.07825086964286114,0.28090763967445453,0.8693341799725871
2089,69.632637,0.07852509157699762,0.2712118202793903,0.8713329969927196
2090,69.66597,0.07913255452587296,0.2650466521414848,0.8731858509736817
2091,69.699303,0.08006148638196273,0.27129511815927526,0.8721841722110787
2092,69.732636,0.07933342391352866,0.2679053968505041,0.8710345293867474
2093,69.765969,0.08007236346435928,0.2674756717441272,0.8763286852151224
2094,69.799302,0.08024688094150706,0.27997797063954344,0.8685135787458625
2095,69.832635,0.081505044843973,0.2889802393336699,0.8691324088538671
2096,69.865968,0.0796761196876964,0.30694173747133635,0.8706889052964095
2097,69.899301,0.16564702598498565,0.29942913069744215,0.8879537153633645
2098,69.932634,0.25715544832896664,0.28744037467896943,0.8968615781964043
2099,69.96596699999999,0.27663310745411746,0.28648652689052984,0.9088072661499043
2100,69.99929999999999,0.2583886628471812,0.2637519226642285,0.9054519385290916
2101,70.03263299999999,0.1994214740916308,0.2689101933994303,0.9030640027457782
2102,70.065966,0.12269023308581853,0.2618358148784714,0.8943212563565255
2103,70.099299,0.07120608010266853,0.27046874699389684,0.885062643544772
2104,70.132632,0.07122558525576625,0.26934002478859903,0.8828538410060729
2105,70.165965,0.07142480720787225,0.25106677758046336,0.8618869463842691
2106,70.199298,0.06885966085364757,0.284212368020072,0.839046483387876
2107,70.232631,0.0665415543329792,0.2715317117364888,0.8282815836338908
2108,70.265964,0.06165238923015124,0.28757613920928626,0.8498574665427302
2109,70.299297,0.17860335012004216,0.2888025529502075,0.8599079572573657
2110,70.33263,0.223214315821792,0.286741644768325,0.8709797124213824
2111,70.365963,0.201836426362682,0.2705619018302183,0.8881122219915032
2112,70.39929599999999,0.1875338934371919,0.26678094095663113,0.9003795914709514
2113,70.43262899999999,0.17243331023185132,0.2515641284208623,0.8943379068673165
2114,70.46596199999999,0.15740064592912908,0.2583157546576459,0.8963962732560204
2115,70.49929499999999,0.14840914190002716,0.2606446746018184,0.8934893351491691
2116,70.532628,0.142747755248594,0.25616158769413805,0.9016734783263672
2117,70.565961,0.14297855166780077,0.17625654183549627,0.8850771292367166
2118,70.599294,0.14053105816666608,0.0924609400145405,0.8815043496902593
2119,70.632627,0.1360654128326024,0.07842643506023439,0.8614091198568365
2120,70.66596,0.13564353903575038,0.1308425831730406,0.8663881455293081
2121,70.699293,0.09111303125971712,0.17296731156706002,0.8707877206164446
2122,70.732626,0.06517515007984778,0.20793200873097556,0.8636339995287962
2123,70.765959,0.06668883358295385,0.22545123096177172,0.8748001387668718
2124,70.799292,0.0658756689544901,0.2117170255938298,0.8663878850947246
2125,70.832625,0.06496403902728407,0.23958373391719223,0.8774824364872987
2126,70.86595799999999,0.065831233131885,0.2566061154912317,0.876322098346036
2127,70.89929099999999,0.06486618676689446,0.2632253589442539,0.8805749676614802
2128,70.93262399999999,0.06472867633751166,0.2659959409200612,0.8746312693479665
2129,70.965957,0.06708327403162705,0.2830777495596156,0.8735397451866502
2130,70.99929,0.06634921947966241,0.2921619848094702,0.8836854867692299
2131,71.032623,0.06733900574890302,0.29602834023853714,0.8747112327066491
2132,71.065956,0.1488696449642051,0.26334824212724,0.8751744881345296
2133,71.099289,0.21618696839255727,0.26848016384109336,0.8846138391486442
2134,71.132622,0.2389355835657377,0.26927220026117715,0.8955612805696648
2135,71.165955,0.22382266519591307,0.27088846061545274,0.8792555740236346
2136,71.199288,0.19503463614290395,0.283766518495173,0.8804115789085205
2137,71.232621,0.17571934448132798,0.2876404466435766,0.8858695203676749
2138,71.265954,0.16845955969129112,0.28106509697085147,0.8953515707957506
2139,71.29928699999999,0.15654330678979234,0.26874208914177133,0.8946013824369119
2140,71.33261999999999,0.1480811831811062,0.25455588388693606,0.8903283980753219
2141,71.36595299999999,0.1334375784620226,0.27127447296219287,0.8930932863702669
2142,71.39928599999999,0.09097707862800174,0.2675744275425138,0.8909673355795485
2143,71.432619,0.09080186442292378,0.2773700017190416,0.8983109482319126
2144,71.465952,0.09541423164631072,0.2784452868653005,0.8845887054938112
2145,71.499285,0.11645995620751735,0.28112001463896347,0.8867440042565082
2146,71.532618,0.14128460292990003,0.2924118848836209,0.8960834381658407
2147,71.565951,0.16180761548019387,0.29392709434135766,0.8997947028140291
2148,71.599284,0.16989232490551867,0.2963020522623929,0.8879232311490779
2149,71.632617,0.16674215958290883,0.2932358915215689,0.8903727860329177
2150,71.66595,0.16004644320765196,0.2924962613663237,0.8885825135783447
2151,71.699283,0.1495196761531934,0.2925930981561147,0.8865736404204709
2152,71.732616,0.13257541661344957,0.2920109062838929,0.8868578147189118
2153,71.76594899999999,0.12276994906068946,0.28476467394450056,0.8924914852094917
2154,71.79928199999999,0.11418957610196694,0.2785060516759487,0.8813029356705498
2155,71.83261499999999,0.10927504779203687,0.27084022880936953,0.8776324432367361
2156,71.865948,0.10326603813288823,0.2629983289874891,0.8643620524296028
2157,71.899281,0.08538534493766596,0.24878415327375192,0.8651464863758014
2158,71.932614,0.10037504454580472,0.24907217899876627,0.8547848693951883
2159,71.965947,0.11340077352438176,0.2511771645904608,0.8702875396732086
2160,71.99928,0.13724211792398308,0.2708606817957283,0.8868905205358506
2161,72.032613,0.17140755321551976,0.2714589116083734,0.8912811686989301
2162,72.065946,0.21348048758459306,0.2785802580213561,0.889952198271111
2163,72.099279,0.22251489366288915,0.2748156341134156,0.8986634601242304
2164,72.132612,0.2210621519650458,0.28280690613687876,0.8996172405710726
2165,72.165945,0.22054811235386473,0.27295467682166497,0.8959219575740454
2166,72.19927799999999,0.22275286321655066,0.26123207970075396,0.8923359037457498
2167,72.23261099999999,0.23091559507716372,0.27136074755389955,0.8943222997802519
2168,72.26594399999999,0.22869018523949725,0.2519765493479311,0.8933843125623306
2169,72.29927699999999,0.22715358490467571,0.26250244551725926,0.8968811079930102
2170,72.33261,0.22329756555339883,0.2519209221461568,0.8946098553594948
2171,72.365943,0.22293893879770926,0.2620683368692224,0.8838727499175452
2172,72.399276,0.21441318673762075,0.26907964580685023,0.8707641955505003
2173,72.432609,0.15642563734304393,0.2671149014624183,0.8560686724488835
2174,72.465942,0.14160164812338208,0.2748451338068415,0.8707536764306869
2175,72.499275,0.16416551400537166,0.26726535336237545,0.8600091435244156
2176,72.532608,0.19610294353605054,0.2629361935842177,0.8863973031614868
2177,72.565941,0.20121771678353792,0.2517038121875935,0.8822800343324686
2178,72.599274,0.19874185231546068,0.2559054901202112,0.8830520604856471
2179,72.632607,0.20144347508871502,0.2569746925657055,0.883262387883006
2180,72.66593999999999,0.19918804554738326,0.2653800978169508,0.8932461219702589
2181,72.69927299999999,0.18950703925592502,0.2632980151597162,0.887641324499835
2182,72.73260599999999,0.19113263226678204,0.25994951545691963,0.8923940308973104
2183,72.765939,0.19619916505811458,0.26732773228093365,0.8906542387935155
2184,72.799272,0.19933682943285305,0.25903937443105135,0.898293409965796
2185,72.832605,0.19372368527033973,0.2691781310072084,0.8993361999584162
2186,72.865938,0.1986288448675267,0.2614630654091822,0.8930639047890886
2187,72.899271,0.1973602521749536,0.26317642580165457,0.8921773509028811
2188,72.932604,0.19214984803660265,0.26747885984631226,0.8925426711530239
2189,72.965937,0.18241410163260205,0.27298799727148143,0.887655167273638
2190,72.99927,0.18098579627038527,0.27396530356715465,0.8923003145520183
2191,73.032603,0.17714301212090494,0.272226160270951,0.8932533002494283
2192,73.065936,0.18270442365627004,0.2687741172304145,0.8955675765616036
2193,73.09926899999999,0.18387359046028653,0.2769054113269618,0.8896498244263279
2194,73.13260199999999,0.20244543156332134,0.2730692479557655,0.8927340701352359
2195,73.16593499999999,0.21026833352208205,0.28199778917797474,0.8974074760513734
2196,73.19926799999999,0.2163967683371037,0.2753042823340469,0.8929796244743439
2197,73.232601,0.20483745415131813,0.276177526513787,0.8838580087035152
2198,73.265934,0.19934239616276486,0.2729816480605157,0.881619313714577
2199,73.299267,0.18595236307874657,0.2735676825214811,0.8841117203244646
2200,73.3326,0.16792412497541614,0.28391786696162696,0.8833612804226514
2201,73.365933,0.0660567376221666,0.25783671986049783,0.8714295235914543
2202,73.399266,0.06837548141566722,0.26827990647740285,0.8573473223020374
2203,73.432599,0.06686520496765694,0.2669053867072547,0.8588841867056378
2204,73.465932,0.06759137175792321,0.2574789185512451,0.8570823642537658
2205,73.499265,0.06751863042542006,0.19435993666655588,0.871823322921027
2206,73.532598,0.15134570364918584,0.06251346236057391,0.8653988842912081
2207,73.56593099999999,0.16656286684939353,0.07897184614047484,0.8608195578354059
2208,73.59926399999999,0.17734418090359072,0.07571146714464852,0.8535188585432353
2209,73.63259699999999,0.17199960035582693,0.0842192442183027,0.8630829032959062
2210,73.66593,0.1637705835261142,0.17232513621039114,0.8949294648195628
2211,73.699263,0.16974117219934104,0.22328847290369064,0.9236409639978794
2212,73.732596,0.17047666008693313,0.24853114515506414,0.9377849663996528
2213,73.765929,0.16153166112043946,0.2578866002524783,0.9153048346270407
2214,73.799262,0.1625039836314238,0.2712318960465396,0.9210788431912531
2215,73.832595,0.1636991576914542,0.2711526092336856,0.9208076231415326
2216,73.865928,0.16509428046300942,0.2779302388075823,0.9196625374666195
2217,73.899261,0.17746200535163134,0.2642854374666098,0.9310237383862584
2218,73.932594,0.18682942648267373,0.26923277141638013,0.9185935572250551
2219,73.965927,0.18506441152681213,0.29101100302419536,0.922825072438803
2220,73.99925999999999,0.16003052936999707,0.2851734428810253,0.9184018457326001
2221,74.03259299999999,0.05544017268205033,0.30495101659138785,0.9301977909283478
2222,74.06592599999999,0.05703468672581133,0.3241412299301429,0.915592396367232
2223,74.09925899999999,0.05552172564571535,0.3165099337311219,0.9599369881605315
2224,74.132592,0.08193573449558586,0.29202723383356166,0.9552270521866116
2225,74.165925,0.12542311738919976,0.3483006701111659,1.019130065244105
2226,74.199258,0.12454108195276685,0.3608264855163079,1.0598731792258864
2227,74.232591,0.1088349489697993,0.38324145291206424,1.074220306899099
2228,74.265924,0.10689514655609549,0.41076490663306864,1.1957921583798405
2229,74.299257,0.1595120048944852,0.4050107320137598,1.182627225161753
2230,74.33259,0.17001104874945383,0.4169683490193721,1.2096239400145024
2231,74.365923,0.13521040373056334,0.4190438094895941,1.2347630727855188
2232,74.399256,0.13243253989453388,0.4123036552545207,1.2698456236619708
2233,74.432589,0.2018059566169485,0.4283587520597797,1.3280277051891658
2234,74.46592199999999,0.23316847115451145,0.4570094348580477,1.4489133122417892
2235,74.49925499999999,0.24477360197640213,0.43780496611197434,1.3347544252434522
2236,74.53258799999999,0.23334013788665361,0.4321288272701793,1.320830591228394
2237,74.565921,0.24707053481931324,0.4523943431484162,1.4596343266391538
2238,74.599254,0.22877272664079235,0.38832119900608464,1.3139853728661555
2239,74.632587,0.2973246099277668,0.41399322423780943,1.3491497631298082
2240,74.66592,0.26867418586300107,0.421343327161547,1.3821849295299304
2241,74.699253,0.24753413533094612,0.38414769360692647,1.4744857961346425
2242,74.732586,0.2218033581984045,0.4669279413190628,1.6601947062055105
2243,74.765919,0.17065962966049744,0.5633726330725586,1.9051304679640462
2244,74.799252,0.08192616683615847,0.387700179348502,1.712887704319885
2245,74.832585,0.09929401072553494,0.4454766425123655,1.5321244101383802
2246,74.865918,0.11597865270121431,0.317280553982466,1.5067936405804228
2247,74.89925099999999,0.07409276062401872,0.41686372075233424,1.5433333235994031
2248,74.93258399999999,0.10575301200804887,0.422196326115144,1.5342526062985133
2249,74.96591699999999,0.05561143705475542,0.4948633223891836,1.4715715024481126
2250,74.99924999999999,0.04952165846768455,0.3976904822699413,1.5266330911372756
2251,75.032583,0.0894642364087819,0.45009894533556793,1.618568917234374
2252,75.065916,0.06929830495987867,0.411585131740801,1.5685188055030805
2253,75.099249,0.09483713745702525,0.3989059942372435,1.444118760160697
2254,75.132582,0.11285015196479596,0.3423427190452102,1.3432452382693922
2255,75.165915,0.14544925212142185,0.40717767564250956,1.4543631793121836
2256,75.199248,0.19375747563590198,0.4891503744545231,1.6178740265427156
2257,75.232581,0.06620873395821834,0.46250860022552787,1.8079713380708335
2258,75.265914,0.16463046785668214,0.35390488369721396,1.31245112508036
2259,75.299247,0.14759234085505737,0.39041122465070777,1.25649050486961
2260,75.33258,0.17045236874524547,0.32408547883253636,1.1406588869180876
2261,75.36591299999999,0.14425948407558328,0.24119455476798027,0.9915541189226343
2262,75.39924599999999,0.1496033533855588,0.19244731236723434,1.0074275176877556
2263,75.43257899999999,0.1637051804477081,0.13275662063247096,0.9583486474711935
2264,75.465912,0.15611626155106226,0.18532179759642076,0.9419895615164255
2265,75.499245,0.15555988820391842,0.24520824210357006,0.9518531055964263
2266,75.532578,0.15840028537460693,0.2565250227653612,0.915521248092801
2267,75.565911,0.11571967239409453,0.2572759433901316,0.8949141064895454
2268,75.599244,0.09176790982355192,0.25694018102499516,0.8628935126297974
2269,75.632577,0.07387742676677737,0.2608167301232272,0.8636875857385223
2270,75.66591,0.07744144329585273,0.2783959045116685,0.884153661533272
2271,75.699243,0.07200588477822628,0.2739087429407221,0.8706866663366707
2272,75.732576,0.09097997196505729,0.2776603764677351,0.862075647908982
2273,75.765909,0.0693111040809775,0.27730183993260804,0.8447587244108876
2274,75.79924199999999,0.0691658381049993,0.28076771972932046,0.8428106268624709
2275,75.83257499999999,0.06900285097104121,0.27562526804429144,0.8457273973064755
2276,75.86590799999999,0.06660847970715741,0.2772617486836724,0.8490038245423708
2277,75.89924099999999,0.06737138331149856,0.2749488295626271,0.8582469155580859
2278,75.932574,0.06812268256202457,0.28001551238186617,0.8539729787034092
2279,75.965907,0.06858722495758336,0.2729054841096281,0.8552846412365791
2280,75.99924,0.06803807082163199,0.2632966281066895,0.8558236505907366
2281,76.032573,0.06817462215863238,0.2701654467680109,0.8543843146916508
2282,76.065906,0.06765800997310949,0.2683948335542556,0.8597055083275319
2283,76.099239,0.06823602224710511,0.2716914951368164,0.8509773022496768
2284,76.132572,0.07275212029196211,0.2916200319215183,0.8676467738814334
2285,76.165905,0.06850051858532506,0.28704758461552526,0.8693671042777422
2286,76.199238,0.06781121590662241,0.28060053728209033,0.8646685968060831
2287,76.232571,0.07024673242850767,0.3052439739029582,0.8609051574135244
2288,76.26590399999999,0.07045632173798225,0.2915826350914208,0.8593262025834281
2289,76.29923699999999,0.06933543396902817,0.2906772117391331,0.8650395472514697
2290,76.33256999999999,0.0672856969851589,0.2793306480502688,0.8529380836755327
2291,76.365903,0.07121759923459602,0.2812181231190519,0.8647563850363869
2292,76.399236,0.06868210554072764,0.2770222840998505,0.8567922147045267
2293,76.432569,0.06785849463406958,0.2824628000989171,0.8706582475803704
2294,76.465902,0.06774851342821452,0.2847285088158287,0.8583712019396988
2295,76.499235,0.06737783027244966,0.281112173565481,0.8627202490811706
2296,76.532568,0.06781351123023628,0.2811097970288744,0.8582540735441734
2297,76.565901,0.06840809288842699,0.27501096512213674,0.8593802720824971
2298,76.599234,0.11121663648503138,0.2805593147222407,0.8514612813764109
2299,76.632567,0.17689181119663624,0.27645231290796946,0.8568074979517203
2300,76.6659,0.20148137776665956,0.27693325908426514,0.848835664049284
2301,76.69923299999999,0.1984026765708257,0.275092954858169,0.8480902176851077
2302,76.73256599999999,0.19979738876146694,0.2701275842076501,0.8436559192403912
2303,76.76589899999999,0.2037237392717482,0.2747649343021924,0.8589214124448171
2304,76.79923199999999,0.20188693870700386,0.2793370684649571,0.8570998415761243
2305,76.832565,0.20144134232341004,0.2875878676992193,0.8569573493476321
2306,76.865898,0.19747080381915344,0.2774013882540246,0.8511405967925768
2307,76.899231,0.1890293994000433,0.28173288771831373,0.8472312330791049
2308,76.932564,0.1838522939430523,0.2852796946521875,0.8479973327562609
2309,76.965897,0.18082292203969658,0.28320769433040804,0.8433986245782897
2310,76.99923,0.18353981908636216,0.2787032263245949,0.8390904074002686
2311,77.032563,0.19401319684643498,0.2683509047474682,0.8537142570952433
2312,77.065896,0.1871496056738696,0.26766865210568536,0.8448524934203765
2313,77.099229,0.18542903474867625,0.26673792739831126,0.8468479687349466
2314,77.132562,0.17641964303205784,0.28075580320838317,0.8538402149108473
2315,77.16589499999999,0.176372655076784,0.2787750535219937,0.8469438313468327
2316,77.19922799999999,0.1735274848473426,0.2743427088760654,0.8464132770652314
2317,77.23256099999999,0.16995342682984468,0.28666281528496074,0.8477632084293868
2318,77.265894,0.17472546343097617,0.2951380292282616,0.8574460070757252
2319,77.299227,0.17109489196383929,0.30062895044593757,0.8479128388876384
2320,77.33256,0.16581872480963727,0.29921667597405455,0.8511077834748275
2321,77.365893,0.17622575169261828,0.2928693545483563,0.8576415800487447
2322,77.399226,0.17256710610303005,0.2811893890631296,0.8590933785870712
2323,77.432559,0.17525546645083193,0.27459350468272004,0.8451683872328677
2324,77.465892,0.18493953108075703,0.2862961112385891,0.8683364831691726
2325,77.499225,0.1715483184043916,0.2603762359080627,0.8700705917876543
2326,77.532558,0.16501415842205558,0.26851379326667585,0.870652921076107
2327,77.565891,0.15182199768589957,0.28433557884527627,0.8825473435683729
2328,77.59922399999999,0.1387248224888255,0.2785967296181791,0.8833898434717022
2329,77.63255699999999,0.1185129037292223,0.28186782605001004,0.8893262520556714
2330,77.66588999999999,0.10042644512141961,0.27684168702708245,0.8807698891277803
2331,77.69922299999999,0.0737359911705796,0.25480939786227164,0.8814606248962655
2332,77.732556,0.06861035271394776,0.25973123708539597,0.8947912383992002
2333,77.765889,0.07079472596902989,0.25550795250959646,0.8825661332334704
2334,77.799222,0.07163425649638454,0.260553107495197,0.8814500789504394
2335,77.832555,0.0706489173438478,0.2595152953294337,0.8715779842279757
2336,77.865888,0.07300655213782495,0.2649766296904642,0.8662384086756757
2337,77.899221,0.07198294722999714,0.2705418737799461,0.8552614485751695
2338,77.932554,0.07129511593878148,0.2801417158366156,0.8579443298364299
2339,77.965887,0.06846310104324509,0.2823163262306708,0.8643143591603336
2340,77.99922,0.06889785555547527,0.27323357420901206,0.8497149557614556
2341,78.032553,0.07064669002102743,0.27317056290144903,0.8704468827930099
2342,78.06588599999999,0.06980001997847358,0.26760120851202196,0.8535129538630237
2343,78.09921899999999,0.06988708731538577,0.28470906175427446,0.8726924414087651
2344,78.13255199999999,0.06963199734182032,0.26450940961224395,0.8625484411520755
2345,78.165885,0.0711638711624472,0.277859718531665,0.8657810306642115
2346,78.199218,0.07087741486809121,0.26315119877967286,0.8679833334312086
2347,78.232551,0.07043955576214084,0.2710406021764017,0.8552935225296108
2348,78.265884,0.0719219281124706,0.2692277591306527,0.8626783109473606
2349,78.299217,0.07345341379003707,0.2733349369508468,0.8603066081886982
2350,78.33255,0.07156561077544782,0.26906320887195856,0.8681817060285039
2351,78.365883,0.07028237008004898,0.26934653079423243,0.861104187458234
2352,78.399216,0.0703434569094358,0.25198918877992565,0.8553823971805398
2353,78.432549,0.07254954123588872,0.26472309634695407,0.8625779724963616
2354,78.465882,0.07292025312509315,0.26831728641742736,0.873097782419123
2355,78.49921499999999,0.07274708278478592,0.2654254348899364,0.8610361572372018
2356,78.53254799999999,0.07526699471303717,0.25528959903068416,0.8616330259624299
2357,78.56588099999999,0.07466952808532652,0.2673303419962697,0.8534753959527948
2358,78.59921399999999,0.0745395503548307,0.2762757840106303,0.8589672318689332
2359,78.632547,0.073562614675379,0.2739749454396959,0.8503822589166352
2360,78.66588,0.07473886026193202,0.2795884564176661,0.8575911421048207
2361,78.699213,0.07427780908139858,0.2727119788779473,0.8526282660186472
2362,78.732546,0.0731618847126968,0.26848716198718703,0.8489628394822536
2363,78.765879,0.07443593992045978,0.26541771899824046,0.8512877885209611
2364,78.799212,0.07182423520852374,0.2569703623005869,0.8463771397799986
2365,78.832545,0.07267321949754185,0.2367809897318328,0.8494491892434145
2366,78.865878,0.0719195012135655,0.23697912417638117,0.8506393964473334
2367,78.899211,0.07114126212952836,0.2224041469582715,0.8496776802558413
2368,78.932544,0.07275852624528448,0.23128671715513827,0.8431821565391051
2369,78.96587699999999,0.07183126989747657,0.23829739088682356,0.8584252773885501
2370,78.99920999999999,0.07335108094824684,0.23815967276458277,0.8524877192631433
2371,79.03254299999999,0.07454835630305616,0.23019210319665967,0.8563228269880644
2372,79.065876,0.07233266011834454,0.24476532706276785,0.8650784652809417
2373,79.099209,0.07454587606727209,0.23123769000765884,0.8469460063411656
2374,79.132542,0.07409684760680656,0.2130214552456043,0.8455383560835312
2375,79.165875,0.07244223623355417,0.21830520137874668,0.8550301252348559
2376,79.199208,0.07324264477060816,0.23533194511339106,0.852751296680269
2377,79.232541,0.07546163787846251,0.24492267363898534,0.850595634151416
2378,79.265874,0.07568374558569763,0.24039442255266918,0.8450735286149934
2379,79.299207,0.07549861646037527,0.24328843281068463,0.8499172497810168
2380,79.33254,0.07566608566424975,0.2627336886182709,0.8595164187443632
2381,79.365873,0.07596669836348108,0.2633369160000432,0.8591648564402531
2382,79.39920599999999,0.07640360939345098,0.27576586969717753,0.8596865337493242
2383,79.43253899999999,0.07609500404861227,0.27416435339652057,0.8611865820746654
2384,79.46587199999999,0.07443374035530562,0.2725277617088154,0.8581121232169869
2385,79.49920499999999,0.07526682279038453,0.25303996616440816,0.8567360191305197
2386,79.532538,0.07222253437360594,0.23843102022812293,0.8546381319513574
2387,79.565871,0.0740982374109534,0.24800505771425774,0.8473861785515809
2388,79.599204,0.07304912391140686,0.25666235588598973,0.8520251520035106
2389,79.632537,0.07189124666621048,0.2610012155022175,0.8554775640264709
2390,79.66587,0.07033408179896462,0.2620654108889927,0.875984605967166
2391,79.699203,0.06596302691496966,0.2836840449049214,0.8812858692416906
2392,79.732536,0.15755559280905646,0.2730896168435897,0.8729467772872791
2393,79.765869,0.20086844659825928,0.28158347927364874,0.8871772745809077
2394,79.799202,0.20287568541593792,0.2676863801805984,0.8740467312909435
2395,79.832535,0.19422079502538594,0.25770701479949154,0.8771509882648413
2396,79.86586799999999,0.20799570601138312,0.26190327213291176,0.8892766050685682
2397,79.89920099999999,0.22511010399819065,0.2766251221484821,0.91135657246808
2398,79.93253399999999,0.2452944494851278,0.2798879552882695,0.9231122814656152
2399,79.965867,0.26003357226832474,0.2723726396471592,0.924835605164793
2400,79.9992,0.24903043857775617,0.27114111990069045,0.9183878709764767
2401,80.032533,0.24165618235514524,0.2605726861051383,0.903843478615263
2402,80.065866,0.21859484716146857,0.278185405871709,0.9090248267479417
2403,80.099199,0.19805226222246777,0.2743982708217991,0.9033064485278844
2404,80.132532,0.19927406998280547,0.27506368301419093,0.9067656960793782
2405,80.165865,0.19224655710989708,0.2626302385133224,0.9131527460018992
2406,80.199198,0.18805588152321576,0.2719635020002024,0.9159272460375336
2407,80.232531,0.18849127442257374,0.26781044019373007,0.9169331755558336
2408,80.265864,0.19063567511228968,0.27244977915271396,0.9152391566998239
2409,80.29919699999999,0.19884923060665885,0.26660190345253,0.9308682225027675
2410,80.33252999999999,0.20217823400047127,0.25500842305258864,0.9192601835324381
2411,80.36586299999999,0.1948987697497851,0.25615691423675313,0.9219326717742408
2412,80.39919599999999,0.20118275395631974,0.26992806820107484,0.9139028489534031
2413,80.432529,0.19232620098170736,0.2782055122464052,0.9110421597639561
2414,80.465862,0.18832209363074504,0.2864086163898699,0.9213768366510418
2415,80.499195,0.18266953738928557,0.2777721522615587,0.9165244416308898
2416,80.532528,0.17844725118474355,0.2583205041824844,0.8869011696050547
2417,80.565861,0.1714460598442448,0.26841505609002103,0.8819006370114909
2418,80.599194,0.16837668208413922,0.2647114144172685,0.8798376923580555
2419,80.632527,0.16506487830495706,0.255056582581204,0.8791099525381304
2420,80.66586,0.1780082305312821,0.2515110440349513,0.8808531295264589
2421,80.699193,0.1903830521375074,0.24432066887853826,0.8937103606060128
2422,80.732526,0.19399967610872534,0.2550660593343367,0.9071738555468238
2423,80.76585899999999,0.2097217840184745,0.24893995887919557,0.8868028504571472
2424,80.79919199999999,0.21748847487006615,0.2537115124275704,0.8902734076530157
2425,80.83252499999999,0.22170813903290149,0.26310934261972985,0.8912283536741067
2426,80.865858,0.21742613503156852,0.25500646327713256,0.8868600260295926
2427,80.899191,0.214879506294192,0.24868919827860286,0.884551429225143
2428,80.932524,0.21051792203185513,0.23753786429455784,0.8946274541991015
2429,80.965857,0.20898357972395368,0.24228733824833582,0.8883944077358416
2430,80.99919,0.21109510104537965,0.24706513622744797,0.8965958011976274
2431,81.032523,0.21073785077213827,0.24705245245907917,0.8941178239326325
2432,81.065856,0.20613390699700743,0.24068092737935715,0.8899429064391143
2433,81.099189,0.20861109999202196,0.24455288401683267,0.8834846256303828
2434,81.132522,0.20779711299683232,0.24141747035779657,0.8890881107639603
2435,81.165855,0.21335569241842542,0.23246739312156733,0.9004308071319734
2436,81.19918799999999,0.21277259904037282,0.23886092797948855,0.8946093004524065
2437,81.23252099999999,0.21603832418972546,0.25139553896513983,0.9166208493260932
2438,81.26585399999999,0.2096238463186681,0.2509534953180149,0.925918148988946
2439,81.29918699999999,0.2135945911474654,0.23865887565673827,0.9118960695422551
2440,81.33252,0.2201310986506443,0.2631131298615364,0.9165376565583486
2441,81.365853,0.21887638030501877,0.2573802713891131,0.9085226576264337
2442,81.399186,0.23291488204515198,0.24311982023701567,0.9092128702835734
2443,81.432519,0.23356681191012424,0.22390371404921436,0.9082244574411924
2444,81.465852,0.22720526923036768,0.20680994521830295,0.9085414882754594
2445,81.499185,0.23268922969222153,0.21678691773901082,0.8981746483386188
2446,81.532518,0.23864559332228924,0.24166707754773598,0.9154702072203044
2447,81.565851,0.24263572147532822,0.24633629532188123,0.9151892618248901
2448,81.599184,0.23554060632107904,0.2390322160376404,0.9318727908081272
2449,81.63251699999999,0.2278657558910669,0.21921457830402008,0.9344028844863674
2450,81.66584999999999,0.23052821614926478,0.23318647497071524,0.922573812649012
2451,81.69918299999999,0.2320984221181597,0.24157124204750596,0.9271560601172378
2452,81.73251599999999,0.23207669365162273,0.23197191662949185,0.9180808584627241
2453,81.765849,0.23011752177817948,0.24239968074561247,0.922555185593418
2454,81.799182,0.22383447183383123,0.2346632450993396,0.902761420259801
2455,81.832515,0.22174952628352979,0.2368122688942197,0.9119673735633903
2456,81.865848,0.2113194480447789,0.22680789047039007,0.9049385991906217
2457,81.899181,0.19994437308280053,0.2502570065675188,0.8905361011727777
2458,81.932514,0.19570361952569443,0.2505801055854132,0.8859392625717815
2459,81.965847,0.19830629210180561,0.24489556594395112,0.8751717959511282
2460,81.99918,0.17927030098728883,0.2308636267721021,0.863489407109437
2461,82.032513,0.16798644014741096,0.2344014367239681,0.8728608043370015
2462,82.065846,0.1600811749536869,0.24662552130565418,0.8766799223567926
2463,82.09917899999999,0.14913826454583642,0.22892846898277264,0.8644211196746177
2464,82.13251199999999,0.12941495487531593,0.26219611022028777,0.8656629665213301
2465,82.16584499999999,0.13829220010068619,0.2532556866609344,0.8576860278299125
2466,82.19917799999999,0.13688843945633475,0.25571733123954643,0.859475563942915
2467,82.232511,0.13871480410699058,0.2618311055623838,0.8668617592580481
2468,82.265844,0.13786621978640623,0.24925589095750278,0.8599242511670067
2469,82.299177,0.12957262764561503,0.2561731500088173,0.8592938154617557
2470,82.33251,0.12719510203959652,0.24856617012605095,0.8524700867109629
2471,82.365843,0.12448321917785685,0.24137811826763161,0.8507303196454863
2472,82.399176,0.12608690646578924,0.2313037557235274,0.8588956591189759
2473,82.432509,0.12690660795254563,0.2403462667329333,0.8629916483523558
2474,82.465842,0.12444614121209627,0.25144566791882716,0.862453804376278
2475,82.499175,0.13352156161598933,0.23202297731330435,0.862636146707733
2476,82.53250799999999,0.13213378217830485,0.23508204654231496,0.8603320654678133
2477,82.56584099999999,0.14355350807111875,0.2330698563088891,0.8630126304597767
2478,82.59917399999999,0.1437538844506587,0.21939714902052865,0.8594031505713177
2479,82.63250699999999,0.13882817255826435,0.22790561462252584,0.8731459164953238
2480,82.66584,0.1455322231093303,0.23007072262592804,0.881620401947187
2481,82.699173,0.14226492006797353,0.23853168127452695,0.8690768807540779
2482,82.732506,0.1578323956998655,0.24088942596809987,0.8759488980844798
2483,82.765839,0.15491560855068387,0.23837638966614622,0.8768277147123399
2484,82.799172,0.16129066145481588,0.23638940271325698,0.8822924389317052
2485,82.832505,0.16710410146899216,0.23681901144022702,0.8850759815309273
2486,82.865838,0.18165537132010848,0.23860306492149547,0.8795372077882815
2487,82.899171,0.19651472802723943,0.23779701614807544,0.8924299492153799
2488,82.932504,0.2017245157763666,0.22530919655450593,0.8971325005219558
2489,82.965837,0.21024986111752633,0.235311265677668,0.9114270710241588
2490,82.99916999999999,0.2128185385343037,0.2337624904449015,0.9098566138242303
2491,83.03250299999999,0.21877993157584977,0.24660762497407218,0.9140058765744365
2492,83.06583599999999,0.21488743299792243,0.23288971768527333,0.9158090274458279
2493,83.09916899999999,0.2176211154701985,0.23875390288998524,0.9091380549627243
2494,83.132502,0.21150598969257245,0.24255358162348692,0.9073182730518291
2495,83.165835,0.20807564025517788,0.2399966154645454,0.8883496033123679
2496,83.199168,0.19876752107621692,0.2464532526080389,0.8786568645918619
2497,83.232501,0.18197859430254146,0.2506718660902474,0.877867976609562
2498,83.265834,0.14159828063676017,0.24127275897691905,0.868881026269102
2499,83.299167,0.1352323679399976,0.23370732093738703,0.8515490532389474
2500,83.3325,0.12353970311175826,0.22017736657978212,0.8418061601419093
2501,83.365833,0.11862694632985153,0.22619034926804227,0.8400976866478945
2502,83.399166,0.12274108237495011,0.14288190592907096,0.8281281835566565
2503,83.43249899999999,0.11213220070574346,0.0914542092137883,0.8222221700213427
2504,83.46583199999999,0.11935507813363794,0.10023943037201091,0.8189292956614094
2505,83.49916499999999,0.12259335776778763,0.17639196243692412,0.8305273020281849
2506,83.53249799999999,0.11450960668172384,0.20421621027549092,0.839987702912452
2507,83.565831,0.12927955245235898,0.21937062235917282,0.8309261664496324
2508,83.599164,0.1239647925972056,0.22476771292566017,0.8366446024658465
2509,83.632497,0.12550555173817654,0.24149634331546066,0.8433219493088184
2510,83.66583,0.12867185571236545,0.23824828526746722,0.8381394255692126
2511,83.699163,0.12804805261946897,0.2681983161236688,0.8460913559076375
2512,83.732496,0.12260810060393372,0.24846938061385385,0.8594715692605944
2513,83.765829,0.12107842000908535,0.23933641204483747,0.8422982821012068
2514,83.799162,0.13049063460791197,0.2501394332247915,0.8533463168841997
2515,83.832495,0.13239986013044866,0.24408943526862853,0.8448084736702957
2516,83.865828,0.12043755846017079,0.23827699791961665,0.8375489826792966
2517,83.89916099999999,0.13308879008858127,0.25392544827788494,0.8509266198986934
