idx,time_sec,mar,ear,nose_chin
0,0.0,0.07728307976965518,0.29271474207851605,0.7623955194458071
1,0.033333,0.07568118548603316,0.27707119744453645,0.7754345674122366
2,0.066666,0.07585605437516213,0.29053766384709984,0.776071731762326
3,0.09999899999999999,0.07566587333104131,0.28152116449520936,0.7752328328015754
4,0.133332,0.07673225639070667,0.2857944231245081,0.7882276958126587
5,0.16666499999999998,0.0761103052427495,0.2827799629152674,0.7923588307989048
6,0.19999799999999998,0.0771914690902975,0.2841560462684004,0.7788955525758634
7,0.23333099999999998,0.07583578586382142,0.2821598179103959,0.7846344251953941
8,0.266664,0.07705610953767252,0.2837008619470228,0.7743797651964567
9,0.29999699999999996,0.07612068131350291,0.2819130500947329,0.7870015320935316
10,0.33332999999999996,0.07571107565890112,0.28181728952741725,0.7829203619809275
11,0.36666299999999996,0.07498704799313563,0.2891193679364044,0.7750518509710594
12,0.39999599999999996,0.07671267335489286,0.28299546918411805,0.7776799560314284
13,0.43332899999999996,0.07639623027250919,0.2875775226356768,0.7827730497931995
14,0.46666199999999997,0.07503249435037455,0.2875376322910228,0.7853177215591587
15,0.49999499999999997,0.07565596801046015,0.2823267817457684,0.7757676701574423
16,0.533328,0.07662570895480518,0.28362616871365776,0.7827916135626101
17,0.566661,0.0755890759997612,0.28996813042129693,0.7829812526677254
18,0.5999939999999999,0.07661876492396975,0.28345429209586304,0.7797362708892446
19,0.633327,0.07639500596420258,0.2759846986790849,0.7854242568367117
20,0.6666599999999999,0.07446375722308307,0.2744062826701092,0.7809723803689304
21,0.699993,0.07543892066531223,0.2753434827961052,0.7778468663840329
22,0.7333259999999999,0.07428266064279025,0.28441289581578055,0.7729440936139674
23,0.766659,0.07404949692005672,0.28322875601985004,0.7906545819244901
24,0.7999919999999999,0.0746817760363678,0.28470852661657653,0.7815474024606001
25,0.833325,0.07664681146540185,0.28358840443271977,0.7838482533418526
26,0.8666579999999999,0.07416766124501649,0.28136510659016445,0.7835819500269706
27,0.899991,0.07396363911641418,0.2846556650972106,0.7836121678037976
28,0.9333239999999999,0.07427950677028868,0.2870682936352573,0.7848775433328586
29,0.966657,0.07603922227960491,0.2796253868315485,0.7809325332904948
30,0.9999899999999999,0.07436312475258455,0.28402373848415385,0.7848489316211816
31,1.033323,0.0745303663190142,0.2787147462964607,0.783284983225775
32,1.066656,0.0741758286115052,0.27994615832360015,0.7934988915802967
33,1.0999889999999999,0.07371991159255332,0.2816281795644072,0.792783972597105
34,1.133322,0.07421152724606096,0.2830718415260225,0.794240224270825
35,1.166655,0.07238923910325425,0.28361656672595614,0.80101559753686
36,1.1999879999999998,0.07273086900732396,0.2771973854777316,0.7937976787468013
37,1.233321,0.07349940887441445,0.2835851798027528,0.8084967642610651
38,1.266654,0.07308806816947332,0.28738723606360983,0.8036017236000933
39,1.299987,0.07355139423368705,0.2861759339977002,0.8065292337484928
40,1.3333199999999998,0.07261596627901207,0.2855481976923396,0.7965214919951114
41,1.366653,0.07360982268034551,0.28052681225226317,0.8090685726617415
42,1.399986,0.07301408679521361,0.2840885792126847,0.8044029061970952
43,1.433319,0.07370229909856608,0.2854939459258136,0.7965763247605155
44,1.4666519999999998,0.07388195920258811,0.2810409509082049,0.799367813542606
45,1.499985,0.07332040549038961,0.28334203886719717,0.8005442986445315
46,1.533318,0.07226166648713613,0.2845349077851077,0.8021704346676259
47,1.566651,0.07498149091388481,0.27735315346545325,0.8061118155934971
48,1.5999839999999999,0.07417855050791641,0.27391041945408967,0.7942840475479922
49,1.633317,0.07373835549923687,0.25360263143052075,0.8074241422223198
50,1.66665,0.0734651351975283,0.25056090422128896,0.8035195662605488
51,1.699983,0.0726678271715106,0.25411355741333186,0.809251959627835
52,1.7333159999999999,0.07268727747051847,0.2422272757204318,0.8151652246537112
53,1.766649,0.07618100785484559,0.24751040956577122,0.8179522290844845
54,1.799982,0.09879341776524275,0.23122816943336205,0.8091547381173391
55,1.8333149999999998,0.12448021119317808,0.2246619807827603,0.8151133148358694
56,1.8666479999999999,0.12600236809766438,0.22731808622818778,0.8119825859063743
57,1.899981,0.1337215903985827,0.22575252393908848,0.8099143675103868
58,1.933314,0.11586921348659468,0.22812562352659468,0.8016942880066988
59,1.9666469999999998,0.09420624265604208,0.2361719826627039,0.7904404510340733
60,1.9999799999999999,0.07591260265682025,0.2315799682590398,0.7848396952590238
61,2.0333129999999997,0.07596515419096393,0.2232272392164929,0.7928958123764215
62,2.066646,0.0773793629523521,0.23163082157626,0.7942071164973157
63,2.099979,0.07781218891077016,0.264678599178657,0.7836701228353027
64,2.133312,0.07605963753680259,0.27258539179510544,0.7804558684414777
65,2.166645,0.07835308944249159,0.2827642250922376,0.7785514615808968
66,2.1999779999999998,0.08101919040651578,0.27583849490202744,0.775260337986854
67,2.233311,0.08278238026665526,0.28228976584369986,0.7661959908774157
68,2.266644,0.08402076451954624,0.2784964628938632,0.7784981222758166
69,2.2999769999999997,0.0848109265772076,0.2773357932966999,0.7729267109164292
70,2.33331,0.0883061697728745,0.2820582743130221,0.7723764070868854
71,2.366643,0.08697785554382735,0.27000183910512116,0.7808992879470282
72,2.3999759999999997,0.0861649592039679,0.2789620702099689,0.7710529581231831
73,2.433309,0.08608690041046764,0.285685020775717,0.7713440362541568
74,2.466642,0.08847737322637175,0.2778935185263455,0.7792325691662516
75,2.499975,0.08541157052534765,0.2829217501776281,0.7701406963724338
76,2.533308,0.08778908290179284,0.2799328813021171,0.7729147635414867
77,2.5666409999999997,0.08851471231201799,0.27968013859410656,0.7748104674346388
78,2.599974,0.08520957008320537,0.2813932056419076,0.770876803028667
79,2.633307,0.08840414516048734,0.2788138320298088,0.7697305945777919
80,2.6666399999999997,0.08786058336976722,0.2752355405232064,0.7735154333409938
81,2.699973,0.08739078373639027,0.2821819176454876,0.77127205586349
82,2.733306,0.08868541974464553,0.28758545914074024,0.7742198593764232
83,2.766639,0.08934113080149876,0.28317783493603466,0.7754539176068175
84,2.799972,0.09021375698513094,0.2842821761902678,0.7724427151354852
85,2.8333049999999997,0.08709364330822736,0.27638773549818274,0.7757983098884347
86,2.866638,0.08833435614462665,0.26533154687982463,0.7808695397860898
87,2.899971,0.08256351484115305,0.2533090463528916,0.7739430541571648
88,2.9333039999999997,0.08550842687525602,0.2656233122476835,0.774773114625364
89,2.966637,0.08091126488144086,0.2880946594217091,0.7806368356349463
90,2.99997,0.08133107827611644,0.28879721910550493,0.7824848916173185
91,3.0333029999999996,0.07925334076259946,0.2755788110086819,0.7669915996581673
92,3.066636,0.07735829381170922,0.2786038383924777,0.7692944710509414
93,3.0999689999999998,0.08173302375293533,0.2914844771090328,0.763437947710362
94,3.133302,0.07703961711444338,0.27478692650474645,0.7701094981896678
95,3.166635,0.07990719298902398,0.28148457676187794,0.7820177587824207
96,3.1999679999999997,0.07951542862181825,0.28831834855947813,0.7738119697092833
97,3.233301,0.07771122963326693,0.30059687378371597,0.7703191330190072
98,3.266634,0.07489617341600656,0.29478463428961976,0.7710848216144038
99,3.2999669999999997,0.07122214182223516,0.29192091610580945,0.7782330119911244
100,3.3333,0.06943929393412476,0.29936829494900813,0.7711636767318486
101,3.3666329999999998,0.06880634571195028,0.30403382070349444,0.7738242694238382
102,3.399966,0.06797552449944722,0.3103552742576306,0.7885209132287335
103,3.433299,0.07017236938350933,0.30747774621943536,0.7851356596906994
104,3.4666319999999997,0.06893115646117996,0.3145113271892549,0.7879643093780428
105,3.499965,0.06822289396270866,0.3007190984354405,0.7904577221269349
106,3.533298,0.06994994395382254,0.31145324424290666,0.7857287666510765
107,3.5666309999999997,0.06908297285838584,0.3023565926382086,0.7665506781164126
108,3.599964,0.06946587017530187,0.30327894418211443,0.7779847089756646
109,3.6332969999999998,0.0709669055357493,0.318966209995431,0.7676173013652596
110,3.6666299999999996,0.06884835034947086,0.3179418372782282,0.7611751659379905
111,3.699963,0.07021230613177548,0.3067444552707686,0.7441878279773209
112,3.7332959999999997,0.06896031174867347,0.32165772483876676,0.7415076213970506
113,3.766629,0.0663856297933232,0.31274260012069566,0.7314537936158306
114,3.799962,0.06949568615761999,0.32207702648417114,0.7199928868585372
115,3.8332949999999997,0.06682064247769035,0.3356575323392842,0.7105202326877891
116,3.866628,0.06933749185077247,0.32299318039526775,0.7030171763775922
117,3.899961,0.06719434594777988,0.34256675754640536,0.7015252806549487
118,3.9332939999999996,0.06746623391607029,0.3192056665087283,0.6882934564594286
119,3.966627,0.06582162199056185,0.3277072144443345,0.6902954372387535
120,3.9999599999999997,0.06251662527660141,0.3219031528681765,0.6781204756197102
121,4.033293,0.0637538561865643,0.30973605324562,0.6684531907618281
122,4.066625999999999,0.06309895805009706,0.31257404100261416,0.6535982494517216
123,4.099959,0.061057176199713556,0.3227027145169986,0.6346965091184251
124,4.133292,0.059175300215332315,0.3057241469015395,0.6316805283067168
125,4.166625,0.060161073735678736,0.32168362530800987,0.6352448336640808
126,4.199958,0.07398707095242898,0.3245376270910194,0.6157199712072511
127,4.2332909999999995,0.07196644196417978,0.32938024722887765,0.6044883451734857
128,4.266624,0.06294676507096139,0.33294980095154614,0.6156605803053362
129,4.299957,0.07106534549466523,0.32137062102606984,0.6120851899182901
130,4.33329,0.06289934150071803,0.3292428299654769,0.6310669707983109
131,4.366623,0.06491867695030755,0.33400237720080395,0.6366903865185312
132,4.3999559999999995,0.06247901317073669,0.337803525638392,0.6358533552487634
133,4.433288999999999,0.05670872147805745,0.3369733767217965,0.6365469699888294
134,4.466622,0.05664734164990028,0.3369878741810042,0.6452699110556123
135,4.499955,0.05713837603813562,0.32996343575809894,0.6366788023933144
136,4.533288,0.05670845132232303,0.34250484806908654,0.6435804275717207
137,4.566621,0.05652014490393481,0.3377798650992415,0.6629866332443389
138,4.599953999999999,0.053842899660355534,0.3438734977698058,0.6414609081430288
139,4.633287,0.05707924720126162,0.34864025121335707,0.650607205651942
140,4.66662,0.056025254595309104,0.346854870176596,0.6591837776456761
141,4.699953,0.05474755298847872,0.3393368547403681,0.6536754880773643
142,4.733286,0.056052943243584646,0.3360447433313556,0.653023616763741
143,4.7666189999999995,0.0557689631356595,0.3305009309353044,0.6391721630123475
144,4.799951999999999,0.05568095219542888,0.33305000747411906,0.6399894972386527
145,4.833285,0.05763833142205889,0.33567305518012625,0.6293286234987895
146,4.866618,0.05718138720289779,0.33734537477484794,0.6442859835124956
147,4.899951,0.05956809948761937,0.3451463638488199,0.6306433982237898
148,4.933284,0.061351475547219314,0.3240218489411223,0.646079951351224
149,4.966616999999999,0.06318929901827787,0.27104847424354045,0.6582454219806435
150,4.99995,0.06656434450277171,0.1690539082423517,0.654229487848621
151,5.033283,0.07177338988821579,0.14589514744000553,0.6566642832410553
152,5.066616,0.07336787277717409,0.15478909738439245,0.6609246213017536
153,5.099949,0.07497123386593665,0.1930122078636939,0.6623811841503084
154,5.1332819999999995,0.08196001309485053,0.20391924827161134,0.6694230796854778
155,5.166615,0.08684539413250089,0.2096706421706519,0.679196224928308
156,5.199948,0.09310038666670314,0.2088127091782227,0.692992192117322
157,5.233281,0.0918784209304749,0.24852014649960208,0.7094629201838968
158,5.266614,0.09368185552021883,0.24926670654079552,0.732673484762383
159,5.2999469999999995,0.09492850964197362,0.2586944193306967,0.7586537008273817
160,5.333279999999999,0.09878584069304082,0.25764736769997953,0.7719472892900617
161,5.366613,0.09913354453490703,0.25495741437345704,0.7563321304944743
162,5.399946,0.09589349530257514,0.2468122569852973,0.7729829018484202
163,5.433279,0.09621055915167961,0.26038406309541073,0.7800191946773771
164,5.466612,0.09700215019988556,0.2525051049604573,0.7879504935251822
165,5.499944999999999,0.09941486407773503,0.26697867187982804,0.794007659570055
166,5.533278,0.09748689833967406,0.2578219684650878,0.7964914325907347
167,5.566611,0.09868376271179036,0.2591182756767537,0.8047498965499563
168,5.599944,0.10081312938900454,0.25602103414448724,0.7977197094991794
169,5.633277,0.0983742566593004,0.25813701315595217,0.7974636707462117
170,5.6666099999999995,0.10174211327131857,0.2543405312154622,0.8036262229018637
171,5.699942999999999,0.100476586988434,0.263904570282623,0.804504299578973
172,5.733276,0.10002522765577554,0.2651755194104166,0.8152680470753605
173,5.766609,0.10164695881456952,0.2598123929101433,0.8209583432604218
174,5.799942,0.10272354176590089,0.26769681818162827,0.8167071712941145
175,5.8332749999999995,0.10216946283732915,0.2684136518121011,0.8290849772723464
176,5.866607999999999,0.10885618096054162,0.25736040179655556,0.8258332048824711
177,5.899941,0.10319172330871389,0.2691140426932134,0.8196952227378504
178,5.933274,0.10889696688407353,0.2648135657725269,0.8310273586896262
179,5.966607,0.10622691228180638,0.2682963190717097,0.835831234117217
180,5.99994,0.1034164044305438,0.2800130742027402,0.8261464819747808
181,6.033272999999999,0.1050350638532258,0.28084662789105785,0.8484828536729894
182,6.066605999999999,0.10326309386244345,0.28081830132289193,0.8406838041811039
183,6.099939,0.104992490336929,0.27858897464605437,0.8410488020985867
184,6.133272,0.11142459725727663,0.27646280038957716,0.8532254597439923
185,6.166605,0.10903715826050518,0.2784572225231437,0.8652563560098232
186,6.1999379999999995,0.1140689314993154,0.27158528036584173,0.8607590603320896
187,6.233270999999999,0.1127212201927183,0.2552383773405821,0.8755673619197151
188,6.266604,0.11486024847400886,0.25438934679336406,0.8678924764874291
189,6.299937,0.1149402747847628,0.27108233127519343,0.8436434629026269
190,6.33327,0.11378308668281271,0.25851021591928536,0.850634980905067
191,6.366603,0.10380544958111836,0.26611753785010744,0.8280357964324508
192,6.399935999999999,0.09946675390360116,0.26499195036789186,0.8070685801668774
193,6.433268999999999,0.10056974968540583,0.2587214332643365,0.7924870608418874
194,6.466602,0.1038706617909253,0.2747396958034768,0.7688080332878436
195,6.499935,0.10273097137139982,0.2579587362553698,0.7579558433704049
196,6.533268,0.10111852494077338,0.24829571708054643,0.761262793280699
197,6.5666009999999995,0.10003458600197851,0.23604607233042008,0.7518766258242309
198,6.599933999999999,0.12949544236850766,0.1199473040950283,0.740481030378703
199,6.633267,0.12276738351413531,0.0836695594356414,0.6941279953755717
200,6.6666,0.09810826147322609,0.06324004287188192,0.6705878552602074
201,6.699933,0.09791837061825392,0.060498848454584364,0.6827713500825441
202,6.7332659999999995,0.1004393538687874,0.060377738649487214,0.7000011106370451
203,6.766598999999999,0.10047492366146805,0.07355030120192192,0.738251097055457
204,6.799932,0.08420384124919285,0.07255543232975697,0.7547908726651362
205,6.833265,0.0785741232851261,0.07830941162340041,0.7845434954411815
206,6.866598,0.05501476395961371,0.09954417450097815,0.8084480339207075
207,6.899931,0.05439677409338109,0.09380559470752525,0.8218637558352155
208,6.933263999999999,0.054207497708902395,0.09265992664256334,0.822732347609261
209,6.966596999999999,0.06782789345980553,0.08687210399234971,0.8416127147904777
210,6.99993,0.07877022178357126,0.0920174452829102,0.8563285898466895
211,7.033263,0.06876280894113476,0.1377032694055843,0.8918834870585461
212,7.066596,0.06095205694004382,0.17384407660404244,0.9058756630686092
213,7.0999289999999995,0.0449907407569393,0.1831655258794101,0.899659125182147
214,7.133261999999999,0.04278323660684788,0.1757614031607595,0.89172880236846
215,7.166595,0.04011262293803327,0.11725082017144621,0.8956944492769394
216,7.199928,0.04456157534478548,0.06662730111588733,0.9114181219243959
217,7.233261,0.04822113757780367,0.04775646135170539,0.8789884949216774
218,7.2665939999999996,0.04970150877628661,0.0785077670881695,0.8923820656482253
219,7.299926999999999,0.0515344634174399,0.135550291451776,0.8747505559298717
220,7.333259999999999,0.053571672831777835,0.20398763463951514,0.8582737899029325
221,7.366593,0.05868323795560798,0.21562307658535468,0.8451578675812434
222,7.399926,0.05752303433301103,0.21554228263622882,0.8595843676174468
223,7.433259,0.06127437699689005,0.23044694404455593,0.8682670131942004
224,7.4665919999999995,0.10758362263265824,0.23283817919144728,0.8852673985143761
225,7.499924999999999,0.15101103763311968,0.2377644303671372,0.8837832563635979
226,7.533258,0.1576506173796367,0.2376187249340282,0.8748498264347154
227,7.566591,0.16865895635827793,0.24050794932413352,0.8729036655289314
228,7.599924,0.1501625151204847,0.20791860765511466,0.8718987727477514
229,7.6332569999999995,0.15333001438287083,0.17399155758551543,0.863668023244037
230,7.666589999999999,0.14451943185660146,0.20010708840742963,0.8493072455172471
231,7.699922999999999,0.13759435456858474,0.17987548488917143,0.8307499707874644
232,7.733256,0.1467504979862863,0.13711035722336828,0.8076930682645171
233,7.766589,0.13584005101420846,0.1265291342335059,0.800125312445097
234,7.799922,0.14437677707478397,0.13933806357777775,0.8041384737976357
235,7.833254999999999,0.14819194924063825,0.17192431813494694,0.807803806760622
236,7.866587999999999,0.14938680799174592,0.17205159079614185,0.8252443789642104
237,7.899921,0.14028737621740678,0.16778124531042526,0.8366068798533405
238,7.933254,0.12367416017337189,0.15415891527752704,0.8628063196639549
239,7.966587,0.11609332523930387,0.16008109194197592,0.8496091610497567
240,7.9999199999999995,0.11657609900046029,0.16584259515308764,0.8534326976079621
241,8.033253,0.11170491787152467,0.15817796044513469,0.8436500982655183
242,8.066586,0.11148844791551907,0.15469929270534674,0.8286384446561876
243,8.099919,0.10212663291991007,0.15594073560975125,0.8516357238131732
244,8.133251999999999,0.10352052381166638,0.16282201276971875,0.8440353319110241
245,8.166585,0.10131279518835687,0.16093651193676073,0.8534056699956626
246,8.199918,0.10469517993678887,0.16290850788315486,0.8532043143650977
247,8.233251,0.10912403446343967,0.15307580605478022,0.8391488482108007
248,8.266584,0.09905641724161171,0.1501534413078383,0.8340788631745412
249,8.299916999999999,0.10365735656263317,0.1267294475995957,0.8332641207501997
250,8.33325,0.09722892473857436,0.09423387900375334,0.812152167143187
251,8.366583,0.09357518985371052,0.05663636897613501,0.7469826612799385
252,8.399916,0.09719517461358433,0.05661385688649505,0.7153679148929486
253,8.433249,0.07967091073141762,0.058751583336213525,0.7064757460878676
254,8.466581999999999,0.0838329285108802,0.04988549737466458,0.7017089959108939
255,8.499915,0.07117494047197494,0.04568934334899445,0.7376415856326534
256,8.533248,0.12200788949286655,0.047890222160387186,0.7872505772307821
257,8.566581,0.16981463533794064,0.05809931718503768,0.8368389984947863
258,8.599914,0.1733301779672434,0.05407012852830098,0.8528619861128559
259,8.633246999999999,0.14902885364069307,0.05063078205595731,0.8422602219051258
260,8.66658,0.1262442035713045,0.05496986161805065,0.8188726986161202
261,8.699912999999999,0.11738748737653738,0.05388322974651892,0.8296633064837609
262,8.733246,0.1217788607319282,0.06399206191946538,0.8525397459292147
263,8.766579,0.11598331807878368,0.05933992040162922,0.847360399334659
264,8.799911999999999,0.10555777077766809,0.06613065363917615,0.8462978548045262
265,8.833245,0.0675726336601449,0.078566407601606,0.8612872282362131
266,8.866577999999999,0.04563239669486651,0.08663556163609605,0.8607689254875119
267,8.899911,0.04421131386316096,0.09332977384463925,0.8533092012199217
268,8.933244,0.04277522236952043,0.11275788421576594,0.8592569165795175
269,8.966577,0.045585006623753706,0.1480310370101474,0.8815834076993021
270,8.99991,0.04230925323293769,0.12348289194748707,0.8950201525289154
271,9.033242999999999,0.04256528202402131,0.1518797281273992,0.9193189377196697
272,9.066576,0.05374357084900967,0.2089233422618942,0.9481713063991066
273,9.099909,0.10025969068219791,0.16492527103818955,0.9471441941386699
274,9.133242,0.123333510865528,0.12320527206743115,0.9775170030923616
275,9.166575,0.19578133056611643,0.08981009850160648,1.0418221170953703
276,9.199907999999999,0.18418733428665682,0.0795405124124398,1.0597414331902932
277,9.233241,0.02831783517146552,0.12398545394882367,1.1177065697027706
278,9.266574,0.03137871224220918,0.17600333438436444,1.167861640028126
279,9.299907,0.060480727167748397,0.18373327957053298,1.187245093341488
280,9.33324,0.11700488453713717,0.2805303060470108,1.2556512212038902
281,9.366572999999999,0.11766989427509797,0.24453822499061992,1.3416357536334986
282,9.399906,0.08459623179379125,0.3377106457119668,1.4143777005109235
283,9.433239,0.055277285131639924,0.35814209210612225,1.4199753688437184
284,9.466572,0.06756145161813688,0.48128289572893146,1.5640743416060676
285,9.499905,0.06294505366605617,0.6205795855970766,1.6475183809963707
286,9.533237999999999,0.04324055686634408,0.5146774352727115,1.6366567258481646
287,9.566571,0.05705259806537712,0.6397028104699047,1.6620772651481726
288,9.599903999999999,0.06360348803863951,0.4826151968749711,1.5867373028400464
289,9.633237,0.05840053135086609,0.595639475279198,1.6568057431160206
290,9.66657,0.03647631241757998,0.3401644924271534,1.5521137079707397
291,9.699902999999999,0.02930293723081933,0.4592159899490855,1.6878411006026555
292,9.733236,0.039734255327249404,0.4449329673146577,1.66309159721746
293,9.766568999999999,0.050719406392071356,0.5078598380634455,1.6651024312645963
294,9.799902,0.04528216021044516,0.4294470197257836,1.5596312543728483
295,9.833235,0.05065141300914726,0.3509247350941672,1.5187119641454936
296,9.866568,0.034230873106756245,0.413147982190597,1.389988716589762
297,9.899901,0.028771767745429572,0.27482647391933346,1.257445813982811
298,9.933233999999999,0.02982485087937654,0.2430489017180327,1.1351403846192245
299,9.966567,0.06091523351658316,0.1639372783661946,1.0113133091584838
300,9.9999,0.053330425083425906,0.08547760069890573,0.9355165809492821
301,10.033233,0.04868660950280183,0.07340373562566949,0.9005003252772853
302,10.066566,0.048181763257369316,0.06585048298974414,0.8290386231051589
303,10.099898999999999,0.050049219727818964,0.061108749542542154,0.8020495299249448
304,10.133232,0.08190185737342989,0.06157341510659883,0.7753594107147835
305,10.166565,0.0764098522921569,0.11051595586042516,0.7613491635612755
306,10.199898,0.09199421437632095,0.13573703286877775,0.7454904179647447
307,10.233231,0.08744080466821491,0.16730000788760727,0.7407956516750235
308,10.266563999999999,0.07644549024408813,0.14780132390963036,0.734352937731352
309,10.299897,0.08322277343225058,0.13398532796706306,0.72750512068432
310,10.33323,0.08229769267306299,0.04478456477218669,0.7450808744450577
311,10.366563,0.07542197811851616,0.04042894207963252,0.7161186627628009
312,10.399896,0.07488696414011742,0.08527214708667297,0.7391572405786867
313,10.433228999999999,0.07626121236870596,0.12197383990205102,0.7471244534682016
314,10.466562,0.08130225112552027,0.15728662527181383,0.7596533413391989
315,10.499894999999999,0.07770809215159714,0.20258018193273447,0.7721325771038344
316,10.533228,0.07690440503487064,0.21090702778055515,0.7745273327451762
317,10.566561,0.07675107601882401,0.21315474508158444,0.7699064025995923
318,10.599893999999999,0.07944973353219197,0.21378295480856954,0.773200481753696
319,10.633227,0.07788596798951267,0.2265813004665626,0.7655485120049762
320,10.666559999999999,0.07964936730759384,0.23692698550641805,0.7622010507124398
321,10.699893,0.07767527481473137,0.24486787304466245,0.7793342912313772
322,10.733226,0.07418089931998621,0.23696561833676497,0.7970934050315794
323,10.766558999999999,0.0729244438707999,0.2350539109307428,0.8202114155025265
324,10.799892,0.07271532302524618,0.24053622214187576,0.8189968014225129
325,10.833224999999999,0.14395558314747903,0.23781620161328096,0.8395673885649815
326,10.866558,0.15978385672225856,0.23295453088803353,0.8511802800421
327,10.899891,0.1433012766406163,0.23386853353714823,0.8460542950416023
328,10.933224,0.1269640902665237,0.2331174495145205,0.8469199485774139
329,10.966557,0.08574681430280408,0.22557704747103935,0.8419271136164309
330,10.999889999999999,0.07365007966095892,0.21308602389198747,0.8182747627167817
331,11.033223,0.07584185736678299,0.18919906556318372,0.8164801463572294
332,11.066556,0.08678533265237337,0.12297709110652613,0.7881033973701956
333,11.099889,0.10765488395807694,0.07642877566560013,0.7895642185079821
334,11.133222,0.11734148640522367,0.04629525921218515,0.7657801969585705
335,11.166554999999999,0.10790171395052905,0.04826008611073025,0.7696779954096793
336,11.199888,0.08762634187990445,0.0478592513240549,0.7761128513452438
337,11.233220999999999,0.08852498251943472,0.052056430355525436,0.7567040660734208
338,11.266554,0.08885524242744613,0.04240422120910933,0.7516050691263334
339,11.299887,0.09378027910619519,0.04752224588014058,0.7658735600202281
340,11.333219999999999,0.09768150781357901,0.04422848049008371,0.7691488487024863
341,11.366553,0.09577847200151995,0.04714432208650256,0.7880521403519865
342,11.399885999999999,0.09726416813098546,0.046989785917460974,0.8072333661222164
343,11.433219,0.09709781849771941,0.06323873178862338,0.8046436857030662
344,11.466552,0.10499234441595139,0.06191443210276433,0.8082320200470238
345,11.499884999999999,0.10584701108050429,0.08774224120263507,0.8250550512244171
346,11.533218,0.10809511684046091,0.08922665595342744,0.8228240719267669
347,11.566550999999999,0.11067321637953433,0.10623456037756529,0.8121650293920586
348,11.599884,0.108882116614582,0.10456349449814939,0.8257416926964395
349,11.633217,0.10321751719934268,0.1045318419578506,0.8269048367609841
350,11.666549999999999,0.10768159114781206,0.10382558110838404,0.8330056034595194
351,11.699883,0.10539682935087973,0.09693262361350305,0.8446564082390754
352,11.733215999999999,0.10653084055969979,0.10319390176623491,0.8404962112525902
353,11.766549,0.10314941447451498,0.07589069540372123,0.8493877534257138
354,11.799882,0.10361915078408153,0.06089689839915895,0.8336986105445554
355,11.833215,0.10637209465767718,0.054932589847167285,0.8225463194702582
356,11.866548,0.14286985824958082,0.05415074472372981,0.8272592722753007
357,11.899880999999999,0.17322242156305817,0.05390581643606514,0.8234432478502131
358,11.933214,0.1909575443300839,0.05520274400406032,0.8219546917252712
359,11.966547,0.18760214073337544,0.06132469023199815,0.8293834528710279
360,11.99988,0.190513859278098,0.06436738317538654,0.8334882935187795
361,12.033213,0.22163599712349807,0.06605991586277804,0.822076940265312
362,12.066545999999999,0.23317871088287526,0.06397528144180809,0.8214657026051503
363,12.099879,0.2531452214601817,0.062179172710481886,0.806666434017344
364,12.133211999999999,0.2643049641267132,0.0671955188799265,0.8245277442162802
365,12.166545,0.2776774674100622,0.06541292834386452,0.8289712600633727
366,12.199878,0.30080964650911746,0.06831618212099609,0.8306936999910258
367,12.233210999999999,0.3106028312960417,0.07002795925158348,0.833954029970286
368,12.266544,0.363526842496975,0.06837330498299983,0.8646595524143822
369,12.299876999999999,0.35400845454633645,0.06367593545520478,0.8498155931299806
370,12.33321,0.37900377923191947,0.06481681476996427,0.8608373130491037
371,12.366543,0.38629835895157055,0.06520333664548819,0.8546104035627325
372,12.399875999999999,0.39666923096913453,0.06816939380347062,0.8607109866974367
373,12.433209,0.40928398275401223,0.0653853536071869,0.8665599363747767
374,12.466541999999999,0.4158046562437244,0.07124016620732052,0.8704478860670983
375,12.499875,0.42074125985643257,0.07114481492518673,0.8711637234981436
376,12.533208,0.46067445625038655,0.07239058272181884,0.8841551299343127
377,12.566540999999999,0.4532052735846995,0.06858083314675528,0.8865518318711831
378,12.599874,0.4734372396124663,0.0679330158811578,0.9084527072608032
379,12.633206999999999,0.5113911131059994,0.06965508379540558,0.9121386305674449
380,12.66654,0.5161729230975656,0.06810073058512695,0.9100901088930068
381,12.699873,0.5278618541160607,0.08046450152468061,0.9122435245344436
382,12.733206,0.5500548335784651,0.07871465359874638,0.9160280860572433
383,12.766539,0.5538977788812426,0.08089119886536267,0.9190161941864752
384,12.799871999999999,0.5615068862581454,0.07513677591511102,0.9058136874593608
385,12.833205,0.5723435792499605,0.08066178886218761,0.9372130454494233
386,12.866537999999998,0.5280305203631124,0.08633464808338599,0.9710018649179655
387,12.899871,0.5421195854723901,0.08993759313018902,0.9782176633619769
388,12.933204,0.5397338051741556,0.07969328789528056,0.9960147512294935
389,12.966536999999999,0.5195949844493226,0.08870126729594083,0.9719318982800594
390,12.99987,0.48066823827623906,0.11683045415530255,0.9897579099226771
391,13.033202999999999,0.4600771642647735,0.2047454048123174,1.0006407069635934
392,13.066536,0.45214614982794554,0.21259468597222597,0.9961024472765698
393,13.099869,0.422361404861608,0.2093192867735928,1.000393406686896
394,13.133201999999999,0.39790841084377054,0.20695284572250333,0.9885311769931584
395,13.166535,0.40712211088568484,0.21593626330558646,0.9820968748419064
396,13.199867999999999,0.37773478349663825,0.23067918590663972,0.9743790474388826
397,13.233201,0.34372024082489,0.23181628724148295,0.9491720017545876
398,13.266534,0.32350179327045464,0.22446965456112009,0.9398244604003734
399,13.299866999999999,0.29410654501099875,0.22456225544944666,0.9189960646937237
400,13.3332,0.2701796338333305,0.20660998481932674,0.894507470169781
401,13.366532999999999,0.22949384218918403,0.2034404574333841,0.8900544508127856
402,13.399866,0.17275668740613034,0.20936563510652378,0.8527453351463269
403,13.433199,0.15362362610080837,0.19836520140871577,0.8417616623328676
404,13.466531999999999,0.13157548403059052,0.19233649890787236,0.826785387707382
405,13.499865,0.1146361140944211,0.16870068997461465,0.8061432757477963
406,13.533197999999999,0.10784158749785124,0.1557946839821409,0.796234031679437
407,13.566531,0.09930003662938099,0.16365555025465078,0.7910830069871686
408,13.599864,0.09290511149721684,0.16652618391423685,0.7788081862327454
409,13.633197,0.09412375687334545,0.16325033482208373,0.7739518851653218
410,13.66653,0.08906147358475759,0.16206700157635096,0.7624799448610858
411,13.699862999999999,0.0876641344216159,0.15947852499000642,0.7582521234856672
412,13.733196,0.06639405621400046,0.16219537967501407,0.7499876076199629
413,13.766528999999998,0.05401148228250099,0.16872682136193157,0.7236117596036841
414,13.799862,0.0514816723543295,0.18458851265839177,0.7192899186124968
415,13.833195,0.05119750981479975,0.1751595076508211,0.70681498478825
416,13.866527999999999,0.053684953811988595,0.1725123240974049,0.704529333897355
417,13.899861,0.05186415776725021,0.16967210609101133,0.7095500644945907
418,13.933193999999999,0.05033422769261511,0.17165165899315887,0.6940624208369918
419,13.966527,0.047203402937545116,0.1763501349781153,0.6967075823617677
420,13.99986,0.04776552352620177,0.17226320530359626,0.6956457181793122
421,14.033192999999999,0.04591629549122992,0.17924722558133555,0.695272943086503
422,14.066526,0.047814175898341575,0.16986797315531205,0.6913484413842663
423,14.099858999999999,0.045725708831139786,0.1614800673774363,0.6937104543393404
424,14.133192,0.046793161245671455,0.16871881701974717,0.6902679130536277
425,14.166525,0.04800255267164859,0.17218174178062406,0.6804337009639561
426,14.199857999999999,0.050880593222402834,0.16846849009893466,0.6864043417491894
427,14.233191,0.04757485833272657,0.17956669656851879,0.6876889326029055
428,14.266523999999999,0.04767157345902728,0.17817562335196657,0.6782089241417953
429,14.299857,0.05083385578533784,0.1749567474548166,0.6715755433188879
430,14.33319,0.048233255511068246,0.15347809787325783,0.6745367217426715
431,14.366522999999999,0.04860432492717586,0.17089641743985318,0.6732539927627444
432,14.399856,0.054186736353370187,0.16858799428742494,0.6580725417219307
433,14.433188999999999,0.04731847887469176,0.1567632440602466,0.6571229259460173
434,14.466522,0.05337767743050707,0.16559568858745438,0.6572955966666821
435,14.499854999999998,0.0491534887899161,0.1752159880118784,0.6682201909589887
436,14.533187999999999,0.04971599044819415,0.180992401713855,0.6696807877424471
437,14.566521,0.05186785274799682,0.18047385674568694,0.6668349072193044
438,14.599853999999999,0.049197548432652415,0.1780693729500868,0.6738534433276585
439,14.633187,0.05279678818980488,0.16552680778008627,0.6677899397265831
440,14.666519999999998,0.05143742293295228,0.17743834576060924,0.6688061886497636
441,14.699853,0.05391641457131614,0.1783132025166203,0.6704244505878726
442,14.733186,0.05062130281929094,0.17293865553591486,0.6805309937453584
443,14.766518999999999,0.04647532631756594,0.18194801416722542,0.6798729052901028
444,14.799852,0.04849082625753131,0.18654592433538697,0.6862779365837273
445,14.833184999999999,0.0494238833429187,0.1645804470429515,0.7074224304092767
446,14.866518,0.055774922090599886,0.16856426684798448,0.726016067287663
447,14.899851,0.08010983116274693,0.1683880943827593,0.7484749265458854
448,14.933183999999999,0.1590846317795659,0.15822114071251767,0.7700530287267484
449,14.966517,0.18638319165782138,0.17599973581301656,0.7787174076619625
450,14.999849999999999,0.18049225233496854,0.15458736602897877,0.7781086554659434
451,15.033183,0.19643537609009287,0.15534403652365714,0.7909576089339455
452,15.066516,0.21165787762436009,0.1602020717137092,0.7989961126938441
453,15.099848999999999,0.21302660748720012,0.1635533191220617,0.7985801308305781
454,15.133182,0.22221212873768342,0.16815664834831645,0.8138251831994702
455,15.166514999999999,0.23316389493461454,0.16989158919991437,0.8071209502055531
456,15.199848,0.22914955621975833,0.16413380152327156,0.7962858979376426
457,15.233181,0.19816977424138757,0.17154279106722095,0.7835295295273383
458,15.266513999999999,0.18264233128645002,0.15681224495098997,0.7760827422584585
459,15.299847,0.1733865628258215,0.15011583494812014,0.7665714255367341
460,15.333179999999999,0.1568860431928515,0.145858819785062,0.7582881488152942
461,15.366513,0.1521931687422593,0.13359969612370842,0.7544390593411722
462,15.399845999999998,0.1485001428587222,0.13388398698780365,0.7562653194016852
463,15.433178999999999,0.12709696886147312,0.14343216356612706,0.7438437745379486
464,15.466512,0.12495486159255896,0.13840195837576796,0.7290314069562959
465,15.499844999999999,0.11205445528108864,0.13782072393853254,0.7263227918133837
466,15.533178,0.08515931044203755,0.14092832475433453,0.7207455686986938
467,15.566510999999998,0.08290614947270113,0.1510535857540582,0.7145761790073598
468,15.599844,0.07635544193208636,0.13560208529331647,0.6829496494786058
469,15.633177,0.06451553374458469,0.11848022860081076,0.6673997494663905
470,15.666509999999999,0.061542633138853886,0.09142439473027372,0.663666692914417
471,15.699843,0.058877135748481475,0.10205956212752387,0.6619983054950909
472,15.733175999999998,0.06093232299938869,0.11545120075478554,0.6529298911810745
473,15.766509,0.06417628066182306,0.13902866502891612,0.6436540125741091
474,15.799842,0.06220120663536234,0.1554671614707713,0.6426150254927174
475,15.833174999999999,0.05960359446477077,0.17669469165842308,0.6461837635972423
476,15.866508,0.058967576665904124,0.1922572742500645,0.6522554715469987
477,15.899840999999999,0.06293560788248083,0.20251271270674134,0.6409061557066832
478,15.933174,0.06224920159150854,0.19458594056036557,0.6521837303844951
479,15.966507,0.06487626114628885,0.18490308064971192,0.6549201710800494
480,15.999839999999999,0.06558317913822978,0.19310731424890198,0.6742716703909023
481,16.033172999999998,0.1312091664482731,0.18354721928055773,0.668496465378274
482,16.066506,0.13060941279661498,0.177971720993953,0.6643911132553652
483,16.099839,0.1349335234266206,0.1839251346136992,0.6687653665298477
484,16.133172,0.11264459341867467,0.20725907008200728,0.6801538364451717
485,16.166505,0.08993477488002961,0.20600648475684086,0.6764420626816974
486,16.199838,0.07128789298519778,0.20860895151379363,0.6830242472196438
487,16.233171,0.06509159281914148,0.20932171062329813,0.6796210760152931
488,16.266503999999998,0.06244390589195224,0.20537938699911246,0.6630732967494345
489,16.299837,0.06519479445238674,0.19931710367464314,0.6572301808598144
490,16.33317,0.07035987236399541,0.20649952355749368,0.6509994872044682
491,16.366502999999998,0.07608774380570775,0.2152220934434424,0.6470027374387056
492,16.399836,0.06658978331596249,0.20626208778392563,0.6433283558669606
493,16.433169,0.07301019088833817,0.21087989499924154,0.6244637465514018
494,16.466502,0.06741349193008446,0.22225589954430416,0.6212766720452776
495,16.499835,0.07154831014717002,0.2167693807074871,0.6285291874972956
496,16.533168,0.0618962513919116,0.21040850205304867,0.621942320984091
497,16.566501,0.061418407627077364,0.2232778261907332,0.6448627859602913
498,16.599833999999998,0.05525212332355105,0.22335302349878955,0.6517698595406852
499,16.633167,0.05617029933686213,0.23676534539164273,0.6753779157671495
500,16.6665,0.052798749932198075,0.23595422524584886,0.6870094958578199
501,16.699832999999998,0.05225108714220001,0.25361325295864773,0.6976998402233762
502,16.733166,0.053703939505349546,0.23797663317994022,0.7013027942471475
503,16.766499,0.05156589642057658,0.24492738018067328,0.7219497730234548
504,16.799832,0.05303397009298905,0.23154677439365806,0.7199103423680119
505,16.833164999999997,0.05587595633957394,0.13755262859535083,0.6983074605670492
506,16.866498,0.05940957414523305,0.0962263135734571,0.6996621205353969
507,16.899831,0.05978347735406214,0.09274504707611528,0.683020975385943
508,16.933163999999998,0.06723173124935017,0.10951989792055392,0.674074578972577
509,16.966497,0.07244925984704721,0.11316400755702359,0.6635618824176491
510,16.99983,0.07932125877392958,0.12338999033839484,0.6559219113736261
511,17.033163,0.08174519270952883,0.10415406234024205,0.6609238090584005
512,17.066496,0.08634618562957441,0.11642914365423246,0.6883850944514079
513,17.099829,0.0923205683298741,0.13675526453542453,0.7039570034288862
514,17.133162,0.08748136800018784,0.14728174734970068,0.733800848890628
515,17.166494999999998,0.08845353611207718,0.1526868573396669,0.7715974685850356
516,17.199828,0.09140747450647396,0.15304366290119073,0.7860722849830116
517,17.233161,0.09290539426066052,0.14996457152296128,0.7925783384540028
518,17.266493999999998,0.09183056083235792,0.1571456167488991,0.8056109430877385
519,17.299827,0.09466726158384904,0.15297728315299441,0.7991563964136098
520,17.33316,0.09650748737645862,0.15568439053284222,0.7968673764739773
521,17.366493,0.09386410977535274,0.1531236849314479,0.7905996375003099
522,17.399825999999997,0.09471734867995855,0.145759014429774,0.7755838483209117
523,17.433159,0.09531324173696035,0.15085898175949441,0.800481505786654
524,17.466492,0.09649298524524372,0.15103885641260983,0.8031022667231253
525,17.499824999999998,0.09541970560474813,0.1521522379374357,0.8041935655855096
526,17.533158,0.09467119284099423,0.14466071276386128,0.7896276133828819
527,17.566491,0.09802485777663855,0.1490736265766237,0.7957635083915184
528,17.599823999999998,0.11124276385979448,0.15127674213900333,0.7831027296249685
529,17.633157,0.16267659924004174,0.16336306251940974,0.7865756555214507
530,17.66649,0.16604963801862116,0.15107445974702371,0.8117045022162999
531,17.699823,0.1623431263825338,0.16633750634141514,0.802656797320952
532,17.733155999999997,0.1697572392176373,0.16020349548417034,0.7982877668335936
533,17.766489,0.15921822066104185,0.1755176220593667,0.8132784265204597
534,17.799822,0.16383705183857908,0.18289084678916093,0.8111612166784734
535,17.833154999999998,0.15579002236387932,0.18342059337694006,0.8199100528606981
536,17.866488,0.1508759064264506,0.18744565834882665,0.8273942474876376
537,17.899821,0.1393592186773672,0.18738750166692208,0.8249280368010463
538,17.933154,0.15184328486514906,0.20305385430629136,0.8326986186529507
539,17.966487,0.15372923470687497,0.18404383361541127,0.8267649564765539
540,17.99982,0.15056190311805537,0.19005919342632133,0.8315914143316078
541,18.033153,0.16092750591781524,0.18976987344717167,0.8431735041191915
542,18.066485999999998,0.14401473300943193,0.18431432208645052,0.8511301564715109
543,18.099819,0.15317738485306764,0.17667377150416885,0.8547925265990773
544,18.133152,0.13721649700829464,0.17688956149968715,0.8462202638047847
545,18.166484999999998,0.09476180422711168,0.1788367451027195,0.8327662085634567
546,18.199818,0.09375670425852577,0.16376074259739215,0.8245793514505378
547,18.233151,0.0929185143549067,0.14071254520080895,0.8084918492931232
548,18.266484,0.09454304487115474,0.14234157789649057,0.808843168846748
549,18.299816999999997,0.09500823535945983,0.13412120781979886,0.799191343252489
550,18.33315,0.09542506017158119,0.13269783421964662,0.804799043514389
551,18.366483,0.09408717906607589,0.11281801109510617,0.7982413734514663
552,18.399815999999998,0.09518721174219265,0.11965379522880823,0.7984417789640293
553,18.433149,0.09377227283990713,0.12663067682109028,0.8024040117814851
554,18.466482,0.0954032300165508,0.12517630863849277,0.793618270429805
555,18.499814999999998,0.09305799530499567,0.12213812053508259,0.802531952925647
556,18.533148,0.0953979076735179,0.1170221085462938,0.8052519625445523
557,18.566481,0.09565489380808172,0.11031657963653527,0.7911747083351086
558,18.599814,0.09408221402949454,0.11962461125040497,0.8074086575374918
559,18.633146999999997,0.0956244192585676,0.10617139964525875,0.8084402203948464
560,18.66648,0.09268142409167326,0.12028191417216018,0.8070196994758748
561,18.699813,0.09333389239851517,0.1082389590646845,0.7915582991614555
562,18.733145999999998,0.08602096261676817,0.09782676072287572,0.774396037984733
563,18.766479,0.08721297714942702,0.09975614004119925,0.7733096717103898
564,18.799812,0.08252208960512458,0.07437544803437669,0.7588280753789753
565,18.833145,0.07943729743995459,0.07169112846165498,0.7519841332994652
566,18.866478,0.07884386764972637,0.09683753774197296,0.7610106067954452
567,18.899811,0.07887815475029078,0.11243897240973964,0.7690812395215374
568,18.933144,0.07765369931729561,0.13004219320239796,0.7770783051558674
569,18.966476999999998,0.0752542235336819,0.15025398736460643,0.7657527374902928
570,18.99981,0.07612346737991435,0.1335969311975858,0.7765727167506451
571,19.033143,0.08131017928807022,0.11560162387540698,0.7588288853846604
572,19.066475999999998,0.08185099095659525,0.10943831451461741,0.7581393531496023
573,19.099809,0.08768967576920435,0.11422785817893508,0.7511353301751014
574,19.133142,0.08861238311351281,0.1269764758148441,0.7676085829765976
575,19.166475,0.08703927299181656,0.14958581365703513,0.7763409668377099
576,19.199807999999997,0.08933050491509122,0.14302763470622748,0.7788246536342469
577,19.233141,0.0918750803954608,0.1563997289168924,0.7925491813909972
578,19.266474,0.09052574815313492,0.14442300406847774,0.7899813361041114
579,19.299806999999998,0.0940374610358885,0.14905102839845488,0.804833790541942
580,19.33314,0.09525715002490741,0.1517589616985498,0.8049671558753284
581,19.366473,0.09464888427466349,0.15346028917463414,0.8073581881327436
582,19.399805999999998,0.09493314120624317,0.14439234940095313,0.801547328752294
583,19.433139,0.09252504006284826,0.14017684761428545,0.8031671454027909
584,19.466472,0.09480011427571997,0.15910923320463916,0.7923964990907557
585,19.499805,0.09265019344951926,0.18183031863157234,0.809452450033129
586,19.533137999999997,0.09201490134923197,0.16953765503015578,0.8081444741982714
587,19.566471,0.09514460276518605,0.1697959058666988,0.812538346087158
588,19.599804,0.09346252001972111,0.16097431616880364,0.8093496300618891
589,19.633136999999998,0.09279700195992173,0.15912606882356634,0.8081776325391149
590,19.66647,0.09336565338975186,0.14645777461884377,0.8055267324267823
591,19.699803,0.09449971228321613,0.15464106907310615,0.7984084468955691
592,19.733136,0.09508434087210452,0.14490931273417124,0.7966172476207602
593,19.766469,0.09449271380138183,0.14349113982813022,0.7958466731715129
594,19.799802,0.09459850393872365,0.1445707656238146,0.7975554953958331
595,19.833135,0.09554851380185946,0.1412424662157321,0.7991071947166587
596,19.866467999999998,0.094096263438283,0.15135045629705685,0.7926172406155306
597,19.899801,0.09631397119533368,0.14373535612667104,0.7953020472560761
598,19.933134,0.09564235278057485,0.15179802384875946,0.7921811629251393
599,19.966466999999998,0.09493269633333531,0.15189181559627607,0.7902905371009413
600,19.9998,0.09549798557559024,0.1598460868079069,0.7917437200526397
601,20.033133,0.09719412297743525,0.15130240775111914,0.7901194959507216
602,20.066466,0.09481469937677019,0.16882966649720105,0.8004185759871959
603,20.099798999999997,0.0956231262766794,0.16485964193129143,0.7963774449874009
604,20.133132,0.09472544714894356,0.16419430277779706,0.7959971691958637
605,20.166465,0.09268018678368536,0.14752613803430129,0.7905632514576703
606,20.199797999999998,0.09109639469748151,0.09003717160155969,0.7915016291608721
607,20.233131,0.0917832527679842,0.10110819135825798,0.7743014953088095
608,20.266464,0.08284142608227688,0.08823032203769873,0.7564438669727557
609,20.299796999999998,0.08689923864611161,0.09039530896325292,0.7491876524786109
610,20.33313,0.08086753359373047,0.08004896856360132,0.7581092722694287
611,20.366463,0.07836653907490397,0.11636969731804596,0.7490706845453894
612,20.399796,0.07669213530936059,0.14408040430744934,0.7371424404284874
613,20.433128999999997,0.0763175800822422,0.16403878669514865,0.7596759780682747
614,20.466462,0.13727511680959012,0.1641453066264313,0.769315195881263
615,20.499795,0.16252115677016968,0.15627981583047484,0.776847281610414
616,20.533127999999998,0.15321160428019293,0.15776348122946182,0.7912079776937595
617,20.566461,0.13690713390655634,0.15096369203684268,0.7855785190930925
618,20.599794,0.12881580934446374,0.06283654203242092,0.7620287372795223
619,20.633126999999998,0.12580772830318507,0.05272505624961747,0.7606157286219563
620,20.66646,0.11139378528968553,0.046985874332021074,0.7774335083637062
621,20.699793,0.10956894264843989,0.04918948884136527,0.7966714949457465
622,20.733126,0.11302034788053196,0.04907531993471434,0.8259489216600184
623,20.766458999999998,0.10839700080177554,0.0521385677055803,0.8420497811236316
624,20.799792,0.11501997699019412,0.05092828103641492,0.8504039484350728
625,20.833125,0.1141515537631751,0.057097309937796874,0.8666474736868071
626,20.866457999999998,0.12886370027299895,0.09528677807375521,0.8974623848312757
627,20.899791,0.13598037427982232,0.14300357033027797,0.9017962455376146
628,20.933124,0.12829575092205814,0.14312013612251523,0.8845474135729562
629,20.966457,0.11734097906160482,0.13736874345209577,0.8658181256238094
630,20.999789999999997,0.10496835075677771,0.11209244171544067,0.8478193770996888
631,21.033123,0.08930679510789266,0.11048416570580764,0.8220476845562752
632,21.066456,0.06083795899683434,0.07701077292082356,0.8124933760871488
633,21.099788999999998,0.061752645382481985,0.04779542829682609,0.7802781951363991
634,21.133122,0.06206588517499708,0.03943451418727737,0.7576205949025681
635,21.166455,0.0679400623494181,0.06479293120227266,0.7660119787427903
636,21.199787999999998,0.07284940407117463,0.07973306468387309,0.7625395156465689
637,21.233121,0.06754493863564606,0.09796359701921939,0.7729551684473165
638,21.266454,0.06940218879186592,0.08319084426174805,0.7511398624664911
639,21.299787,0.07160390100037871,0.06826986309450792,0.7346941917260548
640,21.333119999999997,0.06917285278241775,0.04942785705483225,0.7328324970872694
641,21.366453,0.07105374305659794,0.04578272127903611,0.7173224420355802
642,21.399786,0.07112021190406106,0.04179856606615946,0.708261505173648
643,21.433118999999998,0.07213385940106036,0.06501962160103111,0.7247364491374663
644,21.466452,0.07254697946619838,0.13265453952855363,0.747447079894592
645,21.499785,0.07230224974552109,0.13815018474887258,0.7513553866367965
646,21.533117999999998,0.0719081362580128,0.14054831802875012,0.7494231736946878
647,21.566450999999997,0.07390939581498922,0.14847114408159878,0.7602080959992812
648,21.599784,0.07346116297678741,0.1436359440120929,0.7567040714323653
649,21.633117,0.07404969868204232,0.13678621400642627,0.7598128561122202
650,21.666449999999998,0.0730497881949856,0.1336624657367333,0.7621080174446593
651,21.699783,0.07514648674935177,0.13583963969229912,0.7628854920199618
652,21.733116,0.126475092995479,0.1401918918101022,0.7718703188705056
653,21.766448999999998,0.13853786366883705,0.1323023341136742,0.7731380548596846
654,21.799782,0.12718994549251975,0.12477133010827779,0.7679055223725719
655,21.833115,0.11998097955198239,0.1403286951953049,0.764348910706721
656,21.866448,0.12325383963787248,0.14590226954057783,0.7605498583155679
657,21.899780999999997,0.112071699750537,0.1402894357929773,0.7655213916755012
658,21.933114,0.10717787973014246,0.1610001716797582,0.7558461000920134
659,21.966447,0.08721442301460873,0.14706472507807247,0.7544493290204279
660,21.999779999999998,0.08104198243041855,0.1555182538645452,0.7535618966963273
661,22.033113,0.0807114302658719,0.14288221018534264,0.7392333994374585
662,22.066446,0.07841492099081117,0.13110446693781833,0.7365451869678182
663,22.099778999999998,0.07756732654769254,0.1468112208720974,0.7421930143331535
664,22.133112,0.08407049047637737,0.14766562832001434,0.7407794229406102
665,22.166445,0.07494428649975612,0.1313481035951542,0.7424106956646557
666,22.199778,0.0753562536761321,0.08544619912362747,0.7507019493840451
667,22.233110999999997,0.07836853097518026,0.05124628123984379,0.7282569400509137
668,22.266444,0.08276452858279025,0.054520504796702486,0.701376011665077
669,22.299777,0.07294226250210335,0.12096309907892155,0.7359206878306693
670,22.333109999999998,0.08583598427098418,0.17066515578686833,0.7313441140873511
671,22.366443,0.06657436949588161,0.27236590916752895,0.7433526401009837
672,22.399776,0.06341103728981418,0.29289935777881904,0.727407612507178
673,22.433108999999998,0.060956427070880836,0.30809403832375704,0.7205746268251204
674,22.466441999999997,0.05709073317540063,0.3163981215287095,0.7072708875769712
675,22.499775,0.06091088204050391,0.32254113705255616,0.6960355930967819
676,22.533108,0.059429916664886964,0.3134675377719451,0.6850867856244292
677,22.566440999999998,0.05719425887816117,0.32275825349940146,0.6935047176699173
678,22.599774,0.05693165323015958,0.3224616805613485,0.6881330315026848
679,22.633107,0.053758761463168034,0.31835585672272537,0.6968551445586875
680,22.666439999999998,0.05576575656524904,0.3152737365297573,0.6836572253040452
681,22.699773,0.05710682624161941,0.3198339094023306,0.6716657132238186
682,22.733106,0.054948661992884854,0.3174915782895447,0.6737994991892785
683,22.766439,0.058759239783564565,0.3118055036220301,0.6528161936610788
684,22.799771999999997,0.05737915299585077,0.31768980810713165,0.6463643291184717
685,22.833105,0.05975920847751778,0.3114307833849927,0.64510742690689
686,22.866438,0.060981653974175126,0.32410128054827636,0.6348050771645054
687,22.899770999999998,0.06282148315446016,0.3181867702625496,0.6387378183084423
688,22.933104,0.06556748184047324,0.31632669638079314,0.6438290737533237
689,22.966437,0.06264542056989605,0.316391181397758,0.6454876882853553
690,22.999769999999998,0.06271069728393872,0.315646170478286,0.6389149510777018
691,23.033103,0.0667897650881861,0.3130512082065161,0.6577511315173526
692,23.066436,0.06551439938642557,0.3043163337469149,0.6501694344315282
693,23.099769,0.06691946013367663,0.3082281851058089,0.6536134340913526
694,23.133101999999997,0.07068730047719891,0.30225381668961415,0.6360020830874067
695,23.166435,0.11322195801637633,0.31483636643533297,0.620326986210861
696,23.199768,0.12783221454804827,0.3112610311222883,0.6303735608435126
697,23.233100999999998,0.06937212528224426,0.3023962404909407,0.6277105915610838
698,23.266434,0.06311014475807006,0.3065823338782774,0.6175634704029715
699,23.299767,0.0674009090934771,0.2949189561329416,0.6122500101141624
700,23.333099999999998,0.0689593055476864,0.2963523870759103,0.6151107163629425
701,23.366432999999997,0.07309100766840854,0.30124264293286707,0.6129497043775661
702,23.399766,0.07478330028401911,0.3005863873256762,0.6044679730015639
703,23.433099,0.07052694705209567,0.30239108931407244,0.5922016243653296
704,23.466431999999998,0.07108597074310934,0.3115767953709876,0.6077768073026737
705,23.499765,0.07208014530384127,0.3174500576107565,0.5929372122549763
706,23.533098,0.07410124297915219,0.3250002955901402,0.5997640295182506
707,23.566430999999998,0.07163864346242498,0.3179237149015042,0.6156285624822427
708,23.599764,0.06991288841716767,0.31941817678995965,0.6172325598641315
709,23.633097,0.07048223814244536,0.32138283513608257,0.6327136106774414
710,23.66643,0.07084989891359716,0.3162000241846097,0.6380822377399665
711,23.699762999999997,0.06948937690649742,0.3085505748448558,0.6558681327327841
712,23.733096,0.06817578719089054,0.30416919890171235,0.6693091248076045
713,23.766429,0.07175011322268636,0.31321400656701026,0.680117064912677
714,23.799761999999998,0.07757698806042036,0.3129386632224296,0.6907892618552708
715,23.833095,0.08657436610316163,0.31550065384506126,0.7021005235879278
716,23.866428,0.10501600334852366,0.3056766276984283,0.7190081250677235
717,23.899760999999998,0.12812281938242293,0.30126369845103923,0.7216161244789103
718,23.933094,0.15779759122634326,0.29532409328328113,0.7278475192660606
719,23.966427,0.1698199250103168,0.29452334751463116,0.7422645267217823
720,23.99976,0.16326499485537582,0.2892837580592713,0.7548272380423554
721,24.033092999999997,0.15043789405199118,0.2896585334789591,0.7570918399142972
722,24.066426,0.1423561207048709,0.2816132330339298,0.7648061408430845
723,24.099759,0.14975223984347652,0.2772371985363656,0.7574221262288952
724,24.133091999999998,0.1531764651212963,0.2729346925189043,0.7815044660020217
725,24.166425,0.16552595743461096,0.2778070231074671,0.7890788044047439
726,24.199758,0.16167747910785837,0.26759889658389774,0.8079358009213632
727,24.233090999999998,0.17640257256448458,0.2585537953375022,0.8279715394340021
728,24.266423999999997,0.17568580760112126,0.2727881237795471,0.8264338962781943
729,24.299757,0.14871040892952314,0.2604553335508956,0.8315251722779782
730,24.33309,0.12466393034642008,0.2692901326635798,0.8317979859639235
731,24.366422999999998,0.10292813287093407,0.2562358869802256,0.8111817575013075
732,24.399756,0.08912382483425196,0.2572319927869553,0.8079658433666285
733,24.433089,0.08747423074174222,0.2602023298393445,0.795675550371658
734,24.466421999999998,0.107932538336162,0.2543760932961665,0.7998887634508064
735,24.499755,0.1273076312561843,0.2603277380494145,0.7935080290360721
736,24.533088,0.13028862441385272,0.2674681898197442,0.7926458182146663
737,24.566421,0.13389983234231018,0.26196193177400273,0.7949288747067943
738,24.599753999999997,0.1303001581522104,0.262327540106979,0.7873708959173231
739,24.633087,0.1296177122644045,0.26699142101616247,0.784070132486652
740,24.66642,0.13198134256111138,0.2710061014154537,0.7823439265477977
741,24.699752999999998,0.12272936455634727,0.2562667316219345,0.7768146952028797
742,24.733086,0.10603581934722388,0.25765577280046903,0.7742852596748478
743,24.766419,0.08619086424902918,0.25435399306309525,0.7676026695795329
744,24.799751999999998,0.07597412690461403,0.2582848136379191,0.7629452090375493
745,24.833084999999997,0.07816939927431062,0.250741901139841,0.7561982647425276
746,24.866418,0.07439224418350242,0.26339111898979406,0.7451127593907323
747,24.899751,0.07353181955129848,0.24684169300475067,0.7491193042916887
748,24.933083999999997,0.07501119468308294,0.25284581155368313,0.7471377972581686
749,24.966417,0.0756288957038862,0.2525797894502438,0.7355411440497678
750,24.99975,0.07279808474465761,0.25891250171965474,0.7308935810623072
751,25.033082999999998,0.07445718102046962,0.25965945811353675,0.7277905451544874
752,25.066416,0.07217818844208773,0.2616274399619887,0.7215774654756437
753,25.099749,0.07108211425122021,0.2613797513234227,0.7179810107106018
754,25.133081999999998,0.07246093419058769,0.2645166821245521,0.7130868511171065
755,25.166414999999997,0.07246710609168923,0.26237705399950606,0.7094919461140398
756,25.199748,0.07089426168768553,0.2654612981010733,0.7060699759507302
757,25.233081,0.07186553046308981,0.2658780200513033,0.7039170243068238
758,25.266413999999997,0.07142708289657479,0.2591987939697321,0.6889097445412734
759,25.299747,0.07203410856568615,0.26917314870443254,0.6924123185219258
760,25.33308,0.07363644018359804,0.26723359356480536,0.694876422361303
761,25.366412999999998,0.07176119153549136,0.2649336164647593,0.7026336347250325
762,25.399746,0.07472380152334508,0.2225131350521492,0.7052594848223274
763,25.433079,0.07169731881384622,0.12045826782538113,0.7007100758927158
764,25.466412,0.07033760093884721,0.08866818119558495,0.697178269805223
765,25.499744999999997,0.07130853293579685,0.10727155672813438,0.6973777121966406
766,25.533078,0.07315363821217212,0.11260805370871822,0.6912933621974112
767,25.566411,0.07352464196446903,0.12885263004066225,0.6985900402693567
768,25.599743999999998,0.07428222292030526,0.13945658283203338,0.7050014738395077
769,25.633077,0.07663304528572085,0.14579098119049808,0.7005551658607438
770,25.66641,0.07901866030185146,0.15208708215641045,0.6945097928616983
771,25.699742999999998,0.07802216394324483,0.1573517391084271,0.703861069383129
772,25.733075999999997,0.07653571209493382,0.16169551128087029,0.694822823392714
773,25.766409,0.07803911635356585,0.14059575289735804,0.7006928816659388
774,25.799742,0.08106467163014007,0.09818118839421987,0.7038366374016937
775,25.833074999999997,0.07762845584377101,0.053854053761185454,0.689561506644329
776,25.866408,0.07837667465799761,0.08302027770692394,0.6990390667612396
777,25.899741,0.07592909617986013,0.13734921006067205,0.7077758860273055
778,25.933073999999998,0.07791398804897662,0.16626900062516403,0.7266920151982585
779,25.966407,0.07805196895297198,0.20571507669809538,0.7366293601899956
780,25.99974,0.07702927272560015,0.20756637513008905,0.740683477147074
781,26.033072999999998,0.07709753096355507,0.20057676056780516,0.7549246932194893
782,26.066405999999997,0.08079970926599858,0.2143158329557129,0.7502549028938009
783,26.099739,0.07957099785245762,0.2221567071016664,0.7448809908929617
784,26.133072,0.08251392333055423,0.22013264933302193,0.7450530120221451
785,26.166404999999997,0.08357785812496266,0.22140844534981508,0.743124347124535
786,26.199738,0.0823928175112236,0.21409465141879996,0.7472209228322144
787,26.233071,0.08270300113677237,0.22416319271490637,0.750908687436726
788,26.266403999999998,0.08583837909186995,0.2148022058627368,0.7515052817942862
789,26.299737,0.08177761618628417,0.21683457454945107,0.7483998111303074
790,26.33307,0.08495007577820715,0.19879173977229747,0.7609912070995654
791,26.366403,0.08211369088361362,0.19410898833049017,0.7610693820236109
792,26.399735999999997,0.0817868283563925,0.18978599061112675,0.7579421301463753
793,26.433069,0.082136860458239,0.18934076275185127,0.7551039637867003
794,26.466402,0.0815208243919397,0.18408954893306825,0.7604150746482449
795,26.499734999999998,0.0811760434405484,0.1625704681746045,0.7484914101153157
796,26.533068,0.07962447386133858,0.15154925824261545,0.7303608291179609
797,26.566401,0.0805609047034605,0.1523300354147336,0.7483384559744187
798,26.599733999999998,0.08100243671847514,0.1735362504068689,0.7439132392447135
799,26.633066999999997,0.08083722246697145,0.20854734491162819,0.7466932299613583
800,26.6664,0.08087965812641178,0.21940306086088426,0.7483293497118453
801,26.699733,0.08151212950935345,0.20949856943632514,0.7670906678267947
802,26.733065999999997,0.07969833917878671,0.20777009669781335,0.7807852171707931
803,26.766399,0.07822165135506552,0.22306730162198712,0.7929691458481363
804,26.799732,0.07717166366077696,0.20609453497639846,0.8256357403679467
805,26.833064999999998,0.07390423603464835,0.22329975475414016,0.8622154627628236
806,26.866398,0.07363244102897824,0.23228782268132755,0.8497911150018365
807,26.899731,0.07380749740330066,0.24155803728815053,0.870911176977183
808,26.933063999999998,0.07336222114549716,0.2408647159942355,0.8748606357672583
809,26.966396999999997,0.07477196637127483,0.24357600975320973,0.8805707384682134
810,26.99973,0.07242556261684219,0.22313043951957248,0.8688867308878127
811,27.033063,0.07295321405113478,0.21388214718639148,0.8740798853580407
812,27.066395999999997,0.07456124504612305,0.21593436798225524,0.8722753837268695
813,27.099729,0.07839889791541044,0.21734568904545726,0.8696175322408323
814,27.133062,0.07449717472844469,0.20546642682629992,0.8673523110961869
815,27.166394999999998,0.07508708878143555,0.2118613922259305,0.8488637310487399
816,27.199728,0.07841795331934956,0.21993684733375243,0.8566981782231294
817,27.233061,0.07674741122178699,0.21393761701474268,0.8452040509300693
818,27.266394,0.07746267643722624,0.21015660512278295,0.8268170464654427
819,27.299726999999997,0.07860677791959801,0.218321415103908,0.8401146356382583
820,27.33306,0.07723700543429826,0.20780831208191503,0.8338729215007307
821,27.366393,0.0779918732346474,0.20741056707957836,0.8330230754285165
822,27.399725999999998,0.07832063267843263,0.19880702148711368,0.8115315621879117
823,27.433059,0.07738968969744243,0.2034312338272209,0.8170677207145078
824,27.466392,0.07888257550138798,0.20913456710201928,0.8190462481627611
825,27.499724999999998,0.08083674157640008,0.19914844098031748,0.8177001355029684
826,27.533057999999997,0.1178234071582107,0.19698652411541098,0.8309046917395465
827,27.566391,0.1304711408709799,0.18974160509138438,0.8392305263966828
828,27.599724,0.14637736015406264,0.1938435063032118,0.8189694706032754
829,27.633056999999997,0.12226829841341537,0.18387787315216036,0.8116678419490427
830,27.66639,0.0811462505142182,0.18412945886051718,0.805041021898076
831,27.699723,0.07841231562401343,0.17136262236241728,0.7850361235790266
832,27.733055999999998,0.0805551011928567,0.1843036041850666,0.7847409740443857
833,27.766389,0.08176383939776612,0.1872659551616542,0.7873205711549882
834,27.799722,0.08159925999368876,0.17840163960929645,0.8021772911619158
835,27.833054999999998,0.08117182526706239,0.17625601592516327,0.7880286492785985
836,27.866387999999997,0.08103299453141058,0.1536221738000928,0.7956623871070542
837,27.899721,0.07857880822757274,0.1789408219942899,0.79152014769519
838,27.933054,0.08053406615720937,0.1631921452878491,0.7978317669451007
839,27.966386999999997,0.0781541796344161,0.16106813174127577,0.7888502546826691
840,27.99972,0.07812496228030798,0.17190179426511198,0.807587840054882
841,28.033053,0.07780117485685652,0.17191884146043976,0.7939100626765229
842,28.066385999999998,0.07787626578605857,0.17688975230094872,0.7976706740045888
843,28.099719,0.07877581818565134,0.1788460234227614,0.794852225951133
844,28.133052,0.07901440464477216,0.16846583269619142,0.791290711613937
845,28.166385,0.07808969438410115,0.17855384062162227,0.7759532599044101
846,28.199717999999997,0.08042546850663365,0.1619269723981395,0.7733820167037777
847,28.233051,0.07951152414867475,0.17356054974577256,0.7818728006259359
848,28.266384,0.07931817588840301,0.17080995475954006,0.7873611297532045
849,28.299716999999998,0.08046488758144464,0.16670770501739748,0.7816829364420838
850,28.33305,0.0791997251746618,0.15887176358757382,0.7983055190975583
851,28.366383,0.07829449420692476,0.15131616238153187,0.8025784494895224
852,28.399715999999998,0.11179831853472916,0.14631456806429038,0.8122065008773268
853,28.433048999999997,0.16568265203234298,0.13956567713856993,0.8247262069153846
854,28.466382,0.17700963313082355,0.14018310192680392,0.8421003113627651
855,28.499715,0.1876031324119639,0.15165324762645455,0.8355557175632475
856,28.533047999999997,0.19834451936340528,0.16808995210555105,0.8538002585559704
857,28.566381,0.21612342080265956,0.1655735692326223,0.8697153685928949
858,28.599714,0.24116694593802,0.17518070726536472,0.8751176339834059
859,28.633046999999998,0.28524876714561903,0.1662401999045429,0.8890722717944487
860,28.66638,0.30951168746757507,0.15631883851087341,0.91163009498816
861,28.699713,0.37642048847769405,0.15001784055917028,0.9518578800404625
862,28.733045999999998,0.3905317170462673,0.16727688549763306,0.9643570980390085
863,28.766378999999997,0.43211942657087943,0.16501133656223685,0.9852839713207324
864,28.799712,0.44240881160718626,0.16821772756254855,0.9805611727256874
865,28.833045,0.45167139534906653,0.15940016853182573,0.9893548648458081
866,28.866377999999997,0.45529403784511147,0.15674606649295475,0.9818874037151349
867,28.899711,0.4701450118311766,0.15631500909462076,0.9871826874581876
868,28.933044,0.4819871563062744,0.15897038385902146,0.9853262520169299
869,28.966376999999998,0.493398304999047,0.15504370053435307,0.9954032062870686
870,28.999709999999997,0.4992718867763145,0.150202940291088,0.9922040447502238
871,29.033043,0.5183755327640226,0.15881273245427868,1.004694685920399
872,29.066375999999998,0.5297445477352656,0.16484454934142367,1.000373379211926
873,29.099708999999997,0.5497317377538816,0.15969564853329823,1.01276565021861
874,29.133042,0.5883859480242809,0.15309382920368797,1.0099239657244252
875,29.166375,0.5848295450088223,0.1566659549958961,1.0013408622338507
876,29.199707999999998,0.6073456013552838,0.15706895503143664,1.0140931770794666
877,29.233041,0.629045101572465,0.14698777423564216,1.00912794102549
878,29.266374,0.638771568085886,0.16159883944200318,1.0251676868367054
879,29.299706999999998,0.6272989049383331,0.15663173157858512,1.0231632822783265
880,29.333039999999997,0.6334837903099733,0.16505194256055788,1.036620680716694
881,29.366373,0.6483340047091132,0.15788696376188077,1.030724094517573
882,29.399706,0.659315004968756,0.1550293840680447,1.0154108238116777
883,29.433038999999997,0.6502594398652048,0.1584868306652767,1.0285284670852646
884,29.466372,0.6560627107559234,0.16842690445285702,1.0397919994048204
885,29.499705,0.6574498856673077,0.168896563749864,1.0583097286530418
886,29.533037999999998,0.6490387671823814,0.16532479896665908,1.0484742053343765
887,29.566371,0.6714697929158285,0.16582692897658244,1.054421610179783
888,29.599704,0.6620172152487557,0.16256881321971006,1.0610643264630877
889,29.633036999999998,0.6416713731069945,0.16096654070638078,1.0565699806423412
890,29.666369999999997,0.6533607863624613,0.15429812088995765,1.055400052815115
891,29.699703,0.6433423259765322,0.1348461526907173,1.0539999287884452
892,29.733036,0.6470964535747776,0.13427902370797726,1.0673197753490946
893,29.766368999999997,0.6530154557437097,0.15010869173991526,1.0753469741354462
894,29.799702,0.6456237080898819,0.14740428438306527,1.0625192317679255
895,29.833035,0.6557531461204096,0.1452286071642983,1.0682609888819266
896,29.866367999999998,0.6496141496105341,0.15557212421939187,1.0773663173294636
897,29.899700999999997,0.6555307447983433,0.15638809500926926,1.064462301502221
898,29.933034,0.6786435912651713,0.15302907410929437,1.0602803870820654
899,29.966366999999998,0.6775147092430762,0.14748938794824962,1.0516050703343058
900,29.999699999999997,0.6861713117287893,0.14861659143389697,1.0553367324071312
901,30.033033,0.6861206717558465,0.14798490100117465,1.0500464236286913
902,30.066366,0.6819476568143458,0.15933341322963795,1.0566868310071817
903,30.099698999999998,0.6835295429387835,0.17942901667127253,1.068627045203938
904,30.133032,0.6848413068324382,0.16996341613269092,1.0710189752547357
905,30.166365,0.6843639511587482,0.16332678710781492,1.0778520993278766
906,30.199697999999998,0.6919627488724507,0.16806303096081807,1.1034297137084914
907,30.233030999999997,0.6593024015867144,0.14867319057160233,1.0849433458969753
908,30.266364,0.6757572614443901,0.16618166045665939,1.0922561134162876
909,30.299697,0.6763737261375676,0.16789623111349755,1.0896207297122031
910,30.333029999999997,0.6861961428371876,0.15678642772061996,1.0918998046627628
911,30.366363,0.6981182763183443,0.16775901113663472,1.093959850351216
912,30.399696,0.68528245115876,0.15412765313258786,1.0870262666489572
913,30.433028999999998,0.6914422590492291,0.15538750257472034,1.085514931314865
914,30.466362,0.7008895736497398,0.16639282322767382,1.0895142678314016
915,30.499695,0.7017475971135038,0.16143497084751232,1.096231103162025
916,30.533027999999998,0.7009532572849925,0.15431894080886804,1.0803511539465034
917,30.566360999999997,0.6959002651856817,0.15371011191125417,1.0885188276335007
918,30.599694,0.6953285877434198,0.15112692164235844,1.0829513593377877
919,30.633027,0.6788897629997788,0.1531987796945118,1.0814302384752168
920,30.666359999999997,0.715121655737201,0.155294409050172,1.0812603101055944
921,30.699693,0.6839150317418886,0.15256694234989157,1.078794357398932
922,30.733026,0.690206197017608,0.16198636662916296,1.1007634062321519
923,30.766358999999998,0.6628714986059376,0.15593327617196218,1.08386759981882
924,30.799691999999997,0.6661027372921521,0.16531874488648074,1.0895873286533304
925,30.833025,0.6687441675062307,0.1512263789830678,1.0761564912523722
926,30.866357999999998,0.6837293580933755,0.16302694008434884,1.091547622040689
927,30.899690999999997,0.661904765517892,0.1456855261509031,1.090825728495695
928,30.933024,0.6483121287955806,0.1618354755859648,1.0981633098914012
929,30.966357,0.6482281389683296,0.15205284212625972,1.0972554269862582
930,30.999689999999998,0.6365130572318167,0.15952989064988934,1.0886068503913953
931,31.033023,0.6329987775464815,0.15999296869844093,1.0832967364792987
932,31.066356,0.6364663372318192,0.1531184933307294,1.0869052417216862
933,31.099688999999998,0.6366052325471289,0.16151272613214734,1.1018226223634988
934,31.133021999999997,0.6284552155143692,0.1554302907498497,1.085156282544437
935,31.166355,0.6320198603596544,0.17786146480170245,1.0969870326070081
936,31.199688,0.6340070437694217,0.15919353460206148,1.0896773522669538
937,31.233020999999997,0.6325207183184842,0.15366236763027685,1.0828189386917189
938,31.266354,0.6230522899299112,0.14508340493722993,1.078372100870296
939,31.299687,0.6001004380350837,0.15119362931992672,1.076722593974995
940,31.333019999999998,0.5770027692565761,0.14811936353158658,1.0745457064828725
941,31.366353,0.5498791617460124,0.14775777519336145,1.0742172692379026
942,31.399686,0.5246499868465072,0.1479534883241177,1.0666224787204581
943,31.433018999999998,0.5166398949159986,0.14527466726718885,1.0589885469986522
944,31.466351999999997,0.487216136775978,0.14466790916061711,1.0509830037298904
945,31.499685,0.4646682297185757,0.14894122272262056,1.0438470665300492
946,31.533018,0.4597001229860447,0.14309389052947566,1.033426276719304
947,31.566350999999997,0.45254084362113733,0.14518583274819888,1.0289587805895506
948,31.599684,0.44266341908757867,0.14047075116621355,1.0323004793019166
949,31.633017,0.45670893829161424,0.14315223656271672,1.0354758601196485
950,31.666349999999998,0.44198653561384826,0.13450189325516432,1.029167615535651
951,31.699682999999997,0.44991332499104597,0.14151176760512046,1.022276656554273
952,31.733016,0.4291193301947671,0.1472737986543495,1.013555394584559
953,31.766348999999998,0.409982132094912,0.15663804899173667,1.0150374083796152
954,31.799681999999997,0.3964510668077379,0.15189261458680994,0.9981626505578922
955,31.833015,0.38300552288904494,0.15321493042632603,0.9973827471195089
956,31.866348,0.3884132762667365,0.14922760770859,0.9996181304233407
957,31.899680999999998,0.36722052957565626,0.1498402464771086,0.984415950999831
958,31.933014,0.3325253482492393,0.13538088895861183,0.9747161949010671
959,31.966347,0.31827362135570847,0.12948996375846877,0.948537106423698
960,31.999679999999998,0.2935991696319319,0.14417823116168893,0.9360670973180114
961,32.033013,0.2748416022115066,0.13896965621946086,0.9165826743078056
962,32.066345999999996,0.2619869109480233,0.13459889374452355,0.9107518891208622
963,32.099679,0.2388225690329776,0.14262809494717318,0.8931075140012407
964,32.133012,0.2275942417790511,0.1365207120870081,0.8712547366692615
965,32.166345,0.2277887419444627,0.15097977198870777,0.869017770315647
966,32.199678,0.2137464080068079,0.15354903402714012,0.86003717658193
967,32.233011,0.20504906147610272,0.14799091993868507,0.8633398681936258
968,32.266344,0.20135091666040927,0.14228725941312725,0.842186802207594
969,32.299676999999996,0.18865080975771292,0.13945466522741412,0.8410063454617565
970,32.33301,0.18462190238002146,0.1322803091808261,0.8270932698722516
971,32.366343,0.17767947707423506,0.133798157491951,0.8218297644269837
972,32.399676,0.17301652972392428,0.13611039782786333,0.812536488198901
973,32.433009,0.16947749259672437,0.1311877687878599,0.8099247095069545
974,32.466342,0.16149711373817638,0.13639879575759997,0.8122943567759946
975,32.499674999999996,0.1514448238839364,0.15299623897917652,0.8122404474238919
976,32.533007999999995,0.1466849272081564,0.13344343586413981,0.8031879018824669
977,32.566341,0.14813542539139055,0.14308238188069683,0.8030473892028089
978,32.599674,0.14638788990769122,0.13666593896508328,0.7920485757218952
979,32.633007,0.1499762867787749,0.14532983722745718,0.7941486353461242
980,32.66634,0.14176078827255748,0.13645016613024358,0.7993476310083408
981,32.699673,0.13914857360449479,0.14380147599047483,0.7856583827215623
982,32.733005999999996,0.13422147972888918,0.13632800024976133,0.7859398642257786
983,32.766338999999995,0.12722005340911238,0.13870721204767322,0.777990694180198
984,32.799672,0.11422710755564697,0.12220760843429192,0.7720813087452542
985,32.833005,0.09730228204613883,0.13439687238223524,0.7689721598491448
986,32.866338,0.0776539049249403,0.1324232411857632,0.7658545504482399
987,32.899671,0.07137634967603229,0.14077498614269598,0.7539921918300501
988,32.933004,0.07211083154940343,0.1392722112087275,0.7443382935300494
989,32.966336999999996,0.07261834656987572,0.14376001213065104,0.7430153573131077
990,32.99967,0.06897175621068063,0.1348081457699979,0.7315767500689226
991,33.033003,0.07310371822958525,0.14328837250926424,0.7286173410954719
992,33.066336,0.07290310467140299,0.152349231695,0.7330694576686255
993,33.099669,0.07316665371814117,0.13577452974492513,0.7323222798566895
994,33.133002,0.07353924002861056,0.1392299120273236,0.7304544311906045
995,33.166335,0.07541013520727942,0.14269637528370852,0.7337225439853112
996,33.199667999999996,0.074776823673357,0.14098951791870043,0.7301451458309272
997,33.233001,0.07566339927285423,0.14870453288963,0.7340155115446874
998,33.266334,0.07530890838890641,0.1506733431145552,0.7220095971212477
999,33.299667,0.07498269549771024,0.14202052185032626,0.7232624416060632
1000,33.333,0.07581611557894748,0.14821257394723206,0.7203875881475068
1001,33.366333,0.07485653459870766,0.14860398419365703,0.7218396981937049
1002,33.399665999999996,0.0762856783332611,0.15370015252359803,0.7193712825277049
1003,33.432998999999995,0.07768829317432072,0.16126862665151703,0.7309725883547366
1004,33.466332,0.07546348103208103,0.1651335516685125,0.7372314379699676
1005,33.499665,0.07804261437366229,0.15427799879412551,0.7354934663455445
1006,33.532998,0.07854945247128074,0.1540425049231846,0.7322893747914238
1007,33.566331,0.07654763524836088,0.15163921767296423,0.7358183611980034
1008,33.599664,0.07871860708065717,0.15298973354915313,0.7316105905777418
1009,33.632996999999996,0.07761267395261037,0.150666850300974,0.7339179662621975
1010,33.666329999999995,0.07864372402632376,0.15946645930259906,0.7372126006718059
1011,33.699663,0.07788178898884292,0.15963293573521692,0.7380401799415226
1012,33.732996,0.07773065878565816,0.15403764583201218,0.7373192024097712
1013,33.766329,0.07960049498457282,0.16554005460545929,0.7409632968502303
1014,33.799662,0.07665272089051622,0.15760456350157917,0.7353433412320052
1015,33.832995,0.07735000626523184,0.15242541894429962,0.738509622498464
1016,33.866327999999996,0.07448807236943204,0.15956104402208746,0.7378807481015076
1017,33.899661,0.07517735757907307,0.14627497711867182,0.7315446109284968
1018,33.932994,0.07220302028823208,0.1522497045963156,0.7317799719895968
1019,33.966327,0.07118359122305688,0.14467807184659598,0.720193975641145
1020,33.99966,0.06671045721399008,0.12665789493481194,0.7174419964036001
1021,34.032993,0.0618277753129776,0.14163132374738785,0.7276185305860897
1022,34.066326,0.054436168958011566,0.1500209896971597,0.7311794278028306
1023,34.099658999999996,0.056775906585798314,0.18523420813119257,0.7592193542401894
1024,34.132992,0.05319630010649838,0.1766853042146755,0.7702281103885059
1025,34.166325,0.050814020856605836,0.184234435826729,0.7726623824108663
1026,34.199658,0.047406472410594855,0.1655043412337323,0.7789538309332944
1027,34.232991,0.04789749194347991,0.13872018841470993,0.7869132126242506
1028,34.266324,0.04661317214336389,0.12851879035609118,0.7735162404271944
1029,34.299656999999996,0.04549774342205522,0.1410915577332154,0.7714025617235941
1030,34.332989999999995,0.04375081350901,0.14206451440874748,0.763833487958734
1031,34.366323,0.04661497309600258,0.13669521747698346,0.7528168322126826
1032,34.399656,0.04910555734743463,0.1342034093516923,0.7532765033762078
1033,34.432989,0.044167765060218724,0.13604813191478135,0.755239875843602
1034,34.466322,0.04564696881684011,0.13433829067095931,0.7455673649179851
1035,34.499655,0.047028963317455166,0.14327583264215302,0.7503030966763611
1036,34.532987999999996,0.04874612795812917,0.14307674766107203,0.755404843868378
1037,34.566320999999995,0.0470244357123737,0.15486964993463065,0.7574449590858299
1038,34.599654,0.04798728116171716,0.1559520609680651,0.7621115536096248
1039,34.632987,0.04793716081419618,0.15502926479613668,0.7596744651144006
1040,34.66632,0.04759138017708055,0.15131847581608532,0.750276327964164
1041,34.699653,0.04731389749735311,0.14880846707193612,0.7380755847591631
1042,34.732986,0.04976514864724476,0.14879372059229484,0.7278843002934983
1043,34.766318999999996,0.04607659393760878,0.14904901352055158,0.7142603622451191
1044,34.799651999999995,0.04957915595552456,0.14351156076751315,0.7093225722860184
1045,34.832985,0.04827891292986951,0.13656744339604157,0.7064391617578786
1046,34.866318,0.04594466911187314,0.13531671813785823,0.7011687642203785
1047,34.899651,0.048037798765296374,0.1335686344367848,0.6985396244001626
1048,34.932984,0.04833279735330599,0.13184068791350823,0.6910591498213671
1049,34.966317,0.04969771051414167,0.13553817849819202,0.6964658688721483
1050,34.999649999999995,0.04786203997839901,0.1312279881787125,0.6831943139799631
1051,35.032983,0.04849112744909115,0.11608709355008395,0.6990378928620488
1052,35.066316,0.04994220622873814,0.14225128997340236,0.7045878758361085
1053,35.099649,0.04876245913459764,0.15855089457804306,0.690190653972713
1054,35.132982,0.047162286722533975,0.20447752216512805,0.6879496473290931
1055,35.166315,0.048208875023297196,0.21029012154069193,0.6791436130975116
1056,35.199647999999996,0.04957384525744117,0.21503538786318116,0.6844695603053933
1057,35.232980999999995,0.04826072245776116,0.20691013088530097,0.6767950353006015
1058,35.266314,0.05002622659395213,0.20570819069161028,0.6686007288220315
1059,35.299647,0.04877055230511225,0.20551640093836362,0.6772445201126239
1060,35.33298,0.0501387571866173,0.18605981114842213,0.6789775860544546
1061,35.366313,0.051961956103008154,0.19162928552453148,0.6788084099764187
1062,35.399646,0.05091116690285562,0.18405509141515303,0.6862148394572175
1063,35.432978999999996,0.0539331042290634,0.16365133585469271,0.6803247788246778
1064,35.466311999999995,0.052630498223606666,0.19404810333250241,0.6823797796429636
1065,35.499645,0.05027955585185945,0.19454829203150756,0.6855581002778619
1066,35.532978,0.0531298573839223,0.2118037673742159,0.6839426702863352
1067,35.566311,0.05214539697301798,0.2122488598199544,0.6841499805264397
1068,35.599644,0.05421478879889061,0.22360737980730644,0.67989943738172
1069,35.632977,0.05309019891837222,0.21301716784752867,0.6859552189926291
1070,35.666309999999996,0.05480407629251362,0.21577970161841947,0.680813718034577
1071,35.699642999999995,0.054691631818572686,0.2212676875832228,0.6825059549492909
1072,35.732976,0.054950903080462625,0.22383546598397935,0.6808598239480153
1073,35.766309,0.05638401566540293,0.20817273127492167,0.6825813199566712
1074,35.799642,0.05728849657798583,0.1647510973551865,0.6728640459356926
1075,35.832975,0.059338921644006844,0.16457621766672237,0.6518681506813803
1076,35.866308,0.06181041739036274,0.1656086926555846,0.6624666311838205
1077,35.899640999999995,0.06362757267007747,0.18163793326505387,0.6727621646220338
1078,35.932974,0.06554089426451502,0.19065922765484888,0.6814408241522318
1079,35.966307,0.07075472676456666,0.19111972277271672,0.6821166145259985
1080,35.99964,0.07275728229807779,0.1831702958891852,0.686175063574009
1081,36.032973,0.07354393268010889,0.15135482535274092,0.6952149639775136
1082,36.066306,0.07728547670248223,0.11548394014644325,0.6906760487886339
1083,36.099638999999996,0.07895098032331126,0.11904276147459378,0.699512507564801
1084,36.132971999999995,0.08081140975833148,0.12091149304282031,0.6927349200771656
1085,36.166305,0.08354064808325014,0.11001780291939978,0.6849469701470948
1086,36.199638,0.08581344539058795,0.09612262887183051,0.6980672398525767
1087,36.232971,0.08908215074756555,0.12017919653028199,0.7161425955445659
1088,36.266304,0.08984438788998277,0.12239180444245465,0.7228164493508688
1089,36.299637,0.0939453583209724,0.13410431868748823,0.7524642888884617
1090,36.332969999999996,0.09509760494596456,0.12052751548421363,0.7553080520501545
1091,36.366302999999995,0.09577636328046535,0.12903467340834926,0.7427447881258848
1092,36.399636,0.0976088053312814,0.12899821581640925,0.7621784691094897
1093,36.432969,0.09984266170002211,0.1295846109365687,0.7563026892696035
1094,36.466302,0.1004735376798469,0.11807198880113703,0.7645746932695285
1095,36.499635,0.10136379507025949,0.1169291411619699,0.7609997947404208
1096,36.532968,0.10079463994207499,0.10441031208138915,0.7650209308103522
1097,36.566300999999996,0.10175278840925794,0.1149451055663105,0.7678487091507937
1098,36.599633999999995,0.09975104921282169,0.12875129436961708,0.7813197137937946
1099,36.632967,0.10015454295312176,0.14563088568174287,0.7903721015762386
1100,36.6663,0.10304695730427106,0.10808818637694603,0.7946240223968128
1101,36.699633,0.10126679555024057,0.12863963484409463,0.7984277821166018
1102,36.732966,0.10622886218846125,0.13100167859371548,0.8030283241070023
1103,36.766299,0.10475275469996538,0.13176824443612295,0.7954356549185001
1104,36.799631999999995,0.10229048172417853,0.14178784259010202,0.7941441122518516
1105,36.832965,0.10254992661995083,0.15294624271278986,0.7967853705859441
1106,36.866298,0.10359675383484533,0.1534612576983923,0.7883524020131457
1107,36.899631,0.10507785811833266,0.1675324731104716,0.7881274364900462
1108,36.932964,0.10469833277440921,0.1720580929537411,0.7862850496616954
1109,36.966297,0.10836013552692088,0.162260298596879,0.7868657202878485
1110,36.999629999999996,0.10358242820053046,0.16091151408278645,0.7670661984027503
1111,37.032962999999995,0.10192770313017017,0.17255284818192956,0.7468826419621826
1112,37.066296,0.10340603898570212,0.16482541400118106,0.7431768817141411
1113,37.099629,0.10257197118847024,0.18244750092700263,0.7480834510217377
1114,37.132962,0.10074115705844941,0.18666279638368638,0.7350555820047774
1115,37.166295,0.10016999839457351,0.1663711176794275,0.7114317306376848
1116,37.199628,0.1024014397806883,0.17745408071886,0.7121784643036871
1117,37.232960999999996,0.10249137414300794,0.16503975632660195,0.69233058012184
1118,37.266293999999995,0.09927187681884388,0.16802182683904948,0.6720592401922711
1119,37.299627,0.09368969082598652,0.16903303574029063,0.6732091740390659
1120,37.33296,0.09920927883608553,0.1883390349468213,0.658254808047125
1121,37.366293,0.09585368310210961,0.18860772759095162,0.6477534241291403
1122,37.399626,0.09605949061336358,0.1684782213240852,0.6276889584130102
1123,37.432959,0.09506535696615326,0.16640437128610197,0.6110052797559526
1124,37.466291999999996,0.09739746674010134,0.18303357791424446,0.608823565546138
1125,37.499624999999995,0.09780494573836476,0.16714293459630328,0.6040445774283638
1126,37.532958,0.10084630341663384,0.1881996969347467,0.5981680666119653
1127,37.566291,0.09787542511019519,0.1719786843221781,0.5932785131340998
1128,37.599624,0.09468519863594335,0.1715151401093244,0.6053970450035728
1129,37.632957,0.09458652197957015,0.17941448695483164,0.6179942468463672
1130,37.66629,0.09030393035944485,0.17972406584753958,0.6385247572898881
1131,37.699622999999995,0.09174867988022503,0.19646209593460556,0.6630315448543496
1132,37.732956,0.09947045590794873,0.20755161143582804,0.6906714726080598
1133,37.766289,0.14054488925145844,0.21515848433269794,0.6916232570932309
1134,37.799622,0.10422088868135398,0.21400633212337827,0.6986884146242933
1135,37.832955,0.09793460144971262,0.20380110351182343,0.696204067558089
1136,37.866288,0.1028262739601804,0.20838872455390578,0.6966033381903397
1137,37.899620999999996,0.09957007595140668,0.18444196141350744,0.7133195527734163
1138,37.932953999999995,0.09891960139210153,0.16557604354236893,0.6920078354575855
1139,37.966287,0.10485353352549584,0.17102699189928075,0.7074111993602381
1140,37.99962,0.09856108253394066,0.17903813563835538,0.718084916307338
1141,38.032953,0.10128735214855522,0.1636107681568063,0.7275744585097975
1142,38.066286,0.10210518611909448,0.1609877883004845,0.7341597428234468
1143,38.099619,0.10208239418898152,0.17449306610252474,0.7537718214976522
1144,38.132951999999996,0.10731915688135293,0.15476549995989192,0.7663449616827542
1145,38.166284999999995,0.1377237726230194,0.18275808443421548,0.7875285693770698
1146,38.199618,0.21036539809337715,0.15827308123127212,0.7985767072772213
1147,38.232951,0.2108258038474876,0.1724327928237666,0.8225832507011374
1148,38.266284,0.21466099572062117,0.17628975953533385,0.8393869584535306
1149,38.299617,0.19660781084743562,0.1903235728092522,0.8354256122589935
1150,38.33295,0.19198483964916369,0.18975427146190998,0.8482112066560141
1151,38.366282999999996,0.27330184151163023,0.17271070618337198,0.8819428891869722
1152,38.399615999999995,0.221887165977116,0.22226164226632017,0.8681422641544742
1153,38.432949,0.21575575592890878,0.22372463467047443,0.8892357710587493
1154,38.466282,0.1698910793508156,0.23325411731277756,0.9083590166047973
1155,38.499615,0.13464180965496983,0.2296483085710827,0.8808450076140903
1156,38.532948,0.13193354085914488,0.20263439552557388,0.9267523243889606
1157,38.566281,0.14250178124243956,0.2007480084450234,0.9199315328767482
1158,38.599613999999995,0.15187719797568458,0.18110468537996793,0.928939779042433
1159,38.632947,0.13841633385291174,0.17542199008798431,0.9344394716596328
1160,38.66628,0.11648822849368262,0.21885594536909067,0.9378506398933892
1161,38.699613,0.11614020541660112,0.201788242054241,0.9375278133274875
1162,38.732946,0.11300989119580307,0.1919973889054056,0.9245001136637159
1163,38.766279,0.11393159989366503,0.19830778407726973,0.9331374307797877
1164,38.799611999999996,0.11842507472110492,0.22448101660399786,0.9565450832839743
1165,38.832944999999995,0.12391268473514438,0.22936863246596667,0.945670210665413
1166,38.866278,0.11631257279681295,0.20460976244186435,0.9591190712359523
1167,38.899611,0.12692478314995437,0.20253287884275956,0.9664975653667366
1168,38.932944,0.15792645619035414,0.21408791037123354,0.9691427958398474
1169,38.966277,0.18447004679487433,0.24369369353572745,0.9665130608127459
1170,38.99961,0.1871915229440092,0.2503691182842909,0.9538999440922525
1171,39.032942999999996,0.1464153483463161,0.24308640658699798,0.9522124376639228
1172,39.066275999999995,0.1667855082420424,0.2373774224084973,0.9546490014205271
1173,39.099609,0.12486815039204467,0.2453940299371497,0.968158573604137
1174,39.132942,0.11335146138915822,0.2593501439886249,0.927243156653458
1175,39.166275,0.11006393822116699,0.2873199085213007,0.9601058593679369
1176,39.199608,0.11211620262923196,0.3095949580245752,0.9661232268687172
1177,39.232941,0.11492273331083877,0.30456536350349883,0.9707152662576831
1178,39.266273999999996,0.10760234091906895,0.27587886324113686,0.9458389655099151
1179,39.299606999999995,0.11566645205211502,0.2882645902064807,0.9446441782156213
1180,39.33294,0.2163305418124644,0.28203898772462194,0.951736163914695
1181,39.366273,0.2658083745023833,0.24333526079224416,0.9414928318196977
1182,39.399606,0.22984178958021212,0.24960438569804602,0.9104293332242378
1183,39.432939,0.15799418460055684,0.2301117748786577,0.8740119202096589
1184,39.466272,0.11397024330106845,0.20545806664511673,0.8329345172661452
1185,39.499604999999995,0.11688100534936936,0.22008738506225856,0.8058771944299956
1186,39.532938,0.1141953291634801,0.20028411961931716,0.7644615122770492
1187,39.566271,0.1097567071259451,0.19956531978050002,0.7461233952308802
1188,39.599604,0.11114597987986048,0.22653577810822947,0.7380350576528973
1189,39.632937,0.11174044470633433,0.22612769627439827,0.7380601835166561
1190,39.66627,0.11118726777434074,0.217795578202382,0.7277995024165689
1191,39.699602999999996,0.11030103470115273,0.20509754507198122,0.7302020157844114
1192,39.732935999999995,0.10909832313041186,0.20110433797113159,0.7445848640387105
1193,39.766269,0.1154801775893945,0.227474005266209,0.7337592098177834
1194,39.799602,0.1138586115706362,0.22684879901621027,0.7225590289290694
1195,39.832935,0.11426121283940281,0.2014860611720306,0.6898949803396323
1196,39.866268,0.11462416790574256,0.21532180918951985,0.6992847981475109
1197,39.899601,0.11089193000087152,0.20518697298060412,0.6826087818477574
1198,39.932933999999996,0.10898533888796934,0.2273101298032163,0.6984135953954997
1199,39.966266999999995,0.11815402562341212,0.2120302935234404,0.6939739759684013
1200,39.9996,0.1132966124464677,0.21318513398932096,0.7085179370415191
1201,40.032933,0.10910923777377655,0.21757781080232777,0.7149084321036644
1202,40.066266,0.1050609318818245,0.21502666021134065,0.7201303664979831
1203,40.099599,0.10527285982992748,0.21040971719226154,0.7307361853080747
1204,40.132932,0.10386572023154984,0.12312233751429885,0.723431522285855
1205,40.166264999999996,0.10158212402351086,0.10196106697807897,0.7160870336907572
1206,40.199597999999995,0.0952366788625277,0.1016031169834147,0.6959793682292789
1207,40.232931,0.08547628686106887,0.11873182048014361,0.6908106841261334
1208,40.266264,0.08989378749695552,0.12319141784971098,0.6956176666178251
1209,40.299597,0.1361154407676028,0.1750561070035316,0.725054416280313
1210,40.33293,0.14268754175390116,0.21721173143498054,0.7209041712519203
1211,40.366263,0.1422053842991577,0.2376873519612846,0.7454529540336903
1212,40.399595999999995,0.14509139519587907,0.25801944439896507,0.7527788723214462
1213,40.432929,0.16322716752722347,0.27547877173779567,0.7524682047875335
1214,40.466262,0.16778521326385365,0.2786153547322241,0.7744436577508035
1215,40.499595,0.17107219293209347,0.28894137341895126,0.7957502132525037
1216,40.532928,0.17444640909493567,0.29203517519155897,0.7946006806594859
1217,40.566261,0.1751648788015552,0.2969326199360224,0.8061032023067597
1218,40.599593999999996,0.18113448605335167,0.30477674349960526,0.8129569748245489
1219,40.632926999999995,0.18117041337914794,0.3036327578528337,0.8164943897716741
1220,40.66626,0.18509314385338607,0.2952235855007022,0.818980104197002
1221,40.699593,0.1856014823506312,0.30157980758757763,0.8194459749760511
1222,40.732926,0.19479235410942464,0.30545788679914504,0.8221994818581888
1223,40.766259,0.19892257322448098,0.29970206062604066,0.8295070823437017
1224,40.799592,0.22005479619165244,0.30744066998386843,0.8394472290390296
1225,40.832924999999996,0.24210221501616105,0.3064225533419481,0.848566709102926
1226,40.866257999999995,0.24594484790127702,0.28401113855196275,0.8506556864649173
1227,40.899591,0.24291643539010033,0.28965240078081433,0.8557412640010261
1228,40.932924,0.22886314449627942,0.2854336637381756,0.8492853108628782
1229,40.966257,0.17762797698295305,0.2843742338076119,0.8057958880156405
1230,40.99959,0.1328768540893657,0.27010807164963313,0.7852522812869153
1231,41.032923,0.11295033227301084,0.25631948168244817,0.7690500255377777
1232,41.066255999999996,0.09105482889193231,0.24512897233467368,0.7813942700027389
1233,41.099588999999995,0.089536629609701,0.23921973231286173,0.7756434886140796
1234,41.132922,0.10023640667716636,0.2397427570147779,0.7636426288648847
1235,41.166255,0.1222130880173137,0.2354454763612183,0.7548059822419924
1236,41.199588,0.14798192574189545,0.2387298116020733,0.7734654065414559
1237,41.232921,0.15191826304293657,0.24139921468891387,0.7759576247667853
1238,41.266253999999996,0.15717534828544105,0.24433123102595883,0.778943228868879
1239,41.299586999999995,0.16018519868008158,0.2317980390182187,0.7797167329932793
1240,41.33292,0.15279997287410496,0.23439887803649573,0.7745083150583107
1241,41.366253,0.1529432740448046,0.2345558307875747,0.7799625593742454
1242,41.399586,0.14810381236288594,0.2397651266102619,0.7658510680755111
1243,41.432919,0.14679202705625824,0.24837916324891507,0.7634795763211523
1244,41.466252,0.12464415233208967,0.23981898590148318,0.7432234017729841
1245,41.499584999999996,0.12099597255120681,0.2396879598502531,0.7277527990787254
1246,41.532917999999995,0.11769809863250201,0.23362853381723453,0.7273156809821377
1247,41.566251,0.13148297627864183,0.2329207353828016,0.7082795728397855
1248,41.599584,0.10426718151830716,0.2358970904679391,0.7066499159623995
1249,41.632917,0.08649369015344564,0.23236490076435912,0.7037184827436367
1250,41.66625,0.07864926632461083,0.2343972904805936,0.6996773946088244
1251,41.699583,0.07488008969123841,0.24927515146057,0.6982718532911076
1252,41.732915999999996,0.07465842417416883,0.24529142784439012,0.6908986590755649
1253,41.766248999999995,0.07422038468739663,0.24771328836734102,0.6929762656318518
1254,41.799582,0.08675580083354194,0.2322123564633286,0.7021202557007833
1255,41.832915,0.10829421432270875,0.24728853521108346,0.7084711298927281
1256,41.866248,0.1277956787868638,0.24616123262935483,0.7092264106624115
1257,41.899581,0.12354501713098569,0.23895485935447544,0.7090445630758514
1258,41.932914,0.11424588128702542,0.24146672518502865,0.705058933268755
1259,41.966246999999996,0.11193156383696413,0.25552430000848775,0.6988141632050678
1260,41.999579999999995,0.07973742530557437,0.25723140263488753,0.6890072182572841
1261,42.032913,0.07516166468885398,0.2586318622650187,0.6767773092501937
1262,42.066246,0.08381195294791663,0.24901525150713694,0.6475360332251008
1263,42.099579,0.07742575844698783,0.2654562465086625,0.6164217721695936
1264,42.132912,0.08107814816950017,0.2715784527908548,0.5939741647133852
1265,42.166244999999996,0.07628766260370952,0.2726644536213669,0.577562824254578
1266,42.199577999999995,0.07913091642518467,0.27501492511613274,0.5710543104712795
1267,42.232910999999994,0.08277521273724911,0.2868492073903332,0.5711895811353658
1268,42.266244,0.11031700826361174,0.28457369080896633,0.5639396108601071
1269,42.299577,0.07676115722714233,0.28004805726392634,0.5739484095124564
1270,42.33291,0.07774712950703944,0.2847040982950214,0.5800051137996484
1271,42.366243,0.07413652995298194,0.2906317553670973,0.5977018087630419
1272,42.399575999999996,0.06981234997082993,0.2869884129419348,0.617526619706835
1273,42.432908999999995,0.06988889153684082,0.2813556480959196,0.618776209323732
1274,42.466242,0.07296286461980353,0.2787498037971375,0.6201121752951079
1275,42.499575,0.07247745719163881,0.27581499727403636,0.6380826386708925
1276,42.532908,0.07320472482626958,0.2719321778334053,0.6333375895708259
1277,42.566241,0.07349277084979057,0.27087616083770316,0.6400550950036488
1278,42.599574,0.07089822060510553,0.2665203424192468,0.6533659419153397
1279,42.632906999999996,0.07040684872606733,0.26733096789286576,0.6657027847553085
1280,42.666239999999995,0.07085175019946867,0.2734789506298436,0.6758041756256454
1281,42.699573,0.06963668368897732,0.27401982137418,0.6864842146838275
1282,42.732906,0.06733771298003861,0.2649885118967633,0.6781275873814284
1283,42.766239,0.06953058239258698,0.2604130782663919,0.6861461836990264
1284,42.799572,0.06715248365480675,0.25630179543764414,0.6915977504595295
1285,42.832905,0.0688239000070261,0.2629966218110251,0.6854292288312038
1286,42.866237999999996,0.06929926740533432,0.24637537401773274,0.7003181806091728
1287,42.899570999999995,0.07128387133567032,0.24724358716077183,0.7074011558281833
1288,42.932904,0.07129339887144247,0.24375110383445892,0.7057340954495118
1289,42.966237,0.06989039619485526,0.23836267828418836,0.7074522655478105
1290,42.99957,0.06871116429555744,0.24767196322388627,0.7047413232390582
1291,43.032903,0.06651368700894096,0.24007206816573767,0.7105193702459766
1292,43.066235999999996,0.06617401005614423,0.23881155347224617,0.712650625551984
1293,43.099568999999995,0.06727725479699256,0.23890477252328302,0.7107794336940327
1294,43.132901999999994,0.06828636120523644,0.24316028553221447,0.7121784180565531
1295,43.166235,0.0699278515804846,0.24365115415597682,0.7141752817683106
1296,43.199568,0.06966710226613335,0.24521525749675505,0.7133296935307304
1297,43.232901,0.06906923040912777,0.24198665996374596,0.7151910759205569
1298,43.266234,0.06746348514340156,0.24163193248600784,0.7131305781721858
1299,43.299566999999996,0.06774033236215021,0.25216174707197514,0.7157473366212318
1300,43.332899999999995,0.06709014363189034,0.25157503687627825,0.7026487973754513
1301,43.366233,0.0683385340692074,0.2457020903063471,0.6992010267522243
1302,43.399566,0.06785034180996888,0.24604389648612193,0.7074400939019143
1303,43.432899,0.06809590663594942,0.24434567523316864,0.7063944684971147
1304,43.466232,0.06816088994801822,0.2507669605557432,0.7150343790225752
1305,43.499565,0.06784014398590735,0.24980796352772597,0.7115352683457086
1306,43.532897999999996,0.06757677524854933,0.2525044986957622,0.7156145847179312
1307,43.566230999999995,0.0680766666348371,0.24715892190833266,0.721821794462205
1308,43.599564,0.07033760461337737,0.25612903590853386,0.7156556480933592
1309,43.632897,0.10902163604156602,0.24930521869170708,0.7021498579703271
1310,43.66623,0.11225121193237904,0.26616900313289715,0.7040265546395036
1311,43.699563,0.11433187233239313,0.2612446628627769,0.7023129915280549
1312,43.732896,0.12187983984453601,0.26145252459788415,0.7067021824443434
1313,43.766228999999996,0.1155405204155651,0.26432027431313676,0.70735180030397
1314,43.799561999999995,0.12249043695720524,0.2707772759424585,0.7053678325478305
1315,43.832895,0.12176198518597064,0.2616196033367768,0.712406617193623
1316,43.866228,0.12564483084102193,0.2701959219300244,0.7072784289695772
1317,43.899561,0.1298728470646024,0.26687008083157854,0.7159957427889638
1318,43.932894,0.1371973267695752,0.26802907406448084,0.7135289603748142
1319,43.966226999999996,0.13720580717706293,0.270188444072031,0.7159193844966867
1320,43.999559999999995,0.12753591638261336,0.265919012281072,0.7183543005861011
1321,44.032892999999994,0.1290172474276803,0.26696587849569736,0.7217217768506181
1322,44.066226,0.13049065793772888,0.26187829417595054,0.7305478285265062
1323,44.099559,0.13959542196793734,0.26360699824253164,0.7392325444585536
1324,44.132892,0.13947526694439819,0.2413832580702304,0.7439625494144237
1325,44.166225,0.14024493937075236,0.15419313624048303,0.7375208128313935
1326,44.199557999999996,0.1393697423292118,0.09013605695966395,0.7359416115027212
1327,44.232890999999995,0.14622789899510366,0.11273303541989778,0.7689467878402065
1328,44.266224,0.15526202513784895,0.12951500528913096,0.7518027746962636
1329,44.299557,0.16624469721669724,0.13307550201740312,0.7511352916113261
1330,44.33289,0.16694610980776006,0.15419472030391512,0.7575950471372012
1331,44.366223,0.17040021374927705,0.1929510521808717,0.7704229979490603
1332,44.399556,0.17032619237103244,0.20588477751140188,0.7883342677582493
1333,44.432888999999996,0.15582156119941074,0.20026476984164354,0.7644418258372638
1334,44.466221999999995,0.15790632541082078,0.18723975252181518,0.7785604940694179
1335,44.499555,0.1683886918805089,0.15370977418736143,0.79412993818707
1336,44.532888,0.15988124579641197,0.14884579947423437,0.8018378565264183
1337,44.566221,0.15754023534115608,0.14963143127334136,0.7975617569401149
1338,44.599554,0.12208770613559407,0.15221524050706825,0.833714753350536
1339,44.632887,0.1679798283413519,0.13923822497471708,0.8293217418781947
1340,44.666219999999996,0.13586795658200324,0.13888586191506236,0.8239875067253228
1341,44.699552999999995,0.09855880459186339,0.14134822980485356,0.8288209282974469
1342,44.732886,0.09918519017826209,0.11940788587574593,0.8194330840209991
1343,44.766219,0.09815462080769197,0.1258610566014038,0.8325265690347556
1344,44.799552,0.09932794018199048,0.1348095746714107,0.8190805368896551
1345,44.832885,0.09914249350169124,0.12600218402926402,0.8140579281794499
1346,44.866217999999996,0.09691538561462236,0.1336368324472591,0.8187968252807696
1347,44.899550999999995,0.09944952880679732,0.13368831786018467,0.7975016219906497
1348,44.932883999999994,0.09910355167592656,0.1222538619252892,0.7821386992793573
1349,44.966217,0.09678985109119567,0.13239530915428777,0.7986619241168108
1350,44.99955,0.10093864739837197,0.13158887624978546,0.8043557060575731
1351,45.032883,0.09698635474333192,0.12168147626282166,0.7987743200999299
1352,45.066216,0.09662718120404228,0.1334031785234673,0.791701532516818
1353,45.099548999999996,0.09894939174249355,0.14487133201045152,0.788641372907668
1354,45.132881999999995,0.09837620660679135,0.1484274113099429,0.7823199108933169
1355,45.166215,0.09984390828399724,0.14854466767421953,0.7828526491544874
1356,45.199548,0.10103546166425388,0.14282950449230844,0.7885207733850574
1357,45.232881,0.1014946647979693,0.142833242787559,0.788566427247808
1358,45.266214,0.10096450493445658,0.1448536524543358,0.7906357476643595
1359,45.299547,0.10807296491935833,0.14799349976166226,0.8017166109608959
1360,45.332879999999996,0.10716508372960266,0.14767618744875094,0.800496970589003
1361,45.366212999999995,0.12609410572615526,0.1408632871753988,0.8029856665590901
1362,45.399546,0.12441688781687778,0.13260329806871254,0.8275509692745713
1363,45.432879,0.12017228037039634,0.1763629848751822,0.7903809900531323
1364,45.466212,0.10272230214341938,0.208102361689523,0.7926718166317398
1365,45.499545,0.09856642827772512,0.22719613223943302,0.8022198781625982
1366,45.532878,0.09486276978153187,0.23431879992514748,0.7900508098826963
1367,45.566210999999996,0.09245607461048541,0.24845804249964648,0.7878128235075568
1368,45.599543999999995,0.09242738796619689,0.24368664505405935,0.7657077619512995
1369,45.632877,0.09092452163237624,0.23514658387826107,0.7581200481921457
1370,45.66621,0.0863783440548105,0.2366091384810368,0.7487600762661476
1371,45.699543,0.08527294054774513,0.2272780795582121,0.7491543248306666
1372,45.732876,0.08995347221103449,0.23659180092438753,0.7604093316171311
1373,45.766208999999996,0.08945572206098232,0.23658969587065443,0.7641888325138657
1374,45.799541999999995,0.08693194313803086,0.22502943242076395,0.7604546672236733
1375,45.832874999999994,0.09041376627357815,0.2359843047773374,0.7676173960913227
1376,45.866208,0.0849989075143748,0.23783320264292346,0.7737639429896983
1377,45.899541,0.08346863933245345,0.2211838858793298,0.7684770637355646
1378,45.932874,0.08051383474375981,0.22957020528566863,0.7853522759570563
1379,45.966207,0.07895171558601818,0.2196920835559622,0.7785272475951991
1380,45.999539999999996,0.07650410960548852,0.2290592010480641,0.7739346000609817
1381,46.032872999999995,0.07726833491115928,0.2316697835418269,0.7849278449819775
1382,46.066206,0.07621955610309106,0.23247212055829292,0.7868464007604415
1383,46.099539,0.07624212072584963,0.22981351859877924,0.7829351701921128
1384,46.132872,0.0757546217719161,0.23137363188277746,0.7880559648726466
1385,46.166205,0.07711917544019758,0.2332457812540158,0.7881562711780482
1386,46.199538,0.07543372095733836,0.2278858672500407,0.7888452265837912
1387,46.232870999999996,0.07661117851348377,0.2328198950880191,0.7934270282220175
1388,46.266203999999995,0.07694978573438954,0.22802229280404498,0.7896253366074014
1389,46.299537,0.07495054488537052,0.22214061356665177,0.7949443137097564
1390,46.33287,0.07668984291946371,0.23391881240365023,0.7982826148748859
1391,46.366203,0.07668284452342755,0.24268017658350421,0.8017158753314811
1392,46.399536,0.07703880402363039,0.24256642315965202,0.8069940459789413
1393,46.432869,0.07667170926347779,0.24068559814053708,0.8165274867698419
1394,46.466201999999996,0.0767348034107641,0.238907094131575,0.8247487543212356
1395,46.499534999999995,0.0820464802007185,0.24268082232044536,0.8305089018492561
1396,46.532868,0.1601506379857999,0.24324248746489374,0.8513307140217873
1397,46.566201,0.1897456630882138,0.2511262329520836,0.8504265380013549
1398,46.599534,0.19129443323615614,0.24013885449949746,0.8428229464556972
1399,46.632867,0.1961881491299658,0.25113594396160954,0.8403651479996496
1400,46.666199999999996,0.18965966228802084,0.2344455957580866,0.8474631470425299
1401,46.699532999999995,0.192673978832561,0.22902949384078788,0.8470289130611289
1402,46.732865999999994,0.18254862496992774,0.237638617217047,0.8466352812782332
1403,46.766199,0.16906163802186056,0.23804915511699687,0.8446682078783699
1404,46.799532,0.1669327227099397,0.23638192342130032,0.8348902026543025
1405,46.832865,0.1565269224096186,0.23657742905475682,0.8344618429833335
1406,46.866198,0.15368099661923074,0.23783191304764323,0.8256428041971142
1407,46.899530999999996,0.1473630232978418,0.2296955519570287,0.8193224280563909
1408,46.932863999999995,0.14082893626052864,0.22745141694274587,0.8174883213017706
1409,46.966197,0.13397355493332397,0.21462655914520895,0.8118977156720147
1410,46.99953,0.12437293010883174,0.21836784485446076,0.8166255839864341
1411,47.032863,0.09910639117585154,0.22425663258964618,0.8071757121933482
1412,47.066196,0.07921001303348967,0.22951238825280193,0.7995226130751341
1413,47.099529,0.08020469225502254,0.2281278545105427,0.7909310223964843
1414,47.132861999999996,0.07781365885734036,0.22436338197883843,0.779546505390933
1415,47.166194999999995,0.08055936040105838,0.2186153751962257,0.777820361691566
1416,47.199528,0.0831582874571661,0.2295557463949544,0.7724693157025097
1417,47.232861,0.08355848217729128,0.21995743708308996,0.7718196566089637
1418,47.266194,0.07941068348053018,0.21552790395575977,0.777460376388628
1419,47.299527,0.07791266207040345,0.2111134078406986,0.7772490935481603
1420,47.33286,0.07896128294685559,0.20815750276141792,0.7801851740642509
1421,47.366192999999996,0.0775663018458406,0.21050255145513555,0.7765472230927839
1422,47.399525999999994,0.07407821074642051,0.20612273629399197,0.7878674997766055
1423,47.432859,0.07510222518994691,0.20672433381967192,0.8069275220077191
1424,47.466192,0.07515159130047583,0.22625861610169468,0.8152692869327622
1425,47.499525,0.2024721327028106,0.21936696039848222,0.8579711003747064
1426,47.532858,0.23657810835616455,0.22078874563851184,0.8628580249500185
1427,47.566190999999996,0.24745550562922788,0.2210859328569802,0.8741387752633636
1428,47.599523999999995,0.23954102656623633,0.21917495875152576,0.8935540165649901
1429,47.632856999999994,0.24405184802475033,0.22569866136914415,0.8861656296563524
1430,47.66619,0.20805575259198178,0.227685362895855,0.8588171651472121
1431,47.699523,0.15524826022464258,0.21695834145451037,0.8395130734388241
1432,47.732856,0.13004921989006799,0.21346619799132177,0.819494143922374
1433,47.766189,0.08764370599260377,0.20549448964397352,0.8028590678934917
1434,47.799521999999996,0.07688837335558342,0.20238850594695573,0.796875279467048
1435,47.832854999999995,0.07366803232160701,0.19548822336873928,0.7834573878812874
1436,47.866188,0.08556821918474623,0.1912035947092181,0.7803661636581253
1437,47.899521,0.09494541257535478,0.18267775372470574,0.7719965597036808
1438,47.932854,0.13840121994108573,0.19289812255937644,0.7885112532139629
1439,47.966187,0.13848983249850452,0.19812220291546223,0.7760132747802733
1440,47.99952,0.12748400120112194,0.20266363793169836,0.7641156853699355
1441,48.032852999999996,0.12433163140425985,0.20802727387745357,0.7407832840991351
1442,48.066185999999995,0.10203202545403121,0.21279648803285334,0.7341944766372637
1443,48.099519,0.09969196467213011,0.21677929721326675,0.7334785105148244
1444,48.132852,0.09147535372082463,0.21909300907788165,0.7297256578340917
1445,48.166185,0.07403332892696776,0.2186958329067643,0.7216002254081432
1446,48.199518,0.07476218277934966,0.2161009510156127,0.7127744086381832
1447,48.232851,0.07340288296328044,0.21778974045398242,0.7148582490707336
1448,48.266183999999996,0.07123641239751911,0.21140601456078636,0.7224729121899047
1449,48.299516999999994,0.06954989511915284,0.2231227756555888,0.7090162671950759
1450,48.33285,0.0676901656052491,0.22021112352437988,0.701590269435121
1451,48.366183,0.06778047471490606,0.22460469190486604,0.7122809516304388
1452,48.399516,0.07026013505473289,0.23143898812378194,0.7192222846201725
1453,48.432849,0.09477672876374355,0.2227005182912412,0.7214774159811101
1454,48.466181999999996,0.07675795834551118,0.23403521902902957,0.7287107076703316
1455,48.499514999999995,0.07915906269460811,0.23160498163085771,0.7363981477928391
1456,48.532847999999994,0.06481113312495436,0.2243040138674342,0.7316769103096282
1457,48.566181,0.0650857795927843,0.2224802598725037,0.744696936358399
1458,48.599514,0.06480694973299464,0.21124847951162182,0.7349425773751109
1459,48.632847,0.06131801678360132,0.22080523772561128,0.7469719052231031
1460,48.66618,0.06070648236534644,0.2088760167846513,0.7487610795242857
1461,48.699512999999996,0.06051146651204103,0.2157945727026682,0.7546408864337621
1462,48.732845999999995,0.06272725190438536,0.20746522627941918,0.764354561154685
1463,48.766179,0.06141394904034853,0.20786190618739261,0.7567290013593114
1464,48.799512,0.06073109139962741,0.2112017773705403,0.7608933778664527
1465,48.832845,0.060505830486582736,0.1946775241513605,0.7640019741738923
1466,48.866178,0.060424399593471755,0.20632300018259428,0.7541777501707718
1467,48.899511,0.062416769271073314,0.20244100679525345,0.7641590381960726
1468,48.932843999999996,0.062076975317377256,0.2084271589905204,0.7407640902775939
1469,48.966176999999995,0.06404241072059548,0.20032547504596904,0.7488576611300746
1470,48.99951,0.0643603024733567,0.20196580247868182,0.7431370600215396
1471,49.032843,0.06578548460399611,0.20368285697657276,0.7390074395350672
1472,49.066176,0.06528849147162678,0.20312972743554153,0.7425999649191514
1473,49.099509,0.06662363659882846,0.1900662451198312,0.7488921811721359
1474,49.132842,0.06704118288511869,0.19341648284325336,0.7385289007351766
1475,49.166174999999996,0.06701941793625366,0.18977962920336702,0.7527227728833449
1476,49.199507999999994,0.0671241049368133,0.19501606008922598,0.748395133022187
1477,49.232841,0.06880342313248776,0.19682541435518586,0.748361013823986
1478,49.266174,0.0666530410842436,0.1966892468538841,0.7513912277915086
1479,49.299507,0.06749059222386625,0.1934384161901403,0.7486239231515016
1480,49.33284,0.06640882045052689,0.1838589412658178,0.7476379670264702
1481,49.366172999999996,0.0669244412321716,0.19161550104865682,0.7434667217563428
1482,49.399505999999995,0.06513912544472146,0.1884935875238692,0.7443953728835768
1483,49.432838999999994,0.0681608905274246,0.18605816553413412,0.7421232190559416
1484,49.466172,0.06575781885148861,0.18762546834535693,0.7493851646606466
1485,49.499505,0.06721955106463692,0.18525084004937276,0.7407165023830536
1486,49.532838,0.0672407515656165,0.18892819582345477,0.7382972604252355
1487,49.566171,0.06620236368147579,0.1829922307898804,0.741559310341233
1488,49.599503999999996,0.06585470471891715,0.18371582343269965,0.7361672574563713
1489,49.632836999999995,0.06691492347576691,0.18564968023737322,0.7277161180854209
1490,49.666169999999994,0.06800721079052675,0.18009723930822424,0.7350933317703106
1491,49.699503,0.06627100539377552,0.17638785211207145,0.7395343466042749
1492,49.732836,0.06740709874000471,0.17608736789156848,0.7412562795434757
1493,49.766169,0.06627441429888734,0.1760077157195641,0.742654030267407
1494,49.799502,0.11786887482308768,0.17553077685873636,0.7296279105507241
1495,49.832834999999996,0.14397140182764134,0.16881453985003264,0.7447482016674924
1496,49.866167999999995,0.1487974254709075,0.17799951529159366,0.7416630904653942
1497,49.899501,0.1589156525707951,0.1775084105754115,0.7450695655155987
1498,49.932834,0.15683965347623777,0.16706814291587269,0.7409890023708091
1499,49.966167,0.16140012705657508,0.18246988254768481,0.7585191240662426
1500,49.9995,0.1676565977336956,0.17923523029624033,0.7570811693681656
1501,50.032833,0.17612088892188157,0.17277867853682644,0.7583330258091016
1502,50.066165999999996,0.19655354642233977,0.17535247941811555,0.773782665336142
1503,50.099498999999994,0.2259856241860748,0.17033758818918987,0.7800474885802241
1504,50.132832,0.25748699827596117,0.18553157659053598,0.7891723829133421
1505,50.166165,0.2916845840080596,0.17320433409141398,0.8068692370141574
1506,50.199498,0.31732408512520155,0.18840451970391434,0.8153050478583256
1507,50.232831,0.31925024924206963,0.1748659326462232,0.8240631417933714
1508,50.266163999999996,0.3644104116178225,0.17532084852773092,0.8341406161516464
1509,50.299496999999995,0.36897272265736614,0.16852310919193209,0.8304354500293896
1510,50.332829999999994,0.3921208391634647,0.17538981368403053,0.8363620795481682
1511,50.366163,0.40976195911069985,0.17788126568248067,0.8497894445966875
1512,50.399496,0.399810799611658,0.17148628829886786,0.8540100313215464
1513,50.432829,0.4118286930185268,0.18086760145759176,0.8559176933123434
1514,50.466162,0.42387160117820494,0.1701270591058864,0.85370175118969
1515,50.499494999999996,0.41138380824369986,0.1791007233400754,0.8523060234933779
1516,50.532827999999995,0.38604158790395343,0.17860530882964865,0.8608400393104094
1517,50.566160999999994,0.387505811946404,0.16973221811244527,0.8551319897573392
1518,50.599494,0.39977697158559955,0.17991589487672333,0.8738591133607866
1519,50.632827,0.3765557617722925,0.17800220025573105,0.8734432379072796
1520,50.66616,0.3848504633764472,0.18214457667600842,0.8769857908687545
1521,50.699493,0.397834998740642,0.18443737684899497,0.8805173070766942
1522,50.732825999999996,0.39136373564065197,0.17441086826961352,0.8753996857362172
1523,50.766158999999995,0.3754487955694689,0.17629150078908062,0.8953499505671658
1524,50.799492,0.3854455881466561,0.16870613683838886,0.8925867539020154
1525,50.832825,0.3877732171087654,0.16691773373010266,0.8962405273305447
1526,50.866158,0.38556668899027063,0.17058761719790383,0.9038415882441063
1527,50.899491,0.3716035934065457,0.17063511150054222,0.9001793142035431
1528,50.932824,0.37804227198890783,0.16915633672999242,0.9111394675621832
1529,50.966156999999995,0.3635313618979638,0.17018675418618306,0.8981162473981146
1530,50.999489999999994,0.38245438324616826,0.16729220513495144,0.9200879017439136
1531,51.032823,0.41299253002798325,0.16370237118024267,0.9200623021933348
1532,51.066156,0.43664592759968845,0.15950394800576634,0.9346349426386136
1533,51.099489,0.4423947378360201,0.1594078769231359,0.9419626742231778
1534,51.132822,0.446385718692994,0.1819438195913693,0.9568815648659964
1535,51.166154999999996,0.4409021966040979,0.1699092242562888,0.9465954328604452
1536,51.199487999999995,0.4153337316352995,0.16506126830458662,0.96216263774163
1537,51.232820999999994,0.3947613629727121,0.1676043456148481,0.9560701647146073
1538,51.266154,0.4063878642054286,0.16964230866566843,0.9744306914937975
1539,51.299487,0.4114094305593449,0.16797526982087163,0.9690827627578648
1540,51.33282,0.4117803670502286,0.17849096360363137,0.9913816810342769
1541,51.366153,0.4501428813970459,0.17233612069084553,0.9912780443040743
1542,51.399485999999996,0.4708912069092243,0.1729208618023646,1.0059624057490808
1543,51.432818999999995,0.4951313254290966,0.1763078747019693,1.008598711314966
1544,51.466151999999994,0.4866987710886696,0.1741814670500682,1.0253879308014757
1545,51.499485,0.5043533230888944,0.17426637650447654,1.0303829528123818
1546,51.532818,0.5156120576798122,0.17564392659216405,1.0301246081209054
1547,51.566151,0.5370157630443404,0.17528507417002337,1.026301798818313
1548,51.599484,0.5397525199220078,0.16183681578518005,1.041646846145484
1549,51.632816999999996,0.5616140772770779,0.17577238969658832,1.0626839896204878
1550,51.666149999999995,0.5485387284547831,0.17275545682777024,1.0508132651772062
1551,51.699483,0.5637923272462356,0.16988101342207512,1.0446511853975382
1552,51.732816,0.5495726802399631,0.17493308807966357,1.0447707678562137
1553,51.766149,0.5442682185996599,0.17753616744424747,1.057213720038375
1554,51.799482,0.5535051770973577,0.1728095723255144,1.0694100328668605
1555,51.832815,0.5654891138156551,0.17605290535713813,1.0717688363856304
1556,51.866147999999995,0.5577861391349267,0.16481014736217708,1.0812114076632193
1557,51.899480999999994,0.5808853267253793,0.16914037954032057,1.0847522798640048
1558,51.932814,0.5986719034929208,0.17111874267225602,1.0875274980143406
1559,51.966147,0.6006110940636616,0.18072103189982008,1.094931760926364
1560,51.99948,0.59396842467245,0.17062846750402622,1.101652470575444
1561,52.032813,0.601003665079468,0.16154278034232666,1.0950944949257524
1562,52.066145999999996,0.5945364637876672,0.15797195643681378,1.0927355452948042
1563,52.099478999999995,0.5974908070521285,0.15795198220414441,1.093360967642349
1564,52.132811999999994,0.6028984390559728,0.15601888877276954,1.0958133719786876
1565,52.166145,0.6018587005747165,0.15827480315781234,1.0946222593481962
1566,52.199478,0.5869634680101768,0.15137225838878235,1.0824944294845704
1567,52.232811,0.586092887679512,0.15441709716132435,1.0801274132930896
1568,52.266144,0.5713068804769588,0.15620791483796675,1.0743160609956774
1569,52.299476999999996,0.5521394293578236,0.14883550315555355,1.0714497701463637
1570,52.332809999999995,0.551794536505339,0.15049996286549416,1.0632774762849158
1571,52.366142999999994,0.5335784561912078,0.1662725817203216,1.049792189483274
1572,52.399476,0.5088715508139343,0.15924481967923834,1.0469071564235826
1573,52.432809,0.4863899557808529,0.14048757066074694,1.029267139694178
1574,52.466142,0.4876700314459714,0.14863712071104573,1.0397512849037374
1575,52.499475,0.4792327911882913,0.14960218352008658,1.042441253642278
1576,52.532807999999996,0.484239149622573,0.1492361199637065,1.0388332215879188
1577,52.566140999999995,0.47746250657745287,0.1523081386318922,1.0376890646305914
1578,52.599474,0.46884913044084653,0.1481822802722613,1.0301360876242631
1579,52.632807,0.47959432618002373,0.16416336694451458,1.0266889497713225
1580,52.66614,0.47440106100085394,0.15957780423887646,1.0320219076676298
1581,52.699473,0.4589142976008342,0.16175128728776178,1.0203381402582246
1582,52.732806,0.4513103261743806,0.15812972390076313,1.0084734394578054
1583,52.766138999999995,0.4499286235214413,0.1468565770065248,1.0104432266266303
1584,52.799471999999994,0.4599149959245501,0.1574134985891983,1.015277162782867
1585,52.832805,0.4544767696311333,0.16047238520077572,1.0161492611155818
1586,52.866138,0.4441924020024775,0.1561497100368895,1.0157549516367077
1587,52.899471,0.4427930276384232,0.1566420921013741,1.0140714621200175
1588,52.932804,0.44742646710650635,0.1474766940934311,1.006455881518893
1589,52.966136999999996,0.4370861813564829,0.14743280722645732,1.0012070856108075
1590,52.999469999999995,0.434652332265722,0.15143197419429033,1.0080693055042913
1591,53.032802999999994,0.4428752631371222,0.15562057398952725,1.0110253708041699
1592,53.066136,0.44899818601491137,0.14952885956236828,1.0095934736921206
1593,53.099469,0.4484000929582753,0.14256960122563575,1.0057051122545968
1594,53.132802,0.43974105701436994,0.13985854761498234,1.008075224647085
1595,53.166135,0.4325516951722379,0.13869020972010945,1.002628219260477
1596,53.199467999999996,0.42245086442763047,0.14647578051381438,1.0014051625188605
1597,53.232800999999995,0.42393624905814664,0.14786928764482038,0.9983257594677342
1598,53.266133999999994,0.4250559015574839,0.15438023999010075,0.9837888587806732
1599,53.299467,0.41406088705537647,0.15736042275921996,0.9855637615988606
1600,53.3328,0.3904595996635225,0.1524596988711731,0.969521575122943
1601,53.366133,0.36350714807171236,0.15524611324274734,0.9610390870289682
1602,53.399466,0.33361138744725455,0.16235700302960607,0.9838871813415486
1603,53.432798999999996,0.32124333517929315,0.15357754080383612,0.9794774574689568
1604,53.466131999999995,0.30560788904591407,0.15043227347818777,0.9782172682360115
1605,53.499465,0.28087192812984857,0.16481865470426588,0.9670698209232167
1606,53.532798,0.29082666416158376,0.17273354868641244,0.9751493029915378
1607,53.566131,0.2924577626180501,0.1905571930118402,0.9800825916391492
1608,53.599464,0.30049472869984006,0.18128315066583056,0.9811770043372814
1609,53.632797,0.301171856744234,0.16486150898773688,0.9878237189348585
1610,53.666129999999995,0.2989288350603414,0.18188030421582219,0.9975997564210578
1611,53.699462999999994,0.29161424162266164,0.18317187392800066,0.9863403496314771
1612,53.732796,0.30069694176034983,0.1948843462534115,0.9844188959520721
1613,53.766129,0.2986308622609134,0.210548879176606,0.9863204872492082
1614,53.799462,0.3080394015963323,0.2077763260966311,0.9759009389546011
1615,53.832795,0.29886558256479767,0.20252916809982935,0.9588195751522168
1616,53.866127999999996,0.3001135293977605,0.19350365958960794,0.958602252073934
1617,53.899460999999995,0.29086295389181294,0.18702370331037466,0.9515460956149765
1618,53.932793999999994,0.3006305004812578,0.1892162237590604,0.9440539559701984
1619,53.966127,0.30018427236954953,0.17996187900646787,0.9353632777031983
1620,53.99946,0.2789913572340461,0.1923865125451415,0.8988586193442293
1621,54.032793,0.2936618797988658,0.1842901935812259,0.8841624257149243
1622,54.066126,0.2831149419585491,0.17262349612464856,0.884684801421145
1623,54.099458999999996,0.2974927523003225,0.1807203375243282,0.8516441309997581
1624,54.132791999999995,0.29454024022968445,0.19176960338588772,0.843329653954909
1625,54.166124999999994,0.2804421621442975,0.1701215244478947,0.8214873865360199
1626,54.199458,0.26978981593024876,0.1877673380763648,0.8308672998598874
1627,54.232791,0.26049180486452983,0.19160395372300676,0.8179937432170401
1628,54.266124,0.22888711355349345,0.17994433396542706,0.8156856275928391
1629,54.299457,0.23432711291882327,0.19084925227315122,0.7978028801135983
1630,54.332789999999996,0.21517724206407407,0.18429933421010145,0.7816181540360733
1631,54.366122999999995,0.19795396003972904,0.18124855683506852,0.7621159838145637
1632,54.399456,0.1700408683228455,0.1928640785554049,0.7407227154702218
1633,54.432789,0.1658346057579316,0.19090023056762312,0.7231163835288624
1634,54.466122,0.1520524598370449,0.1942025978736518,0.7047427889146095
1635,54.499455,0.1525400186149684,0.19304641687020951,0.6896963926320752
1636,54.532788,0.12781514454922113,0.19175837188400946,0.6963361680210794
1637,54.566120999999995,0.12170868266266417,0.1804129520380805,0.6955918314689837
1638,54.599453999999994,0.11726286759613429,0.20626471337208924,0.6898334166367759
1639,54.632787,0.11291596890544893,0.2054660332350195,0.6859402768615628
1640,54.66612,0.08445089810240777,0.21667463092854622,0.6698059142136537
1641,54.699453,0.056138930387740586,0.22731085301143822,0.6897542176260429
1642,54.732786,0.06952068574285811,0.23668502937611646,0.7024838393367037
1643,54.766118999999996,0.0591132195931878,0.2470023539366995,0.7038696427378313
1644,54.799451999999995,0.05227254546175752,0.24538397081000815,0.6991343812324334
1645,54.832784999999994,0.05248952933671689,0.2471985170787061,0.6996379471510413
1646,54.866118,0.048458064958855955,0.2621921433865121,0.7067246901760459
1647,54.899451,0.04700852075911491,0.26596503015754047,0.713368868244859
1648,54.932784,0.047567238643675805,0.268020718528749,0.7255758242684026
1649,54.966117,0.04716010434900749,0.2538965291653909,0.7109772127832874
1650,54.999449999999996,0.04661923364688869,0.2571877395289194,0.7082599820323168
1651,55.032782999999995,0.046304993978917984,0.27720274430866354,0.7029429748154701
1652,55.066115999999994,0.04832348081701273,0.2686123788448984,0.7127270028145308
1653,55.099449,0.052933391554785,0.2549404003395198,0.7115770451278951
1654,55.132782,0.04762852920499377,0.2397412780634422,0.7429359217111148
1655,55.166115,0.042423058739478076,0.23645703261733145,0.7608363728568003
1656,55.199448,0.0415566470990946,0.23088436126953982,0.7721567527964692
1657,55.232780999999996,0.041705981127286997,0.25746539095079257,0.7577829971943653
1658,55.266113999999995,0.0400731668330919,0.28371991495136095,0.7599955257854879
1659,55.299447,0.039201604567959875,0.26850638963937723,0.7472166344131441
1660,55.33278,0.04029351702905656,0.2755466623284684,0.7451134743888287
1661,55.366113,0.039337304219204394,0.2785581075144422,0.7600491053258923
1662,55.399446,0.03420236911759538,0.27598395859964303,0.777867962680096
1663,55.432779,0.03733950879298298,0.2754375811903027,0.803872258496639
1664,55.466111999999995,0.04199858798504916,0.24955924021139309,0.8006631982517997
1665,55.499444999999994,0.039917348231332674,0.25183837451085633,0.8145868370484896
1666,55.532778,0.03633692236227164,0.26651726710388035,0.8116645049887339
1667,55.566111,0.03573825401985361,0.2553599363005359,0.8190214258706523
1668,55.599444,0.03483696428235693,0.2422016517619166,0.8015333879501
1669,55.632777,0.05084093815681913,0.23180643656453906,0.809340404739405
1670,55.666109999999996,0.05005578067652623,0.23763011248810778,0.8229611438711749
1671,55.699442999999995,0.061615261108174786,0.22215392899130226,0.814359669431711
1672,55.732775999999994,0.058589138848466255,0.21984721178019231,0.8166540695149791
1673,55.766109,0.05238754995807779,0.20053884785392057,0.8244167198416797
1674,55.799442,0.03509182251570746,0.23910090539892306,0.8109711666508774
1675,55.832775,0.035224942631429355,0.25223165535045766,0.8122480216252326
1676,55.866108,0.040669567766225524,0.2794168992987501,0.8154045709629418
1677,55.899440999999996,0.04301158997773774,0.2733623597630398,0.8229795363826171
1678,55.932773999999995,0.040204076733025826,0.26874034360750515,0.8379886408718936
1679,55.966106999999994,0.04416277713965202,0.2657254189332679,0.8365211133925066
1680,55.99944,0.04170685644500122,0.1483644521239063,0.8565547841582927
1681,56.032773,0.046032142847302705,0.09452939090240564,0.8280542568479143
1682,56.066106,0.04683677248406261,0.08264919075309232,0.826990424722015
1683,56.099439,0.048002030945285656,0.10817114775668377,0.8235068883245499
1684,56.132771999999996,0.05470737208732647,0.15336521232950112,0.8268214382155618
1685,56.166104999999995,0.09025133535771257,0.1820524197076187,0.8057853593026338
1686,56.199438,0.06255457701562041,0.19172234691591666,0.7984582048320271
1687,56.232771,0.06035668174066084,0.20228374579734087,0.8181157379308489
1688,56.266104,0.07476376322561795,0.2204833810077747,0.8087492589773042
1689,56.299437,0.05899011699831399,0.21935430808745413,0.8089274336069902
1690,56.33277,0.08941600293976776,0.1999912257543427,0.7962166612105017
1691,56.366102999999995,0.06080684360892231,0.2015878684227393,0.8012088151247836
1692,56.399435999999994,0.08398998047329984,0.19854748981248518,0.797169083814563
1693,56.432769,0.0720614063858986,0.19197140654387984,0.8108590256787209
1694,56.466102,0.06451054784460673,0.17524318746844925,0.8094160996707149
1695,56.499435,0.06668624545375888,0.14982067154141693,0.8025279570322577
1696,56.532768,0.06604826756820288,0.14572665649534666,0.8168423383998905
1697,56.566100999999996,0.06888657505057116,0.1653961239319353,0.8171900475410666
1698,56.599433999999995,0.06746154784034142,0.15613487571507295,0.8149211799213024
1699,56.632766999999994,0.06653034416444993,0.16245031232736595,0.8210809053067033
1700,56.6661,0.06907706346660338,0.16962164549640596,0.8195989237574682
1701,56.699433,0.06849604809332503,0.16081799534494362,0.8199917491126232
1702,56.732766,0.06787394841920392,0.16196334680158048,0.8199946863829759
1703,56.766099,0.06982359283877372,0.17912793429319954,0.8308500225963821
1704,56.799431999999996,0.0691419656001564,0.19639236219031397,0.845578864860058
1705,56.832764999999995,0.06882371245740672,0.21096029069280595,0.8572311715937799
1706,56.866097999999994,0.06775190470385467,0.20331090181367387,0.8499370518991969
1707,56.899431,0.07045537597384285,0.20773396309920583,0.836627868782383
1708,56.932764,0.06917846285967885,0.20661733280491462,0.8331736703089627
1709,56.966097,0.07352587555331536,0.21050719911747762,0.8376698793474647
1710,56.99943,0.07012833055332639,0.2046019291163041,0.8411184214327618
1711,57.032762999999996,0.06744674101009436,0.208469264551864,0.845373090749225
1712,57.066095999999995,0.07094531669310468,0.21588137303740879,0.8520867134184298
1713,57.09942899999999,0.0721165111071817,0.2010468589097535,0.8522592071881864
1714,57.132762,0.0699010627846489,0.1900915366366444,0.8428092378176166
1715,57.166095,0.06768988391588862,0.16574111292167237,0.833275685084838
1716,57.199428,0.07016226597248149,0.16987670243448882,0.8123264226005247
1717,57.232760999999996,0.07005857655617427,0.177463041004862,0.8150843216031542
1718,57.266093999999995,0.07265276623024451,0.18271926136682148,0.8194547473673541
1719,57.299426999999994,0.07378038680326522,0.1864015233102983,0.830077998247508
1720,57.33276,0.07521127754336411,0.17722607110323785,0.8285280132075625
1721,57.366093,0.0774979565076723,0.1815473550554883,0.8398109768515915
1722,57.399426,0.07697316558174264,0.17768204045352318,0.8417767276806204
1723,57.432759,0.0727440186785974,0.18659334164738345,0.8357587347041113
1724,57.466091999999996,0.1169703857779241,0.17476599899306067,0.8480681612764545
1725,57.499424999999995,0.16388077847724944,0.19530242644787843,0.8526412305014122
1726,57.532757999999994,0.17000248978956778,0.1856290264685775,0.8459096800207758
1727,57.566091,0.14907308412737638,0.1731393540041942,0.8249869075455717
1728,57.599424,0.1305370392939611,0.1681460369430801,0.8156125451127877
1729,57.632757,0.1129761875237626,0.1756343175495375,0.8113807583017875
1730,57.66609,0.09622895322488248,0.17184584096006666,0.8112728467225799
1731,57.699422999999996,0.08213147670386346,0.18608186822747858,0.8039178067695361
1732,57.732755999999995,0.07875867957184134,0.18959053943731158,0.7970242284303924
1733,57.766088999999994,0.08208187429677495,0.19705070273452296,0.8077535529193777
1734,57.799422,0.07789108864296153,0.20416634172733447,0.7907562378849975
1735,57.832755,0.07499093641694309,0.21846626319864318,0.7918175626876836
1736,57.866088,0.07042313842897459,0.22177347351026402,0.7905101342081859
1737,57.899421,0.067928891096606,0.23785817184510566,0.7904549126376599
1738,57.932753999999996,0.06973929036561538,0.24884477568195212,0.8006341010765341
1739,57.966086999999995,0.06562636232985189,0.2608354110844526,0.7949704755314656
1740,57.99941999999999,0.06407530312480372,0.25710090151039355,0.8085713062932378
1741,58.032753,0.05915027414015304,0.2738264980239057,0.7964674397896936
1742,58.066086,0.06064646454643738,0.2649053853513729,0.8095251999383932
1743,58.099419,0.06031110957410739,0.2563613752049313,0.8087046398902071
1744,58.132751999999996,0.060151309980945346,0.25562677142913787,0.8028907529319802
1745,58.166084999999995,0.05735867822045785,0.2593446917495491,0.7897973004762893
1746,58.199417999999994,0.05610832363965999,0.27905380316208744,0.7941753395277582
1747,58.232751,0.05361976671592204,0.2823084063027824,0.791398210072872
1748,58.266084,0.052913308869493005,0.2820349600242029,0.7834446205778453
1749,58.299417,0.05531864477666897,0.27397739130832616,0.7905565624540635
1750,58.33275,0.05800911689243489,0.2428379726443905,0.7958676632898656
1751,58.366082999999996,0.060423754988748225,0.23811973144777104,0.7930052249598535
1752,58.399415999999995,0.061504851991009184,0.24644857985728447,0.7876796270998925
1753,58.432748999999994,0.06523187291347263,0.2524434209282096,0.7826292719681984
1754,58.466082,0.06733112550251018,0.25338058433603616,0.7764341504108668
1755,58.499415,0.06709732206020427,0.24712956242666456,0.7703506171986416
1756,58.532748,0.07025957669631187,0.2393833703449958,0.7567261151361209
1757,58.566081,0.07075627228686941,0.23258605522218445,0.7648927747254719
1758,58.599413999999996,0.07041414320232256,0.23782527581590127,0.754960080766154
1759,58.632746999999995,0.07107603828308054,0.24343926415776468,0.7523862460956977
1760,58.666079999999994,0.06893497295552466,0.23864526070906394,0.7602027186542437
1761,58.699413,0.07037832308514758,0.23707715960202352,0.7520453947980621
1762,58.732746,0.07138131914025592,0.23732855112303552,0.7516228522246219
1763,58.766079,0.07177710488071826,0.23611415814238418,0.7540634380666098
1764,58.799412,0.07131293691244354,0.23641245200961208,0.7547534207244201
1765,58.832744999999996,0.07193258429054851,0.23400319197619462,0.7549053380003754
1766,58.866077999999995,0.07162660436623622,0.225109115136748,0.7628012243065972
1767,58.89941099999999,0.07443113752455142,0.2288515777011174,0.7644229834907689
1768,58.932744,0.07245297478900635,0.22886866139110096,0.769285853727014
1769,58.966077,0.07494636110997116,0.23311227537233215,0.7672876575661862
1770,58.99941,0.07457145534566603,0.2334957891187605,0.7607479362784758
1771,59.032742999999996,0.07350801981026475,0.23792045373632942,0.7612840778282794
1772,59.066075999999995,0.07486686038456443,0.24331326203629466,0.7672716096306393
1773,59.099408999999994,0.07542232000092008,0.22507583442082918,0.7665316553754944
1774,59.132742,0.07831677362046778,0.23445880506285538,0.7695499304551475
1775,59.166075,0.07753968300555772,0.23578314973134404,0.7635287806978875
1776,59.199408,0.07697986710256784,0.23582809761830495,0.7576512600585568
1777,59.232741,0.07703511857155715,0.23388639142045214,0.7639281945714971
1778,59.266073999999996,0.0760690593740876,0.2340781180835678,0.7568043498712624
1779,59.299406999999995,0.07797346915103395,0.2361459998611688,0.7654022641063566
1780,59.332739999999994,0.0766834950614695,0.22218921226046195,0.7630805175671018
1781,59.366073,0.07799961095952862,0.2281843908022177,0.7633419567733113
1782,59.399406,0.0772389906450374,0.23523893406119725,0.7564469252561844
1783,59.432739,0.08084724408577357,0.2292659948941295,0.7679398995778011
1784,59.466072,0.07843005320583711,0.220782595663685,0.7635873528223059
1785,59.499404999999996,0.07797319249479516,0.22751786731220844,0.7642024550890434
1786,59.532737999999995,0.07705939045533496,0.22433535724110595,0.7749364904575893
1787,59.566070999999994,0.07794006695096851,0.22936067826825546,0.7772446235146981
1788,59.599404,0.07518496117842781,0.23331034364273104,0.7793254013418197
1789,59.632737,0.07639018812454149,0.22459640304645276,0.7833317945729806
1790,59.66607,0.07544350565195515,0.2369206564265468,0.779036059247845
1791,59.699403,0.07532854381935693,0.2306961692799902,0.785537333768541
1792,59.732735999999996,0.07437434662970784,0.2309252213521953,0.7899209397019588
1793,59.766068999999995,0.07459595055719062,0.23616645263266045,0.786493193196145
1794,59.79940199999999,0.07437226443039766,0.2248868448768464,0.7931085091747547
1795,59.832735,0.07461852566510496,0.22494956811334182,0.796412607487691
1796,59.866068,0.0752005354463791,0.22874073322313943,0.78935126555519
1797,59.899401,0.0747711996701317,0.21521141409791777,0.7984338248566496
1798,59.932733999999996,0.07657502167365879,0.22072482376526012,0.7875221021694507
1799,59.966066999999995,0.07630996401025437,0.22516856387336348,0.7855484154032206
1800,59.999399999999994,0.07553837475936,0.22857702516447193,0.7838957607342898
1801,60.032733,0.07758685691419834,0.22225355628462462,0.7839665882204109
1802,60.066066,0.07679218552573851,0.22546252752244628,0.7790665789610813
1803,60.099399,0.07651696554139281,0.21985705523957288,0.7798491729702356
1804,60.132732,0.07681692161104017,0.22779782767503481,0.7814847415724464
1805,60.166064999999996,0.07749227958022445,0.21559922933659176,0.7833421736439488
1806,60.199397999999995,0.0777001785337584,0.22392080411775978,0.7826396783785868
1807,60.232730999999994,0.0773897054094858,0.22353412894718103,0.7764440216658672
1808,60.266064,0.07582802121980699,0.21862319362018706,0.7792578574662075
1809,60.299397,0.07567904734168486,0.22651003453027324,0.7723716100650123
1810,60.33273,0.07709358948055045,0.22113054292490256,0.7681432236238122
1811,60.366063,0.07587269361658956,0.22657191564775736,0.7752002756419095
1812,60.399395999999996,0.07461125520855647,0.22470874367019966,0.7734219343373603
1813,60.432728999999995,0.0769207694398611,0.2263450628024448,0.7780110125295581
1814,60.466061999999994,0.07746339476485628,0.22149469644398967,0.7751893110961253
1815,60.499395,0.07669542686340199,0.22009977403661724,0.7757150381688007
1816,60.532728,0.07517242212633024,0.22001710859675797,0.7768987267527557
1817,60.566061,0.07583184316115102,0.2152959552216469,0.7751143253552111
1818,60.599394,0.07525499013817472,0.20563651250318324,0.7692022055488119
1819,60.632726999999996,0.0757842985525183,0.20890536808178953,0.7705233789965776
1820,60.666059999999995,0.07560704298251777,0.2120377455820296,0.7675323905277075
1821,60.69939299999999,0.07442975006167778,0.21156483153248867,0.7656518036747847
1822,60.732726,0.07656594478630653,0.21886419544631436,0.7731127320180027
1823,60.766059,0.07769146325506707,0.21413819004162743,0.7732140400527049
1824,60.799392,0.0773617656051394,0.21802073073209255,0.7785278587469698
1825,60.832724999999996,0.07583418213551302,0.218267137407873,0.7866595578094058
1826,60.866057999999995,0.0744558754024079,0.22869811275616514,0.7819937631009422
1827,60.899390999999994,0.07589092078857859,0.21380261683900037,0.7788612629574498
1828,60.932724,0.07566077192851262,0.20575533285127848,0.7839712833636551
1829,60.966057,0.07594932181417137,0.20817697692715606,0.7906749138564799
1830,60.99939,0.07628572834473814,0.21790840786371068,0.7844869016543915
1831,61.032723,0.07234597515464235,0.21242912756967783,0.7893927256301071
1832,61.066055999999996,0.07535149162625397,0.21814884094400067,0.7833459497138924
1833,61.099388999999995,0.07499709395516128,0.21316800998702562,0.7952533929566605
1834,61.132721999999994,0.07599763203963952,0.2076403189568981,0.7919512329089822
1835,61.166055,0.07666853876398115,0.2172709682775949,0.7871903738329746
1836,61.199388,0.0752989971965628,0.21721508892074848,0.7850665662437192
1837,61.232721,0.07524764211555025,0.1892791298684759,0.7814907932827547
1838,61.266054,0.07543792599191386,0.10774079061971889,0.7813651660325814
1839,61.299386999999996,0.07540154227197232,0.05933464263700316,0.7589777385549925
1840,61.332719999999995,0.07130884255856063,0.06195331155541063,0.7584015350550076
1841,61.366052999999994,0.07239576572286194,0.10130840473129456,0.777614791353121
1842,61.399386,0.07239718029838471,0.16498953038684222,0.7912127168070268
1843,61.432719,0.07169443536786267,0.20575949281012296,0.7979230917949974
1844,61.466052,0.07174038774222999,0.2290362065217328,0.7953911480081818
1845,61.499385,0.07176239502618452,0.23278430978067582,0.7931951557841324
1846,61.532717999999996,0.07202702109895986,0.23649053680527,0.8074742302595264
1847,61.566050999999995,0.07060794862386437,0.23247017748593685,0.8049166721531701
1848,61.59938399999999,0.0706534993699546,0.23823320232481962,0.8142283969830588
1849,61.632717,0.07049367588383462,0.23524477621663298,0.8111475281184534
1850,61.66605,0.07060530667017335,0.23641925328288355,0.8161384943857717
1851,61.699383,0.07031553518867864,0.2286046286762574,0.8234941359943575
1852,61.732715999999996,0.07164445079598485,0.2313656506886949,0.8274646509011082
1853,61.766048999999995,0.07058961583204827,0.22267144886295698,0.8259411087723386
1854,61.799381999999994,0.07192372919474711,0.22166616717254023,0.8265864819797532
1855,61.832715,0.07029116027778934,0.21627848864697757,0.8361624546378293
1856,61.866048,0.07075280490461058,0.23029887757017334,0.8285612558440483
1857,61.899381,0.07066369098629494,0.2207254718563172,0.8266910205116172
1858,61.932714,0.07012911713671678,0.2285294976483524,0.8342716675272897
1859,61.966046999999996,0.07000941521482244,0.22316423903137578,0.8304851130254183
1860,61.999379999999995,0.0702469984461111,0.23116971444856382,0.8286039849620271
1861,62.032712999999994,0.06820843325917161,0.23378031481479344,0.8294680173968197
1862,62.066046,0.06957252122001231,0.22734330732335029,0.8267636514793977
1863,62.099379,0.06998038738367991,0.23118239453601236,0.8320551771660797
1864,62.132712,0.06923935890295267,0.23000647044901845,0.8245138063751855
1865,62.166045,0.06966598617335609,0.23234850320167713,0.8335538370204636
1866,62.199377999999996,0.06940337168365454,0.23410984754749972,0.8359491099380928
1867,62.232710999999995,0.070046817797634,0.22805535957736883,0.8248086057028281
1868,62.266043999999994,0.06906444530599652,0.2294801325870971,0.8309020589337744
1869,62.299377,0.07004271664979181,0.22707694571535889,0.8273360313591477
1870,62.33271,0.07066329993448739,0.2301880441851365,0.83345972033292
1871,62.366043,0.06962353394261647,0.2342147483602165,0.82261468529636
1872,62.399376,0.07077546893650744,0.2343031976632163,0.8271241413057936
1873,62.432708999999996,0.07040536780125896,0.23665083976131746,0.820902513334743
1874,62.466041999999995,0.06834260422552947,0.23194744514001658,0.8115992114398434
1875,62.49937499999999,0.0705628043781999,0.2365935970947671,0.8155916866984174
1876,62.532708,0.06913089837087469,0.24017518421536194,0.8164014282429196
1877,62.566041,0.0714649812098751,0.23939797903139504,0.8208528113046341
1878,62.599374,0.06976303801036655,0.24167924565407062,0.8109017551732126
1879,62.632706999999996,0.07149994320086743,0.24137744716965143,0.8210395587712983
1880,62.666039999999995,0.06988215654889993,0.23603541714790865,0.8067606635895924
1881,62.699372999999994,0.07033143805588778,0.2363597206903828,0.818146922671953
1882,62.732706,0.06889003131108072,0.23525819797949915,0.8102493098318565
1883,62.766039,0.07071452369588836,0.2434209546544678,0.8200715071680879
1884,62.799372,0.06948603291859089,0.23276036210902412,0.8057704161632294
1885,62.832705,0.06963505600614107,0.23318602444461956,0.8124034635157604
1886,62.866037999999996,0.06869923559315018,0.24031805050367638,0.8045945541605027
1887,62.899370999999995,0.07094886413594181,0.23252678051412787,0.8101239191325464
1888,62.932703999999994,0.0710076777615771,0.24179730843906205,0.8101565247326253
1889,62.966037,0.07164248473329526,0.23403780834462934,0.8108397967712074
1890,62.99937,0.07263031221226642,0.23653925407322174,0.8049793743914718
1891,63.032703,0.07056800731429246,0.2340691724968889,0.8033311856989486
1892,63.066036,0.07061184346289884,0.2364185913055824,0.8099769001559333
1893,63.099368999999996,0.07217064160517678,0.24443302579764986,0.8010452885086877
1894,63.132701999999995,0.06993437849244837,0.23617968896687846,0.800915339403707
1895,63.166034999999994,0.07045294223899623,0.24282219985049983,0.8004841476316772
1896,63.199368,0.07228071676472476,0.24244957830528618,0.8073752442952994
1897,63.232701,0.07284763592556961,0.2398501140768255,0.8016652215274628
1898,63.266034,0.07096832913541709,0.24245644668541255,0.7995711275272281
1899,63.299367,0.07183027552238873,0.24572445116570235,0.8103678135072381
1900,63.332699999999996,0.07190985725378798,0.23856588818412006,0.8040692534789088
1901,63.366032999999995,0.0711335283324373,0.24373596191177566,0.8096688214299218
1902,63.39936599999999,0.07197453672377234,0.22934903220529917,0.8033774192188876
1903,63.432699,0.07223758220321887,0.23544708338486522,0.8111374520460549
1904,63.466032,0.07225764665618993,0.22502610673971069,0.8003888553391605
1905,63.499365,0.07202527516852246,0.22438830668404164,0.7931399173363965
1906,63.532697999999996,0.0721793511045153,0.229238214601257,0.7943637849686903
1907,63.566030999999995,0.07264681807053537,0.2283539958186561,0.7904473490816152
1908,63.599363999999994,0.0741619803184797,0.23698732663191852,0.7872399135846885
1909,63.632697,0.07259179382638006,0.23297831441607975,0.7942699183687959
1910,63.66603,0.0747155872269229,0.2243875867271743,0.7963773841431524
1911,63.699363,0.0738585830731505,0.2238381975751483,0.796609958605179
1912,63.732696,0.07318289483782067,0.2321197460283993,0.7900722548628006
1913,63.766028999999996,0.0748640217616099,0.23441716937784224,0.7822618123353303
1914,63.799361999999995,0.0730613871025381,0.23750741045503676,0.7835522884138354
1915,63.832694999999994,0.07243236705695565,0.2386432496918499,0.7688533064377028
1916,63.866028,0.07554560553695039,0.23214974777125247,0.7773613140175115
1917,63.899361,0.07672147816205967,0.229946988294506,0.7776974101506042
1918,63.932694,0.07196028808048441,0.2312831418064034,0.7774398562132252
1919,63.966027,0.07270742939268988,0.23258434120120675,0.7718551122613904
1920,63.999359999999996,0.07594265991422983,0.23239793443687828,0.7708913305661375
1921,64.032693,0.07798073366510176,0.23466447909024407,0.7604401241847701
1922,64.066026,0.07697053796808088,0.2356337167410636,0.764529575457234
1923,64.09935899999999,0.07763370346029516,0.22991206229864436,0.7659922493190913
1924,64.13269199999999,0.07538874687941184,0.24071601764795825,0.7652840502671255
1925,64.16602499999999,0.07651383015216252,0.24156584595495795,0.7587752432227097
1926,64.199358,0.07666880925643414,0.23659090622838153,0.759367417609919
1927,64.232691,0.07611060733053072,0.23983899690207863,0.7579248411092233
1928,64.266024,0.0751641657808848,0.2377513100569382,0.7555585661230158
1929,64.299357,0.07659756202703621,0.23663917096986453,0.7503521895891212
1930,64.33269,0.07717367155249898,0.24695843201251544,0.7600780487740859
1931,64.366023,0.07437761186879356,0.24149808931622974,0.7604204475712846
1932,64.399356,0.07696238004259236,0.2386410209790331,0.7600544250412942
1933,64.432689,0.07471373374457459,0.2403091248399546,0.7627545908231883
1934,64.466022,0.07511168287258994,0.24039806660481167,0.7567770957379187
1935,64.499355,0.0784708699504629,0.2434356248854908,0.7632982309204236
1936,64.532688,0.07393250297393142,0.23640069796370622,0.7637847308009389
1937,64.56602099999999,0.0763662986368438,0.23953887359646356,0.7618148919319562
1938,64.59935399999999,0.07356070802264932,0.23801499719197428,0.7602610417239521
1939,64.63268699999999,0.07242118903321412,0.2346721470679664,0.7605991049254861
1940,64.66602,0.07595469593931144,0.23650456489206012,0.7624519825775362
1941,64.699353,0.07480316851879872,0.23180101554271493,0.766340413297872
1942,64.732686,0.07717614534722146,0.2445856370449414,0.7600990225871984
1943,64.766019,0.07552160159135086,0.24941058846353942,0.7642965380494587
1944,64.799352,0.07795755464090504,0.24158819744235177,0.756182648729202
1945,64.832685,0.07764453438549605,0.24972685095449848,0.7591986737239358
1946,64.866018,0.0785385919886238,0.24794877735366633,0.7623586535571076
1947,64.899351,0.07624873343416382,0.24604633258987346,0.7525774566826989
1948,64.932684,0.07928742903290191,0.2505954583665576,0.751329437253321
1949,64.966017,0.07790151799388001,0.2561042573714464,0.756987699486343
1950,64.99934999999999,0.07882337853143147,0.2548352150081703,0.7543886519681808
1951,65.03268299999999,0.07641160366995754,0.25960400979899023,0.7481683900896249
1952,65.06601599999999,0.07598550910941926,0.25384213484836493,0.7523445382573891
1953,65.099349,0.07482865164176832,0.25611305590248806,0.7547969610848769
1954,65.132682,0.07501795098806055,0.2532302134544866,0.7576183864928325
1955,65.166015,0.07327093697551151,0.2539857714331635,0.7547906067924076
1956,65.199348,0.07390920259669573,0.24810022672997278,0.7498123857777682
1957,65.232681,0.07455489114643524,0.2459444519722312,0.7581633385641318
1958,65.266014,0.07695802082252812,0.25125305889649047,0.7488734580615172
1959,65.299347,0.07773719071869169,0.2507885955563118,0.7550979114278619
1960,65.33268,0.0727474490215834,0.24770476687344523,0.7560306972345497
1961,65.366013,0.07637865169193554,0.2514318760005029,0.7440502305206597
1962,65.399346,0.07570492058203478,0.2459726178399144,0.7589743108514188
1963,65.432679,0.07769106591567201,0.24959258318256544,0.7565992874194691
1964,65.46601199999999,0.07783032136710588,0.248718657145784,0.7479726205146628
1965,65.49934499999999,0.07816655990340117,0.25184491496544975,0.7512547481834498
1966,65.53267799999999,0.0751090070466275,0.2486121788464801,0.7591532612468788
1967,65.566011,0.07674633205399459,0.24838310967864732,0.7617984843767498
1968,65.599344,0.07696354676835539,0.24430378427123772,0.7588823889729697
1969,65.632677,0.07752273524546888,0.24172449151093772,0.7619300853427893
1970,65.66601,0.07926883423106239,0.24546960815360683,0.7642559025271112
1971,65.699343,0.07675432143390755,0.24479490596709497,0.762713030704862
1972,65.732676,0.0768204135641565,0.23365175545012357,0.7649788191386617
1973,65.766009,0.076781868710053,0.23168562863092318,0.7677850293581888
1974,65.799342,0.07853572893625485,0.24226894325158685,0.7605223527014605
1975,65.832675,0.07653241662294431,0.24493849347460261,0.7682189932047001
1976,65.866008,0.07511039751379431,0.2319754293861005,0.76695289014406
1977,65.89934099999999,0.07661347851108372,0.2315902806500968,0.7712735168214564
1978,65.93267399999999,0.07581718454692628,0.23210785306465226,0.774238414739679
1979,65.96600699999999,0.07652449111042921,0.22266070530626714,0.7736263775898023
1980,65.99934,0.07675298862963487,0.22443163918075698,0.7692727576270015
1981,66.032673,0.07562881885010918,0.23021657529227307,0.7743983279058336
1982,66.066006,0.07819057946451834,0.22707165180154126,0.7580682039674407
1983,66.099339,0.07741064470377898,0.23311230263211993,0.7672759631394144
1984,66.132672,0.07854298981939188,0.24108317293947035,0.7729583700235927
1985,66.166005,0.0811203097513428,0.2355957361950924,0.7739697116488211
1986,66.199338,0.0786942805350048,0.24942585940204012,0.7886559366040939
1987,66.232671,0.07914527105908362,0.2368360617700552,0.7794237484127214
1988,66.266004,0.08110063945213865,0.2321485446718129,0.7767258072356991
1989,66.299337,0.08214188628716657,0.23033214214115783,0.7740382885493267
1990,66.33267,0.08157000971020101,0.2285407659611306,0.7737533718678331
1991,66.36600299999999,0.07965662034326122,0.23043732093644098,0.7803213505216611
1992,66.39933599999999,0.08101315006306195,0.22229835311607485,0.7775691702421363
1993,66.43266899999999,0.080557588001098,0.22827511088326763,0.783335046371588
1994,66.466002,0.08348438984467087,0.23846747153756373,0.7630992155331302
1995,66.499335,0.07969166254521626,0.24734777317817713,0.7590146479472593
1996,66.532668,0.08241442755545246,0.24486603444374105,0.7567472343473901
1997,66.566001,0.08136708225112625,0.24366370194731013,0.7531676741404838
