image_path,mar,nose_chin_distance,label
YawnDD\yawn\1-FemaleNoGlasses_f001653_mar0.627.jpg,0.4524419216152732,0.9733024313183916,1
YawnDD\yawn\1-FemaleNoGlasses_f001656_mar0.643.jpg,0.4737991082767511,0.9805635119655041,1
YawnDD\yawn\1-FemaleNoGlasses_f001659_mar0.648.jpg,0.49739058294721844,0.9954394344142747,1
YawnDD\yawn\1-FemaleNoGlasses_f001662_mar0.635.jpg,0.4760402695688346,0.9968407170748342,1
YawnDD\yawn\1-FemaleNoGlasses_f001665_mar0.655.jpg,0.4715774378712925,0.9905344295880081,1
YawnDD\yawn\1-FemaleNoGlasses_f001668_mar0.654.jpg,0.5005478875923677,0.9930275934563267,1
YawnDD\yawn\1-FemaleNoGlasses_f001671_mar0.676.jpg,0.5105528279549295,1.0099205180404458,1
YawnDD\yawn\1-FemaleNoGlasses_f001674_mar0.665.jpg,0.5046383815043662,0.9992389108555465,1
YawnDD\yawn\1-FemaleNoGlasses_f001677_mar0.679.jpg,0.508632710723932,1.0170549484522255,1
YawnDD\yawn\1-FemaleNoGlasses_f001680_mar0.669.jpg,0.4930440050565926,1.030491011477439,1
YawnDD\yawn\1-FemaleNoGlasses_f001683_mar0.673.jpg,0.49413978436217487,1.0272289725774508,1
YawnDD\yawn\1-FemaleNoGlasses_f001686_mar0.671.jpg,0.5055118590985186,1.0571002809503345,1
YawnDD\yawn\1-FemaleNoGlasses_f001689_mar0.639.jpg,0.4982084365245168,1.0746176862155867,1
YawnDD\yawn\1-FemaleNoGlasses_f001692_mar0.655.jpg,0.5044568559529271,1.0678351791620733,1
YawnDD\yawn\1-FemaleNoGlasses_f001695_mar0.665.jpg,0.5092126720891351,1.0560362715202731,1
YawnDD\yawn\1-FemaleNoGlasses_f001698_mar0.684.jpg,0.5168038622434198,1.053157243372683,1
YawnDD\yawn\1-FemaleNoGlasses_f001701_mar0.686.jpg,0.5250376494037785,1.0460656537253055,1
YawnDD\yawn\1-FemaleNoGlasses_f001704_mar0.699.jpg,0.5271647994491196,1.0444570385339094,1
YawnDD\yawn\1-FemaleNoGlasses_f001707_mar0.683.jpg,0.513634464209952,1.062660548733969,1
YawnDD\yawn\1-FemaleNoGlasses_f001710_mar0.699.jpg,0.5220572445234795,1.0456997716556418,1
YawnDD\yawn\1-FemaleNoGlasses_f001713_mar0.680.jpg,0.49323235618205263,1.0274233504035999,1
YawnDD\yawn\1-FemaleNoGlasses_f001716_mar0.653.jpg,0.48814261403761294,1.0085062730627739,1
YawnDD\yawn\1-FemaleNoGlasses_f001719_mar0.682.jpg,0.45233014354168277,0.9941994241321175,1
YawnDD\yawn\1-FemaleNoGlasses_f001722_mar0.680.jpg,0.4625915990397022,0.9866797627675823,1
YawnDD\yawn\1-FemaleNoGlasses_f001725_mar0.663.jpg,0.4533642200314335,0.9824390450101395,1
YawnDD\yawn\1-FemaleNoGlasses_f001728_mar0.612.jpg,0.4456554446529305,0.9704120947220299,1
YawnDD\yawn\1-FemaleNoGlasses_f001731_mar0.621.jpg,0.42322598811404655,0.9481695543095059,1
YawnDD\yawn\1-FemaleNoGlasses_f001734_mar0.606.jpg,0.4156516303091298,0.9354697994696215,1
YawnDD\yawn\1-MaleGlasses_f000756_mar0.642.jpg,0.5269940296008321,1.2212015900098325,1
YawnDD\yawn\1-MaleGlasses_f000759_mar0.684.jpg,0.5771828580771332,1.2243842486351544,1
YawnDD\yawn\1-MaleGlasses_f000762_mar0.839.jpg,0.6222720703218882,1.2134600642703868,1
YawnDD\yawn\1-MaleGlasses_f000765_mar0.872.jpg,0.6335650467959164,1.2679186746415123,1
YawnDD\yawn\1-MaleGlasses_f000768_mar0.904.jpg,0.6900143337281343,1.2735304911120213,1
YawnDD\yawn\1-MaleGlasses_f000771_mar0.850.jpg,0.686062619554045,1.25291554818272,1
YawnDD\yawn\1-MaleGlasses_f000774_mar0.869.jpg,0.7067839062628762,1.2589476281313086,1
YawnDD\yawn\1-MaleGlasses_f000777_mar0.853.jpg,0.7173468080569667,1.2623743729830432,1
YawnDD\yawn\1-MaleGlasses_f000780_mar0.867.jpg,0.7082207805311214,1.2718195938752828,1
YawnDD\yawn\1-MaleGlasses_f000783_mar0.906.jpg,0.6530312994029155,1.2742223676702022,1
YawnDD\yawn\1-MaleGlasses_f000786_mar0.927.jpg,0.6340187149113229,1.3435504301731014,1
YawnDD\yawn\1-MaleGlasses_f000789_mar0.996.jpg,0.64576804666416,1.2928952240141633,1
YawnDD\yawn\1-MaleGlasses_f000792_mar0.999.jpg,0.8162487370766138,1.3029527148891291,1
YawnDD\yawn\1-MaleGlasses_f000795_mar1.021.jpg,0.7757455552498321,1.2353470583452693,1
YawnDD\yawn\1-MaleGlasses_f000798_mar1.061.jpg,0.8125205598269343,1.299967465547091,1
YawnDD\yawn\1-MaleGlasses_f000801_mar1.050.jpg,0.762854826493646,1.2373259382341992,1
YawnDD\yawn\1-MaleGlasses_f000804_mar1.035.jpg,0.7662833422381458,1.3193609649371936,1
YawnDD\yawn\1-MaleGlasses_f000807_mar1.005.jpg,0.7370106735710342,1.271146845122571,1
YawnDD\yawn\1-MaleGlasses_f000810_mar1.016.jpg,0.7401134710168049,1.2939208237487,1
YawnDD\yawn\1-MaleGlasses_f000813_mar0.977.jpg,0.7563153847675975,1.2992507940420583,1
YawnDD\yawn\1-MaleGlasses_f000816_mar0.984.jpg,0.6027177769401194,1.3000505402750342,1
YawnDD\yawn\1-MaleGlasses_f000819_mar1.009.jpg,0.6413112030614255,1.3137197711801492,1
YawnDD\yawn\1-MaleGlasses_f000822_mar0.969.jpg,0.6656677003748528,1.2870536374934283,1
YawnDD\yawn\1-MaleGlasses_f000825_mar0.937.jpg,0.7094785851805424,1.282546429113966,1
YawnDD\yawn\1-MaleGlasses_f000828_mar0.876.jpg,0.6954709584274541,1.2800875146680784,1
YawnDD\yawn\1-MaleGlasses_f000831_mar0.850.jpg,0.6889178818758219,1.290099406436405,1
YawnDD\yawn\1-MaleGlasses_f000834_mar0.758.jpg,0.6647478118851456,1.282111198345386,1
YawnDD\yawn\1-MaleGlasses_f000837_mar0.707.jpg,0.5972492908110992,1.241177186724043,1
YawnDD\yawn\1-MaleGlasses_f000840_mar0.613.jpg,0.526792384055494,1.1659468262479076,1
YawnDD\yawn\1-MaleGlasses_f001602_mar0.624.jpg,0.5229136507562318,1.211295789466268,1
YawnDD\yawn\1-MaleGlasses_f001605_mar0.642.jpg,0.5427352323687841,1.2068137539203716,1
YawnDD\yawn\1-MaleGlasses_f001608_mar0.655.jpg,0.5277691234569952,1.2193887425744314,1
YawnDD\yawn\1-MaleGlasses_f001611_mar0.770.jpg,0.5735665679659203,1.2025173428489089,1
YawnDD\yawn\1-MaleGlasses_f001614_mar0.721.jpg,0.5958032371623289,1.222248110314295,1
YawnDD\yawn\1-MaleGlasses_f001617_mar0.799.jpg,0.6143394960877411,1.2452302706679592,1
YawnDD\yawn\1-MaleGlasses_f001620_mar0.891.jpg,0.6379682026520466,1.2453698345664364,1
YawnDD\yawn\1-MaleGlasses_f001623_mar0.936.jpg,0.7191949934582692,1.229406498186702,1
YawnDD\yawn\1-MaleGlasses_f001626_mar0.967.jpg,0.7152151074892735,1.3236516848901902,1
YawnDD\yawn\1-MaleGlasses_f001629_mar1.007.jpg,0.7428397880002537,1.3368710555580001,1
YawnDD\yawn\1-MaleGlasses_f001632_mar1.063.jpg,0.7549369722043159,1.2741501750167006,1
YawnDD\yawn\1-MaleGlasses_f001635_mar1.044.jpg,0.703605649891233,1.3437177749057199,1
YawnDD\yawn\1-MaleGlasses_f001638_mar1.075.jpg,0.705660109113331,1.3316573825925926,1
YawnDD\yawn\1-MaleGlasses_f001641_mar1.057.jpg,0.7063974465031635,1.3159039891488047,1
YawnDD\yawn\1-MaleGlasses_f001644_mar1.126.jpg,0.7423564199784299,1.3213981968490864,1
YawnDD\yawn\1-MaleGlasses_f001647_mar1.123.jpg,0.7624442385931728,1.3134942519635482,1
YawnDD\yawn\1-MaleGlasses_f001650_mar1.146.jpg,0.7566763286386677,1.3438259846350726,1
YawnDD\yawn\1-MaleGlasses_f001653_mar1.079.jpg,0.7678840157088631,1.3342874674009748,1
YawnDD\yawn\1-MaleGlasses_f001656_mar1.147.jpg,0.7975231792908996,1.28831649657593,1
YawnDD\yawn\1-MaleGlasses_f001659_mar1.120.jpg,0.8581626271410109,1.2673322193069103,1
YawnDD\yawn\1-MaleGlasses_f001662_mar1.031.jpg,0.7152424800315842,1.3041517607212583,1
YawnDD\yawn\1-MaleGlasses_f001665_mar0.959.jpg,0.685222283222274,1.3133565188376783,1
YawnDD\yawn\1-MaleGlasses_f001668_mar0.955.jpg,0.7018893184553754,1.316801645664855,1
YawnDD\yawn\1-MaleGlasses_f001671_mar1.040.jpg,0.6553022072190464,1.2726476777935447,1
YawnDD\yawn\1-MaleGlasses_f001674_mar1.199.jpg,0.6703365587190944,1.3577329508768776,1
YawnDD\yawn\1-MaleGlasses_f001677_mar1.104.jpg,0.7652869680569888,1.3068239231264593,1
YawnDD\yawn\1-MaleGlasses_f001680_mar1.092.jpg,0.8251544008930854,1.3370376274664606,1
YawnDD\yawn\1-MaleGlasses_f001683_mar1.088.jpg,0.8295356111020906,1.3138114825824496,1
YawnDD\yawn\1-MaleGlasses_f001686_mar1.011.jpg,0.7448318852210911,1.298268475052625,1
YawnDD\yawn\1-MaleGlasses_f001689_mar0.934.jpg,0.7035439799089002,1.2861957262077917,1
YawnDD\yawn\1-MaleGlasses_f001692_mar0.790.jpg,0.6627528703996424,1.2677654586851628,1
YawnDD\yawn\1-MaleGlasses_f001695_mar0.745.jpg,0.5989330971199072,1.248303281049956,1
YawnDD\yawn\1-MaleGlasses_f001698_mar0.710.jpg,0.5537966712055691,1.2333935513881362,1
YawnDD\yawn\1-MaleGlasses_f001701_mar0.653.jpg,0.5381204650065211,1.190569270269494,1
YawnDD\yawn\1-MaleGlasses_f001704_mar0.625.jpg,0.5026219835802062,1.2002137737064156,1
YawnDD\yawn\1-MaleGlasses_f001707_mar0.601.jpg,0.5137342132907177,1.1707896266527955,1
YawnDD\yawn\1-MaleGlasses_f002310_mar0.608.jpg,0.5669032584951076,1.2045443940925544,1
YawnDD\yawn\1-MaleGlasses_f002313_mar0.728.jpg,0.5686908287216077,1.2054866498313253,1
YawnDD\yawn\1-MaleGlasses_f002316_mar0.773.jpg,0.6060429372431644,1.2730166003170882,1
YawnDD\yawn\1-MaleGlasses_f002319_mar0.761.jpg,0.6474874336231253,1.2700336157063004,1
YawnDD\yawn\1-MaleGlasses_f002322_mar0.780.jpg,0.6579751073816291,1.2834357465334223,1
YawnDD\yawn\1-MaleGlasses_f002325_mar0.782.jpg,0.6725092766208901,1.2810978153652275,1
YawnDD\yawn\1-MaleGlasses_f002328_mar0.816.jpg,0.6393804029990109,1.2591333629479788,1
YawnDD\yawn\1-MaleGlasses_f002331_mar0.809.jpg,0.7043037712624615,1.2779898321994483,1
YawnDD\yawn\1-MaleGlasses_f002334_mar0.882.jpg,0.7164163313747414,1.2815288262664872,1
YawnDD\yawn\1-MaleGlasses_f002337_mar0.945.jpg,0.665168314246717,1.279784904370227,1
YawnDD\yawn\1-MaleGlasses_f002340_mar0.982.jpg,0.646373241454258,1.2792846582967266,1
YawnDD\yawn\1-MaleGlasses_f002343_mar0.997.jpg,0.6446186377557808,1.329175781319415,1
YawnDD\yawn\1-MaleGlasses_f002346_mar1.019.jpg,0.6617770879380558,1.3003462817098155,1
YawnDD\yawn\1-MaleGlasses_f002349_mar1.007.jpg,0.6472969648532243,1.325340022280384,1
YawnDD\yawn\1-MaleGlasses_f002352_mar1.018.jpg,0.6674814150769626,1.3002585609002852,1
YawnDD\yawn\1-MaleGlasses_f002355_mar1.024.jpg,0.705179794348063,1.284842644301163,1
YawnDD\yawn\1-MaleGlasses_f002358_mar0.997.jpg,0.7230619224962314,1.2597011536009637,1
YawnDD\yawn\1-MaleGlasses_f002361_mar0.959.jpg,0.6631531957060897,1.3112412634570236,1
YawnDD\yawn\1-MaleGlasses_f002364_mar0.885.jpg,0.5910105232957725,1.2890306094282091,1
YawnDD\yawn\1-MaleGlasses_f002367_mar0.859.jpg,0.6173911244176825,1.2795222341037464,1
YawnDD\yawn\1-MaleGlasses_f002370_mar0.869.jpg,0.5986168548168502,1.284482622424823,1
YawnDD\yawn\1-MaleGlasses_f002373_mar0.933.jpg,0.6111471976517997,1.2425051235803608,1
YawnDD\yawn\1-MaleGlasses_f002376_mar1.027.jpg,0.6864609500865685,1.308989940584172,1
YawnDD\yawn\1-MaleGlasses_f002379_mar1.028.jpg,0.6496077432493517,1.3049198906866257,1
YawnDD\yawn\1-MaleGlasses_f002382_mar1.005.jpg,0.7254869554149929,1.2971834208787874,1
YawnDD\yawn\1-MaleGlasses_f002385_mar0.961.jpg,0.6895137839581096,1.2710800873265011,1
YawnDD\yawn\1-MaleGlasses_f002388_mar0.974.jpg,0.7316829749171752,1.2927543379559234,1
YawnDD\yawn\1-MaleGlasses_f002391_mar0.884.jpg,0.7536188600028636,1.2643144676524292,1
YawnDD\yawn\1-MaleGlasses_f002394_mar0.844.jpg,0.6924373952100569,1.221438236820412,1
YawnDD\yawn\1-MaleGlasses_f002397_mar0.767.jpg,0.6033588585828352,1.21001180603911,1
YawnDD\yawn\1-MaleGlasses_f002400_mar0.707.jpg,0.5348429265546687,1.1759658544069045,1
YawnDD\yawn\1-MaleGlasses_f002403_mar0.647.jpg,0.509441332376533,1.1452991711134242,1
YawnDD\yawn\1-MaleGlasses_f002406_mar0.659.jpg,0.48059274869718355,1.0824774885605088,1
YawnDD\yawn\1-MaleGlasses_f002409_mar0.641.jpg,0.46879957765338387,1.122450360794839,1
YawnDD\yawn\10-FemaleNoGlasses_f000183_mar0.605.jpg,0.45694701186827863,1.0346976070199234,1
YawnDD\yawn\10-FemaleNoGlasses_f000186_mar0.662.jpg,0.49633806643818157,1.0500854696057291,1
YawnDD\yawn\10-FemaleNoGlasses_f000189_mar0.644.jpg,0.49149406949525193,1.0444095910090316,1
YawnDD\yawn\10-FemaleNoGlasses_f000192_mar0.655.jpg,0.4739408564993484,1.035511145408524,1
YawnDD\yawn\10-FemaleNoGlasses_f000195_mar0.654.jpg,0.49456596733729624,1.053023314499786,1
YawnDD\yawn\10-FemaleNoGlasses_f000198_mar0.656.jpg,0.4918405858845282,1.067463446859782,1
YawnDD\yawn\10-FemaleNoGlasses_f000201_mar0.702.jpg,0.49849420599274347,1.0986729586971111,1
YawnDD\yawn\10-FemaleNoGlasses_f000204_mar0.679.jpg,0.47801662834269276,1.0862565608938868,1
YawnDD\yawn\10-FemaleNoGlasses_f000240_mar0.650.jpg,0.46606392182174855,1.1002584783160534,1
YawnDD\yawn\10-FemaleNoGlasses_f000276_mar0.622.jpg,0.45243301095756416,1.2373612593126424,1
YawnDD\yawn\10-FemaleNoGlasses_f000396_mar0.665.jpg,0.5157696089791622,1.1704074061636391,1
YawnDD\yawn\10-FemaleNoGlasses_f000399_mar0.724.jpg,0.5039667964719304,1.173340583981035,1
YawnDD\yawn\10-FemaleNoGlasses_f000402_mar0.780.jpg,0.5564966717101801,1.2023582914851305,1
YawnDD\yawn\10-FemaleNoGlasses_f000405_mar0.800.jpg,0.5556210302735286,1.200726658070688,1
YawnDD\yawn\10-FemaleNoGlasses_f000408_mar0.813.jpg,0.5819865043467957,1.1948363545529619,1
YawnDD\yawn\10-FemaleNoGlasses_f000411_mar0.708.jpg,0.4749092813935195,1.1801005725788465,1
YawnDD\yawn\10-FemaleNoGlasses_f001002_mar0.652.jpg,0.4966932422067334,1.337288436904959,1
YawnDD\yawn\10-FemaleNoGlasses_f001005_mar0.684.jpg,0.5111809534403332,1.2936696773143814,1
YawnDD\yawn\10-FemaleNoGlasses_f001008_mar0.676.jpg,0.45406911850975284,1.3226957247536184,1
YawnDD\yawn\10-FemaleNoGlasses_f001011_mar0.624.jpg,0.4516827061979043,1.2764680565478792,1
YawnDD\yawn\10-FemaleNoGlasses_f001101_mar0.636.jpg,0.5114639542635435,1.0922662556211329,1
YawnDD\yawn\10-FemaleNoGlasses_f001104_mar0.691.jpg,0.5231551859217404,1.0980394912417362,1
YawnDD\yawn\10-FemaleNoGlasses_f001107_mar0.607.jpg,0.4658820474735139,1.0997702459817207,1
YawnDD\yawn\10-FemaleNoGlasses_f001146_mar0.645.jpg,0.5631613399877395,1.4231569065603704,1
YawnDD\yawn\10-MaleGlasses_f000885_mar0.602.jpg,0.5176025976963605,1.1021452721469593,1
YawnDD\yawn\10-MaleGlasses_f000888_mar0.613.jpg,0.5769674748013962,1.0874425381645096,1
YawnDD\yawn\10-MaleGlasses_f000891_mar0.626.jpg,0.5803159563102217,1.0709730651853648,1
YawnDD\yawn\10-MaleGlasses_f000894_mar0.616.jpg,0.5731056387582445,1.0629688842482907,1
YawnDD\yawn\10-MaleGlasses_f000897_mar0.632.jpg,0.5108071448760356,1.130081015415384,1
YawnDD\yawn\10-MaleGlasses_f000903_mar0.606.jpg,0.563028532114241,1.0809267011789254,1
YawnDD\yawn\10-MaleGlasses_f000924_mar0.629.jpg,0.5790656994293814,1.084111259502675,1
YawnDD\yawn\10-MaleGlasses_f000927_mar0.630.jpg,0.598676845435529,1.074875020619565,1
YawnDD\yawn\10-MaleGlasses_f000930_mar0.649.jpg,0.5908740526191055,1.1319895725814126,1
YawnDD\yawn\10-MaleGlasses_f000933_mar0.643.jpg,0.6115262942338873,1.1258034630524192,1
YawnDD\yawn\10-MaleGlasses_f000936_mar0.642.jpg,0.5950952594982475,1.0596853946786278,1
YawnDD\yawn\10-MaleGlasses_f000939_mar0.640.jpg,0.5630774359008446,1.13942578090394,1
YawnDD\yawn\10-MaleGlasses_f000942_mar0.621.jpg,0.544896822375285,1.133623649462497,1
YawnDD\yawn\10-MaleGlasses_f000945_mar0.676.jpg,0.5562245532522555,1.1288516762104612,1
YawnDD\yawn\10-MaleGlasses_f000948_mar0.701.jpg,0.5619535026651555,1.1301125416499627,1
YawnDD\yawn\10-MaleGlasses_f000951_mar0.673.jpg,0.5437677133273827,1.135654959544283,1
YawnDD\yawn\10-MaleGlasses_f000954_mar0.716.jpg,0.5613037923346383,1.1468771294748048,1
YawnDD\yawn\10-MaleGlasses_f000957_mar0.696.jpg,0.5648333067528932,1.1144697572029836,1
YawnDD\yawn\10-MaleGlasses_f001692_mar0.602.jpg,0.567104260427726,1.1193237023819254,1
YawnDD\yawn\10-MaleGlasses_f001695_mar0.627.jpg,0.6110550921388552,1.1767672741023467,1
YawnDD\yawn\10-MaleGlasses_f001698_mar0.887.jpg,0.6676258269408402,1.2266627751986656,1
YawnDD\yawn\10-MaleGlasses_f001701_mar0.925.jpg,0.6671773952685043,1.2013077619443613,1
YawnDD\yawn\10-MaleGlasses_f001704_mar0.753.jpg,0.682082266243986,1.2116913925231432,1
YawnDD\yawn\10-MaleGlasses_f001707_mar0.891.jpg,0.7355305507916479,1.1953936206305718,1
YawnDD\yawn\10-MaleGlasses_f001710_mar0.896.jpg,0.698538747325784,1.1834448538940772,1
YawnDD\yawn\10-MaleGlasses_f001713_mar0.842.jpg,0.7616900966134424,1.208817785917511,1
YawnDD\yawn\10-MaleGlasses_f001716_mar0.926.jpg,0.7200761791330145,1.2259653384225242,1
YawnDD\yawn\10-MaleGlasses_f001719_mar1.019.jpg,0.7232130706301301,1.2242942737105877,1
YawnDD\yawn\10-MaleGlasses_f001722_mar0.936.jpg,0.7550815542854471,1.271141428549944,1
YawnDD\yawn\10-MaleGlasses_f001725_mar1.074.jpg,0.7734812911657328,1.233626360448317,1
YawnDD\yawn\10-MaleGlasses_f001728_mar1.016.jpg,0.7817994497008031,1.2428561551032495,1
YawnDD\yawn\10-MaleGlasses_f001731_mar1.046.jpg,0.7338864561419896,1.2368360263596667,1
YawnDD\yawn\10-MaleGlasses_f001734_mar1.062.jpg,0.7154335544107767,1.2369967639522415,1
YawnDD\yawn\10-MaleGlasses_f001737_mar1.074.jpg,0.7261692325174348,1.2545323112395295,1
YawnDD\yawn\10-MaleGlasses_f001740_mar1.042.jpg,0.7794238556011778,1.2219769637083553,1
YawnDD\yawn\10-MaleGlasses_f001743_mar1.049.jpg,0.7029995912524752,1.1973090410430143,1
YawnDD\yawn\10-MaleGlasses_f001746_mar0.880.jpg,0.7043767248960368,1.189844942009063,1
YawnDD\yawn\10-MaleGlasses_f002211_mar0.698.jpg,0.5936382586688113,1.1995474852253067,1
YawnDD\yawn\10-MaleGlasses_f002214_mar0.763.jpg,0.6494038115710095,1.2329347681074445,1
YawnDD\yawn\10-MaleGlasses_f002217_mar0.784.jpg,0.6772297249699318,1.2039494600533474,1
YawnDD\yawn\10-MaleGlasses_f002220_mar0.831.jpg,0.6992843012764807,1.2083329915732257,1
YawnDD\yawn\10-MaleGlasses_f002223_mar0.883.jpg,0.7095337957142154,1.1774872322493168,1
YawnDD\yawn\10-MaleGlasses_f002226_mar0.825.jpg,0.6787041912091288,1.214361973797979,1
YawnDD\yawn\10-MaleGlasses_f002229_mar0.970.jpg,0.6851568685209115,1.2030122956558027,1
YawnDD\yawn\10-MaleGlasses_f002232_mar0.913.jpg,0.7112567711378216,1.158109859270957,1
YawnDD\yawn\10-MaleGlasses_f002235_mar0.997.jpg,0.7220133703755159,1.154022160501179,1
YawnDD\yawn\10-MaleGlasses_f002238_mar0.961.jpg,0.7116577362165589,1.1533478760274063,1
YawnDD\yawn\10-MaleGlasses_f002241_mar0.965.jpg,0.7313880171748494,1.1427978104296452,1
YawnDD\yawn\10-MaleGlasses_f002244_mar1.002.jpg,0.7257498696785215,1.1433231795203336,1
YawnDD\yawn\10-MaleGlasses_f002247_mar0.894.jpg,0.6716880436387032,1.1528977261897349,1
YawnDD\yawn\10-MaleGlasses_f002250_mar0.849.jpg,0.687773905642357,1.1689000992944552,1
YawnDD\yawn\10-MaleGlasses_f002253_mar0.849.jpg,0.6979074454144942,1.205662313487297,1
YawnDD\yawn\10-MaleGlasses_f002256_mar0.854.jpg,0.6320768230958025,1.1807289621107868,1
YawnDD\yawn\10-MaleGlasses_f002259_mar0.791.jpg,0.6062573933126686,1.1643306727121208,1
YawnDD\yawn\10-MaleGlasses_f002262_mar0.657.jpg,0.5552056152251733,1.177516029176748,1
YawnDD\yawn\10-MaleGlasses_f002265_mar0.633.jpg,0.49779244718485854,1.1392575209260343,1
YawnDD\yawn\11-FemaleGlasses.avi_f000321_mar0.838.jpg,0.636367244298514,1.1103207476126014,1
YawnDD\yawn\11-FemaleGlasses.avi_f000324_mar1.238.jpg,0.9063730677581908,1.192853622703218,1
YawnDD\yawn\11-FemaleGlasses.avi_f000327_mar1.293.jpg,0.9700989755659404,1.2061064505923507,1
YawnDD\yawn\11-FemaleGlasses.avi_f000330_mar1.481.jpg,1.0307497034913733,1.1737692887406699,1
YawnDD\yawn\11-FemaleGlasses.avi_f000333_mar1.498.jpg,1.1185457086683515,1.1396476081892666,1
YawnDD\yawn\11-FemaleGlasses.avi_f000336_mar1.475.jpg,1.0728404472911846,1.2016106702779923,1
YawnDD\yawn\11-FemaleGlasses.avi_f000339_mar1.505.jpg,1.045500394622302,1.1661243326123754,1
YawnDD\yawn\11-FemaleGlasses.avi_f000342_mar1.301.jpg,0.973545387884909,1.1672759899926444,1
YawnDD\yawn\11-FemaleGlasses.avi_f000345_mar1.275.jpg,0.9641402242143026,1.1194949774919567,1
YawnDD\yawn\11-FemaleGlasses.avi_f000348_mar1.152.jpg,0.897609363688584,1.0853769984852617,1
YawnDD\yawn\11-FemaleGlasses.avi_f000351_mar1.173.jpg,0.8696679147934777,1.0792919405393437,1
YawnDD\yawn\11-FemaleGlasses.avi_f000354_mar1.105.jpg,0.8757964875816018,1.0736444999151984,1
YawnDD\yawn\11-FemaleGlasses.avi_f000357_mar1.071.jpg,0.8266336633529383,1.0944572412329618,1
YawnDD\yawn\11-FemaleGlasses.avi_f000360_mar1.127.jpg,0.9197825721180237,1.0868392779910012,1
YawnDD\yawn\11-FemaleGlasses.avi_f000363_mar1.134.jpg,0.9009692554601869,1.1545701943731537,1
YawnDD\yawn\11-FemaleGlasses.avi_f000366_mar1.093.jpg,0.8255179740616073,1.1631395584049975,1
YawnDD\yawn\11-FemaleGlasses.avi_f000369_mar0.851.jpg,0.5980171140264839,1.112777881328948,1
YawnDD\yawn\11-FemaleGlasses.avi_f000729_mar0.719.jpg,0.6006042054535567,1.1655216069175063,1
YawnDD\yawn\11-FemaleGlasses.avi_f000732_mar0.885.jpg,0.6804931800158163,1.153836708408859,1
YawnDD\yawn\11-FemaleGlasses.avi_f000735_mar0.937.jpg,0.7042157902242043,1.1556657753998891,1
YawnDD\yawn\11-FemaleGlasses.avi_f000738_mar0.944.jpg,0.7382103451068542,1.1582531631456119,1
YawnDD\yawn\11-FemaleGlasses.avi_f000741_mar1.089.jpg,0.8236121848737322,1.167555978310333,1
YawnDD\yawn\11-FemaleGlasses.avi_f000744_mar1.140.jpg,0.8036002723116948,1.1661561181615605,1
YawnDD\yawn\11-FemaleGlasses.avi_f000747_mar1.196.jpg,0.8217290288606811,1.1641710162685948,1
YawnDD\yawn\11-FemaleGlasses.avi_f000750_mar1.195.jpg,0.8240969853893692,1.164871766068844,1
YawnDD\yawn\11-FemaleGlasses.avi_f000753_mar1.129.jpg,0.8186286104688433,1.1795207911952392,1
YawnDD\yawn\11-FemaleGlasses.avi_f000756_mar1.105.jpg,0.7846341223813684,1.1607538960086181,1
YawnDD\yawn\11-FemaleGlasses.avi_f000759_mar1.094.jpg,0.8142155172060656,1.204771666568303,1
YawnDD\yawn\11-FemaleGlasses.avi_f000762_mar1.161.jpg,0.8095936938975659,1.1743009736772383,1
YawnDD\yawn\11-FemaleGlasses.avi_f000765_mar1.223.jpg,0.7438391350881902,1.1957040884896244,1
YawnDD\yawn\11-FemaleGlasses.avi_f000768_mar1.198.jpg,0.8430227178148455,1.1854786110587383,1
YawnDD\yawn\11-FemaleGlasses.avi_f000771_mar1.169.jpg,0.8053537383443483,1.1546690986946366,1
YawnDD\yawn\11-FemaleGlasses.avi_f000774_mar1.133.jpg,0.756929658674763,1.1477355364976782,1
YawnDD\yawn\11-FemaleGlasses.avi_f000777_mar1.141.jpg,0.7355924391609799,1.1229307370419321,1
YawnDD\yawn\11-FemaleGlasses.avi_f000780_mar1.160.jpg,0.6902332861244925,1.117811366294815,1
YawnDD\yawn\11-FemaleGlasses.avi_f000783_mar1.102.jpg,0.7629117687344454,1.1378157730950964,1
YawnDD\yawn\11-FemaleGlasses.avi_f000786_mar1.109.jpg,0.7301382680880467,1.0868435613098388,1
YawnDD\yawn\11-FemaleGlasses.avi_f000789_mar1.129.jpg,0.7545783518231902,1.1017906118486276,1
YawnDD\yawn\11-FemaleGlasses.avi_f000792_mar1.095.jpg,0.7698516344069771,1.1035404261025468,1
YawnDD\yawn\11-FemaleGlasses.avi_f000795_mar1.034.jpg,0.8026484150916672,1.0962967266351926,1
YawnDD\yawn\11-FemaleGlasses.avi_f000798_mar1.085.jpg,0.7784326980091169,1.0470999765024738,1
YawnDD\yawn\11-FemaleGlasses.avi_f000801_mar1.043.jpg,0.7838805811042072,1.0510852676762734,1
YawnDD\yawn\11-FemaleGlasses.avi_f000804_mar0.933.jpg,0.7022396647350435,1.0491741010798934,1
YawnDD\yawn\11-FemaleGlasses.avi_f000807_mar0.843.jpg,0.6449472303657776,1.0774535766131292,1
YawnDD\yawn\11-FemaleGlasses.avi_f000810_mar0.705.jpg,0.5737285489597599,1.0210102462413029,1
YawnDD\yawn\11-FemaleGlasses.avi_f001275_mar0.659.jpg,0.5293616843319748,1.055948869835296,1
YawnDD\yawn\11-FemaleGlasses.avi_f001278_mar0.895.jpg,0.6709424354252264,1.1001436637986608,1
YawnDD\yawn\11-FemaleGlasses.avi_f001281_mar1.027.jpg,0.7706148987396757,1.1021536445094835,1
YawnDD\yawn\11-FemaleGlasses.avi_f001284_mar1.049.jpg,0.77346742273592,1.118509881961546,1
YawnDD\yawn\11-FemaleGlasses.avi_f001287_mar1.126.jpg,0.7847681153407751,1.1471272429312904,1
YawnDD\yawn\11-FemaleGlasses.avi_f001290_mar1.226.jpg,0.7978887920970051,1.1227780779344352,1
YawnDD\yawn\11-FemaleGlasses.avi_f001293_mar1.229.jpg,0.8330561166639283,1.1183935981564688,1
YawnDD\yawn\11-FemaleGlasses.avi_f001296_mar1.171.jpg,0.9007346328541598,1.11905910301305,1
YawnDD\yawn\11-FemaleGlasses.avi_f001299_mar1.177.jpg,0.8733755351607597,1.1058747062037138,1
YawnDD\yawn\11-FemaleGlasses.avi_f001302_mar1.274.jpg,0.8831871551148761,1.1022177507774913,1
YawnDD\yawn\11-FemaleGlasses.avi_f001305_mar1.079.jpg,0.8190286325579105,1.0912509482856185,1
YawnDD\yawn\11-FemaleGlasses.avi_f001308_mar1.146.jpg,0.820987100755432,1.0782707480398777,1
YawnDD\yawn\11-FemaleGlasses.avi_f001311_mar1.223.jpg,0.8532400375247567,1.077207629608819,1
YawnDD\yawn\11-FemaleGlasses.avi_f001314_mar1.227.jpg,0.8309632521833278,1.0698346488943165,1
YawnDD\yawn\11-FemaleGlasses.avi_f001317_mar1.122.jpg,0.8244645749547225,1.1367591757534763,1
YawnDD\yawn\11-FemaleGlasses.avi_f001320_mar1.216.jpg,0.8196578579934942,1.0819087621976904,1
YawnDD\yawn\11-FemaleGlasses.avi_f001323_mar1.289.jpg,0.8066806990985127,1.1554126498149624,1
YawnDD\yawn\11-FemaleGlasses.avi_f001326_mar1.166.jpg,0.8111877309013046,1.17514954296963,1
YawnDD\yawn\11-FemaleGlasses.avi_f001329_mar1.230.jpg,0.8394504966318763,1.143158526150489,1
YawnDD\yawn\11-FemaleGlasses.avi_f001332_mar1.225.jpg,0.8428993946093952,1.1646217935947358,1
YawnDD\yawn\11-FemaleGlasses.avi_f001335_mar1.198.jpg,0.839171471389654,1.129846254283631,1
YawnDD\yawn\11-FemaleGlasses.avi_f001338_mar1.172.jpg,0.8246004759500939,1.1223501478971765,1
YawnDD\yawn\11-FemaleGlasses.avi_f001341_mar1.146.jpg,0.8411626798290432,1.1045879830590573,1
YawnDD\yawn\11-FemaleGlasses.avi_f001344_mar1.168.jpg,0.8764323645738586,1.0620204325044404,1
YawnDD\yawn\11-FemaleGlasses.avi_f001347_mar1.183.jpg,0.8442371252025119,1.0575590109370034,1
YawnDD\yawn\11-FemaleGlasses.avi_f001350_mar1.059.jpg,0.8147204856787345,1.0522712800453586,1
YawnDD\yawn\11-FemaleGlasses.avi_f001353_mar1.015.jpg,0.7805916038913356,1.0334156072557965,1
YawnDD\yawn\11-FemaleGlasses.avi_f001356_mar0.933.jpg,0.6938183285695122,1.0552613069866723,1
YawnDD\yawn\11-FemaleGlasses.avi_f001359_mar0.681.jpg,0.5223153754375363,1.0463486071780284,1
YawnDD\yawn\11-MaleGlasses_f000417_mar0.673.jpg,0.5002573563380901,1.1310522547575457,1
YawnDD\yawn\11-MaleGlasses_f000420_mar0.679.jpg,0.5462339359836826,1.1806408545197544,1
YawnDD\yawn\11-MaleGlasses_f000423_mar0.749.jpg,0.5699109504458544,1.184017679681903,1
YawnDD\yawn\11-MaleGlasses_f000426_mar0.818.jpg,0.5825422121864163,1.1666556438288984,1
YawnDD\yawn\11-MaleGlasses_f000429_mar0.871.jpg,0.6129253272116757,1.1836841662759428,1
YawnDD\yawn\11-MaleGlasses_f000432_mar0.905.jpg,0.6666527284909524,1.219960588866062,1
YawnDD\yawn\11-MaleGlasses_f000435_mar0.926.jpg,0.6630703269073539,1.1987119600927323,1
YawnDD\yawn\11-MaleGlasses_f000438_mar1.014.jpg,0.7347447589889277,1.1751521263129634,1
YawnDD\yawn\11-MaleGlasses_f000441_mar1.004.jpg,0.7249206941656882,1.1540535328347798,1
YawnDD\yawn\11-MaleGlasses_f000444_mar0.920.jpg,0.7212508603312064,1.1384780615759647,1
YawnDD\yawn\11-MaleGlasses_f000447_mar0.957.jpg,0.7272465846085571,1.1886234585295454,1
YawnDD\yawn\11-MaleGlasses_f000450_mar0.947.jpg,0.7754102164778467,1.1617027154509212,1
YawnDD\yawn\11-MaleGlasses_f000453_mar1.015.jpg,0.7365317478345202,1.1328299258661956,1
YawnDD\yawn\11-MaleGlasses_f000456_mar1.027.jpg,0.8095678848858268,1.234687120467793,1
YawnDD\yawn\11-MaleGlasses_f000459_mar0.988.jpg,0.7684924769174004,1.1540159497749698,1
YawnDD\yawn\11-MaleGlasses_f000462_mar1.042.jpg,0.764862101044314,1.2839198857451837,1
YawnDD\yawn\11-MaleGlasses_f000465_mar1.021.jpg,0.8273979868394935,1.1230045840262246,1
YawnDD\yawn\11-MaleGlasses_f000468_mar1.063.jpg,0.8060375687981405,1.1981851557269436,1
YawnDD\yawn\11-MaleGlasses_f000471_mar1.001.jpg,0.7227998602137566,1.2250115562733808,1
YawnDD\yawn\11-MaleGlasses_f000474_mar0.971.jpg,0.7469640423710496,1.1777048000543837,1
YawnDD\yawn\11-MaleGlasses_f000477_mar0.894.jpg,0.5164640276874052,1.1622279232768455,1
YawnDD\yawn\11-MaleGlasses_f000480_mar0.747.jpg,0.5301073371404936,1.2009892682308045,1
YawnDD\yawn\11-MaleGlasses_f001251_mar0.650.jpg,0.4808718403065373,1.1405301957678946,1
YawnDD\yawn\11-MaleGlasses_f001254_mar0.681.jpg,0.5372686044293435,1.16893948600654,1
YawnDD\yawn\11-MaleGlasses_f001257_mar0.674.jpg,0.5258508165749848,1.1828409056221427,1
YawnDD\yawn\11-MaleGlasses_f001260_mar0.689.jpg,0.5328190262806284,1.1918251257916652,1
YawnDD\yawn\11-MaleGlasses_f001263_mar0.717.jpg,0.5699427142312907,1.2247606148071897,1
YawnDD\yawn\11-MaleGlasses_f001266_mar0.752.jpg,0.5911409480871749,1.2126392924778113,1
YawnDD\yawn\11-MaleGlasses_f001269_mar0.880.jpg,0.6360651837179964,1.26446951890701,1
YawnDD\yawn\11-MaleGlasses_f001272_mar0.931.jpg,0.698418481753109,1.211988633075543,1
YawnDD\yawn\11-MaleGlasses_f001275_mar0.908.jpg,0.6926684832166269,1.1900974124191726,1
YawnDD\yawn\11-MaleGlasses_f001278_mar0.907.jpg,0.6572706357735937,1.1813117284345656,1
YawnDD\yawn\11-MaleGlasses_f001281_mar0.911.jpg,0.6993287746408545,1.1995568675381352,1
YawnDD\yawn\11-MaleGlasses_f001284_mar0.906.jpg,0.6551232970554962,1.2542730890220093,1
YawnDD\yawn\11-MaleGlasses_f001287_mar0.935.jpg,0.6941141567779565,1.2788878824095549,1
YawnDD\yawn\11-MaleGlasses_f001290_mar0.870.jpg,0.710536363596549,1.2579953551955143,1
YawnDD\yawn\11-MaleGlasses_f001293_mar0.897.jpg,0.745359738842349,1.1635314371240033,1
YawnDD\yawn\11-MaleGlasses_f001296_mar0.916.jpg,0.7056277608578262,1.1236499290710351,1
YawnDD\yawn\11-MaleGlasses_f001299_mar0.961.jpg,0.6217931084512526,1.1487367331700635,1
YawnDD\yawn\11-MaleGlasses_f001302_mar0.995.jpg,0.7278936764588809,1.2161567377855158,1
YawnDD\yawn\11-MaleGlasses_f001305_mar0.998.jpg,0.7876861574559338,1.197320605332528,1
YawnDD\yawn\11-MaleGlasses_f001308_mar0.999.jpg,0.7854818040324645,1.2054416843035343,1
YawnDD\yawn\11-MaleGlasses_f001311_mar0.990.jpg,0.7522724896170802,1.2059094983814027,1
YawnDD\yawn\11-MaleGlasses_f001314_mar0.974.jpg,0.22277169750788536,0.9678238264094563,1
YawnDD\yawn\11-MaleGlasses_f001317_mar0.967.jpg,0.24709960154716004,1.0381268619815083,1
YawnDD\yawn\11-MaleGlasses_f001320_mar0.908.jpg,0.5937695637113934,1.1003093622475517,1
YawnDD\yawn\11-MaleGlasses_f001323_mar0.912.jpg,0.7067779133933129,1.2565738451993511,1
YawnDD\yawn\11-MaleGlasses_f001326_mar0.907.jpg,0.6761651470576188,1.2317330123908505,1
YawnDD\yawn\11-MaleGlasses_f001329_mar0.922.jpg,0.67464588646384,1.243191382164407,1
YawnDD\yawn\11-MaleGlasses_f001332_mar0.880.jpg,0.6410428019085537,1.256767484844319,1
YawnDD\yawn\11-MaleGlasses_f001335_mar0.835.jpg,0.6412571956739137,1.2105550269007777,1
YawnDD\yawn\11-MaleGlasses_f001338_mar0.841.jpg,0.65663122301616,1.2239019755457787,1
YawnDD\yawn\11-MaleGlasses_f001341_mar0.803.jpg,0.6109819611045728,1.1825221547630935,1
YawnDD\yawn\11-MaleGlasses_f001344_mar0.659.jpg,0.5199716856046467,1.1539469909068854,1
YawnDD\yawn\11-MaleGlasses_f001347_mar0.607.jpg,0.5027670445031677,1.1515234407772559,1
YawnDD\yawn\12-FemaleGlasses.avi_f001164_mar0.607.jpg,0.4957751423665116,1.1237865043375392,1
YawnDD\yawn\12-FemaleGlasses.avi_f001167_mar0.613.jpg,0.5080019532383792,1.1329961576347718,1
YawnDD\yawn\12-FemaleGlasses.avi_f001170_mar0.660.jpg,0.5089372185197425,1.1310343490336525,1
YawnDD\yawn\12-FemaleGlasses.avi_f001173_mar0.659.jpg,0.5358933580984381,1.1111135748018484,1
YawnDD\yawn\12-FemaleGlasses.avi_f001176_mar0.655.jpg,0.5087707606617232,1.1196782427704433,1
YawnDD\yawn\12-FemaleGlasses.avi_f001179_mar0.698.jpg,0.5197160146807586,1.1521725319497567,1
YawnDD\yawn\12-FemaleGlasses.avi_f001182_mar0.662.jpg,0.5403381044954199,1.154937205785266,1
YawnDD\yawn\12-FemaleGlasses.avi_f001185_mar0.648.jpg,0.515628872273672,1.177692875927569,1
YawnDD\yawn\12-FemaleGlasses.avi_f001188_mar0.683.jpg,0.5342782910620657,1.0858397366038772,1
YawnDD\yawn\12-FemaleGlasses.avi_f001191_mar0.636.jpg,0.5005854831106996,1.121850853431872,1
YawnDD\yawn\12-FemaleGlasses.avi_f001194_mar0.634.jpg,0.4990376154474003,1.0902641225759468,1
YawnDD\yawn\12-FemaleGlasses.avi_f001197_mar0.616.jpg,0.4994045616628431,1.0780688430857988,1
YawnDD\yawn\12-FemaleGlasses.avi_f001827_mar0.609.jpg,0.47903605619416006,1.1233114470740864,1
YawnDD\yawn\12-FemaleGlasses.avi_f001830_mar0.623.jpg,0.47373374787471556,1.1231201453841633,1
YawnDD\yawn\12-FemaleGlasses.avi_f001833_mar0.630.jpg,0.4932575878266851,1.1464494409210046,1
YawnDD\yawn\12-FemaleGlasses.avi_f001836_mar0.633.jpg,0.4938386319746505,1.1649736284625027,1
YawnDD\yawn\12-FemaleGlasses.avi_f001839_mar0.609.jpg,0.4911747038120861,1.1649296908152462,1
YawnDD\yawn\12-FemaleGlasses.avi_f001842_mar0.629.jpg,0.4990303681624534,1.1757081000442997,1
YawnDD\yawn\12-FemaleGlasses.avi_f001845_mar0.635.jpg,0.4991153242033464,1.1810283507076733,1
YawnDD\yawn\12-FemaleGlasses.avi_f001848_mar0.637.jpg,0.48524817610322285,1.157343799604455,1
YawnDD\yawn\12-FemaleGlasses.avi_f001851_mar0.675.jpg,0.49819484731456615,1.16331210972884,1
YawnDD\yawn\12-FemaleGlasses.avi_f001854_mar0.660.jpg,0.49101438468010955,1.180420382138851,1
YawnDD\yawn\12-FemaleGlasses.avi_f001857_mar0.634.jpg,0.4893884033069091,1.1325251581145237,1
YawnDD\yawn\12-FemaleGlasses.avi_f001860_mar0.639.jpg,0.4868727375870483,1.134857568559379,1
YawnDD\yawn\12-FemaleGlasses.avi_f001863_mar0.617.jpg,0.4726131663088718,1.095474484498538,1
YawnDD\yawn\12-MaleGlasses_f000723_mar0.625.jpg,0.5062076419000073,1.1766407085038615,1
YawnDD\yawn\12-MaleGlasses_f000726_mar0.654.jpg,0.5092693566455856,1.1926527197856984,1
YawnDD\yawn\12-MaleGlasses_f000729_mar0.621.jpg,0.503766808548924,1.1833069297443477,1
YawnDD\yawn\12-MaleGlasses_f000732_mar0.632.jpg,0.5019813938661127,1.187364768060283,1
YawnDD\yawn\12-MaleGlasses_f000735_mar0.624.jpg,0.48793432884594656,1.1755704453588693,1
YawnDD\yawn\12-MaleGlasses_f000747_mar0.602.jpg,0.4974749026055483,1.1689225516671238,1
YawnDD\yawn\12-MaleGlasses_f000750_mar0.615.jpg,0.5027084777759028,1.1672927546697522,1
YawnDD\yawn\12-MaleGlasses_f000753_mar0.619.jpg,0.5210757697729814,1.1985895118639407,1
YawnDD\yawn\12-MaleGlasses_f000756_mar0.636.jpg,0.5207805161288914,1.1935667559843413,1
YawnDD\yawn\12-MaleGlasses_f000759_mar0.663.jpg,0.5428286280476563,1.1910506945119004,1
YawnDD\yawn\12-MaleGlasses_f000762_mar0.704.jpg,0.5587536399949257,1.190582250549659,1
YawnDD\yawn\12-MaleGlasses_f000765_mar0.721.jpg,0.5671928470436155,1.193290946251499,1
YawnDD\yawn\12-MaleGlasses_f000768_mar0.779.jpg,0.5954965313252409,1.1847199735433436,1
YawnDD\yawn\12-MaleGlasses_f000771_mar0.761.jpg,0.6116236238605107,1.194961852756522,1
YawnDD\yawn\12-MaleGlasses_f000774_mar0.658.jpg,0.526651005272446,1.1848081567985123,1
YawnDD\yawn\12-MaleGlasses_f000909_mar0.601.jpg,0.4800685174798066,1.1416016464388727,1
YawnDD\yawn\12-MaleGlasses_f000912_mar0.617.jpg,0.4712051900173767,1.148584629345867,1
YawnDD\yawn\12-MaleGlasses_f000915_mar0.645.jpg,0.528736658606087,1.1736840281089318,1
YawnDD\yawn\12-MaleGlasses_f000918_mar0.640.jpg,0.5091594512394279,1.1685632441121516,1
YawnDD\yawn\12-MaleGlasses_f000921_mar0.652.jpg,0.5307712457866086,1.1796810003436768,1
YawnDD\yawn\12-MaleGlasses_f000924_mar0.640.jpg,0.5346538558945394,1.172761374100145,1
YawnDD\yawn\12-MaleGlasses_f000927_mar0.641.jpg,0.52244231412044,1.1805306887526645,1
YawnDD\yawn\12-MaleGlasses_f000930_mar0.625.jpg,0.5089559644202637,1.171422325193905,1
YawnDD\yawn\12-MaleGlasses_f000933_mar0.609.jpg,0.4941783832671735,1.1526994768421701,1
YawnDD\yawn\12-MaleGlasses_f001266_mar0.611.jpg,0.4695443095027021,1.141903244493285,1
YawnDD\yawn\12-MaleGlasses_f001272_mar0.610.jpg,0.47632369713314565,1.1582191174052494,1
YawnDD\yawn\12-MaleGlasses_f001275_mar0.603.jpg,0.4784229024269109,1.1435652318967604,1
YawnDD\yawn\12-MaleGlasses_f001278_mar0.604.jpg,0.47570390762842907,1.1484722328385266,1
YawnDD\yawn\12-MaleGlasses_f001281_mar0.608.jpg,0.49191087822300117,1.162430408150169,1
YawnDD\yawn\12-MaleGlasses_f001284_mar0.625.jpg,0.49726919863049834,1.1801375216883223,1
YawnDD\yawn\12-MaleGlasses_f001287_mar0.654.jpg,0.541010271092363,1.1464354104229244,1
YawnDD\yawn\12-MaleGlasses_f001290_mar0.683.jpg,0.5162476505547895,1.1640294524980344,1
YawnDD\yawn\12-MaleGlasses_f001293_mar0.666.jpg,0.5378800804613155,1.166039433936082,1
YawnDD\yawn\12-MaleGlasses_f001296_mar0.688.jpg,0.5406396476313967,1.1732214775011236,1
YawnDD\yawn\12-MaleGlasses_f001299_mar0.693.jpg,0.5161034333897698,1.1546277503133373,1
YawnDD\yawn\12-MaleGlasses_f001302_mar0.682.jpg,0.5361717117811418,1.1730736054141937,1
YawnDD\yawn\12-MaleGlasses_f001305_mar0.695.jpg,0.5170620373000089,1.1837982335236088,1
YawnDD\yawn\12-MaleGlasses_f001308_mar0.700.jpg,0.5751594215454976,1.1891739542793482,1
YawnDD\yawn\12-MaleGlasses_f001311_mar0.684.jpg,0.5694867037178397,1.202549239495392,1
YawnDD\yawn\12-MaleGlasses_f001314_mar0.702.jpg,0.5216239229203266,1.1723286952388143,1
YawnDD\yawn\12-MaleGlasses_f001317_mar0.698.jpg,0.552176499436876,1.1879448172890343,1
YawnDD\yawn\12-MaleGlasses_f001320_mar0.731.jpg,0.5589402932497064,1.2079527424295757,1
YawnDD\yawn\12-MaleGlasses_f001323_mar0.702.jpg,0.5542132060654619,1.1711436564304916,1
YawnDD\yawn\12-MaleGlasses_f001326_mar0.674.jpg,0.5413731369465308,1.2249188153204316,1
YawnDD\yawn\12-MaleGlasses_f001329_mar0.732.jpg,0.5585081902284498,1.1965772431184953,1
YawnDD\yawn\12-MaleGlasses_f001332_mar0.749.jpg,0.5495709428214323,1.1864653441871313,1
YawnDD\yawn\12-MaleGlasses_f001335_mar0.681.jpg,0.5085580216259268,1.1719696956014085,1
YawnDD\yawn\12-MaleGlasses_f001740_mar0.602.jpg,0.4825791215930992,1.1571638836739286,1
YawnDD\yawn\12-MaleGlasses_f001746_mar0.602.jpg,0.4739423046806807,1.1632135195482027,1
YawnDD\yawn\12-MaleGlasses_f001749_mar0.619.jpg,0.4894527016059127,1.1728943610719664,1
YawnDD\yawn\12-MaleGlasses_f001752_mar0.638.jpg,0.5079217228184033,1.1637476503988609,1
YawnDD\yawn\12-MaleGlasses_f001755_mar0.663.jpg,0.5139768739657444,1.1815132052088313,1
YawnDD\yawn\12-MaleGlasses_f001758_mar0.656.jpg,0.52279161681782,1.1868318294217453,1
YawnDD\yawn\12-MaleGlasses_f001761_mar0.670.jpg,0.5357875301592347,1.1677740119629665,1
YawnDD\yawn\12-MaleGlasses_f001764_mar0.662.jpg,0.4977569964099092,1.1985241536042786,1
YawnDD\yawn\12-MaleGlasses_f001767_mar0.705.jpg,0.5191067834588022,1.1888132735319517,1
YawnDD\yawn\12-MaleGlasses_f001770_mar0.688.jpg,0.5460048246337788,1.1855403622967133,1
YawnDD\yawn\12-MaleGlasses_f001773_mar0.666.jpg,0.5785030227516842,1.1929883418679017,1
YawnDD\yawn\12-MaleGlasses_f001776_mar0.659.jpg,0.5469580616024847,1.1793510499713014,1
YawnDD\yawn\12-MaleGlasses_f001779_mar0.673.jpg,0.5248248033747372,1.1872373924361546,1
YawnDD\yawn\13-FemaleGlasses.avi_f000981_mar0.603.jpg,0.4630952874854348,1.0135767684877603,1
YawnDD\yawn\13-FemaleGlasses.avi_f000984_mar0.611.jpg,0.45250423341713536,0.998160868636559,1
YawnDD\yawn\13-FemaleGlasses.avi_f000987_mar0.658.jpg,0.5237196123031586,1.0292009302553338,1
YawnDD\yawn\13-FemaleGlasses.avi_f000990_mar0.671.jpg,0.5270870591411895,1.0833344094888582,1
YawnDD\yawn\13-FemaleGlasses.avi_f000993_mar0.692.jpg,0.5267867793923687,1.1720007699644794,1
YawnDD\yawn\13-FemaleGlasses.avi_f000996_mar0.677.jpg,0.5290984743728799,1.1117119105450235,1
YawnDD\yawn\13-FemaleGlasses.avi_f001629_mar0.710.jpg,0.5586450091528141,1.0463774697083108,1
YawnDD\yawn\13-FemaleGlasses.avi_f001632_mar0.706.jpg,0.5678792850580071,1.0507421166096536,1
YawnDD\yawn\13-FemaleGlasses.avi_f001635_mar0.768.jpg,0.5628123480484106,1.045308038487446,1
YawnDD\yawn\13-FemaleGlasses.avi_f001638_mar0.783.jpg,0.6083047684854727,1.0509213513936622,1
YawnDD\yawn\13-FemaleGlasses.avi_f001641_mar0.789.jpg,0.6121754022210413,1.065405224122544,1
YawnDD\yawn\13-FemaleGlasses.avi_f001644_mar0.808.jpg,0.6242168708763443,1.0675012938083788,1
YawnDD\yawn\13-FemaleGlasses.avi_f001647_mar0.812.jpg,0.6425067074120477,1.0633334468489124,1
YawnDD\yawn\13-FemaleGlasses.avi_f001650_mar0.789.jpg,0.6404423748787305,1.0796599081819083,1
YawnDD\yawn\13-FemaleGlasses.avi_f001653_mar0.833.jpg,0.6505104420826744,1.0777419607362968,1
YawnDD\yawn\13-FemaleGlasses.avi_f001656_mar0.800.jpg,0.6615250051167081,1.0739450608411512,1
YawnDD\yawn\13-FemaleGlasses.avi_f001659_mar0.794.jpg,0.6483391167102467,1.0781268459933608,1
YawnDD\yawn\13-FemaleGlasses.avi_f001662_mar0.743.jpg,0.5719744512556993,1.0614210343518327,1
YawnDD\yawn\13-FemaleGlasses.avi_f001665_mar0.681.jpg,0.556318771920823,1.03078882720924,1
YawnDD\yawn\13-MaleNoGlasses _f000984_mar0.612.jpg,0.5388006411170929,1.0999081670929567,1
YawnDD\yawn\13-MaleNoGlasses _f000987_mar0.694.jpg,0.5914631112766677,1.1193102106065143,1
YawnDD\yawn\13-MaleNoGlasses _f000990_mar0.713.jpg,0.5639868383424128,1.150845654704786,1
YawnDD\yawn\13-MaleNoGlasses _f000993_mar0.718.jpg,0.5986287277941922,1.1649058591186023,1
YawnDD\yawn\13-MaleNoGlasses _f000996_mar0.815.jpg,0.6519631512402684,1.1398129565906743,1
YawnDD\yawn\13-MaleNoGlasses _f000999_mar0.804.jpg,0.646193878538439,1.0857600203716895,1
YawnDD\yawn\13-MaleNoGlasses _f001002_mar0.847.jpg,0.6066843285757504,1.129235619483138,1
YawnDD\yawn\13-MaleNoGlasses _f001005_mar0.784.jpg,0.6220164145060216,1.1206419954037377,1
YawnDD\yawn\13-MaleNoGlasses _f001008_mar0.811.jpg,0.6120774328652685,1.1350360980408536,1
YawnDD\yawn\13-MaleNoGlasses _f001011_mar0.730.jpg,0.6141073883722883,1.1092325941939896,1
YawnDD\yawn\13-MaleNoGlasses _f001014_mar0.786.jpg,0.6062011863750018,1.103858515087043,1
YawnDD\yawn\13-MaleNoGlasses _f001017_mar0.709.jpg,0.6114822656982191,1.1071009991777467,1
YawnDD\yawn\13-MaleNoGlasses _f001020_mar0.689.jpg,0.5554900934773483,1.1002904786706729,1
YawnDD\yawn\13-MaleNoGlasses _f001023_mar0.648.jpg,0.5682227074784361,1.104937354963733,1
YawnDD\yawn\13-MaleNoGlasses _f001026_mar0.662.jpg,0.5767263789345554,1.1237756064988325,1
YawnDD\yawn\13-MaleNoGlasses _f001029_mar0.687.jpg,0.5548749712723382,1.1128668888098634,1
YawnDD\yawn\13-MaleNoGlasses _f001032_mar0.686.jpg,0.5638142196926031,1.1147365435778,1
YawnDD\yawn\13-MaleNoGlasses _f001035_mar0.670.jpg,0.5775472171613526,1.1265338720579832,1
YawnDD\yawn\13-MaleNoGlasses _f001038_mar0.683.jpg,0.5924975149541161,1.1182631959737264,1
YawnDD\yawn\13-MaleNoGlasses _f001041_mar0.693.jpg,0.5924677265586861,1.1252604483400397,1
YawnDD\yawn\13-MaleNoGlasses _f001044_mar0.687.jpg,0.5956047098067399,1.1223703091444437,1
YawnDD\yawn\13-MaleNoGlasses _f001047_mar0.626.jpg,0.562315858933993,1.111849711682605,1
YawnDD\yawn\13-MaleNoGlasses _f001092_mar0.711.jpg,0.5984567472632077,1.1480138937822661,1
YawnDD\yawn\13-MaleNoGlasses _f001095_mar0.847.jpg,0.6674458962104155,1.1163152219028927,1
YawnDD\yawn\13-MaleNoGlasses _f001098_mar0.816.jpg,0.635493058206578,1.146500093896989,1
YawnDD\yawn\13-MaleNoGlasses _f001101_mar0.861.jpg,0.6045714741332742,1.091717556764681,1
YawnDD\yawn\13-MaleNoGlasses _f001104_mar0.848.jpg,0.6149063813744499,1.0727791726700708,1
YawnDD\yawn\13-MaleNoGlasses _f001107_mar0.819.jpg,0.6177535296591884,1.073776318122335,1
YawnDD\yawn\13-MaleNoGlasses _f001110_mar0.792.jpg,0.5781967781764263,1.055776632029286,1
YawnDD\yawn\13-MaleNoGlasses _f001113_mar0.761.jpg,0.6122605556826322,1.0687016250814978,1
YawnDD\yawn\13-MaleNoGlasses _f001116_mar0.806.jpg,0.594374380341389,1.0640463391853772,1
YawnDD\yawn\13-MaleNoGlasses _f001119_mar0.788.jpg,0.5809970842892402,1.0775976364234927,1
YawnDD\yawn\13-MaleNoGlasses _f001122_mar0.793.jpg,0.5890861170288592,1.059012376666466,1
YawnDD\yawn\13-MaleNoGlasses _f001125_mar0.736.jpg,0.5922167417685308,1.054281812228126,1
YawnDD\yawn\13-MaleNoGlasses _f001128_mar0.773.jpg,0.5893055936205613,1.0505336098710565,1
YawnDD\yawn\13-MaleNoGlasses _f001131_mar0.774.jpg,0.5831101045953573,1.0746743152610772,1
YawnDD\yawn\13-MaleNoGlasses _f001134_mar0.788.jpg,0.5754166897924406,1.0563069496496214,1
YawnDD\yawn\13-MaleNoGlasses _f001137_mar0.748.jpg,0.5822210028843435,1.0720702934608468,1
YawnDD\yawn\13-MaleNoGlasses _f001140_mar0.752.jpg,0.5681280733094601,1.0761464739585407,1
YawnDD\yawn\13-MaleNoGlasses _f001143_mar0.754.jpg,0.5620187750341784,1.0581621728962904,1
YawnDD\yawn\13-MaleNoGlasses _f001146_mar0.735.jpg,0.5781660782978701,1.0409201460935265,1
YawnDD\yawn\13-MaleNoGlasses _f001149_mar0.753.jpg,0.6048936847023254,1.060637447392074,1
YawnDD\yawn\13-MaleNoGlasses _f001152_mar0.791.jpg,0.608490035953335,1.0952097999469839,1
YawnDD\yawn\13-MaleNoGlasses _f001155_mar0.707.jpg,0.5586394499208878,1.0867400543614933,1
YawnDD\yawn\14-MaleNoGlasses_f000756_mar0.661.jpg,0.5380140701617128,1.146010162533046,1
YawnDD\yawn\14-MaleNoGlasses_f000759_mar0.785.jpg,0.6102519513255356,1.17170635211051,1
YawnDD\yawn\14-MaleNoGlasses_f000762_mar0.897.jpg,0.7083822704070397,1.1976984790851402,1
YawnDD\yawn\14-MaleNoGlasses_f000765_mar0.957.jpg,0.7418425543185305,1.2232864329990685,1
YawnDD\yawn\14-MaleNoGlasses_f000768_mar1.034.jpg,0.7786684907635013,1.2205939199825646,1
YawnDD\yawn\14-MaleNoGlasses_f000771_mar1.163.jpg,0.847420657153604,1.233930768780966,1
YawnDD\yawn\14-MaleNoGlasses_f000774_mar1.222.jpg,0.8847998193336796,1.2532902849129737,1
YawnDD\yawn\14-MaleNoGlasses_f000777_mar1.306.jpg,0.9166364828386642,1.2993007933246181,1
YawnDD\yawn\14-MaleNoGlasses_f000780_mar1.239.jpg,0.8684456701562139,1.2592900185747153,1
YawnDD\yawn\14-MaleNoGlasses_f000783_mar1.163.jpg,0.865103257397313,1.3198043177679935,1
YawnDD\yawn\14-MaleNoGlasses_f000786_mar1.187.jpg,0.9253306933096851,1.3202670701466404,1
YawnDD\yawn\14-MaleNoGlasses_f000789_mar1.231.jpg,0.869490086104227,1.313615207692073,1
YawnDD\yawn\14-MaleNoGlasses_f000792_mar1.208.jpg,0.880961572104516,1.327663394232972,1
YawnDD\yawn\14-MaleNoGlasses_f000795_mar1.427.jpg,0.9482492459441361,1.3500360309361088,1
YawnDD\yawn\14-MaleNoGlasses_f000798_mar1.389.jpg,0.8973989957825923,1.3469207085271868,1
YawnDD\yawn\14-MaleNoGlasses_f000801_mar1.317.jpg,0.9021438913054565,1.3240953745670248,1
YawnDD\yawn\14-MaleNoGlasses_f000804_mar1.568.jpg,0.9128067706049817,1.306831151694548,1
YawnDD\yawn\14-MaleNoGlasses_f000807_mar1.278.jpg,0.865819550707731,1.3425939294467615,1
YawnDD\yawn\14-MaleNoGlasses_f000810_mar1.455.jpg,0.8217941780418605,1.3352268342692968,1
YawnDD\yawn\14-MaleNoGlasses_f000813_mar1.401.jpg,0.9709618697620173,1.3012274584863601,1
YawnDD\yawn\14-MaleNoGlasses_f000816_mar1.312.jpg,0.9824469745938484,1.2986577806433048,1
YawnDD\yawn\14-MaleNoGlasses_f000819_mar1.350.jpg,0.9222800552118294,1.34128066156115,1
YawnDD\yawn\14-MaleNoGlasses_f000822_mar1.277.jpg,0.8772920793735045,1.3007646658837075,1
YawnDD\yawn\14-MaleNoGlasses_f000825_mar1.201.jpg,1.0141632342674949,1.2480736556355536,1
YawnDD\yawn\14-MaleNoGlasses_f000828_mar1.303.jpg,0.9327686474070219,1.1890439097930938,1
YawnDD\yawn\14-MaleNoGlasses_f000831_mar1.195.jpg,0.6579156334935597,1.0859063282006298,1
YawnDD\yawn\14-MaleNoGlasses_f000834_mar1.209.jpg,0.822551584045833,1.2194039517655193,1
YawnDD\yawn\14-MaleNoGlasses_f000837_mar1.265.jpg,0.8004571923384883,1.1716705246505827,1
YawnDD\yawn\14-MaleNoGlasses_f000840_mar1.072.jpg,0.6652157272986922,1.1193968722485579,1
YawnDD\yawn\14-MaleNoGlasses_f000843_mar1.138.jpg,0.38204243413329875,1.0127380110317317,1
YawnDD\yawn\14-MaleNoGlasses_f000846_mar1.236.jpg,0.39456511542606115,1.0922034335126511,1
YawnDD\yawn\14-MaleNoGlasses_f000849_mar1.357.jpg,0.8260896803678888,1.1226423913384824,1
YawnDD\yawn\14-MaleNoGlasses_f000852_mar1.294.jpg,0.9421569532576264,1.2237429620946236,1
YawnDD\yawn\14-MaleNoGlasses_f000855_mar1.278.jpg,0.9287443981186477,1.281272882774742,1
YawnDD\yawn\14-MaleNoGlasses_f000858_mar1.214.jpg,1.0881973165188097,1.2508518334190946,1
YawnDD\yawn\14-MaleNoGlasses_f000861_mar1.290.jpg,0.6200474293651109,1.153927843480722,1
YawnDD\yawn\14-MaleNoGlasses_f000864_mar1.255.jpg,0.44621539592143794,1.2529007304197692,1
YawnDD\yawn\14-MaleNoGlasses_f000867_mar1.172.jpg,0.5081235262769941,1.3411290570204577,1
YawnDD\yawn\14-MaleNoGlasses_f000870_mar1.176.jpg,0.42591943874671584,1.231808791476734,1
YawnDD\yawn\14-MaleNoGlasses_f000873_mar1.278.jpg,0.07743964823137356,1.0191346312962095,1
YawnDD\yawn\14-MaleNoGlasses_f000876_mar1.111.jpg,0.1004995008452156,0.9959136919953363,1
YawnDD\yawn\14-MaleNoGlasses_f000879_mar1.077.jpg,0.21970218177060802,1.0117143766429528,1
YawnDD\yawn\14-MaleNoGlasses_f000882_mar1.043.jpg,0.11614691799783314,0.9365253405647074,1
YawnDD\yawn\14-MaleNoGlasses_f000885_mar1.014.jpg,0.1777082764663928,1.098822855215026,1
YawnDD\yawn\14-MaleNoGlasses_f000888_mar1.061.jpg,0.46910492789169506,1.1013080203008767,1
YawnDD\yawn\14-MaleNoGlasses_f000891_mar0.778.jpg,0.5676604366260746,1.0203031340239765,1
YawnDD\yawn\14-MaleNoGlasses_f000894_mar0.766.jpg,0.4726067237366882,1.084785293350641,1
YawnDD\yawn\14-MaleNoGlasses_f000897_mar0.714.jpg,0.5038473730206291,1.1245566602495423,1
YawnDD\yawn\14-MaleNoGlasses_f000900_mar0.705.jpg,0.5207884356808109,1.1049001828634903,1
YawnDD\yawn\14-MaleNoGlasses_f002163_mar0.673.jpg,0.5163806872984141,1.112859261332158,1
YawnDD\yawn\14-MaleNoGlasses_f002166_mar0.745.jpg,0.5693857069353967,1.124483324282708,1
YawnDD\yawn\14-MaleNoGlasses_f002169_mar0.857.jpg,0.6504676053756331,1.1693016541873553,1
YawnDD\yawn\14-MaleNoGlasses_f002172_mar0.971.jpg,0.700163903870039,1.2142994852824807,1
YawnDD\yawn\14-MaleNoGlasses_f002175_mar1.075.jpg,0.8005393549462032,1.2351017325601341,1
YawnDD\yawn\14-MaleNoGlasses_f002178_mar1.196.jpg,0.8299031008749969,1.2510904980026554,1
YawnDD\yawn\14-MaleNoGlasses_f002181_mar1.190.jpg,0.8166936578176626,1.277803999982955,1
YawnDD\yawn\14-MaleNoGlasses_f002184_mar1.334.jpg,0.8579134544895975,1.2847553723632679,1
YawnDD\yawn\14-MaleNoGlasses_f002187_mar1.261.jpg,0.8451487800503876,1.3011408358031598,1
YawnDD\yawn\14-MaleNoGlasses_f002190_mar1.237.jpg,0.8851543885760248,1.3337118508334291,1
YawnDD\yawn\14-MaleNoGlasses_f002193_mar1.381.jpg,0.8672932045877976,1.3608286912496366,1
YawnDD\yawn\14-MaleNoGlasses_f002196_mar1.399.jpg,0.8801593055376549,1.372473753288859,1
YawnDD\yawn\14-MaleNoGlasses_f002199_mar1.293.jpg,0.7775082172477326,1.2982286201029112,1
YawnDD\yawn\14-MaleNoGlasses_f002202_mar1.357.jpg,0.6827051823457293,1.3280334548594679,1
YawnDD\yawn\14-MaleNoGlasses_f002205_mar1.326.jpg,0.855867134760958,1.3734160767788435,1
YawnDD\yawn\14-MaleNoGlasses_f002208_mar1.368.jpg,0.8207798121272235,1.310531165880636,1
YawnDD\yawn\14-MaleNoGlasses_f002211_mar1.371.jpg,0.8729008357142324,1.2202724323436283,1
YawnDD\yawn\14-MaleNoGlasses_f002214_mar1.311.jpg,0.8384076278294246,1.3522793028554785,1
YawnDD\yawn\14-MaleNoGlasses_f002220_mar1.275.jpg,0.686855160904319,1.323779028471236,1
YawnDD\yawn\14-MaleNoGlasses_f002223_mar1.356.jpg,0.8614223890851925,1.337020856385485,1
YawnDD\yawn\14-MaleNoGlasses_f002226_mar1.302.jpg,0.6199910854633628,1.2932299793521596,1
YawnDD\yawn\14-MaleNoGlasses_f002229_mar1.400.jpg,0.3915468786182414,1.4190972602453842,1
YawnDD\yawn\14-MaleNoGlasses_f002232_mar1.327.jpg,0.3369074289817267,1.1469669605294288,1
YawnDD\yawn\14-MaleNoGlasses_f002235_mar1.373.jpg,0.07519488258488126,1.0053543311727633,1
YawnDD\yawn\14-MaleNoGlasses_f002238_mar1.299.jpg,0.08111919701383095,0.9845421332246276,1
YawnDD\yawn\14-MaleNoGlasses_f002241_mar1.300.jpg,0.1565409431547703,1.036706107535952,1
YawnDD\yawn\14-MaleNoGlasses_f002244_mar1.276.jpg,0.07656718508290941,1.0903024501282124,1
YawnDD\yawn\14-MaleNoGlasses_f002247_mar1.281.jpg,0.09117420125257977,1.0499522427251577,1
YawnDD\yawn\14-MaleNoGlasses_f002250_mar1.326.jpg,0.25249058568739635,1.088353679381632,1
YawnDD\yawn\14-MaleNoGlasses_f002253_mar1.158.jpg,0.08017569385346551,0.9890060394115452,1
YawnDD\yawn\14-MaleNoGlasses_f002256_mar1.092.jpg,0.0725389982397193,1.021146008366243,1
YawnDD\yawn\14-MaleNoGlasses_f002259_mar1.098.jpg,0.5946217887998684,1.4314774023058678,1
YawnDD\yawn\14-MaleNoGlasses_f002262_mar1.127.jpg,0.47976410856248003,1.1558307708510585,1
YawnDD\yawn\14-MaleNoGlasses_f002265_mar1.243.jpg,0.8798702075784857,1.1895387060264593,1
YawnDD\yawn\14-MaleNoGlasses_f002268_mar1.191.jpg,0.838237630947361,1.207935458627089,1
YawnDD\yawn\14-MaleNoGlasses_f002271_mar1.133.jpg,0.7657455647030806,1.3375784448726344,1
YawnDD\yawn\14-MaleNoGlasses_f002274_mar1.102.jpg,0.7481421573421017,1.3371756727893829,1
YawnDD\yawn\14-MaleNoGlasses_f002277_mar1.043.jpg,0.8118875537803497,1.32184336975908,1
YawnDD\yawn\14-MaleNoGlasses_f002280_mar1.098.jpg,0.7069511187855573,1.2928047835420946,1
YawnDD\yawn\14-MaleNoGlasses_f002283_mar1.248.jpg,0.7184936579318061,1.1962303706066233,1
YawnDD\yawn\14-MaleNoGlasses_f002286_mar1.139.jpg,0.6610389047177336,1.2915770717383301,1
YawnDD\yawn\14-MaleNoGlasses_f002289_mar1.214.jpg,0.7304082673759174,1.3621313969050588,1
YawnDD\yawn\14-MaleNoGlasses_f002292_mar1.024.jpg,0.7721719744426314,1.3478171435246877,1
YawnDD\yawn\14-MaleNoGlasses_f002295_mar0.984.jpg,0.756766788323617,1.3287899531722933,1
YawnDD\yawn\14-MaleNoGlasses_f002298_mar0.908.jpg,0.6320931990275428,1.238565170102497,1
YawnDD\yawn\14-MaleNoGlasses_f002301_mar0.758.jpg,0.5593689219942907,1.2066667771556192,1
YawnDD\yawn\14-MaleNoGlasses_f002304_mar0.695.jpg,0.5434901485737975,1.1640164696686552,1
YawnDD\yawn\14-MaleNoGlasses_f002307_mar0.615.jpg,0.5275828023201952,1.1551218587073977,1
YawnDD\yawn\15-MaleGlasses_f000327_mar0.650.jpg,0.5187261521234445,1.1985876001431484,1
YawnDD\yawn\15-MaleGlasses_f000330_mar0.650.jpg,0.489219443399829,1.217602445877436,1
YawnDD\yawn\15-MaleGlasses_f000756_mar0.633.jpg,0.49187564204123363,1.0925813362233037,1
YawnDD\yawn\15-MaleGlasses_f000759_mar0.652.jpg,0.5142391479835339,1.1680786888016874,1
YawnDD\yawn\15-MaleGlasses_f000762_mar0.726.jpg,0.5408423104304925,1.1838769609806112,1
YawnDD\yawn\15-MaleGlasses_f000765_mar0.810.jpg,0.5589142727801064,1.1736629376431724,1
YawnDD\yawn\15-MaleGlasses_f000768_mar0.858.jpg,0.5716172039431618,1.2046723370081982,1
YawnDD\yawn\15-MaleGlasses_f000771_mar0.897.jpg,0.5929612386380849,1.1459898485057443,1
YawnDD\yawn\15-MaleGlasses_f000774_mar0.923.jpg,0.6081137435471768,1.2491741590254364,1
YawnDD\yawn\15-MaleGlasses_f000777_mar0.854.jpg,0.5837136637811019,1.265084455312402,1
YawnDD\yawn\15-MaleGlasses_f000780_mar0.801.jpg,0.5812397147306878,1.2119197143722908,1
YawnDD\yawn\15-MaleGlasses_f000783_mar0.830.jpg,0.607683106092658,1.1438136731053452,1
YawnDD\yawn\15-MaleGlasses_f000786_mar0.762.jpg,0.562522044892755,1.250694204515312,1
YawnDD\yawn\15-MaleGlasses_f000789_mar0.733.jpg,0.5415083961595165,1.2616308711818873,1
YawnDD\yawn\15-MaleGlasses_f000792_mar0.683.jpg,0.4887564536117909,1.2642854671866341,1
YawnDD\yawn\15-MaleGlasses_f000795_mar0.674.jpg,0.47732071177968644,1.2631808685192822,1
YawnDD\yawn\15-MaleGlasses_f000798_mar0.663.jpg,0.4529503080740939,1.2593709230047256,1
YawnDD\yawn\15-MaleGlasses_f000801_mar0.628.jpg,0.49012192949209266,1.235404037390964,1
YawnDD\yawn\15-MaleGlasses_f001359_mar0.604.jpg,0.45300545545305115,1.1401463179325115,1
YawnDD\yawn\15-MaleGlasses_f001362_mar0.613.jpg,0.44205845986854997,1.1887279058123217,1
YawnDD\yawn\15-MaleGlasses_f001365_mar0.624.jpg,0.4469798225728994,1.1766617003243802,1
YawnDD\yawn\16-MaleNoGlasses_f000279_mar0.615.jpg,0.5318836818269217,1.2873951639994716,1
YawnDD\yawn\16-MaleNoGlasses_f000282_mar0.652.jpg,0.5697197304294705,1.3117728112202411,1
YawnDD\yawn\16-MaleNoGlasses_f000285_mar0.722.jpg,0.6013425002987334,1.2801201707037047,1
YawnDD\yawn\16-MaleNoGlasses_f000288_mar0.648.jpg,0.4932865324294262,1.2948095107746063,1
YawnDD\yawn\16-MaleNoGlasses_f000615_mar0.610.jpg,0.6094683172899957,1.1984012190103672,1
YawnDD\yawn\16-MaleNoGlasses_f000618_mar0.725.jpg,0.6652096534568537,1.226364464801704,1
YawnDD\yawn\16-MaleNoGlasses_f000621_mar0.669.jpg,0.6586783230906672,1.2250305097267746,1
YawnDD\yawn\16-MaleNoGlasses_f000624_mar0.707.jpg,0.6115813309551443,1.2335098424940745,1
YawnDD\yawn\16-MaleNoGlasses_f000627_mar0.676.jpg,0.6713408261888305,1.2449662283250946,1
YawnDD\yawn\16-MaleNoGlasses_f000630_mar0.601.jpg,0.6015099568162549,1.194776026058603,1
YawnDD\yawn\16-MaleNoGlasses_f000633_mar0.607.jpg,0.5894794949500498,1.1812527227619702,1
YawnDD\yawn\16-MaleNoGlasses_f000636_mar0.629.jpg,0.5628392076706477,1.1991522857803294,1
YawnDD\yawn\16-MaleNoGlasses_f001362_mar0.649.jpg,0.5373187203012693,1.2650951719778885,1
YawnDD\yawn\16-MaleNoGlasses_f001365_mar0.708.jpg,0.5439082181527516,1.2796034264056269,1
YawnDD\yawn\16-MaleNoGlasses_f001368_mar0.754.jpg,0.5953713260342689,1.2525508495605842,1
YawnDD\yawn\16-MaleNoGlasses_f001371_mar0.733.jpg,0.5867218168413465,1.2889242043663711,1
YawnDD\yawn\16-MaleNoGlasses_f001374_mar0.722.jpg,0.613341986630076,1.3078268208855852,1
YawnDD\yawn\16-MaleNoGlasses_f001377_mar0.776.jpg,0.6192801829544967,1.2934839358314318,1
YawnDD\yawn\16-MaleNoGlasses_f001380_mar0.717.jpg,0.5726429404569393,1.2723489194035769,1
YawnDD\yawn\16-MaleNoGlasses_f001383_mar0.726.jpg,0.543912656605425,1.1882050627851148,1
YawnDD\yawn\16-MaleNoGlasses_f001386_mar0.655.jpg,0.528029399141397,1.2690593377694097,1
YawnDD\yawn\16-MaleNoGlasses_f001389_mar0.626.jpg,0.510363770147353,1.3812174763257716,1
YawnDD\yawn\16-MaleNoGlasses_f001392_mar0.647.jpg,0.5328584815851196,1.2869958860526463,1
YawnDD\yawn\16-MaleNoGlasses_f001395_mar0.643.jpg,0.5376204536099665,1.2905123989955893,1
YawnDD\yawn\16-MaleNoGlasses_f001398_mar0.684.jpg,0.6329525074658711,1.237578535487169,1
YawnDD\yawn\16-MaleNoGlasses_f001401_mar0.705.jpg,0.5571049724143845,1.293052311114689,1
YawnDD\yawn\16-MaleNoGlasses_f001404_mar0.743.jpg,0.5475874618023591,1.3108649631912872,1
YawnDD\yawn\16-MaleNoGlasses_f001407_mar0.771.jpg,0.6136675962993906,1.31760980762563,1
YawnDD\yawn\16-MaleNoGlasses_f001410_mar0.802.jpg,0.6204063832651902,1.2494901390195687,1
YawnDD\yawn\16-MaleNoGlasses_f001413_mar0.891.jpg,0.6233548952773733,1.324435567071119,1
YawnDD\yawn\16-MaleNoGlasses_f001416_mar0.890.jpg,0.6690807432330333,1.3331084375621944,1
YawnDD\yawn\16-MaleNoGlasses_f001419_mar0.874.jpg,0.6297013078808973,1.297252100261151,1
YawnDD\yawn\16-MaleNoGlasses_f001422_mar0.804.jpg,0.5521253172544462,1.278041773254062,1
YawnDD\yawn\16-MaleNoGlasses_f001425_mar0.808.jpg,0.5320658608609132,1.2509078508753626,1
YawnDD\yawn\16-MaleNoGlasses_f001428_mar0.774.jpg,0.5785670879663993,1.2718644030728523,1
YawnDD\yawn\16-MaleNoGlasses_f001431_mar0.744.jpg,0.5256917664477996,1.270884181691315,1
YawnDD\yawn\16-MaleNoGlasses_f001434_mar0.709.jpg,0.5340945217935378,1.2772334193361545,1
YawnDD\yawn\16-MaleNoGlasses_f001437_mar0.704.jpg,0.5095759346865997,1.3707759567835878,1
YawnDD\yawn\16-MaleNoGlasses_f001440_mar0.615.jpg,0.4583354950419644,1.3320010959515098,1
YawnDD\yawn\16-MaleNoGlasses_f001443_mar0.607.jpg,0.4370649104503805,1.323255338385576,1
YawnDD\yawn\16-MaleNoGlasses_f001512_mar0.604.jpg,0.46423225685304154,1.1283407162418986,1
YawnDD\yawn\2-FemaleNoGlasses_f000642_mar0.691.jpg,0.5489013524648553,1.157967400507218,1
YawnDD\yawn\2-FemaleNoGlasses_f000645_mar0.752.jpg,0.6194759425503303,1.1827178313361195,1
YawnDD\yawn\2-FemaleNoGlasses_f000648_mar0.818.jpg,0.6626592495489917,1.2067746270635882,1
YawnDD\yawn\2-FemaleNoGlasses_f000651_mar0.825.jpg,0.6558996671420578,1.2270274249475712,1
YawnDD\yawn\2-FemaleNoGlasses_f000654_mar0.858.jpg,0.6538873237509321,1.2536565972986597,1
YawnDD\yawn\2-FemaleNoGlasses_f000657_mar0.776.jpg,0.6758618987642276,1.2259609045753574,1
YawnDD\yawn\2-FemaleNoGlasses_f000660_mar0.782.jpg,0.6030771822432525,1.2343951010969239,1
YawnDD\yawn\2-FemaleNoGlasses_f000663_mar0.741.jpg,0.5866740783814812,1.1991257790943555,1
YawnDD\yawn\2-FemaleNoGlasses_f000666_mar0.742.jpg,0.5794572546641257,1.1897880429271157,1
YawnDD\yawn\2-FemaleNoGlasses_f000669_mar0.732.jpg,0.6047297840555869,1.1978166955064715,1
YawnDD\yawn\2-FemaleNoGlasses_f000672_mar0.713.jpg,0.6215934413210384,1.2077738921627428,1
YawnDD\yawn\2-FemaleNoGlasses_f000675_mar0.785.jpg,0.6420948543499914,1.2055270818144508,1
YawnDD\yawn\2-FemaleNoGlasses_f000678_mar0.756.jpg,0.6218927861110736,1.2046609283094887,1
YawnDD\yawn\2-FemaleNoGlasses_f000681_mar0.770.jpg,0.6045833708687295,1.200815863315747,1
YawnDD\yawn\2-FemaleNoGlasses_f000684_mar0.759.jpg,0.5665936867735968,1.1977153060181367,1
YawnDD\yawn\2-FemaleNoGlasses_f000687_mar0.713.jpg,0.5667157473278063,1.173787361043954,1
YawnDD\yawn\2-FemaleNoGlasses_f000690_mar0.660.jpg,0.5093328078124612,1.1710112289375532,1
YawnDD\yawn\2-FemaleNoGlasses_f001782_mar0.649.jpg,0.5030019387094905,1.1694026387977225,1
YawnDD\yawn\2-FemaleNoGlasses_f001785_mar0.739.jpg,0.5516436259763005,1.1857266479999211,1
YawnDD\yawn\2-FemaleNoGlasses_f001788_mar0.752.jpg,0.602827190823081,1.188337423780824,1
YawnDD\yawn\2-FemaleNoGlasses_f001791_mar0.836.jpg,0.6045231293801367,1.2139867028486415,1
YawnDD\yawn\2-FemaleNoGlasses_f001794_mar0.806.jpg,0.623261603879151,1.2032288745774078,1
YawnDD\yawn\2-FemaleNoGlasses_f001797_mar0.789.jpg,0.5989151856464793,1.211007558420369,1
YawnDD\yawn\2-FemaleNoGlasses_f001800_mar0.808.jpg,0.6120088139625862,1.2081840296135362,1
YawnDD\yawn\2-FemaleNoGlasses_f001803_mar0.796.jpg,0.6074957953042082,1.2095681800231213,1
YawnDD\yawn\2-FemaleNoGlasses_f001806_mar0.750.jpg,0.5846235231518028,1.1890728366911003,1
YawnDD\yawn\2-FemaleNoGlasses_f001809_mar0.755.jpg,0.5968170936102285,1.1988477838372682,1
YawnDD\yawn\2-FemaleNoGlasses_f001812_mar0.767.jpg,0.605663787494145,1.1955485519115057,1
YawnDD\yawn\2-FemaleNoGlasses_f001815_mar0.757.jpg,0.6140875810870858,1.2034861197270572,1
YawnDD\yawn\2-FemaleNoGlasses_f001818_mar0.756.jpg,0.6290623199123044,1.1986182682465711,1
YawnDD\yawn\2-FemaleNoGlasses_f001821_mar0.736.jpg,0.5858734887818916,1.1881475940155144,1
YawnDD\yawn\2-FemaleNoGlasses_f001824_mar0.697.jpg,0.5170833900968379,1.1869464148708553,1
YawnDD\yawn\3-FemaleGlasses_f000462_mar0.654.jpg,0.5050945310480167,1.135517758991257,1
YawnDD\yawn\3-FemaleGlasses_f000465_mar0.741.jpg,0.5658645749239406,1.1792807728887567,1
YawnDD\yawn\3-FemaleGlasses_f000468_mar0.801.jpg,0.6416416501105167,1.2068787523905664,1
YawnDD\yawn\3-FemaleGlasses_f000471_mar0.835.jpg,0.6193070344497842,1.2203930412926545,1
YawnDD\yawn\3-FemaleGlasses_f000474_mar0.853.jpg,0.6517476772589106,1.2074898919706862,1
YawnDD\yawn\3-FemaleGlasses_f000477_mar0.875.jpg,0.6769612238007794,1.203582604605352,1
YawnDD\yawn\3-FemaleGlasses_f000480_mar0.886.jpg,0.6733340605412307,1.2143173928442195,1
YawnDD\yawn\3-FemaleGlasses_f000483_mar0.912.jpg,0.6837937943947436,1.2097301455717262,1
YawnDD\yawn\3-FemaleGlasses_f000486_mar0.893.jpg,0.6751583900356097,1.2208714967965852,1
YawnDD\yawn\3-FemaleGlasses_f000489_mar0.845.jpg,0.6612722672738051,1.2172950335879273,1
YawnDD\yawn\3-FemaleGlasses_f000492_mar0.841.jpg,0.6347526157518971,1.2191589794240443,1
YawnDD\yawn\3-FemaleGlasses_f000495_mar0.854.jpg,0.6460392568797193,1.2412807219615776,1
YawnDD\yawn\3-FemaleGlasses_f000498_mar0.860.jpg,0.6425708258009185,1.2347543707195847,1
YawnDD\yawn\3-FemaleGlasses_f000501_mar0.939.jpg,0.6661378836473146,1.227473332155777,1
YawnDD\yawn\3-FemaleGlasses_f000504_mar0.919.jpg,0.650548042425024,1.2456479709248478,1
YawnDD\yawn\3-FemaleGlasses_f000507_mar0.934.jpg,0.6677299605479703,1.2751501389025781,1
YawnDD\yawn\3-FemaleGlasses_f000510_mar0.926.jpg,0.6622238997700917,1.2654701368464054,1
YawnDD\yawn\3-FemaleGlasses_f000513_mar0.922.jpg,0.6716876114902544,1.2727634535774912,1
YawnDD\yawn\3-FemaleGlasses_f000516_mar0.912.jpg,0.6533828499283418,1.2559024254078404,1
YawnDD\yawn\3-FemaleGlasses_f000519_mar0.876.jpg,0.6537943272526566,1.2524333270367278,1
YawnDD\yawn\3-FemaleGlasses_f000522_mar0.862.jpg,0.645657722926124,1.2458836354974334,1
YawnDD\yawn\3-FemaleGlasses_f000525_mar0.877.jpg,0.6547583582674906,1.2314300332953199,1
YawnDD\yawn\3-FemaleGlasses_f000528_mar0.868.jpg,0.6667738348474919,1.2442805742260985,1
YawnDD\yawn\3-FemaleGlasses_f000531_mar0.911.jpg,0.7030762138529942,1.2255426862608771,1
YawnDD\yawn\3-FemaleGlasses_f000534_mar0.904.jpg,0.6942152065057686,1.217563319308108,1
YawnDD\yawn\3-FemaleGlasses_f000537_mar0.825.jpg,0.6420356269156109,1.1682093293823237,1
YawnDD\yawn\3-FemaleGlasses_f000540_mar0.735.jpg,0.6011788179211106,1.1975207843561892,1
YawnDD\yawn\3-FemaleGlasses_f000543_mar0.711.jpg,0.5700033284328406,1.2128188754467333,1
YawnDD\yawn\3-FemaleGlasses_f000546_mar0.668.jpg,0.5612875373523086,1.2060649542210742,1
YawnDD\yawn\3-FemaleGlasses_f001206_mar0.631.jpg,0.485400249593895,1.084686440315984,1
YawnDD\yawn\3-FemaleGlasses_f001209_mar0.706.jpg,0.5505016359736342,1.143668790810276,1
YawnDD\yawn\3-FemaleGlasses_f001212_mar0.750.jpg,0.5903527718021376,1.161383036584948,1
YawnDD\yawn\3-FemaleGlasses_f001215_mar0.802.jpg,0.5830361221685667,1.152471826216137,1
YawnDD\yawn\3-FemaleGlasses_f001218_mar0.796.jpg,0.5640100186466018,1.1524711396489045,1
YawnDD\yawn\3-FemaleGlasses_f001221_mar0.810.jpg,0.5957880443040263,1.1470615801282062,1
YawnDD\yawn\3-FemaleGlasses_f001224_mar0.813.jpg,0.6247632957929099,1.1614046199116537,1
YawnDD\yawn\3-FemaleGlasses_f001227_mar0.869.jpg,0.642157883118899,1.1721675184529166,1
YawnDD\yawn\3-FemaleGlasses_f001230_mar0.838.jpg,0.6454520605418514,1.2035070137761663,1
YawnDD\yawn\3-FemaleGlasses_f001233_mar0.839.jpg,0.6359703751533512,1.2130817524868964,1
YawnDD\yawn\3-FemaleGlasses_f001236_mar0.850.jpg,0.6287830644022542,1.2329891928959624,1
YawnDD\yawn\3-FemaleGlasses_f001239_mar0.883.jpg,0.647501678963135,1.2207284552248119,1
YawnDD\yawn\3-FemaleGlasses_f001242_mar0.905.jpg,0.6701357971913847,1.2414319251217079,1
YawnDD\yawn\3-FemaleGlasses_f001245_mar0.916.jpg,0.6990610474925849,1.1993328224596662,1
YawnDD\yawn\3-FemaleGlasses_f001248_mar0.906.jpg,0.6738122541876531,1.2216301565467422,1
YawnDD\yawn\3-FemaleGlasses_f001251_mar0.871.jpg,0.6699494403751429,1.2354835755247502,1
YawnDD\yawn\3-FemaleGlasses_f001254_mar0.908.jpg,0.6687211594900737,1.2359748498554637,1
YawnDD\yawn\3-FemaleGlasses_f001257_mar0.912.jpg,0.6551918105030817,1.2433110359159134,1
YawnDD\yawn\3-FemaleGlasses_f001260_mar0.928.jpg,0.6537542547653086,1.2291706743013613,1
YawnDD\yawn\3-FemaleGlasses_f001263_mar0.923.jpg,0.6763431357584956,1.2379128180865675,1
YawnDD\yawn\3-FemaleGlasses_f001266_mar0.903.jpg,0.6863172627492328,1.2542582597779346,1
YawnDD\yawn\3-FemaleGlasses_f001269_mar0.885.jpg,0.6855648725215233,1.2515466875171781,1
YawnDD\yawn\3-FemaleGlasses_f001272_mar0.878.jpg,0.6818678127582056,1.2390053054344368,1
YawnDD\yawn\3-FemaleGlasses_f001275_mar0.889.jpg,0.6981763893179508,1.2602792356983719,1
YawnDD\yawn\3-FemaleGlasses_f001278_mar0.920.jpg,0.6794448163926476,1.2487124622657417,1
YawnDD\yawn\3-FemaleGlasses_f001281_mar0.903.jpg,0.7008023347755608,1.2574540514533377,1
YawnDD\yawn\3-FemaleGlasses_f001284_mar0.969.jpg,0.6957292513608299,1.2619452238302182,1
YawnDD\yawn\3-FemaleGlasses_f001287_mar0.940.jpg,0.7023161178393444,1.2416915133701345,1
YawnDD\yawn\3-FemaleGlasses_f001290_mar0.928.jpg,0.6817621387232448,1.262508357488938,1
YawnDD\yawn\3-FemaleGlasses_f001293_mar0.956.jpg,0.7181586663194528,1.2458391077677267,1
YawnDD\yawn\3-FemaleGlasses_f001296_mar0.933.jpg,0.7038003410777407,1.2732908591668632,1
YawnDD\yawn\3-FemaleGlasses_f001299_mar0.928.jpg,0.6894310091825472,1.2750535187253773,1
YawnDD\yawn\3-FemaleGlasses_f001302_mar0.915.jpg,0.684518946635055,1.2779282044987172,1
YawnDD\yawn\3-FemaleGlasses_f001305_mar0.875.jpg,0.6702806622760139,1.2663322788710871,1
YawnDD\yawn\3-FemaleGlasses_f001308_mar0.832.jpg,0.6546795727618395,1.2282912267129462,1
YawnDD\yawn\3-FemaleGlasses_f001311_mar0.834.jpg,0.6177047825203089,1.181434359259127,1
YawnDD\yawn\3-FemaleGlasses_f001314_mar0.816.jpg,0.622181182810101,1.1858116764890905,1
YawnDD\yawn\3-FemaleGlasses_f001317_mar0.819.jpg,0.663305868362236,1.2029262012579345,1
YawnDD\yawn\3-FemaleGlasses_f001320_mar0.784.jpg,0.6462647715515,1.1703124670404452,1
YawnDD\yawn\3-FemaleGlasses_f001323_mar0.718.jpg,0.5610289218692154,1.1830603314032422,1
YawnDD\yawn\3-FemaleGlasses_f001326_mar0.660.jpg,0.534858033585135,1.157065557949067,1
YawnDD\yawn\3-FemaleGlasses_f001329_mar0.623.jpg,0.5044848899662526,1.1280301082842747,1
YawnDD\yawn\3-FemaleGlasses_f002028_mar0.619.jpg,0.48911272228949637,1.0441484361524185,1
YawnDD\yawn\3-FemaleGlasses_f002034_mar0.618.jpg,0.49563021042946187,1.0940307053098004,1
YawnDD\yawn\3-FemaleGlasses_f002037_mar0.610.jpg,0.4856676390586065,1.121350541277397,1
YawnDD\yawn\3-FemaleGlasses_f002040_mar0.620.jpg,0.48148761628622927,1.1254828203248026,1
YawnDD\yawn\3-FemaleGlasses_f002043_mar0.621.jpg,0.4886109360919484,1.1074481735213728,1
YawnDD\yawn\3-FemaleGlasses_f002046_mar0.613.jpg,0.4910046746485562,1.1153732081274803,1
YawnDD\yawn\3-FemaleGlasses_f002049_mar0.614.jpg,0.49438510577087597,1.114792009346252,1
YawnDD\yawn\3-FemaleGlasses_f002052_mar0.632.jpg,0.5115754469670163,1.1312294010827768,1
YawnDD\yawn\3-FemaleGlasses_f002055_mar0.657.jpg,0.5200984036944245,1.142393028732211,1
YawnDD\yawn\3-FemaleGlasses_f002058_mar0.682.jpg,0.5326133062598951,1.1485984784226224,1
YawnDD\yawn\3-FemaleGlasses_f002061_mar0.712.jpg,0.5728420096629416,1.1688944549175793,1
YawnDD\yawn\3-FemaleGlasses_f002064_mar0.742.jpg,0.5919767588272187,1.173336230099503,1
YawnDD\yawn\3-FemaleGlasses_f002067_mar0.772.jpg,0.6112698967719545,1.1976683515843987,1
YawnDD\yawn\3-FemaleGlasses_f002070_mar0.816.jpg,0.6052199038499878,1.1825195264523936,1
YawnDD\yawn\3-FemaleGlasses_f002073_mar0.827.jpg,0.6275047527386198,1.2028975294901016,1
YawnDD\yawn\3-FemaleGlasses_f002076_mar0.838.jpg,0.6147020597543761,1.2017151542509714,1
YawnDD\yawn\3-FemaleGlasses_f002079_mar0.884.jpg,0.6395967143036465,1.1812935968858778,1
YawnDD\yawn\3-FemaleGlasses_f002082_mar0.866.jpg,0.6441608698455613,1.1952191061254758,1
YawnDD\yawn\3-FemaleGlasses_f002085_mar0.861.jpg,0.6267767093341289,1.1755443781920403,1
YawnDD\yawn\3-FemaleGlasses_f002088_mar0.864.jpg,0.6374837555816432,1.1982314011822943,1
YawnDD\yawn\3-FemaleGlasses_f002091_mar0.856.jpg,0.6441626608676673,1.1844712478370905,1
YawnDD\yawn\3-FemaleGlasses_f002094_mar0.840.jpg,0.6352943962907307,1.1932904688138786,1
YawnDD\yawn\3-FemaleGlasses_f002097_mar0.788.jpg,0.6176543910667388,1.229880811192722,1
YawnDD\yawn\3-FemaleGlasses_f002100_mar0.725.jpg,0.5706438582857538,1.184981723750749,1
YawnDD\yawn\3-FemaleGlasses_f002103_mar0.769.jpg,0.587218706289147,1.1888042511932368,1
YawnDD\yawn\3-FemaleGlasses_f002106_mar0.799.jpg,0.6217600795609378,1.1824357066226956,1
YawnDD\yawn\3-FemaleGlasses_f002109_mar0.836.jpg,0.6519448044481431,1.2110633876738928,1
YawnDD\yawn\3-FemaleGlasses_f002112_mar0.830.jpg,0.6649695765291981,1.2031885388669632,1
YawnDD\yawn\3-FemaleGlasses_f002115_mar0.845.jpg,0.6682246742756255,1.1994944377637338,1
YawnDD\yawn\3-FemaleGlasses_f002118_mar0.839.jpg,0.6738025270121336,1.207836755405895,1
YawnDD\yawn\3-FemaleGlasses_f002121_mar0.861.jpg,0.660831576074727,1.2012726648048173,1
YawnDD\yawn\3-FemaleGlasses_f002124_mar0.861.jpg,0.6787309124598034,1.2174342161367988,1
YawnDD\yawn\3-FemaleGlasses_f002127_mar0.798.jpg,0.6041894931530158,1.196006221132595,1
YawnDD\yawn\3-FemaleGlasses_f002130_mar0.612.jpg,0.45667009165437855,1.1181769636659804,1
YawnDD\yawn\3-FemaleGlasses_f002805_mar0.621.jpg,0.49088358983231023,1.1062077121525864,1
YawnDD\yawn\3-FemaleGlasses_f002808_mar0.671.jpg,0.5251146315564685,1.1097046978856728,1
YawnDD\yawn\3-FemaleGlasses_f002811_mar0.707.jpg,0.5463689853193835,1.1373192816698365,1
YawnDD\yawn\3-FemaleGlasses_f002814_mar0.729.jpg,0.5596005818455062,1.1665859076921807,1
YawnDD\yawn\3-FemaleGlasses_f002817_mar0.738.jpg,0.5847349356518601,1.1837338011331908,1
YawnDD\yawn\3-FemaleGlasses_f002820_mar0.825.jpg,0.6340235467959042,1.175163684868343,1
YawnDD\yawn\3-FemaleGlasses_f002823_mar0.842.jpg,0.6461746381722724,1.2042315687413656,1
YawnDD\yawn\3-FemaleGlasses_f002826_mar0.763.jpg,0.6111804937280689,1.2141498709542349,1
YawnDD\yawn\3-FemaleGlasses_f002829_mar0.801.jpg,0.6110886087630184,1.2245481932193323,1
YawnDD\yawn\3-FemaleGlasses_f002832_mar0.792.jpg,0.6028332983209069,1.233466069875552,1
YawnDD\yawn\3-FemaleGlasses_f002835_mar0.770.jpg,0.6054601645219672,1.2470833055569326,1
YawnDD\yawn\3-FemaleGlasses_f002838_mar0.799.jpg,0.5929276907910238,1.2700593950129642,1
YawnDD\yawn\3-FemaleGlasses_f002841_mar0.810.jpg,0.616825174565536,1.2476532707311692,1
YawnDD\yawn\3-FemaleGlasses_f002844_mar0.798.jpg,0.5960193921572291,1.2369335919088185,1
YawnDD\yawn\3-FemaleGlasses_f002847_mar0.783.jpg,0.6018854958199553,1.2380109685166933,1
YawnDD\yawn\3-FemaleGlasses_f002850_mar0.784.jpg,0.6081608995925155,1.232275816174879,1
YawnDD\yawn\3-FemaleGlasses_f002853_mar0.803.jpg,0.6148809558332106,1.257453220019498,1
YawnDD\yawn\3-FemaleGlasses_f002856_mar0.797.jpg,0.6124558354683016,1.2621527265722323,1
YawnDD\yawn\3-FemaleGlasses_f002859_mar0.772.jpg,0.6104973742279116,1.2445646369944443,1
YawnDD\yawn\3-FemaleGlasses_f002862_mar0.788.jpg,0.5807556577651882,1.2412757356665491,1
YawnDD\yawn\3-FemaleGlasses_f002865_mar0.784.jpg,0.5868588774484963,1.2404139051415513,1
YawnDD\yawn\3-FemaleGlasses_f002868_mar0.773.jpg,0.6164627966675935,1.239989483193209,1
YawnDD\yawn\3-FemaleGlasses_f002871_mar0.772.jpg,0.5930788733495971,1.2050415136362218,1
YawnDD\yawn\3-FemaleGlasses_f002874_mar0.778.jpg,0.6167756719750732,1.2046966989650705,1
YawnDD\yawn\3-FemaleGlasses_f002877_mar0.775.jpg,0.582641174759868,1.1841398692852432,1
YawnDD\yawn\3-FemaleGlasses_f002880_mar0.671.jpg,0.5152093043005325,1.150028246055041,1
YawnDD\yawn\3-MaleGlasses_f000564_mar0.616.jpg,0.4779425380167695,1.2342017133070053,1
YawnDD\yawn\3-MaleGlasses_f000567_mar0.641.jpg,0.4921831099841677,1.2376226729531605,1
YawnDD\yawn\3-MaleGlasses_f000570_mar0.650.jpg,0.5031338765014342,1.232048529252493,1
YawnDD\yawn\3-MaleGlasses_f000573_mar0.692.jpg,0.5345362064203923,1.2230256341061903,1
YawnDD\yawn\3-MaleGlasses_f000588_mar0.723.jpg,0.5663910669242732,1.170021579334296,1
YawnDD\yawn\3-MaleGlasses_f000591_mar0.786.jpg,0.6205678837170989,1.2450996594066963,1
YawnDD\yawn\3-MaleGlasses_f000594_mar0.709.jpg,0.5702550547500395,1.1865256803550888,1
YawnDD\yawn\3-MaleGlasses_f001014_mar0.630.jpg,0.4925612058245917,1.1722246443148945,1
YawnDD\yawn\3-MaleGlasses_f001017_mar0.698.jpg,0.5171703576746149,1.187973588446753,1
YawnDD\yawn\3-MaleGlasses_f001020_mar0.666.jpg,0.512125657025161,1.207894285525771,1
YawnDD\yawn\3-MaleGlasses_f001023_mar0.635.jpg,0.5050799509143896,1.2145436630165483,1
YawnDD\yawn\3-MaleGlasses_f001026_mar0.603.jpg,0.48774150149917755,1.2301739753706238,1
YawnDD\yawn\3-MaleGlasses_f001386_mar0.600.jpg,0.43158556682317345,1.0089734414181413,1
YawnDD\yawn\3-MaleGlasses_f001389_mar0.615.jpg,0.47002910985529744,1.05426168161604,1
YawnDD\yawn\3-MaleGlasses_f001392_mar0.622.jpg,0.456433620449148,1.0689022547919675,1
YawnDD\yawn\3-MaleGlasses_f001410_mar0.622.jpg,0.4830563853488136,1.2138308841090142,1
YawnDD\yawn\3-MaleGlasses_f001413_mar0.680.jpg,0.48687660259983834,1.2167035046164585,1
YawnDD\yawn\3-MaleGlasses_f001416_mar0.728.jpg,0.553924420641651,1.2306625670956506,1
YawnDD\yawn\3-MaleGlasses_f001419_mar0.721.jpg,0.5339970732183498,1.2024964261485167,1
YawnDD\yawn\3-MaleGlasses_f001422_mar0.815.jpg,0.6201117365601919,1.2540236964562028,1
YawnDD\yawn\3-MaleGlasses_f001425_mar0.820.jpg,0.6004653372658059,1.2409993211379822,1
YawnDD\yawn\3-MaleGlasses_f001428_mar0.734.jpg,0.5642565728307068,1.2564829600498681,1
YawnDD\yawn\3-MaleGlasses_f001431_mar0.741.jpg,0.5872324656582087,1.2437429486572185,1
YawnDD\yawn\3-MaleGlasses_f001434_mar0.673.jpg,0.527179533637904,1.2371880069785215,1
YawnDD\yawn\3-MaleGlasses_f001437_mar0.604.jpg,0.49827421170529956,1.1852975339971479,1
YawnDD\yawn\4-FemaleNoGlasses_f000402_mar0.629.jpg,0.4959724270541569,1.105247608786739,1
YawnDD\yawn\4-FemaleNoGlasses_f000405_mar0.676.jpg,0.5720273958687155,1.1155887743027872,1
YawnDD\yawn\4-FemaleNoGlasses_f000408_mar0.790.jpg,0.6025515467735705,1.1252386393964235,1
YawnDD\yawn\4-FemaleNoGlasses_f000411_mar0.756.jpg,0.637203270496559,1.1478372031652524,1
YawnDD\yawn\4-FemaleNoGlasses_f000414_mar0.728.jpg,0.6434902106673467,1.1454765497404724,1
YawnDD\yawn\4-FemaleNoGlasses_f000417_mar0.722.jpg,0.6446665344298416,1.137013114324499,1
YawnDD\yawn\4-FemaleNoGlasses_f000420_mar0.635.jpg,0.5404230640422135,1.1747349090534105,1
YawnDD\yawn\4-FemaleNoGlasses_f000993_mar0.631.jpg,0.4575513916050603,1.090984723286657,1
YawnDD\yawn\4-FemaleNoGlasses_f000996_mar0.656.jpg,0.49408771267616386,1.106713344217517,1
YawnDD\yawn\4-FemaleNoGlasses_f000999_mar0.662.jpg,0.5397754743914125,1.1309739930193767,1
YawnDD\yawn\4-FemaleNoGlasses_f001002_mar0.670.jpg,0.5423302775870528,1.1231174099199415,1
YawnDD\yawn\4-FemaleNoGlasses_f001005_mar0.625.jpg,0.5302961507801944,1.1284962197824004,1
YawnDD\yawn\4-FemaleNoGlasses_f001008_mar0.610.jpg,0.4635441864338955,1.127991896491502,1
YawnDD\yawn\4-MaleNoGlasses_f000378_mar0.601.jpg,0.46739902338346767,0.8888007235480935,1
YawnDD\yawn\4-MaleNoGlasses_f000381_mar0.690.jpg,0.5113546450493027,0.8868981118413563,1
YawnDD\yawn\4-MaleNoGlasses_f000384_mar0.748.jpg,0.5397528446008639,0.9089421719269848,1
YawnDD\yawn\4-MaleNoGlasses_f000387_mar0.722.jpg,0.49957546229061567,0.9283579091254206,1
YawnDD\yawn\4-MaleNoGlasses_f000390_mar0.615.jpg,0.502555835700036,0.9361698291284378,1
YawnDD\yawn\4-MaleNoGlasses_f000867_mar0.616.jpg,0.5159785274761388,0.9574585472823307,1
YawnDD\yawn\4-MaleNoGlasses_f000870_mar0.648.jpg,0.5152703544680782,0.9624571405122433,1
YawnDD\yawn\4-MaleNoGlasses_f000873_mar0.714.jpg,0.5769661188054385,0.9870365914265069,1
YawnDD\yawn\4-MaleNoGlasses_f000876_mar0.853.jpg,0.6054413383071054,0.9901544762318368,1
YawnDD\yawn\4-MaleNoGlasses_f000879_mar0.857.jpg,0.6317317022564567,0.9893671676066054,1
YawnDD\yawn\4-MaleNoGlasses_f000882_mar0.903.jpg,0.6111711133420031,1.0031156928715004,1
YawnDD\yawn\4-MaleNoGlasses_f000885_mar0.900.jpg,0.6397433109884014,1.0313434454328234,1
YawnDD\yawn\4-MaleNoGlasses_f000888_mar0.882.jpg,0.6501405916855264,1.0310511062823127,1
YawnDD\yawn\4-MaleNoGlasses_f000891_mar0.894.jpg,0.6829307763185312,1.067831693023129,1
YawnDD\yawn\4-MaleNoGlasses_f000894_mar0.856.jpg,0.6935317369186226,1.0523040587810757,1
YawnDD\yawn\4-MaleNoGlasses_f000897_mar0.900.jpg,0.6903172460237939,1.0620287322532245,1
YawnDD\yawn\4-MaleNoGlasses_f000900_mar0.913.jpg,0.6981972744666111,1.0536585510433287,1
YawnDD\yawn\4-MaleNoGlasses_f000903_mar0.881.jpg,0.6801801418196045,1.0751102832361168,1
YawnDD\yawn\4-MaleNoGlasses_f000906_mar0.912.jpg,0.6786972720746149,1.0912550780235917,1
YawnDD\yawn\4-MaleNoGlasses_f000909_mar0.890.jpg,0.6979589120254704,1.0871334612464818,1
YawnDD\yawn\4-MaleNoGlasses_f000912_mar0.898.jpg,0.704103825349388,1.0829719847315296,1
YawnDD\yawn\4-MaleNoGlasses_f000915_mar0.957.jpg,0.6963346139853449,1.096914726706771,1
YawnDD\yawn\4-MaleNoGlasses_f000918_mar0.920.jpg,0.7028429245011978,1.1187793823745311,1
YawnDD\yawn\4-MaleNoGlasses_f000921_mar0.915.jpg,0.6949927837292574,1.081725270059731,1
YawnDD\yawn\4-MaleNoGlasses_f000924_mar0.905.jpg,0.6788067962238538,1.077366462272848,1
YawnDD\yawn\4-MaleNoGlasses_f000927_mar0.884.jpg,0.6677720756824757,1.0973909455653468,1
YawnDD\yawn\4-MaleNoGlasses_f000930_mar0.851.jpg,0.6702876162109711,1.0395721981755326,1
YawnDD\yawn\4-MaleNoGlasses_f000933_mar0.857.jpg,0.6816538441494288,1.0359320011581699,1
YawnDD\yawn\4-MaleNoGlasses_f000936_mar0.855.jpg,0.6854257521119987,1.0431497262290899,1
YawnDD\yawn\4-MaleNoGlasses_f000939_mar0.804.jpg,0.6118837217750158,1.0109037385065247,1
YawnDD\yawn\4-MaleNoGlasses_f000942_mar0.680.jpg,0.5437326885336126,1.016838560015669,1
YawnDD\yawn\4-MaleNoGlasses_f001545_mar0.647.jpg,0.5171091445919246,0.9663186046338837,1
YawnDD\yawn\4-MaleNoGlasses_f001548_mar0.716.jpg,0.5563918695740034,0.9916940155750995,1
YawnDD\yawn\4-MaleNoGlasses_f001551_mar0.738.jpg,0.590713291689757,1.0296650636361586,1
YawnDD\yawn\4-MaleNoGlasses_f001554_mar0.717.jpg,0.5923040425010828,1.0257653855329352,1
YawnDD\yawn\4-MaleNoGlasses_f001557_mar0.773.jpg,0.6084812966188842,1.0233878006672406,1
YawnDD\yawn\4-MaleNoGlasses_f001560_mar0.776.jpg,0.6567488945843784,1.0477466851476234,1
YawnDD\yawn\4-MaleNoGlasses_f001563_mar0.788.jpg,0.6433746262213181,1.0371771704048764,1
YawnDD\yawn\4-MaleNoGlasses_f001566_mar0.777.jpg,0.6219480593415478,1.0205387540969513,1
YawnDD\yawn\4-MaleNoGlasses_f001569_mar0.700.jpg,0.5619392135069612,1.034873249307338,1
YawnDD\yawn\4-MaleNoGlasses_f001572_mar0.657.jpg,0.5513789605560896,1.0123105400434875,1
YawnDD\yawn\4-MaleNoGlasses_f001575_mar0.649.jpg,0.5207666176007276,0.9656096689394286,1
YawnDD\yawn\4-MaleNoGlasses_f001578_mar0.621.jpg,0.5206132304429886,0.9761365472165405,1
YawnDD\yawn\5-FemaleNoGlasses_f000549_mar0.600.jpg,0.4884505288740644,1.1950067713651005,1
YawnDD\yawn\5-MaleGlasses_f001020_mar0.634.jpg,0.4468521756434781,1.1125702581626693,1
YawnDD\yawn\5-MaleGlasses_f001023_mar0.686.jpg,0.5376476481513172,1.202540300304505,1
YawnDD\yawn\5-MaleGlasses_f001026_mar0.763.jpg,0.5281320852169336,1.1730273117861587,1
YawnDD\yawn\5-MaleGlasses_f001029_mar0.778.jpg,0.5524608477172106,1.2083679201937654,1
YawnDD\yawn\5-MaleGlasses_f001032_mar0.805.jpg,0.5569379608353024,1.2513753386967588,1
YawnDD\yawn\5-MaleGlasses_f001035_mar0.813.jpg,0.6095788093596277,1.2155650432798697,1
YawnDD\yawn\5-MaleGlasses_f001038_mar0.815.jpg,0.6067793546223871,1.1720773043435269,1
YawnDD\yawn\5-MaleGlasses_f001041_mar0.870.jpg,0.5849095886966038,1.2612153095856997,1
YawnDD\yawn\5-MaleGlasses_f001044_mar0.881.jpg,0.6364874689800941,1.3082493708788698,1
YawnDD\yawn\5-MaleGlasses_f001047_mar0.884.jpg,0.6955744576957394,1.2670922190117038,1
YawnDD\yawn\5-MaleGlasses_f001050_mar0.902.jpg,0.6631227733267309,1.2462824787563938,1
YawnDD\yawn\5-MaleGlasses_f001053_mar0.756.jpg,0.5604633047582334,1.1182078266022584,1
YawnDD\yawn\5-MaleGlasses_f001176_mar0.750.jpg,0.5585817540951086,1.1617611215643269,1
YawnDD\yawn\5-MaleGlasses_f001179_mar0.862.jpg,0.638995045652051,1.2113033104981528,1
YawnDD\yawn\5-MaleGlasses_f001182_mar0.963.jpg,0.7019373541135737,1.2416870968849343,1
YawnDD\yawn\5-MaleGlasses_f001185_mar1.023.jpg,0.6849397828824683,1.1942106534489851,1
YawnDD\yawn\5-MaleGlasses_f001188_mar0.987.jpg,0.6909472912159134,1.2160616246172302,1
YawnDD\yawn\5-MaleGlasses_f001191_mar0.990.jpg,0.6552723054777232,1.2003737075434693,1
YawnDD\yawn\5-MaleGlasses_f001194_mar0.884.jpg,0.6729707407157006,1.2406260641518163,1
YawnDD\yawn\5-MaleGlasses_f001197_mar0.884.jpg,0.6520573421190107,1.2523921211796705,1
YawnDD\yawn\5-MaleGlasses_f001200_mar0.773.jpg,0.5728654518340567,1.1507774577680032,1
YawnDD\yawn\5-MaleGlasses_f002055_mar0.631.jpg,0.5146237596518054,1.0817649804592582,1
YawnDD\yawn\5-MaleGlasses_f002058_mar0.713.jpg,0.5683713681215803,1.131812296233992,1
YawnDD\yawn\5-MaleGlasses_f002061_mar0.825.jpg,0.6239162157215875,1.1632128877019798,1
YawnDD\yawn\5-MaleGlasses_f002064_mar0.912.jpg,0.6925346459660153,1.2386464167412559,1
YawnDD\yawn\5-MaleGlasses_f002067_mar1.005.jpg,0.7267733145339922,1.229723750148914,1
YawnDD\yawn\5-MaleGlasses_f002070_mar0.992.jpg,0.7603428538557219,1.226307951748915,1
YawnDD\yawn\5-MaleGlasses_f002073_mar0.981.jpg,0.7670884799320881,1.2380299888049975,1
YawnDD\yawn\5-MaleGlasses_f002076_mar0.977.jpg,0.791921428426457,1.2592215522915726,1
YawnDD\yawn\5-MaleGlasses_f002079_mar1.012.jpg,0.7682201286221463,1.2586580472601006,1
YawnDD\yawn\5-MaleGlasses_f002082_mar1.025.jpg,0.8170806603719133,1.2715759556467192,1
YawnDD\yawn\5-MaleGlasses_f002085_mar1.012.jpg,0.8145420121761023,1.2848461470404617,1
YawnDD\yawn\5-MaleGlasses_f002088_mar0.850.jpg,0.6818635817055632,1.207357925981657,1
YawnDD\yawn\5-MaleGlasses_f002091_mar0.701.jpg,0.548867371141006,1.1632701946907236,1
YawnDD\yawn\6-FemaleNoGlasses_f000138_mar0.655.jpg,0.5331326482241354,1.2692889968921408,1
YawnDD\yawn\6-FemaleNoGlasses_f000141_mar0.705.jpg,0.5906430593177325,1.2766824926460936,1
YawnDD\yawn\6-FemaleNoGlasses_f000144_mar0.809.jpg,0.6612645175932014,1.3398646059644856,1
YawnDD\yawn\6-FemaleNoGlasses_f000147_mar0.790.jpg,0.6453561192377147,1.3018769003406663,1
YawnDD\yawn\6-FemaleNoGlasses_f000150_mar0.853.jpg,0.642577772327958,1.349040347122205,1
YawnDD\yawn\6-FemaleNoGlasses_f000153_mar0.850.jpg,0.596011901477441,1.307122941221739,1
YawnDD\yawn\6-FemaleNoGlasses_f000156_mar0.754.jpg,0.5898865455049315,1.2535676614355582,1
YawnDD\yawn\6-FemaleNoGlasses_f000159_mar0.632.jpg,0.5347594563248035,1.2196139370262833,1
YawnDD\yawn\6-FemaleNoGlasses_f000165_mar0.613.jpg,0.4669714759159029,1.0825743028355053,1
YawnDD\yawn\6-FemaleNoGlasses_f000168_mar0.637.jpg,0.4817450094608015,1.1260053507196142,1
YawnDD\yawn\6-FemaleNoGlasses_f000171_mar0.622.jpg,0.4641658195192971,1.1268663323194348,1
YawnDD\yawn\6-FemaleNoGlasses_f000174_mar0.647.jpg,0.4600339531693922,1.1375612275595426,1
YawnDD\yawn\6-FemaleNoGlasses_f000177_mar0.634.jpg,0.449769076398686,1.1614898038783623,1
YawnDD\yawn\6-FemaleNoGlasses_f000180_mar0.639.jpg,0.4280441345174802,1.1107012972927992,1
YawnDD\yawn\6-FemaleNoGlasses_f000183_mar0.651.jpg,0.4197196267619754,1.160210912358241,1
YawnDD\yawn\6-FemaleNoGlasses_f000186_mar0.645.jpg,0.44351526352866594,1.165914800010458,1
YawnDD\yawn\6-FemaleNoGlasses_f000189_mar0.641.jpg,0.46453413983141423,1.1920437430747455,1
YawnDD\yawn\6-FemaleNoGlasses_f000192_mar0.652.jpg,0.4931974728169885,1.1817850945407473,1
YawnDD\yawn\6-FemaleNoGlasses_f000195_mar0.651.jpg,0.5146822049749523,1.1884603516116816,1
YawnDD\yawn\6-FemaleNoGlasses_f000198_mar0.669.jpg,0.4765262704442559,1.1587827250787195,1
YawnDD\yawn\6-FemaleNoGlasses_f000201_mar0.630.jpg,0.48133010412330807,1.143839143063883,1
YawnDD\yawn\6-FemaleNoGlasses_f000204_mar0.605.jpg,0.46294237417625506,1.1245079789757082,1
YawnDD\yawn\6-FemaleNoGlasses_f000870_mar0.603.jpg,0.4985183799812339,1.123287361451349,1
YawnDD\yawn\6-FemaleNoGlasses_f000873_mar0.642.jpg,0.49712228992705165,1.1144699180279645,1
YawnDD\yawn\6-FemaleNoGlasses_f000876_mar0.628.jpg,0.48973245625260586,1.0853479586610113,1
YawnDD\yawn\6-FemaleNoGlasses_f000879_mar0.672.jpg,0.4831992747679508,1.0630195348414955,1
YawnDD\yawn\6-FemaleNoGlasses_f000975_mar0.609.jpg,0.4910417979058913,1.03511413576327,1
YawnDD\yawn\6-FemaleNoGlasses_f000978_mar0.679.jpg,0.5048970382779109,1.0284897452721455,1
YawnDD\yawn\6-FemaleNoGlasses_f000981_mar0.699.jpg,0.5094583488306903,1.0419785434563336,1
YawnDD\yawn\6-FemaleNoGlasses_f000984_mar0.698.jpg,0.5110492309790975,1.0404214588305036,1
YawnDD\yawn\6-FemaleNoGlasses_f000987_mar0.692.jpg,0.5200946024291148,1.0333093429204891,1
YawnDD\yawn\6-MaleGlasses_f000441_mar0.676.jpg,0.5008784169888161,0.9841082490807029,1
YawnDD\yawn\6-MaleGlasses_f000444_mar0.719.jpg,0.5439252839769235,1.0185246787232047,1
YawnDD\yawn\6-MaleGlasses_f000447_mar0.777.jpg,0.6178766947917617,1.0381018210857629,1
YawnDD\yawn\6-MaleGlasses_f000450_mar0.822.jpg,0.626359052717316,1.041576347741475,1
YawnDD\yawn\6-MaleGlasses_f000453_mar0.880.jpg,0.626381323224877,1.103858280629845,1
YawnDD\yawn\6-MaleGlasses_f000456_mar0.845.jpg,0.6583461094660017,1.1134768569161642,1
YawnDD\yawn\6-MaleGlasses_f000459_mar0.904.jpg,0.7117029250942177,1.1431422772774742,1
YawnDD\yawn\6-MaleGlasses_f000462_mar0.902.jpg,0.7178647496989393,1.1849514676007178,1
YawnDD\yawn\6-MaleGlasses_f000465_mar0.958.jpg,0.7220991720713736,1.2272741069264972,1
YawnDD\yawn\6-MaleGlasses_f000468_mar0.959.jpg,0.6953836538803714,1.219100172545344,1
YawnDD\yawn\6-MaleGlasses_f000471_mar0.997.jpg,0.7020158497409361,1.208253576724709,1
YawnDD\yawn\6-MaleGlasses_f000474_mar0.975.jpg,0.6855924409632373,1.211788542370383,1
YawnDD\yawn\6-MaleGlasses_f000477_mar0.961.jpg,0.706045204025751,1.2140729833877497,1
YawnDD\yawn\6-MaleGlasses_f000480_mar0.959.jpg,0.6630863266814588,1.2063942644531793,1
YawnDD\yawn\6-MaleGlasses_f000483_mar0.935.jpg,0.7008251133732165,1.224914260016564,1
YawnDD\yawn\6-MaleGlasses_f000486_mar0.896.jpg,0.6946030749752845,1.198113698233805,1
YawnDD\yawn\6-MaleGlasses_f000489_mar0.798.jpg,0.6283165520376113,1.1659437244819237,1
YawnDD\yawn\6-MaleGlasses_f000492_mar0.686.jpg,0.5566897763632999,1.1411362684498194,1
YawnDD\yawn\6-MaleGlasses_f000495_mar0.601.jpg,0.472270045757258,1.0770911058143275,1
YawnDD\yawn\6-MaleGlasses_f000810_mar0.709.jpg,0.5266102300015257,0.9816598136707393,1
YawnDD\yawn\6-MaleGlasses_f000813_mar0.821.jpg,0.5756989485667807,1.0088623451131962,1
YawnDD\yawn\6-MaleGlasses_f000816_mar0.849.jpg,0.6158654580220071,1.0163733733675708,1
YawnDD\yawn\6-MaleGlasses_f000819_mar0.858.jpg,0.6406739523203241,1.0336077775430021,1
YawnDD\yawn\6-MaleGlasses_f000822_mar0.885.jpg,0.682189375812437,1.0593850963563125,1
YawnDD\yawn\6-MaleGlasses_f000825_mar0.923.jpg,0.6795532079723307,1.0739811111999418,1
YawnDD\yawn\6-MaleGlasses_f000828_mar0.899.jpg,0.6995182598714084,1.0803153255611637,1
YawnDD\yawn\6-MaleGlasses_f000831_mar0.900.jpg,0.7224028997745982,1.133864518070409,1
YawnDD\yawn\6-MaleGlasses_f000834_mar0.924.jpg,0.7612980847850708,1.1707613387029219,1
YawnDD\yawn\6-MaleGlasses_f000837_mar0.939.jpg,0.7440567317015434,1.1702401780334646,1
YawnDD\yawn\6-MaleGlasses_f000840_mar0.907.jpg,0.7353064419502843,1.1606047274370848,1
YawnDD\yawn\6-MaleGlasses_f000843_mar0.916.jpg,0.6832126552291885,1.2021112511834653,1
YawnDD\yawn\6-MaleGlasses_f000846_mar0.859.jpg,0.6540816048268405,1.1962883202778118,1
YawnDD\yawn\6-MaleGlasses_f000849_mar0.733.jpg,0.5708620159029852,1.1618004914605693,1
YawnDD\yawn\6-MaleGlasses_f000852_mar0.634.jpg,0.4901593955404205,1.1287088722654601,1
YawnDD\yawn\6-MaleGlasses_f001023_mar0.675.jpg,0.4808839137494391,1.4664124323125074,1
YawnDD\yawn\6-MaleGlasses_f001269_mar0.616.jpg,0.49242851014686273,0.921342191357404,1
YawnDD\yawn\6-MaleGlasses_f001272_mar0.719.jpg,0.5639664403038229,0.9438789139824959,1
YawnDD\yawn\6-MaleGlasses_f001275_mar0.815.jpg,0.6378269358043782,0.9573498990941103,1
YawnDD\yawn\6-MaleGlasses_f001278_mar0.871.jpg,0.6773153999182561,0.9594453454010278,1
YawnDD\yawn\6-MaleGlasses_f001281_mar0.906.jpg,0.719424493252046,1.032108610935729,1
YawnDD\yawn\6-MaleGlasses_f001284_mar0.917.jpg,0.764271713263308,1.063904574079641,1
YawnDD\yawn\6-MaleGlasses_f001287_mar0.967.jpg,0.7212280115305274,1.1024965624348322,1
YawnDD\yawn\6-MaleGlasses_f001290_mar0.978.jpg,0.7623734573190282,1.1003540673294467,1
YawnDD\yawn\6-MaleGlasses_f001293_mar0.961.jpg,0.7361032021612313,1.1903722550557068,1
YawnDD\yawn\6-MaleGlasses_f001296_mar1.063.jpg,0.731576419002178,1.16823394502453,1
YawnDD\yawn\6-MaleGlasses_f001299_mar1.098.jpg,0.7481119239138598,1.1994593121986896,1
YawnDD\yawn\6-MaleGlasses_f001302_mar1.067.jpg,0.7492544944643665,1.2807492623507177,1
YawnDD\yawn\6-MaleGlasses_f001305_mar1.017.jpg,0.7184600392274438,1.2421024874074604,1
YawnDD\yawn\6-MaleGlasses_f001308_mar1.026.jpg,0.6650960405030916,1.2227789602416819,1
YawnDD\yawn\6-MaleGlasses_f001311_mar0.963.jpg,0.6505986981457064,1.2142583383757835,1
YawnDD\yawn\6-MaleGlasses_f001314_mar0.890.jpg,0.6753309201470878,1.2045145686217544,1
YawnDD\yawn\6-MaleGlasses_f001317_mar0.849.jpg,0.6757829411150605,1.194796818199841,1
YawnDD\yawn\6-MaleGlasses_f001320_mar0.766.jpg,0.6188167551601007,1.214864310122659,1
YawnDD\yawn\6-MaleGlasses_f001323_mar0.723.jpg,0.5720173137706126,1.2060700035072298,1
YawnDD\yawn\6-MaleGlasses_f001326_mar0.753.jpg,0.5965983797221874,1.217925726554152,1
YawnDD\yawn\6-MaleGlasses_f001329_mar0.760.jpg,0.5815635079799438,1.2143052437620607,1
YawnDD\yawn\6-MaleGlasses_f001332_mar0.734.jpg,0.5768831440812268,1.1918200352613881,1
YawnDD\yawn\6-MaleGlasses_f001335_mar0.744.jpg,0.5955214898064803,1.171492727204913,1
YawnDD\yawn\6-MaleGlasses_f001338_mar0.766.jpg,0.6210110386285422,1.1496444643539094,1
YawnDD\yawn\6-MaleGlasses_f001341_mar0.755.jpg,0.5944060826547682,1.1116927336249864,1
YawnDD\yawn\6-MaleGlasses_f001344_mar0.755.jpg,0.568377483520523,1.113122048323269,1
YawnDD\yawn\6-MaleGlasses_f001347_mar0.748.jpg,0.5595481255678737,1.0953121876078065,1
YawnDD\yawn\6-MaleGlasses_f001350_mar0.725.jpg,0.5628771408590271,1.069235938124154,1
YawnDD\yawn\6-MaleGlasses_f001353_mar0.665.jpg,0.5519000880969118,1.0504957175877954,1
YawnDD\yawn\6-MaleGlasses_f001356_mar0.622.jpg,0.49449167141800454,1.0509865200171624,1
YawnDD\yawn\7-FemaleNoGlasses_f000663_mar0.617.jpg,0.5130481169758999,0.9445281615673593,1
YawnDD\yawn\7-FemaleNoGlasses_f000666_mar0.673.jpg,0.5473234628569122,0.9729793874293802,1
YawnDD\yawn\7-FemaleNoGlasses_f000669_mar0.636.jpg,0.5238221239197584,0.94235691613384,1
YawnDD\yawn\7-FemaleNoGlasses_f001803_mar0.629.jpg,0.5325478825612047,0.9794384422695798,1
YawnDD\yawn\7-FemaleNoGlasses_f001806_mar0.641.jpg,0.5377864149945275,0.9705349672295047,1
YawnDD\yawn\7-FemaleNoGlasses_f001809_mar0.671.jpg,0.5553153172859259,0.968237864714897,1
YawnDD\yawn\7-FemaleNoGlasses_f001812_mar0.644.jpg,0.5450776269079087,0.972975339756343,1
YawnDD\yawn\7-FemaleNoGlasses_f001815_mar0.639.jpg,0.509174753311767,0.9650016321902096,1
YawnDD\yawn\7-FemaleNoGlasses_f003432_mar0.617.jpg,0.5187532099952963,0.9891667087065892,1
YawnDD\yawn\7-FemaleNoGlasses_f003435_mar0.624.jpg,0.5221059855647155,0.9906373420377037,1
YawnDD\yawn\7-FemaleNoGlasses_f003438_mar0.616.jpg,0.5244026112618224,0.9819178073244257,1
YawnDD\yawn\7-MaleGlasses_f000453_mar0.628.jpg,0.5001351012592816,1.3078964261910595,1
YawnDD\yawn\7-MaleGlasses_f000456_mar0.734.jpg,0.5734685668639579,1.305523892388966,1
YawnDD\yawn\7-MaleGlasses_f000459_mar0.791.jpg,0.6171711864595982,1.3230029632538998,1
YawnDD\yawn\7-MaleGlasses_f000462_mar0.795.jpg,0.619672332300917,1.3090029964351986,1
YawnDD\yawn\7-MaleGlasses_f000465_mar0.672.jpg,0.5024054588704637,1.3033817390251186,1
YawnDD\yawn\7-MaleGlasses_f000471_mar0.639.jpg,0.5047011560543944,1.3077402118350832,1
YawnDD\yawn\7-MaleGlasses_f000474_mar0.707.jpg,0.5402945116579344,1.290232985686705,1
YawnDD\yawn\7-MaleGlasses_f000477_mar0.789.jpg,0.5948661898980584,1.338755460305105,1
YawnDD\yawn\7-MaleGlasses_f000480_mar0.793.jpg,0.5997525904454404,1.3438139261233466,1
YawnDD\yawn\7-MaleGlasses_f000483_mar0.789.jpg,0.5954108900613683,1.3471474370327907,1
YawnDD\yawn\7-MaleGlasses_f000486_mar0.867.jpg,0.6169620275760247,1.3627684211990356,1
YawnDD\yawn\7-MaleGlasses_f000489_mar0.825.jpg,0.6165548761409143,1.3407150863277522,1
YawnDD\yawn\7-MaleGlasses_f000492_mar0.844.jpg,0.6405735908567349,1.3343149957800378,1
YawnDD\yawn\7-MaleGlasses_f000495_mar0.861.jpg,0.6165425055535844,1.3292742830299977,1
YawnDD\yawn\7-MaleGlasses_f000498_mar0.855.jpg,0.6048469257849414,1.3288944721772737,1
YawnDD\yawn\7-MaleGlasses_f000501_mar0.879.jpg,0.6200027230739458,1.3017163077670313,1
YawnDD\yawn\7-MaleGlasses_f000504_mar0.858.jpg,0.614146039380534,1.335370879104738,1
YawnDD\yawn\7-MaleGlasses_f000507_mar0.846.jpg,0.6707018818583131,1.31987098763762,1
YawnDD\yawn\7-MaleGlasses_f000510_mar0.847.jpg,0.6396979884695018,1.3254639006502524,1
YawnDD\yawn\7-MaleGlasses_f000513_mar0.868.jpg,0.6080188672750938,1.2875583283570484,1
YawnDD\yawn\7-MaleGlasses_f000516_mar0.836.jpg,0.645282585544469,1.306832111048778,1
YawnDD\yawn\7-MaleGlasses_f000519_mar0.820.jpg,0.6265329547789227,1.274821699131519,1
YawnDD\yawn\7-MaleGlasses_f000522_mar0.784.jpg,0.5720601203555229,1.2699100666462626,1
YawnDD\yawn\7-MaleGlasses_f000525_mar0.767.jpg,0.5619877632607949,1.2666889817273161,1
YawnDD\yawn\7-MaleGlasses_f000528_mar0.765.jpg,0.6134775444921228,1.2915842804073427,1
YawnDD\yawn\7-MaleGlasses_f000531_mar0.734.jpg,0.5602143096361595,1.278740345157083,1
YawnDD\yawn\7-MaleGlasses_f000534_mar0.770.jpg,0.5501464926110842,1.2952779932940701,1
YawnDD\yawn\7-MaleGlasses_f000537_mar0.724.jpg,0.5612777937265739,1.2915071269506058,1
YawnDD\yawn\7-MaleGlasses_f000540_mar0.654.jpg,0.5121355752004894,1.2608695491860107,1
YawnDD\yawn\7-MaleGlasses_f001149_mar0.672.jpg,0.5219151553727696,1.3286223373911037,1
YawnDD\yawn\7-MaleGlasses_f001152_mar0.781.jpg,0.5819733394153868,1.3276821597855974,1
YawnDD\yawn\7-MaleGlasses_f001155_mar0.780.jpg,0.6236682860557646,1.3393618013170865,1
YawnDD\yawn\7-MaleGlasses_f001158_mar0.805.jpg,0.6184744869939969,1.3440182846649749,1
YawnDD\yawn\7-MaleGlasses_f001161_mar0.768.jpg,0.5751064280425243,1.3324848110433907,1
YawnDD\yawn\7-MaleGlasses_f001164_mar0.758.jpg,0.5518335715819341,1.342881295809995,1
YawnDD\yawn\7-MaleGlasses_f001167_mar0.715.jpg,0.5547420159171952,1.314851899235665,1
YawnDD\yawn\7-MaleGlasses_f001170_mar0.734.jpg,0.535465086351375,1.2943459966904869,1
YawnDD\yawn\7-MaleGlasses_f001173_mar0.821.jpg,0.5506472355261178,1.3049152643354496,1
YawnDD\yawn\7-MaleGlasses_f001176_mar0.824.jpg,0.5834201235722982,1.3188994360362083,1
YawnDD\yawn\7-MaleGlasses_f001179_mar0.824.jpg,0.5813674416908281,1.3072202283497445,1
YawnDD\yawn\7-MaleGlasses_f001182_mar0.810.jpg,0.5955728654200871,1.299670301132795,1
YawnDD\yawn\7-MaleGlasses_f001185_mar0.786.jpg,0.5592791118941564,1.3443861923208806,1
YawnDD\yawn\7-MaleGlasses_f001188_mar0.815.jpg,0.5817612665647115,1.3340001984311836,1
YawnDD\yawn\7-MaleGlasses_f001191_mar0.841.jpg,0.5933729858719037,1.3209401947710688,1
YawnDD\yawn\7-MaleGlasses_f001194_mar0.791.jpg,0.5626441369379156,1.3006059126208405,1
YawnDD\yawn\7-MaleGlasses_f001197_mar0.795.jpg,0.5423897241887541,1.308152829663746,1
YawnDD\yawn\7-MaleGlasses_f001200_mar0.787.jpg,0.5711156364779223,1.3057456632006113,1
YawnDD\yawn\7-MaleGlasses_f001203_mar0.780.jpg,0.5423662542438078,1.2973850200190273,1
YawnDD\yawn\7-MaleGlasses_f001206_mar0.748.jpg,0.5436801743897912,1.3106756247799258,1
YawnDD\yawn\7-MaleGlasses_f001209_mar0.717.jpg,0.5134507812317409,1.3031900272035204,1
YawnDD\yawn\7-MaleGlasses_f001212_mar0.687.jpg,0.5143394405311225,1.320378183516087,1
YawnDD\yawn\7-MaleGlasses_f001215_mar0.694.jpg,0.4952607148168163,1.3155951416068414,1
YawnDD\yawn\7-MaleGlasses_f001218_mar0.667.jpg,0.5146855451395134,1.306891274138726,1
YawnDD\yawn\7-MaleGlasses_f001221_mar0.724.jpg,0.517983273643134,1.2796825656135136,1
YawnDD\yawn\7-MaleGlasses_f001224_mar0.664.jpg,0.4885883238265608,1.270705102087762,1
YawnDD\yawn\7-MaleGlasses_f001227_mar0.639.jpg,0.49078297471228893,1.2695158692951363,1
YawnDD\yawn\7-MaleGlasses_f001650_mar0.635.jpg,0.48317801438216607,1.2954715548795264,1
YawnDD\yawn\7-MaleGlasses_f001653_mar0.651.jpg,0.5099193706166363,1.3057328855492552,1
YawnDD\yawn\7-MaleGlasses_f001656_mar0.695.jpg,0.5280289273042528,1.2979028449081247,1
YawnDD\yawn\7-MaleGlasses_f001659_mar0.670.jpg,0.511836993642464,1.2689544703399909,1
YawnDD\yawn\7-MaleGlasses_f001662_mar0.742.jpg,0.518206762963529,1.2707534492687973,1
YawnDD\yawn\7-MaleGlasses_f001665_mar0.709.jpg,0.5408596433531223,1.2413355390326932,1
YawnDD\yawn\7-MaleGlasses_f001668_mar0.696.jpg,0.5041967535245248,1.2689657918543673,1
YawnDD\yawn\7-MaleGlasses_f001671_mar0.723.jpg,0.5232175881001037,1.2603318564707737,1
YawnDD\yawn\7-MaleGlasses_f001674_mar0.685.jpg,0.510012684954459,1.2796368194617855,1
YawnDD\yawn\7-MaleGlasses_f001677_mar0.652.jpg,0.5091061805880841,1.2440615145642844,1
YawnDD\yawn\7-MaleGlasses_f001680_mar0.663.jpg,0.5006396511755694,1.2539715526897712,1
YawnDD\yawn\7-MaleGlasses_f001683_mar0.649.jpg,0.47556041977468405,1.2382682612401634,1
YawnDD\yawn\8-FemaleGlasses.avi_f000690_mar0.603.jpg,0.5016780010247913,1.1687637303402338,1
YawnDD\yawn\8-FemaleGlasses.avi_f000693_mar0.744.jpg,0.5493059799946902,1.2373056496824735,1
YawnDD\yawn\8-FemaleGlasses.avi_f000696_mar0.820.jpg,0.625384290788757,1.233734026794026,1
YawnDD\yawn\8-FemaleGlasses.avi_f000699_mar0.826.jpg,0.6656771866463076,1.2458692554941881,1
YawnDD\yawn\8-FemaleGlasses.avi_f000702_mar0.869.jpg,0.6763711855643967,1.2727054476526394,1
YawnDD\yawn\8-FemaleGlasses.avi_f000705_mar0.891.jpg,0.6647003938035134,1.2993487482791384,1
YawnDD\yawn\8-FemaleGlasses.avi_f000708_mar0.891.jpg,0.6708605141046202,1.291128182008008,1
YawnDD\yawn\8-FemaleGlasses.avi_f000711_mar0.875.jpg,0.7188421960366242,1.2951510994903375,1
YawnDD\yawn\8-FemaleGlasses.avi_f000714_mar0.943.jpg,0.730314252363738,1.266463664504928,1
YawnDD\yawn\8-FemaleGlasses.avi_f000717_mar0.970.jpg,0.7260674914006269,1.2730390827872746,1
YawnDD\yawn\8-FemaleGlasses.avi_f000720_mar1.055.jpg,0.6087541023462213,1.212329360037751,1
YawnDD\yawn\8-FemaleGlasses.avi_f000744_mar0.937.jpg,0.7491165805889662,1.2030957021273512,1
YawnDD\yawn\8-FemaleGlasses.avi_f000747_mar0.926.jpg,0.7277272223079311,1.2863771509996127,1
YawnDD\yawn\8-FemaleGlasses.avi_f000750_mar0.828.jpg,0.6319097781178898,1.2593511933944594,1
YawnDD\yawn\8-FemaleGlasses.avi_f000753_mar0.618.jpg,0.517853255997559,1.2337005321250074,1
YawnDD\yawn\8-FemaleGlasses.avi_f001095_mar0.666.jpg,0.5819790883805228,1.1116688124930951,1
YawnDD\yawn\8-FemaleGlasses.avi_f001098_mar0.766.jpg,0.6783481353861788,1.1543769281396374,1
YawnDD\yawn\8-FemaleGlasses.avi_f001101_mar0.931.jpg,0.7073277184137111,1.1563928734497249,1
YawnDD\yawn\8-FemaleGlasses.avi_f001104_mar1.002.jpg,0.7767308710090607,1.182037535767867,1
YawnDD\yawn\8-FemaleGlasses.avi_f001107_mar1.091.jpg,0.7568229869574248,1.220093977359809,1
YawnDD\yawn\8-FemaleGlasses.avi_f001110_mar1.097.jpg,0.8777608265327027,1.2506829283682133,1
YawnDD\yawn\8-FemaleGlasses.avi_f001113_mar1.203.jpg,0.8709166931616461,1.2482251589143472,1
YawnDD\yawn\8-FemaleGlasses.avi_f001116_mar1.313.jpg,0.9158378482291301,1.2921370774241323,1
YawnDD\yawn\8-FemaleGlasses.avi_f001119_mar1.255.jpg,0.9566710164240585,1.2869110355357667,1
YawnDD\yawn\8-FemaleGlasses.avi_f001122_mar1.298.jpg,0.9541934338891208,1.3143061345229425,1
YawnDD\yawn\8-FemaleGlasses.avi_f001125_mar1.369.jpg,1.0096310022570016,1.3218794870911554,1
YawnDD\yawn\8-FemaleGlasses.avi_f001128_mar1.334.jpg,1.0052649716819262,1.3564711562882974,1
YawnDD\yawn\8-FemaleGlasses.avi_f001131_mar1.309.jpg,0.9920473475725322,1.3484764060766787,1
YawnDD\yawn\8-FemaleGlasses.avi_f001134_mar1.251.jpg,0.9854738766537323,1.3475037573883994,1
YawnDD\yawn\8-FemaleGlasses.avi_f001137_mar1.246.jpg,0.9551476211608043,1.365208702250881,1
YawnDD\yawn\8-FemaleGlasses.avi_f001140_mar1.279.jpg,0.9863993204568221,1.3201185924789633,1
YawnDD\yawn\8-FemaleGlasses.avi_f001143_mar1.252.jpg,0.9281234243380857,1.3239327251758832,1
YawnDD\yawn\8-FemaleGlasses.avi_f001146_mar1.200.jpg,0.9288063912736968,1.3715861904912123,1
YawnDD\yawn\8-FemaleGlasses.avi_f001149_mar1.097.jpg,0.8190876214464514,1.3285353182158814,1
YawnDD\yawn\8-FemaleGlasses.avi_f001152_mar0.911.jpg,0.6755254798035881,1.3264796951935294,1
YawnDD\yawn\8-FemaleGlasses.avi_f001371_mar0.649.jpg,0.5043542281305023,1.068989790362257,1
YawnDD\yawn\8-FemaleGlasses.avi_f001374_mar0.869.jpg,0.673788818364848,1.1202665722238978,1
YawnDD\yawn\8-FemaleGlasses.avi_f001377_mar1.084.jpg,0.8213627250419996,1.2050866276731576,1
YawnDD\yawn\8-FemaleGlasses.avi_f001380_mar1.254.jpg,0.8813880652203203,1.2233348167528648,1
YawnDD\yawn\8-FemaleGlasses.avi_f001383_mar1.239.jpg,0.9887898289980362,1.2666823724340412,1
YawnDD\yawn\8-FemaleGlasses.avi_f001386_mar1.289.jpg,0.9743986698779148,1.2596952235619376,1
YawnDD\yawn\8-FemaleGlasses.avi_f001389_mar1.234.jpg,0.9837834609134987,1.3007988313796266,1
YawnDD\yawn\8-FemaleGlasses.avi_f001392_mar1.343.jpg,1.0033795048709417,1.2840479801377442,1
YawnDD\yawn\8-FemaleGlasses.avi_f001395_mar1.403.jpg,0.9504845969284548,1.3478920933594125,1
YawnDD\yawn\8-FemaleGlasses.avi_f001398_mar1.390.jpg,0.9793041960099957,1.326249742138483,1
YawnDD\yawn\8-FemaleGlasses.avi_f001401_mar1.375.jpg,0.971715598071864,1.3243643827577953,1
YawnDD\yawn\8-FemaleGlasses.avi_f001404_mar1.371.jpg,0.9426680825416471,1.334549456464383,1
YawnDD\yawn\8-FemaleGlasses.avi_f001407_mar1.305.jpg,0.9882763732712874,1.3600986742042553,1
YawnDD\yawn\8-FemaleGlasses.avi_f001410_mar1.291.jpg,0.8978913850644984,1.3337020388880532,1
YawnDD\yawn\8-FemaleGlasses.avi_f001413_mar1.340.jpg,0.861963865542169,1.3553678542154393,1
YawnDD\yawn\8-FemaleGlasses.avi_f001416_mar1.372.jpg,0.8884914805948548,1.3424420413964657,1
YawnDD\yawn\8-FemaleGlasses.avi_f001419_mar1.343.jpg,0.9020617724646443,1.3349455590921637,1
YawnDD\yawn\8-FemaleGlasses.avi_f001422_mar1.347.jpg,1.05533471018286,1.334787524104726,1
YawnDD\yawn\8-FemaleGlasses.avi_f001425_mar1.298.jpg,0.9715220084485534,1.328273644848255,1
YawnDD\yawn\8-FemaleGlasses.avi_f001428_mar1.244.jpg,0.9063429367708175,1.3287439319360266,1
YawnDD\yawn\8-FemaleGlasses.avi_f001431_mar1.248.jpg,0.7912235150688278,1.3044572458435382,1
YawnDD\yawn\8-FemaleGlasses.avi_f001434_mar1.277.jpg,0.8683337592028223,1.2969487609053725,1
YawnDD\yawn\8-FemaleGlasses.avi_f001437_mar1.149.jpg,0.7425260877834458,1.3024566471634174,1
YawnDD\yawn\8-FemaleGlasses.avi_f001440_mar0.865.jpg,0.6723944254423007,1.2294644419527665,1
YawnDD\yawn\8-FemaleGlasses.avi_f001443_mar0.619.jpg,0.5494226897638301,1.1820541773100364,1
YawnDD\yawn\8-FemaleGlasses.avi_f001554_mar0.663.jpg,0.5112791137276136,1.0133928060126804,1
YawnDD\yawn\8-FemaleGlasses.avi_f001557_mar0.730.jpg,0.5471053093677831,1.0783343669345078,1
YawnDD\yawn\8-FemaleGlasses.avi_f001560_mar0.733.jpg,0.5298616807307265,1.0442186243210967,1
YawnDD\yawn\8-FemaleGlasses.avi_f001563_mar0.681.jpg,0.5239660929470128,1.0619196206097261,1
YawnDD\yawn\8-FemaleGlasses.avi_f002034_mar0.676.jpg,0.5767529358654122,1.0905647971784855,1
YawnDD\yawn\8-FemaleGlasses.avi_f002037_mar0.891.jpg,0.6888127536978331,1.1351567736961778,1
YawnDD\yawn\8-FemaleGlasses.avi_f002040_mar1.084.jpg,0.7364116193259392,1.2053699298358052,1
YawnDD\yawn\8-FemaleGlasses.avi_f002043_mar1.125.jpg,0.8034710831176354,1.237057748162604,1
YawnDD\yawn\8-FemaleGlasses.avi_f002046_mar1.258.jpg,0.9009358723049254,1.2979814520776232,1
YawnDD\yawn\8-FemaleGlasses.avi_f002049_mar1.309.jpg,0.9245308292984367,1.2847056858760313,1
YawnDD\yawn\8-FemaleGlasses.avi_f002052_mar1.315.jpg,0.9196334640965314,1.296391454086951,1
YawnDD\yawn\8-FemaleGlasses.avi_f002055_mar1.240.jpg,0.9358852254886056,1.3242730078801124,1
YawnDD\yawn\8-FemaleGlasses.avi_f002058_mar1.172.jpg,0.856923096022193,1.2886365120842065,1
YawnDD\yawn\8-FemaleGlasses.avi_f002061_mar1.099.jpg,0.8616723506972322,1.2867971211782498,1
YawnDD\yawn\8-FemaleGlasses.avi_f002064_mar1.190.jpg,0.8097963819667686,1.3075674319926571,1
YawnDD\yawn\8-FemaleGlasses.avi_f002067_mar1.373.jpg,0.897498379546215,1.3010146702537444,1
YawnDD\yawn\8-FemaleGlasses.avi_f002070_mar1.284.jpg,0.815933646167172,1.3065898484611262,1
YawnDD\yawn\8-FemaleGlasses.avi_f002073_mar1.155.jpg,0.7945077823985944,1.2423114353201092,1
YawnDD\yawn\8-FemaleGlasses.avi_f002076_mar1.099.jpg,0.7774218466751244,1.232504690478141,1
YawnDD\yawn\8-FemaleGlasses.avi_f002079_mar1.166.jpg,0.77852962572423,1.2464342170404255,1
YawnDD\yawn\8-FemaleGlasses.avi_f002082_mar1.026.jpg,0.7198351155400851,1.2706365972564853,1
YawnDD\yawn\8-FemaleGlasses.avi_f002085_mar0.907.jpg,0.6929248949420985,1.3083198026206952,1
YawnDD\yawn\8-FemaleGlasses.avi_f002088_mar0.811.jpg,0.6281671603766623,1.2099415282602388,1
YawnDD\yawn\8-MaleNoGlasses_f000714_mar0.637.jpg,0.37450112625680465,1.2547192457946104,1
YawnDD\yawn\8-MaleNoGlasses_f001197_mar0.617.jpg,0.469306120832215,1.2472963074259553,1
YawnDD\yawn\8-MaleNoGlasses_f001200_mar0.641.jpg,0.5437691911753314,1.2239240857594944,1
YawnDD\yawn\8-MaleNoGlasses_f001209_mar0.617.jpg,0.49127725751152085,1.260758239477294,1
YawnDD\yawn\8-MaleNoGlasses_f001218_mar0.601.jpg,0.5044181921833919,1.223242204484997,1
YawnDD\yawn\8-MaleNoGlasses_f001221_mar0.640.jpg,0.517084696825541,1.222022481149008,1
YawnDD\yawn\8-MaleNoGlasses_f001224_mar0.640.jpg,0.49182712943999496,1.242522285727011,1
YawnDD\yawn\8-MaleNoGlasses_f001227_mar0.646.jpg,0.49709322743868123,1.247276856708112,1
YawnDD\yawn\8-MaleNoGlasses_f001230_mar0.633.jpg,0.4990791458416031,1.2453467081307876,1
YawnDD\yawn\8-MaleNoGlasses_f001233_mar0.679.jpg,0.544373583806824,1.2585392450860888,1
YawnDD\yawn\8-MaleNoGlasses_f001236_mar0.660.jpg,0.5317285792116642,1.2638960690120453,1
YawnDD\yawn\8-MaleNoGlasses_f001740_mar0.644.jpg,0.46902180302758406,1.246818130139817,1
YawnDD\yawn\8-MaleNoGlasses_f001743_mar0.656.jpg,0.48910422324971586,1.2702662602069437,1
YawnDD\yawn\8-MaleNoGlasses_f001746_mar0.636.jpg,0.5067467179639114,1.2758831579800907,1
YawnDD\yawn\8-MaleNoGlasses_f001749_mar0.641.jpg,0.5456883943118419,1.275605948768218,1
YawnDD\yawn\8-MaleNoGlasses_f001752_mar0.645.jpg,0.54792766511833,1.291909252530606,1
YawnDD\yawn\8-MaleNoGlasses_f001755_mar0.668.jpg,0.5835669627388882,1.272146060733461,1
YawnDD\yawn\8-MaleNoGlasses_f001758_mar0.646.jpg,0.5752477294399856,1.2430814632996918,1
YawnDD\yawn\8-MaleNoGlasses_f001761_mar0.668.jpg,0.6149022510128723,1.2324088580794785,1
YawnDD\yawn\8-MaleNoGlasses_f001764_mar0.671.jpg,0.5680244812699546,1.2940951650129306,1
YawnDD\yawn\8-MaleNoGlasses_f001767_mar0.699.jpg,0.6154491625982974,1.2868347392601551,1
YawnDD\yawn\8-MaleNoGlasses_f001770_mar0.699.jpg,0.6524037626628645,1.2990116919874277,1
YawnDD\yawn\8-MaleNoGlasses_f001773_mar0.653.jpg,0.5734699378302488,1.282409646514721,1
YawnDD\yawn\8-MaleNoGlasses_f001776_mar0.646.jpg,0.5655805450118943,1.2488822394749641,1
YawnDD\yawn\8-MaleNoGlasses_f001779_mar0.649.jpg,0.5259508072172854,1.2695638981907025,1
YawnDD\yawn\8-MaleNoGlasses_f001782_mar0.650.jpg,0.5090387795631836,1.2753234794471013,1
YawnDD\yawn\8-MaleNoGlasses_f001785_mar0.649.jpg,0.5284208032484198,1.249157347876557,1
YawnDD\yawn\8-MaleNoGlasses_f001791_mar0.609.jpg,0.44744785186437963,1.2197902003234635,1
YawnDD\yawn\9-FemaleNoGlasses_f000735_mar0.614.jpg,0.45545486492016946,1.0400701768268117,1
YawnDD\yawn\9-FemaleNoGlasses_f000738_mar0.739.jpg,0.6472614564810184,1.1894321010194742,1
YawnDD\yawn\9-FemaleNoGlasses_f000741_mar0.842.jpg,0.6661400403771324,1.2139294953519693,1
YawnDD\yawn\9-FemaleNoGlasses_f000744_mar0.906.jpg,0.6662178890898274,1.2504227385956261,1
YawnDD\yawn\9-FemaleNoGlasses_f000747_mar0.884.jpg,0.6208570021981004,1.2487246249391821,1
YawnDD\yawn\9-FemaleNoGlasses_f000750_mar0.797.jpg,0.618406056364603,1.2428826867256022,1
YawnDD\yawn\9-FemaleNoGlasses_f000753_mar0.768.jpg,0.6187818200761571,1.2454201677021377,1
YawnDD\yawn\9-FemaleNoGlasses_f000960_mar0.653.jpg,0.5159290080224419,1.1921744377640109,1
YawnDD\yawn\9-FemaleNoGlasses_f001119_mar0.819.jpg,0.6508884867076964,1.1448749292824068,1
YawnDD\yawn\9-FemaleNoGlasses_f001122_mar0.976.jpg,0.6828052074185595,1.1319425969735675,1
YawnDD\yawn\9-FemaleNoGlasses_f001125_mar0.923.jpg,0.6436368942557726,1.146327348065313,1
YawnDD\yawn\9-FemaleNoGlasses_f001128_mar0.852.jpg,0.5773912412240534,1.1503269952440607,1
YawnDD\yawn\9-FemaleNoGlasses_f001131_mar0.799.jpg,0.6074497035849167,1.185521863190187,1
YawnDD\yawn\9-FemaleNoGlasses_f001134_mar0.776.jpg,0.5811694061883117,1.2020053786137335,1
YawnDD\yawn\9-FemaleNoGlasses_f001137_mar0.663.jpg,0.5181158621957381,1.1983289743732217,1
YawnDD\yawn\9-MaleNoGlasses_f000639_mar0.653.jpg,0.5227685172185965,1.075814113453178,1
YawnDD\yawn\9-MaleNoGlasses_f000642_mar0.714.jpg,0.5542640624465597,1.1241593965020389,1
YawnDD\yawn\9-MaleNoGlasses_f000645_mar0.741.jpg,0.5484189941147138,1.1610232531393516,1
YawnDD\yawn\9-MaleNoGlasses_f000648_mar0.776.jpg,0.5595072337116793,1.1735673853830138,1
YawnDD\yawn\9-MaleNoGlasses_f000651_mar0.818.jpg,0.5693480456230242,1.1888421242036407,1
YawnDD\yawn\9-MaleNoGlasses_f000654_mar0.848.jpg,0.6119595762926358,1.218535594900129,1
YawnDD\yawn\9-MaleNoGlasses_f000657_mar0.879.jpg,0.6570327573816026,1.268511183615644,1
YawnDD\yawn\9-MaleNoGlasses_f000660_mar0.898.jpg,0.6802299638416991,1.271960423051154,1
YawnDD\yawn\9-MaleNoGlasses_f000663_mar0.876.jpg,0.6494876383604479,1.2358154966978059,1
YawnDD\yawn\9-MaleNoGlasses_f000666_mar0.875.jpg,0.6638872748695044,1.2472791877022176,1
YawnDD\yawn\9-MaleNoGlasses_f000669_mar0.867.jpg,0.664998664813047,1.2456017135189221,1
YawnDD\yawn\9-MaleNoGlasses_f000672_mar0.873.jpg,0.670415743027868,1.273920511411943,1
YawnDD\yawn\9-MaleNoGlasses_f000675_mar0.948.jpg,0.6944931570333222,1.2467017383395298,1
YawnDD\yawn\9-MaleNoGlasses_f000678_mar0.875.jpg,0.6916856745795064,1.2630713195524723,1
YawnDD\yawn\9-MaleNoGlasses_f000681_mar0.853.jpg,0.6730281747109518,1.2662948411370862,1
YawnDD\yawn\9-MaleNoGlasses_f000684_mar0.868.jpg,0.6262980956752884,1.2152587833531254,1
YawnDD\yawn\9-MaleNoGlasses_f000687_mar0.929.jpg,0.6229539734755544,1.2090579582203749,1
YawnDD\yawn\9-MaleNoGlasses_f000690_mar0.860.jpg,0.5998708916746681,1.1793161395839733,1
YawnDD\yawn\9-MaleNoGlasses_f000693_mar0.798.jpg,0.6257455120472006,1.2541936726957006,1
YawnDD\yawn\9-MaleNoGlasses_f000696_mar0.790.jpg,0.6107905511147221,1.2607680149664098,1
YawnDD\yawn\9-MaleNoGlasses_f000699_mar0.820.jpg,0.6227671396918693,1.2787376772983812,1
YawnDD\yawn\9-MaleNoGlasses_f000702_mar0.792.jpg,0.6142714374425184,1.2798750656061926,1
YawnDD\yawn\9-MaleNoGlasses_f000705_mar0.775.jpg,0.5670438881541043,1.2608410264193002,1
YawnDD\yawn\9-MaleNoGlasses_f000708_mar0.711.jpg,0.5278152268717599,1.2488186356298083,1
YawnDD\yawn\9-MaleNoGlasses_f000711_mar0.709.jpg,0.5248203217142774,1.2267244427174149,1
YawnDD\yawn\9-MaleNoGlasses_f000714_mar0.727.jpg,0.5404634750369937,1.2200993184821927,1
YawnDD\yawn\9-MaleNoGlasses_f000717_mar0.689.jpg,0.5171643440147997,1.1933358189993586,1
YawnDD\yawn\9-MaleNoGlasses_f000720_mar0.657.jpg,0.5116783222967471,1.1694750817018291,1
YawnDD\yawn\9-MaleNoGlasses_f000723_mar0.676.jpg,0.5197308951423948,1.1627066899654541,1
YawnDD\yawn\9-MaleNoGlasses_f000726_mar0.662.jpg,0.5061323540250406,1.1549204463455958,1
YawnDD\yawn\9-MaleNoGlasses_f001014_mar0.615.jpg,0.49815903472862616,1.1446558352645662,1
YawnDD\yawn\9-MaleNoGlasses_f001017_mar0.652.jpg,0.5266437695603527,1.1632147200645304,1
YawnDD\yawn\9-MaleNoGlasses_f001020_mar0.750.jpg,0.5793169758044727,1.1425091758817427,1
YawnDD\yawn\9-MaleNoGlasses_f001023_mar0.874.jpg,0.579001659743985,1.0977541105443593,1
YawnDD\yawn\9-MaleNoGlasses_f001026_mar0.893.jpg,0.5856857256030554,1.1123411046636271,1
YawnDD\yawn\9-MaleNoGlasses_f001029_mar0.925.jpg,0.6364207204314808,1.1377536193599904,1
YawnDD\yawn\9-MaleNoGlasses_f001032_mar0.892.jpg,0.6275402573449712,1.1128031216892753,1
YawnDD\yawn\9-MaleNoGlasses_f001035_mar0.873.jpg,0.59143009998167,1.0523169387339195,1
YawnDD\yawn\9-MaleNoGlasses_f001038_mar0.907.jpg,0.5778413041656281,1.034712498150055,1
YawnDD\yawn\9-MaleNoGlasses_f001041_mar0.935.jpg,0.5635248029191582,1.0601479615494622,1
YawnDD\yawn\9-MaleNoGlasses_f001044_mar0.917.jpg,0.5618882879568994,1.1807172693112509,1
YawnDD\yawn\9-MaleNoGlasses_f001047_mar0.915.jpg,0.5419019101273332,1.1492262898731385,1
YawnDD\yawn\9-MaleNoGlasses_f001050_mar0.914.jpg,0.6068268779521029,1.1711775415594745,1
YawnDD\yawn\9-MaleNoGlasses_f001053_mar0.891.jpg,0.5937754376292533,1.1945261825779114,1
YawnDD\yawn\9-MaleNoGlasses_f001056_mar0.876.jpg,0.5869042269266842,1.20270098760966,1
YawnDD\yawn\9-MaleNoGlasses_f001059_mar0.844.jpg,0.6040323994648921,1.185619313007753,1
YawnDD\yawn\9-MaleNoGlasses_f001062_mar0.816.jpg,0.5963134493422948,1.1971192272927378,1
YawnDD\yawn\9-MaleNoGlasses_f001065_mar0.806.jpg,0.5711516078092709,1.1786728183681288,1
YawnDD\yawn\9-MaleNoGlasses_f001068_mar0.757.jpg,0.5758715027621745,1.1740217034420057,1
YawnDD\yawn\9-MaleNoGlasses_f001071_mar0.689.jpg,0.5466432664744589,1.1627125851068494,1
YawnDD\yawn\9-MaleNoGlasses_f001074_mar0.688.jpg,0.5580036359898985,1.1564434029045365,1
YawnDD\yawn\9-MaleNoGlasses_f001077_mar0.622.jpg,0.5100741867506356,1.160616793443855,1
YawnDD\yawn\9-MaleNoGlasses_f001080_mar0.608.jpg,0.5084361797445898,1.1413390811473039,1
YawnDD\yawn\9-MaleNoGlasses_f001602_mar0.615.jpg,0.5050872832266275,1.1057536992422548,1
YawnDD\yawn\9-MaleNoGlasses_f001605_mar0.649.jpg,0.5153977325604551,1.0899460958606106,1
YawnDD\yawn\9-MaleNoGlasses_f001608_mar0.706.jpg,0.5330471270845986,1.0977616137200272,1
YawnDD\yawn\9-MaleNoGlasses_f001611_mar0.708.jpg,0.5484576644859664,1.1049413618086235,1
YawnDD\yawn\9-MaleNoGlasses_f001614_mar0.729.jpg,0.552520473943372,1.124314311076379,1
YawnDD\yawn\9-MaleNoGlasses_f001617_mar0.722.jpg,0.5364094862858856,1.1355830362491468,1
YawnDD\yawn\9-MaleNoGlasses_f001620_mar0.697.jpg,0.5213837928054824,1.141725265579299,1
YawnDD\yawn\9-MaleNoGlasses_f001623_mar0.688.jpg,0.5402447458546891,1.1385614005021991,1
YawnDD\yawn\9-MaleNoGlasses_f001626_mar0.715.jpg,0.5512736734525295,1.1379146357087626,1
YawnDD\yawn\9-MaleNoGlasses_f001629_mar0.737.jpg,0.5580312579286544,1.1498383538335917,1
YawnDD\yawn\9-MaleNoGlasses_f001632_mar0.750.jpg,0.5475476289668443,1.1429280797632537,1
YawnDD\yawn\9-MaleNoGlasses_f001635_mar0.706.jpg,0.5504247391612921,1.152622914391268,1
YawnDD\yawn\9-MaleNoGlasses_f001638_mar0.686.jpg,0.5379912909707585,1.1337809498110205,1
YawnDD\yawn\9-MaleNoGlasses_f001641_mar0.693.jpg,0.5305662121807868,1.131277153800962,1
YawnDD\yawn\9-MaleNoGlasses_f001644_mar0.690.jpg,0.518862284454099,1.1285501867527368,1
YawnDD\yawn\9-MaleNoGlasses_f001647_mar0.671.jpg,0.5013084283137863,1.1287628080344945,1
YawnDD\yawn\9-MaleNoGlasses_f001650_mar0.617.jpg,0.47826587212495947,1.1418012093088081,1
YawnDD\yawn\9-MaleNoGlasses_f001653_mar0.615.jpg,0.47258349765800584,1.1403951560036056,1
YawnDD\no_yawn\1-FemaleNoGlasses_f000078_mar0.030.jpg,0.0693277671041879,0.7638515090217051,0
YawnDD\no_yawn\1-FemaleNoGlasses_f000081_mar0.030.jpg,0.06753626878080897,0.7613870368659132,0
YawnDD\no_yawn\1-FemaleNoGlasses_f000084_mar0.030.jpg,0.06738988874693704,0.7861888830397977,0
YawnDD\no_yawn\1-FemaleNoGlasses_f000087_mar0.030.jpg,0.06910186585423772,0.7980132605263197,0
YawnDD\no_yawn\1-FemaleNoGlasses_f000090_mar0.030.jpg,0.06771633106838168,0.8103605149273517,0
YawnDD\no_yawn\1-FemaleNoGlasses_f000093_mar0.030.jpg,0.0694989360976764,0.8278316263541627,0
YawnDD\no_yawn\1-FemaleNoGlasses_f000096_mar0.030.jpg,0.06941171598183456,0.831918309345562,0
YawnDD\no_yawn\1-FemaleNoGlasses_f000099_mar0.030.jpg,0.06938251931507192,0.8318939917776841,0
YawnDD\no_yawn\1-FemaleNoGlasses_f000102_mar0.030.jpg,0.07132539101861377,0.8312373692085097,0
YawnDD\no_yawn\1-FemaleNoGlasses_f000105_mar0.030.jpg,0.07020170545498598,0.8411752722733878,0
YawnDD\no_yawn\1-FemaleNoGlasses_f000108_mar0.030.jpg,0.06912793068222037,0.8412810849165948,0
YawnDD\no_yawn\1-FemaleNoGlasses_f000327_mar0.030.jpg,0.0684368963836188,0.7815806129090848,0
YawnDD\no_yawn\1-FemaleNoGlasses_f000330_mar0.030.jpg,0.07004762519648258,0.790998923583846,0
YawnDD\no_yawn\1-FemaleNoGlasses_f000342_mar0.030.jpg,0.0715116540287424,0.7801897431302331,0
YawnDD\no_yawn\1-FemaleNoGlasses_f000345_mar0.030.jpg,0.06725538020735451,0.7641101307277783,0
YawnDD\no_yawn\1-FemaleNoGlasses_f000348_mar0.030.jpg,0.06627399830327148,0.7532340973578086,0
YawnDD\no_yawn\1-FemaleNoGlasses_f000351_mar0.030.jpg,0.06823315511451995,0.7522251922737138,0
YawnDD\no_yawn\1-FemaleNoGlasses_f000354_mar0.030.jpg,0.06782573583986745,0.7514021731016952,0
YawnDD\no_yawn\1-FemaleNoGlasses_f000357_mar0.030.jpg,0.06797625589600526,0.7515900745448733,0
YawnDD\no_yawn\1-FemaleNoGlasses_f000360_mar0.030.jpg,0.06575390774031635,0.7607010628143742,0
YawnDD\no_yawn\1-FemaleNoGlasses_f000363_mar0.030.jpg,0.06502042650551637,0.7713047786502595,0
YawnDD\no_yawn\1-FemaleNoGlasses_f000366_mar0.030.jpg,0.06722545190431707,0.7840670324195622,0
YawnDD\no_yawn\1-FemaleNoGlasses_f000423_mar0.030.jpg,0.07361137023988944,0.7693730905497431,0
YawnDD\no_yawn\1-FemaleNoGlasses_f000525_mar0.030.jpg,0.07102876314154115,0.7805528421843279,0
YawnDD\no_yawn\1-FemaleNoGlasses_f000564_mar0.030.jpg,0.06633919077990978,0.8094766913788419,0
YawnDD\no_yawn\1-FemaleNoGlasses_f000567_mar0.030.jpg,0.06367743154119306,0.790609633779858,0
YawnDD\no_yawn\1-FemaleNoGlasses_f000570_mar0.030.jpg,0.06495385777248197,0.7754286077531198,0
YawnDD\no_yawn\1-FemaleNoGlasses_f000573_mar0.030.jpg,0.06478371653115672,0.7752361266064903,0
YawnDD\no_yawn\1-FemaleNoGlasses_f000576_mar0.030.jpg,0.06623072145359757,0.7787393470613339,0
YawnDD\no_yawn\1-FemaleNoGlasses_f000579_mar0.030.jpg,0.06820407265606845,0.8123984336589403,0
YawnDD\no_yawn\1-FemaleNoGlasses_f000732_mar0.030.jpg,0.0717401753652162,0.772360329970612,0
YawnDD\no_yawn\1-FemaleNoGlasses_f000963_mar0.030.jpg,0.07442711138672409,0.7516018703829065,0
YawnDD\no_yawn\1-FemaleNoGlasses_f000966_mar0.030.jpg,0.07425990560716018,0.7599367454214221,0
YawnDD\no_yawn\1-FemaleNoGlasses_f000969_mar0.030.jpg,0.07314184432150013,0.7592301083824066,0
YawnDD\no_yawn\1-FemaleNoGlasses_f000972_mar0.030.jpg,0.07370499536694321,0.7545247737309493,0
YawnDD\no_yawn\1-FemaleNoGlasses_f000990_mar0.030.jpg,0.07084230439623147,0.7858541493586619,0
YawnDD\no_yawn\1-FemaleNoGlasses_f000996_mar0.030.jpg,0.07194430394997953,0.7949135943074751,0
YawnDD\no_yawn\1-FemaleNoGlasses_f000999_mar0.030.jpg,0.0713826371094981,0.805648345198437,0
YawnDD\no_yawn\1-FemaleNoGlasses_f001014_mar0.030.jpg,0.07183064293074269,0.7998028302830882,0
YawnDD\no_yawn\1-FemaleNoGlasses_f001029_mar0.030.jpg,0.06957631360808719,0.7857873348049248,0
YawnDD\no_yawn\1-FemaleNoGlasses_f001032_mar0.030.jpg,0.06834400294409508,0.7818675212606173,0
YawnDD\no_yawn\1-FemaleNoGlasses_f001035_mar0.030.jpg,0.07204448912250372,0.7787021616686645,0
YawnDD\no_yawn\1-FemaleNoGlasses_f001038_mar0.030.jpg,0.06974641789567092,0.7771098131608336,0
YawnDD\no_yawn\1-FemaleNoGlasses_f001041_mar0.030.jpg,0.06987063799537421,0.7784337550207487,0
YawnDD\no_yawn\1-FemaleNoGlasses_f001044_mar0.030.jpg,0.06938849990797848,0.7831790964046652,0
YawnDD\no_yawn\1-FemaleNoGlasses_f001047_mar0.030.jpg,0.07152357597895768,0.7692773825002048,0
YawnDD\no_yawn\1-FemaleNoGlasses_f001050_mar0.030.jpg,0.07139702414103768,0.7843438211132562,0
YawnDD\no_yawn\1-FemaleNoGlasses_f001053_mar0.030.jpg,0.07051208716345383,0.789921171979799,0
YawnDD\no_yawn\1-FemaleNoGlasses_f001056_mar0.030.jpg,0.06982386895352757,0.7859360684748734,0
YawnDD\no_yawn\1-FemaleNoGlasses_f001059_mar0.030.jpg,0.0697306877708065,0.7948381936549502,0
YawnDD\no_yawn\1-FemaleNoGlasses_f001062_mar0.030.jpg,0.07015435498471416,0.7922690384753494,0
YawnDD\no_yawn\1-FemaleNoGlasses_f001065_mar0.030.jpg,0.07244749141690696,0.780859123334977,0
YawnDD\no_yawn\1-FemaleNoGlasses_f001068_mar0.030.jpg,0.07038772295271054,0.7676414839804557,0
YawnDD\no_yawn\1-FemaleNoGlasses_f001071_mar0.030.jpg,0.07180141317264671,0.7751290192269206,0
YawnDD\no_yawn\1-FemaleNoGlasses_f001074_mar0.030.jpg,0.0707926544800121,0.7623315443835929,0
YawnDD\no_yawn\1-FemaleNoGlasses_f001077_mar0.030.jpg,0.07197094738174765,0.7707358619081095,0
YawnDD\no_yawn\1-FemaleNoGlasses_f001080_mar0.030.jpg,0.07245173566197746,0.7721907398268252,0
YawnDD\no_yawn\1-FemaleNoGlasses_f001083_mar0.030.jpg,0.06985939238224975,0.7614633499646348,0
YawnDD\no_yawn\1-FemaleNoGlasses_f001086_mar0.030.jpg,0.06921234911137342,0.7592240829827922,0
YawnDD\no_yawn\1-FemaleNoGlasses_f001095_mar0.030.jpg,0.07151510689602046,0.82945733232285,0
YawnDD\no_yawn\1-FemaleNoGlasses_f001098_mar0.030.jpg,0.07109180066100619,0.8514493216144899,0
YawnDD\no_yawn\1-FemaleNoGlasses_f001101_mar0.030.jpg,0.07168346721025562,0.8429702971898596,0
YawnDD\no_yawn\1-FemaleNoGlasses_f001107_mar0.030.jpg,0.0823477609773315,0.8340253251637136,0
YawnDD\no_yawn\1-FemaleNoGlasses_f001125_mar0.033.jpg,0.07106878623278161,0.8030824970865981,0
YawnDD\no_yawn\1-FemaleNoGlasses_f001128_mar0.030.jpg,0.06882697174085015,0.7828547799426028,0
YawnDD\no_yawn\1-FemaleNoGlasses_f001161_mar0.030.jpg,0.07124168007675524,0.7924711986370757,0
YawnDD\no_yawn\1-FemaleNoGlasses_f001167_mar0.030.jpg,0.07415898709721584,0.7634134936361642,0
YawnDD\no_yawn\1-FemaleNoGlasses_f001170_mar0.030.jpg,0.07389642478088647,0.7620639068127294,0
YawnDD\no_yawn\1-FemaleNoGlasses_f001203_mar0.030.jpg,0.0770180803649899,0.7326548934920512,0
YawnDD\no_yawn\1-FemaleNoGlasses_f001206_mar0.030.jpg,0.07595806746576177,0.7314479767535126,0
YawnDD\no_yawn\1-FemaleNoGlasses_f001218_mar0.030.jpg,0.0743865428333664,0.7465817161794355,0
YawnDD\no_yawn\1-FemaleNoGlasses_f001221_mar0.030.jpg,0.07195592927177202,0.7179315327703146,0
YawnDD\no_yawn\1-FemaleNoGlasses_f001236_mar0.030.jpg,0.07219975429337068,0.7422832151978757,0
YawnDD\no_yawn\1-FemaleNoGlasses_f001239_mar0.030.jpg,0.07123490646515326,0.7275194611802634,0
YawnDD\no_yawn\1-FemaleNoGlasses_f001242_mar0.038.jpg,0.08357196243026774,0.7409979104334327,0
YawnDD\no_yawn\1-FemaleNoGlasses_f001245_mar0.030.jpg,0.07104363577067466,0.722581792821742,0
YawnDD\no_yawn\1-FemaleNoGlasses_f001296_mar0.030.jpg,0.06745201878143886,0.7475721833381398,0
YawnDD\no_yawn\1-FemaleNoGlasses_f001299_mar0.030.jpg,0.06657277541755975,0.753003216910041,0
YawnDD\no_yawn\1-FemaleNoGlasses_f001302_mar0.030.jpg,0.06654594406172216,0.7494971734049924,0
YawnDD\no_yawn\1-FemaleNoGlasses_f001305_mar0.030.jpg,0.06809975327737153,0.7440246541178454,0
YawnDD\no_yawn\1-FemaleNoGlasses_f001308_mar0.030.jpg,0.06752012270772834,0.7525529156478105,0
YawnDD\no_yawn\1-FemaleNoGlasses_f001311_mar0.030.jpg,0.06793674965428893,0.7467693140640184,0
YawnDD\no_yawn\1-FemaleNoGlasses_f001314_mar0.030.jpg,0.06797682657659623,0.7503113451859263,0
YawnDD\no_yawn\1-FemaleNoGlasses_f001317_mar0.030.jpg,0.06673211915417246,0.7513047385356199,0
YawnDD\no_yawn\1-FemaleNoGlasses_f001320_mar0.030.jpg,0.06907895434961098,0.7502113461713057,0
YawnDD\no_yawn\1-FemaleNoGlasses_f001323_mar0.030.jpg,0.06883843903834921,0.7485485518853428,0
YawnDD\no_yawn\1-FemaleNoGlasses_f001326_mar0.030.jpg,0.0684710274303025,0.7489577893556456,0
YawnDD\no_yawn\1-FemaleNoGlasses_f001329_mar0.030.jpg,0.0697661996451575,0.7489181263477411,0
YawnDD\no_yawn\1-FemaleNoGlasses_f001332_mar0.030.jpg,0.07197361606521752,0.7450759802162655,0
YawnDD\no_yawn\1-FemaleNoGlasses_f001335_mar0.030.jpg,0.06884090319945539,0.7517301304180087,0
YawnDD\no_yawn\1-FemaleNoGlasses_f001338_mar0.030.jpg,0.07040924975344817,0.746595392219544,0
YawnDD\no_yawn\1-FemaleNoGlasses_f001341_mar0.030.jpg,0.06902198371193179,0.7465153597635232,0
YawnDD\no_yawn\1-FemaleNoGlasses_f001344_mar0.030.jpg,0.06898926559217558,0.7490240553043254,0
YawnDD\no_yawn\1-FemaleNoGlasses_f001347_mar0.030.jpg,0.07028967476386425,0.7493404525158691,0
YawnDD\no_yawn\1-FemaleNoGlasses_f001350_mar0.030.jpg,0.07050719879557271,0.7468007355375185,0
YawnDD\no_yawn\1-FemaleNoGlasses_f001353_mar0.030.jpg,0.07027701316778937,0.752316788847667,0
YawnDD\no_yawn\1-FemaleNoGlasses_f001356_mar0.030.jpg,0.07036371519779552,0.7552491084949747,0
YawnDD\no_yawn\1-FemaleNoGlasses_f001359_mar0.030.jpg,0.07135289535844049,0.760399729037933,0
YawnDD\no_yawn\1-FemaleNoGlasses_f001362_mar0.030.jpg,0.07043964970322561,0.7551502285172359,0
YawnDD\no_yawn\1-FemaleNoGlasses_f001377_mar0.030.jpg,0.07118795141001286,0.7801752577532112,0
YawnDD\no_yawn\1-FemaleNoGlasses_f001389_mar0.030.jpg,0.07165337725862858,0.770065426939014,0
YawnDD\no_yawn\1-FemaleNoGlasses_f001392_mar0.030.jpg,0.07391459047618226,0.7591620133375776,0
YawnDD\no_yawn\1-FemaleNoGlasses_f001401_mar0.030.jpg,0.07191871053945516,0.7773617612709035,0
YawnDD\no_yawn\1-FemaleNoGlasses_f001410_mar0.030.jpg,0.07443539714115813,0.7599634565974926,0
YawnDD\no_yawn\1-FemaleNoGlasses_f001413_mar0.030.jpg,0.07052066725702306,0.7392274863482916,0
YawnDD\no_yawn\1-FemaleNoGlasses_f001416_mar0.030.jpg,0.07226900983817874,0.7333589456580656,0
YawnDD\no_yawn\1-FemaleNoGlasses_f001419_mar0.030.jpg,0.07363244017160057,0.7257403255829052,0
YawnDD\no_yawn\1-FemaleNoGlasses_f001422_mar0.030.jpg,0.07315923031831569,0.7362749951894487,0
YawnDD\no_yawn\1-FemaleNoGlasses_f001428_mar0.030.jpg,0.07184778601469181,0.7365953083665951,0
YawnDD\no_yawn\1-FemaleNoGlasses_f001431_mar0.030.jpg,0.07381992180417529,0.7342064535361293,0
YawnDD\no_yawn\1-FemaleNoGlasses_f001434_mar0.030.jpg,0.07348863788326337,0.7345947800470489,0
YawnDD\no_yawn\1-FemaleNoGlasses_f001437_mar0.030.jpg,0.07401375922746833,0.7307504777126388,0
YawnDD\no_yawn\1-FemaleNoGlasses_f001440_mar0.030.jpg,0.07327510993939257,0.7304811352220223,0
YawnDD\no_yawn\1-FemaleNoGlasses_f001443_mar0.030.jpg,0.07363042077321039,0.7270060766772013,0
YawnDD\no_yawn\1-FemaleNoGlasses_f001446_mar0.030.jpg,0.07230171627781995,0.7285686485296109,0
YawnDD\no_yawn\1-FemaleNoGlasses_f001449_mar0.030.jpg,0.07212660081218378,0.7318366646785119,0
YawnDD\no_yawn\1-FemaleNoGlasses_f001452_mar0.030.jpg,0.0718593058494438,0.7347933883478512,0
YawnDD\no_yawn\1-FemaleNoGlasses_f001455_mar0.030.jpg,0.07250050125483605,0.7323042109904051,0
YawnDD\no_yawn\1-FemaleNoGlasses_f001458_mar0.030.jpg,0.07224590600468825,0.7335776803562385,0
YawnDD\no_yawn\1-FemaleNoGlasses_f001461_mar0.030.jpg,0.07150941412963459,0.7405169462893839,0
YawnDD\no_yawn\1-FemaleNoGlasses_f001464_mar0.030.jpg,0.07160995046501048,0.7345527077232349,0
YawnDD\no_yawn\1-FemaleNoGlasses_f001467_mar0.030.jpg,0.07275281002949982,0.7445992275338279,0
YawnDD\no_yawn\1-FemaleNoGlasses_f001473_mar0.030.jpg,0.0717930696298024,0.7424878774107474,0
YawnDD\no_yawn\1-FemaleNoGlasses_f001476_mar0.030.jpg,0.07178229425483161,0.7200964547552975,0
YawnDD\no_yawn\1-FemaleNoGlasses_f001479_mar0.030.jpg,0.0714885812155378,0.7176399274866555,0
YawnDD\no_yawn\1-FemaleNoGlasses_f001482_mar0.030.jpg,0.07182184757385318,0.7274637665545297,0
YawnDD\no_yawn\1-FemaleNoGlasses_f001485_mar0.030.jpg,0.07212271189288569,0.7261915998089404,0
YawnDD\no_yawn\1-FemaleNoGlasses_f001488_mar0.030.jpg,0.07118452245819748,0.7247826434118642,0
YawnDD\no_yawn\1-FemaleNoGlasses_f001491_mar0.030.jpg,0.07226090223887677,0.7171741428623982,0
YawnDD\no_yawn\1-FemaleNoGlasses_f001494_mar0.030.jpg,0.07166901473502957,0.7284379122897982,0
YawnDD\no_yawn\1-FemaleNoGlasses_f001497_mar0.030.jpg,0.07032735019551177,0.7401805365330253,0
YawnDD\no_yawn\1-FemaleNoGlasses_f001503_mar0.030.jpg,0.06981009611996591,0.746828016518376,0
YawnDD\no_yawn\1-FemaleNoGlasses_f001506_mar0.030.jpg,0.06954249202540251,0.738567976939492,0
YawnDD\no_yawn\1-FemaleNoGlasses_f001509_mar0.030.jpg,0.07014895399078526,0.7354881114889072,0
YawnDD\no_yawn\1-FemaleNoGlasses_f001512_mar0.030.jpg,0.0698089162249324,0.7402286908204383,0
YawnDD\no_yawn\1-FemaleNoGlasses_f001515_mar0.030.jpg,0.0702841640269826,0.7371879781021495,0
YawnDD\no_yawn\1-FemaleNoGlasses_f001518_mar0.030.jpg,0.0701709225670141,0.7348092090151157,0
YawnDD\no_yawn\1-FemaleNoGlasses_f001521_mar0.030.jpg,0.07002558253387732,0.7405464950670131,0
YawnDD\no_yawn\1-FemaleNoGlasses_f001524_mar0.030.jpg,0.06984036012230985,0.7436837430302765,0
YawnDD\no_yawn\1-FemaleNoGlasses_f001527_mar0.030.jpg,0.0693117425646437,0.743673928862259,0
YawnDD\no_yawn\1-FemaleNoGlasses_f001530_mar0.030.jpg,0.07038966257682266,0.7398173369780735,0
YawnDD\no_yawn\1-FemaleNoGlasses_f001533_mar0.030.jpg,0.07057460759602359,0.7335861872707632,0
YawnDD\no_yawn\1-FemaleNoGlasses_f001536_mar0.030.jpg,0.06987669617807134,0.7368422757831846,0
YawnDD\no_yawn\1-FemaleNoGlasses_f001539_mar0.030.jpg,0.07010616503669576,0.7380251919978403,0
YawnDD\no_yawn\1-FemaleNoGlasses_f001542_mar0.030.jpg,0.07054295990713183,0.74030814813434,0
YawnDD\no_yawn\1-FemaleNoGlasses_f001545_mar0.030.jpg,0.07007737539657855,0.7445741396621552,0
YawnDD\no_yawn\1-FemaleNoGlasses_f001548_mar0.030.jpg,0.07067017975257744,0.7397154913220174,0
YawnDD\no_yawn\1-FemaleNoGlasses_f001551_mar0.030.jpg,0.07082884299356741,0.7340113965980223,0
YawnDD\no_yawn\1-FemaleNoGlasses_f001554_mar0.030.jpg,0.06961071230307256,0.7396868409780948,0
YawnDD\no_yawn\1-FemaleNoGlasses_f001557_mar0.030.jpg,0.06954165442710547,0.741229428894987,0
YawnDD\no_yawn\1-FemaleNoGlasses_f001572_mar0.030.jpg,0.068215988746136,0.7425859255180542,0
YawnDD\no_yawn\1-FemaleNoGlasses_f001575_mar0.030.jpg,0.09958215310040476,0.7598941202445304,0
YawnDD\no_yawn\1-FemaleNoGlasses_f001581_mar0.030.jpg,0.06918297343561619,0.7596000583480986,0
YawnDD\no_yawn\1-FemaleNoGlasses_f001584_mar0.030.jpg,0.06889871852069104,0.7340960072102151,0
YawnDD\no_yawn\1-FemaleNoGlasses_f001587_mar0.030.jpg,0.06910705413185209,0.7385510580254114,0
YawnDD\no_yawn\1-FemaleNoGlasses_f001590_mar0.030.jpg,0.07031035484672953,0.7478776179088151,0
YawnDD\no_yawn\1-FemaleNoGlasses_f001593_mar0.030.jpg,0.07014406969369923,0.7472460801154175,0
YawnDD\no_yawn\1-FemaleNoGlasses_f001596_mar0.030.jpg,0.07022296853537559,0.7467126502847593,0
YawnDD\no_yawn\1-FemaleNoGlasses_f001599_mar0.030.jpg,0.07067052516959584,0.7531444340221243,0
YawnDD\no_yawn\1-FemaleNoGlasses_f001602_mar0.030.jpg,0.06921811677594035,0.7510845166951331,0
YawnDD\no_yawn\1-FemaleNoGlasses_f001605_mar0.030.jpg,0.06907823750725932,0.7551180982289947,0
YawnDD\no_yawn\1-FemaleNoGlasses_f001608_mar0.030.jpg,0.06815124983636907,0.7575363541437334,0
YawnDD\no_yawn\1-FemaleNoGlasses_f001611_mar0.030.jpg,0.08605860630006097,0.77807196302792,0
YawnDD\no_yawn\1-FemaleNoGlasses_f001794_mar0.035.jpg,0.08145214202231821,0.832518029590139,0
YawnDD\no_yawn\1-FemaleNoGlasses_f001797_mar0.030.jpg,0.08656767726800829,0.8261147027993295,0
YawnDD\no_yawn\1-FemaleNoGlasses_f001800_mar0.030.jpg,0.0739912493538326,0.7936612844386209,0
YawnDD\no_yawn\1-FemaleNoGlasses_f001803_mar0.030.jpg,0.07111072517189558,0.7958523171498103,0
YawnDD\no_yawn\1-FemaleNoGlasses_f001806_mar0.030.jpg,0.07024161197426923,0.7742719971642819,0
YawnDD\no_yawn\1-FemaleNoGlasses_f001809_mar0.030.jpg,0.06715168788510292,0.7694590890987094,0
YawnDD\no_yawn\1-FemaleNoGlasses_f001812_mar0.030.jpg,0.07036805801904782,0.7610940156416632,0
YawnDD\no_yawn\1-FemaleNoGlasses_f001815_mar0.030.jpg,0.07014345555174448,0.7644403317181001,0
YawnDD\no_yawn\1-FemaleNoGlasses_f001818_mar0.030.jpg,0.06947307860863772,0.7593618554999775,0
YawnDD\no_yawn\1-FemaleNoGlasses_f001821_mar0.030.jpg,0.07016275814544633,0.7511764037727741,0
YawnDD\no_yawn\1-FemaleNoGlasses_f001824_mar0.030.jpg,0.06905293396297998,0.7474016942913866,0
YawnDD\no_yawn\1-FemaleNoGlasses_f001827_mar0.030.jpg,0.06970452222775407,0.7667550841052724,0
YawnDD\no_yawn\1-FemaleNoGlasses_f001830_mar0.030.jpg,0.07164064644890053,0.7631908059177503,0
YawnDD\no_yawn\1-FemaleNoGlasses_f001833_mar0.030.jpg,0.06769936153486546,0.7739903641361322,0
YawnDD\no_yawn\1-FemaleNoGlasses_f001839_mar0.030.jpg,0.06738815480776884,0.7514333416668563,0
YawnDD\no_yawn\1-FemaleNoGlasses_f001842_mar0.030.jpg,0.066068226847176,0.7464570167909594,0
YawnDD\no_yawn\1-FemaleNoGlasses_f001845_mar0.030.jpg,0.06688613239519935,0.7477951529277342,0
YawnDD\no_yawn\1-FemaleNoGlasses_f001848_mar0.030.jpg,0.06884894349402977,0.7388251156290617,0
YawnDD\no_yawn\1-FemaleNoGlasses_f001851_mar0.030.jpg,0.07063471287131437,0.7352687872228102,0
YawnDD\no_yawn\1-FemaleNoGlasses_f001854_mar0.030.jpg,0.07021850245436688,0.7318300473211882,0
YawnDD\no_yawn\1-FemaleNoGlasses_f001857_mar0.030.jpg,0.07118895691170431,0.7311753127658401,0
YawnDD\no_yawn\1-FemaleNoGlasses_f001860_mar0.030.jpg,0.07147470812561486,0.7288551046911534,0
YawnDD\no_yawn\1-FemaleNoGlasses_f001863_mar0.030.jpg,0.07028023513859684,0.7333966847219671,0
YawnDD\no_yawn\1-FemaleNoGlasses_f001866_mar0.030.jpg,0.06921368886205087,0.7306951584995187,0
YawnDD\no_yawn\1-FemaleNoGlasses_f001869_mar0.030.jpg,0.0692168648950468,0.7314303901996001,0
YawnDD\no_yawn\1-FemaleNoGlasses_f001872_mar0.030.jpg,0.06952514627729908,0.732343820178101,0
YawnDD\no_yawn\1-FemaleNoGlasses_f001875_mar0.030.jpg,0.06977763357452206,0.7388769267989391,0
YawnDD\no_yawn\1-FemaleNoGlasses_f001878_mar0.030.jpg,0.06939007952470762,0.7332094944041448,0
YawnDD\no_yawn\1-FemaleNoGlasses_f001881_mar0.030.jpg,0.07093441052401857,0.7346993814437753,0
YawnDD\no_yawn\1-FemaleNoGlasses_f001884_mar0.030.jpg,0.06914201752746355,0.7479244311954834,0
YawnDD\no_yawn\1-FemaleNoGlasses_f001887_mar0.030.jpg,0.06852913191683523,0.7449330005631812,0
YawnDD\no_yawn\1-FemaleNoGlasses_f001890_mar0.030.jpg,0.0669151600366997,0.7457258655091944,0
YawnDD\no_yawn\1-FemaleNoGlasses_f001893_mar0.030.jpg,0.06772427541933637,0.7461098110073057,0
YawnDD\no_yawn\1-FemaleNoGlasses_f001896_mar0.030.jpg,0.06795679116745311,0.740252419068476,0
YawnDD\no_yawn\1-FemaleNoGlasses_f001899_mar0.030.jpg,0.06684760986557155,0.7292839462173886,0
YawnDD\no_yawn\1-FemaleNoGlasses_f001902_mar0.030.jpg,0.06742790157613066,0.7263739101055593,0
YawnDD\no_yawn\1-FemaleNoGlasses_f001911_mar0.030.jpg,0.06649819139444374,0.7369475031065064,0
YawnDD\no_yawn\1-FemaleNoGlasses_f001914_mar0.030.jpg,0.0675807001640763,0.7396203289211097,0
YawnDD\no_yawn\1-FemaleNoGlasses_f001917_mar0.030.jpg,0.06908872221048486,0.7611099087499307,0
YawnDD\no_yawn\1-FemaleNoGlasses_f001920_mar0.030.jpg,0.07155836360749358,0.7856617408313019,0
YawnDD\no_yawn\1-FemaleNoGlasses_f002004_mar0.030.jpg,0.09660790893198806,0.7769233073095455,0
YawnDD\no_yawn\1-FemaleNoGlasses_f002007_mar0.030.jpg,0.07299517769076849,0.7706348637336495,0
YawnDD\no_yawn\1-FemaleNoGlasses_f002010_mar0.030.jpg,0.0695801216961224,0.7556037760583493,0
YawnDD\no_yawn\1-FemaleNoGlasses_f002013_mar0.030.jpg,0.0686682027252419,0.7380366939876851,0
YawnDD\no_yawn\1-FemaleNoGlasses_f002016_mar0.030.jpg,0.0670836526893731,0.7375228903424896,0
YawnDD\no_yawn\1-FemaleNoGlasses_f002019_mar0.030.jpg,0.06661879750696519,0.7308261358396403,0
YawnDD\no_yawn\1-FemaleNoGlasses_f002022_mar0.030.jpg,0.06862357849821991,0.736569921623436,0
YawnDD\no_yawn\1-FemaleNoGlasses_f002025_mar0.030.jpg,0.06649645428344945,0.7392320158198751,0
YawnDD\no_yawn\1-FemaleNoGlasses_f002034_mar0.030.jpg,0.07182549678589396,0.7587168659131038,0
YawnDD\no_yawn\1-FemaleNoGlasses_f002049_mar0.030.jpg,0.06869796507113812,0.7466496229911458,0
YawnDD\no_yawn\1-FemaleNoGlasses_f002052_mar0.030.jpg,0.06778943277733193,0.731336949879066,0
YawnDD\no_yawn\1-FemaleNoGlasses_f002055_mar0.030.jpg,0.06944686738070899,0.7340649206093344,0
YawnDD\no_yawn\1-FemaleNoGlasses_f002058_mar0.030.jpg,0.06786586416621887,0.7368275136988073,0
YawnDD\no_yawn\1-FemaleNoGlasses_f002061_mar0.030.jpg,0.06693988091672069,0.7374618574873357,0
YawnDD\no_yawn\1-FemaleNoGlasses_f002064_mar0.030.jpg,0.06469590731010663,0.7394797349582014,0
YawnDD\no_yawn\1-FemaleNoGlasses_f002067_mar0.030.jpg,0.06545305453317524,0.7315932217058104,0
YawnDD\no_yawn\1-FemaleNoGlasses_f002070_mar0.030.jpg,0.06853221698825306,0.7202178864046409,0
YawnDD\no_yawn\1-FemaleNoGlasses_f002073_mar0.030.jpg,0.06604164102533469,0.717103731875282,0
YawnDD\no_yawn\1-FemaleNoGlasses_f002076_mar0.030.jpg,0.06702251465599542,0.723850407407095,0
YawnDD\no_yawn\1-FemaleNoGlasses_f002079_mar0.030.jpg,0.06671759794349404,0.7169586479700559,0
YawnDD\no_yawn\1-FemaleNoGlasses_f002082_mar0.030.jpg,0.06755847527734475,0.718588848437222,0
YawnDD\no_yawn\1-FemaleNoGlasses_f002085_mar0.030.jpg,0.0676911133672119,0.7195980733889652,0
YawnDD\no_yawn\1-FemaleNoGlasses_f002088_mar0.030.jpg,0.06711230525421753,0.718893501241191,0
YawnDD\no_yawn\1-FemaleNoGlasses_f002091_mar0.030.jpg,0.06762604723250094,0.723736186766441,0
YawnDD\no_yawn\1-FemaleNoGlasses_f002094_mar0.030.jpg,0.06803036694306769,0.7305939408716627,0
YawnDD\no_yawn\1-FemaleNoGlasses_f002103_mar0.030.jpg,0.0703548361184423,0.7196196172685893,0
YawnDD\no_yawn\1-FemaleNoGlasses_f002106_mar0.030.jpg,0.07055869380793652,0.7249237779238729,0
YawnDD\no_yawn\1-FemaleNoGlasses_f002109_mar0.030.jpg,0.07117300388230804,0.7172737825013471,0
YawnDD\no_yawn\1-FemaleNoGlasses_f002112_mar0.030.jpg,0.0712650658253504,0.7104632141489802,0
YawnDD\no_yawn\1-FemaleNoGlasses_f002115_mar0.030.jpg,0.07194624259342691,0.7135345526806725,0
YawnDD\no_yawn\1-FemaleNoGlasses_f002118_mar0.030.jpg,0.07198595214104521,0.7257771048724173,0
YawnDD\no_yawn\1-FemaleNoGlasses_f002121_mar0.030.jpg,0.0714263547986821,0.7249790186514449,0
YawnDD\no_yawn\1-FemaleNoGlasses_f002124_mar0.030.jpg,0.0710826359005369,0.7210957511404797,0
YawnDD\no_yawn\1-FemaleNoGlasses_f002127_mar0.030.jpg,0.0722939889991207,0.7407266203336526,0
YawnDD\no_yawn\1-FemaleNoGlasses_f002148_mar0.030.jpg,0.07122341652191307,0.7351513622672768,0
YawnDD\no_yawn\1-FemaleNoGlasses_f002151_mar0.030.jpg,0.06980117241025849,0.7145025039456777,0
YawnDD\no_yawn\1-FemaleNoGlasses_f002154_mar0.030.jpg,0.06926385483306981,0.7130479645071685,0
YawnDD\no_yawn\1-FemaleNoGlasses_f002157_mar0.030.jpg,0.06762030744807228,0.7096317283710539,0
YawnDD\no_yawn\1-FemaleNoGlasses_f002160_mar0.030.jpg,0.06404025435485709,0.7209248327719625,0
YawnDD\no_yawn\1-FemaleNoGlasses_f002163_mar0.030.jpg,0.06586736036186593,0.7475046483316505,0
YawnDD\no_yawn\1-FemaleNoGlasses_f002166_mar0.030.jpg,0.06569996346859437,0.7689238957264587,0
YawnDD\no_yawn\1-FemaleNoGlasses_f002199_mar0.030.jpg,0.07136548590380695,0.7512778793691129,0
YawnDD\no_yawn\1-FemaleNoGlasses_f002202_mar0.034.jpg,0.07627627010509873,0.7496659419710201,0
YawnDD\no_yawn\1-FemaleNoGlasses_f002205_mar0.030.jpg,0.07145583782188314,0.7512077366888932,0
YawnDD\no_yawn\1-FemaleNoGlasses_f002208_mar0.030.jpg,0.07133439082893528,0.7550462763716803,0
YawnDD\no_yawn\1-FemaleNoGlasses_f002211_mar0.030.jpg,0.082179696631721,0.7601561762986008,0
YawnDD\no_yawn\1-FemaleNoGlasses_f002214_mar0.030.jpg,0.08303360738213528,0.7607743429974074,0
YawnDD\no_yawn\1-FemaleNoGlasses_f002217_mar0.030.jpg,0.07705109480977573,0.7673508825202373,0
YawnDD\no_yawn\1-FemaleNoGlasses_f002220_mar0.030.jpg,0.08042458014900312,0.7634104196203418,0
YawnDD\no_yawn\1-FemaleNoGlasses_f002223_mar0.030.jpg,0.07458559209679881,0.7624601129511346,0
YawnDD\no_yawn\1-FemaleNoGlasses_f002226_mar0.030.jpg,0.08470825984203822,0.7638282952864331,0
YawnDD\no_yawn\1-FemaleNoGlasses_f002229_mar0.030.jpg,0.08155595857412265,0.7592658167286092,0
YawnDD\no_yawn\1-FemaleNoGlasses_f002232_mar0.030.jpg,0.08341183198793453,0.7518168017180844,0
YawnDD\no_yawn\1-FemaleNoGlasses_f002235_mar0.030.jpg,0.07716214030303428,0.7496073128194025,0
YawnDD\no_yawn\1-FemaleNoGlasses_f002238_mar0.030.jpg,0.08346450372005237,0.7494556062828669,0
YawnDD\no_yawn\1-FemaleNoGlasses_f002241_mar0.030.jpg,0.07899583210617897,0.7504073219986768,0
YawnDD\no_yawn\1-FemaleNoGlasses_f002244_mar0.030.jpg,0.08792419371968656,0.7497870859449213,0
YawnDD\no_yawn\1-FemaleNoGlasses_f002247_mar0.030.jpg,0.09205299710429189,0.7496282400193639,0
YawnDD\no_yawn\1-FemaleNoGlasses_f002250_mar0.030.jpg,0.088872019925286,0.753425125058897,0
YawnDD\no_yawn\1-FemaleNoGlasses_f002298_mar0.030.jpg,0.06779344872073621,0.7448844985435878,0
YawnDD\no_yawn\1-FemaleNoGlasses_f002301_mar0.030.jpg,0.06685425744619461,0.7312707098357246,0
YawnDD\no_yawn\1-FemaleNoGlasses_f002304_mar0.030.jpg,0.06621937958845486,0.7294414975688243,0
YawnDD\no_yawn\1-FemaleNoGlasses_f002307_mar0.030.jpg,0.06684864546638467,0.7333557718118038,0
YawnDD\no_yawn\1-FemaleNoGlasses_f002319_mar0.030.jpg,0.06841881205857826,0.7451217319818361,0
YawnDD\no_yawn\1-FemaleNoGlasses_f002322_mar0.030.jpg,0.06953854235636511,0.7509371172680583,0
YawnDD\no_yawn\1-FemaleNoGlasses_f002325_mar0.030.jpg,0.06874835951359745,0.7550315429336203,0
YawnDD\no_yawn\1-FemaleNoGlasses_f002328_mar0.030.jpg,0.06597096038619228,0.7359185140206943,0
YawnDD\no_yawn\1-FemaleNoGlasses_f002331_mar0.030.jpg,0.0655932553192824,0.7301049415199883,0
YawnDD\no_yawn\1-FemaleNoGlasses_f002334_mar0.030.jpg,0.0675057857654786,0.7188590549573641,0
YawnDD\no_yawn\1-FemaleNoGlasses_f002337_mar0.030.jpg,0.06541725201157035,0.756457588059853,0
YawnDD\no_yawn\1-FemaleNoGlasses_f002349_mar0.030.jpg,0.0712563310177085,0.761933234156296,0
YawnDD\no_yawn\1-FemaleNoGlasses_f002352_mar0.030.jpg,0.06989644037473007,0.7614980020259635,0
YawnDD\no_yawn\1-FemaleNoGlasses_f002616_mar0.030.jpg,0.0762472313110755,0.7870343838783938,0
YawnDD\no_yawn\1-FemaleNoGlasses_f002622_mar0.030.jpg,0.07166251678212045,0.7726447348776025,0
YawnDD\no_yawn\1-FemaleNoGlasses_f002625_mar0.030.jpg,0.07221183730717996,0.7482638332590772,0
YawnDD\no_yawn\1-FemaleNoGlasses_f002628_mar0.030.jpg,0.07284692434261193,0.7465664326405596,0
YawnDD\no_yawn\1-FemaleNoGlasses_f002631_mar0.030.jpg,0.07279770912458641,0.7481574769899288,0
YawnDD\no_yawn\1-FemaleNoGlasses_f002634_mar0.030.jpg,0.07212515471214585,0.7451011030129697,0
YawnDD\no_yawn\1-FemaleNoGlasses_f002637_mar0.030.jpg,0.07232799509041184,0.7464512291401841,0
YawnDD\no_yawn\1-FemaleNoGlasses_f002640_mar0.030.jpg,0.07165174853328331,0.7423906581101711,0
YawnDD\no_yawn\1-FemaleNoGlasses_f002643_mar0.030.jpg,0.07384453824959261,0.7451899630396829,0
YawnDD\no_yawn\1-FemaleNoGlasses_f002646_mar0.030.jpg,0.07258868364378186,0.7366306803950388,0
YawnDD\no_yawn\1-FemaleNoGlasses_f002649_mar0.030.jpg,0.07510671401633665,0.7342123603553145,0
YawnDD\no_yawn\1-FemaleNoGlasses_f002652_mar0.030.jpg,0.07358887131112063,0.7389168902683955,0
YawnDD\no_yawn\1-FemaleNoGlasses_f002655_mar0.030.jpg,0.07209333002270282,0.7457513035320094,0
YawnDD\no_yawn\1-FemaleNoGlasses_f002658_mar0.030.jpg,0.07228269739838322,0.7464497840148758,0
YawnDD\no_yawn\1-FemaleNoGlasses_f002661_mar0.030.jpg,0.07283424964775585,0.7464352677744138,0
YawnDD\no_yawn\1-FemaleNoGlasses_f002664_mar0.030.jpg,0.07194877120269945,0.7464160428940527,0
YawnDD\no_yawn\1-FemaleNoGlasses_f002667_mar0.030.jpg,0.07194992796505612,0.7463536716692791,0
YawnDD\no_yawn\1-FemaleNoGlasses_f002670_mar0.030.jpg,0.07131822070384693,0.7372312112023243,0
YawnDD\no_yawn\1-FemaleNoGlasses_f002673_mar0.030.jpg,0.07187411235348483,0.7431172627994315,0
YawnDD\no_yawn\1-FemaleNoGlasses_f002679_mar0.030.jpg,0.07190712545008394,0.7494201623680832,0
YawnDD\no_yawn\1-FemaleNoGlasses_f002682_mar0.030.jpg,0.0718547408949393,0.7271950069087629,0
YawnDD\no_yawn\1-FemaleNoGlasses_f002685_mar0.030.jpg,0.06956471247985316,0.7303733114561916,0
YawnDD\no_yawn\1-FemaleNoGlasses_f002688_mar0.030.jpg,0.06894648333024743,0.7418756846523691,0
YawnDD\no_yawn\1-FemaleNoGlasses_f002691_mar0.030.jpg,0.0689374651028082,0.7459872262184563,0
YawnDD\no_yawn\1-FemaleNoGlasses_f002694_mar0.030.jpg,0.06930898415705752,0.7435959324373181,0
YawnDD\no_yawn\1-FemaleNoGlasses_f002697_mar0.030.jpg,0.0676727533496617,0.7642701516043942,0
YawnDD\no_yawn\1-FemaleNoGlasses_f002703_mar0.030.jpg,0.0686452325362051,0.7694699925444279,0
YawnDD\no_yawn\1-FemaleNoGlasses_f002706_mar0.030.jpg,0.06993433697908068,0.7563714315454843,0
YawnDD\no_yawn\1-FemaleNoGlasses_f002709_mar0.030.jpg,0.06938581931288108,0.747186789934811,0
YawnDD\no_yawn\1-FemaleNoGlasses_f002712_mar0.030.jpg,0.06905404319766219,0.7594747553624395,0
YawnDD\no_yawn\1-FemaleNoGlasses_f002715_mar0.030.jpg,0.069190840498522,0.7781179547093412,0
YawnDD\no_yawn\1-FemaleNoGlasses_f002718_mar0.030.jpg,0.0672889066258189,0.7904040410038512,0
YawnDD\no_yawn\1-FemaleNoGlasses_f002721_mar0.030.jpg,0.06913334451217241,0.7810187823201891,0
YawnDD\no_yawn\1-FemaleNoGlasses_f002724_mar0.030.jpg,0.06656873513687218,0.7871408652638042,0
YawnDD\no_yawn\1-FemaleNoGlasses_f002727_mar0.030.jpg,0.06686440055673692,0.7816410989177113,0
YawnDD\no_yawn\1-FemaleNoGlasses_f002730_mar0.030.jpg,0.06748187569573831,0.7766755343471956,0
YawnDD\no_yawn\1-FemaleNoGlasses_f002733_mar0.030.jpg,0.0672678071044009,0.7872265790486384,0
YawnDD\no_yawn\1-FemaleNoGlasses_f002736_mar0.030.jpg,0.06789040320373381,0.7896644142301762,0
YawnDD\no_yawn\1-FemaleNoGlasses_f002739_mar0.030.jpg,0.06806693871487529,0.7660292604408124,0
YawnDD\no_yawn\1-MaleGlasses_f000000_mar0.030.jpg,0.07634705107048384,0.983819550976399,0
YawnDD\no_yawn\1-MaleGlasses_f000003_mar0.030.jpg,0.07273286660807439,1.0008492016018256,0
YawnDD\no_yawn\1-MaleGlasses_f000006_mar0.030.jpg,0.07552716060068515,0.986572194223312,0
YawnDD\no_yawn\1-MaleGlasses_f000009_mar0.030.jpg,0.07609994489838107,0.9992092938667108,0
YawnDD\no_yawn\1-MaleGlasses_f000012_mar0.030.jpg,0.07792953846371131,0.989822757903829,0
YawnDD\no_yawn\1-MaleGlasses_f000015_mar0.030.jpg,0.07687891128847231,0.9896264125034345,0
YawnDD\no_yawn\1-MaleGlasses_f000021_mar0.030.jpg,0.07689639274475236,0.978885619478875,0
YawnDD\no_yawn\1-MaleGlasses_f000024_mar0.030.jpg,0.07402063393364974,0.9683023060019059,0
YawnDD\no_yawn\1-MaleGlasses_f000084_mar0.030.jpg,0.07405650997081065,0.9804820654854874,0
YawnDD\no_yawn\1-MaleGlasses_f000243_mar0.030.jpg,0.07257330386711203,0.9691780322128005,0
YawnDD\no_yawn\1-MaleGlasses_f000273_mar0.030.jpg,0.07132817139361639,0.9459299510294996,0
YawnDD\no_yawn\1-MaleGlasses_f000279_mar0.030.jpg,0.10020726957314745,0.9530237580358867,0
YawnDD\no_yawn\1-MaleGlasses_f000291_mar0.030.jpg,0.07307690990262258,0.9396502292260134,0
YawnDD\no_yawn\1-MaleGlasses_f000294_mar0.030.jpg,0.07402490159439662,0.9467824999250795,0
YawnDD\no_yawn\1-MaleGlasses_f000297_mar0.030.jpg,0.08309263213885065,0.9626272189918321,0
YawnDD\no_yawn\1-MaleGlasses_f000303_mar0.037.jpg,0.12082359403823323,0.9664743106618177,0
YawnDD\no_yawn\1-MaleGlasses_f000306_mar0.030.jpg,0.07113976893136703,0.9521232385693471,0
YawnDD\no_yawn\1-MaleGlasses_f000312_mar0.030.jpg,0.11746444594868093,0.9580060402937941,0
YawnDD\no_yawn\1-MaleGlasses_f000315_mar0.030.jpg,0.06895159771336036,0.9311855277711543,0
YawnDD\no_yawn\1-MaleGlasses_f000321_mar0.030.jpg,0.06898336842334767,0.9276801392161229,0
YawnDD\no_yawn\1-MaleGlasses_f000330_mar0.030.jpg,0.06998300487574381,0.9394540059173738,0
YawnDD\no_yawn\1-MaleGlasses_f000333_mar0.030.jpg,0.12492217483552367,0.9476126032753861,0
YawnDD\no_yawn\1-MaleGlasses_f000351_mar0.030.jpg,0.1066214528470296,0.9478710939813447,0
YawnDD\no_yawn\1-MaleGlasses_f000354_mar0.030.jpg,0.08340920308733389,0.9355081849917884,0
YawnDD\no_yawn\1-MaleGlasses_f000357_mar0.030.jpg,0.07479102003210926,0.921419031917764,0
YawnDD\no_yawn\1-MaleGlasses_f000360_mar0.030.jpg,0.07336206099939518,0.9474561605715103,0
YawnDD\no_yawn\1-MaleGlasses_f000363_mar0.030.jpg,0.07456690179040938,0.9510308485328175,0
YawnDD\no_yawn\1-MaleGlasses_f000366_mar0.030.jpg,0.07453124099348944,0.9438459710257305,0
YawnDD\no_yawn\1-MaleGlasses_f000369_mar0.030.jpg,0.07239865893117159,0.9486408731637046,0
YawnDD\no_yawn\1-MaleGlasses_f000372_mar0.030.jpg,0.07089503401394066,0.944334175823656,0
YawnDD\no_yawn\1-MaleGlasses_f000411_mar0.030.jpg,0.08094424842853665,0.9209671567807312,0
YawnDD\no_yawn\1-MaleGlasses_f000414_mar0.030.jpg,0.07844903552998285,0.9146139854573963,0
YawnDD\no_yawn\1-MaleGlasses_f000417_mar0.030.jpg,0.07815008180348841,0.9188721421310155,0
YawnDD\no_yawn\1-MaleGlasses_f000420_mar0.030.jpg,0.0776816548822583,0.9174507531307248,0
YawnDD\no_yawn\1-MaleGlasses_f000423_mar0.030.jpg,0.07617356851933631,0.896729040880928,0
YawnDD\no_yawn\1-MaleGlasses_f000426_mar0.030.jpg,0.07614961750772001,0.9018822196041159,0
YawnDD\no_yawn\1-MaleGlasses_f000429_mar0.030.jpg,0.07602929367916138,0.908976372691653,0
YawnDD\no_yawn\1-MaleGlasses_f000432_mar0.030.jpg,0.07396728952500589,0.9292808808936333,0
YawnDD\no_yawn\1-MaleGlasses_f000489_mar0.030.jpg,0.0715672318311398,0.9173402215086642,0
YawnDD\no_yawn\1-MaleGlasses_f000504_mar0.030.jpg,0.0676745363112322,0.8990476159209502,0
YawnDD\no_yawn\1-MaleGlasses_f000507_mar0.030.jpg,0.09388950309325522,0.8771936864988791,0
YawnDD\no_yawn\1-MaleGlasses_f000630_mar0.030.jpg,0.10395593529469647,0.9124532702080549,0
YawnDD\no_yawn\1-MaleGlasses_f000633_mar0.030.jpg,0.08175210036834475,0.8989036740515107,0
YawnDD\no_yawn\1-MaleGlasses_f000639_mar0.030.jpg,0.08598934110626562,0.8952895747213062,0
YawnDD\no_yawn\1-MaleGlasses_f000708_mar0.030.jpg,0.07275134926849439,0.9177715313539939,0
YawnDD\no_yawn\1-MaleGlasses_f000711_mar0.030.jpg,0.07334956265746026,0.91387569172823,0
YawnDD\no_yawn\1-MaleGlasses_f000714_mar0.030.jpg,0.0740990423410438,0.8946977395782659,0
YawnDD\no_yawn\1-MaleGlasses_f000717_mar0.030.jpg,0.07254189087989998,0.8875000412343028,0
YawnDD\no_yawn\1-MaleGlasses_f000720_mar0.030.jpg,0.07349684846450673,0.8898605559063291,0
YawnDD\no_yawn\1-MaleGlasses_f000882_mar0.030.jpg,0.07249272287829596,0.8459770036172656,0
YawnDD\no_yawn\1-MaleGlasses_f000885_mar0.030.jpg,0.0715331847810311,0.8395433212690393,0
YawnDD\no_yawn\1-MaleGlasses_f000888_mar0.030.jpg,0.07038613235359144,0.8411785477665039,0
YawnDD\no_yawn\1-MaleGlasses_f000891_mar0.030.jpg,0.07126927972139128,0.8308828443069634,0
YawnDD\no_yawn\1-MaleGlasses_f000894_mar0.030.jpg,0.06989313344391264,0.8499882819754744,0
YawnDD\no_yawn\1-MaleGlasses_f000897_mar0.030.jpg,0.07364583497979967,0.8532542626714809,0
YawnDD\no_yawn\1-MaleGlasses_f000900_mar0.030.jpg,0.07307727358570867,0.8688761486189563,0
YawnDD\no_yawn\1-MaleGlasses_f000903_mar0.030.jpg,0.0719083293252034,0.8609239175637114,0
YawnDD\no_yawn\1-MaleGlasses_f000906_mar0.030.jpg,0.07183663053272,0.8569551814120754,0
YawnDD\no_yawn\1-MaleGlasses_f000909_mar0.030.jpg,0.07187197907648187,0.8442625548218925,0
YawnDD\no_yawn\1-MaleGlasses_f000912_mar0.030.jpg,0.07367351589994967,0.8507517104187422,0
YawnDD\no_yawn\1-MaleGlasses_f000915_mar0.030.jpg,0.07369475529845149,0.8525086393764605,0
YawnDD\no_yawn\1-MaleGlasses_f000918_mar0.030.jpg,0.07076695338427359,0.8585749358212148,0
YawnDD\no_yawn\1-MaleGlasses_f000921_mar0.030.jpg,0.07342151920297811,0.8415464927907479,0
YawnDD\no_yawn\1-MaleGlasses_f000924_mar0.030.jpg,0.07522297069167158,0.8456682455141389,0
YawnDD\no_yawn\1-MaleGlasses_f000927_mar0.030.jpg,0.07652939405621088,0.8558451592744867,0
YawnDD\no_yawn\1-MaleGlasses_f000930_mar0.030.jpg,0.07680842088340209,0.8607459620798,0
YawnDD\no_yawn\1-MaleGlasses_f000933_mar0.030.jpg,0.07685388575359957,0.8700405285024202,0
YawnDD\no_yawn\1-MaleGlasses_f000936_mar0.030.jpg,0.07885598585968362,0.8503236635348104,0
YawnDD\no_yawn\1-MaleGlasses_f000939_mar0.030.jpg,0.07768262663415232,0.8535923469646968,0
YawnDD\no_yawn\1-MaleGlasses_f000942_mar0.030.jpg,0.07975417717690161,0.8630227649644512,0
YawnDD\no_yawn\1-MaleGlasses_f000945_mar0.030.jpg,0.07969172349611672,0.8718993653554855,0
YawnDD\no_yawn\1-MaleGlasses_f000948_mar0.030.jpg,0.07816021938874557,0.8811512050544268,0
YawnDD\no_yawn\1-MaleGlasses_f000951_mar0.030.jpg,0.07665389608652497,0.8775627521057008,0
YawnDD\no_yawn\1-MaleGlasses_f000957_mar0.030.jpg,0.07471374617569554,0.8771540153974479,0
YawnDD\no_yawn\1-MaleGlasses_f000972_mar0.031.jpg,0.0822866100838842,0.8870897970644767,0
YawnDD\no_yawn\1-MaleGlasses_f000996_mar0.030.jpg,0.09293122866517789,0.9163606772499236,0
YawnDD\no_yawn\1-MaleGlasses_f000999_mar0.030.jpg,0.07368866414984514,0.8995302393288177,0
YawnDD\no_yawn\1-MaleGlasses_f001002_mar0.030.jpg,0.0740753549848366,0.8834059578096466,0
YawnDD\no_yawn\1-MaleGlasses_f001005_mar0.030.jpg,0.07317562124038121,0.8988238515568316,0
YawnDD\no_yawn\1-MaleGlasses_f001014_mar0.030.jpg,0.11164004552739387,0.8959142712297453,0
YawnDD\no_yawn\1-MaleGlasses_f001017_mar0.030.jpg,0.07308270679754728,0.8902782704351049,0
YawnDD\no_yawn\1-MaleGlasses_f001020_mar0.030.jpg,0.07634869832095861,0.8828201997745058,0
YawnDD\no_yawn\1-MaleGlasses_f001023_mar0.030.jpg,0.07594722861574865,0.8743250697865595,0
YawnDD\no_yawn\1-MaleGlasses_f001026_mar0.030.jpg,0.07579319124103825,0.8848043174388177,0
YawnDD\no_yawn\1-MaleGlasses_f001029_mar0.030.jpg,0.07337579211200751,0.884935531384722,0
YawnDD\no_yawn\1-MaleGlasses_f001032_mar0.030.jpg,0.07268642291405156,0.8845480838232825,0
YawnDD\no_yawn\1-MaleGlasses_f001035_mar0.030.jpg,0.07345225102497469,0.8832274114688637,0
YawnDD\no_yawn\1-MaleGlasses_f001038_mar0.030.jpg,0.07423447895522352,0.8935671849961985,0
YawnDD\no_yawn\1-MaleGlasses_f001041_mar0.030.jpg,0.0760821410601809,0.8894866952262303,0
YawnDD\no_yawn\1-MaleGlasses_f001044_mar0.030.jpg,0.07538462466244872,0.8794017582599628,0
YawnDD\no_yawn\1-MaleGlasses_f001047_mar0.030.jpg,0.07518326442968101,0.8769579345995092,0
YawnDD\no_yawn\1-MaleGlasses_f001068_mar0.030.jpg,0.0773277995745203,0.862526874133915,0
YawnDD\no_yawn\1-MaleGlasses_f001071_mar0.030.jpg,0.0778274876909102,0.8645169167711737,0
YawnDD\no_yawn\1-MaleGlasses_f001074_mar0.030.jpg,0.07762946006263777,0.8668738546204866,0
YawnDD\no_yawn\1-MaleGlasses_f001077_mar0.030.jpg,0.07321922847953702,0.8689243244796652,0
YawnDD\no_yawn\1-MaleGlasses_f001080_mar0.030.jpg,0.07204281569954461,0.8720847255764614,0
YawnDD\no_yawn\1-MaleGlasses_f001083_mar0.030.jpg,0.07094535950708039,0.873960805902703,0
YawnDD\no_yawn\1-MaleGlasses_f001086_mar0.030.jpg,0.11200086851165447,0.8608072509779742,0
YawnDD\no_yawn\1-MaleGlasses_f001095_mar0.030.jpg,0.06860594143239243,0.8738345889804242,0
YawnDD\no_yawn\1-MaleGlasses_f001098_mar0.030.jpg,0.07401991581551358,0.8711426261689986,0
YawnDD\no_yawn\1-MaleGlasses_f001119_mar0.030.jpg,0.0959769696809981,0.8936349032231772,0
YawnDD\no_yawn\1-MaleGlasses_f001122_mar0.030.jpg,0.07442236799063488,0.8762497251804275,0
YawnDD\no_yawn\1-MaleGlasses_f001125_mar0.030.jpg,0.07660157182659758,0.8795823784994997,0
YawnDD\no_yawn\1-MaleGlasses_f001128_mar0.030.jpg,0.07695373980643197,0.8804900512134418,0
YawnDD\no_yawn\1-MaleGlasses_f001131_mar0.030.jpg,0.08102294113230954,0.887338326656436,0
YawnDD\no_yawn\1-MaleGlasses_f001134_mar0.030.jpg,0.08097934130085233,0.8872405101975123,0
YawnDD\no_yawn\1-MaleGlasses_f001137_mar0.030.jpg,0.07990372140908558,0.8960631789651669,0
YawnDD\no_yawn\1-MaleGlasses_f001140_mar0.030.jpg,0.08170009211709603,0.8940878021721614,0
YawnDD\no_yawn\1-MaleGlasses_f001143_mar0.030.jpg,0.08266663454513794,0.8846302168073981,0
YawnDD\no_yawn\1-MaleGlasses_f001146_mar0.030.jpg,0.08993586807788237,0.8846039966552176,0
YawnDD\no_yawn\1-MaleGlasses_f001149_mar0.030.jpg,0.0842779647378811,0.8904218150631557,0
YawnDD\no_yawn\1-MaleGlasses_f001152_mar0.030.jpg,0.08337506357374254,0.894587460357483,0
YawnDD\no_yawn\1-MaleGlasses_f001155_mar0.030.jpg,0.07954961245817077,0.8968949130852891,0
YawnDD\no_yawn\1-MaleGlasses_f001158_mar0.030.jpg,0.07933514303597818,0.8976883807416391,0
YawnDD\no_yawn\1-MaleGlasses_f001161_mar0.030.jpg,0.07740694117694596,0.9137122150676471,0
YawnDD\no_yawn\1-MaleGlasses_f001164_mar0.030.jpg,0.0769906269915993,0.9144076141403755,0
YawnDD\no_yawn\1-MaleGlasses_f001167_mar0.030.jpg,0.07555330813556273,0.9062041023680136,0
YawnDD\no_yawn\1-MaleGlasses_f001170_mar0.030.jpg,0.07560388429113227,0.9273430102271804,0
YawnDD\no_yawn\1-MaleGlasses_f001173_mar0.030.jpg,0.07448368889720337,0.9196430709107848,0
YawnDD\no_yawn\1-MaleGlasses_f001176_mar0.030.jpg,0.07351134391921905,0.9136200816929839,0
YawnDD\no_yawn\1-MaleGlasses_f001185_mar0.030.jpg,0.07200473869803181,0.9019296795638584,0
YawnDD\no_yawn\1-MaleGlasses_f001188_mar0.030.jpg,0.07260004440666493,0.9054904828377167,0
YawnDD\no_yawn\1-MaleGlasses_f001191_mar0.030.jpg,0.07489502928603017,0.925218356283263,0
YawnDD\no_yawn\1-MaleGlasses_f001194_mar0.030.jpg,0.07520420346129579,0.9366889805429015,0
YawnDD\no_yawn\1-MaleGlasses_f001197_mar0.030.jpg,0.07339810053670377,0.951340261078186,0
YawnDD\no_yawn\1-MaleGlasses_f001206_mar0.030.jpg,0.06993546619612656,0.9519972295204909,0
YawnDD\no_yawn\1-MaleGlasses_f001272_mar0.030.jpg,0.07079028195382336,0.9230834399783553,0
YawnDD\no_yawn\1-MaleGlasses_f001461_mar0.030.jpg,0.07727659646927329,0.8682597888266319,0
YawnDD\no_yawn\1-MaleGlasses_f001464_mar0.030.jpg,0.07250703006757481,0.8562376264109566,0
YawnDD\no_yawn\1-MaleGlasses_f001467_mar0.030.jpg,0.07601368790077953,0.8664611035497775,0
YawnDD\no_yawn\1-MaleGlasses_f001482_mar0.030.jpg,0.10273260074007196,0.8828797465488665,0
YawnDD\no_yawn\1-MaleGlasses_f001485_mar0.030.jpg,0.07071250478707472,0.8793273878595552,0
YawnDD\no_yawn\1-MaleGlasses_f001500_mar0.030.jpg,0.07477740983410432,0.8798391014603767,0
YawnDD\no_yawn\1-MaleGlasses_f001503_mar0.030.jpg,0.07392712001662093,0.8633298394361587,0
YawnDD\no_yawn\1-MaleGlasses_f001521_mar0.030.jpg,0.10542699452164894,0.8591223854527995,0
YawnDD\no_yawn\1-MaleGlasses_f001731_mar0.030.jpg,0.12314092565639846,0.8946095978771602,0
YawnDD\no_yawn\1-MaleGlasses_f001740_mar0.030.jpg,0.07211131537809387,0.8755469531143202,0
YawnDD\no_yawn\1-MaleGlasses_f001743_mar0.030.jpg,0.0718192473378871,0.8685358698800537,0
YawnDD\no_yawn\1-MaleGlasses_f001746_mar0.030.jpg,0.07433250491055755,0.8427622259334895,0
YawnDD\no_yawn\1-MaleGlasses_f001749_mar0.030.jpg,0.07417203194457164,0.8529958142274144,0
YawnDD\no_yawn\1-MaleGlasses_f001752_mar0.030.jpg,0.07236796032031825,0.8561904108052335,0
YawnDD\no_yawn\1-MaleGlasses_f001755_mar0.030.jpg,0.07411254096059086,0.8664032653443761,0
YawnDD\no_yawn\1-MaleGlasses_f001761_mar0.030.jpg,0.0743012654306542,0.8648141872649748,0
YawnDD\no_yawn\1-MaleGlasses_f001764_mar0.030.jpg,0.0732491659493231,0.8635065790758265,0
YawnDD\no_yawn\1-MaleGlasses_f001773_mar0.030.jpg,0.07019774600237938,0.8770556954836597,0
YawnDD\no_yawn\1-MaleGlasses_f001776_mar0.030.jpg,0.07270423107266212,0.8802399261057702,0
YawnDD\no_yawn\1-MaleGlasses_f001779_mar0.030.jpg,0.07283088156884608,0.8981731793532942,0
YawnDD\no_yawn\1-MaleGlasses_f001782_mar0.030.jpg,0.07664374708434761,0.8882684803438141,0
YawnDD\no_yawn\1-MaleGlasses_f001785_mar0.030.jpg,0.07636684513249038,0.8763653069788102,0
YawnDD\no_yawn\1-MaleGlasses_f001788_mar0.030.jpg,0.07684378255109199,0.889304196751889,0
YawnDD\no_yawn\1-MaleGlasses_f001794_mar0.030.jpg,0.07984913896786092,0.8950149714925403,0
YawnDD\no_yawn\1-MaleGlasses_f001797_mar0.030.jpg,0.07864712926682445,0.8919247582093648,0
YawnDD\no_yawn\1-MaleGlasses_f001800_mar0.030.jpg,0.0799152377399645,0.8902574707723334,0
YawnDD\no_yawn\1-MaleGlasses_f001803_mar0.030.jpg,0.08187412584281613,0.8993678389109048,0
YawnDD\no_yawn\1-MaleGlasses_f001806_mar0.030.jpg,0.08616494721167844,0.9010299814462378,0
YawnDD\no_yawn\1-MaleGlasses_f001809_mar0.030.jpg,0.08128094362142252,0.8954659833870738,0
YawnDD\no_yawn\1-MaleGlasses_f001812_mar0.030.jpg,0.08363236236774463,0.8960485648153501,0
YawnDD\no_yawn\1-MaleGlasses_f001815_mar0.030.jpg,0.08736774368030625,0.9127171271955423,0
YawnDD\no_yawn\1-MaleGlasses_f001818_mar0.030.jpg,0.08621364680359289,0.906501245997701,0
YawnDD\no_yawn\1-MaleGlasses_f001821_mar0.030.jpg,0.08423985237372536,0.9023490697645798,0
YawnDD\no_yawn\1-MaleGlasses_f001824_mar0.030.jpg,0.07729686924367517,0.9047225480078992,0
YawnDD\no_yawn\1-MaleGlasses_f001827_mar0.030.jpg,0.07867254680128932,0.9113351479585042,0
YawnDD\no_yawn\1-MaleGlasses_f001839_mar0.030.jpg,0.0826744997494349,0.9010983618175078,0
YawnDD\no_yawn\1-MaleGlasses_f001842_mar0.030.jpg,0.07701413372971529,0.9052729061523044,0
YawnDD\no_yawn\1-MaleGlasses_f001845_mar0.030.jpg,0.07680749041095995,0.9001334744010525,0
YawnDD\no_yawn\1-MaleGlasses_f001848_mar0.030.jpg,0.07554760958980646,0.8783582414283543,0
YawnDD\no_yawn\1-MaleGlasses_f001851_mar0.030.jpg,0.07583324859471176,0.870992177703365,0
YawnDD\no_yawn\1-MaleGlasses_f001854_mar0.030.jpg,0.07321830496967649,0.8723796455904478,0
YawnDD\no_yawn\1-MaleGlasses_f001857_mar0.030.jpg,0.07318928220791898,0.8628994853395436,0
YawnDD\no_yawn\1-MaleGlasses_f001860_mar0.030.jpg,0.07289102624883027,0.8743503269210802,0
YawnDD\no_yawn\1-MaleGlasses_f001863_mar0.030.jpg,0.0761860683534145,0.8733151030297219,0
YawnDD\no_yawn\1-MaleGlasses_f001866_mar0.030.jpg,0.07237108248239031,0.8507310292040875,0
YawnDD\no_yawn\1-MaleGlasses_f001869_mar0.030.jpg,0.07032376175524822,0.86045644425704,0
YawnDD\no_yawn\1-MaleGlasses_f001902_mar0.030.jpg,0.0763253717629241,0.8683348370742688,0
YawnDD\no_yawn\1-MaleGlasses_f002256_mar0.030.jpg,0.07086397756426749,0.828525133244071,0
YawnDD\no_yawn\1-MaleGlasses_f002430_mar0.030.jpg,0.07312799351383655,0.8426864341829525,0
YawnDD\no_yawn\1-MaleGlasses_f002433_mar0.030.jpg,0.07086592314635543,0.8254241457089839,0
YawnDD\no_yawn\1-MaleGlasses_f002436_mar0.030.jpg,0.07119263237350895,0.8340391720865442,0
YawnDD\no_yawn\1-MaleGlasses_f002439_mar0.030.jpg,0.07126478929519649,0.8251276618516002,0
YawnDD\no_yawn\1-MaleGlasses_f002442_mar0.030.jpg,0.06964144159378455,0.8268964657396943,0
YawnDD\no_yawn\1-MaleGlasses_f002445_mar0.030.jpg,0.07436485611043711,0.814288171627329,0
YawnDD\no_yawn\1-MaleGlasses_f002448_mar0.030.jpg,0.07419083470447234,0.8245986976825583,0
YawnDD\no_yawn\1-MaleGlasses_f002451_mar0.030.jpg,0.07450793863427996,0.8228689963392923,0
YawnDD\no_yawn\1-MaleGlasses_f002454_mar0.030.jpg,0.07489949314664733,0.8117520392622997,0
YawnDD\no_yawn\1-MaleGlasses_f002457_mar0.030.jpg,0.07445659027078964,0.8178233740139591,0
YawnDD\no_yawn\1-MaleGlasses_f002460_mar0.030.jpg,0.07328982183773554,0.8159154730550521,0
YawnDD\no_yawn\1-MaleGlasses_f002463_mar0.030.jpg,0.07707705523393511,0.8134838419182581,0
YawnDD\no_yawn\1-MaleGlasses_f002466_mar0.030.jpg,0.07680905553115619,0.8066865074667433,0
YawnDD\no_yawn\1-MaleGlasses_f002469_mar0.030.jpg,0.07484550851838935,0.813517992254256,0
YawnDD\no_yawn\1-MaleGlasses_f002472_mar0.030.jpg,0.07256440734692628,0.819362080219539,0
YawnDD\no_yawn\1-MaleGlasses_f002475_mar0.030.jpg,0.07174610750987348,0.815207082927434,0
YawnDD\no_yawn\1-MaleGlasses_f002478_mar0.030.jpg,0.07270893547438335,0.8037006074735753,0
YawnDD\no_yawn\1-MaleGlasses_f002481_mar0.030.jpg,0.07171211055338585,0.7997254105143354,0
YawnDD\no_yawn\1-MaleGlasses_f002484_mar0.030.jpg,0.07255863611428134,0.8115054511784998,0
YawnDD\no_yawn\1-MaleGlasses_f002487_mar0.030.jpg,0.07549822429672237,0.8348843286012597,0
YawnDD\no_yawn\1-MaleGlasses_f002490_mar0.030.jpg,0.07369861533094754,0.8490663547213437,0
YawnDD\no_yawn\1-MaleGlasses_f002493_mar0.030.jpg,0.07181677895118689,0.8446094356826364,0
YawnDD\no_yawn\1-MaleGlasses_f002496_mar0.030.jpg,0.07143899219835353,0.8850978248493965,0
YawnDD\no_yawn\1-MaleGlasses_f002499_mar0.030.jpg,0.07186834560498166,0.8953995590962069,0
YawnDD\no_yawn\1-MaleGlasses_f002517_mar0.030.jpg,0.10325079248655245,0.9105781249459285,0
YawnDD\no_yawn\1-MaleGlasses_f002520_mar0.030.jpg,0.07913621657049655,0.9116521797196213,0
YawnDD\no_yawn\1-MaleGlasses_f002526_mar0.030.jpg,0.09505465275920304,0.9072592574577625,0
YawnDD\no_yawn\1-MaleGlasses_f002535_mar0.030.jpg,0.07391606073255207,0.8884087502692403,0
YawnDD\no_yawn\1-MaleGlasses_f002547_mar0.030.jpg,0.10315910086342442,0.8781827851638385,0
YawnDD\no_yawn\1-MaleGlasses_f002550_mar0.030.jpg,0.07404719060841285,0.8754828584925679,0
YawnDD\no_yawn\1-MaleGlasses_f002553_mar0.030.jpg,0.07255660808919001,0.8816912332978218,0
YawnDD\no_yawn\1-MaleGlasses_f002556_mar0.030.jpg,0.07362166177844046,0.8789101960674648,0
YawnDD\no_yawn\1-MaleGlasses_f002559_mar0.030.jpg,0.07284317313783267,0.8796973007640198,0
YawnDD\no_yawn\1-MaleGlasses_f002562_mar0.030.jpg,0.07439176157759943,0.8827708151322667,0
YawnDD\no_yawn\10-FemaleNoGlasses_f000090_mar0.030.jpg,0.04056285479647316,0.88993322704299,0
YawnDD\no_yawn\10-FemaleNoGlasses_f000093_mar0.030.jpg,0.05056421205901536,0.8677550990744972,0
YawnDD\no_yawn\10-FemaleNoGlasses_f000096_mar0.030.jpg,0.05394141854723442,0.8595139596339465,0
YawnDD\no_yawn\10-FemaleNoGlasses_f000099_mar0.030.jpg,0.059425478648993675,0.8500792988052024,0
YawnDD\no_yawn\10-FemaleNoGlasses_f000102_mar0.030.jpg,0.053232785773085135,0.8480169779135969,0
YawnDD\no_yawn\10-FemaleNoGlasses_f000105_mar0.030.jpg,0.06351257810810669,0.8059011828093164,0
YawnDD\no_yawn\10-FemaleNoGlasses_f000108_mar0.030.jpg,0.06957178025492369,0.8030244874632848,0
YawnDD\no_yawn\10-FemaleNoGlasses_f000111_mar0.030.jpg,0.067746267508699,0.7988155379336183,0
YawnDD\no_yawn\10-FemaleNoGlasses_f000114_mar0.030.jpg,0.06766872474690497,0.8030524110692815,0
YawnDD\no_yawn\10-FemaleNoGlasses_f000117_mar0.030.jpg,0.07027847653343282,0.8084163788698596,0
YawnDD\no_yawn\10-FemaleNoGlasses_f000120_mar0.030.jpg,0.07109765292080755,0.8181645530406704,0
YawnDD\no_yawn\10-FemaleNoGlasses_f000123_mar0.030.jpg,0.08118642630953761,0.826709788715408,0
YawnDD\no_yawn\10-FemaleNoGlasses_f000126_mar0.030.jpg,0.05721159893880019,0.8347686255741456,0
YawnDD\no_yawn\10-FemaleNoGlasses_f000129_mar0.030.jpg,0.040187083538660504,0.925156213087111,0
YawnDD\no_yawn\10-FemaleNoGlasses_f000132_mar0.030.jpg,0.05117980066709007,1.0178630293028188,0
YawnDD\no_yawn\10-FemaleNoGlasses_f000138_mar0.037.jpg,0.11268963367288161,1.168733898106061,0
YawnDD\no_yawn\10-FemaleNoGlasses_f000213_mar0.030.jpg,0.04656021543233061,0.9625241580938204,0
YawnDD\no_yawn\10-FemaleNoGlasses_f000216_mar0.040.jpg,0.0690606832216929,0.9714087030549815,0
YawnDD\no_yawn\10-FemaleNoGlasses_f000246_mar0.030.jpg,0.039339492343044076,1.0592952416250991,0
YawnDD\no_yawn\10-FemaleNoGlasses_f000300_mar0.030.jpg,0.03820937200787152,1.0482853062471014,0
YawnDD\no_yawn\10-FemaleNoGlasses_f000303_mar0.038.jpg,0.07747343345505911,1.0929154478617502,0
YawnDD\no_yawn\10-FemaleNoGlasses_f000414_mar0.030.jpg,0.03196225268542094,1.1315797523783355,0
YawnDD\no_yawn\10-FemaleNoGlasses_f000654_mar0.030.jpg,0.07286438515869391,0.8477522619022739,0
YawnDD\no_yawn\10-FemaleNoGlasses_f000669_mar0.030.jpg,0.06228743728767329,0.8865607193978882,0
YawnDD\no_yawn\10-FemaleNoGlasses_f000717_mar0.030.jpg,0.053743853825523304,0.9176271737681279,0
YawnDD\no_yawn\10-FemaleNoGlasses_f000741_mar0.030.jpg,0.04775179025346825,0.9594354550300663,0
YawnDD\no_yawn\10-FemaleNoGlasses_f000756_mar0.030.jpg,0.04549549265275457,0.984760955800478,0
YawnDD\no_yawn\10-FemaleNoGlasses_f000759_mar0.030.jpg,0.033575048368545315,1.1031419616228912,0
YawnDD\no_yawn\10-FemaleNoGlasses_f001029_mar0.030.jpg,0.03360044827348859,1.1574596875963183,0
YawnDD\no_yawn\10-FemaleNoGlasses_f001035_mar0.030.jpg,0.03845406467578809,1.0177535377785063,0
YawnDD\no_yawn\10-MaleGlasses_f000114_mar0.030.jpg,0.10898256055389625,0.9946269467505727,0
YawnDD\no_yawn\10-MaleGlasses_f000117_mar0.030.jpg,0.072928352422747,0.9659814295182128,0
YawnDD\no_yawn\10-MaleGlasses_f000120_mar0.030.jpg,0.0724512035786296,0.9703973019194293,0
YawnDD\no_yawn\10-MaleGlasses_f000123_mar0.030.jpg,0.07352026283784813,0.9464996219090918,0
YawnDD\no_yawn\10-MaleGlasses_f000126_mar0.030.jpg,0.07367313625554325,0.9636613219389244,0
YawnDD\no_yawn\10-MaleGlasses_f000129_mar0.030.jpg,0.07482079632049213,0.9594500811101501,0
YawnDD\no_yawn\10-MaleGlasses_f000132_mar0.030.jpg,0.07479021011440322,0.9683851098810166,0
YawnDD\no_yawn\10-MaleGlasses_f000135_mar0.030.jpg,0.0749410983212484,0.9361994793329791,0
YawnDD\no_yawn\10-MaleGlasses_f000138_mar0.030.jpg,0.07475558888538837,0.9354853894656782,0
YawnDD\no_yawn\10-MaleGlasses_f000141_mar0.030.jpg,0.07667287859681031,0.9545950123551608,0
YawnDD\no_yawn\10-MaleGlasses_f000144_mar0.030.jpg,0.07346754441411886,0.960726216372182,0
YawnDD\no_yawn\10-MaleGlasses_f000147_mar0.030.jpg,0.07348698740670585,0.9668255854499989,0
YawnDD\no_yawn\10-MaleGlasses_f000150_mar0.030.jpg,0.07739129603635886,0.9393308646832704,0
YawnDD\no_yawn\10-MaleGlasses_f000153_mar0.030.jpg,0.07487016009476558,0.9356226079367671,0
YawnDD\no_yawn\10-MaleGlasses_f000156_mar0.030.jpg,0.07524018574103358,0.9215221108616881,0
YawnDD\no_yawn\10-MaleGlasses_f000159_mar0.030.jpg,0.07251503398936249,0.9629995558662074,0
YawnDD\no_yawn\10-MaleGlasses_f000162_mar0.030.jpg,0.07352334198112591,0.9668210729895617,0
YawnDD\no_yawn\10-MaleGlasses_f000165_mar0.030.jpg,0.07309373652326095,0.9582752922306049,0
YawnDD\no_yawn\10-MaleGlasses_f000168_mar0.030.jpg,0.073879781730332,0.963387145828022,0
YawnDD\no_yawn\10-MaleGlasses_f000171_mar0.030.jpg,0.07266302245087546,0.9565051440523581,0
YawnDD\no_yawn\10-MaleGlasses_f000174_mar0.030.jpg,0.0720515299975961,0.9867101513210147,0
YawnDD\no_yawn\10-MaleGlasses_f000471_mar0.030.jpg,0.05820756964840558,0.996545668355633,0
YawnDD\no_yawn\10-MaleGlasses_f000501_mar0.030.jpg,0.059996481895177305,0.956992655844107,0
YawnDD\no_yawn\10-MaleGlasses_f000510_mar0.030.jpg,0.09210885074920369,0.9643815625043389,0
YawnDD\no_yawn\10-MaleGlasses_f000513_mar0.030.jpg,0.05529512795382417,0.9517086450894411,0
YawnDD\no_yawn\10-MaleGlasses_f000534_mar0.030.jpg,0.05461057523277777,0.9875868172955377,0
YawnDD\no_yawn\10-MaleGlasses_f000576_mar0.030.jpg,0.07038761678877896,0.9811131182522511,0
YawnDD\no_yawn\10-MaleGlasses_f000591_mar0.030.jpg,0.07406958390800199,0.936876832748143,0
YawnDD\no_yawn\10-MaleGlasses_f000633_mar0.030.jpg,0.06883849758403923,0.953255667134826,0
YawnDD\no_yawn\10-MaleGlasses_f000636_mar0.030.jpg,0.06580857264296565,0.9375433512564956,0
YawnDD\no_yawn\10-MaleGlasses_f000639_mar0.030.jpg,0.06692997999770095,0.9527754639245767,0
YawnDD\no_yawn\10-MaleGlasses_f000642_mar0.030.jpg,0.06832495314552137,0.9420382237634245,0
YawnDD\no_yawn\10-MaleGlasses_f000645_mar0.030.jpg,0.06891103343711705,0.9519377290299254,0
YawnDD\no_yawn\10-MaleGlasses_f000648_mar0.030.jpg,0.0728825585957392,0.9674008995667407,0
YawnDD\no_yawn\10-MaleGlasses_f000705_mar0.030.jpg,0.06760015052537117,0.985680935386909,0
YawnDD\no_yawn\10-MaleGlasses_f000729_mar0.030.jpg,0.07711528433054679,0.9316680025351574,0
YawnDD\no_yawn\10-MaleGlasses_f000732_mar0.030.jpg,0.07351209080653243,0.9492248549573244,0
YawnDD\no_yawn\10-MaleGlasses_f000735_mar0.030.jpg,0.07155110759796504,0.9180015540755527,0
YawnDD\no_yawn\10-MaleGlasses_f000738_mar0.030.jpg,0.07160729456288938,0.9282375512069208,0
YawnDD\no_yawn\10-MaleGlasses_f000750_mar0.030.jpg,0.06758398514671136,0.9647963728491141,0
YawnDD\no_yawn\10-MaleGlasses_f000807_mar0.030.jpg,0.08051565565499044,0.9724884124563915,0
YawnDD\no_yawn\10-MaleGlasses_f000816_mar0.030.jpg,0.09414203935455462,1.007681881136661,0
YawnDD\no_yawn\10-MaleGlasses_f000825_mar0.030.jpg,0.08185443627837957,0.9326145173293774,0
YawnDD\no_yawn\10-MaleGlasses_f000834_mar0.030.jpg,0.07982353953585251,0.9363446566764226,0
YawnDD\no_yawn\10-MaleGlasses_f000837_mar0.030.jpg,0.11379014186764635,0.9060352003960492,0
YawnDD\no_yawn\10-MaleGlasses_f001011_mar0.030.jpg,0.06952562719692885,0.9340966981850229,0
YawnDD\no_yawn\10-MaleGlasses_f001014_mar0.030.jpg,0.0733184447953912,0.9764516400428335,0
YawnDD\no_yawn\10-MaleGlasses_f001017_mar0.030.jpg,0.07305251878737741,0.9735124739607286,0
YawnDD\no_yawn\10-MaleGlasses_f001020_mar0.030.jpg,0.07208560448797831,0.9683244070883448,0
YawnDD\no_yawn\10-MaleGlasses_f001023_mar0.030.jpg,0.07292673167312506,0.9870543096392674,0
YawnDD\no_yawn\10-MaleGlasses_f001026_mar0.030.jpg,0.07545989620784427,0.9812204796180334,0
YawnDD\no_yawn\10-MaleGlasses_f001029_mar0.030.jpg,0.07685263761881535,0.9743062175826788,0
YawnDD\no_yawn\10-MaleGlasses_f001032_mar0.030.jpg,0.07212378397591189,0.9510017332774418,0
YawnDD\no_yawn\10-MaleGlasses_f001035_mar0.030.jpg,0.07332112493871201,0.9720603547049569,0
YawnDD\no_yawn\10-MaleGlasses_f001038_mar0.030.jpg,0.07209487963347126,0.9974649355882085,0
YawnDD\no_yawn\10-MaleGlasses_f001041_mar0.030.jpg,0.06469305844113014,0.9373323886898945,0
YawnDD\no_yawn\10-MaleGlasses_f001044_mar0.030.jpg,0.06576054072035978,0.9353407553895356,0
YawnDD\no_yawn\10-MaleGlasses_f001047_mar0.030.jpg,0.06513173511269969,0.8854551254962901,0
YawnDD\no_yawn\10-MaleGlasses_f001050_mar0.030.jpg,0.06599010626301993,0.9153484293621265,0
YawnDD\no_yawn\10-MaleGlasses_f001053_mar0.030.jpg,0.08164260696372498,0.9088777513531399,0
YawnDD\no_yawn\10-MaleGlasses_f001059_mar0.030.jpg,0.06836123005671133,0.9558245062484991,0
YawnDD\no_yawn\10-MaleGlasses_f001062_mar0.030.jpg,0.06792872555846356,0.9424373144129289,0
YawnDD\no_yawn\10-MaleGlasses_f001065_mar0.030.jpg,0.06910581360963612,0.9238319655723993,0
YawnDD\no_yawn\10-MaleGlasses_f001068_mar0.030.jpg,0.06891801885408189,0.9265493251092215,0
YawnDD\no_yawn\10-MaleGlasses_f001071_mar0.030.jpg,0.06628475236423616,0.9360618488871606,0
YawnDD\no_yawn\10-MaleGlasses_f001074_mar0.030.jpg,0.06320779397005888,0.9693768262600317,0
YawnDD\no_yawn\10-MaleGlasses_f001077_mar0.030.jpg,0.06492549518994449,0.9525794453472711,0
YawnDD\no_yawn\10-MaleGlasses_f001080_mar0.030.jpg,0.06670726679316479,0.9861370812838236,0
YawnDD\no_yawn\10-MaleGlasses_f001083_mar0.030.jpg,0.06416400024415457,0.9884787431419787,0
YawnDD\no_yawn\10-MaleGlasses_f001086_mar0.030.jpg,0.065975063935992,0.981795840417446,0
YawnDD\no_yawn\10-MaleGlasses_f001092_mar0.030.jpg,0.06588290345560001,1.0180453887666452,0
YawnDD\no_yawn\10-MaleGlasses_f001095_mar0.030.jpg,0.06612941063605877,0.9653078491694697,0
YawnDD\no_yawn\10-MaleGlasses_f001098_mar0.030.jpg,0.06647589133716138,0.9465028021462442,0
YawnDD\no_yawn\10-MaleGlasses_f001101_mar0.030.jpg,0.06815789399253346,0.9496047003609336,0
YawnDD\no_yawn\10-MaleGlasses_f001104_mar0.030.jpg,0.06596884742072262,0.942515159831277,0
YawnDD\no_yawn\10-MaleGlasses_f001107_mar0.030.jpg,0.06547255850177125,0.950914413783401,0
YawnDD\no_yawn\10-MaleGlasses_f001110_mar0.030.jpg,0.06611036832225849,0.9533155524725749,0
YawnDD\no_yawn\10-MaleGlasses_f001113_mar0.030.jpg,0.07218244159640468,0.9638530164226482,0
YawnDD\no_yawn\10-MaleGlasses_f001116_mar0.030.jpg,0.07147756427696193,0.9561922356070351,0
YawnDD\no_yawn\10-MaleGlasses_f001119_mar0.030.jpg,0.06456960437859334,0.9405377463381571,0
YawnDD\no_yawn\10-MaleGlasses_f001122_mar0.030.jpg,0.06447045313061389,0.9272945951851425,0
YawnDD\no_yawn\10-MaleGlasses_f001125_mar0.030.jpg,0.06671081881576435,0.948950395007438,0
YawnDD\no_yawn\10-MaleGlasses_f001128_mar0.030.jpg,0.06695648822507491,0.9665505136343381,0
YawnDD\no_yawn\10-MaleGlasses_f001131_mar0.030.jpg,0.06753604953662908,0.9880059368763077,0
YawnDD\no_yawn\10-MaleGlasses_f001134_mar0.030.jpg,0.06650491170293399,0.9889421731223157,0
YawnDD\no_yawn\10-MaleGlasses_f001137_mar0.030.jpg,0.06799910619577988,0.9735968239597433,0
YawnDD\no_yawn\10-MaleGlasses_f001191_mar0.030.jpg,0.08897157686635002,0.9731629320156797,0
YawnDD\no_yawn\10-MaleGlasses_f001194_mar0.030.jpg,0.07597693297405689,0.9704715579275157,0
YawnDD\no_yawn\10-MaleGlasses_f001206_mar0.030.jpg,0.06855115664063784,0.9720076566702436,0
YawnDD\no_yawn\10-MaleGlasses_f001221_mar0.030.jpg,0.07069453358137466,0.9689854295594943,0
YawnDD\no_yawn\10-MaleGlasses_f001296_mar0.030.jpg,0.10008126093734983,1.0622946754470202,0
YawnDD\no_yawn\10-MaleGlasses_f001320_mar0.030.jpg,0.0757683922246671,0.9867412280794229,0
YawnDD\no_yawn\10-MaleGlasses_f001329_mar0.030.jpg,0.06663975717798427,0.9657522780621908,0
YawnDD\no_yawn\10-MaleGlasses_f001332_mar0.030.jpg,0.06497247637964751,0.955198080434314,0
YawnDD\no_yawn\10-MaleGlasses_f001344_mar0.030.jpg,0.065624135856135,0.979356160994451,0
YawnDD\no_yawn\10-MaleGlasses_f001368_mar0.030.jpg,0.07005489968055367,0.9806417658606589,0
YawnDD\no_yawn\10-MaleGlasses_f001383_mar0.030.jpg,0.10373352171728768,0.9533633819247672,0
YawnDD\no_yawn\10-MaleGlasses_f001386_mar0.030.jpg,0.090922060928192,0.9679493653766655,0
YawnDD\no_yawn\10-MaleGlasses_f001395_mar0.030.jpg,0.03258176436923905,1.113586090225652,0
YawnDD\no_yawn\10-MaleGlasses_f001428_mar0.030.jpg,0.07057825018552642,0.9723987960038635,0
YawnDD\no_yawn\10-MaleGlasses_f001437_mar0.030.jpg,0.07348195278211064,0.9893003732977251,0
YawnDD\no_yawn\10-MaleGlasses_f001521_mar0.030.jpg,0.06483454453618781,0.9966123831831162,0
YawnDD\no_yawn\10-MaleGlasses_f001533_mar0.030.jpg,0.0704215648490161,0.999166968146857,0
YawnDD\no_yawn\10-MaleGlasses_f001536_mar0.030.jpg,0.0681697850002162,1.0082449273546146,0
YawnDD\no_yawn\10-MaleGlasses_f001539_mar0.030.jpg,0.07055941186319598,1.0138610032448399,0
YawnDD\no_yawn\10-MaleGlasses_f001542_mar0.030.jpg,0.06657448817890908,1.0217207058944067,0
YawnDD\no_yawn\10-MaleGlasses_f001590_mar0.030.jpg,0.06233803125917334,0.9454736637355496,0
YawnDD\no_yawn\10-MaleGlasses_f001794_mar0.030.jpg,0.041741311817045816,0.9862719819747927,0
YawnDD\no_yawn\10-MaleGlasses_f001863_mar0.030.jpg,0.07989176106389667,0.9709994919512334,0
YawnDD\no_yawn\10-MaleGlasses_f001866_mar0.030.jpg,0.08183818360406249,0.9518970151728086,0
YawnDD\no_yawn\10-MaleGlasses_f001869_mar0.030.jpg,0.08329422016349186,0.9301302692272848,0
YawnDD\no_yawn\10-MaleGlasses_f001872_mar0.030.jpg,0.09499046103134881,0.9805182154590162,0
YawnDD\no_yawn\10-MaleGlasses_f001875_mar0.030.jpg,0.1037847298081805,1.0289174019755167,0
YawnDD\no_yawn\10-MaleGlasses_f001878_mar0.030.jpg,0.10170542017066315,1.04973496624684,0
YawnDD\no_yawn\10-MaleGlasses_f001881_mar0.030.jpg,0.10042849293976182,1.06835825118004,0
YawnDD\no_yawn\10-MaleGlasses_f001884_mar0.030.jpg,0.10395723304596645,1.0676220316665643,0
YawnDD\no_yawn\10-MaleGlasses_f001887_mar0.030.jpg,0.09970174745494341,1.0523103878124376,0
YawnDD\no_yawn\10-MaleGlasses_f001890_mar0.030.jpg,0.09813481793591547,1.0081289049490616,0
YawnDD\no_yawn\10-MaleGlasses_f001893_mar0.030.jpg,0.09591292427472357,0.9674949161323202,0
YawnDD\no_yawn\10-MaleGlasses_f001962_mar0.030.jpg,0.0677062676356701,0.9997550741125444,0
YawnDD\no_yawn\10-MaleGlasses_f001977_mar0.030.jpg,0.05167590145517584,1.0864376354263217,0
YawnDD\no_yawn\10-MaleGlasses_f002022_mar0.030.jpg,0.05608781212193587,0.9832697272894272,0
YawnDD\no_yawn\10-MaleGlasses_f002088_mar0.030.jpg,0.10260519607387547,1.054046510980493,0
YawnDD\no_yawn\10-MaleGlasses_f002097_mar0.030.jpg,0.10479734835310284,1.0828810517954965,0
YawnDD\no_yawn\10-MaleGlasses_f002133_mar0.030.jpg,0.09465264153083122,1.0401669680755565,0
YawnDD\no_yawn\10-MaleGlasses_f002157_mar0.030.jpg,0.10029489124356578,1.0720892114206413,0
YawnDD\no_yawn\10-MaleGlasses_f002160_mar0.030.jpg,0.10353227617175802,1.0721975439543763,0
YawnDD\no_yawn\10-MaleGlasses_f002163_mar0.030.jpg,0.10792326677175124,1.0859822715775966,0
YawnDD\no_yawn\10-MaleGlasses_f002322_mar0.030.jpg,0.06901742176090073,1.0041140225352505,0
YawnDD\no_yawn\10-MaleGlasses_f002352_mar0.030.jpg,0.07016988042485055,0.9674827144110101,0
YawnDD\no_yawn\10-MaleGlasses_f002355_mar0.030.jpg,0.07169603406796678,0.9442390990433389,0
YawnDD\no_yawn\10-MaleGlasses_f002358_mar0.030.jpg,0.0735910997676222,0.9623250865345305,0
YawnDD\no_yawn\10-MaleGlasses_f002361_mar0.030.jpg,0.07554281170767524,0.9432169809588326,0
YawnDD\no_yawn\10-MaleGlasses_f002364_mar0.030.jpg,0.07384120596751839,0.9590478545954888,0
YawnDD\no_yawn\10-MaleGlasses_f002367_mar0.030.jpg,0.07663603235192114,0.9446204046277847,0
YawnDD\no_yawn\10-MaleGlasses_f002370_mar0.030.jpg,0.07334504163779193,0.9358931784495861,0
YawnDD\no_yawn\10-MaleGlasses_f002373_mar0.030.jpg,0.0725407514141936,0.9353772313295355,0
YawnDD\no_yawn\10-MaleGlasses_f002376_mar0.030.jpg,0.07592184775972653,0.9504645284926169,0
YawnDD\no_yawn\10-MaleGlasses_f002379_mar0.030.jpg,0.071980117091406,0.9497722416452327,0
YawnDD\no_yawn\10-MaleGlasses_f002382_mar0.030.jpg,0.07014204115376911,0.9367406323302601,0
YawnDD\no_yawn\10-MaleGlasses_f002385_mar0.030.jpg,0.07136272440305808,0.94060700479828,0
YawnDD\no_yawn\10-MaleGlasses_f002388_mar0.030.jpg,0.08249371429267602,0.9188558831736686,0
YawnDD\no_yawn\10-MaleGlasses_f002391_mar0.030.jpg,0.07064923474293659,0.9370993788374361,0
YawnDD\no_yawn\10-MaleGlasses_f002394_mar0.030.jpg,0.07255089496355809,0.9337019349010555,0
YawnDD\no_yawn\10-MaleGlasses_f002397_mar0.030.jpg,0.07335674523726532,0.9301855761924976,0
YawnDD\no_yawn\10-MaleGlasses_f002400_mar0.030.jpg,0.07179238258768797,0.9206472895833644,0
YawnDD\no_yawn\10-MaleGlasses_f002403_mar0.030.jpg,0.07497262795763164,0.892812464670329,0
YawnDD\no_yawn\10-MaleGlasses_f002406_mar0.030.jpg,0.08014359636125559,0.9305868949064441,0
YawnDD\no_yawn\10-MaleGlasses_f002409_mar0.030.jpg,0.07501060266788934,0.9101737031252412,0
YawnDD\no_yawn\10-MaleGlasses_f002412_mar0.030.jpg,0.07256332277340878,0.9079241085758768,0
YawnDD\no_yawn\10-MaleGlasses_f002415_mar0.030.jpg,0.07954786133147511,0.9161946697590562,0
YawnDD\no_yawn\11-FemaleGlasses.avi_f000000_mar0.030.jpg,0.07098879272972275,0.8324377053630849,0
YawnDD\no_yawn\11-FemaleGlasses.avi_f000003_mar0.030.jpg,0.07174216719537557,0.8330890210931834,0
YawnDD\no_yawn\11-FemaleGlasses.avi_f000006_mar0.030.jpg,0.07136565427380237,0.82550959677281,0
YawnDD\no_yawn\11-FemaleGlasses.avi_f000009_mar0.030.jpg,0.0726689224043328,0.8420889740625765,0
YawnDD\no_yawn\11-FemaleGlasses.avi_f000012_mar0.030.jpg,0.07185984952084272,0.8256477268768574,0
YawnDD\no_yawn\11-FemaleGlasses.avi_f000015_mar0.030.jpg,0.0704661484394785,0.8330636954380657,0
YawnDD\no_yawn\11-FemaleGlasses.avi_f000018_mar0.030.jpg,0.07215330617491635,0.8182695341251425,0
YawnDD\no_yawn\11-FemaleGlasses.avi_f000021_mar0.030.jpg,0.07162606482774886,0.8202525331270659,0
YawnDD\no_yawn\11-FemaleGlasses.avi_f000066_mar0.030.jpg,0.07078797074265122,0.8455476226623784,0
YawnDD\no_yawn\11-FemaleGlasses.avi_f000069_mar0.030.jpg,0.07328802486344552,0.8614749802200139,0
YawnDD\no_yawn\11-FemaleGlasses.avi_f000072_mar0.030.jpg,0.07336152254460312,0.88130667831167,0
YawnDD\no_yawn\11-FemaleGlasses.avi_f000075_mar0.030.jpg,0.07348510260720871,0.8916979607229406,0
YawnDD\no_yawn\11-FemaleGlasses.avi_f000078_mar0.030.jpg,0.07130843091332141,0.9873704800000441,0
YawnDD\no_yawn\11-FemaleGlasses.avi_f000081_mar0.030.jpg,0.07731560967503719,1.000493616431557,0
YawnDD\no_yawn\11-FemaleGlasses.avi_f000084_mar0.030.jpg,0.07768854502594469,1.0159481115630036,0
YawnDD\no_yawn\11-FemaleGlasses.avi_f000087_mar0.030.jpg,0.07671098099948948,0.9962752959619221,0
YawnDD\no_yawn\11-FemaleGlasses.avi_f000090_mar0.030.jpg,0.07570840940466995,1.0130147771127636,0
YawnDD\no_yawn\11-FemaleGlasses.avi_f000093_mar0.030.jpg,0.07479287977752068,0.9986221788661528,0
YawnDD\no_yawn\11-FemaleGlasses.avi_f000096_mar0.030.jpg,0.07451468177120298,0.9466620050842265,0
YawnDD\no_yawn\11-FemaleGlasses.avi_f000099_mar0.030.jpg,0.075904043961694,0.9254747549091259,0
YawnDD\no_yawn\11-FemaleGlasses.avi_f000102_mar0.030.jpg,0.08544006607545418,0.934731136243049,0
YawnDD\no_yawn\11-FemaleGlasses.avi_f000105_mar0.030.jpg,0.09599893919456248,0.9611364373274393,0
YawnDD\no_yawn\11-FemaleGlasses.avi_f000108_mar0.030.jpg,0.09335938592915187,0.9822125619721154,0
YawnDD\no_yawn\11-FemaleGlasses.avi_f000111_mar0.030.jpg,0.09118455730559137,0.9804885857013462,0
YawnDD\no_yawn\11-FemaleGlasses.avi_f000150_mar0.030.jpg,0.06432804522546903,0.9695906831344353,0
YawnDD\no_yawn\11-FemaleGlasses.avi_f000153_mar0.030.jpg,0.06696846920110823,0.890962132942268,0
YawnDD\no_yawn\11-FemaleGlasses.avi_f000156_mar0.030.jpg,0.0717151212117457,0.8805038501039295,0
YawnDD\no_yawn\11-FemaleGlasses.avi_f000171_mar0.030.jpg,0.042588889578996876,0.984249945835779,0
YawnDD\no_yawn\11-FemaleGlasses.avi_f000195_mar0.030.jpg,0.06379665195021941,0.941750445005669,0
YawnDD\no_yawn\11-FemaleGlasses.avi_f000246_mar0.030.jpg,0.06370151032029799,0.897362280505412,0
YawnDD\no_yawn\11-FemaleGlasses.avi_f000252_mar0.030.jpg,0.036472528920379915,1.0118984276602334,0
YawnDD\no_yawn\11-FemaleGlasses.avi_f000285_mar0.030.jpg,0.06356826754201672,0.9172033093609504,0
YawnDD\no_yawn\11-FemaleGlasses.avi_f000288_mar0.030.jpg,0.06939683778309265,0.9044091362887445,0
YawnDD\no_yawn\11-FemaleGlasses.avi_f000291_mar0.030.jpg,0.06819380181909032,0.9246528635826686,0
YawnDD\no_yawn\11-FemaleGlasses.avi_f000312_mar0.030.jpg,0.07757804983626974,0.9252157434957584,0
YawnDD\no_yawn\11-FemaleGlasses.avi_f000417_mar0.030.jpg,0.09332911323145626,0.9670991165464589,0
YawnDD\no_yawn\11-FemaleGlasses.avi_f000420_mar0.030.jpg,0.09616823687047829,0.9542627119455064,0
YawnDD\no_yawn\11-FemaleGlasses.avi_f000423_mar0.030.jpg,0.10166072466530705,0.9799333326222511,0
YawnDD\no_yawn\11-FemaleGlasses.avi_f000426_mar0.030.jpg,0.1024964837993467,1.0229005048084954,0
YawnDD\no_yawn\11-FemaleGlasses.avi_f000429_mar0.030.jpg,0.10693157663878583,1.067269556223387,0
YawnDD\no_yawn\11-FemaleGlasses.avi_f000432_mar0.030.jpg,0.1042336760514006,1.0706454544828348,0
YawnDD\no_yawn\11-FemaleGlasses.avi_f000435_mar0.030.jpg,0.10431366621814081,1.025299957880809,0
YawnDD\no_yawn\11-FemaleGlasses.avi_f000438_mar0.030.jpg,0.10505146042550324,1.09094631484025,0
YawnDD\no_yawn\11-FemaleGlasses.avi_f000441_mar0.030.jpg,0.11060482469279978,1.1130798243735827,0
YawnDD\no_yawn\11-FemaleGlasses.avi_f000444_mar0.030.jpg,0.1132642211249256,1.1366639825235947,0
YawnDD\no_yawn\11-FemaleGlasses.avi_f000447_mar0.030.jpg,0.10095451352817938,1.0624927888903895,0
YawnDD\no_yawn\11-FemaleGlasses.avi_f000456_mar0.030.jpg,0.0950323771359631,0.9691875797202552,0
YawnDD\no_yawn\11-FemaleGlasses.avi_f000459_mar0.030.jpg,0.07481801294891983,0.976372000102508,0
YawnDD\no_yawn\11-FemaleGlasses.avi_f000462_mar0.030.jpg,0.06823766791295248,0.9749640969642243,0
YawnDD\no_yawn\11-FemaleGlasses.avi_f000468_mar0.030.jpg,0.06429107581513194,0.9711980025619223,0
YawnDD\no_yawn\11-FemaleGlasses.avi_f000483_mar0.030.jpg,0.04554888717952572,0.9539525064808684,0
YawnDD\no_yawn\11-FemaleGlasses.avi_f000492_mar0.030.jpg,0.055639910831132705,0.925728770972418,0
YawnDD\no_yawn\11-FemaleGlasses.avi_f000495_mar0.030.jpg,0.06147587533041805,0.9460365628128609,0
YawnDD\no_yawn\11-FemaleGlasses.avi_f000498_mar0.030.jpg,0.06292132371929474,0.9518114762121798,0
YawnDD\no_yawn\11-FemaleGlasses.avi_f000525_mar0.030.jpg,0.06075698897871515,0.9894122939242804,0
YawnDD\no_yawn\11-FemaleGlasses.avi_f000558_mar0.030.jpg,0.06219982076461772,0.9146410725815002,0
YawnDD\no_yawn\11-FemaleGlasses.avi_f000561_mar0.030.jpg,0.07198306571220645,0.9330753534359246,0
YawnDD\no_yawn\11-FemaleGlasses.avi_f000609_mar0.030.jpg,0.10121476980732556,1.0392254629154822,0
YawnDD\no_yawn\11-FemaleGlasses.avi_f000651_mar0.030.jpg,0.07772163016889837,0.8000434331004158,0
YawnDD\no_yawn\11-FemaleGlasses.avi_f000654_mar0.030.jpg,0.052257058239660786,0.8086013499680702,0
YawnDD\no_yawn\11-FemaleGlasses.avi_f000657_mar0.030.jpg,0.0672157685119123,0.8638977531293798,0
YawnDD\no_yawn\11-FemaleGlasses.avi_f000663_mar0.030.jpg,0.07093737906948104,0.9575315154472703,0
YawnDD\no_yawn\11-FemaleGlasses.avi_f000705_mar0.030.jpg,0.07486428243591205,0.9016006096538492,0
YawnDD\no_yawn\11-FemaleGlasses.avi_f000708_mar0.030.jpg,0.08940994214155644,0.9172349070428225,0
YawnDD\no_yawn\11-FemaleGlasses.avi_f000720_mar0.030.jpg,0.07681848388220806,0.8758610069662592,0
YawnDD\no_yawn\11-FemaleGlasses.avi_f000852_mar0.030.jpg,0.06893197618971039,0.8885606447848237,0
YawnDD\no_yawn\11-FemaleGlasses.avi_f000855_mar0.030.jpg,0.0675656206949951,0.914180944866138,0
YawnDD\no_yawn\11-FemaleGlasses.avi_f000858_mar0.030.jpg,0.06481883136304854,0.9558504339411152,0
YawnDD\no_yawn\11-FemaleGlasses.avi_f000861_mar0.030.jpg,0.06138396147856536,0.9457802755258137,0
YawnDD\no_yawn\11-FemaleGlasses.avi_f000864_mar0.030.jpg,0.057413577556784626,0.9689135714613222,0
YawnDD\no_yawn\11-FemaleGlasses.avi_f000867_mar0.030.jpg,0.06004488757558582,0.9898567408564813,0
YawnDD\no_yawn\11-FemaleGlasses.avi_f000870_mar0.030.jpg,0.06981711121375266,0.9992465282809542,0
YawnDD\no_yawn\11-FemaleGlasses.avi_f000873_mar0.030.jpg,0.06877966172178283,1.006780742979707,0
YawnDD\no_yawn\11-FemaleGlasses.avi_f000876_mar0.030.jpg,0.07210111906103168,0.9914099271012821,0
YawnDD\no_yawn\11-FemaleGlasses.avi_f000879_mar0.030.jpg,0.07550235589938589,0.995970466556983,0
YawnDD\no_yawn\11-FemaleGlasses.avi_f000882_mar0.030.jpg,0.07747782818289843,0.9826021761441698,0
YawnDD\no_yawn\11-FemaleGlasses.avi_f000885_mar0.030.jpg,0.07692668008377845,0.9744107842557633,0
YawnDD\no_yawn\11-FemaleGlasses.avi_f000888_mar0.030.jpg,0.07460608660042488,0.9900450502831861,0
YawnDD\no_yawn\11-FemaleGlasses.avi_f000891_mar0.030.jpg,0.07454570177770026,1.0023490201202376,0
YawnDD\no_yawn\11-FemaleGlasses.avi_f000894_mar0.030.jpg,0.07273595686303606,0.9652785634740272,0
YawnDD\no_yawn\11-FemaleGlasses.avi_f000897_mar0.030.jpg,0.06607928093311785,0.9476722283532613,0
YawnDD\no_yawn\11-FemaleGlasses.avi_f000900_mar0.030.jpg,0.06507204187440817,0.9567633985929648,0
YawnDD\no_yawn\11-FemaleGlasses.avi_f000903_mar0.030.jpg,0.06524981894193577,0.9779137749245316,0
YawnDD\no_yawn\11-FemaleGlasses.avi_f000906_mar0.030.jpg,0.06303797820157592,0.9426926229628715,0
YawnDD\no_yawn\11-FemaleGlasses.avi_f000909_mar0.030.jpg,0.06257495126491167,0.9459411805659009,0
YawnDD\no_yawn\11-FemaleGlasses.avi_f000912_mar0.030.jpg,0.060840970883538,0.9587715215767902,0
YawnDD\no_yawn\11-FemaleGlasses.avi_f000915_mar0.030.jpg,0.06121960467931784,0.9455531201620245,0
YawnDD\no_yawn\11-FemaleGlasses.avi_f000918_mar0.030.jpg,0.06107797014193013,0.9449580375394013,0
YawnDD\no_yawn\11-FemaleGlasses.avi_f000921_mar0.030.jpg,0.058846838272539954,0.9450780764699168,0
YawnDD\no_yawn\11-FemaleGlasses.avi_f000924_mar0.030.jpg,0.060420515060465446,0.9447344833163894,0
YawnDD\no_yawn\11-FemaleGlasses.avi_f000927_mar0.030.jpg,0.05899558704491683,0.9363486635332788,0
YawnDD\no_yawn\11-FemaleGlasses.avi_f000930_mar0.030.jpg,0.05773896800136388,0.9400438057505676,0
YawnDD\no_yawn\11-FemaleGlasses.avi_f000933_mar0.030.jpg,0.056167684399442454,0.9635603006568325,0
YawnDD\no_yawn\11-FemaleGlasses.avi_f000936_mar0.030.jpg,0.05315242322212503,0.9155322730841675,0
YawnDD\no_yawn\11-FemaleGlasses.avi_f000939_mar0.030.jpg,0.05461013513352285,0.9453477929512774,0
YawnDD\no_yawn\11-FemaleGlasses.avi_f000942_mar0.030.jpg,0.05335901769671944,0.9127276900565906,0
YawnDD\no_yawn\11-FemaleGlasses.avi_f000945_mar0.030.jpg,0.052787074622602764,0.9276236689970799,0
YawnDD\no_yawn\11-FemaleGlasses.avi_f000948_mar0.030.jpg,0.05201309583848389,0.9308206290089313,0
YawnDD\no_yawn\11-FemaleGlasses.avi_f000951_mar0.030.jpg,0.05337065789559836,0.9391951710482855,0
YawnDD\no_yawn\11-FemaleGlasses.avi_f000954_mar0.030.jpg,0.050469617218197434,0.9313214446022008,0
YawnDD\no_yawn\11-FemaleGlasses.avi_f000957_mar0.030.jpg,0.0487280086617291,0.9464084642083751,0
YawnDD\no_yawn\11-FemaleGlasses.avi_f000960_mar0.030.jpg,0.049529402947064455,0.9679324065255748,0
YawnDD\no_yawn\11-FemaleGlasses.avi_f000972_mar0.030.jpg,0.0655655587576675,0.9567729201598167,0
YawnDD\no_yawn\11-FemaleGlasses.avi_f000975_mar0.030.jpg,0.06698359627384141,0.9701443038861639,0
YawnDD\no_yawn\11-FemaleGlasses.avi_f000987_mar0.030.jpg,0.07358525779572898,0.9515352844523935,0
YawnDD\no_yawn\11-FemaleGlasses.avi_f000990_mar0.030.jpg,0.07529816333859683,0.9478024853413877,0
YawnDD\no_yawn\11-FemaleGlasses.avi_f001011_mar0.030.jpg,0.10117120414003943,1.0378742316698666,0
YawnDD\no_yawn\11-FemaleGlasses.avi_f001014_mar0.030.jpg,0.09663837251334023,1.120519527777659,0
YawnDD\no_yawn\11-FemaleGlasses.avi_f001128_mar0.040.jpg,0.09249726538058134,0.9034473682411872,0
YawnDD\no_yawn\11-FemaleGlasses.avi_f001137_mar0.030.jpg,0.0741785892044949,0.8839638680289745,0
YawnDD\no_yawn\11-FemaleGlasses.avi_f001143_mar0.030.jpg,0.07077045427101297,0.9153894889041153,0
YawnDD\no_yawn\11-FemaleGlasses.avi_f001146_mar0.030.jpg,0.0705574647841457,0.9157780794424003,0
YawnDD\no_yawn\11-FemaleGlasses.avi_f001233_mar0.030.jpg,0.07063090521723796,0.9361510399264048,0
YawnDD\no_yawn\11-FemaleGlasses.avi_f001236_mar0.030.jpg,0.07010180510395764,0.92952660736125,0
YawnDD\no_yawn\11-FemaleGlasses.avi_f001413_mar0.030.jpg,0.08531593327747218,0.887752291805852,0
YawnDD\no_yawn\11-FemaleGlasses.avi_f001416_mar0.030.jpg,0.08415957350763013,0.8770148784001814,0
YawnDD\no_yawn\11-FemaleGlasses.avi_f001419_mar0.030.jpg,0.08265480348904307,0.9018196939996596,0
YawnDD\no_yawn\11-FemaleGlasses.avi_f001422_mar0.030.jpg,0.07887200973996268,0.8965274605316743,0
YawnDD\no_yawn\11-FemaleGlasses.avi_f001425_mar0.030.jpg,0.0758146736509562,0.8980525983292478,0
YawnDD\no_yawn\11-FemaleGlasses.avi_f001428_mar0.030.jpg,0.07498627386173956,0.8978854949101653,0
YawnDD\no_yawn\11-FemaleGlasses.avi_f001431_mar0.030.jpg,0.07512760633765364,0.9128807719794358,0
YawnDD\no_yawn\11-FemaleGlasses.avi_f001434_mar0.030.jpg,0.07345553311339854,0.8950033117356192,0
YawnDD\no_yawn\11-FemaleGlasses.avi_f001437_mar0.030.jpg,0.07310937149556528,0.9068184125052171,0
YawnDD\no_yawn\11-FemaleGlasses.avi_f001440_mar0.030.jpg,0.07354625317271492,0.9003056159259214,0
YawnDD\no_yawn\11-FemaleGlasses.avi_f001443_mar0.030.jpg,0.07520127368815996,0.8999262716790285,0
YawnDD\no_yawn\11-FemaleGlasses.avi_f001446_mar0.030.jpg,0.07441097010611038,0.8953132182183443,0
YawnDD\no_yawn\11-FemaleGlasses.avi_f001449_mar0.030.jpg,0.07470242103388519,0.9232889910472971,0
YawnDD\no_yawn\11-FemaleGlasses.avi_f001452_mar0.030.jpg,0.07372954599941815,0.9082675774575971,0
YawnDD\no_yawn\11-FemaleGlasses.avi_f001479_mar0.030.jpg,0.12167182509431315,0.9448759408975492,0
YawnDD\no_yawn\11-FemaleGlasses.avi_f001482_mar0.030.jpg,0.10119237390837517,0.952713882460153,0
YawnDD\no_yawn\11-FemaleGlasses.avi_f001485_mar0.030.jpg,0.10015308433779252,0.9517963939547313,0
YawnDD\no_yawn\11-FemaleGlasses.avi_f001488_mar0.030.jpg,0.09876393707691375,0.9473792440641966,0
YawnDD\no_yawn\11-FemaleGlasses.avi_f001491_mar0.030.jpg,0.08448437110155317,0.9483615272128145,0
YawnDD\no_yawn\11-FemaleGlasses.avi_f001518_mar0.030.jpg,0.05147525833122725,0.9539573618529185,0
YawnDD\no_yawn\11-FemaleGlasses.avi_f001521_mar0.030.jpg,0.05190388108340252,0.9407403884204627,0
YawnDD\no_yawn\11-FemaleGlasses.avi_f001524_mar0.030.jpg,0.05247513039198192,0.9470783625647606,0
YawnDD\no_yawn\11-FemaleGlasses.avi_f001527_mar0.030.jpg,0.054224515569434646,0.9597460615572907,0
YawnDD\no_yawn\11-FemaleGlasses.avi_f001644_mar0.030.jpg,0.07091466177864114,0.8511564819936313,0
YawnDD\no_yawn\11-FemaleGlasses.avi_f001647_mar0.030.jpg,0.07061063478631986,0.8833368676214766,0
YawnDD\no_yawn\11-FemaleGlasses.avi_f001650_mar0.030.jpg,0.06663447807158426,0.8616387512238028,0
YawnDD\no_yawn\11-FemaleGlasses.avi_f001653_mar0.030.jpg,0.06799462692694397,0.8593098032676145,0
YawnDD\no_yawn\11-FemaleGlasses.avi_f001656_mar0.030.jpg,0.06751678310005703,0.853082370673924,0
YawnDD\no_yawn\11-FemaleGlasses.avi_f001659_mar0.030.jpg,0.06964527102708923,0.8455598975705904,0
YawnDD\no_yawn\11-MaleGlasses_f000057_mar0.030.jpg,0.11478374175491471,1.0923660077816335,0
YawnDD\no_yawn\11-MaleGlasses_f000060_mar0.030.jpg,0.11068749970283563,1.1276302223042078,0
YawnDD\no_yawn\11-MaleGlasses_f000063_mar0.030.jpg,0.11253347124898341,1.0794920703182462,0
YawnDD\no_yawn\11-MaleGlasses_f000072_mar0.030.jpg,0.08835684722574982,0.9319995888752077,0
YawnDD\no_yawn\11-MaleGlasses_f000075_mar0.030.jpg,0.08696863038903743,0.9455350992233136,0
YawnDD\no_yawn\11-MaleGlasses_f000078_mar0.030.jpg,0.08800108243604574,0.9551599572385014,0
YawnDD\no_yawn\11-MaleGlasses_f000081_mar0.030.jpg,0.0879284427125106,0.9268942106398926,0
YawnDD\no_yawn\11-MaleGlasses_f000084_mar0.030.jpg,0.0838343653130975,0.9324450138573445,0
YawnDD\no_yawn\11-MaleGlasses_f000087_mar0.030.jpg,0.08133330146476017,0.9555146625020212,0
YawnDD\no_yawn\11-MaleGlasses_f000090_mar0.030.jpg,0.0792558713595471,0.9881946436234783,0
YawnDD\no_yawn\11-MaleGlasses_f000093_mar0.030.jpg,0.08419883323413942,0.9676246879349357,0
YawnDD\no_yawn\11-MaleGlasses_f000096_mar0.030.jpg,0.0808207959389336,0.9781232701849708,0
YawnDD\no_yawn\11-MaleGlasses_f000120_mar0.030.jpg,0.08597202101618713,0.9571913182113129,0
YawnDD\no_yawn\11-MaleGlasses_f000138_mar0.030.jpg,0.08523842406501159,0.9534239191076915,0
YawnDD\no_yawn\11-MaleGlasses_f000201_mar0.030.jpg,0.08766899719856222,0.9869893966506116,0
YawnDD\no_yawn\11-MaleGlasses_f000216_mar0.030.jpg,0.07395141222922857,0.9896339056408384,0
YawnDD\no_yawn\11-MaleGlasses_f000231_mar0.030.jpg,0.07626605798054235,0.9744396479153233,0
YawnDD\no_yawn\11-MaleGlasses_f000255_mar0.030.jpg,0.07288276104631042,0.9695139933914005,0
YawnDD\no_yawn\11-MaleGlasses_f000258_mar0.030.jpg,0.07047155725654855,1.0203372863473261,0
YawnDD\no_yawn\11-MaleGlasses_f000270_mar0.030.jpg,0.08845051769562126,0.9481845762287536,0
YawnDD\no_yawn\11-MaleGlasses_f000273_mar0.030.jpg,0.08801664911582802,0.9624408362973316,0
YawnDD\no_yawn\11-MaleGlasses_f000288_mar0.030.jpg,0.10583189012522773,0.9316121320272539,0
YawnDD\no_yawn\11-MaleGlasses_f000303_mar0.030.jpg,0.1156066187949288,0.9129260353197348,0
YawnDD\no_yawn\11-MaleGlasses_f000342_mar0.030.jpg,0.0779968205822437,0.9599227660174693,0
YawnDD\no_yawn\11-MaleGlasses_f000354_mar0.030.jpg,0.0757328302628227,0.9045194972096572,0
YawnDD\no_yawn\11-MaleGlasses_f000519_mar0.030.jpg,0.08157921405332881,0.9497236478981136,0
YawnDD\no_yawn\11-MaleGlasses_f000528_mar0.030.jpg,0.07658224441433244,0.9554971361603011,0
YawnDD\no_yawn\11-MaleGlasses_f000531_mar0.030.jpg,0.07704559527795314,0.9614248688197438,0
YawnDD\no_yawn\11-MaleGlasses_f000534_mar0.030.jpg,0.07848595635136395,0.9210337344664772,0
YawnDD\no_yawn\11-MaleGlasses_f000537_mar0.030.jpg,0.08072579252996832,0.8997928940647852,0
YawnDD\no_yawn\11-MaleGlasses_f000540_mar0.030.jpg,0.08001538541567163,0.9049868031552528,0
YawnDD\no_yawn\11-MaleGlasses_f000543_mar0.030.jpg,0.08223697010339706,0.8920842214026646,0
YawnDD\no_yawn\11-MaleGlasses_f000546_mar0.030.jpg,0.08233094301242537,0.8781019064818282,0
YawnDD\no_yawn\11-MaleGlasses_f000549_mar0.030.jpg,0.08226777906525594,0.874207924242363,0
YawnDD\no_yawn\11-MaleGlasses_f000552_mar0.030.jpg,0.08285555811712947,0.9118945392278827,0
YawnDD\no_yawn\11-MaleGlasses_f000570_mar0.038.jpg,0.10841921330298195,0.9449624119960297,0
YawnDD\no_yawn\11-MaleGlasses_f000573_mar0.030.jpg,0.07807716406373545,0.9462204995608368,0
YawnDD\no_yawn\11-MaleGlasses_f000576_mar0.030.jpg,0.08730517940258374,0.9490457611637247,0
YawnDD\no_yawn\11-MaleGlasses_f000579_mar0.030.jpg,0.10414313414803579,0.9351644033989428,0
YawnDD\no_yawn\11-MaleGlasses_f000582_mar0.030.jpg,0.10415299163267325,0.9561845345361155,0
YawnDD\no_yawn\11-MaleGlasses_f000585_mar0.030.jpg,0.13354314270957937,0.9864203684262626,0
YawnDD\no_yawn\11-MaleGlasses_f000642_mar0.030.jpg,0.11474998972171352,1.0635674804335624,0
YawnDD\no_yawn\11-MaleGlasses_f000645_mar0.030.jpg,0.1202656335740979,1.0771775416109395,0
YawnDD\no_yawn\11-MaleGlasses_f000648_mar0.030.jpg,0.12751077319832155,1.1066148897822365,0
YawnDD\no_yawn\11-MaleGlasses_f001014_mar0.030.jpg,0.11476942884006261,0.9333964093572197,0
YawnDD\no_yawn\11-MaleGlasses_f001017_mar0.039.jpg,0.11102086594799733,0.9479899311211185,0
YawnDD\no_yawn\11-MaleGlasses_f001023_mar0.030.jpg,0.09706511920929554,0.9245854420066353,0
YawnDD\no_yawn\11-MaleGlasses_f001026_mar0.030.jpg,0.11949681705785845,0.9608885849836949,0
YawnDD\no_yawn\11-MaleGlasses_f001029_mar0.030.jpg,0.10363728478685161,0.948109353456531,0
YawnDD\no_yawn\11-MaleGlasses_f001038_mar0.030.jpg,0.08277312893777808,0.9232742100528297,0
YawnDD\no_yawn\11-MaleGlasses_f001041_mar0.030.jpg,0.07943134830089707,0.9338888881355072,0
YawnDD\no_yawn\11-MaleGlasses_f001053_mar0.030.jpg,0.07986260389584085,0.9214152212608697,0
YawnDD\no_yawn\11-MaleGlasses_f001056_mar0.030.jpg,0.0828145992971578,0.9255277020961609,0
YawnDD\no_yawn\11-MaleGlasses_f001065_mar0.030.jpg,0.08240696059311942,0.9278196492156607,0
YawnDD\no_yawn\11-MaleGlasses_f001200_mar0.030.jpg,0.10951682722079076,0.9297386233975171,0
YawnDD\no_yawn\11-MaleGlasses_f001425_mar0.036.jpg,0.10389975839108448,0.8683831256620398,0
YawnDD\no_yawn\11-MaleGlasses_f001428_mar0.030.jpg,0.08707770368428802,0.880275325700753,0
YawnDD\no_yawn\11-MaleGlasses_f001431_mar0.030.jpg,0.08691182978569958,0.9076965826510411,0
YawnDD\no_yawn\11-MaleGlasses_f001434_mar0.030.jpg,0.09545771789351372,0.8906047320011096,0
YawnDD\no_yawn\11-MaleGlasses_f001437_mar0.030.jpg,0.08741778042946832,0.8835509355381733,0
YawnDD\no_yawn\11-MaleGlasses_f001440_mar0.030.jpg,0.08482669401947894,0.9216467012079886,0
YawnDD\no_yawn\11-MaleGlasses_f001461_mar0.030.jpg,0.0790619105091142,0.9214347834975937,0
YawnDD\no_yawn\11-MaleGlasses_f001464_mar0.030.jpg,0.07365286580406619,0.91632522913445,0
YawnDD\no_yawn\11-MaleGlasses_f001593_mar0.030.jpg,0.06192469445341533,0.9116236918900267,0
YawnDD\no_yawn\11-MaleGlasses_f001596_mar0.030.jpg,0.07018581549495884,0.9216299549961465,0
YawnDD\no_yawn\11-MaleGlasses_f001602_mar0.030.jpg,0.047074283953760836,0.8769264446980686,0
YawnDD\no_yawn\11-MaleGlasses_f001605_mar0.030.jpg,0.04704805767885999,0.882925712207053,0
YawnDD\no_yawn\11-MaleGlasses_f001608_mar0.030.jpg,0.05028592737884107,0.8647429712293029,0
YawnDD\no_yawn\11-MaleGlasses_f001611_mar0.030.jpg,0.05351957307822568,0.8850987853705813,0
YawnDD\no_yawn\11-MaleGlasses_f001614_mar0.040.jpg,0.06162136609026705,0.9092485475298818,0
YawnDD\no_yawn\11-MaleGlasses_f001617_mar0.030.jpg,0.06515716799895904,0.8987563519008218,0
YawnDD\no_yawn\11-MaleGlasses_f001620_mar0.037.jpg,0.08469575627278034,0.9320779329209845,0
YawnDD\no_yawn\11-MaleGlasses_f001623_mar0.039.jpg,0.06314966425665586,1.0144082309196003,0
YawnDD\no_yawn\11-MaleGlasses_f001653_mar0.030.jpg,0.07900468993861016,0.9517858781844005,0
YawnDD\no_yawn\11-MaleGlasses_f001713_mar0.030.jpg,0.1173547062593403,1.0025690985401858,0
YawnDD\no_yawn\12-FemaleGlasses.avi_f000000_mar0.030.jpg,0.06398006375790719,0.826544572617325,0
YawnDD\no_yawn\12-FemaleGlasses.avi_f000003_mar0.030.jpg,0.06448638211347302,0.8330079385512358,0
YawnDD\no_yawn\12-FemaleGlasses.avi_f000006_mar0.030.jpg,0.06287032900999262,0.8193255625752139,0
YawnDD\no_yawn\12-FemaleGlasses.avi_f000009_mar0.030.jpg,0.06297255518036939,0.8020652292516471,0
YawnDD\no_yawn\12-FemaleGlasses.avi_f000012_mar0.030.jpg,0.06387700792716114,0.8062134442340563,0
YawnDD\no_yawn\12-FemaleGlasses.avi_f000015_mar0.030.jpg,0.06309765828330148,0.8089500270984754,0
YawnDD\no_yawn\12-FemaleGlasses.avi_f000018_mar0.030.jpg,0.06439525851018862,0.8002439511098463,0
YawnDD\no_yawn\12-FemaleGlasses.avi_f000021_mar0.030.jpg,0.06390508593150261,0.7948755973899222,0
YawnDD\no_yawn\12-FemaleGlasses.avi_f000033_mar0.031.jpg,0.06803342289128719,0.7693055292756286,0
YawnDD\no_yawn\12-FemaleGlasses.avi_f000036_mar0.030.jpg,0.06915681502988791,0.7463429551868861,0
YawnDD\no_yawn\12-FemaleGlasses.avi_f000039_mar0.030.jpg,0.06759613989212376,0.7362874571123272,0
YawnDD\no_yawn\12-FemaleGlasses.avi_f000042_mar0.030.jpg,0.07007923968294241,0.762458640900556,0
YawnDD\no_yawn\12-FemaleGlasses.avi_f000045_mar0.030.jpg,0.07013805518853292,0.8125704056029543,0
YawnDD\no_yawn\12-FemaleGlasses.avi_f000048_mar0.030.jpg,0.0700760547551469,0.8102503386025944,0
YawnDD\no_yawn\12-FemaleGlasses.avi_f000051_mar0.030.jpg,0.07053205795480806,0.7791350010097023,0
YawnDD\no_yawn\12-FemaleGlasses.avi_f000054_mar0.030.jpg,0.07067048839180388,0.7869046354833266,0
YawnDD\no_yawn\12-FemaleGlasses.avi_f000057_mar0.030.jpg,0.07002749314972001,0.7995951111461705,0
YawnDD\no_yawn\12-FemaleGlasses.avi_f000060_mar0.030.jpg,0.07087453407696107,0.7987116919872554,0
YawnDD\no_yawn\12-FemaleGlasses.avi_f000063_mar0.030.jpg,0.0686479363611697,0.7870253433861768,0
YawnDD\no_yawn\12-FemaleGlasses.avi_f000066_mar0.030.jpg,0.0691198083632732,0.7941039800971867,0
YawnDD\no_yawn\12-FemaleGlasses.avi_f000069_mar0.030.jpg,0.07119006424418844,0.7940558325364693,0
YawnDD\no_yawn\12-FemaleGlasses.avi_f000072_mar0.030.jpg,0.0710412379498529,0.8076015046505436,0
YawnDD\no_yawn\12-FemaleGlasses.avi_f000075_mar0.030.jpg,0.07372216506521238,0.808317013010509,0
YawnDD\no_yawn\12-FemaleGlasses.avi_f000078_mar0.030.jpg,0.0700573441685644,0.8041748338470449,0
YawnDD\no_yawn\12-FemaleGlasses.avi_f000081_mar0.030.jpg,0.07104157507532755,0.7919959198774993,0
YawnDD\no_yawn\12-FemaleGlasses.avi_f000084_mar0.030.jpg,0.07022923968003555,0.7948414856257929,0
YawnDD\no_yawn\12-FemaleGlasses.avi_f000087_mar0.030.jpg,0.06774051747194776,0.8228199554913884,0
YawnDD\no_yawn\12-FemaleGlasses.avi_f000090_mar0.030.jpg,0.06211002723731337,0.8394475761846312,0
YawnDD\no_yawn\12-FemaleGlasses.avi_f000093_mar0.030.jpg,0.057749198858727466,0.8743915597538162,0
YawnDD\no_yawn\12-FemaleGlasses.avi_f000096_mar0.030.jpg,0.0555240514844354,0.9093210410277146,0
YawnDD\no_yawn\12-FemaleGlasses.avi_f000099_mar0.030.jpg,0.050293187838120576,0.9471838301487009,0
YawnDD\no_yawn\12-FemaleGlasses.avi_f000102_mar0.030.jpg,0.04732919983626587,0.9831874879533976,0
YawnDD\no_yawn\12-FemaleGlasses.avi_f000105_mar0.030.jpg,0.05208688057258583,1.053696076838869,0
YawnDD\no_yawn\12-FemaleGlasses.avi_f000108_mar0.030.jpg,0.04902523379945663,0.9774217503100828,0
YawnDD\no_yawn\12-FemaleGlasses.avi_f000111_mar0.030.jpg,0.04814216257464607,0.9834288962420001,0
YawnDD\no_yawn\12-FemaleGlasses.avi_f000114_mar0.030.jpg,0.051555327984015124,0.9538582898739595,0
YawnDD\no_yawn\12-FemaleGlasses.avi_f000117_mar0.030.jpg,0.04977969774346852,1.0055610711651657,0
YawnDD\no_yawn\12-FemaleGlasses.avi_f000120_mar0.030.jpg,0.04371826813898553,0.9918783955833107,0
YawnDD\no_yawn\12-FemaleGlasses.avi_f000123_mar0.030.jpg,0.03782950790896573,1.0905906418238593,0
YawnDD\no_yawn\12-FemaleGlasses.avi_f000126_mar0.030.jpg,0.03690895983912926,1.1579258268785841,0
YawnDD\no_yawn\12-FemaleGlasses.avi_f000129_mar0.030.jpg,0.03897176389054716,1.1606852159614236,0
YawnDD\no_yawn\12-FemaleGlasses.avi_f000132_mar0.030.jpg,0.037416972066602466,1.0970831276547386,0
YawnDD\no_yawn\12-FemaleGlasses.avi_f000135_mar0.030.jpg,0.03937115868177352,1.1410794495336563,0
YawnDD\no_yawn\12-FemaleGlasses.avi_f000138_mar0.030.jpg,0.03281550713600251,1.0583018776946298,0
YawnDD\no_yawn\12-FemaleGlasses.avi_f000141_mar0.030.jpg,0.039321411989277064,1.0366477620132932,0
YawnDD\no_yawn\12-FemaleGlasses.avi_f000147_mar0.030.jpg,0.05789974008181262,0.8847239809378972,0
YawnDD\no_yawn\12-FemaleGlasses.avi_f000150_mar0.030.jpg,0.06073533227397859,0.8374990826653211,0
YawnDD\no_yawn\12-FemaleGlasses.avi_f000153_mar0.030.jpg,0.06448962652986016,0.8375325454489071,0
YawnDD\no_yawn\12-FemaleGlasses.avi_f000156_mar0.030.jpg,0.06599152135251178,0.8174814052084538,0
YawnDD\no_yawn\12-FemaleGlasses.avi_f000159_mar0.030.jpg,0.06893256119106271,0.8152655200309954,0
YawnDD\no_yawn\12-FemaleGlasses.avi_f000162_mar0.030.jpg,0.06697699180193767,0.8131580634397055,0
YawnDD\no_yawn\12-FemaleGlasses.avi_f000165_mar0.030.jpg,0.06536879216891495,0.8221104895723311,0
YawnDD\no_yawn\12-FemaleGlasses.avi_f000168_mar0.030.jpg,0.06631875187538956,0.8265911980307548,0
YawnDD\no_yawn\12-FemaleGlasses.avi_f000171_mar0.030.jpg,0.06551867077195023,0.8209269489815622,0
YawnDD\no_yawn\12-FemaleGlasses.avi_f000174_mar0.030.jpg,0.069026785919354,0.8321500155719258,0
YawnDD\no_yawn\12-FemaleGlasses.avi_f000177_mar0.030.jpg,0.06724763400786975,0.8217421888064649,0
YawnDD\no_yawn\12-FemaleGlasses.avi_f000180_mar0.030.jpg,0.06763126841748301,0.8215519816733774,0
YawnDD\no_yawn\12-FemaleGlasses.avi_f000183_mar0.030.jpg,0.06850812729924044,0.8075988256950026,0
YawnDD\no_yawn\12-FemaleGlasses.avi_f000186_mar0.030.jpg,0.0695920023910288,0.8105822929257381,0
YawnDD\no_yawn\12-FemaleGlasses.avi_f000189_mar0.030.jpg,0.06781842555314463,0.8137714077768989,0
YawnDD\no_yawn\12-FemaleGlasses.avi_f000192_mar0.030.jpg,0.06695657863327872,0.816840466748561,0
YawnDD\no_yawn\12-FemaleGlasses.avi_f000195_mar0.030.jpg,0.06849169070194729,0.819482907606477,0
YawnDD\no_yawn\12-FemaleGlasses.avi_f000198_mar0.030.jpg,0.06655945135145834,0.8522914567783683,0
YawnDD\no_yawn\12-FemaleGlasses.avi_f000210_mar0.030.jpg,0.07439024485097102,0.8369952245313483,0
YawnDD\no_yawn\12-FemaleGlasses.avi_f000213_mar0.030.jpg,0.06882218586101435,0.8465780556984285,0
YawnDD\no_yawn\12-FemaleGlasses.avi_f000216_mar0.030.jpg,0.06960573253437619,0.822821071578821,0
YawnDD\no_yawn\12-FemaleGlasses.avi_f000219_mar0.030.jpg,0.06809328630860033,0.8128886330148107,0
YawnDD\no_yawn\12-FemaleGlasses.avi_f000222_mar0.030.jpg,0.06757767275223367,0.8261445584837513,0
YawnDD\no_yawn\12-FemaleGlasses.avi_f000225_mar0.030.jpg,0.07006786271992303,0.8233696915628969,0
YawnDD\no_yawn\12-FemaleGlasses.avi_f000228_mar0.030.jpg,0.06743849304730754,0.8174870452973109,0
YawnDD\no_yawn\12-FemaleGlasses.avi_f000231_mar0.030.jpg,0.06777508760231205,0.8276253412104518,0
YawnDD\no_yawn\12-FemaleGlasses.avi_f000234_mar0.030.jpg,0.06972307967980947,0.8233678408653109,0
YawnDD\no_yawn\12-FemaleGlasses.avi_f000237_mar0.030.jpg,0.06908755845894392,0.8349176505742414,0
YawnDD\no_yawn\12-FemaleGlasses.avi_f000249_mar0.037.jpg,0.10344034780521234,0.8426241090339622,0
YawnDD\no_yawn\12-FemaleGlasses.avi_f000252_mar0.030.jpg,0.06975147131470082,0.8204970421871884,0
YawnDD\no_yawn\12-FemaleGlasses.avi_f000255_mar0.030.jpg,0.06714569112267299,0.8072375291072456,0
YawnDD\no_yawn\12-FemaleGlasses.avi_f000258_mar0.030.jpg,0.06854363582944112,0.8021134450628502,0
YawnDD\no_yawn\12-FemaleGlasses.avi_f000261_mar0.030.jpg,0.07218920834994393,0.8200004510992664,0
YawnDD\no_yawn\12-FemaleGlasses.avi_f000264_mar0.030.jpg,0.07033640594286804,0.8131443904233312,0
YawnDD\no_yawn\12-FemaleGlasses.avi_f000267_mar0.030.jpg,0.06789598440773685,0.8117977373342696,0
YawnDD\no_yawn\12-FemaleGlasses.avi_f000270_mar0.030.jpg,0.06941502139538523,0.8086547951190597,0
YawnDD\no_yawn\12-FemaleGlasses.avi_f000273_mar0.030.jpg,0.06834582687383872,0.8121815656563086,0
YawnDD\no_yawn\12-FemaleGlasses.avi_f000276_mar0.030.jpg,0.06866596025886196,0.815731972318506,0
YawnDD\no_yawn\12-FemaleGlasses.avi_f000279_mar0.030.jpg,0.06879736174321284,0.8106058162041764,0
YawnDD\no_yawn\12-FemaleGlasses.avi_f000282_mar0.030.jpg,0.06929910702974657,0.8130374483901585,0
YawnDD\no_yawn\12-FemaleGlasses.avi_f000285_mar0.030.jpg,0.06824119039424714,0.8244162592810325,0
YawnDD\no_yawn\12-FemaleGlasses.avi_f000288_mar0.030.jpg,0.06823251165434745,0.8285172191728416,0
YawnDD\no_yawn\12-FemaleGlasses.avi_f000291_mar0.030.jpg,0.07179658107467671,0.8180678610643288,0
YawnDD\no_yawn\12-FemaleGlasses.avi_f000297_mar0.030.jpg,0.07017294759260245,0.8205035101694637,0
YawnDD\no_yawn\12-FemaleGlasses.avi_f000300_mar0.030.jpg,0.0696012060133501,0.8169237284594713,0
YawnDD\no_yawn\12-FemaleGlasses.avi_f000303_mar0.030.jpg,0.06879789732035443,0.8238811830430155,0
YawnDD\no_yawn\12-FemaleGlasses.avi_f000306_mar0.030.jpg,0.06770360708749473,0.8077466013942769,0
YawnDD\no_yawn\12-FemaleGlasses.avi_f000309_mar0.030.jpg,0.06757759481629373,0.823752797580182,0
YawnDD\no_yawn\12-FemaleGlasses.avi_f000312_mar0.030.jpg,0.06516181711881479,0.8534652270939372,0
YawnDD\no_yawn\12-FemaleGlasses.avi_f000315_mar0.030.jpg,0.06494180082972897,0.8497473132119632,0
YawnDD\no_yawn\12-FemaleGlasses.avi_f000318_mar0.030.jpg,0.06734655610811312,0.8770197179490438,0
YawnDD\no_yawn\12-FemaleGlasses.avi_f000342_mar0.030.jpg,0.06478816664547837,0.8212354475716357,0
YawnDD\no_yawn\12-FemaleGlasses.avi_f000345_mar0.030.jpg,0.06851559649720451,0.8495556947908789,0
YawnDD\no_yawn\12-FemaleGlasses.avi_f000348_mar0.030.jpg,0.07052044287199322,0.8503838988309842,0
YawnDD\no_yawn\12-FemaleGlasses.avi_f000351_mar0.030.jpg,0.07023273445839089,0.8367216665533276,0
YawnDD\no_yawn\12-FemaleGlasses.avi_f000354_mar0.030.jpg,0.0693071893344291,0.8326444745950148,0
YawnDD\no_yawn\12-FemaleGlasses.avi_f000357_mar0.030.jpg,0.07132632513731788,0.8430728127230576,0
YawnDD\no_yawn\12-FemaleGlasses.avi_f000360_mar0.030.jpg,0.0685335370484227,0.8583804186446498,0
YawnDD\no_yawn\12-FemaleGlasses.avi_f000363_mar0.030.jpg,0.06934243528333423,0.8590972483619905,0
YawnDD\no_yawn\12-FemaleGlasses.avi_f000366_mar0.030.jpg,0.06772480515860488,0.8620425996676475,0
YawnDD\no_yawn\12-FemaleGlasses.avi_f000369_mar0.030.jpg,0.06859745535280978,0.8559221638961801,0
YawnDD\no_yawn\12-FemaleGlasses.avi_f000372_mar0.030.jpg,0.0669637948785038,0.8472522142923355,0
YawnDD\no_yawn\12-FemaleGlasses.avi_f000375_mar0.030.jpg,0.0675639252021643,0.8598062047983386,0
YawnDD\no_yawn\12-FemaleGlasses.avi_f000378_mar0.030.jpg,0.06755587522754944,0.8600736066543674,0
YawnDD\no_yawn\12-FemaleGlasses.avi_f000381_mar0.030.jpg,0.06538988711995969,0.8647145373645533,0
YawnDD\no_yawn\12-FemaleGlasses.avi_f000384_mar0.030.jpg,0.06598868626694318,0.8677425167343475,0
YawnDD\no_yawn\12-FemaleGlasses.avi_f000387_mar0.030.jpg,0.06727675517617648,0.8488382139530497,0
YawnDD\no_yawn\12-FemaleGlasses.avi_f000390_mar0.030.jpg,0.06770491412969856,0.8477224940143129,0
YawnDD\no_yawn\12-FemaleGlasses.avi_f000393_mar0.030.jpg,0.0748280334121103,0.829317095140889,0
YawnDD\no_yawn\12-FemaleGlasses.avi_f000396_mar0.030.jpg,0.09358279628442122,0.9243682189887046,0
YawnDD\no_yawn\12-FemaleGlasses.avi_f000399_mar0.030.jpg,0.10179919903922334,0.987427697660453,0
YawnDD\no_yawn\12-FemaleGlasses.avi_f000402_mar0.030.jpg,0.10275355272101515,0.9366962455666025,0
YawnDD\no_yawn\12-FemaleGlasses.avi_f000405_mar0.030.jpg,0.11049982691164463,1.0109626218723875,0
YawnDD\no_yawn\12-FemaleGlasses.avi_f000408_mar0.030.jpg,0.10697520396228251,0.9591269302315916,0
YawnDD\no_yawn\12-FemaleGlasses.avi_f000411_mar0.030.jpg,0.1064361063596625,1.0134526875413765,0
YawnDD\no_yawn\12-FemaleGlasses.avi_f000426_mar0.030.jpg,0.0831867704261242,0.861598912447336,0
YawnDD\no_yawn\12-FemaleGlasses.avi_f000504_mar0.030.jpg,0.05609728864632572,0.9551239402312182,0
YawnDD\no_yawn\12-FemaleGlasses.avi_f000522_mar0.030.jpg,0.09924570333630513,0.8625053364486326,0
YawnDD\no_yawn\12-FemaleGlasses.avi_f000525_mar0.030.jpg,0.07000756935667395,0.876324576178111,0
YawnDD\no_yawn\12-FemaleGlasses.avi_f000528_mar0.030.jpg,0.07121348514213073,0.8502613895024606,0
YawnDD\no_yawn\12-FemaleGlasses.avi_f000531_mar0.030.jpg,0.06941461918774555,0.8549043015124648,0
YawnDD\no_yawn\12-FemaleGlasses.avi_f000561_mar0.030.jpg,0.07259628893314748,0.828804567445932,0
YawnDD\no_yawn\12-FemaleGlasses.avi_f000603_mar0.030.jpg,0.057213546031885915,0.8968913119078011,0
YawnDD\no_yawn\12-FemaleGlasses.avi_f000606_mar0.030.jpg,0.05368504063127948,0.9283505253576649,0
YawnDD\no_yawn\12-FemaleGlasses.avi_f000690_mar0.030.jpg,0.0664954711322817,0.8972141810648825,0
YawnDD\no_yawn\12-FemaleGlasses.avi_f000702_mar0.030.jpg,0.06049226997711853,0.8932929183860253,0
YawnDD\no_yawn\12-FemaleGlasses.avi_f000708_mar0.030.jpg,0.05905958323981877,0.883612613723391,0
YawnDD\no_yawn\12-FemaleGlasses.avi_f000711_mar0.030.jpg,0.05812918396781854,0.8597888714915705,0
YawnDD\no_yawn\12-FemaleGlasses.avi_f000729_mar0.030.jpg,0.05485863641040761,0.9461301773276733,0
YawnDD\no_yawn\12-FemaleGlasses.avi_f000732_mar0.030.jpg,0.05110477690560343,0.998934781748915,0
YawnDD\no_yawn\12-FemaleGlasses.avi_f000753_mar0.030.jpg,0.0409310380534039,1.4809943586882737,0
YawnDD\no_yawn\12-FemaleGlasses.avi_f000792_mar0.030.jpg,0.06019272266834258,0.9164931603597376,0
YawnDD\no_yawn\12-FemaleGlasses.avi_f000798_mar0.030.jpg,0.07890241355289815,0.9164471471917618,0
YawnDD\no_yawn\12-FemaleGlasses.avi_f000801_mar0.030.jpg,0.06955893079442882,0.9353838800747784,0
YawnDD\no_yawn\12-FemaleGlasses.avi_f000870_mar0.030.jpg,0.0571131928434443,0.9980599181754423,0
YawnDD\no_yawn\12-FemaleGlasses.avi_f001041_mar0.030.jpg,0.07917415582110109,0.8450361414278884,0
YawnDD\no_yawn\12-FemaleGlasses.avi_f001044_mar0.030.jpg,0.07195044370337682,0.810736197808021,0
YawnDD\no_yawn\12-FemaleGlasses.avi_f001047_mar0.030.jpg,0.07186856666132947,0.8477296495281796,0
YawnDD\no_yawn\12-FemaleGlasses.avi_f001050_mar0.030.jpg,0.08930587723716008,0.8398956184502836,0
YawnDD\no_yawn\12-FemaleGlasses.avi_f001260_mar0.030.jpg,0.07061651926572309,0.8374478575521586,0
YawnDD\no_yawn\12-FemaleGlasses.avi_f001263_mar0.030.jpg,0.07078707929507964,0.7988179654882953,0
YawnDD\no_yawn\12-FemaleGlasses.avi_f001266_mar0.030.jpg,0.07244346269103344,0.8231769367249898,0
YawnDD\no_yawn\12-FemaleGlasses.avi_f001275_mar0.030.jpg,0.07261062922951673,0.8196043080184032,0
YawnDD\no_yawn\12-FemaleGlasses.avi_f001278_mar0.030.jpg,0.07187830211057405,0.8202067520390439,0
YawnDD\no_yawn\12-FemaleGlasses.avi_f001281_mar0.030.jpg,0.07130870382843497,0.8247589603442959,0
YawnDD\no_yawn\12-FemaleGlasses.avi_f001284_mar0.030.jpg,0.07175763034731635,0.8239205938335815,0
YawnDD\no_yawn\12-FemaleGlasses.avi_f001287_mar0.030.jpg,0.07480750390428034,0.8460278197826585,0
YawnDD\no_yawn\12-FemaleGlasses.avi_f001290_mar0.030.jpg,0.07176033181573763,0.8251896822425541,0
YawnDD\no_yawn\12-FemaleGlasses.avi_f001293_mar0.030.jpg,0.07120722426011313,0.8366004233404974,0
YawnDD\no_yawn\12-FemaleGlasses.avi_f001296_mar0.030.jpg,0.07105421267330897,0.834872827263829,0
YawnDD\no_yawn\12-FemaleGlasses.avi_f001299_mar0.030.jpg,0.07123454094002617,0.8320354575357722,0
YawnDD\no_yawn\12-FemaleGlasses.avi_f001302_mar0.030.jpg,0.0709248815948029,0.8315749908694952,0
YawnDD\no_yawn\12-FemaleGlasses.avi_f001305_mar0.030.jpg,0.07032065837933464,0.8374481287681645,0
YawnDD\no_yawn\12-FemaleGlasses.avi_f001308_mar0.030.jpg,0.06845394844456547,0.8495473627198479,0
YawnDD\no_yawn\12-FemaleGlasses.avi_f001311_mar0.030.jpg,0.06931068511041628,0.848754084380138,0
YawnDD\no_yawn\12-FemaleGlasses.avi_f001314_mar0.030.jpg,0.06955984084646906,0.8534343789823825,0
YawnDD\no_yawn\12-FemaleGlasses.avi_f001317_mar0.030.jpg,0.07053898192286084,0.8360736811590448,0
YawnDD\no_yawn\12-FemaleGlasses.avi_f001320_mar0.030.jpg,0.07070838816446098,0.8155472259894422,0
YawnDD\no_yawn\12-FemaleGlasses.avi_f001323_mar0.030.jpg,0.07057850567893904,0.8205894828577488,0
YawnDD\no_yawn\12-FemaleGlasses.avi_f001350_mar0.030.jpg,0.07333634754259243,0.8452732482886742,0
YawnDD\no_yawn\12-FemaleGlasses.avi_f001353_mar0.030.jpg,0.07269958157113673,0.8548818121954921,0
YawnDD\no_yawn\12-FemaleGlasses.avi_f001356_mar0.030.jpg,0.07181398552643199,0.8332034188966208,0
YawnDD\no_yawn\12-FemaleGlasses.avi_f001359_mar0.030.jpg,0.0700056428815208,0.8600106084108303,0
YawnDD\no_yawn\12-FemaleGlasses.avi_f001362_mar0.030.jpg,0.07156134283434523,0.8508302778011093,0
YawnDD\no_yawn\12-FemaleGlasses.avi_f001365_mar0.030.jpg,0.06899991405817185,0.8471881471523719,0
YawnDD\no_yawn\12-FemaleGlasses.avi_f001368_mar0.030.jpg,0.06947114287607152,0.8466833273431863,0
YawnDD\no_yawn\12-FemaleGlasses.avi_f001491_mar0.030.jpg,0.07366759671287632,0.8496068177690344,0
YawnDD\no_yawn\12-FemaleGlasses.avi_f001494_mar0.030.jpg,0.0717657367050995,0.8584006999169863,0
YawnDD\no_yawn\12-FemaleGlasses.avi_f001497_mar0.030.jpg,0.07007294042491836,0.8490293092077323,0
YawnDD\no_yawn\12-FemaleGlasses.avi_f001500_mar0.030.jpg,0.06989962393851175,0.8400177873885862,0
YawnDD\no_yawn\12-FemaleGlasses.avi_f001503_mar0.030.jpg,0.0709079722195001,0.8451898926974315,0
YawnDD\no_yawn\12-FemaleGlasses.avi_f001506_mar0.030.jpg,0.07301901667527345,0.8455298457624809,0
YawnDD\no_yawn\12-FemaleGlasses.avi_f001509_mar0.030.jpg,0.07470346841001056,0.8465189249572561,0
YawnDD\no_yawn\12-FemaleGlasses.avi_f001512_mar0.030.jpg,0.07588357373813086,0.8422220010555476,0
YawnDD\no_yawn\12-FemaleGlasses.avi_f001515_mar0.030.jpg,0.07324721979363646,0.8373048213642559,0
YawnDD\no_yawn\12-FemaleGlasses.avi_f001518_mar0.030.jpg,0.07319165834598007,0.8369783848989784,0
YawnDD\no_yawn\12-FemaleGlasses.avi_f001521_mar0.030.jpg,0.06758833009851764,0.8524065067747185,0
YawnDD\no_yawn\12-FemaleGlasses.avi_f001524_mar0.030.jpg,0.06578765097107858,0.8673125977589812,0
YawnDD\no_yawn\12-FemaleGlasses.avi_f001527_mar0.030.jpg,0.05901276552793844,0.8920593451213661,0
YawnDD\no_yawn\12-FemaleGlasses.avi_f001530_mar0.030.jpg,0.05849532299633414,0.8741809270684708,0
YawnDD\no_yawn\12-FemaleGlasses.avi_f001533_mar0.030.jpg,0.0564392529876234,0.9336345981492121,0
YawnDD\no_yawn\12-FemaleGlasses.avi_f001536_mar0.030.jpg,0.05848506396133339,0.9287233594267321,0
YawnDD\no_yawn\12-FemaleGlasses.avi_f001539_mar0.030.jpg,0.05372221515468487,0.9510734466923408,0
YawnDD\no_yawn\12-FemaleGlasses.avi_f001542_mar0.030.jpg,0.05186247195326759,0.9514547341842955,0
YawnDD\no_yawn\12-FemaleGlasses.avi_f001545_mar0.030.jpg,0.05262531975734268,0.9367830471609457,0
YawnDD\no_yawn\12-FemaleGlasses.avi_f001551_mar0.030.jpg,0.046610867317671424,0.9489519194735391,0
YawnDD\no_yawn\12-FemaleGlasses.avi_f001554_mar0.030.jpg,0.038120034122211925,1.0045299614587517,0
YawnDD\no_yawn\12-FemaleGlasses.avi_f001557_mar0.030.jpg,0.03343167667437718,1.1342291952493524,0
YawnDD\no_yawn\12-FemaleGlasses.avi_f001560_mar0.030.jpg,0.03262115372213217,1.149624497792477,0
YawnDD\no_yawn\12-FemaleGlasses.avi_f001563_mar0.030.jpg,0.040068682304283135,1.1572011124364543,0
YawnDD\no_yawn\12-FemaleGlasses.avi_f001566_mar0.030.jpg,0.03405760842562042,1.151880112696351,0
YawnDD\no_yawn\12-FemaleGlasses.avi_f001569_mar0.030.jpg,0.03820444220556337,1.2488158324146856,0
YawnDD\no_yawn\12-FemaleGlasses.avi_f001572_mar0.030.jpg,0.0333683731745748,1.1027424210737893,0
YawnDD\no_yawn\12-FemaleGlasses.avi_f001575_mar0.030.jpg,0.035355128003467864,1.220862256966609,0
YawnDD\no_yawn\12-FemaleGlasses.avi_f001578_mar0.030.jpg,0.03660432888264005,1.0789001828157252,0
YawnDD\no_yawn\12-FemaleGlasses.avi_f001581_mar0.030.jpg,0.040074724005185164,1.0506870677427012,0
YawnDD\no_yawn\12-FemaleGlasses.avi_f001584_mar0.030.jpg,0.045225743330203516,1.029690250453833,0
YawnDD\no_yawn\12-FemaleGlasses.avi_f001587_mar0.030.jpg,0.04711156944044156,0.9697700601318411,0
YawnDD\no_yawn\12-FemaleGlasses.avi_f001593_mar0.030.jpg,0.06804319121198006,0.7954188190184397,0
YawnDD\no_yawn\12-FemaleGlasses.avi_f001596_mar0.030.jpg,0.07661582812371316,0.8175536460221318,0
YawnDD\no_yawn\12-FemaleGlasses.avi_f001599_mar0.030.jpg,0.09154636002876912,0.8589761990046886,0
YawnDD\no_yawn\12-FemaleGlasses.avi_f001602_mar0.030.jpg,0.09162736480630551,0.8898358127762781,0
YawnDD\no_yawn\12-FemaleGlasses.avi_f001608_mar0.030.jpg,0.11671245430387181,0.8633082958440974,0
YawnDD\no_yawn\12-FemaleGlasses.avi_f001917_mar0.030.jpg,0.0708548961633031,0.8076908788011726,0
YawnDD\no_yawn\12-FemaleGlasses.avi_f001920_mar0.030.jpg,0.07116409637658211,0.8179245693197658,0
YawnDD\no_yawn\12-FemaleGlasses.avi_f001923_mar0.030.jpg,0.07125930576114925,0.8173703122980106,0
YawnDD\no_yawn\12-FemaleGlasses.avi_f001926_mar0.030.jpg,0.0715193250670011,0.816477233521542,0
YawnDD\no_yawn\12-FemaleGlasses.avi_f001929_mar0.030.jpg,0.07124772614523305,0.8119739354603088,0
YawnDD\no_yawn\12-FemaleGlasses.avi_f001932_mar0.030.jpg,0.06986521589686354,0.8046382633711247,0
YawnDD\no_yawn\12-FemaleGlasses.avi_f001935_mar0.030.jpg,0.07020732795072938,0.8026358083394503,0
YawnDD\no_yawn\12-FemaleGlasses.avi_f001938_mar0.030.jpg,0.07100595345575914,0.8026692562100441,0
YawnDD\no_yawn\12-FemaleGlasses.avi_f001941_mar0.030.jpg,0.0714677031417608,0.8055173459419679,0
YawnDD\no_yawn\12-FemaleGlasses.avi_f001944_mar0.030.jpg,0.07192224993959727,0.7928804744059104,0
YawnDD\no_yawn\12-FemaleGlasses.avi_f001968_mar0.030.jpg,0.07190353350380842,0.8427106504109791,0
YawnDD\no_yawn\12-FemaleGlasses.avi_f001971_mar0.030.jpg,0.07583538330003761,0.8581314473630095,0
YawnDD\no_yawn\12-FemaleGlasses.avi_f001974_mar0.030.jpg,0.07212323600224323,0.8534854361105231,0
YawnDD\no_yawn\12-FemaleGlasses.avi_f001995_mar0.030.jpg,0.058173153735125875,0.9054577073565303,0
YawnDD\no_yawn\12-FemaleGlasses.avi_f002013_mar0.030.jpg,0.035998506865931104,1.1676078826326344,0
YawnDD\no_yawn\12-FemaleGlasses.avi_f002016_mar0.030.jpg,0.041624113012323834,1.2643031344050901,0
YawnDD\no_yawn\12-FemaleGlasses.avi_f002019_mar0.030.jpg,0.03402661736392333,1.1568873682241188,0
YawnDD\no_yawn\12-FemaleGlasses.avi_f002025_mar0.030.jpg,0.05953948619145416,0.8446986887696448,0
YawnDD\no_yawn\12-FemaleGlasses.avi_f002034_mar0.030.jpg,0.06657857930677201,0.826518117444216,0
YawnDD\no_yawn\12-FemaleGlasses.avi_f002037_mar0.030.jpg,0.06921501587022377,0.8168774575814712,0
YawnDD\no_yawn\12-FemaleGlasses.avi_f002040_mar0.030.jpg,0.06902910387557215,0.8304748271219672,0
YawnDD\no_yawn\12-FemaleGlasses.avi_f002043_mar0.030.jpg,0.06846216895422566,0.8553660662664407,0
YawnDD\no_yawn\12-FemaleGlasses.avi_f002046_mar0.030.jpg,0.0694734987342156,0.8574028322613579,0
YawnDD\no_yawn\12-FemaleGlasses.avi_f002067_mar0.035.jpg,0.1194162374202421,0.8632235225359948,0
YawnDD\no_yawn\12-FemaleGlasses.avi_f002070_mar0.030.jpg,0.07924189809721359,0.8483838470478235,0
YawnDD\no_yawn\12-FemaleGlasses.avi_f002073_mar0.030.jpg,0.0886029620369233,0.8434603672827427,0
YawnDD\no_yawn\12-FemaleGlasses.avi_f002076_mar0.030.jpg,0.09247224684840896,0.8177538327929863,0
YawnDD\no_yawn\12-FemaleGlasses.avi_f002079_mar0.030.jpg,0.07890221249022836,0.8117374385149596,0
YawnDD\no_yawn\12-FemaleGlasses.avi_f002082_mar0.030.jpg,0.08143507073495823,0.8218841405504596,0
YawnDD\no_yawn\12-FemaleGlasses.avi_f002085_mar0.030.jpg,0.08371696987780669,0.8348703093271095,0
YawnDD\no_yawn\12-FemaleGlasses.avi_f002088_mar0.030.jpg,0.07783204358581507,0.8565684327751087,0
YawnDD\no_yawn\12-FemaleGlasses.avi_f002091_mar0.030.jpg,0.07767299480601143,0.8418645982550123,0
YawnDD\no_yawn\12-FemaleGlasses.avi_f002094_mar0.030.jpg,0.07582701068999499,0.838562876972535,0
YawnDD\no_yawn\12-FemaleGlasses.avi_f002103_mar0.030.jpg,0.0710708070807484,0.8595526715276527,0
YawnDD\no_yawn\12-FemaleGlasses.avi_f002106_mar0.030.jpg,0.0673757187013744,0.8352626750924149,0
YawnDD\no_yawn\12-FemaleGlasses.avi_f002124_mar0.030.jpg,0.0644907872769936,0.8503752601215083,0
YawnDD\no_yawn\12-FemaleGlasses.avi_f002127_mar0.030.jpg,0.06467553067218973,0.8260600745724049,0
YawnDD\no_yawn\12-FemaleGlasses.avi_f002130_mar0.030.jpg,0.0671156358808487,0.8531049244183265,0
YawnDD\no_yawn\12-FemaleGlasses.avi_f002202_mar0.030.jpg,0.06683445448199163,0.8524271917425464,0
YawnDD\no_yawn\12-FemaleGlasses.avi_f002223_mar0.030.jpg,0.055798738460663355,0.9360570371706124,0
YawnDD\no_yawn\12-FemaleGlasses.avi_f002259_mar0.030.jpg,0.13395586365267345,1.3387819543676447,0
YawnDD\no_yawn\12-FemaleGlasses.avi_f002271_mar0.030.jpg,0.07508057302018459,0.8505112854083721,0
YawnDD\no_yawn\12-FemaleGlasses.avi_f002274_mar0.030.jpg,0.0675493173516104,0.8439488119591884,0
YawnDD\no_yawn\12-FemaleGlasses.avi_f002277_mar0.030.jpg,0.06806624386425514,0.8501658484672634,0
YawnDD\no_yawn\12-FemaleGlasses.avi_f002280_mar0.030.jpg,0.06622831826973598,0.8377986043411982,0
YawnDD\no_yawn\12-FemaleGlasses.avi_f002283_mar0.030.jpg,0.06717770049520362,0.832635751518472,0
YawnDD\no_yawn\12-FemaleGlasses.avi_f002286_mar0.030.jpg,0.06750438914263483,0.8377728977321758,0
YawnDD\no_yawn\12-FemaleGlasses.avi_f002289_mar0.030.jpg,0.06862998802966201,0.8392978661580421,0
YawnDD\no_yawn\12-FemaleGlasses.avi_f002292_mar0.030.jpg,0.06916999282171617,0.8444681700030842,0
YawnDD\no_yawn\12-FemaleGlasses.avi_f002295_mar0.030.jpg,0.06741415824061633,0.827631498472918,0
YawnDD\no_yawn\12-FemaleGlasses.avi_f002331_mar0.030.jpg,0.08966229578464888,0.8463253926171668,0
YawnDD\no_yawn\12-FemaleGlasses.avi_f002334_mar0.030.jpg,0.07145209653623032,0.8500589612723758,0
YawnDD\no_yawn\12-FemaleGlasses.avi_f002337_mar0.030.jpg,0.0686406133569236,0.843351706928131,0
YawnDD\no_yawn\12-FemaleGlasses.avi_f002340_mar0.030.jpg,0.06782923305142992,0.8381559544011373,0
YawnDD\no_yawn\12-FemaleGlasses.avi_f002343_mar0.030.jpg,0.06896233434345655,0.8487365854170841,0
YawnDD\no_yawn\12-FemaleGlasses.avi_f002346_mar0.030.jpg,0.0677525329810127,0.842498471663075,0
YawnDD\no_yawn\12-FemaleGlasses.avi_f002349_mar0.030.jpg,0.06795170775460573,0.8279676697518896,0
YawnDD\no_yawn\12-FemaleGlasses.avi_f002352_mar0.030.jpg,0.07038827096386757,0.8345247954619305,0
YawnDD\no_yawn\12-FemaleGlasses.avi_f002355_mar0.030.jpg,0.06907849474384353,0.8365199831453479,0
YawnDD\no_yawn\12-FemaleGlasses.avi_f002358_mar0.030.jpg,0.07029294063608303,0.841467950577178,0
YawnDD\no_yawn\12-FemaleGlasses.avi_f002361_mar0.030.jpg,0.07032432776369547,0.8462988446029474,0
YawnDD\no_yawn\12-FemaleGlasses.avi_f002364_mar0.030.jpg,0.06702358536042456,0.8402227539826488,0
YawnDD\no_yawn\12-FemaleGlasses.avi_f002367_mar0.030.jpg,0.06836237914313241,0.836510919325331,0
YawnDD\no_yawn\12-FemaleGlasses.avi_f002370_mar0.030.jpg,0.07123855452583866,0.8269139227556916,0
YawnDD\no_yawn\12-FemaleGlasses.avi_f002373_mar0.030.jpg,0.06951468660269769,0.8415795441194913,0
YawnDD\no_yawn\12-FemaleGlasses.avi_f002376_mar0.030.jpg,0.07128881491773936,0.8437790489009026,0
YawnDD\no_yawn\12-FemaleGlasses.avi_f002379_mar0.030.jpg,0.07196295934801897,0.8520934061457154,0
YawnDD\no_yawn\12-FemaleGlasses.avi_f002382_mar0.030.jpg,0.06968771990532861,0.849940445350105,0
YawnDD\no_yawn\12-FemaleGlasses.avi_f002385_mar0.030.jpg,0.06903757747296208,0.8535730597437284,0
YawnDD\no_yawn\12-FemaleGlasses.avi_f002388_mar0.030.jpg,0.06806576646234087,0.8379323242147259,0
YawnDD\no_yawn\12-FemaleGlasses.avi_f002391_mar0.030.jpg,0.06709222671507359,0.8717099346105747,0
YawnDD\no_yawn\12-MaleGlasses_f000009_mar0.030.jpg,0.0755581821151162,0.944660006588996,0
YawnDD\no_yawn\12-MaleGlasses_f000012_mar0.030.jpg,0.07729959052758328,0.9394998712835367,0
YawnDD\no_yawn\12-MaleGlasses_f000015_mar0.030.jpg,0.07852181019248028,0.9383890196699585,0
YawnDD\no_yawn\12-MaleGlasses_f000018_mar0.030.jpg,0.07938650112899265,0.9490154785215629,0
YawnDD\no_yawn\12-MaleGlasses_f000021_mar0.030.jpg,0.07622647052457708,0.9506983453936332,0
YawnDD\no_yawn\12-MaleGlasses_f000051_mar0.030.jpg,0.07654962380254364,0.9652207124157379,0
YawnDD\no_yawn\12-MaleGlasses_f000054_mar0.030.jpg,0.07866382799278349,0.9562312677614411,0
YawnDD\no_yawn\12-MaleGlasses_f000057_mar0.030.jpg,0.07732266749975505,0.958471331638243,0
YawnDD\no_yawn\12-MaleGlasses_f000060_mar0.030.jpg,0.07477214121613342,0.9440197151928562,0
YawnDD\no_yawn\12-MaleGlasses_f000063_mar0.030.jpg,0.07827527349184558,0.9500412380642346,0
YawnDD\no_yawn\12-MaleGlasses_f000066_mar0.030.jpg,0.07821816585473647,0.9561360638749316,0
YawnDD\no_yawn\12-MaleGlasses_f000069_mar0.030.jpg,0.07827674578423534,0.9571932116245182,0
YawnDD\no_yawn\12-MaleGlasses_f000072_mar0.030.jpg,0.0786914999616883,0.9744173948837425,0
YawnDD\no_yawn\12-MaleGlasses_f000075_mar0.030.jpg,0.07781477004488471,0.9752823784955333,0
YawnDD\no_yawn\12-MaleGlasses_f000078_mar0.030.jpg,0.0809322927311923,1.0031253153858704,0
YawnDD\no_yawn\12-MaleGlasses_f000081_mar0.030.jpg,0.08126891446399073,0.9789280407253432,0
YawnDD\no_yawn\12-MaleGlasses_f000084_mar0.030.jpg,0.08481998386420045,0.9740002160804143,0
YawnDD\no_yawn\12-MaleGlasses_f000213_mar0.030.jpg,0.0887618389800748,0.9518287768825336,0
YawnDD\no_yawn\12-MaleGlasses_f000873_mar0.030.jpg,0.07567440391801816,1.0221039879221525,0
YawnDD\no_yawn\12-MaleGlasses_f000888_mar0.030.jpg,0.07787898268075372,0.977783180800819,0
YawnDD\no_yawn\12-MaleGlasses_f000945_mar0.030.jpg,0.0724361256197181,0.9953117976835344,0
YawnDD\no_yawn\12-MaleGlasses_f000948_mar0.030.jpg,0.07912093099016065,0.9782964294938974,0
YawnDD\no_yawn\12-MaleGlasses_f000951_mar0.030.jpg,0.08228454588367726,0.9672113623827353,0
YawnDD\no_yawn\12-MaleGlasses_f000954_mar0.030.jpg,0.08257211552622905,0.9669580551037907,0
YawnDD\no_yawn\12-MaleGlasses_f001077_mar0.032.jpg,0.2919568940200834,1.1923418028146886,0
YawnDD\no_yawn\12-MaleGlasses_f001347_mar0.030.jpg,0.07623648986494709,0.9343728350487288,0
YawnDD\no_yawn\12-MaleGlasses_f001380_mar0.030.jpg,0.07882567395590617,0.935701927659105,0
YawnDD\no_yawn\12-MaleGlasses_f001389_mar0.032.jpg,0.09703707118592499,0.9524192600635151,0
YawnDD\no_yawn\12-MaleGlasses_f001689_mar0.030.jpg,0.08058772807645986,0.9789254552050467,0
YawnDD\no_yawn\12-MaleGlasses_f001692_mar0.030.jpg,0.08175134152019559,0.955244282119639,0
YawnDD\no_yawn\12-MaleGlasses_f001695_mar0.030.jpg,0.08193224208412124,0.9855182588576851,0
YawnDD\no_yawn\12-MaleGlasses_f001698_mar0.030.jpg,0.08144713941172398,0.9863304935564573,0
YawnDD\no_yawn\12-MaleGlasses_f001701_mar0.030.jpg,0.08235741291633411,0.9815661941773024,0
YawnDD\no_yawn\12-MaleGlasses_f001704_mar0.030.jpg,0.07683310858162201,1.013585362968148,0
YawnDD\no_yawn\12-MaleGlasses_f001860_mar0.030.jpg,0.08115577153181357,0.9419597735077812,0
YawnDD\no_yawn\12-MaleGlasses_f001863_mar0.030.jpg,0.08839457786815094,0.9388960995902882,0
YawnDD\no_yawn\12-MaleGlasses_f001866_mar0.030.jpg,0.09178764349595948,0.9392900357586165,0
YawnDD\no_yawn\12-MaleGlasses_f001869_mar0.030.jpg,0.09704454340320035,0.9591256681859543,0
YawnDD\no_yawn\12-MaleGlasses_f001872_mar0.030.jpg,0.09939647818699435,0.9807857059621786,0
YawnDD\no_yawn\12-MaleGlasses_f001875_mar0.030.jpg,0.09615963236136232,1.0058717497443157,0
YawnDD\no_yawn\12-MaleGlasses_f001878_mar0.030.jpg,0.09918646465358419,0.9967082319558602,0
YawnDD\no_yawn\12-MaleGlasses_f001881_mar0.030.jpg,0.09502184511771224,0.9881286647904811,0
YawnDD\no_yawn\12-MaleGlasses_f001884_mar0.030.jpg,0.10050388145603194,0.997985626383852,0
YawnDD\no_yawn\12-MaleGlasses_f001887_mar0.030.jpg,0.09683923751625807,0.9646375858090722,0
YawnDD\no_yawn\12-MaleGlasses_f001890_mar0.030.jpg,0.09941280347198758,0.9959834741362162,0
YawnDD\no_yawn\12-MaleGlasses_f001893_mar0.030.jpg,0.09362959423362395,1.0039568917755497,0
YawnDD\no_yawn\12-MaleGlasses_f001896_mar0.030.jpg,0.08832178788593602,1.0045154335544673,0
YawnDD\no_yawn\12-MaleGlasses_f001899_mar0.030.jpg,0.0890460520306649,0.9976633495044052,0
YawnDD\no_yawn\12-MaleGlasses_f001902_mar0.030.jpg,0.08522691430097261,0.9746112816135405,0
YawnDD\no_yawn\12-MaleGlasses_f001905_mar0.030.jpg,0.08637616001538526,0.9885683545709009,0
YawnDD\no_yawn\12-MaleGlasses_f001908_mar0.030.jpg,0.08402721795979867,0.9577704137508878,0
YawnDD\no_yawn\12-MaleGlasses_f001911_mar0.030.jpg,0.07866006943571752,0.9994556616071943,0
YawnDD\no_yawn\12-MaleGlasses_f001914_mar0.030.jpg,0.07516043167541041,1.0434485727088636,0
YawnDD\no_yawn\12-MaleGlasses_f001935_mar0.030.jpg,0.08603279291469235,0.9947168597888701,0
YawnDD\no_yawn\13-FemaleGlasses.avi_f000003_mar0.033.jpg,0.09654389116374432,0.792210324077559,0
YawnDD\no_yawn\13-FemaleGlasses.avi_f000006_mar0.030.jpg,0.07222753741874029,0.7931154805942364,0
YawnDD\no_yawn\13-FemaleGlasses.avi_f000009_mar0.030.jpg,0.07413620466495112,0.8014939254003403,0
YawnDD\no_yawn\13-FemaleGlasses.avi_f000033_mar0.030.jpg,0.0735248010386145,0.8099889717832802,0
YawnDD\no_yawn\13-FemaleGlasses.avi_f000036_mar0.030.jpg,0.07117253826280957,0.7958737578151284,0
YawnDD\no_yawn\13-FemaleGlasses.avi_f000039_mar0.030.jpg,0.06871380402180625,0.7997923166951161,0
YawnDD\no_yawn\13-FemaleGlasses.avi_f000042_mar0.030.jpg,0.06782451020853625,0.8015783556663103,0
YawnDD\no_yawn\13-FemaleGlasses.avi_f000045_mar0.030.jpg,0.07029021840462574,0.8106046636968515,0
YawnDD\no_yawn\13-FemaleGlasses.avi_f000048_mar0.030.jpg,0.06782227542827084,0.8261458652418684,0
YawnDD\no_yawn\13-FemaleGlasses.avi_f000051_mar0.030.jpg,0.06996025594902364,0.8225365042138095,0
YawnDD\no_yawn\13-FemaleGlasses.avi_f000054_mar0.030.jpg,0.06963114009042468,0.813923797255106,0
YawnDD\no_yawn\13-FemaleGlasses.avi_f000057_mar0.030.jpg,0.0683759653168779,0.816177954808904,0
YawnDD\no_yawn\13-FemaleGlasses.avi_f000060_mar0.030.jpg,0.06956070401660533,0.8113221783423831,0
YawnDD\no_yawn\13-FemaleGlasses.avi_f000063_mar0.030.jpg,0.07072848375332777,0.8138878214746411,0
YawnDD\no_yawn\13-FemaleGlasses.avi_f000066_mar0.030.jpg,0.07445209022888509,0.8176912527143493,0
YawnDD\no_yawn\13-FemaleGlasses.avi_f000072_mar0.030.jpg,0.0777301673190736,0.8048100396348046,0
YawnDD\no_yawn\13-FemaleGlasses.avi_f000108_mar0.030.jpg,0.04322532389261179,0.9292400337620726,0
YawnDD\no_yawn\13-FemaleGlasses.avi_f000111_mar0.030.jpg,0.03758712574419099,0.971949695489002,0
YawnDD\no_yawn\13-FemaleGlasses.avi_f000114_mar0.030.jpg,0.03381671837588497,1.0282410796245822,0
YawnDD\no_yawn\13-FemaleGlasses.avi_f000117_mar0.030.jpg,0.034164823439307726,1.0398449780944277,0
YawnDD\no_yawn\13-FemaleGlasses.avi_f000120_mar0.030.jpg,0.03786789588248981,0.9903502853460809,0
YawnDD\no_yawn\13-FemaleGlasses.avi_f000123_mar0.030.jpg,0.03807450330243514,0.9194990723021378,0
YawnDD\no_yawn\13-FemaleGlasses.avi_f000132_mar0.030.jpg,0.06852884045591934,0.7461270635652428,0
YawnDD\no_yawn\13-FemaleGlasses.avi_f000135_mar0.030.jpg,0.07111451093664471,0.7476176991897459,0
YawnDD\no_yawn\13-FemaleGlasses.avi_f000138_mar0.030.jpg,0.07819851415642078,0.7545440238586847,0
YawnDD\no_yawn\13-FemaleGlasses.avi_f000141_mar0.030.jpg,0.082258817518856,0.7771569848094538,0
YawnDD\no_yawn\13-FemaleGlasses.avi_f000144_mar0.030.jpg,0.08258696022072166,0.8194899364888998,0
YawnDD\no_yawn\13-FemaleGlasses.avi_f000147_mar0.030.jpg,0.08412125951976615,0.8743199878794827,0
YawnDD\no_yawn\13-FemaleGlasses.avi_f000150_mar0.030.jpg,0.08363741753145063,0.8845200167765166,0
YawnDD\no_yawn\13-FemaleGlasses.avi_f000153_mar0.030.jpg,0.08132065367537268,0.8875907498897257,0
YawnDD\no_yawn\13-FemaleGlasses.avi_f000198_mar0.030.jpg,0.06974635541386327,0.7999343829044501,0
YawnDD\no_yawn\13-FemaleGlasses.avi_f000201_mar0.030.jpg,0.0710983761474519,0.7906001438961404,0
YawnDD\no_yawn\13-FemaleGlasses.avi_f000204_mar0.030.jpg,0.06900991932038275,0.7904215006402666,0
YawnDD\no_yawn\13-FemaleGlasses.avi_f000207_mar0.030.jpg,0.0692623675827671,0.7866257018465256,0
YawnDD\no_yawn\13-FemaleGlasses.avi_f000261_mar0.030.jpg,0.07515012569452115,0.8187255091758671,0
YawnDD\no_yawn\13-FemaleGlasses.avi_f000363_mar0.030.jpg,0.11969310750840757,0.9292366925959916,0
YawnDD\no_yawn\13-FemaleGlasses.avi_f000408_mar0.030.jpg,0.09181622022376573,0.8477260910988441,0
YawnDD\no_yawn\13-FemaleGlasses.avi_f000456_mar0.030.jpg,0.08547319520097299,0.7854927377463669,0
YawnDD\no_yawn\13-FemaleGlasses.avi_f000459_mar0.030.jpg,0.10015006744359828,0.772259121328869,0
YawnDD\no_yawn\13-FemaleGlasses.avi_f000645_mar0.030.jpg,0.06859643397129216,0.8406099013278526,0
YawnDD\no_yawn\13-FemaleGlasses.avi_f000678_mar0.030.jpg,0.0689878054634752,0.8668569906685675,0
YawnDD\no_yawn\13-FemaleGlasses.avi_f000681_mar0.030.jpg,0.07045959426415657,0.8611650424430766,0
YawnDD\no_yawn\13-FemaleGlasses.avi_f000684_mar0.030.jpg,0.0691654438225914,0.8520965226997023,0
YawnDD\no_yawn\13-FemaleGlasses.avi_f000687_mar0.030.jpg,0.0687314807176524,0.8537608287273051,0
YawnDD\no_yawn\13-FemaleGlasses.avi_f000690_mar0.030.jpg,0.07055168079592469,0.848208819080041,0
YawnDD\no_yawn\13-FemaleGlasses.avi_f000693_mar0.030.jpg,0.0688194021883016,0.8414211267166354,0
YawnDD\no_yawn\13-FemaleGlasses.avi_f000696_mar0.030.jpg,0.07305227754569713,0.8633152538473072,0
YawnDD\no_yawn\13-FemaleGlasses.avi_f000699_mar0.030.jpg,0.0702233685372885,0.8549179190227052,0
YawnDD\no_yawn\13-FemaleGlasses.avi_f000702_mar0.030.jpg,0.06878587970098443,0.8468353560926069,0
YawnDD\no_yawn\13-FemaleGlasses.avi_f000705_mar0.030.jpg,0.07230253822573303,0.8527428060187602,0
YawnDD\no_yawn\13-FemaleGlasses.avi_f000708_mar0.030.jpg,0.06797600994003958,0.8628346781952166,0
YawnDD\no_yawn\13-FemaleGlasses.avi_f000711_mar0.030.jpg,0.07212675051049361,0.8623566297530677,0
YawnDD\no_yawn\13-FemaleGlasses.avi_f000714_mar0.030.jpg,0.07357472411879457,0.886577743747801,0
YawnDD\no_yawn\13-FemaleGlasses.avi_f000717_mar0.030.jpg,0.07167195503511041,0.8765280817548983,0
YawnDD\no_yawn\13-FemaleGlasses.avi_f000720_mar0.030.jpg,0.06836594066786372,0.8640990774253409,0
YawnDD\no_yawn\13-FemaleGlasses.avi_f000723_mar0.030.jpg,0.06872348681727414,0.8730525060511233,0
YawnDD\no_yawn\13-FemaleGlasses.avi_f000726_mar0.030.jpg,0.06933196187167792,0.8560119662626239,0
YawnDD\no_yawn\13-FemaleGlasses.avi_f000729_mar0.030.jpg,0.07066709243504905,0.8588867134298661,0
YawnDD\no_yawn\13-FemaleGlasses.avi_f000732_mar0.030.jpg,0.06933913389439646,0.8496448667949449,0
YawnDD\no_yawn\13-FemaleGlasses.avi_f000735_mar0.030.jpg,0.06810452830700602,0.8432377251797595,0
YawnDD\no_yawn\13-FemaleGlasses.avi_f000738_mar0.030.jpg,0.06867454059714788,0.8454916813291045,0
YawnDD\no_yawn\13-FemaleGlasses.avi_f000741_mar0.030.jpg,0.06791625127285539,0.8530975167256476,0
YawnDD\no_yawn\13-FemaleGlasses.avi_f000750_mar0.032.jpg,0.10698400260445284,0.9001232912442803,0
YawnDD\no_yawn\13-FemaleGlasses.avi_f000837_mar0.030.jpg,0.10081964987114589,0.9202861395253441,0
YawnDD\no_yawn\13-FemaleGlasses.avi_f000879_mar0.030.jpg,0.06415901518518154,0.8380255329691461,0
YawnDD\no_yawn\13-FemaleGlasses.avi_f000882_mar0.038.jpg,0.07409061144547047,0.8423976690467426,0
YawnDD\no_yawn\13-FemaleGlasses.avi_f001512_mar0.030.jpg,0.08297552772121783,0.7871077424550431,0
YawnDD\no_yawn\13-FemaleGlasses.avi_f001518_mar0.030.jpg,0.06703294670414138,0.7674442302144815,0
YawnDD\no_yawn\13-FemaleGlasses.avi_f001521_mar0.030.jpg,0.06658367343519977,0.777018887268251,0
YawnDD\no_yawn\13-FemaleGlasses.avi_f001524_mar0.030.jpg,0.06575178968575318,0.7793393663410112,0
YawnDD\no_yawn\13-FemaleGlasses.avi_f001527_mar0.030.jpg,0.06635451392274762,0.7920417067140935,0
YawnDD\no_yawn\13-FemaleGlasses.avi_f001530_mar0.030.jpg,0.06732225237557543,0.7882537470757977,0
YawnDD\no_yawn\13-FemaleGlasses.avi_f001533_mar0.030.jpg,0.06760332769459372,0.7825439599448187,0
YawnDD\no_yawn\13-FemaleGlasses.avi_f001554_mar0.030.jpg,0.07068381877082587,0.83173981210174,0
YawnDD\no_yawn\13-FemaleGlasses.avi_f001563_mar0.030.jpg,0.0900958984390326,0.8583006570774919,0
YawnDD\no_yawn\13-FemaleGlasses.avi_f001599_mar0.030.jpg,0.07390637527409495,0.7802533604394825,0
YawnDD\no_yawn\13-FemaleGlasses.avi_f001971_mar0.030.jpg,0.07499578218918174,0.7846474711324405,0
YawnDD\no_yawn\13-FemaleGlasses.avi_f001974_mar0.036.jpg,0.1984817744606005,0.829657560816074,0
YawnDD\no_yawn\13-FemaleGlasses.avi_f001980_mar0.030.jpg,0.06070792326440148,0.9277460295642158,0
YawnDD\no_yawn\13-FemaleGlasses.avi_f001995_mar0.030.jpg,0.08504267386536418,1.0226252821928306,0
YawnDD\no_yawn\13-FemaleGlasses.avi_f002244_mar0.030.jpg,0.05512845828641172,0.9501512421205555,0
YawnDD\no_yawn\13-FemaleGlasses.avi_f002325_mar0.030.jpg,0.058198055437614284,0.9125264671035753,0
YawnDD\no_yawn\13-FemaleGlasses.avi_f002412_mar0.030.jpg,0.07479668568978497,0.957159112769314,0
YawnDD\no_yawn\13-FemaleGlasses.avi_f002415_mar0.030.jpg,0.07428916940727359,0.9403160810779909,0
YawnDD\no_yawn\13-FemaleGlasses.avi_f002418_mar0.030.jpg,0.08093597961113279,0.8715932754933213,0
YawnDD\no_yawn\13-FemaleGlasses.avi_f002427_mar0.030.jpg,0.0883620733026375,0.7337667884974083,0
YawnDD\no_yawn\13-FemaleGlasses.avi_f002430_mar0.030.jpg,0.07560612946472801,0.7357325315003951,0
YawnDD\no_yawn\13-FemaleGlasses.avi_f002433_mar0.030.jpg,0.07077282818989174,0.7456685124509516,0
YawnDD\no_yawn\13-FemaleGlasses.avi_f002436_mar0.030.jpg,0.07476988134822317,0.7677199003970647,0
YawnDD\no_yawn\13-FemaleGlasses.avi_f002439_mar0.030.jpg,0.0679947168090758,0.7857887230776082,0
YawnDD\no_yawn\13-FemaleGlasses.avi_f002442_mar0.030.jpg,0.07037709635118293,0.7965385154839361,0
YawnDD\no_yawn\13-FemaleGlasses.avi_f002445_mar0.030.jpg,0.07076759250850123,0.797106879766504,0
YawnDD\no_yawn\13-FemaleGlasses.avi_f002448_mar0.030.jpg,0.07183677107221102,0.792466204822802,0
YawnDD\no_yawn\13-FemaleGlasses.avi_f002451_mar0.030.jpg,0.07062540516121521,0.7776394755896014,0
YawnDD\no_yawn\13-FemaleGlasses.avi_f002454_mar0.030.jpg,0.06611996927630034,0.7856092037291592,0
YawnDD\no_yawn\13-FemaleGlasses.avi_f002457_mar0.030.jpg,0.06605091021262526,0.7840976600739311,0
YawnDD\no_yawn\13-FemaleGlasses.avi_f002460_mar0.030.jpg,0.06936040773590701,0.78414742402266,0
YawnDD\no_yawn\13-FemaleGlasses.avi_f002463_mar0.030.jpg,0.06584005922614958,0.7949090177441073,0
YawnDD\no_yawn\13-FemaleGlasses.avi_f002466_mar0.030.jpg,0.06575144327406716,0.7943682360519166,0
YawnDD\no_yawn\13-FemaleGlasses.avi_f002469_mar0.030.jpg,0.06473786486736702,0.793565188524836,0
YawnDD\no_yawn\13-FemaleGlasses.avi_f002472_mar0.030.jpg,0.0669892606553535,0.7824285808324803,0
YawnDD\no_yawn\13-FemaleGlasses.avi_f002475_mar0.030.jpg,0.06549470835966976,0.7750053273475863,0
YawnDD\no_yawn\13-FemaleGlasses.avi_f002478_mar0.030.jpg,0.0635043420059168,0.7691788361574433,0
YawnDD\no_yawn\13-FemaleGlasses.avi_f002481_mar0.030.jpg,0.06441555686357962,0.7697389668919237,0
YawnDD\no_yawn\13-FemaleGlasses.avi_f002484_mar0.030.jpg,0.06400998927195213,0.7621327407031965,0
YawnDD\no_yawn\13-FemaleGlasses.avi_f002487_mar0.030.jpg,0.06405586688508215,0.7729040088595968,0
YawnDD\no_yawn\13-MaleNoGlasses _f000000_mar0.030.jpg,0.06645539649415076,0.7188869214903814,0
YawnDD\no_yawn\13-MaleNoGlasses _f000003_mar0.030.jpg,0.06628108251066814,0.720143393852354,0
YawnDD\no_yawn\13-MaleNoGlasses _f000006_mar0.030.jpg,0.06795550725110093,0.7175624465815514,0
YawnDD\no_yawn\13-MaleNoGlasses _f000012_mar0.030.jpg,0.06970175466352813,0.7262279804575338,0
YawnDD\no_yawn\13-MaleNoGlasses _f000015_mar0.030.jpg,0.0703535414839074,0.7202697556031328,0
YawnDD\no_yawn\13-MaleNoGlasses _f000018_mar0.030.jpg,0.0680581767595532,0.7174670605143852,0
YawnDD\no_yawn\13-MaleNoGlasses _f000021_mar0.030.jpg,0.06677015344223985,0.7187852253179517,0
YawnDD\no_yawn\13-MaleNoGlasses _f000024_mar0.030.jpg,0.06543131813115383,0.7216895279771327,0
YawnDD\no_yawn\13-MaleNoGlasses _f000027_mar0.030.jpg,0.0659641457827398,0.7260111936995921,0
YawnDD\no_yawn\13-MaleNoGlasses _f000030_mar0.030.jpg,0.063897588050222,0.7325214601808584,0
YawnDD\no_yawn\13-MaleNoGlasses _f000033_mar0.030.jpg,0.06501143443282686,0.7405174821919448,0
YawnDD\no_yawn\13-MaleNoGlasses _f000036_mar0.030.jpg,0.06345896998355559,0.735248321438004,0
YawnDD\no_yawn\13-MaleNoGlasses _f000039_mar0.030.jpg,0.06010825889089174,0.7211313347753946,0
YawnDD\no_yawn\13-MaleNoGlasses _f000042_mar0.030.jpg,0.0560750589895513,0.7256969632495656,0
YawnDD\no_yawn\13-MaleNoGlasses _f000045_mar0.030.jpg,0.05660096322926787,0.7248413008903544,0
YawnDD\no_yawn\13-MaleNoGlasses _f000048_mar0.030.jpg,0.05951669822965291,0.7190736533049942,0
YawnDD\no_yawn\13-MaleNoGlasses _f000051_mar0.030.jpg,0.06195837054813803,0.7094346770921857,0
YawnDD\no_yawn\13-MaleNoGlasses _f000057_mar0.030.jpg,0.060126199481773286,0.7286286577443591,0
YawnDD\no_yawn\13-MaleNoGlasses _f000060_mar0.030.jpg,0.060189216120046955,0.7218610241113789,0
YawnDD\no_yawn\13-MaleNoGlasses _f000063_mar0.030.jpg,0.061061002141184324,0.7269039636044718,0
YawnDD\no_yawn\13-MaleNoGlasses _f000066_mar0.030.jpg,0.058677914092652016,0.7325180593830186,0
YawnDD\no_yawn\13-MaleNoGlasses _f000069_mar0.030.jpg,0.05721818077620002,0.7254690972581724,0
YawnDD\no_yawn\13-MaleNoGlasses _f000072_mar0.030.jpg,0.06010258366992626,0.7382415010345391,0
YawnDD\no_yawn\13-MaleNoGlasses _f000075_mar0.030.jpg,0.06187189796037247,0.7211953312592242,0
YawnDD\no_yawn\13-MaleNoGlasses _f000078_mar0.030.jpg,0.05755266133323089,0.7173180098644749,0
YawnDD\no_yawn\13-MaleNoGlasses _f000081_mar0.030.jpg,0.055093142263084795,0.7438384062244799,0
YawnDD\no_yawn\13-MaleNoGlasses _f000084_mar0.030.jpg,0.05210710062698908,0.7694543993702853,0
YawnDD\no_yawn\13-MaleNoGlasses _f000087_mar0.030.jpg,0.04913891684023355,0.7843313983030947,0
YawnDD\no_yawn\13-MaleNoGlasses _f000090_mar0.030.jpg,0.05415269547730587,0.7337168987305508,0
YawnDD\no_yawn\13-MaleNoGlasses _f000093_mar0.030.jpg,0.05129512034880283,0.689924127061629,0
YawnDD\no_yawn\13-MaleNoGlasses _f000096_mar0.030.jpg,0.05099542730337224,0.6874722919826532,0
YawnDD\no_yawn\13-MaleNoGlasses _f000099_mar0.030.jpg,0.05218833288643647,0.6574520462318673,0
YawnDD\no_yawn\13-MaleNoGlasses _f000102_mar0.030.jpg,0.05057821038576243,0.654308224219979,0
YawnDD\no_yawn\13-MaleNoGlasses _f000105_mar0.030.jpg,0.05295957424894265,0.6591055319785794,0
YawnDD\no_yawn\13-MaleNoGlasses _f000108_mar0.030.jpg,0.05237377045652532,0.6536006248778906,0
YawnDD\no_yawn\13-MaleNoGlasses _f000111_mar0.030.jpg,0.05398907480449505,0.6576782135404156,0
YawnDD\no_yawn\13-MaleNoGlasses _f000114_mar0.030.jpg,0.05202978061131531,0.6710618303475424,0
YawnDD\no_yawn\13-MaleNoGlasses _f000117_mar0.030.jpg,0.05395769287512915,0.6660075604120762,0
YawnDD\no_yawn\13-MaleNoGlasses _f000120_mar0.030.jpg,0.05318329507711495,0.6686788475876438,0
YawnDD\no_yawn\13-MaleNoGlasses _f000123_mar0.030.jpg,0.05478680537165188,0.6585182677490228,0
YawnDD\no_yawn\13-MaleNoGlasses _f000126_mar0.030.jpg,0.05239344973597338,0.6805281392606507,0
YawnDD\no_yawn\13-MaleNoGlasses _f000129_mar0.030.jpg,0.052372353855156574,0.6773710202994135,0
YawnDD\no_yawn\13-MaleNoGlasses _f000132_mar0.030.jpg,0.05381677195396802,0.7027794282817653,0
YawnDD\no_yawn\13-MaleNoGlasses _f000135_mar0.030.jpg,0.04720664194461394,0.7942179437149597,0
YawnDD\no_yawn\13-MaleNoGlasses _f000138_mar0.030.jpg,0.044959878322765136,0.8674839777882835,0
YawnDD\no_yawn\13-MaleNoGlasses _f000141_mar0.030.jpg,0.05179685412672785,0.9133540844947813,0
YawnDD\no_yawn\13-MaleNoGlasses _f000144_mar0.030.jpg,0.053993299629332935,0.9188551016182394,0
YawnDD\no_yawn\13-MaleNoGlasses _f000147_mar0.030.jpg,0.0550720298570693,0.9414737059145363,0
YawnDD\no_yawn\13-MaleNoGlasses _f000150_mar0.030.jpg,0.051336208391674056,0.9458531355198875,0
YawnDD\no_yawn\13-MaleNoGlasses _f000153_mar0.030.jpg,0.05406213759242555,0.9464105659549537,0
YawnDD\no_yawn\13-MaleNoGlasses _f000156_mar0.030.jpg,0.04973739025607769,0.9519155443721234,0
YawnDD\no_yawn\13-MaleNoGlasses _f000159_mar0.030.jpg,0.049492513725339644,0.9347177785244373,0
YawnDD\no_yawn\13-MaleNoGlasses _f000162_mar0.030.jpg,0.05149312185787513,0.9154271211428235,0
YawnDD\no_yawn\13-MaleNoGlasses _f000165_mar0.030.jpg,0.05411837713382478,0.9223924359863008,0
YawnDD\no_yawn\13-MaleNoGlasses _f000168_mar0.030.jpg,0.05252792260419367,0.9072244353581098,0
YawnDD\no_yawn\13-MaleNoGlasses _f000171_mar0.030.jpg,0.052745103650270284,0.9110716110382635,0
YawnDD\no_yawn\13-MaleNoGlasses _f000174_mar0.030.jpg,0.051660331979670085,0.9031127624376231,0
YawnDD\no_yawn\13-MaleNoGlasses _f000177_mar0.030.jpg,0.05222051733843726,0.8908499837029383,0
YawnDD\no_yawn\13-MaleNoGlasses _f000180_mar0.030.jpg,0.05368340213614084,0.8899860881056333,0
YawnDD\no_yawn\13-MaleNoGlasses _f000183_mar0.030.jpg,0.05291499712671393,0.8851661157909813,0
YawnDD\no_yawn\13-MaleNoGlasses _f000186_mar0.030.jpg,0.05463006048519154,0.8860383601423714,0
YawnDD\no_yawn\13-MaleNoGlasses _f000189_mar0.030.jpg,0.05308344145910825,0.8686717142538625,0
YawnDD\no_yawn\13-MaleNoGlasses _f000192_mar0.030.jpg,0.05224754109003154,0.8857965146842137,0
YawnDD\no_yawn\13-MaleNoGlasses _f000195_mar0.030.jpg,0.05064921864009118,0.8945838153917147,0
YawnDD\no_yawn\13-MaleNoGlasses _f000198_mar0.030.jpg,0.05279347512462967,0.8922981221575998,0
YawnDD\no_yawn\13-MaleNoGlasses _f000201_mar0.030.jpg,0.05170687128478076,0.8781822974511798,0
YawnDD\no_yawn\13-MaleNoGlasses _f000204_mar0.030.jpg,0.05336615451554153,0.8778858518486782,0
YawnDD\no_yawn\13-MaleNoGlasses _f000207_mar0.030.jpg,0.053563229863673796,0.863159019199893,0
YawnDD\no_yawn\13-MaleNoGlasses _f000210_mar0.030.jpg,0.054011464622738904,0.8603844872601478,0
YawnDD\no_yawn\13-MaleNoGlasses _f000213_mar0.030.jpg,0.05484329353512861,0.8587321036984733,0
YawnDD\no_yawn\13-MaleNoGlasses _f000216_mar0.030.jpg,0.05304690137910368,0.8746114332001353,0
YawnDD\no_yawn\13-MaleNoGlasses _f000255_mar0.030.jpg,0.05278946619526061,0.8516546947959548,0
YawnDD\no_yawn\13-MaleNoGlasses _f000264_mar0.030.jpg,0.08413629425732289,0.815582446248592,0
YawnDD\no_yawn\13-MaleNoGlasses _f000267_mar0.030.jpg,0.056794189509988144,0.7918654444815676,0
YawnDD\no_yawn\13-MaleNoGlasses _f000270_mar0.030.jpg,0.05387667409066601,0.785626218162135,0
YawnDD\no_yawn\13-MaleNoGlasses _f000273_mar0.030.jpg,0.05830192058462025,0.7785150060252868,0
YawnDD\no_yawn\13-MaleNoGlasses _f000291_mar0.030.jpg,0.08550940799526006,0.8128311014988835,0
YawnDD\no_yawn\13-MaleNoGlasses _f000294_mar0.030.jpg,0.08983063779173207,0.8055506116685328,0
YawnDD\no_yawn\13-MaleNoGlasses _f000297_mar0.030.jpg,0.09958620846060699,0.8371376375428322,0
YawnDD\no_yawn\13-MaleNoGlasses _f000300_mar0.030.jpg,0.10029997237099743,0.9125058999239266,0
YawnDD\no_yawn\13-MaleNoGlasses _f000303_mar0.030.jpg,0.10531598915781452,0.9450779034834159,0
YawnDD\no_yawn\13-MaleNoGlasses _f000306_mar0.030.jpg,0.12366538140042439,1.1203708803040329,0
YawnDD\no_yawn\13-MaleNoGlasses _f000309_mar0.030.jpg,0.12821758811849623,1.2279441013416532,0
YawnDD\no_yawn\13-MaleNoGlasses _f000312_mar0.030.jpg,0.1244892731056928,1.1956905644032536,0
YawnDD\no_yawn\13-MaleNoGlasses _f000315_mar0.032.jpg,0.13140183032410718,1.1881019963732729,0
YawnDD\no_yawn\13-MaleNoGlasses _f000318_mar0.030.jpg,0.15654981722640604,1.1707395914876564,0
YawnDD\no_yawn\13-MaleNoGlasses _f000321_mar0.039.jpg,0.14139660454508834,1.3323993165560073,0
YawnDD\no_yawn\13-MaleNoGlasses _f000324_mar0.032.jpg,0.1454851378533265,1.183461953462932,0
YawnDD\no_yawn\13-MaleNoGlasses _f000357_mar0.039.jpg,0.15254743225729145,0.9839787672429573,0
YawnDD\no_yawn\13-MaleNoGlasses _f000360_mar0.030.jpg,0.13450033065411054,0.9537195979441616,0
YawnDD\no_yawn\13-MaleNoGlasses _f000363_mar0.030.jpg,0.09846268436404336,0.8687557783446248,0
YawnDD\no_yawn\13-MaleNoGlasses _f000369_mar0.030.jpg,0.07542755527383944,0.8664989227016701,0
YawnDD\no_yawn\13-MaleNoGlasses _f000372_mar0.030.jpg,0.07260844772425207,0.8776942103285542,0
YawnDD\no_yawn\13-MaleNoGlasses _f000375_mar0.030.jpg,0.06884647850476609,0.8963680782875099,0
YawnDD\no_yawn\13-MaleNoGlasses _f000378_mar0.030.jpg,0.06857915456554838,0.9031008169111783,0
YawnDD\no_yawn\13-MaleNoGlasses _f000381_mar0.030.jpg,0.07014867943124783,0.8962511819776653,0
YawnDD\no_yawn\13-MaleNoGlasses _f000384_mar0.030.jpg,0.06721468271184178,0.8977888432141076,0
YawnDD\no_yawn\13-MaleNoGlasses _f000387_mar0.030.jpg,0.06660306758509106,0.8713898110043259,0
YawnDD\no_yawn\13-MaleNoGlasses _f000390_mar0.030.jpg,0.06849892685162118,0.8560935032542669,0
YawnDD\no_yawn\13-MaleNoGlasses _f000393_mar0.030.jpg,0.07034410033148553,0.8217084862226739,0
YawnDD\no_yawn\13-MaleNoGlasses _f000396_mar0.030.jpg,0.06871899360811033,0.8228796930377429,0
YawnDD\no_yawn\13-MaleNoGlasses _f000399_mar0.030.jpg,0.06877954370853338,0.8181978408909254,0
YawnDD\no_yawn\13-MaleNoGlasses _f000402_mar0.030.jpg,0.07085819658728425,0.8093601414822069,0
YawnDD\no_yawn\13-MaleNoGlasses _f000405_mar0.030.jpg,0.07162004234304133,0.8049563285023381,0
YawnDD\no_yawn\13-MaleNoGlasses _f000408_mar0.030.jpg,0.07068484043196861,0.807512804887811,0
YawnDD\no_yawn\13-MaleNoGlasses _f000411_mar0.035.jpg,0.11112813677228134,0.8468862209679014,0
YawnDD\no_yawn\13-MaleNoGlasses _f000435_mar0.030.jpg,0.0800039587951417,0.8556880242229877,0
YawnDD\no_yawn\13-MaleNoGlasses _f000438_mar0.030.jpg,0.08105107627187969,0.8478675481068784,0
YawnDD\no_yawn\13-MaleNoGlasses _f000441_mar0.030.jpg,0.08022153549770289,0.8495742706844442,0
YawnDD\no_yawn\13-MaleNoGlasses _f000450_mar0.030.jpg,0.10217075687971665,0.8987069809362792,0
YawnDD\no_yawn\13-MaleNoGlasses _f000453_mar0.030.jpg,0.10721836340063841,0.9168692353174985,0
YawnDD\no_yawn\13-MaleNoGlasses _f000489_mar0.030.jpg,0.16445117486230254,0.8874930468394692,0
YawnDD\no_yawn\13-MaleNoGlasses _f000492_mar0.030.jpg,0.130447937148732,0.7839338052043541,0
YawnDD\no_yawn\13-MaleNoGlasses _f000495_mar0.030.jpg,0.12845809949208453,0.7188850080046498,0
YawnDD\no_yawn\13-MaleNoGlasses _f000498_mar0.030.jpg,0.1300468259320138,0.7266890895081671,0
YawnDD\no_yawn\13-MaleNoGlasses _f000501_mar0.030.jpg,0.13757570703406946,0.6957451439566867,0
YawnDD\no_yawn\13-MaleNoGlasses _f000504_mar0.030.jpg,0.14143357159174375,0.7122409960599393,0
YawnDD\no_yawn\13-MaleNoGlasses _f000507_mar0.030.jpg,0.13321352206403686,0.7366904938641984,0
YawnDD\no_yawn\13-MaleNoGlasses _f000510_mar0.030.jpg,0.10831947043084798,0.7550848520676874,0
YawnDD\no_yawn\13-MaleNoGlasses _f000513_mar0.030.jpg,0.09101615576905328,0.7222417586739655,0
YawnDD\no_yawn\13-MaleNoGlasses _f000516_mar0.030.jpg,0.07163904515394007,0.7793103855323958,0
YawnDD\no_yawn\13-MaleNoGlasses _f000519_mar0.030.jpg,0.07046341096983481,0.8294263257636209,0
YawnDD\no_yawn\13-MaleNoGlasses _f000522_mar0.030.jpg,0.06707305233226193,0.8904170549339226,0
YawnDD\no_yawn\13-MaleNoGlasses _f000528_mar0.030.jpg,0.07250699037511438,0.8575433452116694,0
YawnDD\no_yawn\13-MaleNoGlasses _f000540_mar0.030.jpg,0.09932679460930416,0.9735319607052619,0
YawnDD\no_yawn\13-MaleNoGlasses _f000549_mar0.037.jpg,0.11765955637215807,0.991167334343738,0
YawnDD\no_yawn\13-MaleNoGlasses _f000552_mar0.030.jpg,0.10336538538840843,0.9814392001732559,0
YawnDD\no_yawn\13-MaleNoGlasses _f000558_mar0.030.jpg,0.10863926484545755,0.9788868239383546,0
YawnDD\no_yawn\13-MaleNoGlasses _f000561_mar0.030.jpg,0.10610144025550396,0.9340679361250978,0
YawnDD\no_yawn\13-MaleNoGlasses _f000564_mar0.030.jpg,0.10525695958175615,0.8740327675269396,0
YawnDD\no_yawn\13-MaleNoGlasses _f000567_mar0.030.jpg,0.11514669888530375,0.8233106091012499,0
YawnDD\no_yawn\13-MaleNoGlasses _f000570_mar0.030.jpg,0.11895993978942368,0.7696740673694311,0
YawnDD\no_yawn\13-MaleNoGlasses _f000573_mar0.030.jpg,0.11257911636310654,0.715742411417792,0
YawnDD\no_yawn\13-MaleNoGlasses _f000576_mar0.030.jpg,0.11753513110540427,0.6757064748892272,0
YawnDD\no_yawn\13-MaleNoGlasses _f000579_mar0.030.jpg,0.1267694675190018,0.6421470347496366,0
YawnDD\no_yawn\13-MaleNoGlasses _f000582_mar0.030.jpg,0.12567420561649445,0.6503348940600755,0
YawnDD\no_yawn\13-MaleNoGlasses _f000585_mar0.030.jpg,0.12496236864265538,0.6541630823209198,0
YawnDD\no_yawn\13-MaleNoGlasses _f000588_mar0.030.jpg,0.12142281662678805,0.6542764896529047,0
YawnDD\no_yawn\13-MaleNoGlasses _f000591_mar0.030.jpg,0.1214401487806532,0.6597397897273585,0
YawnDD\no_yawn\13-MaleNoGlasses _f000594_mar0.030.jpg,0.1264608513898986,0.6509270966605086,0
YawnDD\no_yawn\13-MaleNoGlasses _f000597_mar0.030.jpg,0.12522089638452358,0.6467941796659448,0
YawnDD\no_yawn\13-MaleNoGlasses _f000600_mar0.030.jpg,0.1125147703795319,0.6716394922418781,0
YawnDD\no_yawn\13-MaleNoGlasses _f000603_mar0.030.jpg,0.10380608946747942,0.6707281313654173,0
YawnDD\no_yawn\13-MaleNoGlasses _f000606_mar0.030.jpg,0.09257429572173585,0.719349701296231,0
YawnDD\no_yawn\13-MaleNoGlasses _f000609_mar0.030.jpg,0.08115987141130125,0.7949428368115512,0
YawnDD\no_yawn\13-MaleNoGlasses _f000612_mar0.030.jpg,0.1089426773167863,0.8515892875837202,0
YawnDD\no_yawn\13-MaleNoGlasses _f000675_mar0.030.jpg,0.126301788543365,0.8969179419086205,0
YawnDD\no_yawn\13-MaleNoGlasses _f000684_mar0.030.jpg,0.10919854575906826,0.7675778728807494,0
YawnDD\no_yawn\13-MaleNoGlasses _f000687_mar0.030.jpg,0.08816555009419419,0.7505951199241605,0
YawnDD\no_yawn\13-MaleNoGlasses _f000690_mar0.030.jpg,0.08144457878339421,0.7540258081496222,0
YawnDD\no_yawn\13-MaleNoGlasses _f000693_mar0.030.jpg,0.07732874015504113,0.7468949395629745,0
YawnDD\no_yawn\13-MaleNoGlasses _f000696_mar0.030.jpg,0.07261551292158419,0.7652252970430986,0
YawnDD\no_yawn\13-MaleNoGlasses _f000699_mar0.030.jpg,0.07352138565793759,0.7823030713157948,0
YawnDD\no_yawn\13-MaleNoGlasses _f000702_mar0.030.jpg,0.07358995360209294,0.7874955099224321,0
YawnDD\no_yawn\13-MaleNoGlasses _f000705_mar0.030.jpg,0.07537885419521623,0.7923519757105877,0
YawnDD\no_yawn\13-MaleNoGlasses _f000708_mar0.030.jpg,0.0741027781225183,0.7944441947124969,0
YawnDD\no_yawn\13-MaleNoGlasses _f000711_mar0.030.jpg,0.07337124017232055,0.7995049814204352,0
YawnDD\no_yawn\13-MaleNoGlasses _f000714_mar0.030.jpg,0.07414644491938567,0.7930493080675423,0
YawnDD\no_yawn\13-MaleNoGlasses _f000717_mar0.030.jpg,0.07400956937689042,0.796355776639185,0
YawnDD\no_yawn\13-MaleNoGlasses _f000720_mar0.030.jpg,0.07310032041403254,0.7871069661700546,0
YawnDD\no_yawn\13-MaleNoGlasses _f000723_mar0.030.jpg,0.07350492877907183,0.7745947376687805,0
YawnDD\no_yawn\13-MaleNoGlasses _f000726_mar0.030.jpg,0.07306533559292912,0.7710115684662963,0
YawnDD\no_yawn\13-MaleNoGlasses _f000729_mar0.030.jpg,0.07369154764485022,0.7691133416933462,0
YawnDD\no_yawn\13-MaleNoGlasses _f000735_mar0.030.jpg,0.07183640454664164,0.784498396988731,0
YawnDD\no_yawn\13-MaleNoGlasses _f000738_mar0.030.jpg,0.07337061506384787,0.7818026678077357,0
YawnDD\no_yawn\13-MaleNoGlasses _f000741_mar0.030.jpg,0.07509418032796356,0.7839151104915985,0
YawnDD\no_yawn\13-MaleNoGlasses _f000744_mar0.030.jpg,0.07499314264036654,0.7800712351430863,0
YawnDD\no_yawn\13-MaleNoGlasses _f000747_mar0.030.jpg,0.07491086908732522,0.7905505649537435,0
YawnDD\no_yawn\13-MaleNoGlasses _f000750_mar0.030.jpg,0.07610345825164125,0.7968824169891838,0
YawnDD\no_yawn\13-MaleNoGlasses _f000753_mar0.030.jpg,0.0753637948187578,0.7931238661232973,0
YawnDD\no_yawn\13-MaleNoGlasses _f000756_mar0.030.jpg,0.07509867363798126,0.7808148683433347,0
YawnDD\no_yawn\13-MaleNoGlasses _f000759_mar0.030.jpg,0.07643389247345003,0.7892206542946795,0
YawnDD\no_yawn\13-MaleNoGlasses _f000762_mar0.030.jpg,0.07496142210174153,0.7914280011572752,0
YawnDD\no_yawn\13-MaleNoGlasses _f000765_mar0.030.jpg,0.07700743576078635,0.8020437461144453,0
YawnDD\no_yawn\13-MaleNoGlasses _f000768_mar0.030.jpg,0.07723676223409062,0.793004928484416,0
YawnDD\no_yawn\13-MaleNoGlasses _f000771_mar0.030.jpg,0.07710920450507439,0.7868556818868797,0
YawnDD\no_yawn\13-MaleNoGlasses _f000774_mar0.030.jpg,0.07467502370930289,0.779769646730824,0
YawnDD\no_yawn\13-MaleNoGlasses _f000777_mar0.030.jpg,0.0740419798115668,0.7763262486922764,0
YawnDD\no_yawn\13-MaleNoGlasses _f000780_mar0.030.jpg,0.07021925767495095,0.7719020423886612,0
YawnDD\no_yawn\13-MaleNoGlasses _f000783_mar0.030.jpg,0.07262197963792377,0.7710232307960412,0
YawnDD\no_yawn\13-MaleNoGlasses _f000786_mar0.030.jpg,0.07119394217171578,0.7755085403491715,0
YawnDD\no_yawn\13-MaleNoGlasses _f000789_mar0.030.jpg,0.07272874425334866,0.7678373569695947,0
YawnDD\no_yawn\13-MaleNoGlasses _f000792_mar0.030.jpg,0.07209557783363732,0.7619009696305732,0
YawnDD\no_yawn\13-MaleNoGlasses _f000795_mar0.030.jpg,0.07347402788996554,0.7678854120790148,0
YawnDD\no_yawn\13-MaleNoGlasses _f000798_mar0.030.jpg,0.07383780258504613,0.7758906801505492,0
YawnDD\no_yawn\13-MaleNoGlasses _f000801_mar0.030.jpg,0.07362623863656167,0.7760100765063879,0
YawnDD\no_yawn\13-MaleNoGlasses _f000804_mar0.030.jpg,0.07502382637145903,0.7733360318792328,0
YawnDD\no_yawn\13-MaleNoGlasses _f000807_mar0.030.jpg,0.07487031153820702,0.7695343011955624,0
YawnDD\no_yawn\13-MaleNoGlasses _f000810_mar0.030.jpg,0.07277834133689842,0.76331197219439,0
YawnDD\no_yawn\13-MaleNoGlasses _f000813_mar0.030.jpg,0.07261301623384439,0.7595764654916929,0
YawnDD\no_yawn\13-MaleNoGlasses _f000816_mar0.030.jpg,0.07251041832030626,0.7585943720596156,0
YawnDD\no_yawn\13-MaleNoGlasses _f000819_mar0.030.jpg,0.0745464762290534,0.7627178567123309,0
YawnDD\no_yawn\13-MaleNoGlasses _f000822_mar0.030.jpg,0.07768002869466309,0.7828684867336497,0
YawnDD\no_yawn\13-MaleNoGlasses _f000831_mar0.030.jpg,0.07886513929191721,0.8459925456919488,0
YawnDD\no_yawn\13-MaleNoGlasses _f000834_mar0.030.jpg,0.0774578255287266,0.8274589187864247,0
YawnDD\no_yawn\13-MaleNoGlasses _f000837_mar0.030.jpg,0.07706151583358824,0.8200297605252268,0
YawnDD\no_yawn\13-MaleNoGlasses _f000840_mar0.030.jpg,0.07616241846475738,0.8134902561483947,0
YawnDD\no_yawn\13-MaleNoGlasses _f000843_mar0.030.jpg,0.07640333741578842,0.8060247159855717,0
YawnDD\no_yawn\13-MaleNoGlasses _f000846_mar0.030.jpg,0.07647772883256028,0.7847961472757732,0
YawnDD\no_yawn\13-MaleNoGlasses _f000849_mar0.030.jpg,0.07923974442207958,0.7858307159098071,0
YawnDD\no_yawn\13-MaleNoGlasses _f000852_mar0.030.jpg,0.07570036317018235,0.7754656590835752,0
YawnDD\no_yawn\13-MaleNoGlasses _f000855_mar0.030.jpg,0.07736927000201385,0.7776738016126712,0
YawnDD\no_yawn\13-MaleNoGlasses _f000858_mar0.030.jpg,0.07482872814204578,0.7886794372720751,0
YawnDD\no_yawn\13-MaleNoGlasses _f000861_mar0.030.jpg,0.09341012274604103,0.8152425669531287,0
YawnDD\no_yawn\13-MaleNoGlasses _f000876_mar0.030.jpg,0.09898173463757616,0.9411810122310741,0
YawnDD\no_yawn\13-MaleNoGlasses _f000879_mar0.030.jpg,0.09789887735006081,0.9309596950556196,0
YawnDD\no_yawn\13-MaleNoGlasses _f000882_mar0.034.jpg,0.13408927313021327,0.9334224414776685,0
YawnDD\no_yawn\13-MaleNoGlasses _f000909_mar0.030.jpg,0.1053961953107289,0.9239999032952051,0
YawnDD\no_yawn\13-MaleNoGlasses _f000912_mar0.030.jpg,0.10270844193894962,0.9426028367201058,0
YawnDD\no_yawn\13-MaleNoGlasses _f000915_mar0.030.jpg,0.10179112959768499,0.9139983756440542,0
YawnDD\no_yawn\13-MaleNoGlasses _f000924_mar0.030.jpg,0.11068253226235306,0.9048433206294605,0
YawnDD\no_yawn\13-MaleNoGlasses _f000927_mar0.030.jpg,0.10715107737185063,1.0055730887015704,0
YawnDD\no_yawn\13-MaleNoGlasses _f000930_mar0.030.jpg,0.11918964094217613,1.0748163031468967,0
YawnDD\no_yawn\13-MaleNoGlasses _f000933_mar0.030.jpg,0.13394940567000913,1.1363837789512115,0
YawnDD\no_yawn\13-MaleNoGlasses _f000936_mar0.030.jpg,0.15124064171056886,1.1550394723439144,0
YawnDD\no_yawn\13-MaleNoGlasses _f000939_mar0.030.jpg,0.13500161180422693,1.263537058628567,0
YawnDD\no_yawn\13-MaleNoGlasses _f001053_mar0.030.jpg,0.10848792737774218,0.980909841204137,0
YawnDD\no_yawn\13-MaleNoGlasses _f001056_mar0.030.jpg,0.11421786738689312,0.95597716423268,0
YawnDD\no_yawn\13-MaleNoGlasses _f001059_mar0.030.jpg,0.10893457939466475,0.959252297461536,0
YawnDD\no_yawn\13-MaleNoGlasses _f001062_mar0.030.jpg,0.11463636320494994,0.9575615383974933,0
YawnDD\no_yawn\13-MaleNoGlasses _f001065_mar0.030.jpg,0.10710426921371141,0.9710127780778569,0
YawnDD\no_yawn\13-MaleNoGlasses _f001068_mar0.030.jpg,0.1144006949882107,0.9505877637107187,0
YawnDD\no_yawn\13-MaleNoGlasses _f001071_mar0.030.jpg,0.11452945969910316,0.929126808973386,0
YawnDD\no_yawn\13-MaleNoGlasses _f001074_mar0.030.jpg,0.11158614428370144,0.9552821232590268,0
YawnDD\no_yawn\13-MaleNoGlasses _f001077_mar0.030.jpg,0.10807452079382689,0.9599289791175658,0
YawnDD\no_yawn\13-MaleNoGlasses _f001080_mar0.030.jpg,0.10998390455115141,0.9604903975480775,0
YawnDD\no_yawn\13-MaleNoGlasses _f001083_mar0.030.jpg,0.1111787388151881,1.0002528778034256,0
YawnDD\no_yawn\13-MaleNoGlasses _f001164_mar0.030.jpg,0.09763075187082226,0.972621564796925,0
YawnDD\no_yawn\13-MaleNoGlasses _f001167_mar0.030.jpg,0.10170365216439411,0.9708080509713605,0
YawnDD\no_yawn\13-MaleNoGlasses _f001170_mar0.030.jpg,0.10220533400330911,0.9618383138321841,0
YawnDD\no_yawn\13-MaleNoGlasses _f001173_mar0.030.jpg,0.0987827195213966,0.9532432145259444,0
YawnDD\no_yawn\13-MaleNoGlasses _f001176_mar0.030.jpg,0.09247646783541955,0.9573407659316566,0
YawnDD\no_yawn\13-MaleNoGlasses _f001179_mar0.030.jpg,0.10077433165377073,0.9416546896260695,0
YawnDD\no_yawn\13-MaleNoGlasses _f001182_mar0.030.jpg,0.10132331399972207,0.9365006510721035,0
YawnDD\no_yawn\13-MaleNoGlasses _f001185_mar0.030.jpg,0.1016532547291797,0.9393676497427502,0
YawnDD\no_yawn\13-MaleNoGlasses _f001188_mar0.030.jpg,0.09927319639461032,0.953344915825615,0
YawnDD\no_yawn\13-MaleNoGlasses _f001191_mar0.030.jpg,0.10140022730963721,0.949193818284639,0
YawnDD\no_yawn\13-MaleNoGlasses _f001194_mar0.030.jpg,0.10116792217972696,0.9581652655535035,0
YawnDD\no_yawn\13-MaleNoGlasses _f001197_mar0.030.jpg,0.1030276030244254,0.9474359095089522,0
YawnDD\no_yawn\13-MaleNoGlasses _f001200_mar0.030.jpg,0.10305867830555017,0.950354823625072,0
YawnDD\no_yawn\13-MaleNoGlasses _f001203_mar0.030.jpg,0.10117068501384101,0.9388655870788265,0
YawnDD\no_yawn\13-MaleNoGlasses _f001206_mar0.030.jpg,0.09798009818822513,0.9466114038333269,0
YawnDD\no_yawn\13-MaleNoGlasses _f001209_mar0.030.jpg,0.0999138384716377,0.9409455451380446,0
YawnDD\no_yawn\13-MaleNoGlasses _f001212_mar0.030.jpg,0.09801220278153684,0.9188254732555912,0
YawnDD\no_yawn\13-MaleNoGlasses _f001215_mar0.030.jpg,0.09736136275035788,0.8994552576478297,0
YawnDD\no_yawn\13-MaleNoGlasses _f001218_mar0.030.jpg,0.09409220174541966,0.8111944625964684,0
YawnDD\no_yawn\13-MaleNoGlasses _f001221_mar0.030.jpg,0.08350064898947039,0.737301708857773,0
YawnDD\no_yawn\13-MaleNoGlasses _f001224_mar0.030.jpg,0.08261943922328309,0.7000884011677011,0
YawnDD\no_yawn\13-MaleNoGlasses _f001227_mar0.030.jpg,0.1010856366950928,0.749199241514239,0
YawnDD\no_yawn\13-MaleNoGlasses _f001230_mar0.030.jpg,0.09503747041677998,0.7762528608662661,0
YawnDD\no_yawn\13-MaleNoGlasses _f001233_mar0.030.jpg,0.09820855354687692,0.8048192671295149,0
YawnDD\no_yawn\13-MaleNoGlasses _f001236_mar0.030.jpg,0.09083697929939827,0.8112986982520161,0
YawnDD\no_yawn\13-MaleNoGlasses _f001239_mar0.030.jpg,0.10141306925064764,0.8442034527084381,0
YawnDD\no_yawn\13-MaleNoGlasses _f001242_mar0.030.jpg,0.10271452490649695,0.8622819178255553,0
YawnDD\no_yawn\13-MaleNoGlasses _f001245_mar0.030.jpg,0.09827293743671237,0.8612322250985052,0
YawnDD\no_yawn\13-MaleNoGlasses _f001248_mar0.030.jpg,0.09793023157124046,0.8644719195209108,0
YawnDD\no_yawn\13-MaleNoGlasses _f001251_mar0.030.jpg,0.10087698304635885,0.8848990598065045,0
YawnDD\no_yawn\13-MaleNoGlasses _f001254_mar0.030.jpg,0.0983654408690232,0.8717519610013477,0
YawnDD\no_yawn\13-MaleNoGlasses _f001260_mar0.030.jpg,0.10051575574999876,0.870525104489856,0
YawnDD\no_yawn\13-MaleNoGlasses _f001263_mar0.030.jpg,0.09888487808183338,0.8781766499657944,0
YawnDD\no_yawn\13-MaleNoGlasses _f001266_mar0.030.jpg,0.09848992718569989,0.863484413038474,0
YawnDD\no_yawn\13-MaleNoGlasses _f001269_mar0.030.jpg,0.10008003343196185,0.8733863197806783,0
YawnDD\no_yawn\13-MaleNoGlasses _f001275_mar0.030.jpg,0.09622716325249356,0.8488220465310874,0
YawnDD\no_yawn\13-MaleNoGlasses _f001278_mar0.030.jpg,0.09341132991711648,0.814295560476801,0
YawnDD\no_yawn\13-MaleNoGlasses _f001281_mar0.030.jpg,0.08910993744728755,0.7559351733696678,0
YawnDD\no_yawn\13-MaleNoGlasses _f001284_mar0.030.jpg,0.07469819263575443,0.6527294197687165,0
YawnDD\no_yawn\13-MaleNoGlasses _f001287_mar0.030.jpg,0.06592164118804869,0.5917018373385362,0
YawnDD\no_yawn\13-MaleNoGlasses _f001290_mar0.030.jpg,0.062264498444534355,0.6007177658576035,0
YawnDD\no_yawn\13-MaleNoGlasses _f001293_mar0.030.jpg,0.06398913500956133,0.6009627310031024,0
YawnDD\no_yawn\13-MaleNoGlasses _f001296_mar0.030.jpg,0.06543851865561774,0.6041711310791762,0
YawnDD\no_yawn\13-MaleNoGlasses _f001299_mar0.030.jpg,0.06258982185563419,0.5929644337798241,0
YawnDD\no_yawn\13-MaleNoGlasses _f001302_mar0.030.jpg,0.06278775024056299,0.6095268621520356,0
YawnDD\no_yawn\13-MaleNoGlasses _f001305_mar0.030.jpg,0.062328742230126286,0.6138498280698187,0
YawnDD\no_yawn\13-MaleNoGlasses _f001308_mar0.030.jpg,0.06511796278116964,0.6158650939298892,0
YawnDD\no_yawn\13-MaleNoGlasses _f001311_mar0.030.jpg,0.06346452303815661,0.6034004219143618,0
YawnDD\no_yawn\13-MaleNoGlasses _f001314_mar0.030.jpg,0.06517588134909234,0.6066633622428982,0
YawnDD\no_yawn\13-MaleNoGlasses _f001317_mar0.030.jpg,0.06514626011133806,0.5986427036847597,0
YawnDD\no_yawn\13-MaleNoGlasses _f001320_mar0.030.jpg,0.06281584462222972,0.6083017585663649,0
YawnDD\no_yawn\13-MaleNoGlasses _f001323_mar0.030.jpg,0.06520588246336619,0.6857845673608148,0
YawnDD\no_yawn\13-MaleNoGlasses _f001326_mar0.030.jpg,0.06836941403115152,0.7980727626616417,0
YawnDD\no_yawn\13-MaleNoGlasses _f001329_mar0.030.jpg,0.06650090531879961,0.8891855102748284,0
YawnDD\no_yawn\13-MaleNoGlasses _f001332_mar0.030.jpg,0.07337224596841152,0.8983338761492428,0
YawnDD\no_yawn\13-MaleNoGlasses _f001335_mar0.030.jpg,0.07194801225645252,0.8999993080985701,0
YawnDD\no_yawn\13-MaleNoGlasses _f001338_mar0.030.jpg,0.0712015457939346,0.9071883968318968,0
YawnDD\no_yawn\13-MaleNoGlasses _f001341_mar0.030.jpg,0.07462707287732911,0.9024267638479907,0
YawnDD\no_yawn\13-MaleNoGlasses _f001344_mar0.030.jpg,0.0702614945952641,0.9040917707628958,0
YawnDD\no_yawn\13-MaleNoGlasses _f001347_mar0.030.jpg,0.07197183139407697,0.8881878052900902,0
YawnDD\no_yawn\13-MaleNoGlasses _f001350_mar0.030.jpg,0.06959030165663185,0.898725474223548,0
YawnDD\no_yawn\13-MaleNoGlasses _f001353_mar0.030.jpg,0.07355719113048126,0.8985488635012047,0
YawnDD\no_yawn\13-MaleNoGlasses _f001356_mar0.030.jpg,0.07309122728698526,0.8926538925873287,0
YawnDD\no_yawn\13-MaleNoGlasses _f001359_mar0.030.jpg,0.07530344133774484,0.8975054279196486,0
YawnDD\no_yawn\13-MaleNoGlasses _f001362_mar0.030.jpg,0.07769165814005029,0.903882039696446,0
YawnDD\no_yawn\13-MaleNoGlasses _f001365_mar0.030.jpg,0.07384787182623172,0.9212479062904365,0
YawnDD\no_yawn\13-MaleNoGlasses _f001380_mar0.030.jpg,0.0897662554806846,0.959248989651516,0
YawnDD\no_yawn\13-MaleNoGlasses _f001383_mar0.030.jpg,0.09776487540658467,0.9653695363113238,0
YawnDD\no_yawn\13-MaleNoGlasses _f001386_mar0.030.jpg,0.09997660379976829,1.0023797678942425,0
YawnDD\no_yawn\13-MaleNoGlasses _f001392_mar0.030.jpg,0.13071030043377874,1.1225424055082085,0
YawnDD\no_yawn\13-MaleNoGlasses _f001395_mar0.030.jpg,0.12889536742525026,1.2105232836946744,0
YawnDD\no_yawn\13-MaleNoGlasses _f001398_mar0.030.jpg,0.14477755910778325,1.2958261611909723,0
YawnDD\no_yawn\13-MaleNoGlasses _f001401_mar0.030.jpg,0.133776937235026,1.2751450438820242,0
YawnDD\no_yawn\13-MaleNoGlasses _f001404_mar0.030.jpg,0.14174604026944662,1.3902517446209128,0
YawnDD\no_yawn\13-MaleNoGlasses _f001407_mar0.030.jpg,0.13602083524500044,1.3037046846916214,0
YawnDD\no_yawn\13-MaleNoGlasses _f001410_mar0.030.jpg,0.164880068291804,1.4593787880657159,0
YawnDD\no_yawn\13-MaleNoGlasses _f001413_mar0.030.jpg,0.15055479543347375,1.624894992357185,0
YawnDD\no_yawn\13-MaleNoGlasses _f001416_mar0.030.jpg,0.14752101680717458,1.6988577751064127,0
YawnDD\no_yawn\13-MaleNoGlasses _f001419_mar0.030.jpg,0.13122286048158302,1.6395668432517116,0
YawnDD\no_yawn\13-MaleNoGlasses _f001422_mar0.030.jpg,0.1483911157122137,1.6872428572643037,0
YawnDD\no_yawn\13-MaleNoGlasses _f001425_mar0.030.jpg,0.13624809744452313,1.7214740035562832,0
YawnDD\no_yawn\13-MaleNoGlasses _f001428_mar0.030.jpg,0.15546395952467193,1.6597805867929873,0
YawnDD\no_yawn\13-MaleNoGlasses _f001431_mar0.030.jpg,0.14841199886841797,1.6016025133832836,0
YawnDD\no_yawn\13-MaleNoGlasses _f001434_mar0.030.jpg,0.16187231316650322,1.3941900068628374,0
YawnDD\no_yawn\13-MaleNoGlasses _f001437_mar0.030.jpg,0.13017779104811683,1.2647639216659698,0
YawnDD\no_yawn\13-MaleNoGlasses _f001440_mar0.030.jpg,0.12735800300972083,1.1075933339528612,0
YawnDD\no_yawn\13-MaleNoGlasses _f001443_mar0.030.jpg,0.12427463328071589,1.0698605136801376,0
YawnDD\no_yawn\13-MaleNoGlasses _f001449_mar0.030.jpg,0.09070066570230448,0.839006716611321,0
YawnDD\no_yawn\13-MaleNoGlasses _f001452_mar0.030.jpg,0.07262536148172676,0.7822480670193306,0
YawnDD\no_yawn\13-MaleNoGlasses _f001455_mar0.030.jpg,0.06219342687484584,0.7941559299975104,0
YawnDD\no_yawn\13-MaleNoGlasses _f001458_mar0.030.jpg,0.05782354344091374,0.8160614928377948,0
YawnDD\no_yawn\13-MaleNoGlasses _f001461_mar0.030.jpg,0.05487703828770936,0.8179114511288297,0
YawnDD\no_yawn\13-MaleNoGlasses _f001464_mar0.030.jpg,0.05065674111960692,0.7909584914616656,0
YawnDD\no_yawn\13-MaleNoGlasses _f001467_mar0.030.jpg,0.049578677664820624,0.7790763201807152,0
YawnDD\no_yawn\13-MaleNoGlasses _f001470_mar0.030.jpg,0.051274890647430245,0.7673841431749938,0
YawnDD\no_yawn\13-MaleNoGlasses _f001473_mar0.030.jpg,0.04646508233813972,0.7679556877747342,0
YawnDD\no_yawn\13-MaleNoGlasses _f001476_mar0.030.jpg,0.04632912667007745,0.7804745916867115,0
YawnDD\no_yawn\13-MaleNoGlasses _f001479_mar0.030.jpg,0.04427518506794716,0.7742075574455235,0
YawnDD\no_yawn\13-MaleNoGlasses _f001482_mar0.030.jpg,0.047715441262741624,0.7988813159043772,0
YawnDD\no_yawn\13-MaleNoGlasses _f001485_mar0.030.jpg,0.047965619107394115,0.8092663756083208,0
YawnDD\no_yawn\13-MaleNoGlasses _f001488_mar0.030.jpg,0.04411588104177736,0.8342291059176647,0
YawnDD\no_yawn\13-MaleNoGlasses _f001491_mar0.030.jpg,0.04342659363398179,0.8908609970147299,0
YawnDD\no_yawn\13-MaleNoGlasses _f001503_mar0.033.jpg,0.1041015647103254,0.972154805095698,0
YawnDD\no_yawn\13-MaleNoGlasses _f001536_mar0.030.jpg,0.06258856204236682,0.912200301863044,0
YawnDD\no_yawn\13-MaleNoGlasses _f001539_mar0.030.jpg,0.059136859937548844,0.8689117769315338,0
YawnDD\no_yawn\13-MaleNoGlasses _f001560_mar0.030.jpg,0.07725974883960367,0.8437397962247857,0
YawnDD\no_yawn\13-MaleNoGlasses _f001563_mar0.030.jpg,0.054426226658262085,0.8607208041137574,0
YawnDD\no_yawn\13-MaleNoGlasses _f001566_mar0.030.jpg,0.05789407626028687,0.8333619271679287,0
YawnDD\no_yawn\13-MaleNoGlasses _f001569_mar0.030.jpg,0.05869906006171904,0.8225198619262287,0
YawnDD\no_yawn\13-MaleNoGlasses _f001572_mar0.030.jpg,0.05547835875410669,0.76090701782565,0
YawnDD\no_yawn\13-MaleNoGlasses _f001575_mar0.030.jpg,0.05466921843394028,0.6887313143501709,0
YawnDD\no_yawn\13-MaleNoGlasses _f001578_mar0.030.jpg,0.0529978741750015,0.6601760497231333,0
YawnDD\no_yawn\13-MaleNoGlasses _f001581_mar0.030.jpg,0.052650232304386924,0.6589930383941179,0
YawnDD\no_yawn\13-MaleNoGlasses _f001584_mar0.030.jpg,0.05550100067312247,0.6168648811861145,0
YawnDD\no_yawn\13-MaleNoGlasses _f001587_mar0.030.jpg,0.06086235369653698,0.615159166273511,0
YawnDD\no_yawn\13-MaleNoGlasses _f001590_mar0.030.jpg,0.06261875236897702,0.5951954829963244,0
YawnDD\no_yawn\13-MaleNoGlasses _f001593_mar0.030.jpg,0.07143370524121799,0.5890224603856644,0
YawnDD\no_yawn\13-MaleNoGlasses _f001596_mar0.030.jpg,0.0552650742713346,0.5933137890897832,0
YawnDD\no_yawn\13-MaleNoGlasses _f001599_mar0.030.jpg,0.05429430851282227,0.5987523767021453,0
YawnDD\no_yawn\13-MaleNoGlasses _f001602_mar0.030.jpg,0.05354437048987743,0.5909832681647826,0
YawnDD\no_yawn\13-MaleNoGlasses _f001605_mar0.030.jpg,0.05568328355609627,0.6072344786798111,0
YawnDD\no_yawn\13-MaleNoGlasses _f001608_mar0.030.jpg,0.05648367569562045,0.5983311842414646,0
YawnDD\no_yawn\13-MaleNoGlasses _f001611_mar0.030.jpg,0.06427057458977431,0.5916982942632051,0
YawnDD\no_yawn\13-MaleNoGlasses _f001614_mar0.030.jpg,0.05872158259742453,0.5859931503590718,0
YawnDD\no_yawn\13-MaleNoGlasses _f001617_mar0.030.jpg,0.05535173200494197,0.5916954347267465,0
YawnDD\no_yawn\13-MaleNoGlasses _f001620_mar0.030.jpg,0.058973768945185044,0.5952249732745408,0
YawnDD\no_yawn\13-MaleNoGlasses _f001623_mar0.030.jpg,0.05706616352412345,0.599350484442349,0
YawnDD\no_yawn\13-MaleNoGlasses _f001626_mar0.030.jpg,0.05878956893874493,0.5910340753410308,0
YawnDD\no_yawn\13-MaleNoGlasses _f001629_mar0.030.jpg,0.07252693550530412,0.6395582542868201,0
YawnDD\no_yawn\13-MaleNoGlasses _f001632_mar0.030.jpg,0.07737415668938406,0.7189108070053262,0
YawnDD\no_yawn\13-MaleNoGlasses _f001683_mar0.030.jpg,0.06228892693082587,0.8081584783101036,0
YawnDD\no_yawn\13-MaleNoGlasses _f001686_mar0.030.jpg,0.06298418766050469,0.7392665845273843,0
YawnDD\no_yawn\13-MaleNoGlasses _f001692_mar0.030.jpg,0.06637591570086473,0.6393387997176428,0
YawnDD\no_yawn\13-MaleNoGlasses _f001695_mar0.030.jpg,0.06592023027689678,0.6224989740252657,0
YawnDD\no_yawn\13-MaleNoGlasses _f001698_mar0.030.jpg,0.0629598797835454,0.6250006492384491,0
YawnDD\no_yawn\13-MaleNoGlasses _f001701_mar0.030.jpg,0.06390658143617105,0.6328104750367749,0
YawnDD\no_yawn\13-MaleNoGlasses _f001704_mar0.030.jpg,0.06429154746567482,0.6479937046581944,0
YawnDD\no_yawn\13-MaleNoGlasses _f001707_mar0.030.jpg,0.06236969662247308,0.6426973797320301,0
YawnDD\no_yawn\13-MaleNoGlasses _f001710_mar0.030.jpg,0.0626632598715533,0.6472512030317216,0
YawnDD\no_yawn\13-MaleNoGlasses _f001713_mar0.030.jpg,0.06197575135386494,0.6453536050758687,0
YawnDD\no_yawn\13-MaleNoGlasses _f001716_mar0.030.jpg,0.06202467828893743,0.6480495412160729,0
YawnDD\no_yawn\13-MaleNoGlasses _f001719_mar0.030.jpg,0.06145696188924421,0.6397079934535372,0
YawnDD\no_yawn\13-MaleNoGlasses _f001722_mar0.030.jpg,0.06292477663072304,0.6356190421308339,0
YawnDD\no_yawn\13-MaleNoGlasses _f001725_mar0.030.jpg,0.06190365732482602,0.6393384415106217,0
YawnDD\no_yawn\13-MaleNoGlasses _f001728_mar0.030.jpg,0.062045264037187214,0.6329219647880702,0
YawnDD\no_yawn\13-MaleNoGlasses _f001731_mar0.030.jpg,0.06234744626454784,0.6395641775124272,0
YawnDD\no_yawn\13-MaleNoGlasses _f001734_mar0.030.jpg,0.06326562985652776,0.6420082290965978,0
YawnDD\no_yawn\13-MaleNoGlasses _f001737_mar0.030.jpg,0.06352903577619082,0.6409338129555807,0
YawnDD\no_yawn\13-MaleNoGlasses _f001740_mar0.030.jpg,0.06259906158932615,0.6465694053280239,0
YawnDD\no_yawn\13-MaleNoGlasses _f001743_mar0.030.jpg,0.06335932738413182,0.6309030559090514,0
YawnDD\no_yawn\13-MaleNoGlasses _f001746_mar0.030.jpg,0.06264578519187841,0.6401356630895018,0
YawnDD\no_yawn\13-MaleNoGlasses _f001749_mar0.030.jpg,0.062372464030510916,0.6535026781966686,0
YawnDD\no_yawn\13-MaleNoGlasses _f001752_mar0.030.jpg,0.06115406871078216,0.6519853920685194,0
YawnDD\no_yawn\13-MaleNoGlasses _f001848_mar0.030.jpg,0.08260829153494188,0.7419125390395944,0
YawnDD\no_yawn\13-MaleNoGlasses _f001851_mar0.030.jpg,0.07657723639629757,0.7305880123806813,0
YawnDD\no_yawn\13-MaleNoGlasses _f001857_mar0.030.jpg,0.07552259792533432,0.805281320019751,0
YawnDD\no_yawn\13-MaleNoGlasses _f001860_mar0.030.jpg,0.07614504997313432,0.7976714586038552,0
YawnDD\no_yawn\13-MaleNoGlasses _f001863_mar0.030.jpg,0.07687064516895106,0.8026589295125597,0
YawnDD\no_yawn\13-MaleNoGlasses _f001866_mar0.030.jpg,0.0760327047223641,0.8044149643740792,0
YawnDD\no_yawn\13-MaleNoGlasses _f001869_mar0.030.jpg,0.07329986329554107,0.8334161693085244,0
YawnDD\no_yawn\13-MaleNoGlasses _f001872_mar0.030.jpg,0.07147789624544537,0.8554130295255631,0
YawnDD\no_yawn\13-MaleNoGlasses _f001875_mar0.030.jpg,0.06986202950673824,0.8472879052363226,0
YawnDD\no_yawn\13-MaleNoGlasses _f001878_mar0.030.jpg,0.06880629524034074,0.8243050955369507,0
YawnDD\no_yawn\13-MaleNoGlasses _f001887_mar0.030.jpg,0.06293925239125125,0.8041265685765434,0
YawnDD\no_yawn\13-MaleNoGlasses _f001890_mar0.030.jpg,0.06482389930701567,0.7953393319821803,0
YawnDD\no_yawn\13-MaleNoGlasses _f001893_mar0.030.jpg,0.064484891970763,0.7804110416408765,0
YawnDD\no_yawn\13-MaleNoGlasses _f001896_mar0.030.jpg,0.06423232722123452,0.7699792482881376,0
YawnDD\no_yawn\13-MaleNoGlasses _f001899_mar0.030.jpg,0.0672780381844419,0.7600203051162174,0
YawnDD\no_yawn\13-MaleNoGlasses _f001905_mar0.030.jpg,0.06643110779719705,0.7758669918527441,0
YawnDD\no_yawn\13-MaleNoGlasses _f001908_mar0.030.jpg,0.06753929311436223,0.7661501577572288,0
YawnDD\no_yawn\13-MaleNoGlasses _f001911_mar0.030.jpg,0.06791139022456558,0.7561130487367684,0
YawnDD\no_yawn\13-MaleNoGlasses _f001914_mar0.030.jpg,0.06631643124503989,0.7476276715072835,0
YawnDD\no_yawn\13-MaleNoGlasses _f001917_mar0.030.jpg,0.06504527625130926,0.748266174670521,0
YawnDD\no_yawn\13-MaleNoGlasses _f001920_mar0.030.jpg,0.06588076592588026,0.7529563917032228,0
YawnDD\no_yawn\13-MaleNoGlasses _f001923_mar0.030.jpg,0.06470129601277277,0.7551165019781243,0
YawnDD\no_yawn\13-MaleNoGlasses _f001926_mar0.030.jpg,0.06441006108269196,0.7481629332097914,0
YawnDD\no_yawn\13-MaleNoGlasses _f001929_mar0.030.jpg,0.06580161932210114,0.7598348469302145,0
YawnDD\no_yawn\13-MaleNoGlasses _f001932_mar0.030.jpg,0.06433375625249736,0.7618482271780955,0
YawnDD\no_yawn\13-MaleNoGlasses _f001935_mar0.030.jpg,0.06425140826780908,0.7614063462429426,0
YawnDD\no_yawn\13-MaleNoGlasses _f001938_mar0.030.jpg,0.06641422720204816,0.7627760266937045,0
YawnDD\no_yawn\13-MaleNoGlasses _f001941_mar0.030.jpg,0.06640346116463179,0.7539398050871781,0
YawnDD\no_yawn\13-MaleNoGlasses _f001944_mar0.030.jpg,0.06686159673244976,0.7564685420463455,0
YawnDD\no_yawn\13-MaleNoGlasses _f001947_mar0.030.jpg,0.06312849480426054,0.7604054682663838,0
YawnDD\no_yawn\13-MaleNoGlasses _f001950_mar0.030.jpg,0.06302034492958129,0.7653162758863395,0
YawnDD\no_yawn\13-MaleNoGlasses _f001953_mar0.030.jpg,0.06538891598477385,0.7620724734454688,0
YawnDD\no_yawn\13-MaleNoGlasses _f001956_mar0.030.jpg,0.06318931025892341,0.7624762987527477,0
YawnDD\no_yawn\13-MaleNoGlasses _f001959_mar0.030.jpg,0.06407703704918094,0.7593426413836175,0
YawnDD\no_yawn\13-MaleNoGlasses _f001962_mar0.030.jpg,0.06306692220102438,0.7581361963967342,0
YawnDD\no_yawn\13-MaleNoGlasses _f001965_mar0.030.jpg,0.06232552652040516,0.7585944694547412,0
YawnDD\no_yawn\13-MaleNoGlasses _f001968_mar0.030.jpg,0.0635495701182378,0.7560641829101453,0
YawnDD\no_yawn\13-MaleNoGlasses _f001971_mar0.030.jpg,0.06372141936439439,0.7477948816239188,0
YawnDD\no_yawn\13-MaleNoGlasses _f001974_mar0.030.jpg,0.06278691059722355,0.7453242300842642,0
YawnDD\no_yawn\13-MaleNoGlasses _f001977_mar0.030.jpg,0.06323000198351522,0.7521306438053328,0
YawnDD\no_yawn\13-MaleNoGlasses _f001983_mar0.030.jpg,0.060957473756590046,0.7679718911188224,0
YawnDD\no_yawn\13-MaleNoGlasses _f001986_mar0.030.jpg,0.06398685471541224,0.7557169435686153,0
YawnDD\no_yawn\13-MaleNoGlasses _f001989_mar0.030.jpg,0.06228026369357031,0.7529009676077806,0
YawnDD\no_yawn\13-MaleNoGlasses _f001992_mar0.030.jpg,0.06411433646774137,0.7563567558559334,0
YawnDD\no_yawn\13-MaleNoGlasses _f001995_mar0.030.jpg,0.06730556630579108,0.7508226084818652,0
YawnDD\no_yawn\13-MaleNoGlasses _f002001_mar0.030.jpg,0.06647698056174417,0.7546685145565808,0
YawnDD\no_yawn\13-MaleNoGlasses _f002004_mar0.030.jpg,0.07124485346165989,0.7361842451255183,0
YawnDD\no_yawn\13-MaleNoGlasses _f002007_mar0.030.jpg,0.06660356250439563,0.7307487525967263,0
YawnDD\no_yawn\13-MaleNoGlasses _f002010_mar0.030.jpg,0.06992634420759414,0.7327985553657972,0
YawnDD\no_yawn\13-MaleNoGlasses _f002013_mar0.030.jpg,0.06954881802706175,0.7336992682011804,0
YawnDD\no_yawn\13-MaleNoGlasses _f002016_mar0.030.jpg,0.06834591654069608,0.7295012998795632,0
YawnDD\no_yawn\13-MaleNoGlasses _f002019_mar0.030.jpg,0.06742387191110212,0.7404669723381274,0
YawnDD\no_yawn\13-MaleNoGlasses _f002022_mar0.030.jpg,0.07110321881132732,0.7465234442721438,0
YawnDD\no_yawn\13-MaleNoGlasses _f002025_mar0.030.jpg,0.06779005859884338,0.7643371163137348,0
YawnDD\no_yawn\13-MaleNoGlasses _f002028_mar0.030.jpg,0.07270211136852064,0.7749509366189621,0
YawnDD\no_yawn\13-MaleNoGlasses _f002031_mar0.030.jpg,0.07270520886931642,0.776063182108727,0
YawnDD\no_yawn\13-MaleNoGlasses _f002034_mar0.030.jpg,0.07394650369219857,0.7886106689780366,0
YawnDD\no_yawn\13-MaleNoGlasses _f002037_mar0.030.jpg,0.07569377153534748,0.7821013751677619,0
YawnDD\no_yawn\13-MaleNoGlasses _f002043_mar0.030.jpg,0.07790663162740738,0.7719455982295963,0
YawnDD\no_yawn\13-MaleNoGlasses _f002046_mar0.030.jpg,0.07751204982520091,0.7482561660618217,0
YawnDD\no_yawn\13-MaleNoGlasses _f002049_mar0.030.jpg,0.07712499893176125,0.7098168395224869,0
YawnDD\no_yawn\13-MaleNoGlasses _f002055_mar0.030.jpg,0.07789839841034488,0.664361612178145,0
YawnDD\no_yawn\13-MaleNoGlasses _f002058_mar0.030.jpg,0.07901798679398536,0.6586831153414655,0
YawnDD\no_yawn\13-MaleNoGlasses _f002061_mar0.030.jpg,0.07762290298781764,0.6763028352999951,0
YawnDD\no_yawn\13-MaleNoGlasses _f002064_mar0.030.jpg,0.074686839551895,0.7285111540496176,0
YawnDD\no_yawn\13-MaleNoGlasses _f002067_mar0.030.jpg,0.0747732618483802,0.7865346485585667,0
YawnDD\no_yawn\13-MaleNoGlasses _f002070_mar0.030.jpg,0.0736160859376738,0.8123651157803142,0
YawnDD\no_yawn\13-MaleNoGlasses _f002073_mar0.030.jpg,0.07659929506697621,0.8733828028187874,0
YawnDD\no_yawn\13-MaleNoGlasses _f002076_mar0.030.jpg,0.07419918536571544,0.8981904518159678,0
YawnDD\no_yawn\13-MaleNoGlasses _f002079_mar0.030.jpg,0.07571514969814563,0.8871764920285485,0
YawnDD\no_yawn\13-MaleNoGlasses _f002082_mar0.030.jpg,0.07613319216003755,0.8957816532442685,0
YawnDD\no_yawn\13-MaleNoGlasses _f002085_mar0.030.jpg,0.07281009176502262,0.8855208099965283,0
YawnDD\no_yawn\13-MaleNoGlasses _f002088_mar0.030.jpg,0.07624768353002773,0.8650347915153892,0
YawnDD\no_yawn\13-MaleNoGlasses _f002091_mar0.030.jpg,0.07330951421674428,0.8543513686824581,0
YawnDD\no_yawn\13-MaleNoGlasses _f002094_mar0.030.jpg,0.07269006299490215,0.8515743992463263,0
YawnDD\no_yawn\13-MaleNoGlasses _f002097_mar0.030.jpg,0.07637085044344497,0.8557762389827934,0
YawnDD\no_yawn\13-MaleNoGlasses _f002100_mar0.030.jpg,0.07586980285767699,0.8502551683484774,0
YawnDD\no_yawn\13-MaleNoGlasses _f002103_mar0.030.jpg,0.07701751889802712,0.8636018922515218,0
YawnDD\no_yawn\13-MaleNoGlasses _f002106_mar0.030.jpg,0.07386097481327807,0.8549836923901203,0
YawnDD\no_yawn\13-MaleNoGlasses _f002112_mar0.030.jpg,0.07349749696148519,0.8587977515944506,0
YawnDD\no_yawn\13-MaleNoGlasses _f002115_mar0.030.jpg,0.07536178211533616,0.8486965884888259,0
YawnDD\no_yawn\13-MaleNoGlasses _f002118_mar0.030.jpg,0.07448077609697339,0.8441140730375476,0
YawnDD\no_yawn\13-MaleNoGlasses _f002121_mar0.030.jpg,0.07564443449339715,0.8422119903498415,0
YawnDD\no_yawn\13-MaleNoGlasses _f002124_mar0.030.jpg,0.07357102809753518,0.8369527667561255,0
YawnDD\no_yawn\13-MaleNoGlasses _f002127_mar0.030.jpg,0.07291510951823081,0.8382412290636952,0
YawnDD\no_yawn\13-MaleNoGlasses _f002130_mar0.030.jpg,0.07286010269165433,0.8407299914435734,0
YawnDD\no_yawn\13-MaleNoGlasses _f002133_mar0.030.jpg,0.07467315503051351,0.8341473212598752,0
YawnDD\no_yawn\13-MaleNoGlasses _f002136_mar0.030.jpg,0.0745427637103756,0.8311996763507953,0
YawnDD\no_yawn\13-MaleNoGlasses _f002139_mar0.030.jpg,0.07219932234925451,0.8300496619361211,0
YawnDD\no_yawn\13-MaleNoGlasses _f002142_mar0.030.jpg,0.07179954900016314,0.8223165930465796,0
YawnDD\no_yawn\13-MaleNoGlasses _f002145_mar0.030.jpg,0.07188485164612116,0.8147501738813702,0
YawnDD\no_yawn\13-MaleNoGlasses _f002148_mar0.030.jpg,0.07187818093640842,0.8133551677951002,0
YawnDD\no_yawn\13-MaleNoGlasses _f002151_mar0.030.jpg,0.07285675141826571,0.8388826125538099,0
YawnDD\no_yawn\13-MaleNoGlasses _f002163_mar0.030.jpg,0.07368731116156711,0.8392184506115941,0
YawnDD\no_yawn\13-MaleNoGlasses _f002166_mar0.030.jpg,0.06944781731695053,0.8439279236476716,0
YawnDD\no_yawn\13-MaleNoGlasses _f002169_mar0.030.jpg,0.07288758855427428,0.8417772738731366,0
YawnDD\no_yawn\13-MaleNoGlasses _f002172_mar0.030.jpg,0.07172239902809434,0.8488753443828498,0
YawnDD\no_yawn\13-MaleNoGlasses _f002175_mar0.030.jpg,0.07049755235317146,0.8552471600348484,0
YawnDD\no_yawn\13-MaleNoGlasses _f002178_mar0.030.jpg,0.07149328388004252,0.8482692499178894,0
YawnDD\no_yawn\13-MaleNoGlasses _f002181_mar0.030.jpg,0.07107263684672238,0.8319771894563787,0
YawnDD\no_yawn\13-MaleNoGlasses _f002184_mar0.030.jpg,0.07478709457300063,0.8129399045747817,0
YawnDD\no_yawn\13-MaleNoGlasses _f002187_mar0.030.jpg,0.07312487975132462,0.8173190172203146,0
YawnDD\no_yawn\14-MaleNoGlasses_f000003_mar0.030.jpg,0.06533745112766837,0.8792402269377558,0
YawnDD\no_yawn\14-MaleNoGlasses_f000018_mar0.030.jpg,0.06666153986892362,0.8859562105111578,0
YawnDD\no_yawn\14-MaleNoGlasses_f000021_mar0.030.jpg,0.06767283123379594,0.8808864866742147,0
YawnDD\no_yawn\14-MaleNoGlasses_f000024_mar0.030.jpg,0.07981490332567213,0.8852889672849651,0
YawnDD\no_yawn\14-MaleNoGlasses_f000069_mar0.030.jpg,0.046711434362026294,1.023224219931686,0
YawnDD\no_yawn\14-MaleNoGlasses_f000072_mar0.030.jpg,0.04101271839272013,1.0438547831278797,0
YawnDD\no_yawn\14-MaleNoGlasses_f000075_mar0.030.jpg,0.03831310726080202,1.0226994275566104,0
YawnDD\no_yawn\14-MaleNoGlasses_f000078_mar0.030.jpg,0.044848551340519495,1.0152963099571666,0
YawnDD\no_yawn\14-MaleNoGlasses_f000081_mar0.030.jpg,0.043841616767754735,1.0080631885890565,0
YawnDD\no_yawn\14-MaleNoGlasses_f000084_mar0.030.jpg,0.04414202364703188,0.9965251098940933,0
YawnDD\no_yawn\14-MaleNoGlasses_f000087_mar0.030.jpg,0.044528968071039475,1.0062371777220058,0
YawnDD\no_yawn\14-MaleNoGlasses_f000090_mar0.030.jpg,0.04465727276643022,1.0168869535157279,0
YawnDD\no_yawn\14-MaleNoGlasses_f000093_mar0.030.jpg,0.04809717298262077,1.0074419427739727,0
YawnDD\no_yawn\14-MaleNoGlasses_f000111_mar0.030.jpg,0.05478586941081049,0.9270848748311121,0
YawnDD\no_yawn\14-MaleNoGlasses_f000114_mar0.030.jpg,0.05643405542650695,0.9101350876397161,0
YawnDD\no_yawn\14-MaleNoGlasses_f000129_mar0.030.jpg,0.032905437427839884,1.1593565504766956,0
YawnDD\no_yawn\14-MaleNoGlasses_f000132_mar0.030.jpg,0.03733847342347545,1.1730728727231534,0
YawnDD\no_yawn\14-MaleNoGlasses_f000147_mar0.030.jpg,0.03829984026855857,1.1155598517152243,0
YawnDD\no_yawn\14-MaleNoGlasses_f000153_mar0.030.jpg,0.05186499727052721,1.0177906604143885,0
YawnDD\no_yawn\14-MaleNoGlasses_f000186_mar0.030.jpg,0.047148714572585584,1.0216817297147827,0
YawnDD\no_yawn\14-MaleNoGlasses_f000198_mar0.030.jpg,0.042299732009786005,1.202468465869269,0
YawnDD\no_yawn\14-MaleNoGlasses_f000426_mar0.030.jpg,0.04470227287621259,0.9704515723696318,0
YawnDD\no_yawn\14-MaleNoGlasses_f000438_mar0.030.jpg,0.052057309950750995,0.9797416151576211,0
YawnDD\no_yawn\14-MaleNoGlasses_f000441_mar0.030.jpg,0.05675828652700969,0.9960122257611917,0
YawnDD\no_yawn\14-MaleNoGlasses_f000465_mar0.030.jpg,0.05415265917653251,1.0254817370579004,0
YawnDD\no_yawn\14-MaleNoGlasses_f000477_mar0.030.jpg,0.05041200430009023,0.9962865951197497,0
YawnDD\no_yawn\14-MaleNoGlasses_f000507_mar0.030.jpg,0.05173434906046674,0.9964605758353152,0
YawnDD\no_yawn\14-MaleNoGlasses_f000510_mar0.030.jpg,0.06397973143532938,0.9961505579309777,0
YawnDD\no_yawn\14-MaleNoGlasses_f000525_mar0.030.jpg,0.055144056212434144,1.020365438020386,0
YawnDD\no_yawn\14-MaleNoGlasses_f000528_mar0.030.jpg,0.04774169331678402,1.0333605762503604,0
YawnDD\no_yawn\14-MaleNoGlasses_f000531_mar0.030.jpg,0.05233167571409412,1.0261928490208903,0
YawnDD\no_yawn\14-MaleNoGlasses_f000729_mar0.030.jpg,0.09025416799885748,0.9074059003414127,0
YawnDD\no_yawn\14-MaleNoGlasses_f000732_mar0.030.jpg,0.07326277520171169,0.8838855100116283,0
YawnDD\no_yawn\14-MaleNoGlasses_f000735_mar0.030.jpg,0.07144806500109763,0.9021264351412195,0
YawnDD\no_yawn\14-MaleNoGlasses_f000738_mar0.030.jpg,0.07059717907854177,0.8700845381820441,0
YawnDD\no_yawn\14-MaleNoGlasses_f000741_mar0.030.jpg,0.07025625072338329,0.895966194080227,0
YawnDD\no_yawn\14-MaleNoGlasses_f000744_mar0.030.jpg,0.07135771069986771,0.919048055220662,0
YawnDD\no_yawn\14-MaleNoGlasses_f000957_mar0.030.jpg,0.0810089096996437,0.9702221766272378,0
YawnDD\no_yawn\14-MaleNoGlasses_f000999_mar0.030.jpg,0.075788774501839,0.9879267492273899,0
YawnDD\no_yawn\14-MaleNoGlasses_f001002_mar0.030.jpg,0.07343987571192084,0.9938736469080247,0
YawnDD\no_yawn\14-MaleNoGlasses_f001005_mar0.030.jpg,0.07176642382778485,0.9957992087317071,0
YawnDD\no_yawn\14-MaleNoGlasses_f001008_mar0.030.jpg,0.0671488017626072,1.0149146326312946,0
YawnDD\no_yawn\14-MaleNoGlasses_f001011_mar0.030.jpg,0.06860343421938406,1.0148761332026504,0
YawnDD\no_yawn\14-MaleNoGlasses_f001014_mar0.030.jpg,0.06357290422992984,1.0216505789170993,0
YawnDD\no_yawn\14-MaleNoGlasses_f001017_mar0.030.jpg,0.07613923100056601,1.0247863163867592,0
YawnDD\no_yawn\14-MaleNoGlasses_f001020_mar0.030.jpg,0.060348192100494705,1.0352696247847246,0
YawnDD\no_yawn\14-MaleNoGlasses_f001023_mar0.030.jpg,0.06371239513229937,1.1266471492278305,0
YawnDD\no_yawn\14-MaleNoGlasses_f001026_mar0.034.jpg,0.050269206971738284,1.092358059703887,0
YawnDD\no_yawn\14-MaleNoGlasses_f001035_mar0.037.jpg,0.08029680085040675,1.0952156196297396,0
YawnDD\no_yawn\14-MaleNoGlasses_f001047_mar0.036.jpg,0.08372548158725256,1.1176928450259773,0
YawnDD\no_yawn\14-MaleNoGlasses_f001059_mar0.030.jpg,0.07661357982578969,1.1608725264117434,0
YawnDD\no_yawn\14-MaleNoGlasses_f001065_mar0.030.jpg,0.07196668773918893,1.1145492558222,0
YawnDD\no_yawn\14-MaleNoGlasses_f001146_mar0.030.jpg,0.05955870024468663,1.0542267053796286,0
YawnDD\no_yawn\14-MaleNoGlasses_f001149_mar0.030.jpg,0.06484494336064116,1.0399830121201077,0
YawnDD\no_yawn\14-MaleNoGlasses_f001167_mar0.030.jpg,0.07193743704598352,0.9905676446797317,0
YawnDD\no_yawn\14-MaleNoGlasses_f001179_mar0.030.jpg,0.06265086884278599,1.0223436524199048,0
YawnDD\no_yawn\14-MaleNoGlasses_f001188_mar0.030.jpg,0.06400719102925234,0.9775110074382207,0
YawnDD\no_yawn\14-MaleNoGlasses_f001203_mar0.030.jpg,0.06451408953215507,1.0259735714878495,0
YawnDD\no_yawn\14-MaleNoGlasses_f001206_mar0.031.jpg,0.08216860794027754,1.010376246602511,0
YawnDD\no_yawn\14-MaleNoGlasses_f001224_mar0.030.jpg,0.05604512836325675,1.0580872858126393,0
YawnDD\no_yawn\14-MaleNoGlasses_f001233_mar0.030.jpg,0.04866877622432402,1.1009331685781845,0
YawnDD\no_yawn\14-MaleNoGlasses_f001242_mar0.030.jpg,0.0662121957943417,1.1348020632213525,0
YawnDD\no_yawn\14-MaleNoGlasses_f001245_mar0.030.jpg,0.05333022307922179,1.0810756912407185,0
YawnDD\no_yawn\14-MaleNoGlasses_f001248_mar0.030.jpg,0.05436219176867845,1.0916375322306413,0
YawnDD\no_yawn\14-MaleNoGlasses_f001278_mar0.030.jpg,0.04494363166352442,1.2207158870393953,0
YawnDD\no_yawn\14-MaleNoGlasses_f001281_mar0.030.jpg,0.06611404823256836,1.213062573461763,0
YawnDD\no_yawn\14-MaleNoGlasses_f001302_mar0.030.jpg,0.03754568563888807,1.14740405534341,0
YawnDD\no_yawn\14-MaleNoGlasses_f001311_mar0.030.jpg,0.053460092533861366,1.038085676599351,0
YawnDD\no_yawn\14-MaleNoGlasses_f001326_mar0.030.jpg,0.0678103209077468,0.9744006034499593,0
YawnDD\no_yawn\14-MaleNoGlasses_f001329_mar0.030.jpg,0.08883269224692157,0.9714192475637268,0
YawnDD\no_yawn\14-MaleNoGlasses_f001464_mar0.030.jpg,0.09206808151380215,0.9253207733221411,0
YawnDD\no_yawn\14-MaleNoGlasses_f001467_mar0.030.jpg,0.09887332219007354,0.9993935000594985,0
YawnDD\no_yawn\14-MaleNoGlasses_f001518_mar0.030.jpg,0.08476009334505567,0.9175351969979778,0
YawnDD\no_yawn\14-MaleNoGlasses_f001542_mar0.030.jpg,0.08619555276558293,0.9513795053977369,0
YawnDD\no_yawn\14-MaleNoGlasses_f001545_mar0.030.jpg,0.09125152799157363,0.9531210891431456,0
YawnDD\no_yawn\14-MaleNoGlasses_f001572_mar0.030.jpg,0.038750620282764846,0.9897106078976191,0
YawnDD\no_yawn\14-MaleNoGlasses_f001581_mar0.030.jpg,0.04627405156167319,0.9618826995544141,0
YawnDD\no_yawn\14-MaleNoGlasses_f001584_mar0.030.jpg,0.049605517536746614,0.9470809894763288,0
YawnDD\no_yawn\14-MaleNoGlasses_f001668_mar0.030.jpg,0.04300342379323794,1.0846129560818303,0
YawnDD\no_yawn\14-MaleNoGlasses_f001677_mar0.030.jpg,0.03972623353634574,1.0730456327242108,0
YawnDD\no_yawn\14-MaleNoGlasses_f001701_mar0.030.jpg,0.04131440021591194,1.0728979095752496,0
YawnDD\no_yawn\14-MaleNoGlasses_f001704_mar0.030.jpg,0.03723052704383981,1.0610284865492516,0
YawnDD\no_yawn\14-MaleNoGlasses_f001707_mar0.030.jpg,0.03982161118245668,1.0732664293112315,0
YawnDD\no_yawn\14-MaleNoGlasses_f001710_mar0.030.jpg,0.0400882917987997,1.0570137756213398,0
YawnDD\no_yawn\14-MaleNoGlasses_f001713_mar0.030.jpg,0.03729082070192868,1.0499836557895792,0
YawnDD\no_yawn\14-MaleNoGlasses_f001716_mar0.030.jpg,0.04043249558370466,1.048710421352964,0
YawnDD\no_yawn\14-MaleNoGlasses_f001719_mar0.030.jpg,0.04170231337814883,1.0587834608670683,0
YawnDD\no_yawn\14-MaleNoGlasses_f001722_mar0.030.jpg,0.04035865323925011,1.0367360287680563,0
YawnDD\no_yawn\14-MaleNoGlasses_f001728_mar0.030.jpg,0.0455310810248417,1.0002683654041582,0
YawnDD\no_yawn\14-MaleNoGlasses_f001731_mar0.030.jpg,0.05290530377161141,0.9040683087519965,0
YawnDD\no_yawn\14-MaleNoGlasses_f001734_mar0.030.jpg,0.052758456021671854,0.8170769290444536,0
YawnDD\no_yawn\14-MaleNoGlasses_f001737_mar0.030.jpg,0.057112017509088044,0.7578349499291014,0
YawnDD\no_yawn\14-MaleNoGlasses_f001740_mar0.030.jpg,0.051082023375971355,0.7922522917128438,0
YawnDD\no_yawn\14-MaleNoGlasses_f001743_mar0.030.jpg,0.05279286148216385,0.8055444154281528,0
YawnDD\no_yawn\14-MaleNoGlasses_f001746_mar0.030.jpg,0.04833966646805041,0.9237908866281798,0
YawnDD\no_yawn\14-MaleNoGlasses_f001785_mar0.030.jpg,0.05906990730066785,0.9168876867395547,0
YawnDD\no_yawn\14-MaleNoGlasses_f001791_mar0.030.jpg,0.046084871882387364,0.9772198515817174,0
YawnDD\no_yawn\14-MaleNoGlasses_f001797_mar0.030.jpg,0.05461058599916282,0.9840450692528806,0
YawnDD\no_yawn\14-MaleNoGlasses_f001842_mar0.030.jpg,0.05304407841848189,0.990982077389285,0
YawnDD\no_yawn\14-MaleNoGlasses_f001866_mar0.030.jpg,0.06848035299959125,0.9188323137734603,0
YawnDD\no_yawn\14-MaleNoGlasses_f001893_mar0.030.jpg,0.07201424947406022,0.9179268163053655,0
YawnDD\no_yawn\14-MaleNoGlasses_f001896_mar0.034.jpg,0.0828878367477643,0.9509574420201935,0
YawnDD\no_yawn\14-MaleNoGlasses_f001899_mar0.030.jpg,0.06745345433424041,0.9264209617422524,0
YawnDD\no_yawn\14-MaleNoGlasses_f001959_mar0.030.jpg,0.05333899492071136,0.9301244466698925,0
YawnDD\no_yawn\14-MaleNoGlasses_f002001_mar0.030.jpg,0.04241607975379254,1.089725035756066,0
YawnDD\no_yawn\14-MaleNoGlasses_f002031_mar0.034.jpg,0.049147510297781805,1.0095682221123072,0
YawnDD\no_yawn\14-MaleNoGlasses_f002037_mar0.030.jpg,0.04491657239860788,0.9553563152558395,0
YawnDD\no_yawn\14-MaleNoGlasses_f002355_mar0.030.jpg,0.07733801218956662,0.8969021757348304,0
YawnDD\no_yawn\14-MaleNoGlasses_f002358_mar0.030.jpg,0.07269749207765115,0.9012729890734831,0
YawnDD\no_yawn\14-MaleNoGlasses_f002361_mar0.030.jpg,0.07334951411223255,0.9075804634929405,0
YawnDD\no_yawn\14-MaleNoGlasses_f002364_mar0.030.jpg,0.07377202749087779,0.9037051399958028,0
YawnDD\no_yawn\14-MaleNoGlasses_f002367_mar0.030.jpg,0.07626456393639651,0.9022601275921689,0
YawnDD\no_yawn\14-MaleNoGlasses_f002370_mar0.030.jpg,0.07621675313864426,0.9050733750551696,0
YawnDD\no_yawn\14-MaleNoGlasses_f002373_mar0.030.jpg,0.07352147967790612,0.9113843968415599,0
YawnDD\no_yawn\14-MaleNoGlasses_f002376_mar0.030.jpg,0.07512306670094529,0.9079385442033182,0
YawnDD\no_yawn\14-MaleNoGlasses_f002379_mar0.030.jpg,0.07409032270712715,0.8998098245882875,0
YawnDD\no_yawn\14-MaleNoGlasses_f002382_mar0.030.jpg,0.07397157720257441,0.9166655907339377,0
YawnDD\no_yawn\14-MaleNoGlasses_f002385_mar0.030.jpg,0.10629682510303115,0.9174984124178059,0
YawnDD\no_yawn\14-MaleNoGlasses_f002388_mar0.030.jpg,0.13365163801048965,0.9266604942848102,0
YawnDD\no_yawn\14-MaleNoGlasses_f002448_mar0.030.jpg,0.07202074649224158,0.9318795928854916,0
YawnDD\no_yawn\14-MaleNoGlasses_f002451_mar0.034.jpg,0.13268422516460174,0.9520330541641164,0
YawnDD\no_yawn\14-MaleNoGlasses_f002457_mar0.030.jpg,0.0732077663974919,0.9474102906870352,0
YawnDD\no_yawn\14-MaleNoGlasses_f002484_mar0.030.jpg,0.07374353309978338,0.9133644729951618,0
YawnDD\no_yawn\14-MaleNoGlasses_f002487_mar0.030.jpg,0.07472602229484943,0.950160077812917,0
YawnDD\no_yawn\14-MaleNoGlasses_f002502_mar0.030.jpg,0.09395928682818136,0.9153357144761339,0
YawnDD\no_yawn\14-MaleNoGlasses_f002526_mar0.030.jpg,0.0748201760568946,0.938076431058615,0
YawnDD\no_yawn\14-MaleNoGlasses_f002538_mar0.030.jpg,0.07669433379364768,0.8980637418870632,0
YawnDD\no_yawn\14-MaleNoGlasses_f002547_mar0.030.jpg,0.14044902273064036,0.9546939061174208,0
YawnDD\no_yawn\14-MaleNoGlasses_f002562_mar0.030.jpg,0.11007844729263837,0.9187767216420369,0
YawnDD\no_yawn\14-MaleNoGlasses_f002568_mar0.030.jpg,0.04783841394243348,0.954842714793869,0
YawnDD\no_yawn\14-MaleNoGlasses_f002571_mar0.030.jpg,0.05228806062890082,0.9531388521369573,0
YawnDD\no_yawn\14-MaleNoGlasses_f002574_mar0.030.jpg,0.06291868766302194,0.9122945234879967,0
YawnDD\no_yawn\14-MaleNoGlasses_f002592_mar0.030.jpg,0.0415906830716441,1.2290524174402822,0
YawnDD\no_yawn\14-MaleNoGlasses_f002604_mar0.030.jpg,0.03269405309690141,1.2221461180105169,0
YawnDD\no_yawn\14-MaleNoGlasses_f002676_mar0.030.jpg,0.05280454473445628,0.9061779395334761,0
YawnDD\no_yawn\14-MaleNoGlasses_f002688_mar0.030.jpg,0.04516342998837394,1.068632185929424,0
YawnDD\no_yawn\14-MaleNoGlasses_f002691_mar0.030.jpg,0.03478863106429268,1.1033651584487152,0
YawnDD\no_yawn\14-MaleNoGlasses_f002694_mar0.030.jpg,0.03782852379553807,1.169093730269943,0
YawnDD\no_yawn\14-MaleNoGlasses_f002697_mar0.030.jpg,0.03767990283176244,1.1745293709395472,0
YawnDD\no_yawn\14-MaleNoGlasses_f002700_mar0.030.jpg,0.04696984699449304,1.1616431173377233,0
YawnDD\no_yawn\14-MaleNoGlasses_f002703_mar0.030.jpg,0.03227254284994325,1.153506480745604,0
YawnDD\no_yawn\14-MaleNoGlasses_f002706_mar0.030.jpg,0.037049740502536344,1.1647133429617331,0
YawnDD\no_yawn\14-MaleNoGlasses_f002709_mar0.030.jpg,0.03771681671759231,1.1806776020716616,0
YawnDD\no_yawn\14-MaleNoGlasses_f002712_mar0.030.jpg,0.039482933709894925,1.1930097066540686,0
YawnDD\no_yawn\14-MaleNoGlasses_f002715_mar0.030.jpg,0.031224566187284513,1.1801005852651831,0
YawnDD\no_yawn\14-MaleNoGlasses_f002784_mar0.030.jpg,0.059770416360981585,0.8964442580704843,0
YawnDD\no_yawn\14-MaleNoGlasses_f002799_mar0.030.jpg,0.04355502376993259,0.9402703960342473,0
YawnDD\no_yawn\14-MaleNoGlasses_f002823_mar0.030.jpg,0.030436481795784016,1.249922149029409,0
YawnDD\no_yawn\14-MaleNoGlasses_f002826_mar0.030.jpg,0.025186845937587805,1.1942432229018733,0
YawnDD\no_yawn\14-MaleNoGlasses_f002829_mar0.030.jpg,0.02503739686576189,1.2222126757771214,0
YawnDD\no_yawn\14-MaleNoGlasses_f002838_mar0.030.jpg,0.03880739078281471,1.227646551245294,0
YawnDD\no_yawn\14-MaleNoGlasses_f002844_mar0.030.jpg,0.053949410371623374,0.9961014728360365,0
YawnDD\no_yawn\14-MaleNoGlasses_f002856_mar0.030.jpg,0.05624488392044714,0.9210688369763966,0
YawnDD\no_yawn\14-MaleNoGlasses_f002907_mar0.030.jpg,0.04638419219172545,0.9899272078041145,0
YawnDD\no_yawn\14-MaleNoGlasses_f002913_mar0.030.jpg,0.05026726000349477,0.9844328259083138,0
YawnDD\no_yawn\15-MaleGlasses_f000081_mar0.030.jpg,0.0536880999058291,0.9906521267319498,0
YawnDD\no_yawn\15-MaleGlasses_f000090_mar0.033.jpg,0.08144060197789366,1.0515912394394469,0
YawnDD\no_yawn\15-MaleGlasses_f000213_mar0.030.jpg,0.0854992577213219,0.9106383143517276,0
YawnDD\no_yawn\15-MaleGlasses_f000282_mar0.030.jpg,0.06648989891389845,0.8971179673637399,0
YawnDD\no_yawn\15-MaleGlasses_f000285_mar0.030.jpg,0.06924681206279894,0.8973552107635203,0
YawnDD\no_yawn\15-MaleGlasses_f000291_mar0.030.jpg,0.0974332722083451,0.9014466656480529,0
YawnDD\no_yawn\15-MaleGlasses_f000348_mar0.030.jpg,0.0559119752404721,1.005843021513813,0
YawnDD\no_yawn\15-MaleGlasses_f000375_mar0.030.jpg,0.05261398877058123,0.898150753210028,0
YawnDD\no_yawn\15-MaleGlasses_f000381_mar0.030.jpg,0.07000890346285821,0.8961325536837493,0
YawnDD\no_yawn\15-MaleGlasses_f000402_mar0.030.jpg,0.05153641242701355,0.9288168339113084,0
YawnDD\no_yawn\15-MaleGlasses_f000450_mar0.030.jpg,0.11682320357483603,0.9364895969432763,0
YawnDD\no_yawn\15-MaleGlasses_f000516_mar0.030.jpg,0.08785533796235742,0.9138991811621121,0
YawnDD\no_yawn\15-MaleGlasses_f000891_mar0.030.jpg,0.11206056005409497,0.9072204122713484,0
YawnDD\no_yawn\15-MaleGlasses_f000897_mar0.030.jpg,0.1054540832557092,0.9322091182853527,0
YawnDD\no_yawn\15-MaleGlasses_f001020_mar0.030.jpg,0.09708719580062147,0.9523846040397071,0
YawnDD\no_yawn\15-MaleGlasses_f001038_mar0.030.jpg,0.07847605244928396,0.9316157973552306,0
YawnDD\no_yawn\15-MaleGlasses_f001065_mar0.030.jpg,0.07922517017090192,0.9136886615130575,0
YawnDD\no_yawn\15-MaleGlasses_f001440_mar0.030.jpg,0.07545712374652314,0.8502039776046988,0
YawnDD\no_yawn\15-MaleGlasses_f001443_mar0.030.jpg,0.08197027542060772,0.8253979099957756,0
YawnDD\no_yawn\15-MaleGlasses_f001446_mar0.030.jpg,0.08456389814404558,0.8260338056619224,0
YawnDD\no_yawn\15-MaleGlasses_f001449_mar0.030.jpg,0.08321771921399579,0.855475370297262,0
YawnDD\no_yawn\15-MaleGlasses_f001452_mar0.030.jpg,0.09547803133870078,0.8742989388094514,0
YawnDD\no_yawn\15-MaleGlasses_f001455_mar0.030.jpg,0.09817221890449605,0.9094835693811978,0
YawnDD\no_yawn\15-MaleGlasses_f001458_mar0.030.jpg,0.09605404348775426,0.9382941699439702,0
YawnDD\no_yawn\15-MaleGlasses_f001461_mar0.030.jpg,0.09952431847081376,0.9231629130923946,0
YawnDD\no_yawn\15-MaleGlasses_f001473_mar0.030.jpg,0.04305013268225892,1.1164838023147892,0
YawnDD\no_yawn\15-MaleGlasses_f001476_mar0.030.jpg,0.03873253626904159,1.1804801815517723,0
YawnDD\no_yawn\15-MaleGlasses_f001479_mar0.030.jpg,0.038229675088428124,1.3520462831415396,0
YawnDD\no_yawn\15-MaleGlasses_f001482_mar0.030.jpg,0.03979533984949735,1.2554489911795534,0
YawnDD\no_yawn\15-MaleGlasses_f001500_mar0.030.jpg,0.04527504718663783,0.9043021442060702,0
YawnDD\no_yawn\15-MaleGlasses_f001515_mar0.030.jpg,0.06642053683223131,0.8457229939685112,0
YawnDD\no_yawn\15-MaleGlasses_f001851_mar0.030.jpg,0.10271780222412771,0.8681790792784119,0
YawnDD\no_yawn\15-MaleGlasses_f001881_mar0.030.jpg,0.1070960091142252,0.9059976377329327,0
YawnDD\no_yawn\15-MaleGlasses_f002073_mar0.030.jpg,0.06801786875431479,0.7901699725595854,0
YawnDD\no_yawn\15-MaleGlasses_f002115_mar0.030.jpg,0.09260896869142007,0.9339928411384621,0
YawnDD\no_yawn\15-MaleGlasses_f002118_mar0.030.jpg,0.12672167231511017,0.9599424655070291,0
YawnDD\no_yawn\15-MaleGlasses_f002124_mar0.030.jpg,0.13202103785580424,0.9407228435019818,0
YawnDD\no_yawn\15-MaleGlasses_f002241_mar0.030.jpg,0.07385680349536847,1.0044603159255168,0
YawnDD\no_yawn\15-MaleGlasses_f002244_mar0.030.jpg,0.07534504055314513,1.014981490251401,0
YawnDD\no_yawn\15-MaleGlasses_f002250_mar0.030.jpg,0.05539038916939364,1.020975670697559,0
YawnDD\no_yawn\15-MaleGlasses_f002292_mar0.030.jpg,0.05990952249774024,0.8526327844953019,0
YawnDD\no_yawn\15-MaleGlasses_f002307_mar0.035.jpg,0.10002132651772645,0.858293693048508,0
YawnDD\no_yawn\15-MaleGlasses_f002328_mar0.030.jpg,0.09378263134561829,0.951497681244544,0
YawnDD\no_yawn\15-MaleGlasses_f002361_mar0.030.jpg,0.07980858965975869,0.906930915377567,0
YawnDD\no_yawn\15-MaleGlasses_f002364_mar0.030.jpg,0.08197718589041085,0.9170788928346046,0
YawnDD\no_yawn\15-MaleGlasses_f002466_mar0.030.jpg,0.10956248023276517,0.9439064123544731,0
YawnDD\no_yawn\15-MaleGlasses_f002472_mar0.031.jpg,0.10579749511542724,0.9273490957136076,0
YawnDD\no_yawn\15-MaleGlasses_f002487_mar0.030.jpg,0.06870711796898174,0.9476889339035117,0
YawnDD\no_yawn\15-MaleGlasses_f002571_mar0.030.jpg,0.07461719996907558,0.9303671201925627,0
YawnDD\no_yawn\15-MaleGlasses_f002574_mar0.030.jpg,0.07744060670211417,0.9405474897863643,0
YawnDD\no_yawn\15-MaleGlasses_f002577_mar0.030.jpg,0.07988870855791096,0.9333132471375328,0
YawnDD\no_yawn\15-MaleGlasses_f002580_mar0.030.jpg,0.07213928013351831,0.9154923509865385,0
YawnDD\no_yawn\15-MaleGlasses_f002583_mar0.030.jpg,0.0672494918057347,0.9144658945702301,0
YawnDD\no_yawn\15-MaleGlasses_f002586_mar0.030.jpg,0.06426401499297912,0.9131469119750069,0
YawnDD\no_yawn\15-MaleGlasses_f002589_mar0.030.jpg,0.06825726772642694,0.9361421969757358,0
YawnDD\no_yawn\15-MaleGlasses_f002592_mar0.030.jpg,0.06994170781140537,0.926853803814185,0
YawnDD\no_yawn\16-MaleNoGlasses_f000000_mar0.030.jpg,0.06184082175055873,0.9042773930832557,0
YawnDD\no_yawn\16-MaleNoGlasses_f000003_mar0.030.jpg,0.06500311577372171,0.9144133134071819,0
YawnDD\no_yawn\16-MaleNoGlasses_f000006_mar0.030.jpg,0.07297773551738951,0.8649956058777653,0
YawnDD\no_yawn\16-MaleNoGlasses_f000009_mar0.030.jpg,0.07318025652888731,0.9198581357957302,0
YawnDD\no_yawn\16-MaleNoGlasses_f000021_mar0.030.jpg,0.09302839348577328,0.9064568057238745,0
YawnDD\no_yawn\16-MaleNoGlasses_f000024_mar0.030.jpg,0.061040201621527665,0.8685639805886024,0
YawnDD\no_yawn\16-MaleNoGlasses_f000027_mar0.030.jpg,0.06261892620099299,0.8836337848151102,0
YawnDD\no_yawn\16-MaleNoGlasses_f000030_mar0.030.jpg,0.06701311304176268,0.8807813960986962,0
YawnDD\no_yawn\16-MaleNoGlasses_f000033_mar0.030.jpg,0.07856656232866396,0.8693835422857866,0
YawnDD\no_yawn\16-MaleNoGlasses_f000036_mar0.030.jpg,0.06675460292714086,0.8558518455879198,0
YawnDD\no_yawn\16-MaleNoGlasses_f000039_mar0.030.jpg,0.0672861782656747,0.8482637688210511,0
YawnDD\no_yawn\16-MaleNoGlasses_f000042_mar0.030.jpg,0.06477069812294095,0.8749744670785671,0
YawnDD\no_yawn\16-MaleNoGlasses_f000045_mar0.030.jpg,0.059945386093566276,0.9405795145421098,0
YawnDD\no_yawn\16-MaleNoGlasses_f000048_mar0.030.jpg,0.06368107075878407,0.9628613053505072,0
YawnDD\no_yawn\16-MaleNoGlasses_f000051_mar0.030.jpg,0.054239124411914044,1.0012081569035438,0
YawnDD\no_yawn\16-MaleNoGlasses_f000054_mar0.030.jpg,0.05484230704165627,0.9794538330881405,0
YawnDD\no_yawn\16-MaleNoGlasses_f000057_mar0.030.jpg,0.062447298537318,0.9845199848826147,0
YawnDD\no_yawn\16-MaleNoGlasses_f000066_mar0.030.jpg,0.07147556528006861,0.980600366593353,0
YawnDD\no_yawn\16-MaleNoGlasses_f000069_mar0.030.jpg,0.0708904078783913,0.9876476608679402,0
YawnDD\no_yawn\16-MaleNoGlasses_f000072_mar0.030.jpg,0.06894980330567524,0.9733681717874755,0
YawnDD\no_yawn\16-MaleNoGlasses_f000075_mar0.030.jpg,0.06674780900562356,0.9676819332709303,0
YawnDD\no_yawn\16-MaleNoGlasses_f000078_mar0.030.jpg,0.0666487626061948,0.9808382621735086,0
YawnDD\no_yawn\16-MaleNoGlasses_f000081_mar0.030.jpg,0.0678849174370296,0.9745537553489448,0
YawnDD\no_yawn\16-MaleNoGlasses_f000084_mar0.030.jpg,0.06712176127789632,0.9653788867653227,0
YawnDD\no_yawn\16-MaleNoGlasses_f000087_mar0.030.jpg,0.06584478514934278,0.9477973469314134,0
YawnDD\no_yawn\16-MaleNoGlasses_f000090_mar0.030.jpg,0.06607342363837182,0.9488196480583894,0
YawnDD\no_yawn\16-MaleNoGlasses_f000093_mar0.030.jpg,0.06678079102821954,0.9489792321400151,0
YawnDD\no_yawn\16-MaleNoGlasses_f000117_mar0.030.jpg,0.09677326411272222,1.0285983739773064,0
YawnDD\no_yawn\16-MaleNoGlasses_f000120_mar0.030.jpg,0.09673228265747141,1.0238633198979612,0
YawnDD\no_yawn\16-MaleNoGlasses_f000126_mar0.030.jpg,0.08030942919179884,0.9131801566705882,0
YawnDD\no_yawn\16-MaleNoGlasses_f000129_mar0.030.jpg,0.0713230091605029,0.8826618637308301,0
YawnDD\no_yawn\16-MaleNoGlasses_f000132_mar0.030.jpg,0.06490980232045311,0.9193488084319666,0
YawnDD\no_yawn\16-MaleNoGlasses_f000135_mar0.030.jpg,0.06266038104922683,0.9492587942545639,0
YawnDD\no_yawn\16-MaleNoGlasses_f000138_mar0.030.jpg,0.06155279579898923,0.9088341876340645,0
YawnDD\no_yawn\16-MaleNoGlasses_f000141_mar0.030.jpg,0.06318426262426012,0.9146536766908243,0
YawnDD\no_yawn\16-MaleNoGlasses_f000144_mar0.030.jpg,0.0626300722178232,0.9419269723305634,0
YawnDD\no_yawn\16-MaleNoGlasses_f000147_mar0.030.jpg,0.0651855599997745,0.9162919859393917,0
YawnDD\no_yawn\16-MaleNoGlasses_f000150_mar0.030.jpg,0.06328875650269938,0.9273941878285737,0
YawnDD\no_yawn\16-MaleNoGlasses_f000153_mar0.030.jpg,0.06184649465313914,0.9557968246216607,0
YawnDD\no_yawn\16-MaleNoGlasses_f000156_mar0.030.jpg,0.05796686043283125,0.9988206127762894,0
YawnDD\no_yawn\16-MaleNoGlasses_f000159_mar0.030.jpg,0.05136435992116175,1.070076129481946,0
YawnDD\no_yawn\16-MaleNoGlasses_f000198_mar0.030.jpg,0.06325021659971505,1.018184035922603,0
YawnDD\no_yawn\16-MaleNoGlasses_f000249_mar0.030.jpg,0.06659158786215615,1.0343174073009276,0
YawnDD\no_yawn\16-MaleNoGlasses_f000297_mar0.030.jpg,0.042112956648783076,1.1846494356262132,0
YawnDD\no_yawn\16-MaleNoGlasses_f000300_mar0.030.jpg,0.04402618200776399,1.1438660776106688,0
YawnDD\no_yawn\16-MaleNoGlasses_f000303_mar0.030.jpg,0.04309822465677765,1.1364133857273662,0
YawnDD\no_yawn\16-MaleNoGlasses_f000306_mar0.030.jpg,0.045110071042869036,1.1951321805614876,0
YawnDD\no_yawn\16-MaleNoGlasses_f000309_mar0.030.jpg,0.04499775746208183,1.1731148245257816,0
YawnDD\no_yawn\16-MaleNoGlasses_f000312_mar0.030.jpg,0.04411505234090942,1.197777779912234,0
YawnDD\no_yawn\16-MaleNoGlasses_f000315_mar0.030.jpg,0.04345799448132343,1.1570462115407916,0
YawnDD\no_yawn\16-MaleNoGlasses_f000318_mar0.030.jpg,0.04314420379600579,1.1807680869800432,0
YawnDD\no_yawn\16-MaleNoGlasses_f000321_mar0.030.jpg,0.04530080946588434,1.1793206114816202,0
YawnDD\no_yawn\16-MaleNoGlasses_f000324_mar0.030.jpg,0.04297438699737962,1.1526902293871286,0
YawnDD\no_yawn\16-MaleNoGlasses_f000369_mar0.037.jpg,0.11375250178426073,0.9609588360675566,0
YawnDD\no_yawn\16-MaleNoGlasses_f000381_mar0.030.jpg,0.06921214431759455,0.9381981048381643,0
YawnDD\no_yawn\16-MaleNoGlasses_f000384_mar0.030.jpg,0.0699216740512269,0.9318393997738054,0
YawnDD\no_yawn\16-MaleNoGlasses_f000390_mar0.030.jpg,0.04569563170900135,1.0466946863072755,0
YawnDD\no_yawn\16-MaleNoGlasses_f000393_mar0.030.jpg,0.048611583920329986,1.1779270943232083,0
YawnDD\no_yawn\16-MaleNoGlasses_f000396_mar0.030.jpg,0.10601066758311872,1.2749245578331485,0
YawnDD\no_yawn\16-MaleNoGlasses_f000399_mar0.030.jpg,0.1107454384315893,1.2614730822569706,0
YawnDD\no_yawn\16-MaleNoGlasses_f000402_mar0.030.jpg,0.23898879266222828,1.2963011279834378,0
YawnDD\no_yawn\16-MaleNoGlasses_f000405_mar0.030.jpg,0.1267011780122131,1.3096296738612199,0
YawnDD\no_yawn\16-MaleNoGlasses_f000411_mar0.030.jpg,0.04299577153237508,1.3263751371878754,0
YawnDD\no_yawn\16-MaleNoGlasses_f000414_mar0.030.jpg,0.04531760932993256,1.2862214356823154,0
YawnDD\no_yawn\16-MaleNoGlasses_f000417_mar0.030.jpg,0.04556031155338454,1.272184897105913,0
YawnDD\no_yawn\16-MaleNoGlasses_f000420_mar0.030.jpg,0.04511130095932385,1.2719750746867935,0
YawnDD\no_yawn\16-MaleNoGlasses_f000423_mar0.030.jpg,0.03901694026920361,1.2606674846965853,0
YawnDD\no_yawn\16-MaleNoGlasses_f000426_mar0.030.jpg,0.09606111413888102,1.2852667664160564,0
YawnDD\no_yawn\16-MaleNoGlasses_f000498_mar0.030.jpg,0.07595612297368316,0.9807634743484015,0
YawnDD\no_yawn\16-MaleNoGlasses_f000501_mar0.030.jpg,0.07039820736338383,0.9536105091910733,0
YawnDD\no_yawn\16-MaleNoGlasses_f000504_mar0.030.jpg,0.07074458121129798,0.9643484662401411,0
YawnDD\no_yawn\16-MaleNoGlasses_f000507_mar0.030.jpg,0.07567768714882525,0.9482382961019437,0
YawnDD\no_yawn\16-MaleNoGlasses_f000510_mar0.030.jpg,0.068893461626417,0.9119355381195482,0
YawnDD\no_yawn\16-MaleNoGlasses_f000513_mar0.030.jpg,0.07279466323689349,0.9239883523489048,0
YawnDD\no_yawn\16-MaleNoGlasses_f000516_mar0.030.jpg,0.07053505250787129,0.9805158259625215,0
YawnDD\no_yawn\16-MaleNoGlasses_f000537_mar0.030.jpg,0.0681726871410045,1.0554806545791338,0
YawnDD\no_yawn\16-MaleNoGlasses_f000540_mar0.030.jpg,0.05678746534831838,1.0072140855186702,0
YawnDD\no_yawn\16-MaleNoGlasses_f000543_mar0.030.jpg,0.052202465065787504,1.0599925148763825,0
YawnDD\no_yawn\16-MaleNoGlasses_f000546_mar0.030.jpg,0.05504125828009489,1.0689213243487,0
YawnDD\no_yawn\16-MaleNoGlasses_f000666_mar0.030.jpg,0.047053917621265734,1.090173786687533,0
YawnDD\no_yawn\16-MaleNoGlasses_f000669_mar0.030.jpg,0.04330317872066864,1.1702995732333366,0
YawnDD\no_yawn\16-MaleNoGlasses_f000672_mar0.030.jpg,0.039767077609426556,1.1553924578369954,0
YawnDD\no_yawn\16-MaleNoGlasses_f000675_mar0.030.jpg,0.04546219223853425,1.1372037564561102,0
YawnDD\no_yawn\16-MaleNoGlasses_f000678_mar0.030.jpg,0.04631877247349836,1.1351743731102388,0
YawnDD\no_yawn\16-MaleNoGlasses_f000681_mar0.030.jpg,0.04438427013290551,1.137778962593115,0
YawnDD\no_yawn\16-MaleNoGlasses_f000684_mar0.030.jpg,0.04277317514012079,1.1329479495377783,0
YawnDD\no_yawn\16-MaleNoGlasses_f000687_mar0.030.jpg,0.04389451297574946,1.1183708088255333,0
YawnDD\no_yawn\16-MaleNoGlasses_f000690_mar0.030.jpg,0.04349426471756617,1.1330737328657736,0
YawnDD\no_yawn\16-MaleNoGlasses_f000693_mar0.030.jpg,0.04585283298894805,1.1700344789988872,0
YawnDD\no_yawn\16-MaleNoGlasses_f000696_mar0.030.jpg,0.048389244819197555,1.1532719481588856,0
YawnDD\no_yawn\16-MaleNoGlasses_f000699_mar0.030.jpg,0.04785329443756188,1.1745982601468223,0
YawnDD\no_yawn\16-MaleNoGlasses_f000765_mar0.030.jpg,0.0468298456729667,1.1296693428030953,0
YawnDD\no_yawn\16-MaleNoGlasses_f000768_mar0.031.jpg,0.04875080489468758,1.1088851742706802,0
YawnDD\no_yawn\16-MaleNoGlasses_f000774_mar0.030.jpg,0.0411411335181791,1.1543196919790326,0
YawnDD\no_yawn\16-MaleNoGlasses_f000783_mar0.030.jpg,0.03762046905683005,1.148752523605455,0
YawnDD\no_yawn\16-MaleNoGlasses_f000786_mar0.030.jpg,0.039494753040952735,1.126257012464646,0
YawnDD\no_yawn\16-MaleNoGlasses_f000789_mar0.030.jpg,0.040614599904669244,1.086916352553454,0
YawnDD\no_yawn\16-MaleNoGlasses_f000798_mar0.030.jpg,0.05352580262090603,1.0015255397996308,0
YawnDD\no_yawn\16-MaleNoGlasses_f000801_mar0.030.jpg,0.05841248891430216,1.010491386532171,0
YawnDD\no_yawn\16-MaleNoGlasses_f000804_mar0.030.jpg,0.06143178534147387,0.9843487986183052,0
YawnDD\no_yawn\16-MaleNoGlasses_f000816_mar0.030.jpg,0.0439003168781401,1.07537566156102,0
YawnDD\no_yawn\16-MaleNoGlasses_f000831_mar0.030.jpg,0.0447267668724891,1.0523203464906281,0
YawnDD\no_yawn\16-MaleNoGlasses_f000834_mar0.030.jpg,0.0439800721339877,1.0700621649516766,0
YawnDD\no_yawn\16-MaleNoGlasses_f000837_mar0.030.jpg,0.04536583797971913,1.1152207057044021,0
YawnDD\no_yawn\16-MaleNoGlasses_f000840_mar0.030.jpg,0.04975177114890033,1.0958135880150834,0
YawnDD\no_yawn\16-MaleNoGlasses_f000843_mar0.030.jpg,0.049693258048018045,1.1123537793044447,0
YawnDD\no_yawn\16-MaleNoGlasses_f000846_mar0.030.jpg,0.045612207471426844,1.0646534450249976,0
YawnDD\no_yawn\16-MaleNoGlasses_f000933_mar0.030.jpg,0.0680498206963615,0.9561449794991889,0
YawnDD\no_yawn\16-MaleNoGlasses_f000939_mar0.030.jpg,0.0674578454953025,0.9443128730836845,0
YawnDD\no_yawn\16-MaleNoGlasses_f000942_mar0.030.jpg,0.06520315061546211,0.9599173712005702,0
YawnDD\no_yawn\16-MaleNoGlasses_f000945_mar0.030.jpg,0.06390528264556367,0.9851395673435125,0
YawnDD\no_yawn\16-MaleNoGlasses_f001032_mar0.035.jpg,0.06473740835762284,1.0716958058996326,0
YawnDD\no_yawn\16-MaleNoGlasses_f001059_mar0.033.jpg,0.08696312527020965,1.0474661889590904,0
YawnDD\no_yawn\16-MaleNoGlasses_f001119_mar0.030.jpg,0.067001946926392,1.021261897805639,0
YawnDD\no_yawn\16-MaleNoGlasses_f001215_mar0.030.jpg,0.06839296756772885,1.0000470355428719,0
YawnDD\no_yawn\16-MaleNoGlasses_f001218_mar0.030.jpg,0.06545628857600788,0.9423096194248614,0
YawnDD\no_yawn\16-MaleNoGlasses_f001221_mar0.030.jpg,0.06609502936414301,0.9607881149879917,0
YawnDD\no_yawn\16-MaleNoGlasses_f001224_mar0.030.jpg,0.06912420778041838,0.9575924334076212,0
YawnDD\no_yawn\16-MaleNoGlasses_f001227_mar0.030.jpg,0.06758345909905059,0.9202036108942431,0
YawnDD\no_yawn\16-MaleNoGlasses_f001230_mar0.030.jpg,0.06635788504528785,0.9576038728504984,0
YawnDD\no_yawn\16-MaleNoGlasses_f001482_mar0.030.jpg,0.04273350723443685,1.2009362829018309,0
YawnDD\no_yawn\16-MaleNoGlasses_f001485_mar0.030.jpg,0.04580439129540456,1.1620487075076675,0
YawnDD\no_yawn\16-MaleNoGlasses_f001488_mar0.030.jpg,0.048354358406928234,1.1129308191706841,0
YawnDD\no_yawn\16-MaleNoGlasses_f001491_mar0.030.jpg,0.0458582968791945,1.0797431917687712,0
YawnDD\no_yawn\16-MaleNoGlasses_f001515_mar0.030.jpg,0.06668039969081192,0.9885156117431382,0
YawnDD\no_yawn\16-MaleNoGlasses_f001656_mar0.030.jpg,0.06779318683134879,0.9335751729311842,0
YawnDD\no_yawn\16-MaleNoGlasses_f001659_mar0.030.jpg,0.07094218870187684,0.9336576526645812,0
YawnDD\no_yawn\16-MaleNoGlasses_f001662_mar0.030.jpg,0.07264570518271257,0.9621260592828439,0
YawnDD\no_yawn\16-MaleNoGlasses_f001665_mar0.030.jpg,0.08899932470624572,0.9785564254440998,0
YawnDD\no_yawn\16-MaleNoGlasses_f001731_mar0.030.jpg,0.06592043771989095,0.9812204194311781,0
YawnDD\no_yawn\16-MaleNoGlasses_f001734_mar0.030.jpg,0.06521656911202488,0.9528453841943918,0
YawnDD\no_yawn\16-MaleNoGlasses_f001737_mar0.030.jpg,0.06638083206682135,0.9552074122406604,0
YawnDD\no_yawn\16-MaleNoGlasses_f001740_mar0.030.jpg,0.06652070659329093,0.973123286256003,0
YawnDD\no_yawn\16-MaleNoGlasses_f001743_mar0.030.jpg,0.06783150189389905,0.9842163531950063,0
YawnDD\no_yawn\16-MaleNoGlasses_f001746_mar0.030.jpg,0.06618967870552277,0.9670295946687341,0
YawnDD\no_yawn\16-MaleNoGlasses_f001749_mar0.030.jpg,0.06724989885350115,0.9860867341898732,0
YawnDD\no_yawn\16-MaleNoGlasses_f001785_mar0.030.jpg,0.06954712916493096,1.001097741488727,0
YawnDD\no_yawn\16-MaleNoGlasses_f001815_mar0.030.jpg,0.06724750304584226,0.9830046146182496,0
YawnDD\no_yawn\16-MaleNoGlasses_f001923_mar0.030.jpg,0.046125635216512036,1.081626862939953,0
YawnDD\no_yawn\16-MaleNoGlasses_f001926_mar0.030.jpg,0.04972115898547827,1.083620357377213,0
YawnDD\no_yawn\16-MaleNoGlasses_f001929_mar0.030.jpg,0.048641552965409326,1.0708757456671523,0
YawnDD\no_yawn\16-MaleNoGlasses_f001932_mar0.030.jpg,0.04817409162597063,1.0875734281725988,0
YawnDD\no_yawn\16-MaleNoGlasses_f001935_mar0.030.jpg,0.046755583361639055,1.0826070120849995,0
YawnDD\no_yawn\16-MaleNoGlasses_f001938_mar0.030.jpg,0.04602293789021629,1.1027973176345909,0
YawnDD\no_yawn\16-MaleNoGlasses_f001941_mar0.030.jpg,0.045767839768349146,1.0863647823190323,0
YawnDD\no_yawn\16-MaleNoGlasses_f001944_mar0.030.jpg,0.0504739111219036,1.0771471064094138,0
YawnDD\no_yawn\16-MaleNoGlasses_f001947_mar0.030.jpg,0.05102171085308197,1.0808849599543908,0
YawnDD\no_yawn\16-MaleNoGlasses_f001950_mar0.030.jpg,0.054994772437328074,1.0257665651555017,0
YawnDD\no_yawn\16-MaleNoGlasses_f001953_mar0.030.jpg,0.0544057547007676,1.0701693620961603,0
YawnDD\no_yawn\16-MaleNoGlasses_f001956_mar0.030.jpg,0.04922769264638028,1.069171918049792,0
YawnDD\no_yawn\16-MaleNoGlasses_f001959_mar0.030.jpg,0.05912638437900636,1.0913636642264715,0
YawnDD\no_yawn\16-MaleNoGlasses_f001962_mar0.030.jpg,0.05470761485412624,1.1014558184597176,0
YawnDD\no_yawn\16-MaleNoGlasses_f001965_mar0.030.jpg,0.06473604060413017,1.1208688964567555,0
YawnDD\no_yawn\16-MaleNoGlasses_f001968_mar0.030.jpg,0.048658082694331785,1.099300019239904,0
YawnDD\no_yawn\16-MaleNoGlasses_f002364_mar0.030.jpg,0.05103867784542939,1.0711470301288635,0
YawnDD\no_yawn\16-MaleNoGlasses_f002367_mar0.030.jpg,0.048498708368221226,1.0740583253729399,0
YawnDD\no_yawn\16-MaleNoGlasses_f002370_mar0.030.jpg,0.04799241013491121,1.1073664147383555,0
YawnDD\no_yawn\16-MaleNoGlasses_f002373_mar0.030.jpg,0.046323669426794015,1.0807931744967965,0
YawnDD\no_yawn\2-FemaleNoGlasses_f000075_mar0.030.jpg,0.0559520223717418,0.9223955524058753,0
YawnDD\no_yawn\2-FemaleNoGlasses_f000141_mar0.030.jpg,0.0994880619087414,1.0172659492672491,0
YawnDD\no_yawn\2-FemaleNoGlasses_f000351_mar0.030.jpg,0.08487594529005466,0.8718630631225213,0
YawnDD\no_yawn\2-FemaleNoGlasses_f000354_mar0.030.jpg,0.08108274359591526,0.8627632366544115,0
YawnDD\no_yawn\2-FemaleNoGlasses_f000357_mar0.030.jpg,0.08193884912071686,0.8790644593921685,0
YawnDD\no_yawn\2-FemaleNoGlasses_f000360_mar0.030.jpg,0.08143869965830576,0.8746382672899821,0
YawnDD\no_yawn\2-FemaleNoGlasses_f000363_mar0.030.jpg,0.0821205177188785,0.8556761041201986,0
YawnDD\no_yawn\2-FemaleNoGlasses_f000366_mar0.030.jpg,0.08107079239879345,0.8642091053157968,0
YawnDD\no_yawn\2-FemaleNoGlasses_f000369_mar0.030.jpg,0.08553079194187206,0.8636415812800357,0
YawnDD\no_yawn\2-FemaleNoGlasses_f000372_mar0.030.jpg,0.08861267272566561,0.8790747367890583,0
YawnDD\no_yawn\2-FemaleNoGlasses_f000375_mar0.030.jpg,0.08840403422296995,0.8885763652923229,0
YawnDD\no_yawn\2-FemaleNoGlasses_f000378_mar0.030.jpg,0.09298681395210719,0.8652599468700493,0
YawnDD\no_yawn\2-FemaleNoGlasses_f000381_mar0.030.jpg,0.09006417277544032,0.8782796871377512,0
YawnDD\no_yawn\2-FemaleNoGlasses_f000384_mar0.030.jpg,0.1006604120507748,0.885900766721959,0
YawnDD\no_yawn\2-FemaleNoGlasses_f000570_mar0.030.jpg,0.08791791881160957,0.9194758652755084,0
YawnDD\no_yawn\2-FemaleNoGlasses_f000573_mar0.030.jpg,0.08534036400166868,0.9095602072598256,0
YawnDD\no_yawn\2-FemaleNoGlasses_f000576_mar0.030.jpg,0.08760351664833857,0.9194607488647211,0
YawnDD\no_yawn\2-FemaleNoGlasses_f000579_mar0.030.jpg,0.08644595793430043,0.9333012926434845,0
YawnDD\no_yawn\2-FemaleNoGlasses_f000582_mar0.030.jpg,0.08643101728309928,0.9185637632209743,0
YawnDD\no_yawn\2-FemaleNoGlasses_f000585_mar0.030.jpg,0.0839714864173039,0.9110498918949483,0
YawnDD\no_yawn\2-FemaleNoGlasses_f000588_mar0.030.jpg,0.0833601219395445,0.9049745615372404,0
YawnDD\no_yawn\2-FemaleNoGlasses_f000591_mar0.030.jpg,0.08588340463027096,0.8924837752300636,0
YawnDD\no_yawn\2-FemaleNoGlasses_f000594_mar0.030.jpg,0.08369809824130071,0.8823967290953872,0
YawnDD\no_yawn\2-FemaleNoGlasses_f000597_mar0.030.jpg,0.08356185718324402,0.887272895129705,0
YawnDD\no_yawn\2-FemaleNoGlasses_f000600_mar0.030.jpg,0.08564053066525272,0.8825900322799662,0
YawnDD\no_yawn\2-FemaleNoGlasses_f000603_mar0.030.jpg,0.08697434019839866,0.89899802969873,0
YawnDD\no_yawn\2-FemaleNoGlasses_f000606_mar0.030.jpg,0.08663615075088207,0.9172470871612509,0
YawnDD\no_yawn\2-FemaleNoGlasses_f000609_mar0.030.jpg,0.08379848708590376,0.8978413658632943,0
YawnDD\no_yawn\2-FemaleNoGlasses_f000612_mar0.030.jpg,0.08450015198300895,0.9205377170354888,0
YawnDD\no_yawn\2-FemaleNoGlasses_f000735_mar0.030.jpg,0.08208497799839921,0.8429191699803061,0
YawnDD\no_yawn\2-FemaleNoGlasses_f000738_mar0.030.jpg,0.07224949918367547,0.8398893445584678,0
YawnDD\no_yawn\2-FemaleNoGlasses_f000741_mar0.030.jpg,0.06899460945763333,0.8358192934128016,0
YawnDD\no_yawn\2-FemaleNoGlasses_f000744_mar0.030.jpg,0.06956669563240661,0.8311910816978328,0
YawnDD\no_yawn\2-FemaleNoGlasses_f000747_mar0.030.jpg,0.07046890523683678,0.8378772644805085,0
YawnDD\no_yawn\2-FemaleNoGlasses_f000750_mar0.030.jpg,0.06987590594640604,0.8394624366412713,0
YawnDD\no_yawn\2-FemaleNoGlasses_f000753_mar0.030.jpg,0.07129218430402996,0.841893070360934,0
YawnDD\no_yawn\2-FemaleNoGlasses_f000756_mar0.030.jpg,0.0687411386649319,0.8552139767436909,0
YawnDD\no_yawn\2-FemaleNoGlasses_f000759_mar0.030.jpg,0.06686464325949777,0.8503062529346108,0
YawnDD\no_yawn\2-FemaleNoGlasses_f000762_mar0.030.jpg,0.06769410981204893,0.8592028863017191,0
YawnDD\no_yawn\2-FemaleNoGlasses_f000765_mar0.030.jpg,0.06751642762835156,0.8826270061494915,0
YawnDD\no_yawn\2-FemaleNoGlasses_f000768_mar0.030.jpg,0.06274703687555844,0.8844079820822649,0
YawnDD\no_yawn\2-FemaleNoGlasses_f000771_mar0.030.jpg,0.0895228289340073,0.8761930558070254,0
YawnDD\no_yawn\2-FemaleNoGlasses_f000936_mar0.030.jpg,0.08778234526967982,0.8702688945066561,0
YawnDD\no_yawn\2-FemaleNoGlasses_f000939_mar0.030.jpg,0.0855397065003662,0.8762976470093707,0
YawnDD\no_yawn\2-FemaleNoGlasses_f000942_mar0.030.jpg,0.08344688960112287,0.9010097963564542,0
YawnDD\no_yawn\2-FemaleNoGlasses_f001251_mar0.030.jpg,0.08396025646529198,0.9243306035190265,0
YawnDD\no_yawn\2-FemaleNoGlasses_f001281_mar0.030.jpg,0.07098775322764236,0.9095576811483178,0
YawnDD\no_yawn\2-FemaleNoGlasses_f001347_mar0.030.jpg,0.08848077825518551,0.9019424672805498,0
YawnDD\no_yawn\2-FemaleNoGlasses_f001407_mar0.030.jpg,0.07539302095927275,0.829029392046744,0
YawnDD\no_yawn\2-FemaleNoGlasses_f001410_mar0.030.jpg,0.07382364332822255,0.8364518301887124,0
YawnDD\no_yawn\2-FemaleNoGlasses_f001413_mar0.030.jpg,0.076069764314017,0.8307351092933853,0
YawnDD\no_yawn\2-FemaleNoGlasses_f001416_mar0.030.jpg,0.07147980993906256,0.844544294671872,0
YawnDD\no_yawn\2-FemaleNoGlasses_f001419_mar0.030.jpg,0.07142916146271132,0.8375412455233656,0
YawnDD\no_yawn\2-FemaleNoGlasses_f001422_mar0.030.jpg,0.07048513816017234,0.8462753345924121,0
YawnDD\no_yawn\2-FemaleNoGlasses_f001425_mar0.030.jpg,0.06930945327756483,0.8705421956938805,0
YawnDD\no_yawn\2-FemaleNoGlasses_f001428_mar0.030.jpg,0.06715343154791063,0.8335168707849913,0
YawnDD\no_yawn\2-FemaleNoGlasses_f001431_mar0.030.jpg,0.06006005649621489,0.8690438209903356,0
YawnDD\no_yawn\2-FemaleNoGlasses_f001434_mar0.030.jpg,0.052199544220185815,0.9110960675697974,0
YawnDD\no_yawn\2-FemaleNoGlasses_f001437_mar0.030.jpg,0.03674174665789668,1.0655885650360746,0
YawnDD\no_yawn\2-FemaleNoGlasses_f001440_mar0.030.jpg,0.036660830499898815,1.117767117157868,0
YawnDD\no_yawn\2-FemaleNoGlasses_f001443_mar0.030.jpg,0.03458442041055692,1.0924991154043877,0
YawnDD\no_yawn\2-FemaleNoGlasses_f001446_mar0.030.jpg,0.034768052828299915,1.097024832846947,0
YawnDD\no_yawn\2-FemaleNoGlasses_f001449_mar0.030.jpg,0.03493369733039639,1.0597743190162563,0
YawnDD\no_yawn\2-FemaleNoGlasses_f001452_mar0.030.jpg,0.03610256961219224,1.049736703850923,0
YawnDD\no_yawn\2-FemaleNoGlasses_f001467_mar0.030.jpg,0.10079893138352544,0.975910405645692,0
YawnDD\no_yawn\2-FemaleNoGlasses_f001470_mar0.030.jpg,0.0907087203860855,0.9669778570768216,0
YawnDD\no_yawn\2-FemaleNoGlasses_f001512_mar0.030.jpg,0.0788315012225854,0.9407691751514743,0
YawnDD\no_yawn\2-FemaleNoGlasses_f001656_mar0.030.jpg,0.06978612458382812,0.8798110309253326,0
YawnDD\no_yawn\2-FemaleNoGlasses_f001860_mar0.038.jpg,0.07067397423040347,0.8433893409744875,0
YawnDD\no_yawn\2-FemaleNoGlasses_f001863_mar0.030.jpg,0.065333950184006,0.8288928959663511,0
YawnDD\no_yawn\2-FemaleNoGlasses_f001866_mar0.030.jpg,0.0657533246212292,0.8220744183562909,0
YawnDD\no_yawn\2-FemaleNoGlasses_f001869_mar0.030.jpg,0.06428204585037586,0.8205339883027017,0
YawnDD\no_yawn\2-FemaleNoGlasses_f001872_mar0.030.jpg,0.06728942891157359,0.8238428049493983,0
YawnDD\no_yawn\2-FemaleNoGlasses_f001875_mar0.030.jpg,0.06603417413859144,0.8242547348713183,0
YawnDD\no_yawn\2-FemaleNoGlasses_f001878_mar0.030.jpg,0.06646210175976867,0.8262290631557342,0
YawnDD\no_yawn\2-FemaleNoGlasses_f001881_mar0.030.jpg,0.0682399505685461,0.8338162830992883,0
YawnDD\no_yawn\2-FemaleNoGlasses_f001884_mar0.030.jpg,0.06847273029489809,0.8527942412397702,0
YawnDD\no_yawn\2-FemaleNoGlasses_f001887_mar0.030.jpg,0.06700204310675621,0.8497627350881176,0
YawnDD\no_yawn\2-FemaleNoGlasses_f001890_mar0.030.jpg,0.07107866745558704,0.8483889597872188,0
YawnDD\no_yawn\2-FemaleNoGlasses_f001893_mar0.030.jpg,0.06936123379089851,0.8411931424685488,0
YawnDD\no_yawn\2-FemaleNoGlasses_f001899_mar0.030.jpg,0.07097785785846811,0.8430131871657315,0
YawnDD\no_yawn\2-FemaleNoGlasses_f001902_mar0.030.jpg,0.07355425547122944,0.8181239436761396,0
YawnDD\no_yawn\2-FemaleNoGlasses_f001905_mar0.030.jpg,0.07150745387629194,0.8103798488491522,0
YawnDD\no_yawn\2-FemaleNoGlasses_f001908_mar0.030.jpg,0.07232768265876023,0.8149653316699835,0
YawnDD\no_yawn\2-FemaleNoGlasses_f001911_mar0.030.jpg,0.07337773973457085,0.8112196951325201,0
YawnDD\no_yawn\2-FemaleNoGlasses_f001914_mar0.030.jpg,0.07323064863504307,0.8111527825424899,0
YawnDD\no_yawn\2-FemaleNoGlasses_f001917_mar0.030.jpg,0.0741603350939526,0.8348523338737267,0
YawnDD\no_yawn\2-FemaleNoGlasses_f001926_mar0.030.jpg,0.07226736333744345,0.8321029192993109,0
YawnDD\no_yawn\2-FemaleNoGlasses_f002043_mar0.030.jpg,0.061934943905971304,0.8919098865247026,0
YawnDD\no_yawn\2-FemaleNoGlasses_f002046_mar0.030.jpg,0.06021011096563586,0.9113902090779333,0
YawnDD\no_yawn\2-FemaleNoGlasses_f002049_mar0.030.jpg,0.07996765039909665,0.9113196795882986,0
YawnDD\no_yawn\2-FemaleNoGlasses_f002052_mar0.030.jpg,0.08858827524586753,0.9188733917092091,0
YawnDD\no_yawn\2-FemaleNoGlasses_f002055_mar0.030.jpg,0.07044981789492033,0.9250565802881767,0
YawnDD\no_yawn\2-FemaleNoGlasses_f002061_mar0.030.jpg,0.08277819415034841,0.9207218948023894,0
YawnDD\no_yawn\2-FemaleNoGlasses_f002079_mar0.039.jpg,0.11421599517397873,0.8794113094838704,0
YawnDD\no_yawn\2-FemaleNoGlasses_f002082_mar0.039.jpg,0.12483641839909643,0.8756668226064993,0
YawnDD\no_yawn\2-FemaleNoGlasses_f002085_mar0.030.jpg,0.09057030787552188,0.871656620045862,0
YawnDD\no_yawn\2-FemaleNoGlasses_f002088_mar0.030.jpg,0.0632561803715666,0.8722536963518336,0
YawnDD\no_yawn\2-FemaleNoGlasses_f002091_mar0.030.jpg,0.06345982093975172,0.8625778598411057,0
YawnDD\no_yawn\2-FemaleNoGlasses_f002094_mar0.030.jpg,0.06440380545012275,0.8628500362820436,0
YawnDD\no_yawn\2-FemaleNoGlasses_f002097_mar0.030.jpg,0.0679964613849258,0.8495486108161113,0
YawnDD\no_yawn\2-FemaleNoGlasses_f002100_mar0.030.jpg,0.06600033730802417,0.8574464648806165,0
YawnDD\no_yawn\2-FemaleNoGlasses_f002103_mar0.030.jpg,0.06782684029744745,0.8513555734182257,0
YawnDD\no_yawn\2-FemaleNoGlasses_f002106_mar0.030.jpg,0.06869657397129925,0.84984547446732,0
YawnDD\no_yawn\2-FemaleNoGlasses_f002109_mar0.030.jpg,0.06704793666412828,0.8610603188637844,0
YawnDD\no_yawn\2-FemaleNoGlasses_f002112_mar0.030.jpg,0.06946327716771583,0.8644436164476209,0
YawnDD\no_yawn\2-FemaleNoGlasses_f002115_mar0.030.jpg,0.0679653038669859,0.8542103591013538,0
YawnDD\no_yawn\2-FemaleNoGlasses_f002118_mar0.030.jpg,0.06721371136827431,0.856832869825337,0
YawnDD\no_yawn\2-FemaleNoGlasses_f002121_mar0.030.jpg,0.06677336653880131,0.8513866732293986,0
YawnDD\no_yawn\2-FemaleNoGlasses_f002124_mar0.030.jpg,0.06587441124073853,0.8549184599942605,0
YawnDD\no_yawn\2-FemaleNoGlasses_f002127_mar0.030.jpg,0.06574115757938778,0.8408262380293363,0
YawnDD\no_yawn\2-FemaleNoGlasses_f002130_mar0.030.jpg,0.0656324030637304,0.8363677902963625,0
YawnDD\no_yawn\2-FemaleNoGlasses_f002133_mar0.030.jpg,0.06602452762036666,0.8468784657770078,0
YawnDD\no_yawn\2-FemaleNoGlasses_f002136_mar0.030.jpg,0.06669842823363879,0.8441423852250358,0
YawnDD\no_yawn\2-FemaleNoGlasses_f002139_mar0.030.jpg,0.0672777036712548,0.8499601500264874,0
YawnDD\no_yawn\2-FemaleNoGlasses_f002142_mar0.030.jpg,0.06580238913095557,0.8479602590393094,0
YawnDD\no_yawn\2-FemaleNoGlasses_f002148_mar0.030.jpg,0.06451334486421888,0.8797591376338306,0
YawnDD\no_yawn\2-FemaleNoGlasses_f002151_mar0.030.jpg,0.09486341429543502,0.8640878542012537,0
YawnDD\no_yawn\2-FemaleNoGlasses_f002154_mar0.030.jpg,0.09890355604206151,0.8626425003472245,0
YawnDD\no_yawn\2-FemaleNoGlasses_f002157_mar0.030.jpg,0.09359142750694176,0.8557339855761624,0
YawnDD\no_yawn\2-FemaleNoGlasses_f002163_mar0.030.jpg,0.11305868718747594,0.8417304174270598,0
YawnDD\no_yawn\2-FemaleNoGlasses_f002175_mar0.030.jpg,0.11258148105268125,0.8471277210161572,0
YawnDD\no_yawn\2-MaleGlasses_f000000_mar0.030.jpg,0.0775052184519367,1.0058836572766758,0
YawnDD\no_yawn\2-MaleGlasses_f000003_mar0.030.jpg,0.07715439795621469,1.0171403397104717,0
YawnDD\no_yawn\2-MaleGlasses_f000006_mar0.030.jpg,0.07929416307052159,1.0226850123047473,0
YawnDD\no_yawn\2-MaleGlasses_f000009_mar0.030.jpg,0.08403498961445918,1.0336580694495607,0
YawnDD\no_yawn\2-MaleGlasses_f000012_mar0.030.jpg,0.09537898280432891,1.032154766264238,0
YawnDD\no_yawn\2-MaleGlasses_f000015_mar0.037.jpg,0.12325590938979569,1.006996374019362,0
YawnDD\no_yawn\2-MaleGlasses_f000057_mar0.040.jpg,0.11613843202314744,1.0125764229733438,0
YawnDD\no_yawn\2-MaleGlasses_f000060_mar0.033.jpg,0.11965193960358447,1.0237471310721122,0
YawnDD\no_yawn\2-MaleGlasses_f000063_mar0.030.jpg,0.11440583691753572,1.0103683133468766,0
YawnDD\no_yawn\2-MaleGlasses_f000066_mar0.030.jpg,0.07881860127004565,0.976990853503126,0
YawnDD\no_yawn\2-MaleGlasses_f000069_mar0.030.jpg,0.07123226707361438,0.8467860075550023,0
YawnDD\no_yawn\2-MaleGlasses_f000072_mar0.030.jpg,0.07232695250951586,0.7919408625273832,0
YawnDD\no_yawn\2-MaleGlasses_f000075_mar0.030.jpg,0.06662546420779902,0.7898935464902754,0
YawnDD\no_yawn\2-MaleGlasses_f000078_mar0.030.jpg,0.0726165160252714,0.7921898720792793,0
YawnDD\no_yawn\2-MaleGlasses_f000081_mar0.030.jpg,0.07180191756559477,0.77790587129434,0
YawnDD\no_yawn\2-MaleGlasses_f000084_mar0.030.jpg,0.07114894385705842,0.773023888520992,0
YawnDD\no_yawn\2-MaleGlasses_f000087_mar0.030.jpg,0.07484607070664741,0.7946419135616684,0
YawnDD\no_yawn\2-MaleGlasses_f000090_mar0.030.jpg,0.07478132991700659,0.8067280769190015,0
YawnDD\no_yawn\2-MaleGlasses_f000093_mar0.030.jpg,0.07383517558781323,0.7841020202293166,0
YawnDD\no_yawn\2-MaleGlasses_f000096_mar0.030.jpg,0.07602907790289277,0.7970753886482702,0
YawnDD\no_yawn\2-MaleGlasses_f000099_mar0.030.jpg,0.07413007780535841,0.7925371602226607,0
YawnDD\no_yawn\2-MaleGlasses_f000102_mar0.030.jpg,0.07667506947447265,0.7956314958063146,0
YawnDD\no_yawn\2-MaleGlasses_f000105_mar0.030.jpg,0.07455970368409334,0.7904752309207542,0
YawnDD\no_yawn\2-MaleGlasses_f000108_mar0.030.jpg,0.07775209225288228,0.827682831003333,0
YawnDD\no_yawn\2-MaleGlasses_f000111_mar0.030.jpg,0.07607077638983409,0.8203027228891411,0
YawnDD\no_yawn\2-MaleGlasses_f000114_mar0.030.jpg,0.07765252902981216,0.8048459854184167,0
YawnDD\no_yawn\2-MaleGlasses_f000117_mar0.030.jpg,0.07438438489951082,0.7877983070152773,0
YawnDD\no_yawn\2-MaleGlasses_f000120_mar0.030.jpg,0.07325400695673995,0.791992341586106,0
YawnDD\no_yawn\2-MaleGlasses_f000123_mar0.030.jpg,0.07431565192764308,0.7786647992465042,0
YawnDD\no_yawn\2-MaleGlasses_f000126_mar0.030.jpg,0.07360589090126013,0.7973055553206331,0
YawnDD\no_yawn\2-MaleGlasses_f000129_mar0.030.jpg,0.07122015742237754,0.8457196899354571,0
YawnDD\no_yawn\2-MaleGlasses_f000132_mar0.030.jpg,0.06916291322375856,0.9246836978136973,0
YawnDD\no_yawn\2-MaleGlasses_f000135_mar0.030.jpg,0.04924069721366275,1.0197142046617984,0
YawnDD\no_yawn\2-MaleGlasses_f000138_mar0.030.jpg,0.04921998781982637,1.1019632203838732,0
YawnDD\no_yawn\2-MaleGlasses_f000141_mar0.030.jpg,0.043854854774905375,1.0861234169720713,0
YawnDD\no_yawn\2-MaleGlasses_f000144_mar0.030.jpg,0.04796665084041758,1.024450116895996,0
YawnDD\no_yawn\2-MaleGlasses_f000150_mar0.030.jpg,0.06710306012228592,0.8568262257193198,0
YawnDD\no_yawn\2-MaleGlasses_f000153_mar0.030.jpg,0.06981863162636541,0.7774601134948097,0
YawnDD\no_yawn\2-MaleGlasses_f000165_mar0.030.jpg,0.07247969016245666,0.6471040306307272,0
YawnDD\no_yawn\2-MaleGlasses_f000171_mar0.030.jpg,0.07431142233094458,0.6815567451288246,0
YawnDD\no_yawn\2-MaleGlasses_f000174_mar0.030.jpg,0.07473708559334073,0.7485691672147438,0
YawnDD\no_yawn\2-MaleGlasses_f000177_mar0.030.jpg,0.0694028252536969,0.7945530036066295,0
YawnDD\no_yawn\2-MaleGlasses_f000180_mar0.030.jpg,0.0727756921618133,0.7998751395125827,0
YawnDD\no_yawn\2-MaleGlasses_f000183_mar0.030.jpg,0.07857561084898146,0.8360661028707672,0
YawnDD\no_yawn\2-MaleGlasses_f000186_mar0.030.jpg,0.07565777582171067,0.8260445257662032,0
YawnDD\no_yawn\2-MaleGlasses_f000189_mar0.030.jpg,0.0771392438642967,0.8298320634216184,0
YawnDD\no_yawn\2-MaleGlasses_f000192_mar0.030.jpg,0.0741716104573766,0.837546265696181,0
YawnDD\no_yawn\2-MaleGlasses_f000195_mar0.030.jpg,0.07746553672377057,0.8670406264603048,0
YawnDD\no_yawn\2-MaleGlasses_f000198_mar0.030.jpg,0.0735966461758745,0.804779429460589,0
YawnDD\no_yawn\2-MaleGlasses_f000201_mar0.030.jpg,0.07442339715594512,0.8109095569839639,0
YawnDD\no_yawn\2-MaleGlasses_f000204_mar0.030.jpg,0.07211158489926078,0.7977323406146086,0
YawnDD\no_yawn\2-MaleGlasses_f000207_mar0.030.jpg,0.07686492431149813,0.789614766600768,0
YawnDD\no_yawn\2-MaleGlasses_f000210_mar0.030.jpg,0.07550340639471641,0.7794375111601013,0
YawnDD\no_yawn\2-MaleGlasses_f000213_mar0.030.jpg,0.07652395863727396,0.8031829385920879,0
YawnDD\no_yawn\2-MaleGlasses_f000216_mar0.030.jpg,0.07611133138666022,0.796080306356625,0
YawnDD\no_yawn\2-MaleGlasses_f000219_mar0.030.jpg,0.07408101601009372,0.8135333299069417,0
YawnDD\no_yawn\2-MaleGlasses_f000222_mar0.030.jpg,0.07742942130132295,0.839167510895946,0
YawnDD\no_yawn\2-MaleGlasses_f000225_mar0.030.jpg,0.07482848931722488,0.8358473832970875,0
YawnDD\no_yawn\2-MaleGlasses_f000228_mar0.030.jpg,0.07307952824852516,0.8674155099697656,0
YawnDD\no_yawn\2-MaleGlasses_f000231_mar0.030.jpg,0.07496748852874253,0.8643027333225635,0
YawnDD\no_yawn\2-MaleGlasses_f000234_mar0.030.jpg,0.07655187471224349,0.8665293956250814,0
YawnDD\no_yawn\2-MaleGlasses_f000237_mar0.030.jpg,0.07423704759253345,0.8649818776640102,0
YawnDD\no_yawn\2-MaleGlasses_f000240_mar0.030.jpg,0.12175253738437111,0.922723987695837,0
YawnDD\no_yawn\2-MaleGlasses_f000249_mar0.038.jpg,0.047375591512547284,1.3925984156454017,0
YawnDD\no_yawn\2-MaleGlasses_f000252_mar0.030.jpg,0.06356476385768166,1.4080967690383943,0
YawnDD\no_yawn\2-MaleGlasses_f000255_mar0.035.jpg,0.051582723975937654,1.4078953073462044,0
YawnDD\no_yawn\2-MaleGlasses_f000258_mar0.030.jpg,0.03495791510473412,1.3954098416932934,0
YawnDD\no_yawn\2-MaleGlasses_f000261_mar0.030.jpg,0.036276640665567274,1.4557969549194696,0
YawnDD\no_yawn\2-MaleGlasses_f000264_mar0.033.jpg,0.04960042129585567,1.459107402949927,0
YawnDD\no_yawn\2-MaleGlasses_f000267_mar0.030.jpg,0.051322510744734866,1.2948452668099037,0
YawnDD\no_yawn\2-MaleGlasses_f000270_mar0.030.jpg,0.0583730671801756,1.2444748937741952,0
YawnDD\no_yawn\2-MaleGlasses_f000276_mar0.030.jpg,0.07581347232756924,0.9289460344974577,0
YawnDD\no_yawn\2-MaleGlasses_f000279_mar0.030.jpg,0.11026127373952284,0.8643793762959108,0
YawnDD\no_yawn\2-MaleGlasses_f000282_mar0.030.jpg,0.153689712117481,0.9350620335992418,0
YawnDD\no_yawn\2-MaleGlasses_f000288_mar0.038.jpg,0.1593442781155519,0.8996532825290009,0
YawnDD\no_yawn\2-MaleGlasses_f000291_mar0.030.jpg,0.11771577337062764,0.9503605395016095,0
YawnDD\no_yawn\2-MaleGlasses_f000309_mar0.030.jpg,0.049744099125212736,1.2387572703574434,0
YawnDD\no_yawn\2-MaleGlasses_f000312_mar0.030.jpg,0.03723476623717445,1.3729376386317176,0
YawnDD\no_yawn\2-MaleGlasses_f000324_mar0.030.jpg,0.16339639777821285,0.9885595624088148,0
YawnDD\no_yawn\2-MaleGlasses_f000327_mar0.030.jpg,0.14922370602285023,0.9041365039138989,0
YawnDD\no_yawn\2-MaleGlasses_f000330_mar0.030.jpg,0.1423463460280144,0.8122130757094022,0
YawnDD\no_yawn\2-MaleGlasses_f000333_mar0.030.jpg,0.15121166156250712,0.8581518063877043,0
YawnDD\no_yawn\2-MaleGlasses_f000336_mar0.030.jpg,0.0888027875545876,0.871663228654628,0
YawnDD\no_yawn\2-MaleGlasses_f000339_mar0.030.jpg,0.07130944581963411,0.8115207025444402,0
YawnDD\no_yawn\2-MaleGlasses_f000342_mar0.030.jpg,0.07807632112018591,0.8019560139524463,0
YawnDD\no_yawn\2-MaleGlasses_f000345_mar0.030.jpg,0.10933218825245714,0.8197772778107134,0
YawnDD\no_yawn\2-MaleGlasses_f000348_mar0.030.jpg,0.10054280183598648,0.8208243990726161,0
YawnDD\no_yawn\2-MaleGlasses_f000351_mar0.030.jpg,0.1570085892904598,0.8761653291967273,0
YawnDD\no_yawn\2-MaleGlasses_f000363_mar0.030.jpg,0.12004686572382624,0.8780874564937033,0
YawnDD\no_yawn\2-MaleGlasses_f000378_mar0.030.jpg,0.09080551849353209,1.0249415900129755,0
YawnDD\no_yawn\2-MaleGlasses_f000381_mar0.030.jpg,0.05583194797574992,0.9973942088140757,0
YawnDD\no_yawn\2-MaleGlasses_f000414_mar0.030.jpg,0.06313176620485274,0.8265168439585012,0
YawnDD\no_yawn\2-MaleGlasses_f000417_mar0.030.jpg,0.08728098315711959,0.8062260035961994,0
YawnDD\no_yawn\2-MaleGlasses_f000420_mar0.030.jpg,0.07286580104945774,0.9210817091520516,0
YawnDD\no_yawn\2-MaleGlasses_f000423_mar0.030.jpg,0.09222680215627997,0.961619544384672,0
YawnDD\no_yawn\2-MaleGlasses_f000426_mar0.030.jpg,0.08089451941262132,0.996649772054092,0
YawnDD\no_yawn\2-MaleGlasses_f000432_mar0.030.jpg,0.12072760694345558,0.9227979009107777,0
YawnDD\no_yawn\2-MaleGlasses_f000468_mar0.030.jpg,0.07400698563311205,0.7578918999438788,0
YawnDD\no_yawn\2-MaleGlasses_f000471_mar0.030.jpg,0.07108436418330911,0.766081555033282,0
YawnDD\no_yawn\2-MaleGlasses_f000480_mar0.030.jpg,0.07738150068237039,0.8042387341479594,0
YawnDD\no_yawn\2-MaleGlasses_f000498_mar0.030.jpg,0.07797928165948427,0.9013512966798608,0
YawnDD\no_yawn\2-MaleGlasses_f000516_mar0.030.jpg,0.05863789120364791,1.0518738601121043,0
YawnDD\no_yawn\2-MaleGlasses_f000519_mar0.030.jpg,0.0638170173384532,1.1312987076507806,0
YawnDD\no_yawn\2-MaleGlasses_f000522_mar0.030.jpg,0.10903215089623122,1.1418754382947367,0
YawnDD\no_yawn\2-MaleGlasses_f000561_mar0.030.jpg,0.07671209828046115,0.8362949129362264,0
YawnDD\no_yawn\2-MaleGlasses_f000597_mar0.030.jpg,0.07596063625214207,0.9340025769801888,0
YawnDD\no_yawn\2-MaleGlasses_f000600_mar0.030.jpg,0.09661775826527072,0.9160707574757617,0
YawnDD\no_yawn\2-MaleGlasses_f000609_mar0.030.jpg,0.0755908948994465,0.8978230065844144,0
YawnDD\no_yawn\2-MaleGlasses_f000612_mar0.030.jpg,0.0928452987510859,0.8572380530407729,0
YawnDD\no_yawn\2-MaleGlasses_f000615_mar0.030.jpg,0.1304131397220732,0.828537366925435,0
YawnDD\no_yawn\2-MaleGlasses_f000618_mar0.030.jpg,0.1289320520633587,0.8229379205802996,0
YawnDD\no_yawn\2-MaleGlasses_f000621_mar0.030.jpg,0.13022698315154557,0.83219972463024,0
YawnDD\no_yawn\2-MaleGlasses_f000630_mar0.030.jpg,0.1552320745558452,0.8690225050418975,0
YawnDD\no_yawn\2-MaleGlasses_f000633_mar0.034.jpg,0.17138749505389883,0.9273613080552046,0
YawnDD\no_yawn\2-MaleGlasses_f000636_mar0.030.jpg,0.0675426555772367,0.9699637251913538,0
YawnDD\no_yawn\2-MaleGlasses_f000639_mar0.030.jpg,0.09694538508707055,0.9559461193010576,0
YawnDD\no_yawn\2-MaleGlasses_f000648_mar0.030.jpg,0.0680192638385198,0.8910707486332233,0
YawnDD\no_yawn\2-MaleGlasses_f000651_mar0.030.jpg,0.07362763475270499,0.8486709718597745,0
YawnDD\no_yawn\2-MaleGlasses_f000654_mar0.030.jpg,0.06832254546549786,0.8193413413910415,0
YawnDD\no_yawn\2-MaleGlasses_f000657_mar0.030.jpg,0.07518534092285846,0.805354288379641,0
YawnDD\no_yawn\2-MaleGlasses_f000660_mar0.030.jpg,0.08652595676337586,0.9489098766879874,0
YawnDD\no_yawn\2-MaleGlasses_f000663_mar0.030.jpg,0.07522957194980859,0.9072861430818906,0
YawnDD\no_yawn\2-MaleGlasses_f000666_mar0.030.jpg,0.09651212787171633,0.8842263187880361,0
YawnDD\no_yawn\2-MaleGlasses_f000669_mar0.030.jpg,0.12162790742856319,0.8730932067069715,0
YawnDD\no_yawn\2-MaleGlasses_f000672_mar0.030.jpg,0.08434628326584885,0.8876805625603854,0
YawnDD\no_yawn\2-MaleGlasses_f000696_mar0.030.jpg,0.12591177593530872,0.7869096676847042,0
YawnDD\no_yawn\2-MaleGlasses_f000699_mar0.030.jpg,0.0712345130834118,0.7966729487483313,0
YawnDD\no_yawn\2-MaleGlasses_f000702_mar0.030.jpg,0.07339971312005729,0.7885784546425122,0
YawnDD\no_yawn\2-MaleGlasses_f000705_mar0.030.jpg,0.07477728488222014,0.7911016500828059,0
YawnDD\no_yawn\2-MaleGlasses_f000708_mar0.030.jpg,0.0815270030294486,0.7522248451442258,0
YawnDD\no_yawn\2-MaleGlasses_f000711_mar0.030.jpg,0.0707691865152481,0.7100800577354881,0
YawnDD\no_yawn\2-MaleGlasses_f000714_mar0.030.jpg,0.06819583719262576,0.7282695668976634,0
YawnDD\no_yawn\2-MaleGlasses_f000717_mar0.033.jpg,0.1375587416269415,0.771338775644234,0
YawnDD\no_yawn\2-MaleGlasses_f000720_mar0.037.jpg,0.1287197452069769,0.8199099488551211,0
YawnDD\no_yawn\2-MaleGlasses_f000723_mar0.030.jpg,0.07051854713316422,0.8085495589844087,0
YawnDD\no_yawn\2-MaleGlasses_f000726_mar0.030.jpg,0.074961696633302,0.8270665205571732,0
YawnDD\no_yawn\2-MaleGlasses_f000729_mar0.030.jpg,0.07422286824388176,0.84163908438145,0
YawnDD\no_yawn\2-MaleGlasses_f000732_mar0.030.jpg,0.07043652725037433,0.8229830718404868,0
YawnDD\no_yawn\2-MaleGlasses_f000735_mar0.030.jpg,0.07282839419103863,0.8307901221100366,0
YawnDD\no_yawn\2-MaleGlasses_f000738_mar0.030.jpg,0.07507890265719983,0.8587446983705976,0
YawnDD\no_yawn\2-MaleGlasses_f000741_mar0.030.jpg,0.14458438477309252,0.8163232218416435,0
YawnDD\no_yawn\2-MaleGlasses_f000750_mar0.030.jpg,0.1346988508301079,0.8120047008984,0
YawnDD\no_yawn\2-MaleGlasses_f000753_mar0.030.jpg,0.07534144831400298,0.8222261620104713,0
YawnDD\no_yawn\2-MaleGlasses_f000756_mar0.030.jpg,0.09308255026307746,0.8224066684912252,0
YawnDD\no_yawn\2-MaleGlasses_f000777_mar0.030.jpg,0.17508189553209655,0.8539412050846497,0
YawnDD\no_yawn\2-MaleGlasses_f000786_mar0.030.jpg,0.11828091783218599,0.9023253764100612,0
YawnDD\no_yawn\2-MaleGlasses_f000789_mar0.030.jpg,0.11731398370878479,0.9217605065887098,0
YawnDD\no_yawn\2-MaleGlasses_f000792_mar0.030.jpg,0.1278552160560912,0.8735936251779294,0
YawnDD\no_yawn\2-MaleGlasses_f000798_mar0.030.jpg,0.08023511275347953,0.8845403545697357,0
YawnDD\no_yawn\2-MaleGlasses_f000801_mar0.030.jpg,0.0727463180906772,0.8843027607675614,0
YawnDD\no_yawn\2-MaleGlasses_f000813_mar0.030.jpg,0.15323573317530564,0.8230246744970823,0
YawnDD\no_yawn\2-MaleGlasses_f000816_mar0.030.jpg,0.14205851587322654,0.8392934054430432,0
YawnDD\no_yawn\2-MaleGlasses_f000819_mar0.030.jpg,0.1042820576419581,0.88286491524052,0
YawnDD\no_yawn\2-MaleGlasses_f000822_mar0.030.jpg,0.139694036226348,0.8538304361738027,0
YawnDD\no_yawn\2-MaleGlasses_f000825_mar0.030.jpg,0.1392721464798482,0.8567783201626297,0
YawnDD\no_yawn\2-MaleGlasses_f000828_mar0.030.jpg,0.1326152046206312,0.8415968966471298,0
YawnDD\no_yawn\2-MaleGlasses_f000831_mar0.030.jpg,0.13968529643299255,0.8636277559346064,0
YawnDD\no_yawn\2-MaleGlasses_f000843_mar0.030.jpg,0.11704898391968553,0.82487323168139,0
YawnDD\no_yawn\2-MaleGlasses_f000846_mar0.030.jpg,0.1047450521815591,0.8033218210802128,0
YawnDD\no_yawn\2-MaleGlasses_f000849_mar0.030.jpg,0.12001264841260324,0.8173545350693654,0
YawnDD\no_yawn\2-MaleGlasses_f000879_mar0.030.jpg,0.1127820340646598,1.016820759396898,0
YawnDD\no_yawn\2-MaleGlasses_f000915_mar0.030.jpg,0.0740893984979766,1.0068203019360606,0
YawnDD\no_yawn\2-MaleGlasses_f000918_mar0.030.jpg,0.07460109304131435,1.0331441687996241,0
YawnDD\no_yawn\2-MaleGlasses_f000921_mar0.030.jpg,0.07729464169062802,0.9881452588945735,0
YawnDD\no_yawn\2-MaleGlasses_f000924_mar0.030.jpg,0.08041897621074193,0.9661528205535638,0
YawnDD\no_yawn\2-MaleGlasses_f000927_mar0.030.jpg,0.08411646254928626,0.9122833788551034,0
YawnDD\no_yawn\2-MaleGlasses_f000930_mar0.030.jpg,0.08090731624557666,0.9768219735895107,0
YawnDD\no_yawn\2-MaleGlasses_f000933_mar0.030.jpg,0.0793364289811289,0.9480471347653936,0
YawnDD\no_yawn\2-MaleGlasses_f000936_mar0.030.jpg,0.08286931381629525,0.9726945878247684,0
YawnDD\no_yawn\2-MaleGlasses_f000939_mar0.030.jpg,0.08422560033970518,0.9810040067497378,0
YawnDD\no_yawn\2-MaleGlasses_f000942_mar0.030.jpg,0.08308966512934354,0.9928131660111902,0
YawnDD\no_yawn\2-MaleGlasses_f000945_mar0.030.jpg,0.10135317181916693,0.9858382695921618,0
YawnDD\no_yawn\2-MaleGlasses_f000948_mar0.030.jpg,0.08526868516592521,0.9639734322049055,0
YawnDD\no_yawn\2-MaleGlasses_f000951_mar0.030.jpg,0.11758151544209787,0.9317965719865305,0
YawnDD\no_yawn\2-MaleGlasses_f000954_mar0.030.jpg,0.15467013703040344,0.9699463555050294,0
YawnDD\no_yawn\2-MaleGlasses_f000957_mar0.030.jpg,0.12338752415914557,0.9738279892052841,0
YawnDD\no_yawn\2-MaleGlasses_f000960_mar0.037.jpg,0.14530684503906555,1.0062345553890457,0
YawnDD\no_yawn\2-MaleGlasses_f000963_mar0.030.jpg,0.11959433919530572,0.9994944693243473,0
YawnDD\no_yawn\2-MaleGlasses_f000966_mar0.030.jpg,0.14209561481892388,0.9948968150485545,0
YawnDD\no_yawn\2-MaleGlasses_f000972_mar0.030.jpg,0.12207273884078694,1.0088247415256464,0
YawnDD\no_yawn\2-MaleGlasses_f000975_mar0.030.jpg,0.10654043777665487,1.0074067921255114,0
YawnDD\no_yawn\2-MaleGlasses_f000978_mar0.030.jpg,0.10626159027538612,1.0139393559372005,0
YawnDD\no_yawn\2-MaleGlasses_f000981_mar0.030.jpg,0.08523914314350681,0.9972952006226491,0
YawnDD\no_yawn\2-MaleGlasses_f000984_mar0.030.jpg,0.083186314505216,0.9611899668856971,0
YawnDD\no_yawn\2-MaleGlasses_f000987_mar0.030.jpg,0.08066452001553473,0.9078714787400594,0
YawnDD\no_yawn\2-MaleGlasses_f000990_mar0.030.jpg,0.08264708733797917,0.9138149118517336,0
YawnDD\no_yawn\2-MaleGlasses_f000993_mar0.030.jpg,0.07605770766253164,0.8973391268805572,0
YawnDD\no_yawn\2-MaleGlasses_f000996_mar0.030.jpg,0.08021604707073755,0.8380758532245576,0
YawnDD\no_yawn\2-MaleGlasses_f000999_mar0.030.jpg,0.07786448306645159,0.8465717269783389,0
YawnDD\no_yawn\2-MaleGlasses_f001002_mar0.030.jpg,0.07867405963253224,0.8911849386100166,0
YawnDD\no_yawn\2-MaleGlasses_f001005_mar0.030.jpg,0.07789539616497501,0.8735293113434174,0
YawnDD\no_yawn\2-MaleGlasses_f001008_mar0.030.jpg,0.07505309423560036,0.8933706175032757,0
YawnDD\no_yawn\2-MaleGlasses_f001011_mar0.030.jpg,0.07675584345392783,0.913220189965316,0
YawnDD\no_yawn\2-MaleGlasses_f001014_mar0.030.jpg,0.08381214160661829,0.8852269626333171,0
YawnDD\no_yawn\2-MaleGlasses_f001017_mar0.030.jpg,0.08243719818849225,0.8839459173760607,0
YawnDD\no_yawn\2-MaleGlasses_f001032_mar0.030.jpg,0.08538050205033873,1.0320811644289365,0
YawnDD\no_yawn\2-MaleGlasses_f001035_mar0.030.jpg,0.14021766751586062,1.003549539916849,0
YawnDD\no_yawn\2-MaleGlasses_f001038_mar0.030.jpg,0.14994987124063072,0.9893593977145619,0
YawnDD\no_yawn\2-MaleGlasses_f001041_mar0.030.jpg,0.13599393273066393,0.9515786133389842,0
YawnDD\no_yawn\2-MaleGlasses_f001044_mar0.030.jpg,0.14226383663261777,0.9655573855057451,0
YawnDD\no_yawn\2-MaleGlasses_f001047_mar0.030.jpg,0.16653011138346566,0.9700515773572993,0
YawnDD\no_yawn\2-MaleGlasses_f001050_mar0.030.jpg,0.1455576396365952,0.9716618564120872,0
YawnDD\no_yawn\2-MaleGlasses_f001053_mar0.030.jpg,0.16419861468340383,0.9621642287990578,0
YawnDD\no_yawn\2-MaleGlasses_f001056_mar0.035.jpg,0.1853912172208595,0.939819441577163,0
YawnDD\no_yawn\2-MaleGlasses_f001059_mar0.030.jpg,0.1746520914899914,0.9537541112922409,0
YawnDD\no_yawn\2-MaleGlasses_f001209_mar0.030.jpg,0.11063511848536915,0.8821381880289834,0
YawnDD\no_yawn\2-MaleGlasses_f001212_mar0.030.jpg,0.12603312479393053,0.8420063104494556,0
YawnDD\no_yawn\2-MaleGlasses_f001215_mar0.030.jpg,0.1052419418079604,0.8946463723854778,0
YawnDD\no_yawn\2-MaleGlasses_f001218_mar0.030.jpg,0.07672900675098684,0.9108161890546672,0
YawnDD\no_yawn\2-MaleGlasses_f001221_mar0.030.jpg,0.07182239540781382,0.8892331332147702,0
YawnDD\no_yawn\2-MaleGlasses_f001224_mar0.030.jpg,0.07109259313287296,0.875433834398548,0
YawnDD\no_yawn\2-MaleGlasses_f001227_mar0.030.jpg,0.0720221279983565,0.9462952341428407,0
YawnDD\no_yawn\2-MaleGlasses_f001230_mar0.030.jpg,0.07548923360969743,0.9168056531092424,0
YawnDD\no_yawn\2-MaleGlasses_f001233_mar0.030.jpg,0.07599536010285872,0.8984375375424594,0
YawnDD\no_yawn\2-MaleGlasses_f001236_mar0.030.jpg,0.07488569701662186,0.8656957670826009,0
YawnDD\no_yawn\2-MaleGlasses_f001239_mar0.030.jpg,0.0734000676089939,0.9369470188642242,0
YawnDD\no_yawn\2-MaleGlasses_f001242_mar0.030.jpg,0.07428827988015407,0.95150507482327,0
YawnDD\no_yawn\2-MaleGlasses_f001245_mar0.030.jpg,0.13133809650673486,0.9393533258069235,0
YawnDD\no_yawn\2-MaleGlasses_f001254_mar0.030.jpg,0.14703151810293524,0.9647204906830299,0
YawnDD\no_yawn\2-MaleGlasses_f001257_mar0.030.jpg,0.07101507147009628,0.9717437571877949,0
YawnDD\no_yawn\2-MaleGlasses_f001260_mar0.030.jpg,0.07052081400854411,0.9563862679319367,0
YawnDD\no_yawn\2-MaleGlasses_f001263_mar0.030.jpg,0.07100084842727145,0.9428396802612995,0
YawnDD\no_yawn\2-MaleGlasses_f001269_mar0.030.jpg,0.07263673412218669,0.9280608340965544,0
YawnDD\no_yawn\2-MaleGlasses_f001281_mar0.030.jpg,0.08155292952100145,1.0018412893560904,0
YawnDD\no_yawn\2-MaleGlasses_f001284_mar0.030.jpg,0.07422808681646789,1.0096022052831437,0
YawnDD\no_yawn\2-MaleGlasses_f001287_mar0.030.jpg,0.0757669175004971,0.9707700225930869,0
YawnDD\no_yawn\2-MaleGlasses_f001293_mar0.030.jpg,0.07218109400312214,0.9526107590238726,0
YawnDD\no_yawn\2-MaleGlasses_f001305_mar0.035.jpg,0.08202803303762915,1.051996010018034,0
YawnDD\no_yawn\2-MaleGlasses_f001308_mar0.030.jpg,0.06716640885166165,1.0294591813044118,0
YawnDD\no_yawn\2-MaleGlasses_f001311_mar0.030.jpg,0.060894000924143016,0.9939356439643512,0
YawnDD\no_yawn\2-MaleGlasses_f001314_mar0.030.jpg,0.046953017095946493,1.0256939784939842,0
YawnDD\no_yawn\2-MaleGlasses_f001317_mar0.030.jpg,0.05113682136009445,1.084879124199009,0
YawnDD\no_yawn\2-MaleGlasses_f001320_mar0.030.jpg,0.056070306515211506,1.0487112538171581,0
YawnDD\no_yawn\2-MaleGlasses_f001326_mar0.030.jpg,0.06495292771455273,0.9278143038608226,0
YawnDD\no_yawn\2-MaleGlasses_f001329_mar0.030.jpg,0.07217146473630755,0.8579878583384449,0
YawnDD\no_yawn\2-MaleGlasses_f001332_mar0.030.jpg,0.08206725909374475,0.7816186545885269,0
YawnDD\no_yawn\2-MaleGlasses_f001335_mar0.030.jpg,0.07723238963332585,0.8500275427516876,0
YawnDD\no_yawn\2-MaleGlasses_f001338_mar0.030.jpg,0.07482437315593721,0.8300255946017482,0
YawnDD\no_yawn\2-MaleGlasses_f001341_mar0.030.jpg,0.07831923382873134,0.6764321694950428,0
YawnDD\no_yawn\2-MaleGlasses_f001344_mar0.030.jpg,0.06330608823664574,0.924321728668475,0
YawnDD\no_yawn\2-MaleGlasses_f001347_mar0.030.jpg,0.04680800681694237,0.9151257192606154,0
YawnDD\no_yawn\2-MaleGlasses_f001350_mar0.030.jpg,0.04104042687464264,0.9383369225830341,0
YawnDD\no_yawn\2-MaleGlasses_f001353_mar0.030.jpg,0.03624580512770981,0.980688503152531,0
YawnDD\no_yawn\2-MaleGlasses_f001356_mar0.030.jpg,0.03635677321037933,0.9988560107504223,0
YawnDD\no_yawn\2-MaleGlasses_f001359_mar0.030.jpg,0.03895290475649039,1.0349044412417348,0
YawnDD\no_yawn\2-MaleGlasses_f001362_mar0.030.jpg,0.10412787511355331,0.9783628748330833,0
YawnDD\no_yawn\2-MaleGlasses_f001368_mar0.030.jpg,0.06427799687753079,0.7646185281283157,0
YawnDD\no_yawn\2-MaleGlasses_f001371_mar0.030.jpg,0.06329446364798795,0.7651963389254093,0
YawnDD\no_yawn\2-MaleGlasses_f001374_mar0.030.jpg,0.05760083601823744,0.7827734332582927,0
YawnDD\no_yawn\2-MaleGlasses_f001377_mar0.030.jpg,0.059608337450261055,0.8179789882193714,0
YawnDD\no_yawn\2-MaleGlasses_f001380_mar0.030.jpg,0.06345916582017658,0.810417837626876,0
YawnDD\no_yawn\2-MaleGlasses_f001383_mar0.030.jpg,0.06817471437635268,0.8452617841827763,0
YawnDD\no_yawn\2-MaleGlasses_f001386_mar0.030.jpg,0.06351973106158296,0.8121845276331877,0
YawnDD\no_yawn\2-MaleGlasses_f001389_mar0.030.jpg,0.062454309681746374,0.8270804622383978,0
YawnDD\no_yawn\2-MaleGlasses_f001392_mar0.030.jpg,0.06252528462604791,0.8099747736971888,0
YawnDD\no_yawn\2-MaleGlasses_f001395_mar0.030.jpg,0.06921747203819757,0.853657886337302,0
YawnDD\no_yawn\2-MaleGlasses_f001398_mar0.030.jpg,0.07374239625311814,0.8988154466489351,0
YawnDD\no_yawn\2-MaleGlasses_f001401_mar0.030.jpg,0.07606563492226227,0.9797355885514464,0
YawnDD\no_yawn\2-MaleGlasses_f001404_mar0.030.jpg,0.08039299105410307,0.9723615177369113,0
YawnDD\no_yawn\2-MaleGlasses_f001407_mar0.030.jpg,0.08169282678791387,0.9652403782569021,0
YawnDD\no_yawn\2-MaleGlasses_f001443_mar0.030.jpg,0.08340564001135264,1.0084268967141305,0
YawnDD\no_yawn\2-MaleGlasses_f001452_mar0.030.jpg,0.0823587133408691,0.9165747411992038,0
YawnDD\no_yawn\2-MaleGlasses_f001455_mar0.030.jpg,0.079886640566521,0.9597975232896363,0
YawnDD\no_yawn\2-MaleGlasses_f001458_mar0.030.jpg,0.07784202424677678,0.9784750938983297,0
YawnDD\no_yawn\2-MaleGlasses_f001461_mar0.030.jpg,0.07823116422836246,0.9664740034871279,0
YawnDD\no_yawn\2-MaleGlasses_f001467_mar0.030.jpg,0.07618559852723869,1.000887820887988,0
YawnDD\no_yawn\2-MaleGlasses_f001470_mar0.030.jpg,0.0771528865410743,1.022855120237068,0
YawnDD\no_yawn\2-MaleGlasses_f001473_mar0.030.jpg,0.08020299797964184,1.029046185205762,0
YawnDD\no_yawn\2-MaleGlasses_f001506_mar0.030.jpg,0.11104120170497091,1.0471965188261851,0
YawnDD\no_yawn\2-MaleGlasses_f001647_mar0.040.jpg,0.13374602327126173,0.8761782042329053,0
YawnDD\no_yawn\2-MaleGlasses_f001650_mar0.030.jpg,0.12036723050388398,0.8509590288058043,0
YawnDD\no_yawn\2-MaleGlasses_f001653_mar0.037.jpg,0.14656857045100002,0.8451837524163639,0
YawnDD\no_yawn\2-MaleGlasses_f001656_mar0.030.jpg,0.1547722986172695,0.8893890510286113,0
YawnDD\no_yawn\2-MaleGlasses_f001671_mar0.030.jpg,0.0762284629104092,0.9536161535297418,0
YawnDD\no_yawn\2-MaleGlasses_f001674_mar0.030.jpg,0.08287203804834838,0.94300834362409,0
YawnDD\no_yawn\2-MaleGlasses_f001677_mar0.030.jpg,0.076951150671678,0.9613835913162869,0
YawnDD\no_yawn\2-MaleGlasses_f001680_mar0.030.jpg,0.11025619209422437,0.8256391271529374,0
YawnDD\no_yawn\2-MaleGlasses_f001683_mar0.030.jpg,0.14813606686465725,1.0024789638027822,0
YawnDD\no_yawn\2-MaleGlasses_f001689_mar0.030.jpg,0.16221061123327216,1.0113819269216597,0
YawnDD\no_yawn\2-MaleGlasses_f001692_mar0.030.jpg,0.1338700293280314,0.9870032689654764,0
YawnDD\no_yawn\2-MaleGlasses_f001695_mar0.030.jpg,0.06875885633311299,0.9998927086444402,0
YawnDD\no_yawn\2-MaleGlasses_f001698_mar0.030.jpg,0.07110224972083701,0.9575217394611208,0
YawnDD\no_yawn\2-MaleGlasses_f001701_mar0.030.jpg,0.07567513040963937,0.9449963718060509,0
YawnDD\no_yawn\2-MaleGlasses_f001704_mar0.030.jpg,0.07822289175362253,0.9455685957850293,0
YawnDD\no_yawn\2-MaleGlasses_f001707_mar0.030.jpg,0.07220154355749825,0.9399163146942395,0
YawnDD\no_yawn\2-MaleGlasses_f001710_mar0.030.jpg,0.06667591003396896,0.9628863340208904,0
YawnDD\no_yawn\2-MaleGlasses_f001713_mar0.030.jpg,0.07004032948276183,0.97666037660131,0
YawnDD\no_yawn\2-MaleGlasses_f001716_mar0.030.jpg,0.06997463193862581,0.9542785823005402,0
YawnDD\no_yawn\2-MaleGlasses_f001719_mar0.030.jpg,0.07194725604734806,0.9225274455843921,0
YawnDD\no_yawn\2-MaleGlasses_f001722_mar0.030.jpg,0.07723179488582262,0.9127280714255496,0
YawnDD\no_yawn\2-MaleGlasses_f001725_mar0.030.jpg,0.07118140795113269,0.8858213045261895,0
YawnDD\no_yawn\2-MaleGlasses_f001731_mar0.030.jpg,0.07450538811419587,0.8777656594226201,0
YawnDD\no_yawn\2-MaleGlasses_f001797_mar0.030.jpg,0.06643614570989852,0.878984524303275,0
YawnDD\no_yawn\2-MaleGlasses_f001800_mar0.030.jpg,0.06465950529321757,0.8781277041830514,0
YawnDD\no_yawn\2-MaleGlasses_f001803_mar0.030.jpg,0.0643433815127029,0.907540495116868,0
YawnDD\no_yawn\2-MaleGlasses_f001806_mar0.030.jpg,0.03964175357387754,1.0480785932145003,0
YawnDD\no_yawn\2-MaleGlasses_f001884_mar0.030.jpg,0.07786924423767076,0.8161655519771974,0
YawnDD\no_yawn\2-MaleGlasses_f001887_mar0.030.jpg,0.06998307874882637,0.8205671163980311,0
YawnDD\no_yawn\2-MaleGlasses_f001890_mar0.030.jpg,0.11854333531725637,0.8160295732898188,0
YawnDD\no_yawn\2-MaleGlasses_f001893_mar0.030.jpg,0.08125285630748331,0.8146510389808668,0
YawnDD\no_yawn\2-MaleGlasses_f001896_mar0.030.jpg,0.06707733656290864,0.8431118053776426,0
YawnDD\no_yawn\2-MaleGlasses_f001899_mar0.030.jpg,0.0745831845461213,0.8399845068738393,0
YawnDD\no_yawn\2-MaleGlasses_f001902_mar0.030.jpg,0.07974841053380394,0.8482147420367769,0
YawnDD\no_yawn\2-MaleGlasses_f001908_mar0.030.jpg,0.07272217057956355,0.8354998483559075,0
YawnDD\no_yawn\2-MaleGlasses_f001914_mar0.030.jpg,0.07064275903263831,0.8117631550342519,0
YawnDD\no_yawn\2-MaleGlasses_f001917_mar0.030.jpg,0.076761847941606,0.7872584255042364,0
YawnDD\no_yawn\2-MaleGlasses_f001920_mar0.030.jpg,0.07609444802285895,0.786695245071211,0
YawnDD\no_yawn\2-MaleGlasses_f001923_mar0.030.jpg,0.07697990169127324,0.7478282655144222,0
YawnDD\no_yawn\2-MaleGlasses_f001926_mar0.030.jpg,0.07519855268727205,0.74291507535008,0
YawnDD\no_yawn\2-MaleGlasses_f001929_mar0.030.jpg,0.07472831149441611,0.7472724558816745,0
YawnDD\no_yawn\2-MaleGlasses_f001932_mar0.030.jpg,0.07444054115397512,0.7541462450797665,0
YawnDD\no_yawn\2-MaleGlasses_f001935_mar0.030.jpg,0.07414845473113975,0.7437451539781101,0
YawnDD\no_yawn\2-MaleGlasses_f001938_mar0.030.jpg,0.07356988876378201,0.7293785430544683,0
YawnDD\no_yawn\2-MaleGlasses_f001941_mar0.030.jpg,0.07644735907209693,0.7801113189408231,0
YawnDD\no_yawn\2-MaleGlasses_f001947_mar0.030.jpg,0.07906834859309216,0.8624034636537191,0
YawnDD\no_yawn\2-MaleGlasses_f001950_mar0.030.jpg,0.0796397267700185,0.9198597541562726,0
YawnDD\no_yawn\2-MaleGlasses_f001953_mar0.030.jpg,0.07916691140455125,0.9202968270988415,0
YawnDD\no_yawn\2-MaleGlasses_f001956_mar0.030.jpg,0.07747347918405084,0.9349536311627193,0
YawnDD\no_yawn\2-MaleGlasses_f001962_mar0.031.jpg,0.08578910745931853,0.92588506824966,0
YawnDD\no_yawn\2-MaleGlasses_f001965_mar0.030.jpg,0.08046078467216783,0.9271030107859626,0
YawnDD\no_yawn\2-MaleGlasses_f001968_mar0.030.jpg,0.07462532490618393,0.9132914378376407,0
YawnDD\no_yawn\2-MaleGlasses_f001971_mar0.030.jpg,0.07579612534612085,0.8928676617281484,0
YawnDD\no_yawn\2-MaleGlasses_f001974_mar0.030.jpg,0.07589914779852616,0.8895459367270224,0
YawnDD\no_yawn\2-MaleGlasses_f001977_mar0.030.jpg,0.07877744508674339,0.8932720573194584,0
YawnDD\no_yawn\2-MaleGlasses_f001980_mar0.030.jpg,0.07820665282172407,0.9340140632037706,0
YawnDD\no_yawn\2-MaleGlasses_f001983_mar0.030.jpg,0.07442708523441743,0.9484606050490313,0
YawnDD\no_yawn\2-MaleGlasses_f002001_mar0.030.jpg,0.0960215423169195,0.9603248285951077,0
YawnDD\no_yawn\2-MaleGlasses_f002004_mar0.030.jpg,0.08042949638320171,0.9188632715734069,0
YawnDD\no_yawn\2-MaleGlasses_f002007_mar0.030.jpg,0.07791157523159908,0.9234789075502411,0
YawnDD\no_yawn\2-MaleGlasses_f002010_mar0.030.jpg,0.07614014902031765,0.9320829584426258,0
YawnDD\no_yawn\2-MaleGlasses_f002013_mar0.030.jpg,0.07777538790495887,0.9123018891663286,0
YawnDD\no_yawn\2-MaleGlasses_f002016_mar0.030.jpg,0.07597806564862149,0.9225686866177591,0
YawnDD\no_yawn\2-MaleGlasses_f002019_mar0.030.jpg,0.07575798109986134,0.8941492144259552,0
YawnDD\no_yawn\2-MaleGlasses_f002022_mar0.030.jpg,0.07730240578301707,0.9345656837088697,0
YawnDD\no_yawn\2-MaleGlasses_f002025_mar0.030.jpg,0.07750664573781055,0.9194386203679171,0
YawnDD\no_yawn\2-MaleGlasses_f002028_mar0.030.jpg,0.07333633960953892,0.9072139653698156,0
YawnDD\no_yawn\2-MaleGlasses_f002031_mar0.030.jpg,0.07771662667274694,0.8928584104667504,0
YawnDD\no_yawn\2-MaleGlasses_f002034_mar0.030.jpg,0.08057869276613339,0.9615727698482012,0
YawnDD\no_yawn\2-MaleGlasses_f002037_mar0.030.jpg,0.09037754274798118,0.9514682161964964,0
YawnDD\no_yawn\2-MaleGlasses_f002202_mar0.033.jpg,0.12332309179326101,0.7704898544741834,0
YawnDD\no_yawn\2-MaleGlasses_f002211_mar0.030.jpg,0.07559449588593367,0.7953249365398674,0
YawnDD\no_yawn\2-MaleGlasses_f002220_mar0.030.jpg,0.07377881368305524,0.795481127592216,0
YawnDD\no_yawn\2-MaleGlasses_f002223_mar0.030.jpg,0.07251365563837037,0.836092322434435,0
YawnDD\no_yawn\2-MaleGlasses_f002229_mar0.030.jpg,0.0662535620049418,0.7955676399635826,0
YawnDD\no_yawn\2-MaleGlasses_f002241_mar0.030.jpg,0.06273334436559927,0.7860700224112888,0
YawnDD\no_yawn\2-MaleGlasses_f002244_mar0.030.jpg,0.07067830763956687,0.792173374911997,0
YawnDD\no_yawn\2-MaleGlasses_f002247_mar0.030.jpg,0.06864336541099066,0.7832395773181132,0
YawnDD\no_yawn\2-MaleGlasses_f002250_mar0.030.jpg,0.07738199097541484,0.7855866254005954,0
YawnDD\no_yawn\2-MaleGlasses_f002253_mar0.030.jpg,0.07366198787089083,0.798954454202584,0
YawnDD\no_yawn\2-MaleGlasses_f002256_mar0.030.jpg,0.07793238261313623,0.7992401491722002,0
YawnDD\no_yawn\2-MaleGlasses_f002259_mar0.030.jpg,0.07457723070921495,0.807574445522193,0
YawnDD\no_yawn\2-MaleGlasses_f002262_mar0.030.jpg,0.07692999757570818,0.8344845086605721,0
YawnDD\no_yawn\2-MaleGlasses_f002265_mar0.030.jpg,0.07523997664005347,0.8109445361115195,0
YawnDD\no_yawn\2-MaleGlasses_f002268_mar0.030.jpg,0.07344461526915141,0.8005172638121293,0
YawnDD\no_yawn\2-MaleGlasses_f002274_mar0.030.jpg,0.09846900808724902,0.8301229459481101,0
YawnDD\no_yawn\2-MaleGlasses_f002286_mar0.030.jpg,0.05007225326677827,0.7717146802654083,0
YawnDD\no_yawn\2-MaleGlasses_f002292_mar0.030.jpg,0.04907887401571419,0.7852380983760578,0
YawnDD\no_yawn\2-MaleGlasses_f002295_mar0.030.jpg,0.04926914085146912,0.7644373879637341,0
YawnDD\no_yawn\2-MaleGlasses_f002301_mar0.030.jpg,0.07286795653669172,0.7308140920818021,0
YawnDD\no_yawn\2-MaleGlasses_f002304_mar0.030.jpg,0.08893362756755424,0.747440947038086,0
YawnDD\no_yawn\2-MaleGlasses_f002307_mar0.030.jpg,0.08674436440315401,0.7690212973511138,0
YawnDD\no_yawn\2-MaleGlasses_f002313_mar0.030.jpg,0.07704989134228461,0.7438708230366926,0
YawnDD\no_yawn\2-MaleGlasses_f002316_mar0.030.jpg,0.08309330145628166,0.7193735124803804,0
YawnDD\no_yawn\2-MaleGlasses_f002319_mar0.030.jpg,0.14934226023909164,0.750514639662818,0
YawnDD\no_yawn\2-MaleGlasses_f002328_mar0.030.jpg,0.09550693816831671,0.7350885571033496,0
YawnDD\no_yawn\2-MaleGlasses_f002331_mar0.030.jpg,0.089561556717138,0.7478675313691344,0
YawnDD\no_yawn\2-MaleGlasses_f002334_mar0.030.jpg,0.07533509057502398,0.7709124819999589,0
YawnDD\no_yawn\2-MaleGlasses_f002337_mar0.030.jpg,0.07705459891888307,0.7473330462164801,0
YawnDD\no_yawn\2-MaleGlasses_f002340_mar0.030.jpg,0.07536719458440348,0.7409231728869876,0
YawnDD\no_yawn\2-MaleGlasses_f002343_mar0.030.jpg,0.07857494405212503,0.7303199037287487,0
YawnDD\no_yawn\2-MaleGlasses_f002346_mar0.030.jpg,0.07282187838101785,0.735552673563162,0
YawnDD\no_yawn\2-MaleGlasses_f002349_mar0.030.jpg,0.07053241623148168,0.6928919241701876,0
YawnDD\no_yawn\2-MaleGlasses_f002352_mar0.030.jpg,0.07461573818467417,0.7606585847747541,0
YawnDD\no_yawn\2-MaleGlasses_f002355_mar0.030.jpg,0.0714952259383909,0.7517112284472016,0
YawnDD\no_yawn\2-MaleGlasses_f002358_mar0.030.jpg,0.07303301487547781,0.7562586967639925,0
YawnDD\no_yawn\2-MaleGlasses_f002361_mar0.030.jpg,0.07900373534367978,0.7521921977634566,0
YawnDD\no_yawn\3-FemaleGlasses_f000066_mar0.030.jpg,0.07334877610804821,0.8140030579096934,0
YawnDD\no_yawn\3-FemaleGlasses_f000069_mar0.030.jpg,0.07406594346696743,0.8321134022667579,0
YawnDD\no_yawn\3-FemaleGlasses_f000105_mar0.030.jpg,0.04624960340001474,1.022360557012193,0
YawnDD\no_yawn\3-FemaleGlasses_f000138_mar0.030.jpg,0.07264389743508425,0.8253427354309896,0
YawnDD\no_yawn\3-FemaleGlasses_f000141_mar0.030.jpg,0.07109435256763957,0.8354417325754535,0
YawnDD\no_yawn\3-FemaleGlasses_f000144_mar0.030.jpg,0.07233896851976505,0.8304378267898975,0
YawnDD\no_yawn\3-FemaleGlasses_f000147_mar0.030.jpg,0.07119101797736603,0.8303902637973768,0
YawnDD\no_yawn\3-FemaleGlasses_f000150_mar0.030.jpg,0.07217141314320849,0.8170898010672863,0
YawnDD\no_yawn\3-FemaleGlasses_f000153_mar0.030.jpg,0.07228991369163056,0.8293866143547675,0
YawnDD\no_yawn\3-FemaleGlasses_f000156_mar0.030.jpg,0.07186871890484377,0.8140998074124826,0
YawnDD\no_yawn\3-FemaleGlasses_f000246_mar0.030.jpg,0.07561117721053302,0.8321228253308779,0
YawnDD\no_yawn\3-FemaleGlasses_f000264_mar0.030.jpg,0.05475191549209524,0.9934443694795176,0
YawnDD\no_yawn\3-FemaleGlasses_f000270_mar0.030.jpg,0.08175451454626757,0.9041166784641337,0
YawnDD\no_yawn\3-FemaleGlasses_f000381_mar0.030.jpg,0.09025858098561215,0.8646558340014714,0
YawnDD\no_yawn\3-FemaleGlasses_f000384_mar0.030.jpg,0.0866581714674599,0.8745767688775138,0
YawnDD\no_yawn\3-FemaleGlasses_f000390_mar0.030.jpg,0.07866104345625542,0.8393094223753426,0
YawnDD\no_yawn\3-FemaleGlasses_f000393_mar0.030.jpg,0.07673081860210684,0.8456136965438473,0
YawnDD\no_yawn\3-FemaleGlasses_f000396_mar0.030.jpg,0.06735935253722145,0.8031864193470867,0
YawnDD\no_yawn\3-FemaleGlasses_f000399_mar0.030.jpg,0.06075446514518327,0.8850863114300671,0
YawnDD\no_yawn\3-FemaleGlasses_f000402_mar0.030.jpg,0.0575537551921603,0.9574877454959042,0
YawnDD\no_yawn\3-FemaleGlasses_f000405_mar0.030.jpg,0.05598125467779584,0.9998762059299945,0
YawnDD\no_yawn\3-FemaleGlasses_f000408_mar0.030.jpg,0.056066664044758234,0.9938496922214456,0
YawnDD\no_yawn\3-FemaleGlasses_f000411_mar0.030.jpg,0.059793768639095995,0.9940355051691121,0
YawnDD\no_yawn\3-FemaleGlasses_f000414_mar0.030.jpg,0.054606462512859735,1.005638532756232,0
YawnDD\no_yawn\3-FemaleGlasses_f000417_mar0.030.jpg,0.05825751930981344,0.9908648122987409,0
YawnDD\no_yawn\3-FemaleGlasses_f000453_mar0.030.jpg,0.0763994632509673,0.8808171923322722,0
YawnDD\no_yawn\3-FemaleGlasses_f000573_mar0.030.jpg,0.05573747608723686,0.9918360641019052,0
YawnDD\no_yawn\3-FemaleGlasses_f000663_mar0.038.jpg,0.0901814868195621,0.8234257117449043,0
YawnDD\no_yawn\3-FemaleGlasses_f000711_mar0.030.jpg,0.06868318706465537,0.9011157714698383,0
YawnDD\no_yawn\3-FemaleGlasses_f000714_mar0.030.jpg,0.06239888105319426,0.9536971658810793,0
YawnDD\no_yawn\3-FemaleGlasses_f000789_mar0.030.jpg,0.09121020052968648,0.9112262984322806,0
YawnDD\no_yawn\3-FemaleGlasses_f000792_mar0.030.jpg,0.10208737282282125,0.9246205628421822,0
YawnDD\no_yawn\3-FemaleGlasses_f000795_mar0.030.jpg,0.14117081202425602,0.9430371527994234,0
YawnDD\no_yawn\3-FemaleGlasses_f000846_mar0.032.jpg,0.08521348712628374,0.8799109252571068,0
YawnDD\no_yawn\3-FemaleGlasses_f000858_mar0.030.jpg,0.0718262734439756,0.859554989313813,0
YawnDD\no_yawn\3-FemaleGlasses_f000879_mar0.030.jpg,0.07196308276921114,0.8434161148743694,0
YawnDD\no_yawn\3-FemaleGlasses_f000882_mar0.030.jpg,0.07255632855826626,0.8574790771699061,0
YawnDD\no_yawn\3-FemaleGlasses_f000888_mar0.030.jpg,0.06564916695069707,0.8662130610741884,0
YawnDD\no_yawn\3-FemaleGlasses_f000891_mar0.030.jpg,0.05931782648772168,0.910475260738431,0
YawnDD\no_yawn\3-FemaleGlasses_f000894_mar0.030.jpg,0.08425935079458895,0.9637907342107559,0
YawnDD\no_yawn\3-FemaleGlasses_f000903_mar0.030.jpg,0.05052727183049295,0.9776969103772023,0
YawnDD\no_yawn\3-FemaleGlasses_f000996_mar0.030.jpg,0.07345527891373209,0.8504514483583682,0
YawnDD\no_yawn\3-FemaleGlasses_f001029_mar0.030.jpg,0.05428132755423303,0.9724275660424729,0
YawnDD\no_yawn\3-FemaleGlasses_f001086_mar0.030.jpg,0.07587587091930205,0.8558456175911786,0
YawnDD\no_yawn\3-FemaleGlasses_f001089_mar0.030.jpg,0.07462764255856127,0.851729493549283,0
YawnDD\no_yawn\3-FemaleGlasses_f001092_mar0.030.jpg,0.07462879101865005,0.8469044977939092,0
YawnDD\no_yawn\3-FemaleGlasses_f001122_mar0.030.jpg,0.07421909708526858,0.8859559916739733,0
YawnDD\no_yawn\3-FemaleGlasses_f001125_mar0.030.jpg,0.0703957984432803,0.855191092318874,0
YawnDD\no_yawn\3-FemaleGlasses_f001128_mar0.030.jpg,0.07318218864427743,0.8720191301916141,0
YawnDD\no_yawn\3-FemaleGlasses_f001131_mar0.030.jpg,0.07171169605857608,0.873508404075074,0
YawnDD\no_yawn\3-FemaleGlasses_f001134_mar0.030.jpg,0.07313817740800133,0.8791920989370855,0
YawnDD\no_yawn\3-FemaleGlasses_f001137_mar0.030.jpg,0.07234505243886206,0.8633607786296095,0
YawnDD\no_yawn\3-FemaleGlasses_f001140_mar0.030.jpg,0.07365686683069705,0.8630909364083125,0
YawnDD\no_yawn\3-FemaleGlasses_f001143_mar0.030.jpg,0.07294391545988191,0.8581499769777903,0
YawnDD\no_yawn\3-FemaleGlasses_f001155_mar0.030.jpg,0.09561844515013455,0.8580106963213604,0
YawnDD\no_yawn\3-FemaleGlasses_f001167_mar0.030.jpg,0.0736185621336814,0.8889560787270631,0
YawnDD\no_yawn\3-FemaleGlasses_f001170_mar0.030.jpg,0.07761770621833664,0.8961728554471204,0
YawnDD\no_yawn\3-FemaleGlasses_f001173_mar0.030.jpg,0.07667449768972155,0.8897121100138001,0
YawnDD\no_yawn\3-FemaleGlasses_f001176_mar0.030.jpg,0.07498979949938508,0.8553241148174973,0
YawnDD\no_yawn\3-FemaleGlasses_f001179_mar0.030.jpg,0.07466952008304253,0.8573332393791832,0
YawnDD\no_yawn\3-FemaleGlasses_f001182_mar0.030.jpg,0.07399053158183243,0.8610796163259783,0
YawnDD\no_yawn\3-FemaleGlasses_f001185_mar0.030.jpg,0.07268185415474805,0.8798307135136564,0
YawnDD\no_yawn\3-FemaleGlasses_f001188_mar0.030.jpg,0.06888205186709535,0.9121488725996584,0
YawnDD\no_yawn\3-FemaleGlasses_f001356_mar0.030.jpg,0.09781597385328154,0.9172978512743393,0
YawnDD\no_yawn\3-FemaleGlasses_f001359_mar0.030.jpg,0.09004026942675959,0.8976363866314775,0
YawnDD\no_yawn\3-FemaleGlasses_f001362_mar0.030.jpg,0.09258435707230926,0.9268306281253306,0
YawnDD\no_yawn\3-FemaleGlasses_f001365_mar0.030.jpg,0.09542660055988221,0.971442473987166,0
YawnDD\no_yawn\3-FemaleGlasses_f001368_mar0.030.jpg,0.10215184226494319,0.996895476164375,0
YawnDD\no_yawn\3-FemaleGlasses_f001371_mar0.030.jpg,0.09990292819953683,0.9900559849665888,0
YawnDD\no_yawn\3-FemaleGlasses_f001374_mar0.030.jpg,0.09431561061860597,0.9667221017830823,0
YawnDD\no_yawn\3-FemaleGlasses_f001377_mar0.030.jpg,0.095293232641657,0.9174565242082839,0
YawnDD\no_yawn\3-FemaleGlasses_f001380_mar0.030.jpg,0.09023070843353209,0.9021483944894952,0
YawnDD\no_yawn\3-FemaleGlasses_f001386_mar0.030.jpg,0.07444368203821278,0.8948327746307294,0
YawnDD\no_yawn\3-FemaleGlasses_f001389_mar0.030.jpg,0.06254408995153227,0.9315521056718864,0
YawnDD\no_yawn\3-FemaleGlasses_f001392_mar0.030.jpg,0.0645156858047599,0.9657954975032136,0
YawnDD\no_yawn\3-FemaleGlasses_f001458_mar0.030.jpg,0.06733809187521524,0.8722371525643784,0
YawnDD\no_yawn\3-FemaleGlasses_f001464_mar0.030.jpg,0.06978390890317425,0.8958658444784127,0
YawnDD\no_yawn\3-FemaleGlasses_f001467_mar0.030.jpg,0.07078905266363632,0.8696980480456756,0
YawnDD\no_yawn\3-FemaleGlasses_f001470_mar0.030.jpg,0.0725061942921351,0.8689181283330688,0
YawnDD\no_yawn\3-FemaleGlasses_f001473_mar0.030.jpg,0.07110723782002562,0.8670531185101609,0
YawnDD\no_yawn\3-FemaleGlasses_f001476_mar0.030.jpg,0.07273114866798305,0.8618952603633879,0
YawnDD\no_yawn\3-FemaleGlasses_f001479_mar0.030.jpg,0.07241285388611975,0.8383852185234087,0
YawnDD\no_yawn\3-FemaleGlasses_f001482_mar0.030.jpg,0.07370443337970466,0.8313290362623317,0
YawnDD\no_yawn\3-FemaleGlasses_f001485_mar0.030.jpg,0.07497676880740946,0.8496009760057381,0
YawnDD\no_yawn\3-FemaleGlasses_f001488_mar0.030.jpg,0.07245512976908589,0.8472156890416872,0
YawnDD\no_yawn\3-FemaleGlasses_f001518_mar0.030.jpg,0.09325813624265579,0.883878279536032,0
YawnDD\no_yawn\3-FemaleGlasses_f001521_mar0.030.jpg,0.09517403109936265,0.8873082162021617,0
YawnDD\no_yawn\3-FemaleGlasses_f001527_mar0.030.jpg,0.09667896935017868,0.9200980018519888,0
YawnDD\no_yawn\3-FemaleGlasses_f001530_mar0.030.jpg,0.08994720419929317,0.8799665437548851,0
YawnDD\no_yawn\3-FemaleGlasses_f001542_mar0.030.jpg,0.05562341879672126,0.9114842475545789,0
YawnDD\no_yawn\3-FemaleGlasses_f001632_mar0.030.jpg,0.07797760663142232,0.7931303073362712,0
YawnDD\no_yawn\3-FemaleGlasses_f001635_mar0.030.jpg,0.07527797013028133,0.7882320877530481,0
YawnDD\no_yawn\3-FemaleGlasses_f001638_mar0.030.jpg,0.07585543819895893,0.7829504067988945,0
YawnDD\no_yawn\3-FemaleGlasses_f001644_mar0.030.jpg,0.07632562834259018,0.7926964520763711,0
YawnDD\no_yawn\3-FemaleGlasses_f001647_mar0.030.jpg,0.07488392543464278,0.7717320265905082,0
YawnDD\no_yawn\3-FemaleGlasses_f001650_mar0.030.jpg,0.0764490334555621,0.7958386283956218,0
YawnDD\no_yawn\3-FemaleGlasses_f001653_mar0.030.jpg,0.07560776651450812,0.8022385594830986,0
YawnDD\no_yawn\3-FemaleGlasses_f001656_mar0.030.jpg,0.0772837423988319,0.7905621292610573,0
YawnDD\no_yawn\3-FemaleGlasses_f001659_mar0.030.jpg,0.07868667836321122,0.788551804146878,0
YawnDD\no_yawn\3-FemaleGlasses_f001662_mar0.030.jpg,0.07746321757302917,0.7992811042289475,0
YawnDD\no_yawn\3-FemaleGlasses_f001665_mar0.030.jpg,0.0773521084057428,0.807864580000058,0
YawnDD\no_yawn\3-FemaleGlasses_f001668_mar0.030.jpg,0.07558163520789471,0.8170622287073891,0
YawnDD\no_yawn\3-FemaleGlasses_f001671_mar0.030.jpg,0.07509731466347933,0.8215303425692579,0
YawnDD\no_yawn\3-FemaleGlasses_f001674_mar0.030.jpg,0.0753462593920012,0.8357459463998227,0
YawnDD\no_yawn\3-FemaleGlasses_f001677_mar0.030.jpg,0.07449223321779874,0.8313055408044183,0
YawnDD\no_yawn\3-FemaleGlasses_f001680_mar0.030.jpg,0.07555669507477585,0.842950887838503,0
YawnDD\no_yawn\3-FemaleGlasses_f001683_mar0.030.jpg,0.07575251970591988,0.8425502952061492,0
YawnDD\no_yawn\3-FemaleGlasses_f001686_mar0.030.jpg,0.07794786010654979,0.8416765925896048,0
YawnDD\no_yawn\3-FemaleGlasses_f001689_mar0.030.jpg,0.07521888926725352,0.8366622548923713,0
YawnDD\no_yawn\3-FemaleGlasses_f001692_mar0.030.jpg,0.0734508130809977,0.8310377519286594,0
YawnDD\no_yawn\3-FemaleGlasses_f001695_mar0.030.jpg,0.07465622439938495,0.831969931361523,0
YawnDD\no_yawn\3-FemaleGlasses_f001698_mar0.030.jpg,0.07516901758755817,0.8147082739323501,0
YawnDD\no_yawn\3-FemaleGlasses_f001701_mar0.030.jpg,0.07512700457944821,0.8166141121991185,0
YawnDD\no_yawn\3-FemaleGlasses_f001704_mar0.030.jpg,0.07355510911720539,0.803159698081736,0
YawnDD\no_yawn\3-FemaleGlasses_f001707_mar0.030.jpg,0.07335922359921868,0.8128233159358779,0
YawnDD\no_yawn\3-FemaleGlasses_f001710_mar0.030.jpg,0.07467145302442374,0.7978641522959339,0
YawnDD\no_yawn\3-FemaleGlasses_f001716_mar0.030.jpg,0.0738442578454735,0.8295487607117441,0
YawnDD\no_yawn\3-FemaleGlasses_f001719_mar0.030.jpg,0.07538521334739387,0.8219371268396124,0
YawnDD\no_yawn\3-FemaleGlasses_f001722_mar0.030.jpg,0.07481939520841786,0.8291317506758212,0
YawnDD\no_yawn\3-FemaleGlasses_f001725_mar0.030.jpg,0.0742606845954564,0.8428632864618932,0
YawnDD\no_yawn\3-FemaleGlasses_f001728_mar0.030.jpg,0.07456900313707297,0.8471035536369231,0
YawnDD\no_yawn\3-FemaleGlasses_f001731_mar0.030.jpg,0.07377921983026922,0.8731303271645638,0
YawnDD\no_yawn\3-FemaleGlasses_f001734_mar0.030.jpg,0.07392897485998724,0.868906463793674,0
YawnDD\no_yawn\3-FemaleGlasses_f001737_mar0.030.jpg,0.07348720779669812,0.864548812567076,0
YawnDD\no_yawn\3-FemaleGlasses_f001740_mar0.030.jpg,0.0728574435470373,0.8698575846225332,0
YawnDD\no_yawn\3-FemaleGlasses_f001743_mar0.030.jpg,0.07211346838624312,0.8604232406206508,0
YawnDD\no_yawn\3-FemaleGlasses_f001746_mar0.030.jpg,0.07299328557329476,0.8591212888208689,0
YawnDD\no_yawn\3-FemaleGlasses_f001749_mar0.030.jpg,0.07182791651139447,0.8503552305036173,0
YawnDD\no_yawn\3-FemaleGlasses_f001752_mar0.030.jpg,0.07120069279336379,0.8704726107751348,0
YawnDD\no_yawn\3-FemaleGlasses_f001755_mar0.030.jpg,0.06965944976376005,0.8487966091342494,0
YawnDD\no_yawn\3-FemaleGlasses_f001758_mar0.030.jpg,0.066500576974907,0.8457038584959405,0
YawnDD\no_yawn\3-FemaleGlasses_f001761_mar0.030.jpg,0.05914426637071012,0.913909715611986,0
YawnDD\no_yawn\3-FemaleGlasses_f001764_mar0.030.jpg,0.05587118953411635,0.9385129338179721,0
YawnDD\no_yawn\3-FemaleGlasses_f001767_mar0.030.jpg,0.056839279887318364,0.9497246268485521,0
YawnDD\no_yawn\3-FemaleGlasses_f001770_mar0.030.jpg,0.05581754446912402,0.9655246927595743,0
YawnDD\no_yawn\3-FemaleGlasses_f001773_mar0.030.jpg,0.054207397697354026,0.9669768716365343,0
YawnDD\no_yawn\3-FemaleGlasses_f001776_mar0.030.jpg,0.055242520529361364,0.9478984380708754,0
YawnDD\no_yawn\3-FemaleGlasses_f001779_mar0.030.jpg,0.05448788946909316,0.9573838013070239,0
YawnDD\no_yawn\3-FemaleGlasses_f001782_mar0.030.jpg,0.05572407121393552,0.9441257123784254,0
YawnDD\no_yawn\3-FemaleGlasses_f001785_mar0.030.jpg,0.05988994850888169,0.9247636693531233,0
YawnDD\no_yawn\3-FemaleGlasses_f001788_mar0.030.jpg,0.05885303239234387,0.9280459311033837,0
YawnDD\no_yawn\3-FemaleGlasses_f001791_mar0.030.jpg,0.05956388364977006,0.9151255417711688,0
YawnDD\no_yawn\3-FemaleGlasses_f001794_mar0.030.jpg,0.06106210165164334,0.8873658335915582,0
YawnDD\no_yawn\3-FemaleGlasses_f001797_mar0.030.jpg,0.0627462578641194,0.8849851922718195,0
YawnDD\no_yawn\3-FemaleGlasses_f001800_mar0.030.jpg,0.06549717443959435,0.8806506440032114,0
YawnDD\no_yawn\3-FemaleGlasses_f001803_mar0.030.jpg,0.0645184985352156,0.8883640108937275,0
YawnDD\no_yawn\3-FemaleGlasses_f001806_mar0.030.jpg,0.06545829124096476,0.8813241115942689,0
YawnDD\no_yawn\3-FemaleGlasses_f001809_mar0.030.jpg,0.06515142394204827,0.8754412902798641,0
YawnDD\no_yawn\3-FemaleGlasses_f001815_mar0.030.jpg,0.06544974758999503,0.8849178951505512,0
YawnDD\no_yawn\3-FemaleGlasses_f001818_mar0.030.jpg,0.06638948596897164,0.8843310044444237,0
YawnDD\no_yawn\3-FemaleGlasses_f001821_mar0.030.jpg,0.06591244426106928,0.8608462457318453,0
YawnDD\no_yawn\3-FemaleGlasses_f001824_mar0.030.jpg,0.0644211649962634,0.8632663993845886,0
YawnDD\no_yawn\3-FemaleGlasses_f001827_mar0.030.jpg,0.06724023750880691,0.8675659963719022,0
YawnDD\no_yawn\3-FemaleGlasses_f001830_mar0.030.jpg,0.06761571003295469,0.8690110345085026,0
YawnDD\no_yawn\3-FemaleGlasses_f001833_mar0.030.jpg,0.06601160710372293,0.8472988523942073,0
YawnDD\no_yawn\3-FemaleGlasses_f001836_mar0.030.jpg,0.06949559099939974,0.8536556060910473,0
YawnDD\no_yawn\3-FemaleGlasses_f001839_mar0.030.jpg,0.0663696903992716,0.8625838791145449,0
YawnDD\no_yawn\3-FemaleGlasses_f001842_mar0.030.jpg,0.06736057890250215,0.8576944007333757,0
YawnDD\no_yawn\3-FemaleGlasses_f001845_mar0.030.jpg,0.07884718502947044,0.8578413982659211,0
YawnDD\no_yawn\3-FemaleGlasses_f001851_mar0.030.jpg,0.06883019654085203,0.7594470401193338,0
YawnDD\no_yawn\3-FemaleGlasses_f001854_mar0.030.jpg,0.06848012713577732,0.7605516324997829,0
YawnDD\no_yawn\3-FemaleGlasses_f001857_mar0.030.jpg,0.06941078058104667,0.8067639555129311,0
YawnDD\no_yawn\3-FemaleGlasses_f001860_mar0.030.jpg,0.07401679058114961,0.8250271047064853,0
YawnDD\no_yawn\3-FemaleGlasses_f001863_mar0.030.jpg,0.07105563132075424,0.8438301899110537,0
YawnDD\no_yawn\3-FemaleGlasses_f001866_mar0.030.jpg,0.07377778609837908,0.8396441012421253,0
YawnDD\no_yawn\3-FemaleGlasses_f001869_mar0.030.jpg,0.07307887447103048,0.8382177108636235,0
YawnDD\no_yawn\3-FemaleGlasses_f001872_mar0.030.jpg,0.07095493814566012,0.8319379672577737,0
YawnDD\no_yawn\3-FemaleGlasses_f001878_mar0.030.jpg,0.07700278419304898,0.8375428342747957,0
YawnDD\no_yawn\3-FemaleGlasses_f001881_mar0.030.jpg,0.0744005327668938,0.828483558049867,0
YawnDD\no_yawn\3-FemaleGlasses_f001884_mar0.030.jpg,0.07488398794206365,0.8288468571646024,0
YawnDD\no_yawn\3-FemaleGlasses_f001932_mar0.030.jpg,0.07584603334457792,0.6955614520611254,0
YawnDD\no_yawn\3-FemaleGlasses_f001935_mar0.039.jpg,0.08833767620063553,0.7606995596967331,0
YawnDD\no_yawn\3-FemaleGlasses_f001938_mar0.030.jpg,0.077758149824413,0.8422074319005652,0
YawnDD\no_yawn\3-FemaleGlasses_f001941_mar0.030.jpg,0.07678032219495669,0.8783701000842994,0
YawnDD\no_yawn\3-FemaleGlasses_f001944_mar0.030.jpg,0.07570807516091028,0.8859052081845077,0
YawnDD\no_yawn\3-FemaleGlasses_f001947_mar0.030.jpg,0.07421904945241005,0.876211632774103,0
YawnDD\no_yawn\3-FemaleGlasses_f001950_mar0.030.jpg,0.07467242922171945,0.8696403653776286,0
YawnDD\no_yawn\3-FemaleGlasses_f001953_mar0.030.jpg,0.07514179017604294,0.8861126780456275,0
YawnDD\no_yawn\3-FemaleGlasses_f001956_mar0.030.jpg,0.0943377017233431,0.8722763136920866,0
YawnDD\no_yawn\3-FemaleGlasses_f001971_mar0.030.jpg,0.07168496764039646,0.8081657695432136,0
YawnDD\no_yawn\3-FemaleGlasses_f001974_mar0.030.jpg,0.06867224163364902,0.9176073066180114,0
YawnDD\no_yawn\3-FemaleGlasses_f001977_mar0.030.jpg,0.06645698118468177,0.9198166779818049,0
YawnDD\no_yawn\3-FemaleGlasses_f001980_mar0.030.jpg,0.08749519915451864,0.8764488959302084,0
YawnDD\no_yawn\3-FemaleGlasses_f001983_mar0.030.jpg,0.09379063777149921,0.9437654795544635,0
YawnDD\no_yawn\3-FemaleGlasses_f001986_mar0.030.jpg,0.08380981543572552,0.8823101764348572,0
YawnDD\no_yawn\3-FemaleGlasses_f001989_mar0.030.jpg,0.0964895180066444,0.9157044079648691,0
YawnDD\no_yawn\3-FemaleGlasses_f001992_mar0.030.jpg,0.07886004213550216,0.888209468481065,0
YawnDD\no_yawn\3-FemaleGlasses_f001995_mar0.030.jpg,0.09560706497238265,0.8487308213115341,0
YawnDD\no_yawn\3-FemaleGlasses_f001998_mar0.030.jpg,0.11193511602182363,0.8861713351297335,0
YawnDD\no_yawn\3-FemaleGlasses_f002148_mar0.030.jpg,0.0727921937555339,0.8657031401934783,0
YawnDD\no_yawn\3-FemaleGlasses_f002151_mar0.030.jpg,0.07771680812397264,0.8595553132959498,0
YawnDD\no_yawn\3-FemaleGlasses_f002154_mar0.030.jpg,0.07735382727727687,0.8467573682222477,0
YawnDD\no_yawn\3-FemaleGlasses_f002169_mar0.030.jpg,0.08920881788638589,0.8895106624510732,0
YawnDD\no_yawn\3-FemaleGlasses_f002175_mar0.030.jpg,0.09483728449152488,0.9487006136592704,0
YawnDD\no_yawn\3-FemaleGlasses_f002178_mar0.030.jpg,0.09646676043799308,0.9484686948962149,0
YawnDD\no_yawn\3-FemaleGlasses_f002190_mar0.030.jpg,0.10567273782583297,0.8916331377520943,0
YawnDD\no_yawn\3-FemaleGlasses_f002199_mar0.030.jpg,0.0803653503969659,0.9619340867531471,0
YawnDD\no_yawn\3-FemaleGlasses_f002208_mar0.039.jpg,0.07435600203293827,1.0137126340931266,0
YawnDD\no_yawn\3-FemaleGlasses_f002238_mar0.030.jpg,0.054207579350536564,0.9587323127838276,0
YawnDD\no_yawn\3-FemaleGlasses_f002241_mar0.030.jpg,0.05868966483231037,0.9107646993319897,0
YawnDD\no_yawn\3-FemaleGlasses_f002244_mar0.030.jpg,0.06567639014577846,0.8862166138540852,0
YawnDD\no_yawn\3-FemaleGlasses_f002247_mar0.030.jpg,0.06749210306068655,0.8687261760141664,0
YawnDD\no_yawn\3-FemaleGlasses_f002250_mar0.030.jpg,0.07017544529592958,0.8689454981727694,0
YawnDD\no_yawn\3-FemaleGlasses_f002253_mar0.030.jpg,0.07367316587229752,0.8764149269003482,0
YawnDD\no_yawn\3-FemaleGlasses_f002256_mar0.030.jpg,0.07444278808229546,0.8739941160539961,0
YawnDD\no_yawn\3-FemaleGlasses_f002259_mar0.030.jpg,0.07310570888421937,0.8659327746520264,0
YawnDD\no_yawn\3-FemaleGlasses_f002265_mar0.030.jpg,0.07272598964281807,0.7527424672502233,0
YawnDD\no_yawn\3-FemaleGlasses_f002268_mar0.030.jpg,0.07302733657406306,0.8599106856602461,0
YawnDD\no_yawn\3-FemaleGlasses_f002271_mar0.030.jpg,0.07167542135094093,0.9096149461600239,0
YawnDD\no_yawn\3-FemaleGlasses_f002283_mar0.030.jpg,0.0732480629797159,0.8803021480003606,0
YawnDD\no_yawn\3-FemaleGlasses_f002313_mar0.030.jpg,0.07421818302297954,0.8722178631100105,0
YawnDD\no_yawn\3-FemaleGlasses_f002322_mar0.030.jpg,0.07039366156867748,0.8630466929931796,0
YawnDD\no_yawn\3-FemaleGlasses_f002337_mar0.030.jpg,0.07067559662682295,0.8494618037323882,0
YawnDD\no_yawn\3-FemaleGlasses_f002340_mar0.030.jpg,0.06825533736073575,0.852779615497716,0
YawnDD\no_yawn\3-FemaleGlasses_f002343_mar0.030.jpg,0.0696094155580043,0.857923596710672,0
YawnDD\no_yawn\3-FemaleGlasses_f002346_mar0.030.jpg,0.07171049490692122,0.8667897265549674,0
YawnDD\no_yawn\3-FemaleGlasses_f002349_mar0.030.jpg,0.07362848930356428,0.8661285804016599,0
YawnDD\no_yawn\3-FemaleGlasses_f002352_mar0.030.jpg,0.07327168778187172,0.8530382492224049,0
YawnDD\no_yawn\3-FemaleGlasses_f002355_mar0.030.jpg,0.0709450357435896,0.851666567486788,0
YawnDD\no_yawn\3-FemaleGlasses_f002358_mar0.030.jpg,0.07454492797871293,0.8612200019682753,0
YawnDD\no_yawn\3-FemaleGlasses_f002361_mar0.030.jpg,0.0734517316722126,0.8802696826488177,0
YawnDD\no_yawn\3-FemaleGlasses_f002385_mar0.030.jpg,0.07110182785929775,0.8802177232779567,0
YawnDD\no_yawn\3-FemaleGlasses_f002388_mar0.030.jpg,0.07231529630727772,0.8715422811958935,0
YawnDD\no_yawn\3-FemaleGlasses_f002391_mar0.030.jpg,0.07416844788233767,0.8840852279580332,0
YawnDD\no_yawn\3-FemaleGlasses_f002394_mar0.030.jpg,0.0727524781820392,0.876558547015583,0
YawnDD\no_yawn\3-FemaleGlasses_f002397_mar0.030.jpg,0.07354565331671402,0.8918080810327326,0
YawnDD\no_yawn\3-FemaleGlasses_f002400_mar0.030.jpg,0.07918620555669446,0.8632985069502216,0
YawnDD\no_yawn\3-FemaleGlasses_f002403_mar0.030.jpg,0.09094740496093145,0.8648542371102491,0
YawnDD\no_yawn\3-FemaleGlasses_f002406_mar0.030.jpg,0.09418803823056184,0.8786586010493955,0
YawnDD\no_yawn\3-FemaleGlasses_f002409_mar0.030.jpg,0.09437981000503641,0.886569698240677,0
YawnDD\no_yawn\3-FemaleGlasses_f002412_mar0.030.jpg,0.09328563513540818,0.8754618460707764,0
YawnDD\no_yawn\3-FemaleGlasses_f002415_mar0.030.jpg,0.09048613442463974,0.8761548076973408,0
YawnDD\no_yawn\3-FemaleGlasses_f002418_mar0.030.jpg,0.0903943740627639,0.861332342801694,0
YawnDD\no_yawn\3-FemaleGlasses_f002421_mar0.030.jpg,0.08988350942300458,0.8815208632275326,0
YawnDD\no_yawn\3-FemaleGlasses_f002424_mar0.030.jpg,0.0859580020873191,0.8624810907932684,0
YawnDD\no_yawn\3-FemaleGlasses_f002433_mar0.030.jpg,0.07034307010560596,0.9324033832838905,0
YawnDD\no_yawn\3-FemaleGlasses_f002505_mar0.030.jpg,0.07472370712693914,0.9335935580554493,0
YawnDD\no_yawn\3-FemaleGlasses_f002547_mar0.030.jpg,0.09749110208663707,0.8808031707397024,0
YawnDD\no_yawn\3-FemaleGlasses_f002616_mar0.030.jpg,0.0738557831392352,0.8794353433329167,0
YawnDD\no_yawn\3-FemaleGlasses_f002619_mar0.030.jpg,0.09200175351122576,0.9071127296943643,0
YawnDD\no_yawn\3-FemaleGlasses_f002622_mar0.030.jpg,0.07382068380071481,0.9067689751772289,0
YawnDD\no_yawn\3-FemaleGlasses_f002673_mar0.030.jpg,0.09293226026661396,0.9924204854285704,0
YawnDD\no_yawn\3-FemaleGlasses_f002676_mar0.030.jpg,0.05364995242945363,0.995078477887587,0
YawnDD\no_yawn\3-FemaleGlasses_f002919_mar0.030.jpg,0.08616962687139816,0.9145149948881852,0
YawnDD\no_yawn\3-FemaleGlasses_f002922_mar0.030.jpg,0.08728573614283561,0.8700864145019277,0
YawnDD\no_yawn\3-FemaleGlasses_f002925_mar0.030.jpg,0.09199286769303293,0.8849096099789223,0
YawnDD\no_yawn\3-FemaleGlasses_f002928_mar0.030.jpg,0.10346456948276277,0.8755786540749182,0
YawnDD\no_yawn\3-FemaleGlasses_f002931_mar0.030.jpg,0.09734814540685231,0.8793878111824321,0
YawnDD\no_yawn\3-FemaleGlasses_f002934_mar0.030.jpg,0.09934794431930813,0.8746710718004598,0
YawnDD\no_yawn\3-FemaleGlasses_f002937_mar0.030.jpg,0.09726464711640594,0.8682066131595553,0
YawnDD\no_yawn\3-FemaleGlasses_f002940_mar0.030.jpg,0.09066115456560668,0.8864258862715272,0
YawnDD\no_yawn\3-FemaleGlasses_f002943_mar0.030.jpg,0.09096996231394126,0.8713722788564321,0
YawnDD\no_yawn\3-FemaleGlasses_f002949_mar0.030.jpg,0.08554555264314534,0.8692884887133153,0
YawnDD\no_yawn\3-FemaleGlasses_f002952_mar0.030.jpg,0.07921705430631282,0.8615737375949859,0
YawnDD\no_yawn\3-FemaleGlasses_f002955_mar0.030.jpg,0.08146989425101378,0.872781799830515,0
YawnDD\no_yawn\3-FemaleGlasses_f002958_mar0.030.jpg,0.07250556563079978,0.9128716227765569,0
YawnDD\no_yawn\3-FemaleGlasses_f002961_mar0.030.jpg,0.06572114070579793,0.9036164377277782,0
YawnDD\no_yawn\3-FemaleGlasses_f002964_mar0.030.jpg,0.06175493736238464,0.9498535475078035,0
YawnDD\no_yawn\3-FemaleGlasses_f002967_mar0.030.jpg,0.055644660066524056,0.9262524981885325,0
YawnDD\no_yawn\3-FemaleGlasses_f002970_mar0.030.jpg,0.061610071347427214,0.9396395380172667,0
YawnDD\no_yawn\3-FemaleGlasses_f002973_mar0.030.jpg,0.05941258736889315,0.9375615458627744,0
YawnDD\no_yawn\3-FemaleGlasses_f002991_mar0.030.jpg,0.07432284580576301,0.9219130762549298,0
YawnDD\no_yawn\3-FemaleGlasses_f003015_mar0.030.jpg,0.07373372914325657,0.9196763921259993,0
YawnDD\no_yawn\3-FemaleGlasses_f003045_mar0.030.jpg,0.09362823995909691,0.8928546891628398,0
YawnDD\no_yawn\3-MaleGlasses_f000000_mar0.030.jpg,0.06261259899242202,0.7887484592080249,0
YawnDD\no_yawn\3-MaleGlasses_f000009_mar0.032.jpg,0.10676956034379446,0.8161782215602139,0
YawnDD\no_yawn\3-MaleGlasses_f000018_mar0.030.jpg,0.11604906333215366,0.8159201578211198,0
YawnDD\no_yawn\3-MaleGlasses_f000021_mar0.030.jpg,0.09285604017451096,0.7645799187545592,0
YawnDD\no_yawn\3-MaleGlasses_f000090_mar0.033.jpg,0.12613352699042077,0.8503876619262234,0
YawnDD\no_yawn\3-MaleGlasses_f000096_mar0.030.jpg,0.07143352024855099,0.869917419226657,0
YawnDD\no_yawn\3-MaleGlasses_f000099_mar0.030.jpg,0.07409866342394454,0.875070765737948,0
YawnDD\no_yawn\3-MaleGlasses_f000102_mar0.030.jpg,0.07137995856856928,0.8721692047683413,0
YawnDD\no_yawn\3-MaleGlasses_f000105_mar0.030.jpg,0.07025457455929598,0.868888620066029,0
YawnDD\no_yawn\3-MaleGlasses_f000108_mar0.030.jpg,0.09776943235042695,0.8731319867294808,0
YawnDD\no_yawn\3-MaleGlasses_f000111_mar0.030.jpg,0.08552089889927156,0.86805916041016,0
YawnDD\no_yawn\3-MaleGlasses_f000126_mar0.030.jpg,0.0557112751389346,0.8756766877913361,0
YawnDD\no_yawn\3-MaleGlasses_f000129_mar0.030.jpg,0.050970972997330534,0.869474465157548,0
YawnDD\no_yawn\3-MaleGlasses_f000132_mar0.030.jpg,0.052147971898095315,0.8686887465274391,0
YawnDD\no_yawn\3-MaleGlasses_f000144_mar0.030.jpg,0.09513563246198517,0.8100933578372352,0
YawnDD\no_yawn\3-MaleGlasses_f000147_mar0.030.jpg,0.09897776760685167,0.795235948154322,0
YawnDD\no_yawn\3-MaleGlasses_f000153_mar0.030.jpg,0.052172814968996735,0.796543066094438,0
YawnDD\no_yawn\3-MaleGlasses_f000156_mar0.030.jpg,0.05342587547679623,0.8011280703101842,0
YawnDD\no_yawn\3-MaleGlasses_f000159_mar0.030.jpg,0.05091940677760958,0.8048402538124821,0
YawnDD\no_yawn\3-MaleGlasses_f000162_mar0.030.jpg,0.04790845712236601,0.8014081084952511,0
YawnDD\no_yawn\3-MaleGlasses_f000165_mar0.030.jpg,0.050161617424904166,0.7935589995857275,0
YawnDD\no_yawn\3-MaleGlasses_f000168_mar0.030.jpg,0.04951957730540366,0.7879765988421787,0
YawnDD\no_yawn\3-MaleGlasses_f000171_mar0.030.jpg,0.05143871239101896,0.7829219415304295,0
YawnDD\no_yawn\3-MaleGlasses_f000174_mar0.030.jpg,0.050616512829382926,0.8029352184736387,0
YawnDD\no_yawn\3-MaleGlasses_f000177_mar0.030.jpg,0.05045841037101095,0.7845852784663524,0
YawnDD\no_yawn\3-MaleGlasses_f000180_mar0.030.jpg,0.04797274248357394,0.7865983316768617,0
YawnDD\no_yawn\3-MaleGlasses_f000183_mar0.030.jpg,0.049713020985547,0.783310875884295,0
YawnDD\no_yawn\3-MaleGlasses_f000189_mar0.030.jpg,0.0367976409070405,0.9818747975237159,0
YawnDD\no_yawn\3-MaleGlasses_f000192_mar0.030.jpg,0.04173619657416671,1.0587447338786635,0
YawnDD\no_yawn\3-MaleGlasses_f000195_mar0.031.jpg,0.03211321913031295,1.094766619432397,0
YawnDD\no_yawn\3-MaleGlasses_f000198_mar0.030.jpg,0.032772924532771426,1.0971387056003072,0
YawnDD\no_yawn\3-MaleGlasses_f000201_mar0.030.jpg,0.035683429472061254,1.1306558462090317,0
YawnDD\no_yawn\3-MaleGlasses_f000204_mar0.030.jpg,0.03188158067026696,1.066623728748011,0
YawnDD\no_yawn\3-MaleGlasses_f000210_mar0.030.jpg,0.04818927091136129,0.8456010229793215,0
YawnDD\no_yawn\3-MaleGlasses_f000213_mar0.030.jpg,0.05343467865907201,0.816683852412711,0
YawnDD\no_yawn\3-MaleGlasses_f000216_mar0.030.jpg,0.06163892894883094,0.7639973410271235,0
YawnDD\no_yawn\3-MaleGlasses_f000219_mar0.030.jpg,0.07678935648060285,0.7757967554462493,0
YawnDD\no_yawn\3-MaleGlasses_f000228_mar0.035.jpg,0.08935561449038276,0.8127775358158645,0
YawnDD\no_yawn\3-MaleGlasses_f000231_mar0.030.jpg,0.10650711827273822,0.8322442426594524,0
YawnDD\no_yawn\3-MaleGlasses_f000249_mar0.031.jpg,0.12035385858493246,0.880122681427912,0
YawnDD\no_yawn\3-MaleGlasses_f000258_mar0.030.jpg,0.10649829316724138,0.9168411379677576,0
YawnDD\no_yawn\3-MaleGlasses_f000264_mar0.040.jpg,0.12022452998274655,0.917962288409467,0
YawnDD\no_yawn\3-MaleGlasses_f000306_mar0.030.jpg,0.09174056308868533,0.892645047239403,0
YawnDD\no_yawn\3-MaleGlasses_f000327_mar0.030.jpg,0.08400678361894028,0.8971522388269008,0
YawnDD\no_yawn\3-MaleGlasses_f000363_mar0.036.jpg,0.1366849359299365,0.9187966772468336,0
YawnDD\no_yawn\3-MaleGlasses_f000366_mar0.030.jpg,0.12470849134399259,0.9166340034929432,0
YawnDD\no_yawn\3-MaleGlasses_f000369_mar0.034.jpg,0.12533012146182373,0.9141136259020956,0
YawnDD\no_yawn\3-MaleGlasses_f000372_mar0.030.jpg,0.11980861613172433,0.9181239034686965,0
YawnDD\no_yawn\3-MaleGlasses_f000636_mar0.030.jpg,0.06313629070822847,0.7556558971326002,0
YawnDD\no_yawn\3-MaleGlasses_f000639_mar0.030.jpg,0.05785945931622356,0.7476249379990646,0
YawnDD\no_yawn\3-MaleGlasses_f000642_mar0.030.jpg,0.054807470433657475,0.7579559009783914,0
YawnDD\no_yawn\3-MaleGlasses_f000645_mar0.030.jpg,0.04931606980009848,0.7531844575132164,0
YawnDD\no_yawn\3-MaleGlasses_f000648_mar0.030.jpg,0.04780523112701955,0.7749901528808195,0
YawnDD\no_yawn\3-MaleGlasses_f000651_mar0.030.jpg,0.05216560894411,0.7229982137045553,0
YawnDD\no_yawn\3-MaleGlasses_f000654_mar0.030.jpg,0.046904470424764824,0.7906096153067642,0
YawnDD\no_yawn\3-MaleGlasses_f000666_mar0.030.jpg,0.04698961250168407,0.8177643609458665,0
YawnDD\no_yawn\3-MaleGlasses_f000675_mar0.030.jpg,0.05782768620451102,0.8612101068346715,0
YawnDD\no_yawn\3-MaleGlasses_f000684_mar0.030.jpg,0.06275116645423216,0.871282333483228,0
YawnDD\no_yawn\3-MaleGlasses_f000693_mar0.030.jpg,0.07390124934630307,1.1540819110620217,0
YawnDD\no_yawn\3-MaleGlasses_f000723_mar0.030.jpg,0.07641239606824451,0.8803459700655328,0
YawnDD\no_yawn\3-MaleGlasses_f000726_mar0.030.jpg,0.07348815034409172,0.8713018252705848,0
YawnDD\no_yawn\3-MaleGlasses_f000729_mar0.030.jpg,0.07580550078461486,0.8613872691525057,0
YawnDD\no_yawn\3-MaleGlasses_f000732_mar0.030.jpg,0.07712918590039725,0.8584276694342475,0
YawnDD\no_yawn\3-MaleGlasses_f000735_mar0.030.jpg,0.07534657980098321,0.8736955147653717,0
YawnDD\no_yawn\3-MaleGlasses_f000753_mar0.030.jpg,0.09872701336989426,0.8474477723045407,0
YawnDD\no_yawn\3-MaleGlasses_f000756_mar0.030.jpg,0.08999612557945422,0.845780628923602,0
YawnDD\no_yawn\3-MaleGlasses_f000759_mar0.030.jpg,0.12263847740907556,0.8424747894810481,0
YawnDD\no_yawn\3-MaleGlasses_f000771_mar0.030.jpg,0.0940171202640367,0.8391725445003462,0
YawnDD\no_yawn\3-MaleGlasses_f000780_mar0.030.jpg,0.08835021841627164,0.848049633191897,0
YawnDD\no_yawn\3-MaleGlasses_f000789_mar0.030.jpg,0.07895942898378512,0.8599494363385932,0
YawnDD\no_yawn\3-MaleGlasses_f000819_mar0.030.jpg,0.05124117479249212,0.8279501085209379,0
YawnDD\no_yawn\3-MaleGlasses_f000828_mar0.030.jpg,0.050246035027991125,0.7729174208639569,0
YawnDD\no_yawn\3-MaleGlasses_f000831_mar0.030.jpg,0.049362117776694164,0.7781399975394524,0
YawnDD\no_yawn\3-MaleGlasses_f000837_mar0.030.jpg,0.05280823843287925,0.7890695716409453,0
YawnDD\no_yawn\3-MaleGlasses_f000840_mar0.030.jpg,0.050811572008340064,0.7961764659270812,0
YawnDD\no_yawn\3-MaleGlasses_f000843_mar0.030.jpg,0.04960140595707893,0.8042571628954768,0
YawnDD\no_yawn\3-MaleGlasses_f000873_mar0.030.jpg,0.05231594347066366,0.860653698917451,0
YawnDD\no_yawn\3-MaleGlasses_f000876_mar0.030.jpg,0.06948121016372434,0.8451785571745484,0
YawnDD\no_yawn\3-MaleGlasses_f000879_mar0.030.jpg,0.09531487526840175,0.8540434738686835,0
YawnDD\no_yawn\3-MaleGlasses_f000900_mar0.030.jpg,0.06015740316402254,0.8269617063544289,0
YawnDD\no_yawn\3-MaleGlasses_f000903_mar0.030.jpg,0.06179326709692947,0.799614465340163,0
YawnDD\no_yawn\3-MaleGlasses_f000906_mar0.030.jpg,0.06286550578663647,0.8213599833223691,0
YawnDD\no_yawn\3-MaleGlasses_f000909_mar0.030.jpg,0.06595626995219044,0.8281443929876635,0
YawnDD\no_yawn\3-MaleGlasses_f000912_mar0.030.jpg,0.0682227732014424,0.8305293558321811,0
YawnDD\no_yawn\3-MaleGlasses_f000960_mar0.030.jpg,0.08412348058210023,0.9260852412540961,0
YawnDD\no_yawn\3-MaleGlasses_f001050_mar0.030.jpg,0.07993817839238304,0.9054240035198633,0
YawnDD\no_yawn\3-MaleGlasses_f001053_mar0.030.jpg,0.08552284236620597,0.9097417419033653,0
YawnDD\no_yawn\3-MaleGlasses_f001056_mar0.030.jpg,0.08269099695457499,0.8940226008734274,0
YawnDD\no_yawn\3-MaleGlasses_f001068_mar0.030.jpg,0.07999661772184304,0.8799025627211406,0
YawnDD\no_yawn\3-MaleGlasses_f001086_mar0.030.jpg,0.06481455825476279,0.8359650502302906,0
YawnDD\no_yawn\3-MaleGlasses_f001131_mar0.030.jpg,0.06351167650181665,0.7636411503456397,0
YawnDD\no_yawn\3-MaleGlasses_f001134_mar0.030.jpg,0.06658006419887316,0.7495612705674821,0
YawnDD\no_yawn\3-MaleGlasses_f001137_mar0.030.jpg,0.06639380559787385,0.7654281989006552,0
YawnDD\no_yawn\3-MaleGlasses_f001140_mar0.030.jpg,0.070696032454527,0.7608070765778664,0
YawnDD\no_yawn\3-MaleGlasses_f001143_mar0.030.jpg,0.07039116413483931,0.766115674229162,0
YawnDD\no_yawn\3-MaleGlasses_f001146_mar0.030.jpg,0.07067321751700917,0.7719021539407124,0
YawnDD\no_yawn\3-MaleGlasses_f001149_mar0.030.jpg,0.0782088805348578,0.7833235478078002,0
YawnDD\no_yawn\3-MaleGlasses_f001170_mar0.030.jpg,0.10906379818259455,0.8474274361591835,0
YawnDD\no_yawn\3-MaleGlasses_f001173_mar0.030.jpg,0.07345732264059035,0.8512875919923448,0
YawnDD\no_yawn\3-MaleGlasses_f001176_mar0.030.jpg,0.07457107199241692,0.84080027307352,0
YawnDD\no_yawn\3-MaleGlasses_f001179_mar0.030.jpg,0.07371820399746376,0.8361799900876092,0
YawnDD\no_yawn\3-MaleGlasses_f001185_mar0.030.jpg,0.07254917041650963,0.8418987381567639,0
YawnDD\no_yawn\3-MaleGlasses_f001188_mar0.030.jpg,0.07255698116552341,0.8437389595401921,0
YawnDD\no_yawn\3-MaleGlasses_f001191_mar0.030.jpg,0.07294706071701815,0.8270404984639433,0
YawnDD\no_yawn\3-MaleGlasses_f001194_mar0.030.jpg,0.07223068001157289,0.8316577099728273,0
YawnDD\no_yawn\3-MaleGlasses_f001197_mar0.030.jpg,0.07319545957125444,0.826385470478896,0
YawnDD\no_yawn\3-MaleGlasses_f001200_mar0.030.jpg,0.07210687327950208,0.8357216154113949,0
YawnDD\no_yawn\3-MaleGlasses_f001203_mar0.030.jpg,0.07267961799880193,0.856492701521079,0
YawnDD\no_yawn\3-MaleGlasses_f001206_mar0.030.jpg,0.07501024480812717,0.8499921280915768,0
YawnDD\no_yawn\3-MaleGlasses_f001209_mar0.030.jpg,0.07585782392810779,0.868018765546216,0
YawnDD\no_yawn\3-MaleGlasses_f001290_mar0.030.jpg,0.08506751386058532,0.840289822702221,0
YawnDD\no_yawn\3-MaleGlasses_f001293_mar0.030.jpg,0.08183666293825462,0.84813522886135,0
YawnDD\no_yawn\3-MaleGlasses_f001296_mar0.030.jpg,0.08137754198774817,0.836631401509555,0
YawnDD\no_yawn\3-MaleGlasses_f001299_mar0.030.jpg,0.0800459982533563,0.8283220925158226,0
YawnDD\no_yawn\3-MaleGlasses_f001302_mar0.030.jpg,0.08032358480134928,0.8216542273703368,0
YawnDD\no_yawn\3-MaleGlasses_f001305_mar0.030.jpg,0.07859178345263822,0.816420824379189,0
YawnDD\no_yawn\3-MaleGlasses_f001308_mar0.030.jpg,0.07991868371620751,0.8157851448143475,0
YawnDD\no_yawn\3-MaleGlasses_f001311_mar0.030.jpg,0.07853923972787877,0.8329882676174056,0
YawnDD\no_yawn\3-MaleGlasses_f001314_mar0.030.jpg,0.07640830777311444,0.8171197313559038,0
YawnDD\no_yawn\3-MaleGlasses_f001317_mar0.030.jpg,0.07633933493864065,0.8104601097496669,0
YawnDD\no_yawn\3-MaleGlasses_f001320_mar0.030.jpg,0.07706211106186714,0.7975624145898641,0
YawnDD\no_yawn\3-MaleGlasses_f001326_mar0.030.jpg,0.06670306510341885,0.797668123848865,0
YawnDD\no_yawn\3-MaleGlasses_f001329_mar0.030.jpg,0.05844311873907003,0.7955013701858816,0
YawnDD\no_yawn\3-MaleGlasses_f001332_mar0.030.jpg,0.052917910181910215,0.8034141738526823,0
YawnDD\no_yawn\3-MaleGlasses_f001335_mar0.030.jpg,0.05340690410006504,0.8225817561808794,0
YawnDD\no_yawn\3-MaleGlasses_f001368_mar0.030.jpg,0.04774984434601539,0.8722215620776134,0
YawnDD\no_yawn\3-MaleGlasses_f001371_mar0.030.jpg,0.06955653828955796,0.9048791276749221,0
YawnDD\no_yawn\3-MaleGlasses_f001464_mar0.031.jpg,0.11638761855993328,0.9348738987293217,0
YawnDD\no_yawn\3-MaleGlasses_f001473_mar0.030.jpg,0.07448814186335258,0.8604155414440898,0
YawnDD\no_yawn\3-MaleGlasses_f001476_mar0.030.jpg,0.07131735273557967,0.8601944536940189,0
YawnDD\no_yawn\3-MaleGlasses_f001479_mar0.030.jpg,0.07341559785026525,0.8464745864933968,0
YawnDD\no_yawn\3-MaleGlasses_f001482_mar0.030.jpg,0.07284574875330167,0.82344824158039,0
YawnDD\no_yawn\3-MaleGlasses_f001485_mar0.030.jpg,0.0729637437176758,0.8348890666667135,0
YawnDD\no_yawn\3-MaleGlasses_f001491_mar0.030.jpg,0.07226210276146457,0.8219097464892985,0
YawnDD\no_yawn\3-MaleGlasses_f001494_mar0.030.jpg,0.07441818076980475,0.8153788652566011,0
YawnDD\no_yawn\3-MaleGlasses_f001497_mar0.030.jpg,0.07318458169552465,0.8231051405141345,0
YawnDD\no_yawn\3-MaleGlasses_f001500_mar0.030.jpg,0.07363596723418428,0.8459201198874208,0
YawnDD\no_yawn\3-MaleGlasses_f001503_mar0.030.jpg,0.07387625594084075,0.8668589050154487,0
YawnDD\no_yawn\3-MaleGlasses_f001506_mar0.030.jpg,0.0690770888769672,0.8614598688070303,0
YawnDD\no_yawn\3-MaleGlasses_f001509_mar0.030.jpg,0.06363821407243272,0.8793405075405085,0
YawnDD\no_yawn\3-MaleGlasses_f001512_mar0.030.jpg,0.06657544077381379,0.8759496836443219,0
YawnDD\no_yawn\3-MaleGlasses_f001515_mar0.030.jpg,0.07126425758887586,0.8700357268508756,0
YawnDD\no_yawn\3-MaleGlasses_f001521_mar0.030.jpg,0.08570114248002067,0.9007751737365919,0
YawnDD\no_yawn\3-MaleGlasses_f001524_mar0.030.jpg,0.08634309051012289,0.8963397614930855,0
YawnDD\no_yawn\3-MaleGlasses_f001527_mar0.030.jpg,0.08783447344851814,0.8877242458898557,0
YawnDD\no_yawn\3-MaleGlasses_f001530_mar0.030.jpg,0.08974043411270198,0.8984449124785686,0
YawnDD\no_yawn\3-MaleGlasses_f001533_mar0.030.jpg,0.08996774514883357,0.9041430608410669,0
YawnDD\no_yawn\3-MaleGlasses_f001536_mar0.030.jpg,0.08886328117987821,0.8852547764813364,0
YawnDD\no_yawn\3-MaleGlasses_f001539_mar0.030.jpg,0.08560383564616997,0.8851552207178077,0
YawnDD\no_yawn\3-MaleGlasses_f001545_mar0.030.jpg,0.07667931572355846,0.8304012765288958,0
YawnDD\no_yawn\3-MaleGlasses_f001548_mar0.030.jpg,0.06900154680750561,0.818427848003418,0
YawnDD\no_yawn\3-MaleGlasses_f001560_mar0.030.jpg,0.04792023064662942,1.238507845450361,0
YawnDD\no_yawn\3-MaleGlasses_f001563_mar0.030.jpg,0.04866239568609593,1.126774244852237,0
YawnDD\no_yawn\3-MaleGlasses_f001623_mar0.030.jpg,0.0712538537213601,0.8440385994312983,0
YawnDD\no_yawn\3-MaleGlasses_f001632_mar0.030.jpg,0.07184529563904751,0.8351754233883772,0
YawnDD\no_yawn\3-MaleGlasses_f001638_mar0.030.jpg,0.10352959903063146,0.8191924653980572,0
YawnDD\no_yawn\3-MaleGlasses_f001641_mar0.030.jpg,0.07495248510215036,0.8335600162025663,0
YawnDD\no_yawn\3-MaleGlasses_f001671_mar0.030.jpg,0.07608764076059335,0.8370722373816082,0
YawnDD\no_yawn\3-MaleGlasses_f001674_mar0.030.jpg,0.07012997487853037,0.8536161437526133,0
YawnDD\no_yawn\3-MaleGlasses_f001677_mar0.030.jpg,0.07313848959291903,0.8578458697727871,0
YawnDD\no_yawn\3-MaleGlasses_f001680_mar0.030.jpg,0.07166158390238553,0.8537373199879819,0
YawnDD\no_yawn\3-MaleGlasses_f001689_mar0.030.jpg,0.07173447851839544,0.8240935155463883,0
YawnDD\no_yawn\3-MaleGlasses_f001692_mar0.030.jpg,0.07445716503733944,0.8348492752546723,0
YawnDD\no_yawn\3-MaleGlasses_f001722_mar0.030.jpg,0.052279712752132716,0.8377621938117824,0
YawnDD\no_yawn\3-MaleGlasses_f001725_mar0.030.jpg,0.051673133963031505,0.8395749291754411,0
YawnDD\no_yawn\3-MaleGlasses_f001737_mar0.030.jpg,0.05419375992617671,0.8291292494702827,0
YawnDD\no_yawn\3-MaleGlasses_f001752_mar0.030.jpg,0.08370572877467106,0.8204182285772772,0
YawnDD\no_yawn\3-MaleGlasses_f001755_mar0.030.jpg,0.05178580123778983,0.8234824747223752,0
YawnDD\no_yawn\3-MaleGlasses_f001758_mar0.030.jpg,0.05161775250643046,0.8238325436462819,0
YawnDD\no_yawn\3-MaleGlasses_f001761_mar0.030.jpg,0.05027384849492056,0.8238927385757102,0
YawnDD\no_yawn\3-MaleGlasses_f001764_mar0.030.jpg,0.05053863456865443,0.8171603207039871,0
YawnDD\no_yawn\3-MaleGlasses_f001767_mar0.030.jpg,0.04960101224335183,0.8233170703948853,0
YawnDD\no_yawn\3-MaleGlasses_f001770_mar0.030.jpg,0.05024083902480133,0.8146494677546678,0
YawnDD\no_yawn\3-MaleGlasses_f001773_mar0.030.jpg,0.06326212191399695,0.8193035936226203,0
YawnDD\no_yawn\3-MaleGlasses_f001800_mar0.030.jpg,0.07320151484405006,0.857006192741815,0
YawnDD\no_yawn\3-MaleGlasses_f001803_mar0.030.jpg,0.07189047950908285,0.8552438103252968,0
YawnDD\no_yawn\3-MaleGlasses_f001806_mar0.030.jpg,0.07259976693975191,0.8428891957615333,0
YawnDD\no_yawn\3-MaleGlasses_f001809_mar0.030.jpg,0.07160807006849229,0.8339927591789745,0
YawnDD\no_yawn\3-MaleGlasses_f001812_mar0.030.jpg,0.07195445801629743,0.8269761181371366,0
YawnDD\no_yawn\3-MaleGlasses_f001824_mar0.030.jpg,0.07237694541166563,0.833740104474622,0
YawnDD\no_yawn\3-MaleGlasses_f001833_mar0.030.jpg,0.08735194407038067,0.8125815311547032,0
YawnDD\no_yawn\3-MaleGlasses_f001836_mar0.030.jpg,0.07164747094609684,0.8159512383290534,0
YawnDD\no_yawn\3-MaleGlasses_f001842_mar0.030.jpg,0.07208017351384069,0.8291539360753118,0
YawnDD\no_yawn\3-MaleGlasses_f001857_mar0.030.jpg,0.09820986524556817,0.837472495945204,0
YawnDD\no_yawn\3-MaleGlasses_f001860_mar0.030.jpg,0.09802943405310903,0.839707583308753,0
YawnDD\no_yawn\3-MaleGlasses_f001863_mar0.030.jpg,0.10612695287359224,0.8375102065289151,0
YawnDD\no_yawn\3-MaleGlasses_f001866_mar0.030.jpg,0.11862268092197527,0.8431117555682721,0
YawnDD\no_yawn\3-MaleGlasses_f001875_mar0.030.jpg,0.11048020452025102,0.839228872694926,0
YawnDD\no_yawn\3-MaleGlasses_f001881_mar0.030.jpg,0.09007458008160231,0.8860982136066767,0
YawnDD\no_yawn\3-MaleGlasses_f001884_mar0.030.jpg,0.0895380806021068,0.9070238334499913,0
YawnDD\no_yawn\3-MaleGlasses_f001929_mar0.030.jpg,0.07132359381804111,0.8957312382235518,0
YawnDD\no_yawn\3-MaleGlasses_f001932_mar0.030.jpg,0.05058736897971359,0.9035393188683625,0
YawnDD\no_yawn\3-MaleGlasses_f002040_mar0.030.jpg,0.15715999915233958,0.8741171397626455,0
YawnDD\no_yawn\3-MaleGlasses_f002043_mar0.030.jpg,0.1393231290362355,0.8647702527684853,0
YawnDD\no_yawn\3-MaleGlasses_f002046_mar0.030.jpg,0.13862160650643357,0.854818919503351,0
YawnDD\no_yawn\3-MaleGlasses_f002049_mar0.030.jpg,0.11818002250749646,0.8699847338425022,0
YawnDD\no_yawn\3-MaleGlasses_f002085_mar0.034.jpg,0.11364191585010625,0.8350968013023721,0
YawnDD\no_yawn\4-FemaleNoGlasses_f000012_mar0.030.jpg,0.08571960007147786,0.6762264077509512,0
YawnDD\no_yawn\4-FemaleNoGlasses_f000015_mar0.030.jpg,0.08469239088757967,0.7040072706100218,0
YawnDD\no_yawn\4-FemaleNoGlasses_f000018_mar0.030.jpg,0.08794217722787251,0.7104758542719501,0
YawnDD\no_yawn\4-FemaleNoGlasses_f000024_mar0.030.jpg,0.07575636435501304,0.7237561990163589,0
YawnDD\no_yawn\4-FemaleNoGlasses_f000027_mar0.030.jpg,0.07225837227040256,0.7499641575649567,0
YawnDD\no_yawn\4-FemaleNoGlasses_f000030_mar0.030.jpg,0.06686165979105295,0.8063536040098147,0
YawnDD\no_yawn\4-FemaleNoGlasses_f000054_mar0.030.jpg,0.05205881884765969,1.186612535513386,0
YawnDD\no_yawn\4-FemaleNoGlasses_f000168_mar0.030.jpg,0.03384344419107917,1.033841914205072,0
YawnDD\no_yawn\4-FemaleNoGlasses_f000177_mar0.030.jpg,0.049409621700470446,0.9689677089715745,0
YawnDD\no_yawn\4-FemaleNoGlasses_f000192_mar0.030.jpg,0.06581131078487865,0.9280680478980502,0
YawnDD\no_yawn\4-FemaleNoGlasses_f000195_mar0.030.jpg,0.06843541362672102,0.924978778597353,0
YawnDD\no_yawn\4-FemaleNoGlasses_f000219_mar0.030.jpg,0.07474996577897158,0.9672180557641351,0
YawnDD\no_yawn\4-FemaleNoGlasses_f000246_mar0.037.jpg,0.08024285552443558,0.9303223086312762,0
YawnDD\no_yawn\4-FemaleNoGlasses_f000252_mar0.030.jpg,0.052394811035016434,0.9253283584343169,0
YawnDD\no_yawn\4-FemaleNoGlasses_f000462_mar0.030.jpg,0.07164510369321508,0.8581823445529186,0
YawnDD\no_yawn\4-FemaleNoGlasses_f000465_mar0.030.jpg,0.07199899931165853,0.8570306051978495,0
YawnDD\no_yawn\4-FemaleNoGlasses_f000468_mar0.030.jpg,0.07052280068939715,0.848731888514293,0
YawnDD\no_yawn\4-FemaleNoGlasses_f000471_mar0.030.jpg,0.07045842230806687,0.8231332298452124,0
YawnDD\no_yawn\4-FemaleNoGlasses_f000474_mar0.030.jpg,0.07923106865141076,0.8361756201130195,0
YawnDD\no_yawn\4-FemaleNoGlasses_f000492_mar0.030.jpg,0.10256139245441792,0.9289313286492791,0
YawnDD\no_yawn\4-FemaleNoGlasses_f000495_mar0.030.jpg,0.10697215621588693,0.9383682531346443,0
YawnDD\no_yawn\4-FemaleNoGlasses_f000504_mar0.030.jpg,0.10195644760407953,0.9464091991257265,0
YawnDD\no_yawn\4-FemaleNoGlasses_f000513_mar0.030.jpg,0.10466080406652643,0.9771710676261437,0
YawnDD\no_yawn\4-FemaleNoGlasses_f000516_mar0.030.jpg,0.10960057915823408,0.9753790455642669,0
YawnDD\no_yawn\4-FemaleNoGlasses_f000519_mar0.030.jpg,0.1023133658941382,0.9611975661952826,0
YawnDD\no_yawn\4-FemaleNoGlasses_f000702_mar0.030.jpg,0.06345584323318339,0.9019344295395787,0
YawnDD\no_yawn\4-FemaleNoGlasses_f000714_mar0.030.jpg,0.05447289784594981,0.9128639123873843,0
YawnDD\no_yawn\4-FemaleNoGlasses_f000741_mar0.030.jpg,0.05535172586324525,0.8728509012565431,0
YawnDD\no_yawn\4-FemaleNoGlasses_f000744_mar0.030.jpg,0.06296702536372144,0.8739644801879451,0
YawnDD\no_yawn\4-FemaleNoGlasses_f000765_mar0.030.jpg,0.03864122875645236,1.0049834124511874,0
YawnDD\no_yawn\4-FemaleNoGlasses_f000768_mar0.037.jpg,0.03422057565263102,1.1063842209190524,0
YawnDD\no_yawn\4-FemaleNoGlasses_f001050_mar0.030.jpg,0.07131206854190984,0.8384548688618187,0
YawnDD\no_yawn\4-FemaleNoGlasses_f001053_mar0.030.jpg,0.07024298795423783,0.819591885324219,0
YawnDD\no_yawn\4-FemaleNoGlasses_f001056_mar0.030.jpg,0.06689574910298705,0.8122077793541328,0
YawnDD\no_yawn\4-FemaleNoGlasses_f001059_mar0.030.jpg,0.06858692897814558,0.8075854176370993,0
YawnDD\no_yawn\4-FemaleNoGlasses_f001062_mar0.030.jpg,0.06742305583242951,0.8076003953937647,0
YawnDD\no_yawn\4-FemaleNoGlasses_f001065_mar0.030.jpg,0.06820361426131119,0.8121627024624523,0
YawnDD\no_yawn\4-FemaleNoGlasses_f001068_mar0.030.jpg,0.06702180375588423,0.8159824947506994,0
YawnDD\no_yawn\4-FemaleNoGlasses_f001071_mar0.030.jpg,0.06697376045385753,0.8016579733588352,0
YawnDD\no_yawn\4-FemaleNoGlasses_f001074_mar0.030.jpg,0.06966945178911611,0.8010766549473747,0
YawnDD\no_yawn\4-FemaleNoGlasses_f001077_mar0.030.jpg,0.06995318501860692,0.8003443743710627,0
YawnDD\no_yawn\4-FemaleNoGlasses_f001080_mar0.030.jpg,0.06988909174594413,0.8152601313798071,0
YawnDD\no_yawn\4-FemaleNoGlasses_f001083_mar0.030.jpg,0.06972261099100553,0.8119962173821995,0
YawnDD\no_yawn\4-FemaleNoGlasses_f001086_mar0.030.jpg,0.06988055963916205,0.8070576768832982,0
YawnDD\no_yawn\4-FemaleNoGlasses_f001089_mar0.030.jpg,0.0689679670133402,0.8117399966826512,0
YawnDD\no_yawn\4-FemaleNoGlasses_f001092_mar0.030.jpg,0.06908030006101437,0.813470322033646,0
YawnDD\no_yawn\4-FemaleNoGlasses_f001095_mar0.030.jpg,0.06709389422098623,0.8022491918946084,0
YawnDD\no_yawn\4-FemaleNoGlasses_f001149_mar0.030.jpg,0.058928368589328435,0.879780098835984,0
YawnDD\no_yawn\4-MaleNoGlasses_f000000_mar0.030.jpg,0.07573695359589554,0.7628764822250581,0
YawnDD\no_yawn\4-MaleNoGlasses_f000003_mar0.030.jpg,0.07544218744179414,0.739444669315104,0
YawnDD\no_yawn\4-MaleNoGlasses_f000006_mar0.030.jpg,0.07797460907452519,0.7622446752034107,0
YawnDD\no_yawn\4-MaleNoGlasses_f000009_mar0.030.jpg,0.07678043700441826,0.7544915410587142,0
YawnDD\no_yawn\4-MaleNoGlasses_f000012_mar0.030.jpg,0.07628991325266346,0.7618668942288199,0
YawnDD\no_yawn\4-MaleNoGlasses_f000015_mar0.030.jpg,0.07619289185216634,0.7455069354538725,0
YawnDD\no_yawn\4-MaleNoGlasses_f000018_mar0.030.jpg,0.07817400804101901,0.7479201453353903,0
YawnDD\no_yawn\4-MaleNoGlasses_f000021_mar0.030.jpg,0.074770907346181,0.7578469425640288,0
YawnDD\no_yawn\4-MaleNoGlasses_f000024_mar0.030.jpg,0.07661948822316067,0.7574757903006816,0
YawnDD\no_yawn\4-MaleNoGlasses_f000027_mar0.030.jpg,0.07559113819042465,0.7630842564503088,0
YawnDD\no_yawn\4-MaleNoGlasses_f000030_mar0.030.jpg,0.07440138919764214,0.7629768810667084,0
YawnDD\no_yawn\4-MaleNoGlasses_f000033_mar0.030.jpg,0.0750486785743714,0.7656809003131029,0
YawnDD\no_yawn\4-MaleNoGlasses_f000036_mar0.030.jpg,0.0756069438657712,0.7781382023355072,0
YawnDD\no_yawn\4-MaleNoGlasses_f000039_mar0.030.jpg,0.07569980930760714,0.7787295233017153,0
YawnDD\no_yawn\4-MaleNoGlasses_f000042_mar0.030.jpg,0.07593991333723173,0.7939713777942666,0
YawnDD\no_yawn\4-MaleNoGlasses_f000045_mar0.030.jpg,0.0737125251886531,0.7896945506119485,0
YawnDD\no_yawn\4-MaleNoGlasses_f000048_mar0.030.jpg,0.07466096644624191,0.7915927845761191,0
YawnDD\no_yawn\4-MaleNoGlasses_f000051_mar0.030.jpg,0.07684330299057474,0.7804919472849549,0
YawnDD\no_yawn\4-MaleNoGlasses_f000060_mar0.030.jpg,0.07985578548237945,0.7844769808338962,0
YawnDD\no_yawn\4-MaleNoGlasses_f000063_mar0.030.jpg,0.07782624888265287,0.7807680082050711,0
YawnDD\no_yawn\4-MaleNoGlasses_f000066_mar0.030.jpg,0.07772591150948036,0.7542238976412096,0
YawnDD\no_yawn\4-MaleNoGlasses_f000069_mar0.030.jpg,0.08248637873505871,0.7506254890793436,0
YawnDD\no_yawn\4-MaleNoGlasses_f000072_mar0.030.jpg,0.08489248338393059,0.7460907875037663,0
YawnDD\no_yawn\4-MaleNoGlasses_f000075_mar0.030.jpg,0.08558716090846633,0.7487684236054627,0
YawnDD\no_yawn\4-MaleNoGlasses_f000078_mar0.030.jpg,0.08469588097217046,0.7416410454853036,0
YawnDD\no_yawn\4-MaleNoGlasses_f000081_mar0.030.jpg,0.08665903554852793,0.7452731031971991,0
YawnDD\no_yawn\4-MaleNoGlasses_f000084_mar0.030.jpg,0.08751682288082695,0.756341246250459,0
YawnDD\no_yawn\4-MaleNoGlasses_f000087_mar0.030.jpg,0.08099429459955952,0.7548199462763153,0
YawnDD\no_yawn\4-MaleNoGlasses_f000090_mar0.030.jpg,0.07928234584736672,0.7526942338145299,0
YawnDD\no_yawn\4-MaleNoGlasses_f000093_mar0.030.jpg,0.07451374037276202,0.746815577922645,0
YawnDD\no_yawn\4-MaleNoGlasses_f000096_mar0.030.jpg,0.07290556688544655,0.7614880995945645,0
YawnDD\no_yawn\4-MaleNoGlasses_f000099_mar0.030.jpg,0.0711727263424385,0.7698667274677714,0
YawnDD\no_yawn\4-MaleNoGlasses_f000102_mar0.030.jpg,0.06950435686950544,0.7825345546881547,0
YawnDD\no_yawn\4-MaleNoGlasses_f000105_mar0.030.jpg,0.07014122407431794,0.744571391540791,0
YawnDD\no_yawn\4-MaleNoGlasses_f000108_mar0.030.jpg,0.06836948387691558,0.7352112184671067,0
YawnDD\no_yawn\4-MaleNoGlasses_f000111_mar0.030.jpg,0.06641962581137621,0.7009712051806217,0
YawnDD\no_yawn\4-MaleNoGlasses_f000114_mar0.030.jpg,0.06720836706369461,0.6966240944154518,0
YawnDD\no_yawn\4-MaleNoGlasses_f000117_mar0.030.jpg,0.06847979934196112,0.6693353738554374,0
YawnDD\no_yawn\4-MaleNoGlasses_f000120_mar0.030.jpg,0.06696580991202497,0.6422874110340719,0
YawnDD\no_yawn\4-MaleNoGlasses_f000123_mar0.030.jpg,0.05620923910940636,0.6325047187485103,0
YawnDD\no_yawn\4-MaleNoGlasses_f000129_mar0.040.jpg,0.09311921540831211,0.6176673919979149,0
YawnDD\no_yawn\4-MaleNoGlasses_f000132_mar0.030.jpg,0.09957160765750031,0.6051766270830945,0
YawnDD\no_yawn\4-MaleNoGlasses_f000135_mar0.030.jpg,0.06299611012538081,0.6169807198467026,0
YawnDD\no_yawn\4-MaleNoGlasses_f000138_mar0.030.jpg,0.05883749966226228,0.6222161674295998,0
YawnDD\no_yawn\4-MaleNoGlasses_f000141_mar0.030.jpg,0.05894414773533064,0.6354103410524102,0
YawnDD\no_yawn\4-MaleNoGlasses_f000144_mar0.030.jpg,0.0573906456147574,0.6291858473278149,0
YawnDD\no_yawn\4-MaleNoGlasses_f000147_mar0.030.jpg,0.059412919866860384,0.6212124643113984,0
YawnDD\no_yawn\4-MaleNoGlasses_f000153_mar0.030.jpg,0.0774866120847254,0.6586417980469104,0
YawnDD\no_yawn\4-MaleNoGlasses_f000156_mar0.030.jpg,0.09077366555882974,0.6862532626734097,0
YawnDD\no_yawn\4-MaleNoGlasses_f000159_mar0.030.jpg,0.09461816016543238,0.7222879881983506,0
YawnDD\no_yawn\4-MaleNoGlasses_f000162_mar0.030.jpg,0.09704403433474094,0.7475940646981113,0
YawnDD\no_yawn\4-MaleNoGlasses_f000165_mar0.030.jpg,0.09981952104771458,0.7767045268236946,0
YawnDD\no_yawn\4-MaleNoGlasses_f000168_mar0.030.jpg,0.10181650719758017,0.7912617425976303,0
YawnDD\no_yawn\4-MaleNoGlasses_f000171_mar0.030.jpg,0.10380862256056475,0.8133333028443934,0
YawnDD\no_yawn\4-MaleNoGlasses_f000174_mar0.030.jpg,0.10530880171985185,0.8244181787698779,0
YawnDD\no_yawn\4-MaleNoGlasses_f000177_mar0.030.jpg,0.10376800569130586,0.8383664275785594,0
YawnDD\no_yawn\4-MaleNoGlasses_f000180_mar0.030.jpg,0.10615010158005403,0.8670683502166026,0
YawnDD\no_yawn\4-MaleNoGlasses_f000183_mar0.030.jpg,0.10641080292288092,0.8707456137431753,0
YawnDD\no_yawn\4-MaleNoGlasses_f000186_mar0.030.jpg,0.1140746007657908,0.8456523650859333,0
YawnDD\no_yawn\4-MaleNoGlasses_f000189_mar0.030.jpg,0.10789886829612384,0.833945173138738,0
YawnDD\no_yawn\4-MaleNoGlasses_f000192_mar0.030.jpg,0.103956057177779,0.7877373476054825,0
YawnDD\no_yawn\4-MaleNoGlasses_f000195_mar0.030.jpg,0.09950265778174434,0.7684537738169923,0
YawnDD\no_yawn\4-MaleNoGlasses_f000222_mar0.030.jpg,0.060208898094398625,0.8450920598510948,0
YawnDD\no_yawn\4-MaleNoGlasses_f000285_mar0.038.jpg,0.09828186134354978,1.4587464065898885,0
YawnDD\no_yawn\4-MaleNoGlasses_f000291_mar0.030.jpg,0.08081663272356575,1.4610175606180926,0
YawnDD\no_yawn\4-MaleNoGlasses_f000315_mar0.030.jpg,0.07957922150377643,0.7650332932712766,0
YawnDD\no_yawn\4-MaleNoGlasses_f000318_mar0.030.jpg,0.07435095328119891,0.7520328637976758,0
YawnDD\no_yawn\4-MaleNoGlasses_f000321_mar0.030.jpg,0.07543040427677425,0.7594130473850368,0
YawnDD\no_yawn\4-MaleNoGlasses_f000324_mar0.030.jpg,0.07471944832390616,0.7947181127358429,0
YawnDD\no_yawn\4-MaleNoGlasses_f000330_mar0.030.jpg,0.07649753387494479,0.7938390478864275,0
YawnDD\no_yawn\4-MaleNoGlasses_f000477_mar0.030.jpg,0.06318322180812869,0.6260038459318963,0
YawnDD\no_yawn\4-MaleNoGlasses_f000480_mar0.034.jpg,0.06278505168069595,0.641619142246076,0
YawnDD\no_yawn\4-MaleNoGlasses_f000489_mar0.032.jpg,0.07372617700803184,0.6127721281302123,0
YawnDD\no_yawn\4-MaleNoGlasses_f000495_mar0.031.jpg,0.06263926384018106,0.5868820586307157,0
YawnDD\no_yawn\4-MaleNoGlasses_f000498_mar0.030.jpg,0.06153280129664488,0.6023311064588582,0
YawnDD\no_yawn\4-MaleNoGlasses_f000501_mar0.030.jpg,0.05924360057845196,0.661236505480491,0
YawnDD\no_yawn\4-MaleNoGlasses_f000504_mar0.030.jpg,0.05921420903218772,0.6714033176142938,0
YawnDD\no_yawn\4-MaleNoGlasses_f000672_mar0.030.jpg,0.06332522350426319,0.6955020477326279,0
YawnDD\no_yawn\4-MaleNoGlasses_f000675_mar0.030.jpg,0.06310310195526769,0.6822424565530345,0
YawnDD\no_yawn\4-MaleNoGlasses_f000678_mar0.030.jpg,0.060746984745402494,0.6501541635915571,0
YawnDD\no_yawn\4-MaleNoGlasses_f000681_mar0.030.jpg,0.06392562908532877,0.6333235898924013,0
YawnDD\no_yawn\4-MaleNoGlasses_f000684_mar0.030.jpg,0.09905586713356011,0.6182484905780052,0
YawnDD\no_yawn\4-MaleNoGlasses_f000687_mar0.030.jpg,0.09647238869435158,0.592010477314494,0
YawnDD\no_yawn\4-MaleNoGlasses_f000690_mar0.030.jpg,0.06326427841383389,0.6081818371571645,0
YawnDD\no_yawn\4-MaleNoGlasses_f000693_mar0.030.jpg,0.11524251744681606,0.6159065702636985,0
YawnDD\no_yawn\4-MaleNoGlasses_f000699_mar0.030.jpg,0.07132524427902806,0.5555362245634058,0
YawnDD\no_yawn\4-MaleNoGlasses_f000702_mar0.036.jpg,0.07020331253020905,0.5282949366822802,0
YawnDD\no_yawn\4-MaleNoGlasses_f000705_mar0.030.jpg,0.06943750191837784,0.5442682247420607,0
YawnDD\no_yawn\4-MaleNoGlasses_f000708_mar0.030.jpg,0.0707090142871602,0.5737624295924478,0
YawnDD\no_yawn\4-MaleNoGlasses_f000711_mar0.030.jpg,0.06892257177459166,0.608960031853771,0
YawnDD\no_yawn\4-MaleNoGlasses_f000732_mar0.030.jpg,0.09639856874018625,0.7710925077800177,0
YawnDD\no_yawn\4-MaleNoGlasses_f000741_mar0.038.jpg,0.10784930345730277,0.741148660133356,0
YawnDD\no_yawn\4-MaleNoGlasses_f000744_mar0.030.jpg,0.0744032096873105,0.7223461601766913,0
YawnDD\no_yawn\4-MaleNoGlasses_f000747_mar0.030.jpg,0.0725745084699229,0.7114159626141762,0
YawnDD\no_yawn\4-MaleNoGlasses_f000750_mar0.030.jpg,0.0737423276804792,0.6986239075790137,0
YawnDD\no_yawn\4-MaleNoGlasses_f000753_mar0.030.jpg,0.07307434803220342,0.6796631453186647,0
YawnDD\no_yawn\4-MaleNoGlasses_f000756_mar0.030.jpg,0.07067970248938664,0.6869661733906057,0
YawnDD\no_yawn\4-MaleNoGlasses_f000759_mar0.030.jpg,0.07053340811455401,0.6874546866319186,0
YawnDD\no_yawn\4-MaleNoGlasses_f000762_mar0.030.jpg,0.07253647986783786,0.6884540220253278,0
YawnDD\no_yawn\4-MaleNoGlasses_f000780_mar0.030.jpg,0.07684192129431018,0.7148654222385757,0
YawnDD\no_yawn\4-MaleNoGlasses_f000783_mar0.030.jpg,0.07757197988687382,0.7187504736903438,0
YawnDD\no_yawn\4-MaleNoGlasses_f000786_mar0.030.jpg,0.0788689733772841,0.7470293887614736,0
YawnDD\no_yawn\4-MaleNoGlasses_f000789_mar0.030.jpg,0.07745905866665885,0.7380249902617689,0
YawnDD\no_yawn\4-MaleNoGlasses_f000801_mar0.030.jpg,0.0792737091892269,0.7667951607513038,0
YawnDD\no_yawn\4-MaleNoGlasses_f000804_mar0.030.jpg,0.07700359117068854,0.7972782482648856,0
YawnDD\no_yawn\4-MaleNoGlasses_f000807_mar0.030.jpg,0.07543756289019744,0.813079701675633,0
YawnDD\no_yawn\4-MaleNoGlasses_f000810_mar0.030.jpg,0.07537435557288671,0.8326126820278023,0
YawnDD\no_yawn\4-MaleNoGlasses_f000813_mar0.030.jpg,0.08705167693402614,0.8357527408624936,0
YawnDD\no_yawn\4-MaleNoGlasses_f000816_mar0.030.jpg,0.07547835185640585,0.8211680821096545,0
YawnDD\no_yawn\4-MaleNoGlasses_f000819_mar0.030.jpg,0.07805528706472113,0.8256601233758235,0
YawnDD\no_yawn\4-MaleNoGlasses_f000822_mar0.030.jpg,0.07691169593224545,0.7912563539011113,0
YawnDD\no_yawn\4-MaleNoGlasses_f001056_mar0.030.jpg,0.05084868273384902,0.6536926445470217,0
YawnDD\no_yawn\4-MaleNoGlasses_f001059_mar0.030.jpg,0.052404706788931374,0.6460422124478161,0
YawnDD\no_yawn\4-MaleNoGlasses_f001065_mar0.030.jpg,0.0528240838323968,0.6612942363060395,0
YawnDD\no_yawn\4-MaleNoGlasses_f001068_mar0.030.jpg,0.05505550793219735,0.6463624350158581,0
YawnDD\no_yawn\4-MaleNoGlasses_f001071_mar0.030.jpg,0.05788376030746423,0.6415374607616313,0
YawnDD\no_yawn\4-MaleNoGlasses_f001134_mar0.030.jpg,0.0940461714768886,0.678958073832981,0
YawnDD\no_yawn\4-MaleNoGlasses_f001155_mar0.030.jpg,0.12819580070087142,0.9198409765635052,0
YawnDD\no_yawn\4-MaleNoGlasses_f001173_mar0.030.jpg,0.12038875726996483,0.9619352787542859,0
YawnDD\no_yawn\4-MaleNoGlasses_f001176_mar0.030.jpg,0.12030804868009985,0.9548489885564702,0
YawnDD\no_yawn\4-MaleNoGlasses_f001185_mar0.030.jpg,0.1103392924514941,0.8267735513036633,0
YawnDD\no_yawn\4-MaleNoGlasses_f001188_mar0.030.jpg,0.11905226234990429,0.7322346127205762,0
YawnDD\no_yawn\4-MaleNoGlasses_f001194_mar0.030.jpg,0.10499805141273326,0.726813256278748,0
YawnDD\no_yawn\4-MaleNoGlasses_f001197_mar0.030.jpg,0.10792835805123531,0.6964384359139865,0
YawnDD\no_yawn\4-MaleNoGlasses_f001200_mar0.030.jpg,0.10660846174845792,0.7016582755544022,0
YawnDD\no_yawn\4-MaleNoGlasses_f001203_mar0.030.jpg,0.1044435715444689,0.7036764224188929,0
YawnDD\no_yawn\4-MaleNoGlasses_f001251_mar0.030.jpg,0.08318098438915854,0.6671111791263016,0
YawnDD\no_yawn\4-MaleNoGlasses_f001263_mar0.030.jpg,0.08272220951361696,0.6073253266303077,0
YawnDD\no_yawn\4-MaleNoGlasses_f001266_mar0.030.jpg,0.0702433577053333,0.5764866312561596,0
YawnDD\no_yawn\4-MaleNoGlasses_f001269_mar0.030.jpg,0.0715451168793828,0.5410090070974991,0
YawnDD\no_yawn\4-MaleNoGlasses_f001272_mar0.030.jpg,0.06994340034653294,0.5674561499474879,0
YawnDD\no_yawn\4-MaleNoGlasses_f001275_mar0.031.jpg,0.07081954174310148,0.603408722131429,0
YawnDD\no_yawn\4-MaleNoGlasses_f001278_mar0.030.jpg,0.07184472270708463,0.6111326987342918,0
YawnDD\no_yawn\4-MaleNoGlasses_f001281_mar0.030.jpg,0.06928125294620563,0.6160331840740667,0
YawnDD\no_yawn\4-MaleNoGlasses_f001284_mar0.030.jpg,0.06698775975618906,0.6405060397242452,0
YawnDD\no_yawn\4-MaleNoGlasses_f001287_mar0.030.jpg,0.07046202975619521,0.6607612504504036,0
YawnDD\no_yawn\4-MaleNoGlasses_f001290_mar0.030.jpg,0.06741131913431234,0.6718919909720862,0
YawnDD\no_yawn\4-MaleNoGlasses_f001293_mar0.030.jpg,0.06819010357111224,0.6806634395035307,0
YawnDD\no_yawn\4-MaleNoGlasses_f001296_mar0.030.jpg,0.0690412687358217,0.6900825284336425,0
YawnDD\no_yawn\4-MaleNoGlasses_f001299_mar0.030.jpg,0.06874777841039886,0.6942560243146766,0
YawnDD\no_yawn\4-MaleNoGlasses_f001302_mar0.030.jpg,0.06616490046806292,0.6931799310647787,0
YawnDD\no_yawn\4-MaleNoGlasses_f001305_mar0.030.jpg,0.06630580195462253,0.6849082829861844,0
YawnDD\no_yawn\4-MaleNoGlasses_f001308_mar0.030.jpg,0.09261978669693978,0.6842970380824074,0
YawnDD\no_yawn\4-MaleNoGlasses_f001365_mar0.030.jpg,0.09561899709459408,0.7854739151202944,0
YawnDD\no_yawn\4-MaleNoGlasses_f001368_mar0.030.jpg,0.0900803419271022,0.7667788886244523,0
YawnDD\no_yawn\4-MaleNoGlasses_f001371_mar0.030.jpg,0.08767831897531227,0.7226492141873381,0
YawnDD\no_yawn\4-MaleNoGlasses_f001374_mar0.030.jpg,0.08268800214957098,0.7462415378561862,0
YawnDD\no_yawn\4-MaleNoGlasses_f001377_mar0.030.jpg,0.07953313544990179,0.7522827882782372,0
YawnDD\no_yawn\4-MaleNoGlasses_f001380_mar0.030.jpg,0.07485850897242409,0.7495636374562871,0
YawnDD\no_yawn\4-MaleNoGlasses_f001383_mar0.030.jpg,0.07885783703267768,0.7578823238607076,0
YawnDD\no_yawn\4-MaleNoGlasses_f001386_mar0.030.jpg,0.07762291096770653,0.7571155441866062,0
YawnDD\no_yawn\4-MaleNoGlasses_f001389_mar0.030.jpg,0.0773991179752005,0.7676312874316519,0
YawnDD\no_yawn\4-MaleNoGlasses_f001392_mar0.030.jpg,0.07667101010947493,0.7929563110468436,0
YawnDD\no_yawn\4-MaleNoGlasses_f001395_mar0.031.jpg,0.11498699786277028,0.7978412670526037,0
YawnDD\no_yawn\4-MaleNoGlasses_f001413_mar0.030.jpg,0.07906956774886122,0.7777948218501893,0
YawnDD\no_yawn\4-MaleNoGlasses_f001416_mar0.030.jpg,0.07812125428874611,0.752185573193129,0
YawnDD\no_yawn\4-MaleNoGlasses_f001419_mar0.030.jpg,0.0780859278500014,0.7468292059904459,0
YawnDD\no_yawn\4-MaleNoGlasses_f001422_mar0.030.jpg,0.07420222869195042,0.7682119516665565,0
YawnDD\no_yawn\4-MaleNoGlasses_f001434_mar0.030.jpg,0.0751677512701785,0.7864554101041578,0
YawnDD\no_yawn\4-MaleNoGlasses_f001446_mar0.030.jpg,0.07453485957178578,0.6941385107898208,0
YawnDD\no_yawn\4-MaleNoGlasses_f001449_mar0.030.jpg,0.06989559967570246,0.6922156724987617,0
YawnDD\no_yawn\4-MaleNoGlasses_f001458_mar0.030.jpg,0.06413051081459702,0.7184810282992846,0
YawnDD\no_yawn\4-MaleNoGlasses_f001461_mar0.030.jpg,0.061149800242079444,0.7316409462743535,0
YawnDD\no_yawn\4-MaleNoGlasses_f001464_mar0.030.jpg,0.06610624536026007,0.7347277915653803,0
YawnDD\no_yawn\4-MaleNoGlasses_f001470_mar0.030.jpg,0.06189495430227787,0.7274658068894883,0
YawnDD\no_yawn\4-MaleNoGlasses_f001641_mar0.030.jpg,0.0868340020771336,0.6661029976021708,0
YawnDD\no_yawn\4-MaleNoGlasses_f001644_mar0.030.jpg,0.05326341240259509,0.6860160448275049,0
YawnDD\no_yawn\4-MaleNoGlasses_f001647_mar0.030.jpg,0.043159481581616026,0.6791575029187583,0
YawnDD\no_yawn\4-MaleNoGlasses_f001650_mar0.030.jpg,0.045709104423489716,0.673958677833152,0
YawnDD\no_yawn\4-MaleNoGlasses_f001653_mar0.030.jpg,0.04801377507051373,0.6958560411262799,0
YawnDD\no_yawn\4-MaleNoGlasses_f001656_mar0.030.jpg,0.04416928212479665,0.7300401300085638,0
YawnDD\no_yawn\4-MaleNoGlasses_f001659_mar0.030.jpg,0.04758011575158391,0.7029161645579259,0
YawnDD\no_yawn\4-MaleNoGlasses_f001662_mar0.030.jpg,0.036825364120189344,0.747969380471617,0
YawnDD\no_yawn\4-MaleNoGlasses_f001665_mar0.030.jpg,0.03810196140715057,0.7750930214257796,0
YawnDD\no_yawn\4-MaleNoGlasses_f001668_mar0.030.jpg,0.04142302185072422,0.8124333803194309,0
YawnDD\no_yawn\4-MaleNoGlasses_f001671_mar0.030.jpg,0.06692805491040192,0.7996659242882416,0
YawnDD\no_yawn\4-MaleNoGlasses_f001674_mar0.030.jpg,0.04281782498601227,0.7986828899375666,0
YawnDD\no_yawn\4-MaleNoGlasses_f001677_mar0.030.jpg,0.05399937162393189,0.8103984255928044,0
YawnDD\no_yawn\4-MaleNoGlasses_f001692_mar0.030.jpg,0.07848759312627748,0.8265556848159352,0
YawnDD\no_yawn\4-MaleNoGlasses_f001707_mar0.030.jpg,0.07141491485448666,0.8211649019735088,0
YawnDD\no_yawn\4-MaleNoGlasses_f001710_mar0.030.jpg,0.07045882619752239,0.8161343920136142,0
YawnDD\no_yawn\4-MaleNoGlasses_f001734_mar0.030.jpg,0.07518019968688866,0.7706221386004459,0
YawnDD\no_yawn\4-MaleNoGlasses_f001737_mar0.030.jpg,0.06873997840498372,0.7815985573142618,0
YawnDD\no_yawn\4-MaleNoGlasses_f001740_mar0.030.jpg,0.06179961987178378,0.7973054092181047,0
YawnDD\no_yawn\4-MaleNoGlasses_f001743_mar0.030.jpg,0.060379979151637134,0.7943478299702262,0
YawnDD\no_yawn\4-MaleNoGlasses_f001746_mar0.030.jpg,0.055606360152480105,0.7833353215029752,0
YawnDD\no_yawn\4-MaleNoGlasses_f001749_mar0.030.jpg,0.07303247439840944,0.7406792308463506,0
YawnDD\no_yawn\4-MaleNoGlasses_f001752_mar0.030.jpg,0.06703950752165891,0.7709352156294169,0
YawnDD\no_yawn\4-MaleNoGlasses_f001755_mar0.030.jpg,0.0670162368483321,0.7664662069934817,0
YawnDD\no_yawn\4-MaleNoGlasses_f001758_mar0.030.jpg,0.06874744379069829,0.7291985693066846,0
YawnDD\no_yawn\4-MaleNoGlasses_f001761_mar0.030.jpg,0.06893989417050791,0.7332775583102673,0
YawnDD\no_yawn\4-MaleNoGlasses_f001764_mar0.030.jpg,0.0679285840034933,0.7267551958977037,0
YawnDD\no_yawn\4-MaleNoGlasses_f001767_mar0.030.jpg,0.07194767339065791,0.7482330361841074,0
YawnDD\no_yawn\4-MaleNoGlasses_f001770_mar0.030.jpg,0.07356981271990491,0.7492867367518787,0
YawnDD\no_yawn\4-MaleNoGlasses_f001773_mar0.030.jpg,0.07410518383420371,0.7456227087200805,0
YawnDD\no_yawn\4-MaleNoGlasses_f001776_mar0.030.jpg,0.07504481921369928,0.7573483925521409,0
YawnDD\no_yawn\4-MaleNoGlasses_f001779_mar0.030.jpg,0.07671869803175457,0.7562524205475043,0
YawnDD\no_yawn\4-MaleNoGlasses_f001782_mar0.030.jpg,0.0750563411770674,0.7387143799108639,0
YawnDD\no_yawn\4-MaleNoGlasses_f001785_mar0.030.jpg,0.07526196622664187,0.7432346448588593,0
YawnDD\no_yawn\4-MaleNoGlasses_f001788_mar0.030.jpg,0.0751555157010158,0.7696366480543031,0
YawnDD\no_yawn\4-MaleNoGlasses_f001791_mar0.030.jpg,0.07550236877366948,0.7797137651501895,0
YawnDD\no_yawn\4-MaleNoGlasses_f001794_mar0.030.jpg,0.07694521616151886,0.7798688002757261,0
YawnDD\no_yawn\4-MaleNoGlasses_f001797_mar0.030.jpg,0.07633544207634628,0.7745908025121743,0
YawnDD\no_yawn\4-MaleNoGlasses_f001800_mar0.030.jpg,0.07597097740061542,0.7694211607522824,0
YawnDD\no_yawn\4-MaleNoGlasses_f001803_mar0.030.jpg,0.07440566496616824,0.7789611554022872,0
YawnDD\no_yawn\4-MaleNoGlasses_f001806_mar0.030.jpg,0.07573858259477768,0.7767835548216832,0
YawnDD\no_yawn\4-MaleNoGlasses_f001809_mar0.030.jpg,0.07564177458324002,0.774544696080746,0
YawnDD\no_yawn\4-MaleNoGlasses_f001812_mar0.030.jpg,0.07572760318875336,0.7539199298503432,0
YawnDD\no_yawn\4-MaleNoGlasses_f001815_mar0.030.jpg,0.07408320359519101,0.7809364630562711,0
YawnDD\no_yawn\4-MaleNoGlasses_f001818_mar0.030.jpg,0.07264652346419334,0.7605949902670731,0
YawnDD\no_yawn\4-MaleNoGlasses_f001821_mar0.030.jpg,0.07345355133899742,0.7473554528491635,0
YawnDD\no_yawn\4-MaleNoGlasses_f001824_mar0.030.jpg,0.07625373597590862,0.7659994777658939,0
YawnDD\no_yawn\4-MaleNoGlasses_f001827_mar0.030.jpg,0.07130104999849932,0.7724816777255107,0
YawnDD\no_yawn\4-MaleNoGlasses_f001830_mar0.030.jpg,0.07521515622617773,0.7614666273758206,0
YawnDD\no_yawn\4-MaleNoGlasses_f001833_mar0.030.jpg,0.07378236326651307,0.7937223935124884,0
YawnDD\no_yawn\4-MaleNoGlasses_f001836_mar0.030.jpg,0.07400191028207179,0.785233895561139,0
YawnDD\no_yawn\4-MaleNoGlasses_f001845_mar0.030.jpg,0.0715698608545082,0.7801237405442727,0
YawnDD\no_yawn\4-MaleNoGlasses_f001848_mar0.030.jpg,0.07351357809892117,0.7748349239548986,0
YawnDD\no_yawn\4-MaleNoGlasses_f001851_mar0.030.jpg,0.07035218788229171,0.7833704771000273,0
YawnDD\no_yawn\4-MaleNoGlasses_f001854_mar0.030.jpg,0.07180395194087326,0.7954303169386526,0
YawnDD\no_yawn\4-MaleNoGlasses_f001857_mar0.030.jpg,0.07084732723084651,0.7872198034323374,0
YawnDD\no_yawn\4-MaleNoGlasses_f001860_mar0.030.jpg,0.0700877983339501,0.7876276578154474,0
YawnDD\no_yawn\4-MaleNoGlasses_f001863_mar0.030.jpg,0.06936448392407281,0.7985088541156742,0
YawnDD\no_yawn\4-MaleNoGlasses_f001866_mar0.030.jpg,0.07047395849733593,0.7923996512478694,0
YawnDD\no_yawn\4-MaleNoGlasses_f001869_mar0.030.jpg,0.07022804380905612,0.7873756112137701,0
YawnDD\no_yawn\4-MaleNoGlasses_f001872_mar0.030.jpg,0.07109722842931594,0.7914845176645623,0
YawnDD\no_yawn\4-MaleNoGlasses_f001875_mar0.030.jpg,0.07049609975773805,0.7860410221324499,0
YawnDD\no_yawn\4-MaleNoGlasses_f001878_mar0.030.jpg,0.07178439753636347,0.7817854172349696,0
YawnDD\no_yawn\4-MaleNoGlasses_f001881_mar0.030.jpg,0.06903538042425003,0.7800072808313812,0
YawnDD\no_yawn\4-MaleNoGlasses_f001884_mar0.030.jpg,0.07131708422996144,0.7881862413123755,0
YawnDD\no_yawn\4-MaleNoGlasses_f001887_mar0.030.jpg,0.07151488399305317,0.7944972716912053,0
YawnDD\no_yawn\4-MaleNoGlasses_f001890_mar0.030.jpg,0.06893983426355904,0.7863722533693888,0
YawnDD\no_yawn\4-MaleNoGlasses_f001893_mar0.030.jpg,0.07123762062247711,0.7718913341632084,0
YawnDD\no_yawn\4-MaleNoGlasses_f001896_mar0.030.jpg,0.0689179552215321,0.7869871922880742,0
YawnDD\no_yawn\4-MaleNoGlasses_f001899_mar0.030.jpg,0.07034475813638613,0.7724249508390153,0
YawnDD\no_yawn\4-MaleNoGlasses_f001902_mar0.030.jpg,0.07091213427553289,0.7793746831224887,0
YawnDD\no_yawn\4-MaleNoGlasses_f001905_mar0.030.jpg,0.07086522380605632,0.7841435145876856,0
YawnDD\no_yawn\4-MaleNoGlasses_f001908_mar0.030.jpg,0.07098626830627314,0.7682839990236023,0
YawnDD\no_yawn\4-MaleNoGlasses_f001911_mar0.030.jpg,0.0705395683907637,0.7629038741976751,0
YawnDD\no_yawn\4-MaleNoGlasses_f001914_mar0.030.jpg,0.07224427858057679,0.7531877701390447,0
YawnDD\no_yawn\4-MaleNoGlasses_f001917_mar0.030.jpg,0.0740993143121116,0.7517098378431769,0
YawnDD\no_yawn\4-MaleNoGlasses_f001920_mar0.030.jpg,0.07321951386859968,0.7553335507827553,0
YawnDD\no_yawn\4-MaleNoGlasses_f001923_mar0.030.jpg,0.07354422637833526,0.753549398894656,0
YawnDD\no_yawn\4-MaleNoGlasses_f001926_mar0.030.jpg,0.0732081918207099,0.7294590403158604,0
YawnDD\no_yawn\4-MaleNoGlasses_f001929_mar0.030.jpg,0.07433443116664791,0.7438976876465706,0
YawnDD\no_yawn\4-MaleNoGlasses_f001932_mar0.030.jpg,0.07326621212232676,0.7469405153869397,0
YawnDD\no_yawn\4-MaleNoGlasses_f001935_mar0.030.jpg,0.0752906038352524,0.7527577916066828,0
YawnDD\no_yawn\4-MaleNoGlasses_f001938_mar0.030.jpg,0.0740227961552083,0.7496268512102402,0
YawnDD\no_yawn\4-MaleNoGlasses_f001941_mar0.030.jpg,0.07259543937931363,0.7513994827170165,0
YawnDD\no_yawn\4-MaleNoGlasses_f001944_mar0.030.jpg,0.07445772087564789,0.7485477895326268,0
YawnDD\no_yawn\4-MaleNoGlasses_f001947_mar0.030.jpg,0.07350958862704744,0.7285246566044429,0
YawnDD\no_yawn\4-MaleNoGlasses_f001950_mar0.030.jpg,0.07366429364277145,0.7510707942864663,0
YawnDD\no_yawn\4-MaleNoGlasses_f001953_mar0.030.jpg,0.0740505845565468,0.7454817844371012,0
YawnDD\no_yawn\4-MaleNoGlasses_f001956_mar0.030.jpg,0.07371471886896039,0.739369351634603,0
YawnDD\no_yawn\4-MaleNoGlasses_f001959_mar0.030.jpg,0.07549976713184013,0.7454540786622618,0
YawnDD\no_yawn\4-MaleNoGlasses_f001962_mar0.030.jpg,0.07739780092174188,0.7558085622769053,0
YawnDD\no_yawn\4-MaleNoGlasses_f001965_mar0.030.jpg,0.07671676128604192,0.7587382364888725,0
YawnDD\no_yawn\4-MaleNoGlasses_f001968_mar0.030.jpg,0.07668616594805287,0.7267870076148334,0
YawnDD\no_yawn\4-MaleNoGlasses_f001971_mar0.030.jpg,0.0767809091474663,0.7211579487034943,0
YawnDD\no_yawn\4-MaleNoGlasses_f001974_mar0.030.jpg,0.07700771668968855,0.740900144981497,0
YawnDD\no_yawn\4-MaleNoGlasses_f001977_mar0.030.jpg,0.08056508543424763,0.7325585157052057,0
YawnDD\no_yawn\4-MaleNoGlasses_f001980_mar0.030.jpg,0.07666090602917044,0.7621945802969429,0
YawnDD\no_yawn\4-MaleNoGlasses_f001983_mar0.030.jpg,0.07691319475079515,0.7501029155009314,0
YawnDD\no_yawn\4-MaleNoGlasses_f001986_mar0.030.jpg,0.07892332764463743,0.7394152705554607,0
YawnDD\no_yawn\4-MaleNoGlasses_f001989_mar0.030.jpg,0.08102777069687768,0.7637840065519521,0
YawnDD\no_yawn\4-MaleNoGlasses_f001992_mar0.030.jpg,0.07981820251524373,0.757391198783413,0
YawnDD\no_yawn\4-MaleNoGlasses_f001995_mar0.030.jpg,0.07987079152402758,0.7598058349179317,0
YawnDD\no_yawn\5-FemaleNoGlasses_f000000_mar0.035.jpg,0.09965208059562797,0.8615933593166073,0
YawnDD\no_yawn\5-FemaleNoGlasses_f000009_mar0.030.jpg,0.07457740166079858,0.8507706715104626,0
YawnDD\no_yawn\5-FemaleNoGlasses_f000012_mar0.030.jpg,0.07407960667756666,0.8443946998138251,0
YawnDD\no_yawn\5-FemaleNoGlasses_f000015_mar0.030.jpg,0.07260702807058879,0.8457551962535017,0
YawnDD\no_yawn\5-FemaleNoGlasses_f000018_mar0.030.jpg,0.07226888019038226,0.8514429013185685,0
YawnDD\no_yawn\5-FemaleNoGlasses_f000021_mar0.030.jpg,0.0729823830610575,0.8532739151024403,0
YawnDD\no_yawn\5-FemaleNoGlasses_f000024_mar0.030.jpg,0.07158903230900922,0.8996225304805332,0
YawnDD\no_yawn\5-FemaleNoGlasses_f000027_mar0.030.jpg,0.0727410000077433,0.8932741341324236,0
YawnDD\no_yawn\5-FemaleNoGlasses_f000030_mar0.030.jpg,0.07062580416365591,0.9110691000944499,0
YawnDD\no_yawn\5-FemaleNoGlasses_f000069_mar0.030.jpg,0.10400687833774758,0.9059770884817913,0
YawnDD\no_yawn\5-FemaleNoGlasses_f000072_mar0.030.jpg,0.07326481838710514,0.9091629653310981,0
YawnDD\no_yawn\5-FemaleNoGlasses_f000075_mar0.030.jpg,0.0755684728092966,0.9155660560960596,0
YawnDD\no_yawn\5-FemaleNoGlasses_f000078_mar0.030.jpg,0.07624143372566382,0.890520834511893,0
YawnDD\no_yawn\5-FemaleNoGlasses_f000081_mar0.030.jpg,0.07337948832254713,0.9097439443117431,0
YawnDD\no_yawn\5-FemaleNoGlasses_f000084_mar0.030.jpg,0.07110877895216614,0.901084001487824,0
YawnDD\no_yawn\5-FemaleNoGlasses_f000093_mar0.030.jpg,0.07331438905724798,0.9243485004130226,0
YawnDD\no_yawn\5-FemaleNoGlasses_f000096_mar0.030.jpg,0.07337822501273417,0.9129538921521448,0
YawnDD\no_yawn\5-FemaleNoGlasses_f000099_mar0.030.jpg,0.07465652771671862,0.8812542974244819,0
YawnDD\no_yawn\5-FemaleNoGlasses_f000102_mar0.030.jpg,0.07251364997036511,0.882790699051034,0
YawnDD\no_yawn\5-FemaleNoGlasses_f000105_mar0.030.jpg,0.073751933626791,0.8961042307952807,0
YawnDD\no_yawn\5-FemaleNoGlasses_f000108_mar0.030.jpg,0.07463017469236385,0.8967790747946585,0
YawnDD\no_yawn\5-FemaleNoGlasses_f000111_mar0.030.jpg,0.07325566942088775,0.8908138170898718,0
YawnDD\no_yawn\5-FemaleNoGlasses_f000114_mar0.030.jpg,0.07271716769260965,0.8897480217580958,0
YawnDD\no_yawn\5-FemaleNoGlasses_f000117_mar0.030.jpg,0.07161696074562537,0.911131350658961,0
YawnDD\no_yawn\5-FemaleNoGlasses_f000120_mar0.030.jpg,0.07210381236705234,0.9297184367528477,0
YawnDD\no_yawn\5-FemaleNoGlasses_f000123_mar0.030.jpg,0.07181131558128172,0.920798214343488,0
YawnDD\no_yawn\5-FemaleNoGlasses_f000126_mar0.030.jpg,0.07250710048549723,0.9306865376407011,0
YawnDD\no_yawn\5-FemaleNoGlasses_f000129_mar0.030.jpg,0.07262097064891443,0.9220527819886984,0
YawnDD\no_yawn\5-FemaleNoGlasses_f000132_mar0.030.jpg,0.07322610501727324,0.8980406320484828,0
YawnDD\no_yawn\5-FemaleNoGlasses_f000135_mar0.030.jpg,0.07213604713508198,0.9084851384507397,0
YawnDD\no_yawn\5-FemaleNoGlasses_f000138_mar0.030.jpg,0.07203092496165941,0.9226992824695271,0
YawnDD\no_yawn\5-FemaleNoGlasses_f000141_mar0.030.jpg,0.07123302544999661,0.9014275379388031,0
YawnDD\no_yawn\5-FemaleNoGlasses_f000144_mar0.030.jpg,0.07191558564583905,0.8940228815688762,0
YawnDD\no_yawn\5-FemaleNoGlasses_f000147_mar0.030.jpg,0.07099992052415595,0.8871647242697259,0
YawnDD\no_yawn\5-FemaleNoGlasses_f000150_mar0.030.jpg,0.07033961229063303,0.9166257773916802,0
YawnDD\no_yawn\5-FemaleNoGlasses_f000153_mar0.030.jpg,0.07013696682456219,0.9019302631493401,0
YawnDD\no_yawn\5-FemaleNoGlasses_f000156_mar0.030.jpg,0.07015135402930396,0.9015338585720786,0
YawnDD\no_yawn\5-FemaleNoGlasses_f000159_mar0.030.jpg,0.07048958701203137,0.9271584857613601,0
YawnDD\no_yawn\5-FemaleNoGlasses_f000192_mar0.030.jpg,0.06433523963962637,0.9142311234749569,0
YawnDD\no_yawn\5-FemaleNoGlasses_f000201_mar0.030.jpg,0.067121661357152,0.8993705678301595,0
YawnDD\no_yawn\5-FemaleNoGlasses_f000219_mar0.030.jpg,0.06757599264288233,0.9145424804604342,0
YawnDD\no_yawn\5-FemaleNoGlasses_f000240_mar0.030.jpg,0.0651051800372643,0.9183129332499368,0
YawnDD\no_yawn\5-FemaleNoGlasses_f000255_mar0.030.jpg,0.05233969787451335,0.9432861778421596,0
YawnDD\no_yawn\5-FemaleNoGlasses_f000288_mar0.030.jpg,0.07421232892317962,0.9191006295658041,0
YawnDD\no_yawn\5-FemaleNoGlasses_f000363_mar0.030.jpg,0.08942157446853362,0.901391934007878,0
YawnDD\no_yawn\5-FemaleNoGlasses_f000366_mar0.030.jpg,0.07256515539298507,0.8959976392173886,0
YawnDD\no_yawn\5-FemaleNoGlasses_f000369_mar0.030.jpg,0.07176052828748498,0.9244933287539491,0
YawnDD\no_yawn\5-FemaleNoGlasses_f000414_mar0.030.jpg,0.06709506597427825,0.9083885223323592,0
YawnDD\no_yawn\5-FemaleNoGlasses_f000417_mar0.030.jpg,0.06148109450220201,0.9371242404486677,0
YawnDD\no_yawn\5-FemaleNoGlasses_f000456_mar0.030.jpg,0.07154038180831543,0.8842369729728085,0
YawnDD\no_yawn\5-FemaleNoGlasses_f000459_mar0.030.jpg,0.06888004933096077,0.9064620396323058,0
YawnDD\no_yawn\5-FemaleNoGlasses_f000486_mar0.030.jpg,0.06882138483016932,0.8664569167397032,0
YawnDD\no_yawn\5-FemaleNoGlasses_f000489_mar0.030.jpg,0.07695268036636965,0.8758869274703195,0
YawnDD\no_yawn\5-FemaleNoGlasses_f000522_mar0.030.jpg,0.06972428960222518,0.9730623334980723,0
YawnDD\no_yawn\5-FemaleNoGlasses_f000525_mar0.030.jpg,0.06928331172755983,0.9793702751306481,0
YawnDD\no_yawn\5-FemaleNoGlasses_f000531_mar0.030.jpg,0.07130640544339407,0.927999956831636,0
YawnDD\no_yawn\5-FemaleNoGlasses_f000582_mar0.030.jpg,0.0682074098238115,0.7994460009114656,0
YawnDD\no_yawn\5-FemaleNoGlasses_f000585_mar0.030.jpg,0.08027064297144187,0.8072852455411752,0
YawnDD\no_yawn\5-FemaleNoGlasses_f000618_mar0.030.jpg,0.09713634350257888,0.9550923606135843,0
YawnDD\no_yawn\5-FemaleNoGlasses_f000633_mar0.030.jpg,0.06442012883267748,0.8990302440462737,0
YawnDD\no_yawn\5-FemaleNoGlasses_f000651_mar0.030.jpg,0.031407908803482466,1.1423550065768162,0
YawnDD\no_yawn\5-FemaleNoGlasses_f000666_mar0.030.jpg,0.06478291824118108,0.9577993472232201,0
YawnDD\no_yawn\5-FemaleNoGlasses_f000687_mar0.030.jpg,0.07364957629187942,0.8777911589276404,0
YawnDD\no_yawn\5-FemaleNoGlasses_f000693_mar0.030.jpg,0.07749056088169433,0.8737046376773101,0
YawnDD\no_yawn\5-FemaleNoGlasses_f000711_mar0.030.jpg,0.06543098452805558,0.9094330081557334,0
YawnDD\no_yawn\5-FemaleNoGlasses_f000729_mar0.030.jpg,0.0717969181410997,0.9195883591508431,0
YawnDD\no_yawn\5-FemaleNoGlasses_f000732_mar0.030.jpg,0.07398553984024053,0.9089533843737161,0
YawnDD\no_yawn\5-FemaleNoGlasses_f000735_mar0.030.jpg,0.0734554125905802,0.8762136785528707,0
YawnDD\no_yawn\5-FemaleNoGlasses_f000738_mar0.030.jpg,0.0740050990973641,0.8825726128183055,0
YawnDD\no_yawn\5-FemaleNoGlasses_f000741_mar0.030.jpg,0.07384159887529063,0.8773705847727251,0
YawnDD\no_yawn\5-FemaleNoGlasses_f000744_mar0.030.jpg,0.07366254868735338,0.8820467618995388,0
YawnDD\no_yawn\5-FemaleNoGlasses_f000747_mar0.030.jpg,0.07186757721670964,0.8987757748063145,0
YawnDD\no_yawn\5-FemaleNoGlasses_f000750_mar0.030.jpg,0.07139787463641292,0.9272680966030585,0
YawnDD\no_yawn\5-FemaleNoGlasses_f000789_mar0.030.jpg,0.07149655509266294,0.9564965010406723,0
YawnDD\no_yawn\5-FemaleNoGlasses_f000810_mar0.030.jpg,0.070335805924571,0.9036252422863934,0
YawnDD\no_yawn\5-FemaleNoGlasses_f000840_mar0.030.jpg,0.06439413083819506,0.9106888515614152,0
YawnDD\no_yawn\5-FemaleNoGlasses_f000843_mar0.030.jpg,0.06636517221417436,0.9331459415823754,0
YawnDD\no_yawn\5-FemaleNoGlasses_f000846_mar0.030.jpg,0.06854037528414736,0.9438553792065474,0
YawnDD\no_yawn\5-FemaleNoGlasses_f000882_mar0.030.jpg,0.06930497329420406,0.9188748964984894,0
YawnDD\no_yawn\5-FemaleNoGlasses_f000885_mar0.030.jpg,0.07087382953666412,0.8977509064550871,0
YawnDD\no_yawn\5-FemaleNoGlasses_f000888_mar0.030.jpg,0.07039687704071769,0.8745465033999158,0
YawnDD\no_yawn\5-FemaleNoGlasses_f000891_mar0.030.jpg,0.07235907650751658,0.8802865401735117,0
YawnDD\no_yawn\5-FemaleNoGlasses_f000894_mar0.030.jpg,0.06898795073605883,0.8963631189380272,0
YawnDD\no_yawn\5-FemaleNoGlasses_f000900_mar0.030.jpg,0.04682393868013232,0.9401579974491666,0
YawnDD\no_yawn\5-FemaleNoGlasses_f000903_mar0.030.jpg,0.034447435404559024,0.9786606051437221,0
YawnDD\no_yawn\5-FemaleNoGlasses_f000906_mar0.030.jpg,0.03366491640561011,1.0161148899643664,0
YawnDD\no_yawn\5-FemaleNoGlasses_f000909_mar0.030.jpg,0.0323968869327437,1.0232616353547908,0
YawnDD\no_yawn\5-FemaleNoGlasses_f000912_mar0.030.jpg,0.02879090717170546,1.038728703792459,0
YawnDD\no_yawn\5-FemaleNoGlasses_f000918_mar0.030.jpg,0.03857297320910062,0.9979460557604866,0
YawnDD\no_yawn\5-FemaleNoGlasses_f000936_mar0.030.jpg,0.06596105942449501,0.9219149368043362,0
YawnDD\no_yawn\5-FemaleNoGlasses_f000951_mar0.030.jpg,0.08021618747352417,0.8878496772540033,0
YawnDD\no_yawn\5-FemaleNoGlasses_f000954_mar0.030.jpg,0.08209597903391866,0.8701431875773852,0
YawnDD\no_yawn\5-FemaleNoGlasses_f000957_mar0.030.jpg,0.08096097494301856,0.8692903344031387,0
YawnDD\no_yawn\5-FemaleNoGlasses_f000960_mar0.030.jpg,0.11229533216025292,0.8684051578262917,0
YawnDD\no_yawn\5-FemaleNoGlasses_f000963_mar0.030.jpg,0.08662955410350927,0.8518433836186712,0
YawnDD\no_yawn\5-FemaleNoGlasses_f000972_mar0.030.jpg,0.0771525223129942,0.8685504865213606,0
YawnDD\no_yawn\5-FemaleNoGlasses_f000993_mar0.030.jpg,0.10161360355722984,0.9923244422139817,0
YawnDD\no_yawn\5-FemaleNoGlasses_f000999_mar0.030.jpg,0.08176252591756347,0.9733864778472225,0
YawnDD\no_yawn\5-FemaleNoGlasses_f001032_mar0.030.jpg,0.06145022175199139,0.9911794724046192,0
YawnDD\no_yawn\5-FemaleNoGlasses_f001035_mar0.030.jpg,0.04331608263984629,0.9492043739991151,0
YawnDD\no_yawn\5-FemaleNoGlasses_f001044_mar0.030.jpg,0.06952249076174026,0.907072412246923,0
YawnDD\no_yawn\5-FemaleNoGlasses_f001047_mar0.030.jpg,0.07126272558577147,0.900318414113832,0
YawnDD\no_yawn\5-FemaleNoGlasses_f001050_mar0.030.jpg,0.07463190757574732,0.9004299726270748,0
YawnDD\no_yawn\5-FemaleNoGlasses_f001053_mar0.030.jpg,0.0725019932552086,0.9256760759053982,0
YawnDD\no_yawn\5-FemaleNoGlasses_f001056_mar0.030.jpg,0.07178540901860926,0.8884060319526689,0
YawnDD\no_yawn\5-FemaleNoGlasses_f001059_mar0.030.jpg,0.07241592877110235,0.8678406645471042,0
YawnDD\no_yawn\5-FemaleNoGlasses_f001179_mar0.030.jpg,0.0778241104614414,0.9154476575725684,0
YawnDD\no_yawn\5-FemaleNoGlasses_f001182_mar0.030.jpg,0.07791161066713073,0.9274418780797963,0
YawnDD\no_yawn\5-FemaleNoGlasses_f001185_mar0.030.jpg,0.07559245114017941,0.9426362455400004,0
YawnDD\no_yawn\5-FemaleNoGlasses_f001215_mar0.030.jpg,0.060527694827341105,0.9455616627643962,0
YawnDD\no_yawn\5-FemaleNoGlasses_f001221_mar0.030.jpg,0.06046150548002059,0.9412912892424715,0
YawnDD\no_yawn\5-FemaleNoGlasses_f001314_mar0.030.jpg,0.07135096841472345,0.9493180022689598,0
YawnDD\no_yawn\5-FemaleNoGlasses_f001317_mar0.030.jpg,0.07493513930537593,1.0213882656315711,0
YawnDD\no_yawn\5-FemaleNoGlasses_f001332_mar0.030.jpg,0.0954586528436969,1.0807132393884082,0
YawnDD\no_yawn\5-FemaleNoGlasses_f001335_mar0.030.jpg,0.08017541729395937,0.960854492215225,0
YawnDD\no_yawn\5-FemaleNoGlasses_f001344_mar0.030.jpg,0.08417290282371936,0.935955296124266,0
YawnDD\no_yawn\5-FemaleNoGlasses_f001347_mar0.030.jpg,0.07551852845793436,0.950361115711118,0
YawnDD\no_yawn\5-FemaleNoGlasses_f001353_mar0.030.jpg,0.07561283988150244,0.9601193392598351,0
YawnDD\no_yawn\5-FemaleNoGlasses_f001377_mar0.030.jpg,0.08164760256089547,0.9395634764210192,0
YawnDD\no_yawn\5-FemaleNoGlasses_f001380_mar0.030.jpg,0.06892980870640092,0.9354819336631105,0
YawnDD\no_yawn\5-FemaleNoGlasses_f001389_mar0.030.jpg,0.0667623773988576,0.9721087100542517,0
YawnDD\no_yawn\5-FemaleNoGlasses_f001407_mar0.030.jpg,0.07165331855636575,0.9346587677328799,0
YawnDD\no_yawn\5-FemaleNoGlasses_f001449_mar0.030.jpg,0.0678253985978794,0.9207685842183052,0
YawnDD\no_yawn\5-FemaleNoGlasses_f001488_mar0.030.jpg,0.07133364504839464,0.8039475517782458,0
YawnDD\no_yawn\5-FemaleNoGlasses_f001506_mar0.030.jpg,0.07401098537671168,0.8343718142353076,0
YawnDD\no_yawn\5-FemaleNoGlasses_f001509_mar0.030.jpg,0.07050890926676052,0.7843050921468084,0
YawnDD\no_yawn\5-FemaleNoGlasses_f001512_mar0.030.jpg,0.07126153677793022,0.7897968198240608,0
YawnDD\no_yawn\5-FemaleNoGlasses_f001515_mar0.030.jpg,0.07459650651322342,0.8483679458599459,0
YawnDD\no_yawn\5-FemaleNoGlasses_f001518_mar0.030.jpg,0.07213015916356229,0.9323566403724451,0
YawnDD\no_yawn\5-FemaleNoGlasses_f001539_mar0.030.jpg,0.0876146568540415,0.8967488657764497,0
YawnDD\no_yawn\5-FemaleNoGlasses_f001581_mar0.030.jpg,0.08428829106849127,1.0399276112597284,0
YawnDD\no_yawn\5-FemaleNoGlasses_f001584_mar0.030.jpg,0.08523848501625597,1.0098149136091055,0
YawnDD\no_yawn\5-FemaleNoGlasses_f001617_mar0.030.jpg,0.05803456611407104,0.9584811581897258,0
YawnDD\no_yawn\5-FemaleNoGlasses_f001620_mar0.030.jpg,0.059891850399053426,0.9481626871578456,0
YawnDD\no_yawn\5-FemaleNoGlasses_f001623_mar0.030.jpg,0.059745720364123296,0.9464948452257236,0
YawnDD\no_yawn\5-FemaleNoGlasses_f001626_mar0.030.jpg,0.059350663702315405,0.9387337074017451,0
YawnDD\no_yawn\5-FemaleNoGlasses_f001662_mar0.030.jpg,0.06989951730483468,0.8697591264979404,0
YawnDD\no_yawn\5-FemaleNoGlasses_f001665_mar0.030.jpg,0.06784651102846909,0.8728607582747505,0
YawnDD\no_yawn\5-FemaleNoGlasses_f001668_mar0.030.jpg,0.07782964811456501,0.8683246179741989,0
YawnDD\no_yawn\5-FemaleNoGlasses_f001671_mar0.030.jpg,0.06377376511414999,0.849715133046187,0
YawnDD\no_yawn\5-FemaleNoGlasses_f001674_mar0.030.jpg,0.0642628545614394,0.8699801970799638,0
YawnDD\no_yawn\5-FemaleNoGlasses_f001677_mar0.030.jpg,0.060748606745583786,0.8933984640141226,0
YawnDD\no_yawn\5-FemaleNoGlasses_f001680_mar0.030.jpg,0.05636881735516228,0.9347712335982246,0
YawnDD\no_yawn\5-FemaleNoGlasses_f001683_mar0.030.jpg,0.05812867964759958,0.9485748082243309,0
YawnDD\no_yawn\5-FemaleNoGlasses_f001686_mar0.030.jpg,0.053630176003510215,0.9510537564747613,0
YawnDD\no_yawn\5-FemaleNoGlasses_f001737_mar0.030.jpg,0.06441422819443729,0.9204050347289753,0
YawnDD\no_yawn\5-FemaleNoGlasses_f001740_mar0.030.jpg,0.09107236469998556,0.9361956279371882,0
YawnDD\no_yawn\5-FemaleNoGlasses_f001770_mar0.030.jpg,0.08677456876075236,0.8898397019166163,0
YawnDD\no_yawn\5-FemaleNoGlasses_f001773_mar0.030.jpg,0.07040550822405833,0.8791076216838345,0
YawnDD\no_yawn\5-FemaleNoGlasses_f001782_mar0.035.jpg,0.10475063605731441,0.8875190157172622,0
YawnDD\no_yawn\5-FemaleNoGlasses_f001818_mar0.030.jpg,0.07524905318826601,0.9115433602165702,0
YawnDD\no_yawn\5-FemaleNoGlasses_f001836_mar0.032.jpg,0.1260589422600515,0.911815821815839,0
YawnDD\no_yawn\5-FemaleNoGlasses_f001953_mar0.030.jpg,0.07482460450668199,0.9151548786470983,0
YawnDD\no_yawn\5-FemaleNoGlasses_f001971_mar0.030.jpg,0.06921782686674342,0.89614247331911,0
YawnDD\no_yawn\5-FemaleNoGlasses_f002010_mar0.030.jpg,0.07360702904462023,0.8895700813823757,0
YawnDD\no_yawn\5-FemaleNoGlasses_f002013_mar0.030.jpg,0.07110684561607898,0.8884339795489227,0
YawnDD\no_yawn\5-FemaleNoGlasses_f002016_mar0.030.jpg,0.07173712742166298,0.8963765809271048,0
YawnDD\no_yawn\5-FemaleNoGlasses_f002019_mar0.030.jpg,0.07088812867692834,0.9084671725801272,0
YawnDD\no_yawn\5-FemaleNoGlasses_f002022_mar0.030.jpg,0.07131732794515451,0.9192743021848089,0
YawnDD\no_yawn\5-FemaleNoGlasses_f002025_mar0.030.jpg,0.07217297548833347,0.9028192158614935,0
YawnDD\no_yawn\5-FemaleNoGlasses_f002028_mar0.030.jpg,0.07243910129295307,0.889632074857931,0
YawnDD\no_yawn\5-FemaleNoGlasses_f002031_mar0.030.jpg,0.07310907558312184,0.8934409323007895,0
YawnDD\no_yawn\5-FemaleNoGlasses_f002034_mar0.030.jpg,0.07285558197617216,0.8915455513570921,0
YawnDD\no_yawn\5-FemaleNoGlasses_f002043_mar0.030.jpg,0.07263477272368084,0.8855524300783472,0
YawnDD\no_yawn\5-FemaleNoGlasses_f002046_mar0.030.jpg,0.07224694369817061,0.8932743848127831,0
YawnDD\no_yawn\5-FemaleNoGlasses_f002049_mar0.030.jpg,0.07114043577685067,0.9055305713884011,0
YawnDD\no_yawn\5-FemaleNoGlasses_f002052_mar0.030.jpg,0.07148453883086668,0.8887833118208218,0
YawnDD\no_yawn\5-FemaleNoGlasses_f002055_mar0.030.jpg,0.07251193965773853,0.894545049221521,0
YawnDD\no_yawn\5-FemaleNoGlasses_f002058_mar0.030.jpg,0.0728643701226639,0.8812358833671792,0
YawnDD\no_yawn\5-FemaleNoGlasses_f002061_mar0.030.jpg,0.07259843060183015,0.8877579986505474,0
YawnDD\no_yawn\5-FemaleNoGlasses_f002064_mar0.030.jpg,0.0720134779993734,0.8955121192833392,0
YawnDD\no_yawn\5-FemaleNoGlasses_f002067_mar0.030.jpg,0.07290258848906442,0.9155789399912666,0
YawnDD\no_yawn\5-FemaleNoGlasses_f002070_mar0.030.jpg,0.07085475418117346,0.9018945680163768,0
YawnDD\no_yawn\5-FemaleNoGlasses_f002073_mar0.030.jpg,0.07197545851481599,0.8992774978112887,0
YawnDD\no_yawn\5-FemaleNoGlasses_f002076_mar0.030.jpg,0.07225955336308393,0.8975315224192784,0
YawnDD\no_yawn\5-FemaleNoGlasses_f002079_mar0.030.jpg,0.07268871550529336,0.8846915938855986,0
YawnDD\no_yawn\5-FemaleNoGlasses_f002082_mar0.030.jpg,0.07194458851004895,0.8734983905032708,0
YawnDD\no_yawn\5-FemaleNoGlasses_f002085_mar0.030.jpg,0.0745545157297479,0.86478744755283,0
YawnDD\no_yawn\5-FemaleNoGlasses_f002094_mar0.030.jpg,0.07402730970830436,0.8746741663134294,0
YawnDD\no_yawn\5-FemaleNoGlasses_f002097_mar0.030.jpg,0.07335445427670415,0.8714531366964372,0
YawnDD\no_yawn\5-FemaleNoGlasses_f002100_mar0.030.jpg,0.07216541102026464,0.8742565140857832,0
YawnDD\no_yawn\5-FemaleNoGlasses_f002103_mar0.030.jpg,0.07439376457074201,0.8648038459929219,0
YawnDD\no_yawn\5-FemaleNoGlasses_f002106_mar0.030.jpg,0.07376482189071125,0.8614448876510231,0
YawnDD\no_yawn\5-FemaleNoGlasses_f002109_mar0.030.jpg,0.07437118316745998,0.8668007494772697,0
YawnDD\no_yawn\5-FemaleNoGlasses_f002112_mar0.030.jpg,0.07558316742175186,0.8645985009490922,0
YawnDD\no_yawn\5-FemaleNoGlasses_f002115_mar0.030.jpg,0.07377531659326288,0.8698049033704311,0
YawnDD\no_yawn\5-FemaleNoGlasses_f002118_mar0.030.jpg,0.07337552345576767,0.87111375471716,0
YawnDD\no_yawn\5-FemaleNoGlasses_f002121_mar0.030.jpg,0.07359120011879183,0.8723107346603433,0
YawnDD\no_yawn\5-FemaleNoGlasses_f002124_mar0.030.jpg,0.07460998841849255,0.8775801821430063,0
YawnDD\no_yawn\5-FemaleNoGlasses_f002127_mar0.030.jpg,0.07214564216818595,0.8823000123776512,0
YawnDD\no_yawn\5-FemaleNoGlasses_f002130_mar0.030.jpg,0.07244688940784078,0.8816662221680182,0
YawnDD\no_yawn\5-FemaleNoGlasses_f002133_mar0.030.jpg,0.07254799462982522,0.8858707369893913,0
YawnDD\no_yawn\5-FemaleNoGlasses_f002136_mar0.030.jpg,0.07197100554517176,0.8825559869198305,0
YawnDD\no_yawn\5-FemaleNoGlasses_f002139_mar0.030.jpg,0.07272293017231965,0.8802269005593875,0
YawnDD\no_yawn\5-FemaleNoGlasses_f002142_mar0.030.jpg,0.0719575098246903,0.9011885855878679,0
YawnDD\no_yawn\5-FemaleNoGlasses_f002145_mar0.030.jpg,0.07207041686354342,0.8983344426078516,0
YawnDD\no_yawn\5-FemaleNoGlasses_f002148_mar0.030.jpg,0.07185985128565128,0.8962942917308151,0
YawnDD\no_yawn\5-MaleGlasses_f000003_mar0.030.jpg,0.06336870958352867,0.8911136933544679,0
YawnDD\no_yawn\5-MaleGlasses_f000045_mar0.040.jpg,0.08773260107383951,0.90561028265412,0
YawnDD\no_yawn\5-MaleGlasses_f000309_mar0.030.jpg,0.07271379210998355,0.966915205769593,0
YawnDD\no_yawn\5-MaleGlasses_f000339_mar0.030.jpg,0.072499171828936,0.9423916933938353,0
YawnDD\no_yawn\5-MaleGlasses_f000342_mar0.030.jpg,0.07364279788628197,0.9359631941633989,0
YawnDD\no_yawn\5-MaleGlasses_f000351_mar0.030.jpg,0.1171300875768318,0.9739480797495355,0
YawnDD\no_yawn\5-MaleGlasses_f000369_mar0.030.jpg,0.06982939565169283,0.9491247268910825,0
YawnDD\no_yawn\5-MaleGlasses_f000387_mar0.030.jpg,0.07058919683994935,0.9633960564250821,0
YawnDD\no_yawn\5-MaleGlasses_f000555_mar0.030.jpg,0.07435040634865965,0.9502046418530564,0
YawnDD\no_yawn\5-MaleGlasses_f000558_mar0.030.jpg,0.07003529958877153,0.9759489519949875,0
YawnDD\no_yawn\5-MaleGlasses_f000633_mar0.030.jpg,0.06807629731037991,0.9151722749188331,0
YawnDD\no_yawn\5-MaleGlasses_f000678_mar0.030.jpg,0.07113668005269615,0.9416181956861447,0
YawnDD\no_yawn\5-MaleGlasses_f001068_mar0.035.jpg,0.08664099675262994,0.9357718789983793,0
YawnDD\no_yawn\5-MaleGlasses_f001071_mar0.030.jpg,0.07244831536133226,0.9113543077846652,0
YawnDD\no_yawn\5-MaleGlasses_f001074_mar0.030.jpg,0.07210896753264741,0.904533182778325,0
YawnDD\no_yawn\5-MaleGlasses_f001077_mar0.030.jpg,0.07183977762929077,0.9110467882780803,0
YawnDD\no_yawn\5-MaleGlasses_f001080_mar0.030.jpg,0.07249440302206563,0.9089286831362495,0
YawnDD\no_yawn\5-MaleGlasses_f001098_mar0.030.jpg,0.08728597923022981,0.9136285103110983,0
YawnDD\no_yawn\5-MaleGlasses_f001101_mar0.033.jpg,0.07924968070919,0.9636818401342597,0
YawnDD\no_yawn\5-MaleGlasses_f001104_mar0.030.jpg,0.12431406355056257,1.0049383617276002,0
YawnDD\no_yawn\5-MaleGlasses_f001110_mar0.030.jpg,0.09877021057759217,0.9554015778438548,0
YawnDD\no_yawn\5-MaleGlasses_f001113_mar0.030.jpg,0.110116137376425,0.9584312871934135,0
YawnDD\no_yawn\5-MaleGlasses_f001131_mar0.030.jpg,0.07149004291119362,0.9139161922297773,0
YawnDD\no_yawn\5-MaleGlasses_f001134_mar0.030.jpg,0.07549037998914307,0.9031893982180917,0
YawnDD\no_yawn\5-MaleGlasses_f001137_mar0.030.jpg,0.07787645903776189,0.9082438121522877,0
YawnDD\no_yawn\5-MaleGlasses_f001140_mar0.030.jpg,0.07256742052800697,0.9278655253884698,0
YawnDD\no_yawn\5-MaleGlasses_f001209_mar0.030.jpg,0.06855202823673667,0.9569041900897174,0
YawnDD\no_yawn\5-MaleGlasses_f001248_mar0.030.jpg,0.06197301010065882,1.078557018294943,0
YawnDD\no_yawn\5-MaleGlasses_f001251_mar0.030.jpg,0.06383874465287816,1.0041596117318872,0
YawnDD\no_yawn\5-MaleGlasses_f001272_mar0.030.jpg,0.07382999020210836,0.9286589387637131,0
YawnDD\no_yawn\5-MaleGlasses_f001275_mar0.030.jpg,0.07037270952881014,0.9256983999607511,0
YawnDD\no_yawn\5-MaleGlasses_f001278_mar0.030.jpg,0.07221579772013068,0.9485723632413275,0
YawnDD\no_yawn\5-MaleGlasses_f001281_mar0.030.jpg,0.0684184356128262,0.9224439930816595,0
YawnDD\no_yawn\5-MaleGlasses_f001290_mar0.030.jpg,0.06965443701432836,0.9076534953652252,0
YawnDD\no_yawn\5-MaleGlasses_f001293_mar0.030.jpg,0.07184883398463139,0.9057037110029501,0
YawnDD\no_yawn\5-MaleGlasses_f001296_mar0.030.jpg,0.07161530183518015,0.9197168484151542,0
YawnDD\no_yawn\5-MaleGlasses_f001299_mar0.030.jpg,0.07000572040406337,0.9140040609947889,0
YawnDD\no_yawn\5-MaleGlasses_f001302_mar0.030.jpg,0.0717467295033488,0.9103192165703037,0
YawnDD\no_yawn\5-MaleGlasses_f001305_mar0.030.jpg,0.07092515634074008,0.924903970349669,0
YawnDD\no_yawn\5-MaleGlasses_f001308_mar0.030.jpg,0.06684389482905971,0.9143629134871207,0
YawnDD\no_yawn\5-MaleGlasses_f001311_mar0.030.jpg,0.06931868255844945,0.9084464456502754,0
YawnDD\no_yawn\5-MaleGlasses_f001314_mar0.030.jpg,0.07079460099578108,0.9042734607222781,0
YawnDD\no_yawn\5-MaleGlasses_f001317_mar0.030.jpg,0.06712471463093811,0.908785849757342,0
YawnDD\no_yawn\5-MaleGlasses_f001320_mar0.030.jpg,0.0696935273145003,0.9115331377389161,0
YawnDD\no_yawn\5-MaleGlasses_f001323_mar0.030.jpg,0.06865046232012849,0.8945833796033682,0
YawnDD\no_yawn\5-MaleGlasses_f001326_mar0.030.jpg,0.06693379154758734,0.9159876384736751,0
YawnDD\no_yawn\5-MaleGlasses_f001329_mar0.030.jpg,0.06784985031263353,0.8890344418214596,0
YawnDD\no_yawn\5-MaleGlasses_f001332_mar0.030.jpg,0.06842758026874234,0.904658441885198,0
YawnDD\no_yawn\5-MaleGlasses_f001335_mar0.030.jpg,0.0675869186170362,0.8969448301091631,0
YawnDD\no_yawn\5-MaleGlasses_f001338_mar0.030.jpg,0.06800596314569093,0.8937655674952195,0
YawnDD\no_yawn\5-MaleGlasses_f001341_mar0.030.jpg,0.06736547917483812,0.8989529534570554,0
YawnDD\no_yawn\5-MaleGlasses_f001344_mar0.030.jpg,0.06825402689328071,0.912490257731719,0
YawnDD\no_yawn\5-MaleGlasses_f001347_mar0.030.jpg,0.06834312980179454,0.9034745517623227,0
YawnDD\no_yawn\5-MaleGlasses_f001350_mar0.030.jpg,0.06929479558748822,0.9029138603798382,0
YawnDD\no_yawn\5-MaleGlasses_f001353_mar0.030.jpg,0.07089038550813108,0.9311463221758797,0
YawnDD\no_yawn\5-MaleGlasses_f001356_mar0.030.jpg,0.07110422462861739,0.9336262995141401,0
YawnDD\no_yawn\5-MaleGlasses_f001470_mar0.030.jpg,0.02902900708971264,1.3661479540543031,0
YawnDD\no_yawn\5-MaleGlasses_f001473_mar0.030.jpg,0.028226565110852378,1.3903179561635015,0
YawnDD\no_yawn\5-MaleGlasses_f001674_mar0.030.jpg,0.07213176455989677,0.8978922798804518,0
YawnDD\no_yawn\5-MaleGlasses_f001806_mar0.030.jpg,0.06841156062449945,0.9698062412303093,0
YawnDD\no_yawn\5-MaleGlasses_f001905_mar0.030.jpg,0.0681713214995673,0.9254718012756267,0
YawnDD\no_yawn\5-MaleGlasses_f002043_mar0.030.jpg,0.10230445976200943,0.9278049100576408,0
YawnDD\no_yawn\5-MaleGlasses_f002106_mar0.030.jpg,0.06898863329221311,0.9005290857500905,0
YawnDD\no_yawn\5-MaleGlasses_f002109_mar0.030.jpg,0.0694323813702679,0.8988336429324317,0
YawnDD\no_yawn\5-MaleGlasses_f002112_mar0.030.jpg,0.06929619317758265,0.900906818889929,0
YawnDD\no_yawn\5-MaleGlasses_f002118_mar0.030.jpg,0.07719497161949301,0.9093566738681703,0
YawnDD\no_yawn\5-MaleGlasses_f002163_mar0.030.jpg,0.06977426522631537,0.9206976284729965,0
YawnDD\no_yawn\5-MaleGlasses_f002172_mar0.030.jpg,0.068909825907475,0.9225138363799071,0
YawnDD\no_yawn\5-MaleGlasses_f002190_mar0.030.jpg,0.08506203725408844,0.9054699584713197,0
YawnDD\no_yawn\5-MaleGlasses_f002193_mar0.030.jpg,0.07071216750678469,0.9102278186565219,0
YawnDD\no_yawn\5-MaleGlasses_f002238_mar0.030.jpg,0.07126262903856238,0.9652128918793669,0
YawnDD\no_yawn\6-FemaleNoGlasses_f000000_mar0.030.jpg,0.07223958093903363,0.7501522874766976,0
YawnDD\no_yawn\6-FemaleNoGlasses_f000003_mar0.030.jpg,0.0728058174875693,0.7314429674609575,0
YawnDD\no_yawn\6-FemaleNoGlasses_f000006_mar0.030.jpg,0.07482052051097315,0.7321208938765165,0
YawnDD\no_yawn\6-FemaleNoGlasses_f000009_mar0.030.jpg,0.07121461533182846,0.751232333486652,0
YawnDD\no_yawn\6-FemaleNoGlasses_f000012_mar0.030.jpg,0.06917489821379003,0.7697290602807777,0
YawnDD\no_yawn\6-FemaleNoGlasses_f000024_mar0.035.jpg,0.10298759837782186,0.7990117257323172,0
YawnDD\no_yawn\6-FemaleNoGlasses_f000027_mar0.030.jpg,0.07529629205079041,0.7938794462060881,0
YawnDD\no_yawn\6-FemaleNoGlasses_f000036_mar0.030.jpg,0.0738829030062552,0.8018255423390566,0
YawnDD\no_yawn\6-FemaleNoGlasses_f000045_mar0.030.jpg,0.07099386817518005,0.877618885893802,0
YawnDD\no_yawn\6-FemaleNoGlasses_f000048_mar0.030.jpg,0.07234380123504851,0.888280082051046,0
YawnDD\no_yawn\6-FemaleNoGlasses_f000051_mar0.030.jpg,0.07393840933546958,0.86059800829028,0
YawnDD\no_yawn\6-FemaleNoGlasses_f000054_mar0.030.jpg,0.07259422797209988,0.8668543298655658,0
YawnDD\no_yawn\6-FemaleNoGlasses_f000057_mar0.030.jpg,0.07094031308691158,0.8374121010459453,0
YawnDD\no_yawn\6-FemaleNoGlasses_f000060_mar0.030.jpg,0.07156031122296945,0.8471184504898684,0
YawnDD\no_yawn\6-FemaleNoGlasses_f000063_mar0.030.jpg,0.07054196139312684,0.82702621166815,0
YawnDD\no_yawn\6-FemaleNoGlasses_f000066_mar0.030.jpg,0.07149593282980543,0.807474659223239,0
YawnDD\no_yawn\6-FemaleNoGlasses_f000069_mar0.030.jpg,0.07162286768123903,0.8361607924085933,0
YawnDD\no_yawn\6-FemaleNoGlasses_f000072_mar0.030.jpg,0.0862732962841945,0.8852695925105382,0
YawnDD\no_yawn\6-FemaleNoGlasses_f000087_mar0.030.jpg,0.12284844847641457,0.9842407364513397,0
YawnDD\no_yawn\6-FemaleNoGlasses_f000090_mar0.030.jpg,0.11375872364846762,0.9746051663787744,0
YawnDD\no_yawn\6-FemaleNoGlasses_f000102_mar0.030.jpg,0.12008753203013166,0.9934755427851019,0
YawnDD\no_yawn\6-FemaleNoGlasses_f000105_mar0.030.jpg,0.12593463866224142,1.0000517982951669,0
YawnDD\no_yawn\6-FemaleNoGlasses_f000108_mar0.030.jpg,0.12203738367078402,0.9953991089571669,0
YawnDD\no_yawn\6-FemaleNoGlasses_f000111_mar0.030.jpg,0.12539706071837406,1.0098816826447568,0
YawnDD\no_yawn\6-FemaleNoGlasses_f000114_mar0.030.jpg,0.12616798852163366,1.0380209457926446,0
YawnDD\no_yawn\6-FemaleNoGlasses_f000117_mar0.030.jpg,0.14321261580766798,1.0757535819988695,0
YawnDD\no_yawn\6-FemaleNoGlasses_f000120_mar0.030.jpg,0.1344537205371479,1.1209953649737865,0
YawnDD\no_yawn\6-FemaleNoGlasses_f000123_mar0.030.jpg,0.13458278589094586,1.0958061608308476,0
YawnDD\no_yawn\6-FemaleNoGlasses_f000126_mar0.030.jpg,0.13199262569461986,1.0968786505090717,0
YawnDD\no_yawn\6-FemaleNoGlasses_f000273_mar0.030.jpg,0.07739237494829812,0.7690537615019458,0
YawnDD\no_yawn\6-FemaleNoGlasses_f000276_mar0.030.jpg,0.07784068135273929,0.7853043573531645,0
YawnDD\no_yawn\6-FemaleNoGlasses_f000324_mar0.030.jpg,0.018106097437461176,1.0893577675412618,0
YawnDD\no_yawn\6-FemaleNoGlasses_f000360_mar0.030.jpg,0.08070009585877533,0.8161061832393066,0
YawnDD\no_yawn\6-FemaleNoGlasses_f000558_mar0.030.jpg,0.14491665203416007,0.9555086325793609,0
YawnDD\no_yawn\6-FemaleNoGlasses_f000561_mar0.030.jpg,0.1258584727666267,0.9698218881246776,0
YawnDD\no_yawn\6-FemaleNoGlasses_f000564_mar0.030.jpg,0.12713870915378805,0.9694469546124138,0
YawnDD\no_yawn\6-FemaleNoGlasses_f000567_mar0.030.jpg,0.12366862359997452,0.9605146652223114,0
YawnDD\no_yawn\6-FemaleNoGlasses_f000570_mar0.030.jpg,0.12085295167442762,0.9776029433326844,0
YawnDD\no_yawn\6-FemaleNoGlasses_f000573_mar0.030.jpg,0.12112815196335187,0.9670853009520627,0
YawnDD\no_yawn\6-FemaleNoGlasses_f000588_mar0.030.jpg,0.11454918735801459,0.9966794837606462,0
YawnDD\no_yawn\6-FemaleNoGlasses_f000606_mar0.030.jpg,0.11186704081711782,0.9819297151718074,0
YawnDD\no_yawn\6-FemaleNoGlasses_f000609_mar0.030.jpg,0.11828803212359608,0.9865120501469643,0
YawnDD\no_yawn\6-FemaleNoGlasses_f000612_mar0.030.jpg,0.11783385808547055,1.035111387271781,0
YawnDD\no_yawn\6-FemaleNoGlasses_f000615_mar0.030.jpg,0.11325124524379793,0.9992613399742004,0
YawnDD\no_yawn\6-FemaleNoGlasses_f000642_mar0.039.jpg,0.1037782858889218,0.9815769681864057,0
YawnDD\no_yawn\6-FemaleNoGlasses_f000645_mar0.030.jpg,0.1781337703742175,0.9765850924784623,0
YawnDD\no_yawn\6-FemaleNoGlasses_f000648_mar0.030.jpg,0.09339854528597744,0.9315667650689815,0
YawnDD\no_yawn\6-FemaleNoGlasses_f000666_mar0.030.jpg,0.08155635473846644,0.8967709244867872,0
YawnDD\no_yawn\6-FemaleNoGlasses_f000669_mar0.030.jpg,0.07942018984041707,0.8814861900455413,0
YawnDD\no_yawn\6-FemaleNoGlasses_f000672_mar0.030.jpg,0.08693574669447059,0.8957904162420436,0
YawnDD\no_yawn\6-FemaleNoGlasses_f000675_mar0.030.jpg,0.08136615844914828,0.8845253157447943,0
YawnDD\no_yawn\6-FemaleNoGlasses_f000678_mar0.030.jpg,0.07942656126429212,0.8880851033384362,0
YawnDD\no_yawn\6-FemaleNoGlasses_f000681_mar0.030.jpg,0.07772772455623994,0.8703162450913131,0
YawnDD\no_yawn\6-FemaleNoGlasses_f000684_mar0.030.jpg,0.07649659355548694,0.879681405118544,0
YawnDD\no_yawn\6-FemaleNoGlasses_f000687_mar0.030.jpg,0.09393610028350555,0.9021570064802147,0
YawnDD\no_yawn\6-FemaleNoGlasses_f000690_mar0.030.jpg,0.07613457492489065,0.9008736201818364,0
YawnDD\no_yawn\6-FemaleNoGlasses_f000702_mar0.030.jpg,0.07667236425687392,0.7820988777275566,0
YawnDD\no_yawn\6-FemaleNoGlasses_f000705_mar0.030.jpg,0.07551789389813567,0.7667647537990266,0
YawnDD\no_yawn\6-FemaleNoGlasses_f000708_mar0.030.jpg,0.07893205997533942,0.765805624637138,0
YawnDD\no_yawn\6-FemaleNoGlasses_f000711_mar0.030.jpg,0.0760482462615503,0.775438825238349,0
YawnDD\no_yawn\6-FemaleNoGlasses_f000714_mar0.030.jpg,0.07962841600424356,0.8254488355759785,0
YawnDD\no_yawn\6-FemaleNoGlasses_f000726_mar0.030.jpg,0.07827415110772079,0.8054435003331946,0
YawnDD\no_yawn\6-FemaleNoGlasses_f000732_mar0.030.jpg,0.06608860476956228,0.8447493455579181,0
YawnDD\no_yawn\6-FemaleNoGlasses_f000735_mar0.030.jpg,0.07567944600615142,0.8806788939489759,0
YawnDD\no_yawn\6-FemaleNoGlasses_f000750_mar0.030.jpg,0.0535965684137521,0.8950518235684806,0
YawnDD\no_yawn\6-FemaleNoGlasses_f000753_mar0.030.jpg,0.051782399607119216,0.8991449073047486,0
YawnDD\no_yawn\6-FemaleNoGlasses_f000756_mar0.030.jpg,0.051434889431960965,0.8784869591242012,0
YawnDD\no_yawn\6-FemaleNoGlasses_f000759_mar0.030.jpg,0.051765346979020084,0.893610034461968,0
YawnDD\no_yawn\6-FemaleNoGlasses_f000762_mar0.030.jpg,0.046151843687704024,0.9199749801406464,0
YawnDD\no_yawn\6-FemaleNoGlasses_f000765_mar0.030.jpg,0.03189554595269304,1.0059550907284431,0
YawnDD\no_yawn\6-FemaleNoGlasses_f000768_mar0.030.jpg,0.027341989719634644,1.198132983647454,0
YawnDD\no_yawn\6-FemaleNoGlasses_f000771_mar0.030.jpg,0.04356317503586111,1.4735803351793404,0
YawnDD\no_yawn\6-FemaleNoGlasses_f000783_mar0.030.jpg,0.05286700967083621,1.4458299244831878,0
YawnDD\no_yawn\6-FemaleNoGlasses_f000834_mar0.030.jpg,0.30691657583326837,2.1105001952736084,0
YawnDD\no_yawn\6-FemaleNoGlasses_f001053_mar0.030.jpg,0.0874337698983164,0.8085826114756655,0
YawnDD\no_yawn\6-FemaleNoGlasses_f001059_mar0.030.jpg,0.08658424892316548,0.8066340251336136,0
YawnDD\no_yawn\6-FemaleNoGlasses_f001062_mar0.030.jpg,0.08665079066792569,0.7998443589979741,0
YawnDD\no_yawn\6-FemaleNoGlasses_f001065_mar0.030.jpg,0.08256303747990819,0.8264404085420037,0
YawnDD\no_yawn\6-FemaleNoGlasses_f001113_mar0.030.jpg,0.0838941621328292,0.8330690352575174,0
YawnDD\no_yawn\6-FemaleNoGlasses_f001137_mar0.030.jpg,0.08045501799642499,0.8278977234989134,0
YawnDD\no_yawn\6-FemaleNoGlasses_f001140_mar0.030.jpg,0.08095014047451854,0.8203523260577128,0
YawnDD\no_yawn\6-FemaleNoGlasses_f001143_mar0.030.jpg,0.07967923496682155,0.8177006483213826,0
YawnDD\no_yawn\6-FemaleNoGlasses_f001146_mar0.030.jpg,0.07823291739690845,0.8044330238609663,0
YawnDD\no_yawn\6-FemaleNoGlasses_f001149_mar0.030.jpg,0.07508455776113773,0.8025187803746526,0
YawnDD\no_yawn\6-FemaleNoGlasses_f001152_mar0.030.jpg,0.07540833352628498,0.8144999587261478,0
YawnDD\no_yawn\6-FemaleNoGlasses_f001161_mar0.030.jpg,0.07279252674182789,0.8163265756441277,0
YawnDD\no_yawn\6-FemaleNoGlasses_f001188_mar0.030.jpg,0.04690221539130507,1.019415783160892,0
YawnDD\no_yawn\6-FemaleNoGlasses_f001230_mar0.030.jpg,0.08060593692829805,0.8131850391355996,0
YawnDD\no_yawn\6-FemaleNoGlasses_f001242_mar0.030.jpg,0.077419411591038,0.7869146675606218,0
YawnDD\no_yawn\6-FemaleNoGlasses_f001245_mar0.030.jpg,0.07722627368502977,0.7788674179146187,0
YawnDD\no_yawn\6-FemaleNoGlasses_f001248_mar0.030.jpg,0.07987514588433,0.806014501506532,0
YawnDD\no_yawn\6-FemaleNoGlasses_f001251_mar0.030.jpg,0.08939020638515999,0.7953156198660182,0
YawnDD\no_yawn\6-FemaleNoGlasses_f001254_mar0.030.jpg,0.09987546056247999,0.8266069185809508,0
YawnDD\no_yawn\6-FemaleNoGlasses_f001416_mar0.030.jpg,0.07590040470077711,0.8043966227305953,0
YawnDD\no_yawn\6-FemaleNoGlasses_f001419_mar0.030.jpg,0.07334762123972137,0.796001475471846,0
YawnDD\no_yawn\6-FemaleNoGlasses_f001422_mar0.030.jpg,0.07305116713784336,0.7952923784084568,0
YawnDD\no_yawn\6-FemaleNoGlasses_f001425_mar0.030.jpg,0.07368589930163767,0.7907329809834701,0
YawnDD\no_yawn\6-FemaleNoGlasses_f001434_mar0.030.jpg,0.07507003660125511,0.803023608778796,0
YawnDD\no_yawn\6-FemaleNoGlasses_f001437_mar0.030.jpg,0.07270316202490433,0.7975701204734126,0
YawnDD\no_yawn\6-FemaleNoGlasses_f001440_mar0.030.jpg,0.07764130089877877,0.8080977816839445,0
YawnDD\no_yawn\6-FemaleNoGlasses_f001449_mar0.030.jpg,0.09681895385588116,0.8465627660117389,0
YawnDD\no_yawn\6-FemaleNoGlasses_f001452_mar0.030.jpg,0.10466585931718791,0.8946268544727982,0
YawnDD\no_yawn\6-FemaleNoGlasses_f001455_mar0.030.jpg,0.10758936223748365,0.8949625362798694,0
YawnDD\no_yawn\6-FemaleNoGlasses_f001458_mar0.030.jpg,0.11136700301832532,0.913088366666304,0
YawnDD\no_yawn\6-FemaleNoGlasses_f001461_mar0.030.jpg,0.10901177667747343,0.9286747400556475,0
YawnDD\no_yawn\6-FemaleNoGlasses_f001464_mar0.030.jpg,0.11085371477493591,0.9230807164978649,0
YawnDD\no_yawn\6-FemaleNoGlasses_f001467_mar0.030.jpg,0.10989912081158255,0.9230229446878094,0
YawnDD\no_yawn\6-FemaleNoGlasses_f001470_mar0.030.jpg,0.10991895729614407,0.9281369265689434,0
YawnDD\no_yawn\6-FemaleNoGlasses_f001473_mar0.030.jpg,0.10922960409646958,0.9227274750867008,0
YawnDD\no_yawn\6-FemaleNoGlasses_f001476_mar0.030.jpg,0.1061786839255331,0.9176206873656083,0
YawnDD\no_yawn\6-FemaleNoGlasses_f001479_mar0.030.jpg,0.10109354507142668,0.9091164765009633,0
YawnDD\no_yawn\6-FemaleNoGlasses_f001482_mar0.030.jpg,0.09569013790924763,0.898432399581137,0
YawnDD\no_yawn\6-FemaleNoGlasses_f001485_mar0.030.jpg,0.0903932026372025,0.8982969051122672,0
YawnDD\no_yawn\6-FemaleNoGlasses_f001488_mar0.030.jpg,0.08365968997612686,0.8686771838809628,0
YawnDD\no_yawn\6-MaleGlasses_f000000_mar0.030.jpg,0.0759238722918221,0.8324306124585276,0
YawnDD\no_yawn\6-MaleGlasses_f000003_mar0.030.jpg,0.07516774407159678,0.8344982978323967,0
YawnDD\no_yawn\6-MaleGlasses_f000006_mar0.030.jpg,0.0755014953661668,0.833794753195476,0
YawnDD\no_yawn\6-MaleGlasses_f000009_mar0.030.jpg,0.07421004703433479,0.841837271657072,0
YawnDD\no_yawn\6-MaleGlasses_f000012_mar0.030.jpg,0.07525239771891643,0.8565869581431952,0
YawnDD\no_yawn\6-MaleGlasses_f000015_mar0.030.jpg,0.07284159372056968,0.8367287005140893,0
YawnDD\no_yawn\6-MaleGlasses_f000018_mar0.030.jpg,0.07375123508799702,0.8331948017866133,0
YawnDD\no_yawn\6-MaleGlasses_f000021_mar0.030.jpg,0.07328052128393728,0.843784320949675,0
YawnDD\no_yawn\6-MaleGlasses_f000024_mar0.030.jpg,0.0720926738047846,0.8584714562878988,0
YawnDD\no_yawn\6-MaleGlasses_f000027_mar0.030.jpg,0.07339287601149215,0.8476067174132617,0
YawnDD\no_yawn\6-MaleGlasses_f000030_mar0.030.jpg,0.07459473847061489,0.8617162897835468,0
YawnDD\no_yawn\6-MaleGlasses_f000033_mar0.030.jpg,0.07270009456303218,0.8754276133040626,0
YawnDD\no_yawn\6-MaleGlasses_f000036_mar0.030.jpg,0.07339721753116145,0.8668205759082661,0
YawnDD\no_yawn\6-MaleGlasses_f000039_mar0.030.jpg,0.0704204464695306,0.8712283830132053,0
YawnDD\no_yawn\6-MaleGlasses_f000042_mar0.030.jpg,0.0718123377122437,0.8629212895237692,0
YawnDD\no_yawn\6-MaleGlasses_f000048_mar0.030.jpg,0.07220057809310532,0.8629448203382858,0
YawnDD\no_yawn\6-MaleGlasses_f000051_mar0.030.jpg,0.07178393829729617,0.8616614475467735,0
YawnDD\no_yawn\6-MaleGlasses_f000054_mar0.030.jpg,0.07149442829338612,0.8555296445479128,0
YawnDD\no_yawn\6-MaleGlasses_f000057_mar0.030.jpg,0.07087038465162097,0.8446923334475841,0
YawnDD\no_yawn\6-MaleGlasses_f000060_mar0.030.jpg,0.07060908962417749,0.8420910897800266,0
YawnDD\no_yawn\6-MaleGlasses_f000063_mar0.030.jpg,0.067661050150344,0.8339279261697986,0
YawnDD\no_yawn\6-MaleGlasses_f000069_mar0.030.jpg,0.062068096260170715,0.8763974249774127,0
YawnDD\no_yawn\6-MaleGlasses_f000072_mar0.030.jpg,0.05544176552449521,0.8460243078398056,0
YawnDD\no_yawn\6-MaleGlasses_f000075_mar0.030.jpg,0.05332900500811146,0.8959709800704332,0
YawnDD\no_yawn\6-MaleGlasses_f000078_mar0.030.jpg,0.05138992096685627,0.8902248344596695,0
YawnDD\no_yawn\6-MaleGlasses_f000081_mar0.030.jpg,0.051988814740992206,0.8766259096059108,0
YawnDD\no_yawn\6-MaleGlasses_f000084_mar0.030.jpg,0.05160706252299803,0.8620850753608689,0
YawnDD\no_yawn\6-MaleGlasses_f000087_mar0.030.jpg,0.05309922889680214,0.8778506927406233,0
YawnDD\no_yawn\6-MaleGlasses_f000090_mar0.030.jpg,0.053492112055161176,0.8648115817035047,0
YawnDD\no_yawn\6-MaleGlasses_f000093_mar0.030.jpg,0.055650393137739985,0.8733308460767824,0
YawnDD\no_yawn\6-MaleGlasses_f000096_mar0.030.jpg,0.05197779695011771,0.8654306015101998,0
YawnDD\no_yawn\6-MaleGlasses_f000099_mar0.030.jpg,0.055050528807704655,0.8700466253198379,0
YawnDD\no_yawn\6-MaleGlasses_f000102_mar0.030.jpg,0.05240659031167225,0.8829479687963988,0
YawnDD\no_yawn\6-MaleGlasses_f000105_mar0.030.jpg,0.05446103204928637,0.886565903818065,0
YawnDD\no_yawn\6-MaleGlasses_f000108_mar0.030.jpg,0.05446225122536723,0.8791130861692085,0
YawnDD\no_yawn\6-MaleGlasses_f000117_mar0.030.jpg,0.07844624748313482,0.7899569166423593,0
YawnDD\no_yawn\6-MaleGlasses_f000120_mar0.030.jpg,0.09543622408743206,0.8088307322247931,0
YawnDD\no_yawn\6-MaleGlasses_f000123_mar0.030.jpg,0.1005680318214541,0.8371600307782628,0
YawnDD\no_yawn\6-MaleGlasses_f000126_mar0.030.jpg,0.10304108451905,0.9077722831904664,0
YawnDD\no_yawn\6-MaleGlasses_f000129_mar0.030.jpg,0.11205078763115427,0.9232025839882072,0
YawnDD\no_yawn\6-MaleGlasses_f000132_mar0.030.jpg,0.1140917323467585,0.9548005180968879,0
YawnDD\no_yawn\6-MaleGlasses_f000135_mar0.030.jpg,0.11715659354401599,0.9454082603220705,0
YawnDD\no_yawn\6-MaleGlasses_f000138_mar0.030.jpg,0.11498109781390206,0.9324336677054579,0
YawnDD\no_yawn\6-MaleGlasses_f000141_mar0.030.jpg,0.11505681885690361,0.9304141757536099,0
YawnDD\no_yawn\6-MaleGlasses_f000144_mar0.030.jpg,0.11315346708390822,0.9570044066838592,0
YawnDD\no_yawn\6-MaleGlasses_f000147_mar0.030.jpg,0.1077774817423304,0.9229515463761742,0
YawnDD\no_yawn\6-MaleGlasses_f000150_mar0.030.jpg,0.10260095035014503,0.8966999689006923,0
YawnDD\no_yawn\6-MaleGlasses_f000153_mar0.030.jpg,0.09965326402382839,0.9100979734520289,0
YawnDD\no_yawn\6-MaleGlasses_f000159_mar0.030.jpg,0.08983227769196646,0.8327245389343614,0
YawnDD\no_yawn\6-MaleGlasses_f000162_mar0.030.jpg,0.07771778497923648,0.7866635779868814,0
YawnDD\no_yawn\6-MaleGlasses_f000165_mar0.030.jpg,0.07539429538931984,0.7879264679202141,0
YawnDD\no_yawn\6-MaleGlasses_f000168_mar0.030.jpg,0.07115873051987043,0.8072277343376549,0
YawnDD\no_yawn\6-MaleGlasses_f000171_mar0.030.jpg,0.06470840312015996,0.8120566994911224,0
YawnDD\no_yawn\6-MaleGlasses_f000174_mar0.030.jpg,0.06499189706964047,0.809965531431828,0
YawnDD\no_yawn\6-MaleGlasses_f000177_mar0.030.jpg,0.06432226525910394,0.820642081349558,0
YawnDD\no_yawn\6-MaleGlasses_f000180_mar0.030.jpg,0.06379202802457686,0.820007236527124,0
YawnDD\no_yawn\6-MaleGlasses_f000183_mar0.030.jpg,0.06339633855075379,0.8097952562304958,0
YawnDD\no_yawn\6-MaleGlasses_f000186_mar0.030.jpg,0.06569451107231877,0.8081774761564936,0
YawnDD\no_yawn\6-MaleGlasses_f000189_mar0.030.jpg,0.06613046657928746,0.8099556555713546,0
YawnDD\no_yawn\6-MaleGlasses_f000192_mar0.030.jpg,0.06746086160355903,0.8195482433561954,0
YawnDD\no_yawn\6-MaleGlasses_f000195_mar0.030.jpg,0.06833419674688859,0.7960771135390872,0
YawnDD\no_yawn\6-MaleGlasses_f000198_mar0.030.jpg,0.0688175227863377,0.7931064583232694,0
YawnDD\no_yawn\6-MaleGlasses_f000201_mar0.030.jpg,0.06931983543800738,0.8026985802540525,0
YawnDD\no_yawn\6-MaleGlasses_f000204_mar0.030.jpg,0.0670607635540234,0.7877605302788251,0
YawnDD\no_yawn\6-MaleGlasses_f000207_mar0.030.jpg,0.06830510021120899,0.7959612884490972,0
YawnDD\no_yawn\6-MaleGlasses_f000210_mar0.030.jpg,0.06895168377141056,0.7918237918304963,0
YawnDD\no_yawn\6-MaleGlasses_f000213_mar0.030.jpg,0.069937300566534,0.7894734577989692,0
YawnDD\no_yawn\6-MaleGlasses_f000216_mar0.030.jpg,0.0685601724157353,0.7952679583911538,0
YawnDD\no_yawn\6-MaleGlasses_f000219_mar0.030.jpg,0.06717708217855468,0.7824805566933956,0
YawnDD\no_yawn\6-MaleGlasses_f000222_mar0.030.jpg,0.06825258127528222,0.7923982191279193,0
YawnDD\no_yawn\6-MaleGlasses_f000225_mar0.030.jpg,0.0652613881360514,0.7928962240240104,0
YawnDD\no_yawn\6-MaleGlasses_f000228_mar0.030.jpg,0.06686927300552865,0.8120939358927937,0
YawnDD\no_yawn\6-MaleGlasses_f000231_mar0.030.jpg,0.06490458796881343,0.8096635823597756,0
YawnDD\no_yawn\6-MaleGlasses_f000234_mar0.030.jpg,0.06586458119400715,0.7886091655833376,0
YawnDD\no_yawn\6-MaleGlasses_f000237_mar0.030.jpg,0.06530425575026262,0.7901335939715437,0
YawnDD\no_yawn\6-MaleGlasses_f000240_mar0.030.jpg,0.06351461415661012,0.7941465152474063,0
YawnDD\no_yawn\6-MaleGlasses_f000243_mar0.030.jpg,0.06727694465555861,0.8135845153701624,0
YawnDD\no_yawn\6-MaleGlasses_f000249_mar0.030.jpg,0.07136616478334208,0.8090765194439419,0
YawnDD\no_yawn\6-MaleGlasses_f000252_mar0.030.jpg,0.06780990393809351,0.7937864091014046,0
YawnDD\no_yawn\6-MaleGlasses_f000255_mar0.030.jpg,0.06811467290798033,0.798496580037158,0
YawnDD\no_yawn\6-MaleGlasses_f000258_mar0.030.jpg,0.06781998282930062,0.7994463396602647,0
YawnDD\no_yawn\6-MaleGlasses_f000261_mar0.030.jpg,0.064636139058583,0.7925268565119212,0
YawnDD\no_yawn\6-MaleGlasses_f000264_mar0.030.jpg,0.05276368999562461,0.8239003272121085,0
YawnDD\no_yawn\6-MaleGlasses_f000267_mar0.030.jpg,0.04805598175131829,0.84832984130054,0
YawnDD\no_yawn\6-MaleGlasses_f000270_mar0.030.jpg,0.04536107941884834,0.8850761031851581,0
YawnDD\no_yawn\6-MaleGlasses_f000273_mar0.030.jpg,0.04597984652152196,0.8738336543639275,0
YawnDD\no_yawn\6-MaleGlasses_f000276_mar0.030.jpg,0.04468306889673319,0.87972353389534,0
YawnDD\no_yawn\6-MaleGlasses_f000279_mar0.030.jpg,0.0436664049402094,0.8771595423915155,0
YawnDD\no_yawn\6-MaleGlasses_f000282_mar0.030.jpg,0.04684317583885559,0.8903667364106316,0
YawnDD\no_yawn\6-MaleGlasses_f000285_mar0.030.jpg,0.04365621792138334,0.8894458556694205,0
YawnDD\no_yawn\6-MaleGlasses_f000288_mar0.030.jpg,0.04318906345261046,0.8894419811725305,0
YawnDD\no_yawn\6-MaleGlasses_f000291_mar0.030.jpg,0.04152289830821779,0.8985523417376182,0
YawnDD\no_yawn\6-MaleGlasses_f000294_mar0.030.jpg,0.04591994954910907,0.8826718174214869,0
YawnDD\no_yawn\6-MaleGlasses_f000297_mar0.030.jpg,0.04238579249625001,0.8876554152133498,0
YawnDD\no_yawn\6-MaleGlasses_f000300_mar0.030.jpg,0.043297597226036384,0.8913792618154145,0
YawnDD\no_yawn\6-MaleGlasses_f000345_mar0.030.jpg,0.10023280881253334,0.9786730634692484,0
YawnDD\no_yawn\6-MaleGlasses_f000366_mar0.030.jpg,0.07353085042697158,0.8715831383566548,0
YawnDD\no_yawn\6-MaleGlasses_f000408_mar0.030.jpg,0.07028789604300364,0.8453470601876651,0
YawnDD\no_yawn\6-MaleGlasses_f000423_mar0.030.jpg,0.07368283465870017,0.8116471945199838,0
YawnDD\no_yawn\6-MaleGlasses_f000426_mar0.030.jpg,0.07654568404780436,0.8113915511620882,0
YawnDD\no_yawn\6-MaleGlasses_f000510_mar0.030.jpg,0.07219041214783171,0.8538664641129046,0
YawnDD\no_yawn\6-MaleGlasses_f000513_mar0.030.jpg,0.07243419578067628,0.8566013679420434,0
YawnDD\no_yawn\6-MaleGlasses_f000516_mar0.030.jpg,0.06915337102699627,0.8459891753262576,0
YawnDD\no_yawn\6-MaleGlasses_f000519_mar0.030.jpg,0.06501161532840177,0.8590621880584295,0
YawnDD\no_yawn\6-MaleGlasses_f000522_mar0.030.jpg,0.06668760122112563,0.8455616009336924,0
YawnDD\no_yawn\6-MaleGlasses_f000525_mar0.030.jpg,0.05640249365264486,0.8748836844553234,0
YawnDD\no_yawn\6-MaleGlasses_f000528_mar0.030.jpg,0.05400637259676791,0.8764761359511548,0
YawnDD\no_yawn\6-MaleGlasses_f000531_mar0.030.jpg,0.0517440842942342,0.8957632176425387,0
YawnDD\no_yawn\6-MaleGlasses_f000534_mar0.030.jpg,0.051326934960811074,0.904697127318296,0
YawnDD\no_yawn\6-MaleGlasses_f000537_mar0.030.jpg,0.044323511974563815,0.9200332649038635,0
YawnDD\no_yawn\6-MaleGlasses_f000540_mar0.030.jpg,0.04613257351796512,0.9464087557307128,0
YawnDD\no_yawn\6-MaleGlasses_f000543_mar0.030.jpg,0.04018652714691169,0.962331839397287,0
YawnDD\no_yawn\6-MaleGlasses_f000546_mar0.030.jpg,0.040847911520507985,0.9353495069936714,0
YawnDD\no_yawn\6-MaleGlasses_f000549_mar0.030.jpg,0.03920762780287973,0.9385650251343073,0
YawnDD\no_yawn\6-MaleGlasses_f000552_mar0.030.jpg,0.04030712451720643,0.9370258473601969,0
YawnDD\no_yawn\6-MaleGlasses_f000555_mar0.030.jpg,0.04223486298153459,0.945196576437559,0
YawnDD\no_yawn\6-MaleGlasses_f000558_mar0.030.jpg,0.04154857492704314,0.9518771593211881,0
YawnDD\no_yawn\6-MaleGlasses_f000561_mar0.030.jpg,0.043089250321982644,0.9351907545027305,0
YawnDD\no_yawn\6-MaleGlasses_f000564_mar0.030.jpg,0.042322778646662,0.9420062406303796,0
YawnDD\no_yawn\6-MaleGlasses_f000567_mar0.030.jpg,0.04299572692951542,0.9460024066498477,0
YawnDD\no_yawn\6-MaleGlasses_f000570_mar0.030.jpg,0.04089432510717682,0.9536694058041839,0
YawnDD\no_yawn\6-MaleGlasses_f000573_mar0.030.jpg,0.03871730143682605,0.9376464968875468,0
YawnDD\no_yawn\6-MaleGlasses_f000582_mar0.030.jpg,0.06235640442597874,0.8125953095106593,0
YawnDD\no_yawn\6-MaleGlasses_f000585_mar0.030.jpg,0.06792203826805095,0.8100680047768009,0
YawnDD\no_yawn\6-MaleGlasses_f000588_mar0.030.jpg,0.07126902185022616,0.8164209295810454,0
YawnDD\no_yawn\6-MaleGlasses_f000609_mar0.030.jpg,0.09668657806373415,0.8404108168060436,0
YawnDD\no_yawn\6-MaleGlasses_f000612_mar0.030.jpg,0.11144890202810209,0.859373346307219,0
YawnDD\no_yawn\6-MaleGlasses_f000615_mar0.034.jpg,0.10233895346439568,0.8554182733703787,0
YawnDD\no_yawn\6-MaleGlasses_f000642_mar0.030.jpg,0.06546225419086953,0.8831389152543994,0
YawnDD\no_yawn\6-MaleGlasses_f000651_mar0.030.jpg,0.0679321926906881,0.8927773283343593,0
YawnDD\no_yawn\6-MaleGlasses_f000657_mar0.030.jpg,0.06905718358920399,0.8943398304852851,0
YawnDD\no_yawn\6-MaleGlasses_f000672_mar0.030.jpg,0.07488880721306013,0.8676301972260034,0
YawnDD\no_yawn\6-MaleGlasses_f000675_mar0.036.jpg,0.0886074369614204,0.8490129977908613,0
YawnDD\no_yawn\6-MaleGlasses_f000714_mar0.030.jpg,0.07755745250187289,0.8495240044359346,0
YawnDD\no_yawn\6-MaleGlasses_f000723_mar0.030.jpg,0.08078004092466344,0.8370156999371083,0
YawnDD\no_yawn\6-MaleGlasses_f000726_mar0.030.jpg,0.07045223232328557,0.8205618629015583,0
YawnDD\no_yawn\6-MaleGlasses_f000729_mar0.030.jpg,0.06858912945031077,0.8110973383900182,0
YawnDD\no_yawn\6-MaleGlasses_f000732_mar0.030.jpg,0.06695303282844267,0.7994241512683156,0
YawnDD\no_yawn\6-MaleGlasses_f000735_mar0.030.jpg,0.06613642661004115,0.8039397893381682,0
YawnDD\no_yawn\6-MaleGlasses_f000738_mar0.030.jpg,0.06453027826136122,0.7982028015261758,0
YawnDD\no_yawn\6-MaleGlasses_f000741_mar0.030.jpg,0.06583115114126722,0.7950292881755134,0
YawnDD\no_yawn\6-MaleGlasses_f000744_mar0.030.jpg,0.06442900635183854,0.8000731485884505,0
YawnDD\no_yawn\6-MaleGlasses_f000747_mar0.030.jpg,0.06818565395762734,0.8101215554988181,0
YawnDD\no_yawn\6-MaleGlasses_f000750_mar0.030.jpg,0.06561770620621238,0.828333721677828,0
YawnDD\no_yawn\6-MaleGlasses_f000756_mar0.030.jpg,0.08265405879707853,0.8134384433975078,0
YawnDD\no_yawn\6-MaleGlasses_f000759_mar0.030.jpg,0.06646462859311453,0.8083586757654373,0
YawnDD\no_yawn\6-MaleGlasses_f000762_mar0.030.jpg,0.06804794411598795,0.8296687324247458,0
YawnDD\no_yawn\6-MaleGlasses_f000765_mar0.030.jpg,0.06627725830707393,0.8037560638122003,0
YawnDD\no_yawn\6-MaleGlasses_f000768_mar0.030.jpg,0.06521221513198658,0.7963403877571663,0
YawnDD\no_yawn\6-MaleGlasses_f000771_mar0.030.jpg,0.07368066474989587,0.7854864682299835,0
YawnDD\no_yawn\6-MaleGlasses_f000783_mar0.035.jpg,0.09236511417762215,0.8262689520032186,0
YawnDD\no_yawn\6-MaleGlasses_f000786_mar0.030.jpg,0.06720492168708779,0.8206302019068696,0
YawnDD\no_yawn\6-MaleGlasses_f000789_mar0.030.jpg,0.0671422431312273,0.8140761693047316,0
YawnDD\no_yawn\6-MaleGlasses_f000792_mar0.030.jpg,0.06934767772742771,0.8105785283045759,0
YawnDD\no_yawn\6-MaleGlasses_f000795_mar0.030.jpg,0.06828621975442756,0.8164643658535604,0
YawnDD\no_yawn\6-MaleGlasses_f000798_mar0.030.jpg,0.0682814283427868,0.8313792568081183,0
YawnDD\no_yawn\6-MaleGlasses_f000879_mar0.030.jpg,0.06736295058811409,0.8417228426876511,0
YawnDD\no_yawn\6-MaleGlasses_f000882_mar0.030.jpg,0.06733385944443283,0.8507899843812282,0
YawnDD\no_yawn\6-MaleGlasses_f000885_mar0.030.jpg,0.06585417552042307,0.8649010678321539,0
YawnDD\no_yawn\6-MaleGlasses_f000888_mar0.030.jpg,0.06620926499430918,0.8601671298679606,0
YawnDD\no_yawn\6-MaleGlasses_f000891_mar0.030.jpg,0.0687668917836211,0.8532951117593836,0
YawnDD\no_yawn\6-MaleGlasses_f000894_mar0.030.jpg,0.06799436851632304,0.8537568691100594,0
YawnDD\no_yawn\6-MaleGlasses_f000897_mar0.030.jpg,0.0681296658450161,0.8558297871128803,0
YawnDD\no_yawn\6-MaleGlasses_f000900_mar0.030.jpg,0.0688572039420534,0.8623989259500352,0
YawnDD\no_yawn\6-MaleGlasses_f000903_mar0.030.jpg,0.06664731895706907,0.8561322348366154,0
YawnDD\no_yawn\6-MaleGlasses_f000906_mar0.030.jpg,0.09426010093325406,0.8661549736321174,0
YawnDD\no_yawn\6-MaleGlasses_f000909_mar0.030.jpg,0.0656560288684962,0.8556741627872071,0
YawnDD\no_yawn\6-MaleGlasses_f000912_mar0.030.jpg,0.06573568414534155,0.847820844774199,0
YawnDD\no_yawn\6-MaleGlasses_f000915_mar0.030.jpg,0.06735948700697794,0.8437904722368806,0
YawnDD\no_yawn\6-MaleGlasses_f000927_mar0.031.jpg,0.1031919920777885,0.8467609061022227,0
YawnDD\no_yawn\6-MaleGlasses_f000930_mar0.030.jpg,0.08904093339701943,0.852618931727557,0
YawnDD\no_yawn\6-MaleGlasses_f000933_mar0.030.jpg,0.09380973436877832,0.8719430441128042,0
YawnDD\no_yawn\6-MaleGlasses_f000951_mar0.030.jpg,0.12293761291487745,0.9645143463017203,0
YawnDD\no_yawn\6-MaleGlasses_f000954_mar0.030.jpg,0.10897092635438287,0.9303842424373057,0
YawnDD\no_yawn\6-MaleGlasses_f000957_mar0.030.jpg,0.10586413086784235,0.953210087089146,0
YawnDD\no_yawn\6-MaleGlasses_f000963_mar0.030.jpg,0.07378700802968485,0.812584997279748,0
YawnDD\no_yawn\6-MaleGlasses_f000966_mar0.030.jpg,0.06304563501446442,0.8673169454794492,0
YawnDD\no_yawn\6-MaleGlasses_f000969_mar0.030.jpg,0.053174378437554404,0.8850430960574228,0
YawnDD\no_yawn\6-MaleGlasses_f000972_mar0.030.jpg,0.052351559575647306,0.8989792617768406,0
YawnDD\no_yawn\6-MaleGlasses_f000975_mar0.030.jpg,0.047370688029327104,0.9208228337435084,0
YawnDD\no_yawn\6-MaleGlasses_f000978_mar0.030.jpg,0.040221556027721955,0.9464394535587184,0
YawnDD\no_yawn\6-MaleGlasses_f000981_mar0.030.jpg,0.04428545078610747,0.9537622380095186,0
YawnDD\no_yawn\6-MaleGlasses_f000984_mar0.030.jpg,0.04289671221861781,0.9313434083369736,0
YawnDD\no_yawn\6-MaleGlasses_f000987_mar0.030.jpg,0.04039844999939643,0.9325594909827127,0
YawnDD\no_yawn\6-MaleGlasses_f000990_mar0.030.jpg,0.042419049781389793,0.9445084302414494,0
YawnDD\no_yawn\6-MaleGlasses_f000993_mar0.030.jpg,0.03755899575592203,0.9641206581812073,0
YawnDD\no_yawn\6-MaleGlasses_f000996_mar0.030.jpg,0.036873028905154134,1.0158682484730304,0
YawnDD\no_yawn\6-MaleGlasses_f000999_mar0.030.jpg,0.03453631021155834,1.0365088641960116,0
YawnDD\no_yawn\6-MaleGlasses_f001002_mar0.030.jpg,0.03081964887527461,1.0773178872542635,0
YawnDD\no_yawn\6-MaleGlasses_f001005_mar0.030.jpg,0.068381639259519,1.1104249146642367,0
YawnDD\no_yawn\6-MaleGlasses_f001014_mar0.030.jpg,0.04656276862453156,1.2004785516542584,0
YawnDD\no_yawn\6-MaleGlasses_f001032_mar0.030.jpg,0.02399867513623342,1.4424595097581898,0
YawnDD\no_yawn\6-MaleGlasses_f001053_mar0.030.jpg,0.020018286546271972,1.2218899076635386,0
YawnDD\no_yawn\6-MaleGlasses_f001065_mar0.030.jpg,0.07043025066118573,0.7903384179870788,0
YawnDD\no_yawn\6-MaleGlasses_f001071_mar0.030.jpg,0.09376181392280264,0.8055429854322169,0
YawnDD\no_yawn\6-MaleGlasses_f001083_mar0.030.jpg,0.07427135741001409,0.8493172849207485,0
YawnDD\no_yawn\6-MaleGlasses_f001089_mar0.030.jpg,0.07107924984840219,0.8287484211283046,0
YawnDD\no_yawn\6-MaleGlasses_f001092_mar0.030.jpg,0.06996021484852663,0.839945792535436,0
YawnDD\no_yawn\6-MaleGlasses_f001095_mar0.030.jpg,0.06994759814158209,0.8494752656105871,0
YawnDD\no_yawn\6-MaleGlasses_f001104_mar0.030.jpg,0.06742355831506763,0.8282067686257638,0
YawnDD\no_yawn\6-MaleGlasses_f001113_mar0.030.jpg,0.06987856879392901,0.8132060976908865,0
YawnDD\no_yawn\6-MaleGlasses_f001128_mar0.032.jpg,0.12053166029446007,0.8117706132931167,0
YawnDD\no_yawn\6-MaleGlasses_f001140_mar0.030.jpg,0.0729468912283434,0.8042575933069421,0
YawnDD\no_yawn\6-MaleGlasses_f001152_mar0.030.jpg,0.07989008120452713,0.809790257201365,0
YawnDD\no_yawn\6-MaleGlasses_f001185_mar0.030.jpg,0.06554417511554723,0.8253882040507989,0
YawnDD\no_yawn\6-MaleGlasses_f001197_mar0.030.jpg,0.07406899218670915,0.8040740578281165,0
YawnDD\no_yawn\6-MaleGlasses_f001203_mar0.030.jpg,0.08023750154867315,0.8251889476817215,0
YawnDD\no_yawn\6-MaleGlasses_f001233_mar0.030.jpg,0.07509555026837272,0.8206704910121755,0
YawnDD\no_yawn\6-MaleGlasses_f001386_mar0.030.jpg,0.06875887170004871,0.81486872472177,0
YawnDD\no_yawn\6-MaleGlasses_f001389_mar0.030.jpg,0.06835704307629084,0.7999893818102815,0
YawnDD\no_yawn\6-MaleGlasses_f001392_mar0.030.jpg,0.06953115961457296,0.8036994684909252,0
YawnDD\no_yawn\6-MaleGlasses_f001395_mar0.030.jpg,0.06966573599849799,0.7826848636445677,0
YawnDD\no_yawn\6-MaleGlasses_f001398_mar0.030.jpg,0.06847386067592616,0.8045508243995089,0
YawnDD\no_yawn\6-MaleGlasses_f001401_mar0.030.jpg,0.0669584200741073,0.8188683722009447,0
YawnDD\no_yawn\6-MaleGlasses_f001404_mar0.030.jpg,0.06907982284405362,0.8137207012394696,0
YawnDD\no_yawn\6-MaleGlasses_f001407_mar0.030.jpg,0.06860263315630595,0.825487402832705,0
YawnDD\no_yawn\6-MaleGlasses_f001410_mar0.030.jpg,0.06771243401337093,0.8320204340099746,0
YawnDD\no_yawn\6-MaleGlasses_f001413_mar0.030.jpg,0.07090967583158508,0.840695163441401,0
YawnDD\no_yawn\6-MaleGlasses_f001416_mar0.030.jpg,0.07274100932657095,0.8537409713778138,0
YawnDD\no_yawn\6-MaleGlasses_f001419_mar0.030.jpg,0.0700209350312529,0.8677047954008974,0
YawnDD\no_yawn\6-MaleGlasses_f001455_mar0.030.jpg,0.07962654643436635,0.8301417568372623,0
YawnDD\no_yawn\6-MaleGlasses_f001458_mar0.030.jpg,0.08125529049925635,0.82649604499557,0
YawnDD\no_yawn\6-MaleGlasses_f001461_mar0.030.jpg,0.08254538303064271,0.8386395848249368,0
YawnDD\no_yawn\6-MaleGlasses_f001464_mar0.030.jpg,0.09436308530041286,0.8335858156823654,0
YawnDD\no_yawn\6-MaleGlasses_f001467_mar0.030.jpg,0.08341665186156383,0.8388186275855264,0
YawnDD\no_yawn\6-MaleGlasses_f001470_mar0.030.jpg,0.08434931166417999,0.8569544974446701,0
YawnDD\no_yawn\6-MaleGlasses_f001473_mar0.030.jpg,0.08716317704579556,0.8445017031773847,0
YawnDD\no_yawn\6-MaleGlasses_f001536_mar0.030.jpg,0.04515148256210884,0.9021523079242199,0
YawnDD\no_yawn\6-MaleGlasses_f001566_mar0.030.jpg,0.087483611906994,0.8700431515302749,0
YawnDD\no_yawn\6-MaleGlasses_f001581_mar0.030.jpg,0.07008331105675943,0.8631301507675291,0
YawnDD\no_yawn\6-MaleGlasses_f001584_mar0.030.jpg,0.07155492068972345,0.8543608509017184,0
YawnDD\no_yawn\6-MaleGlasses_f001587_mar0.030.jpg,0.0772494754256014,0.8536964758719651,0
YawnDD\no_yawn\6-MaleGlasses_f001596_mar0.030.jpg,0.09345912293277488,0.8571458337480629,0
YawnDD\no_yawn\6-MaleGlasses_f001599_mar0.030.jpg,0.08463384986138846,0.8381185526239991,0
YawnDD\no_yawn\6-MaleGlasses_f001617_mar0.030.jpg,0.07677581415898951,0.8471981433329402,0
YawnDD\no_yawn\7-FemaleNoGlasses_f000000_mar0.030.jpg,0.07677821559651705,0.7935111059158692,0
YawnDD\no_yawn\7-FemaleNoGlasses_f000003_mar0.030.jpg,0.07458199178021149,0.7812285496022495,0
YawnDD\no_yawn\7-FemaleNoGlasses_f000009_mar0.030.jpg,0.07376672201548401,0.7895396321149231,0
YawnDD\no_yawn\7-FemaleNoGlasses_f000012_mar0.030.jpg,0.07580080525681107,0.7863438515223788,0
YawnDD\no_yawn\7-FemaleNoGlasses_f000015_mar0.030.jpg,0.07615517544350085,0.7852965151263269,0
YawnDD\no_yawn\7-FemaleNoGlasses_f000018_mar0.030.jpg,0.07524009577155082,0.7884003782531948,0
YawnDD\no_yawn\7-FemaleNoGlasses_f000021_mar0.030.jpg,0.07657594885643398,0.7884648612502199,0
YawnDD\no_yawn\7-FemaleNoGlasses_f000030_mar0.031.jpg,0.10108522080145295,0.8006436206640383,0
YawnDD\no_yawn\7-FemaleNoGlasses_f000057_mar0.030.jpg,0.07610863559321568,0.799340274678563,0
YawnDD\no_yawn\7-FemaleNoGlasses_f000060_mar0.030.jpg,0.07416139083877617,0.8015317018041958,0
YawnDD\no_yawn\7-FemaleNoGlasses_f000063_mar0.030.jpg,0.07489050742217362,0.8026907947916461,0
YawnDD\no_yawn\7-FemaleNoGlasses_f000066_mar0.030.jpg,0.07612302171490022,0.8027614885321761,0
YawnDD\no_yawn\7-FemaleNoGlasses_f000072_mar0.030.jpg,0.08676636942938923,0.8096559701212914,0
YawnDD\no_yawn\7-FemaleNoGlasses_f000075_mar0.030.jpg,0.10033623395899818,0.8133679159562116,0
YawnDD\no_yawn\7-FemaleNoGlasses_f000078_mar0.035.jpg,0.10093591079413824,0.8021535581939349,0
YawnDD\no_yawn\7-FemaleNoGlasses_f000096_mar0.030.jpg,0.07183930327414906,0.8188680852537301,0
YawnDD\no_yawn\7-FemaleNoGlasses_f000141_mar0.030.jpg,0.09675888007909746,0.7777214614581293,0
YawnDD\no_yawn\7-FemaleNoGlasses_f000144_mar0.030.jpg,0.09946768373285206,0.7743935982049048,0
YawnDD\no_yawn\7-FemaleNoGlasses_f000150_mar0.030.jpg,0.08390091301404307,0.7871285234976884,0
YawnDD\no_yawn\7-FemaleNoGlasses_f000153_mar0.030.jpg,0.07807986994909137,0.7930664063073298,0
YawnDD\no_yawn\7-FemaleNoGlasses_f000156_mar0.030.jpg,0.07933452110678169,0.7918759334328701,0
YawnDD\no_yawn\7-FemaleNoGlasses_f000159_mar0.030.jpg,0.0811064239217513,0.7878294838207128,0
YawnDD\no_yawn\7-FemaleNoGlasses_f000162_mar0.030.jpg,0.07978336827028233,0.7933473597282132,0
YawnDD\no_yawn\7-FemaleNoGlasses_f000165_mar0.030.jpg,0.10341746447027515,0.7918160221533049,0
YawnDD\no_yawn\7-FemaleNoGlasses_f000168_mar0.030.jpg,0.0934993756684508,0.791312997494385,0
YawnDD\no_yawn\7-FemaleNoGlasses_f000171_mar0.030.jpg,0.09699949446584277,0.7993358910921068,0
YawnDD\no_yawn\7-FemaleNoGlasses_f000174_mar0.030.jpg,0.08872704339220233,0.7963703801130123,0
YawnDD\no_yawn\7-FemaleNoGlasses_f000177_mar0.030.jpg,0.09489917556916837,0.7976620089570083,0
YawnDD\no_yawn\7-FemaleNoGlasses_f000180_mar0.030.jpg,0.08423122197832687,0.794572144018615,0
YawnDD\no_yawn\7-FemaleNoGlasses_f000183_mar0.030.jpg,0.07576270938215893,0.7989161297271103,0
YawnDD\no_yawn\7-FemaleNoGlasses_f000186_mar0.030.jpg,0.0780100346172223,0.7963755654295075,0
YawnDD\no_yawn\7-FemaleNoGlasses_f000192_mar0.030.jpg,0.07541987508820017,0.8005787796953805,0
YawnDD\no_yawn\7-FemaleNoGlasses_f000195_mar0.030.jpg,0.07414277438889127,0.7988520086386299,0
YawnDD\no_yawn\7-FemaleNoGlasses_f000198_mar0.030.jpg,0.07586919425479753,0.7883631353252044,0
YawnDD\no_yawn\7-FemaleNoGlasses_f000201_mar0.030.jpg,0.07712169668264518,0.7969216911618647,0
YawnDD\no_yawn\7-FemaleNoGlasses_f000204_mar0.030.jpg,0.08596634234925439,0.7979793800269765,0
YawnDD\no_yawn\7-FemaleNoGlasses_f000207_mar0.030.jpg,0.07677915031853719,0.8021333275261642,0
YawnDD\no_yawn\7-FemaleNoGlasses_f000213_mar0.030.jpg,0.09651955324895889,0.7920948937515722,0
YawnDD\no_yawn\7-FemaleNoGlasses_f000216_mar0.030.jpg,0.09440268732033287,0.8003845795146876,0
YawnDD\no_yawn\7-FemaleNoGlasses_f000222_mar0.030.jpg,0.10593563978158327,0.8030830234149301,0
YawnDD\no_yawn\7-FemaleNoGlasses_f000225_mar0.030.jpg,0.09747346878101787,0.8060045947275454,0
YawnDD\no_yawn\7-FemaleNoGlasses_f000228_mar0.030.jpg,0.09221746824815172,0.8028099274302064,0
YawnDD\no_yawn\7-FemaleNoGlasses_f000231_mar0.030.jpg,0.09490532694417832,0.8005968011243605,0
YawnDD\no_yawn\7-FemaleNoGlasses_f000234_mar0.030.jpg,0.08555820869417924,0.7956932573785799,0
YawnDD\no_yawn\7-FemaleNoGlasses_f000237_mar0.030.jpg,0.08055488963451742,0.7980968551678671,0
YawnDD\no_yawn\7-FemaleNoGlasses_f000240_mar0.030.jpg,0.07487338349264466,0.8065647062777197,0
YawnDD\no_yawn\7-FemaleNoGlasses_f000249_mar0.030.jpg,0.08904126351560607,0.7918584172772696,0
YawnDD\no_yawn\7-FemaleNoGlasses_f000252_mar0.030.jpg,0.08548702894066594,0.8062827257074066,0
YawnDD\no_yawn\7-FemaleNoGlasses_f000255_mar0.030.jpg,0.09066716851856746,0.8024331599422818,0
YawnDD\no_yawn\7-FemaleNoGlasses_f000258_mar0.030.jpg,0.08827227247535838,0.8071804521048034,0
YawnDD\no_yawn\7-FemaleNoGlasses_f000261_mar0.030.jpg,0.08562674046905247,0.7952221223421609,0
YawnDD\no_yawn\7-FemaleNoGlasses_f000264_mar0.030.jpg,0.07992348658470666,0.795704640979736,0
YawnDD\no_yawn\7-FemaleNoGlasses_f000273_mar0.030.jpg,0.07498739086588117,0.8051597247037139,0
YawnDD\no_yawn\7-FemaleNoGlasses_f000276_mar0.030.jpg,0.07515000771839037,0.7951115017285361,0
YawnDD\no_yawn\7-FemaleNoGlasses_f000279_mar0.030.jpg,0.07415712103210703,0.8019193091068113,0
YawnDD\no_yawn\7-FemaleNoGlasses_f000282_mar0.030.jpg,0.07343876127112309,0.797700241611235,0
YawnDD\no_yawn\7-FemaleNoGlasses_f000285_mar0.030.jpg,0.0753562592187368,0.7930849088755646,0
YawnDD\no_yawn\7-FemaleNoGlasses_f000288_mar0.030.jpg,0.07359290835501861,0.7929776639208399,0
YawnDD\no_yawn\7-FemaleNoGlasses_f000291_mar0.030.jpg,0.0722600113598132,0.7993991354889189,0
YawnDD\no_yawn\7-FemaleNoGlasses_f000294_mar0.030.jpg,0.07357107780229886,0.8008089687102035,0
YawnDD\no_yawn\7-FemaleNoGlasses_f000297_mar0.030.jpg,0.07327176187926036,0.8020309858902043,0
YawnDD\no_yawn\7-FemaleNoGlasses_f000300_mar0.030.jpg,0.07465829161911886,0.8003222018987926,0
YawnDD\no_yawn\7-FemaleNoGlasses_f000303_mar0.030.jpg,0.07427002328999507,0.7946575187386513,0
YawnDD\no_yawn\7-FemaleNoGlasses_f000306_mar0.030.jpg,0.07618176017939832,0.7943760997326089,0
YawnDD\no_yawn\7-FemaleNoGlasses_f000309_mar0.030.jpg,0.07337632731865074,0.8004375517671004,0
YawnDD\no_yawn\7-FemaleNoGlasses_f000312_mar0.030.jpg,0.07361458493540748,0.8042590543646349,0
YawnDD\no_yawn\7-FemaleNoGlasses_f000315_mar0.030.jpg,0.07363511483004409,0.8005676491371821,0
YawnDD\no_yawn\7-FemaleNoGlasses_f000318_mar0.030.jpg,0.07258326951271211,0.8036866894658239,0
YawnDD\no_yawn\7-FemaleNoGlasses_f000321_mar0.030.jpg,0.07441159335985303,0.7975606551865072,0
YawnDD\no_yawn\7-FemaleNoGlasses_f000324_mar0.030.jpg,0.07537394958318827,0.8027478076786586,0
YawnDD\no_yawn\7-FemaleNoGlasses_f000327_mar0.030.jpg,0.07485465465360905,0.7973611297673092,0
YawnDD\no_yawn\7-FemaleNoGlasses_f000330_mar0.030.jpg,0.07371518043385793,0.7976599178460148,0
YawnDD\no_yawn\7-FemaleNoGlasses_f000333_mar0.030.jpg,0.07340956631338334,0.8005890752581801,0
YawnDD\no_yawn\7-FemaleNoGlasses_f000336_mar0.030.jpg,0.07370175975339101,0.8027107492840563,0
YawnDD\no_yawn\7-FemaleNoGlasses_f000339_mar0.030.jpg,0.07463108019315422,0.7974661615621051,0
YawnDD\no_yawn\7-FemaleNoGlasses_f000342_mar0.030.jpg,0.07504086438815599,0.8118951319419002,0
YawnDD\no_yawn\7-FemaleNoGlasses_f000348_mar0.030.jpg,0.07405973459958756,0.8007742838098114,0
YawnDD\no_yawn\7-FemaleNoGlasses_f000351_mar0.030.jpg,0.07417585445935342,0.8001506312135102,0
YawnDD\no_yawn\7-FemaleNoGlasses_f000354_mar0.030.jpg,0.07330941888975472,0.8011204305041522,0
YawnDD\no_yawn\7-FemaleNoGlasses_f000357_mar0.030.jpg,0.07437823317756756,0.8016719542945974,0
YawnDD\no_yawn\7-FemaleNoGlasses_f000360_mar0.030.jpg,0.07313119259537797,0.8006187931592346,0
YawnDD\no_yawn\7-FemaleNoGlasses_f000363_mar0.030.jpg,0.07417739381377385,0.8013526900616484,0
YawnDD\no_yawn\7-FemaleNoGlasses_f000366_mar0.030.jpg,0.07403662571365151,0.7978570941920794,0
YawnDD\no_yawn\7-FemaleNoGlasses_f000369_mar0.030.jpg,0.07378606760211501,0.7958207231166924,0
YawnDD\no_yawn\7-FemaleNoGlasses_f000375_mar0.030.jpg,0.0742077473869096,0.7979984711294823,0
YawnDD\no_yawn\7-FemaleNoGlasses_f000378_mar0.030.jpg,0.07338160578342723,0.8030743486937628,0
YawnDD\no_yawn\7-FemaleNoGlasses_f000381_mar0.030.jpg,0.07200201391344493,0.8005767889707059,0
YawnDD\no_yawn\7-FemaleNoGlasses_f000384_mar0.030.jpg,0.07447963374789537,0.7964317559442374,0
YawnDD\no_yawn\7-FemaleNoGlasses_f000387_mar0.030.jpg,0.07303999138505353,0.7965381767650536,0
YawnDD\no_yawn\7-FemaleNoGlasses_f000390_mar0.030.jpg,0.07388518739168995,0.801193256509618,0
YawnDD\no_yawn\7-FemaleNoGlasses_f000393_mar0.030.jpg,0.0739576612529915,0.7996233049763373,0
YawnDD\no_yawn\7-FemaleNoGlasses_f000396_mar0.030.jpg,0.0762127748044587,0.7966769176433016,0
YawnDD\no_yawn\7-FemaleNoGlasses_f000399_mar0.030.jpg,0.07717607988956982,0.7865243585538421,0
YawnDD\no_yawn\7-FemaleNoGlasses_f000405_mar0.030.jpg,0.07487188472296023,0.806516088843935,0
YawnDD\no_yawn\7-FemaleNoGlasses_f000408_mar0.030.jpg,0.07630344026583843,0.7975168290071574,0
YawnDD\no_yawn\7-FemaleNoGlasses_f000411_mar0.030.jpg,0.07671044195798261,0.7946565252526967,0
YawnDD\no_yawn\7-FemaleNoGlasses_f000414_mar0.030.jpg,0.07642530166848059,0.7970130427459436,0
YawnDD\no_yawn\7-FemaleNoGlasses_f000417_mar0.030.jpg,0.07548749624021342,0.7951563616583409,0
YawnDD\no_yawn\7-FemaleNoGlasses_f000420_mar0.030.jpg,0.07609918390830438,0.8052896420339112,0
YawnDD\no_yawn\7-FemaleNoGlasses_f000423_mar0.030.jpg,0.0749229881846414,0.7976609326049688,0
YawnDD\no_yawn\7-FemaleNoGlasses_f000426_mar0.030.jpg,0.07645116774196581,0.7949410464841288,0
YawnDD\no_yawn\7-FemaleNoGlasses_f000429_mar0.030.jpg,0.0749161399320566,0.7977548457142027,0
YawnDD\no_yawn\7-FemaleNoGlasses_f000438_mar0.030.jpg,0.07459311173352617,0.7702602983295548,0
YawnDD\no_yawn\7-FemaleNoGlasses_f000441_mar0.030.jpg,0.07553849195676914,0.77243043918018,0
YawnDD\no_yawn\7-FemaleNoGlasses_f000447_mar0.030.jpg,0.07431391896637421,0.799838692708942,0
YawnDD\no_yawn\7-FemaleNoGlasses_f000450_mar0.030.jpg,0.07445642316055111,0.7976964320276992,0
YawnDD\no_yawn\7-FemaleNoGlasses_f000453_mar0.030.jpg,0.07484625579256249,0.7932631968960504,0
YawnDD\no_yawn\7-FemaleNoGlasses_f000456_mar0.030.jpg,0.07671000590474948,0.7979006058837768,0
YawnDD\no_yawn\7-FemaleNoGlasses_f000459_mar0.030.jpg,0.0768422190343666,0.7991245958652922,0
YawnDD\no_yawn\7-FemaleNoGlasses_f000462_mar0.030.jpg,0.07743193894934546,0.7930102379969048,0
YawnDD\no_yawn\7-FemaleNoGlasses_f000465_mar0.030.jpg,0.07737720046280895,0.7924424893899403,0
YawnDD\no_yawn\7-FemaleNoGlasses_f000468_mar0.030.jpg,0.07470163069248104,0.7924425329077245,0
YawnDD\no_yawn\7-FemaleNoGlasses_f000471_mar0.030.jpg,0.07536579807181154,0.7893340154034417,0
YawnDD\no_yawn\7-FemaleNoGlasses_f000474_mar0.030.jpg,0.07389339735112842,0.7958424038024224,0
YawnDD\no_yawn\7-FemaleNoGlasses_f000477_mar0.030.jpg,0.07620755883471116,0.7874523557041879,0
YawnDD\no_yawn\7-FemaleNoGlasses_f000480_mar0.030.jpg,0.07540456344416117,0.7928625212764493,0
YawnDD\no_yawn\7-FemaleNoGlasses_f000489_mar0.030.jpg,0.07442678449659536,0.8001093338564037,0
YawnDD\no_yawn\7-FemaleNoGlasses_f000492_mar0.030.jpg,0.07648456135779695,0.7947030074863914,0
YawnDD\no_yawn\7-FemaleNoGlasses_f000495_mar0.030.jpg,0.07625512841484229,0.7910061597503609,0
YawnDD\no_yawn\7-FemaleNoGlasses_f000498_mar0.030.jpg,0.07499354111863998,0.7916485786751174,0
YawnDD\no_yawn\7-FemaleNoGlasses_f000501_mar0.030.jpg,0.07653450362069433,0.7935395475058646,0
YawnDD\no_yawn\7-FemaleNoGlasses_f000504_mar0.030.jpg,0.0727395093124809,0.8044702097041925,0
YawnDD\no_yawn\7-FemaleNoGlasses_f000507_mar0.030.jpg,0.07532019490619625,0.8016711415897466,0
YawnDD\no_yawn\7-FemaleNoGlasses_f000513_mar0.030.jpg,0.07167549662577798,0.8022124859381129,0
YawnDD\no_yawn\7-FemaleNoGlasses_f000516_mar0.030.jpg,0.07290800491980205,0.8011973564997373,0
YawnDD\no_yawn\7-FemaleNoGlasses_f000519_mar0.030.jpg,0.07352068137422757,0.8000710546309421,0
YawnDD\no_yawn\7-FemaleNoGlasses_f000522_mar0.030.jpg,0.07398849057128744,0.8069674614445485,0
YawnDD\no_yawn\7-FemaleNoGlasses_f000525_mar0.030.jpg,0.07323845050691766,0.8001413246932951,0
YawnDD\no_yawn\7-FemaleNoGlasses_f000531_mar0.030.jpg,0.07529605372792891,0.7984653149379006,0
YawnDD\no_yawn\7-FemaleNoGlasses_f000534_mar0.030.jpg,0.07371988926474736,0.7978757663118645,0
YawnDD\no_yawn\7-FemaleNoGlasses_f000537_mar0.030.jpg,0.07442165324030647,0.8020479000829194,0
YawnDD\no_yawn\7-FemaleNoGlasses_f000540_mar0.030.jpg,0.07602721234073595,0.798705218364853,0
YawnDD\no_yawn\7-FemaleNoGlasses_f000543_mar0.030.jpg,0.07497570462790971,0.7921879285495311,0
YawnDD\no_yawn\7-FemaleNoGlasses_f000546_mar0.030.jpg,0.0757339556271414,0.7946954435744216,0
YawnDD\no_yawn\7-FemaleNoGlasses_f000549_mar0.030.jpg,0.0728180586653488,0.8039156411567449,0
YawnDD\no_yawn\7-FemaleNoGlasses_f000552_mar0.030.jpg,0.07083212383861075,0.8176252965298053,0
YawnDD\no_yawn\7-FemaleNoGlasses_f000555_mar0.030.jpg,0.07262931232022823,0.803721505449512,0
YawnDD\no_yawn\7-FemaleNoGlasses_f000558_mar0.030.jpg,0.07116815648200109,0.8081558254605321,0
YawnDD\no_yawn\7-FemaleNoGlasses_f000561_mar0.030.jpg,0.07156037767943339,0.8222044995502644,0
YawnDD\no_yawn\7-FemaleNoGlasses_f000570_mar0.030.jpg,0.07201677059465135,0.7908515547378913,0
YawnDD\no_yawn\7-FemaleNoGlasses_f000573_mar0.030.jpg,0.07141841429408245,0.7922282657438235,0
YawnDD\no_yawn\7-FemaleNoGlasses_f000576_mar0.030.jpg,0.07236551651974671,0.7968056219966424,0
YawnDD\no_yawn\7-FemaleNoGlasses_f000579_mar0.030.jpg,0.07101822501614946,0.7973879234459261,0
YawnDD\no_yawn\7-FemaleNoGlasses_f000582_mar0.030.jpg,0.07190974657070177,0.7903380966632488,0
YawnDD\no_yawn\7-FemaleNoGlasses_f000585_mar0.030.jpg,0.07242580362435191,0.7849094424452266,0
YawnDD\no_yawn\7-FemaleNoGlasses_f000588_mar0.030.jpg,0.07241465649748394,0.7843533815306779,0
YawnDD\no_yawn\7-FemaleNoGlasses_f000597_mar0.030.jpg,0.06951890141522882,0.818882000136945,0
YawnDD\no_yawn\7-FemaleNoGlasses_f000600_mar0.030.jpg,0.07074568575669939,0.8171731279741791,0
YawnDD\no_yawn\7-FemaleNoGlasses_f000603_mar0.030.jpg,0.07041898294089047,0.8261503674599888,0
YawnDD\no_yawn\7-FemaleNoGlasses_f000606_mar0.030.jpg,0.07048270319119834,0.8247622948832359,0
YawnDD\no_yawn\7-FemaleNoGlasses_f000609_mar0.030.jpg,0.07175107490010792,0.8236395073209051,0
YawnDD\no_yawn\7-FemaleNoGlasses_f000621_mar0.030.jpg,0.09075119834913771,0.8164639461434646,0
YawnDD\no_yawn\7-FemaleNoGlasses_f000624_mar0.030.jpg,0.08562268135031881,0.8215532719863183,0
YawnDD\no_yawn\7-FemaleNoGlasses_f000627_mar0.030.jpg,0.07398648273284462,0.8143274870870912,0
YawnDD\no_yawn\7-FemaleNoGlasses_f000630_mar0.030.jpg,0.07531270972031555,0.8094530551887411,0
YawnDD\no_yawn\7-FemaleNoGlasses_f000633_mar0.030.jpg,0.07569752797111601,0.8157678782733547,0
YawnDD\no_yawn\7-FemaleNoGlasses_f000729_mar0.030.jpg,0.07627456465686502,0.8184569051848647,0
YawnDD\no_yawn\7-FemaleNoGlasses_f000741_mar0.030.jpg,0.07368840620417645,0.7995141103510158,0
YawnDD\no_yawn\7-FemaleNoGlasses_f000777_mar0.030.jpg,0.07176772454851522,0.8217507296587464,0
YawnDD\no_yawn\7-FemaleNoGlasses_f000786_mar0.030.jpg,0.0717625200749144,0.8155714417292084,0
YawnDD\no_yawn\7-FemaleNoGlasses_f000825_mar0.034.jpg,0.10551738110547162,0.771294781140602,0
YawnDD\no_yawn\7-FemaleNoGlasses_f000837_mar0.031.jpg,0.1005526789965765,0.7867162458773708,0
YawnDD\no_yawn\7-FemaleNoGlasses_f000840_mar0.030.jpg,0.07599332701034847,0.7814567142869022,0
YawnDD\no_yawn\7-FemaleNoGlasses_f000843_mar0.030.jpg,0.07355599704965121,0.7675831318776722,0
YawnDD\no_yawn\7-FemaleNoGlasses_f000846_mar0.030.jpg,0.07320066988272944,0.7639928781806887,0
YawnDD\no_yawn\7-FemaleNoGlasses_f000849_mar0.030.jpg,0.07600590178241592,0.7661044854345513,0
YawnDD\no_yawn\7-FemaleNoGlasses_f000852_mar0.030.jpg,0.07514172124135994,0.7741213955396058,0
YawnDD\no_yawn\7-FemaleNoGlasses_f000855_mar0.030.jpg,0.07487319323696565,0.7626569795332744,0
YawnDD\no_yawn\7-FemaleNoGlasses_f000858_mar0.030.jpg,0.07585350700496753,0.7653716334961403,0
YawnDD\no_yawn\7-FemaleNoGlasses_f000861_mar0.030.jpg,0.078788867508855,0.778040610202791,0
YawnDD\no_yawn\7-FemaleNoGlasses_f000864_mar0.030.jpg,0.07827240732021694,0.7888916231619141,0
YawnDD\no_yawn\7-FemaleNoGlasses_f000870_mar0.030.jpg,0.07655654470790077,0.7892384296885357,0
YawnDD\no_yawn\7-FemaleNoGlasses_f000873_mar0.030.jpg,0.07368470475949265,0.820110019478162,0
YawnDD\no_yawn\7-FemaleNoGlasses_f000888_mar0.030.jpg,0.0989377969775052,0.790884572692018,0
YawnDD\no_yawn\7-FemaleNoGlasses_f000891_mar0.030.jpg,0.0752294287329631,0.7911895229849805,0
YawnDD\no_yawn\7-FemaleNoGlasses_f000894_mar0.030.jpg,0.07782987469192938,0.7860618081366304,0
YawnDD\no_yawn\7-FemaleNoGlasses_f000897_mar0.030.jpg,0.07728295708788092,0.7953881066756913,0
YawnDD\no_yawn\7-FemaleNoGlasses_f000900_mar0.030.jpg,0.07409421431317258,0.7945492656421488,0
YawnDD\no_yawn\7-FemaleNoGlasses_f000903_mar0.030.jpg,0.07561416990350367,0.8063630317203511,0
YawnDD\no_yawn\7-FemaleNoGlasses_f000912_mar0.030.jpg,0.07523024452544451,0.8071746012379541,0
YawnDD\no_yawn\7-FemaleNoGlasses_f000915_mar0.030.jpg,0.07506399829282194,0.8050128536943494,0
YawnDD\no_yawn\7-FemaleNoGlasses_f000918_mar0.030.jpg,0.07783907345073306,0.8061622476707911,0
YawnDD\no_yawn\7-FemaleNoGlasses_f000921_mar0.030.jpg,0.07720904366379747,0.805511477672733,0
YawnDD\no_yawn\7-FemaleNoGlasses_f000924_mar0.030.jpg,0.0760996324577512,0.8152573347416294,0
YawnDD\no_yawn\7-FemaleNoGlasses_f000927_mar0.030.jpg,0.07728321154172192,0.8111436949497525,0
YawnDD\no_yawn\7-FemaleNoGlasses_f000930_mar0.030.jpg,0.07446258785484956,0.8128380026928671,0
YawnDD\no_yawn\7-FemaleNoGlasses_f000933_mar0.030.jpg,0.07495371740615535,0.8052941642045421,0
YawnDD\no_yawn\7-FemaleNoGlasses_f000936_mar0.030.jpg,0.07609681497185666,0.8020709093016865,0
YawnDD\no_yawn\7-FemaleNoGlasses_f000939_mar0.030.jpg,0.07475590011793534,0.8114552260824616,0
YawnDD\no_yawn\7-FemaleNoGlasses_f000945_mar0.030.jpg,0.07715544583367358,0.8188561031475614,0
YawnDD\no_yawn\7-FemaleNoGlasses_f000948_mar0.030.jpg,0.07529068403661796,0.8119405308547145,0
YawnDD\no_yawn\7-FemaleNoGlasses_f000951_mar0.030.jpg,0.07287237949639588,0.8051729838873014,0
YawnDD\no_yawn\7-FemaleNoGlasses_f000957_mar0.030.jpg,0.07649788008128812,0.8056322007928677,0
YawnDD\no_yawn\7-FemaleNoGlasses_f000960_mar0.030.jpg,0.07373612710938385,0.8025970643394966,0
YawnDD\no_yawn\7-FemaleNoGlasses_f000963_mar0.030.jpg,0.07331880959206286,0.790873760793677,0
YawnDD\no_yawn\7-FemaleNoGlasses_f000966_mar0.030.jpg,0.07345442991074869,0.7800096036679018,0
YawnDD\no_yawn\7-FemaleNoGlasses_f000969_mar0.030.jpg,0.0719026000960592,0.7830527990979802,0
YawnDD\no_yawn\7-FemaleNoGlasses_f000972_mar0.030.jpg,0.07256357103563363,0.784999881948781,0
YawnDD\no_yawn\7-FemaleNoGlasses_f000975_mar0.030.jpg,0.07368245968552953,0.7747046766324734,0
YawnDD\no_yawn\7-FemaleNoGlasses_f000978_mar0.030.jpg,0.07465904374013939,0.7822396748691061,0
YawnDD\no_yawn\7-FemaleNoGlasses_f000981_mar0.030.jpg,0.07314435820457293,0.7743483127815928,0
YawnDD\no_yawn\7-FemaleNoGlasses_f000984_mar0.030.jpg,0.07210945504864325,0.8160402322799313,0
YawnDD\no_yawn\7-FemaleNoGlasses_f000990_mar0.030.jpg,0.07403645299384023,0.8211775146502319,0
YawnDD\no_yawn\7-FemaleNoGlasses_f000993_mar0.030.jpg,0.07351715741228254,0.8159464807617477,0
YawnDD\no_yawn\7-FemaleNoGlasses_f000996_mar0.030.jpg,0.07354798216737138,0.8149452528565324,0
YawnDD\no_yawn\7-FemaleNoGlasses_f000999_mar0.030.jpg,0.07305498087172627,0.8114378123084416,0
YawnDD\no_yawn\7-FemaleNoGlasses_f001002_mar0.030.jpg,0.07348676127793735,0.8160026355425405,0
YawnDD\no_yawn\7-FemaleNoGlasses_f001005_mar0.030.jpg,0.07345536442950461,0.815135914907548,0
YawnDD\no_yawn\7-FemaleNoGlasses_f001008_mar0.030.jpg,0.07572943018038343,0.8141349211455731,0
YawnDD\no_yawn\7-FemaleNoGlasses_f001014_mar0.030.jpg,0.07436933599703391,0.816690566913814,0
YawnDD\no_yawn\7-FemaleNoGlasses_f001017_mar0.030.jpg,0.07495612062123748,0.8133162063134778,0
YawnDD\no_yawn\7-FemaleNoGlasses_f001020_mar0.030.jpg,0.07357347887613233,0.8146297785646411,0
YawnDD\no_yawn\7-FemaleNoGlasses_f001023_mar0.030.jpg,0.07451756182472673,0.8124674297611287,0
YawnDD\no_yawn\7-FemaleNoGlasses_f001026_mar0.030.jpg,0.07693778083891492,0.8141382320151622,0
YawnDD\no_yawn\7-FemaleNoGlasses_f001035_mar0.030.jpg,0.07664061020337236,0.8095977567566666,0
YawnDD\no_yawn\7-FemaleNoGlasses_f001038_mar0.030.jpg,0.07693045593904574,0.8109318266859816,0
YawnDD\no_yawn\7-FemaleNoGlasses_f001041_mar0.030.jpg,0.07572706409155773,0.8085212596994071,0
YawnDD\no_yawn\7-FemaleNoGlasses_f001044_mar0.030.jpg,0.07670956566079498,0.8055981179285372,0
YawnDD\no_yawn\7-FemaleNoGlasses_f001047_mar0.030.jpg,0.07463410737986027,0.8060253272648134,0
YawnDD\no_yawn\7-FemaleNoGlasses_f001050_mar0.030.jpg,0.07563715517419248,0.8071152211529663,0
YawnDD\no_yawn\7-FemaleNoGlasses_f001053_mar0.030.jpg,0.07651472507647872,0.8072150139251502,0
YawnDD\no_yawn\7-FemaleNoGlasses_f001056_mar0.030.jpg,0.07611715030394671,0.8046533283682222,0
YawnDD\no_yawn\7-FemaleNoGlasses_f001059_mar0.030.jpg,0.07577117750778653,0.805379934419066,0
YawnDD\no_yawn\7-FemaleNoGlasses_f001065_mar0.030.jpg,0.0724337563236147,0.8302080880743856,0
YawnDD\no_yawn\7-FemaleNoGlasses_f001068_mar0.030.jpg,0.07504877094957843,0.8189932053527117,0
YawnDD\no_yawn\7-FemaleNoGlasses_f001071_mar0.030.jpg,0.07541160810433041,0.8137980227993756,0
YawnDD\no_yawn\7-FemaleNoGlasses_f001074_mar0.030.jpg,0.07417830714673924,0.8001723476867091,0
YawnDD\no_yawn\7-FemaleNoGlasses_f001077_mar0.030.jpg,0.07230130618472622,0.8195212147460375,0
YawnDD\no_yawn\7-FemaleNoGlasses_f001080_mar0.030.jpg,0.07378585246743061,0.8070689675858251,0
YawnDD\no_yawn\7-FemaleNoGlasses_f001083_mar0.030.jpg,0.07388138957584325,0.7971183057533994,0
YawnDD\no_yawn\7-FemaleNoGlasses_f001086_mar0.030.jpg,0.07470315549526423,0.779755838254216,0
YawnDD\no_yawn\7-FemaleNoGlasses_f001089_mar0.030.jpg,0.0731721496965484,0.8090549707963919,0
YawnDD\no_yawn\7-FemaleNoGlasses_f001092_mar0.030.jpg,0.07236150581068809,0.8272101115098234,0
YawnDD\no_yawn\7-FemaleNoGlasses_f001095_mar0.030.jpg,0.07203190404834459,0.7983859927283801,0
YawnDD\no_yawn\7-FemaleNoGlasses_f001104_mar0.030.jpg,0.07372876184100194,0.8236821451301128,0
YawnDD\no_yawn\7-FemaleNoGlasses_f001107_mar0.030.jpg,0.07513921592235055,0.7986849189023096,0
YawnDD\no_yawn\7-FemaleNoGlasses_f001110_mar0.030.jpg,0.0745134363699106,0.8155534126753899,0
YawnDD\no_yawn\7-FemaleNoGlasses_f001113_mar0.030.jpg,0.07803806816257544,0.8285614626594896,0
YawnDD\no_yawn\7-FemaleNoGlasses_f001116_mar0.030.jpg,0.07344223954193192,0.8155894043858745,0
YawnDD\no_yawn\7-FemaleNoGlasses_f001119_mar0.030.jpg,0.0744487191078279,0.8018515754675416,0
YawnDD\no_yawn\7-FemaleNoGlasses_f001122_mar0.030.jpg,0.07435736434567618,0.8077630276828613,0
YawnDD\no_yawn\7-FemaleNoGlasses_f001125_mar0.030.jpg,0.07450007255515011,0.8202900909408213,0
YawnDD\no_yawn\7-FemaleNoGlasses_f001128_mar0.030.jpg,0.07390890333185082,0.8173959616497722,0
YawnDD\no_yawn\7-FemaleNoGlasses_f001131_mar0.030.jpg,0.07360889717187688,0.8150137745533363,0
YawnDD\no_yawn\7-FemaleNoGlasses_f001134_mar0.030.jpg,0.07694449081893849,0.8287939761431664,0
YawnDD\no_yawn\7-FemaleNoGlasses_f001137_mar0.030.jpg,0.07630818799664034,0.8292986773226764,0
YawnDD\no_yawn\7-FemaleNoGlasses_f001140_mar0.030.jpg,0.07524493297399108,0.8281047440970626,0
YawnDD\no_yawn\7-FemaleNoGlasses_f001143_mar0.030.jpg,0.07347345166664437,0.821801776435591,0
YawnDD\no_yawn\7-FemaleNoGlasses_f001146_mar0.030.jpg,0.07395150632430836,0.8224980577496707,0
YawnDD\no_yawn\7-FemaleNoGlasses_f001152_mar0.030.jpg,0.07284673135668197,0.8157610602655149,0
YawnDD\no_yawn\7-FemaleNoGlasses_f001161_mar0.030.jpg,0.11352096906477402,0.8232067267810188,0
YawnDD\no_yawn\7-FemaleNoGlasses_f001164_mar0.030.jpg,0.07197804945025996,0.8253085437443082,0
YawnDD\no_yawn\7-FemaleNoGlasses_f001170_mar0.030.jpg,0.12042761766097454,0.8273970235896948,0
YawnDD\no_yawn\7-FemaleNoGlasses_f001173_mar0.031.jpg,0.11112906750518448,0.8203593552226001,0
YawnDD\no_yawn\7-FemaleNoGlasses_f001176_mar0.030.jpg,0.07519846447172601,0.8070235883372371,0
YawnDD\no_yawn\7-FemaleNoGlasses_f001179_mar0.030.jpg,0.07549603525498258,0.8036101005797218,0
YawnDD\no_yawn\7-FemaleNoGlasses_f001194_mar0.030.jpg,0.07005374136787197,0.8108156038696004,0
YawnDD\no_yawn\7-FemaleNoGlasses_f001215_mar0.030.jpg,0.09586430570974251,0.8151599895910481,0
YawnDD\no_yawn\7-FemaleNoGlasses_f001221_mar0.030.jpg,0.0703678573394144,0.8225126151656018,0
YawnDD\no_yawn\7-FemaleNoGlasses_f001230_mar0.030.jpg,0.10756853219615829,0.8154107808146269,0
YawnDD\no_yawn\7-FemaleNoGlasses_f001242_mar0.030.jpg,0.07193921140875727,0.835290638953015,0
YawnDD\no_yawn\7-FemaleNoGlasses_f001260_mar0.030.jpg,0.08805907103564001,0.8109115815772259,0
YawnDD\no_yawn\7-FemaleNoGlasses_f001272_mar0.030.jpg,0.10381488199523356,0.8137994972071715,0
YawnDD\no_yawn\7-FemaleNoGlasses_f001275_mar0.030.jpg,0.08124599179301081,0.810117642337518,0
YawnDD\no_yawn\7-FemaleNoGlasses_f001278_mar0.030.jpg,0.0972231636604412,0.8047444822090887,0
YawnDD\no_yawn\7-FemaleNoGlasses_f001281_mar0.030.jpg,0.09465948622900218,0.8007920767890918,0
YawnDD\no_yawn\7-FemaleNoGlasses_f001284_mar0.030.jpg,0.09381330347053479,0.8006798420358766,0
YawnDD\no_yawn\7-FemaleNoGlasses_f001287_mar0.030.jpg,0.07859512378714512,0.8031055714141361,0
YawnDD\no_yawn\7-FemaleNoGlasses_f001290_mar0.030.jpg,0.07565455915261693,0.7984323860731048,0
YawnDD\no_yawn\7-FemaleNoGlasses_f001296_mar0.030.jpg,0.07286163159130887,0.8085817882954031,0
YawnDD\no_yawn\7-FemaleNoGlasses_f001299_mar0.030.jpg,0.07515141454539441,0.7970385236753178,0
YawnDD\no_yawn\7-FemaleNoGlasses_f001302_mar0.030.jpg,0.0732103490183175,0.8036118995385682,0
YawnDD\no_yawn\7-FemaleNoGlasses_f001305_mar0.030.jpg,0.07190870940037117,0.8139949478388708,0
YawnDD\no_yawn\7-FemaleNoGlasses_f001308_mar0.030.jpg,0.0904163128369648,0.841562792101889,0
YawnDD\no_yawn\7-FemaleNoGlasses_f001395_mar0.030.jpg,0.07482081387004902,0.8135037750419832,0
YawnDD\no_yawn\7-FemaleNoGlasses_f001398_mar0.030.jpg,0.07216951732434579,0.8123584745089459,0
YawnDD\no_yawn\7-FemaleNoGlasses_f001401_mar0.030.jpg,0.07669228426531224,0.8119649003776164,0
YawnDD\no_yawn\7-FemaleNoGlasses_f001404_mar0.030.jpg,0.07325843174531592,0.8086864502356157,0
YawnDD\no_yawn\7-FemaleNoGlasses_f001407_mar0.030.jpg,0.07290294999064967,0.8164444513264463,0
YawnDD\no_yawn\7-FemaleNoGlasses_f001413_mar0.030.jpg,0.07383983129117126,0.8153469248813148,0
YawnDD\no_yawn\7-FemaleNoGlasses_f001416_mar0.030.jpg,0.07499437544428665,0.8095430893647708,0
YawnDD\no_yawn\7-FemaleNoGlasses_f001419_mar0.030.jpg,0.0762548754831633,0.8157180294032146,0
YawnDD\no_yawn\7-FemaleNoGlasses_f001422_mar0.030.jpg,0.07541692382259747,0.8181544068676403,0
YawnDD\no_yawn\7-FemaleNoGlasses_f001425_mar0.030.jpg,0.07454875811088757,0.8092468923374849,0
YawnDD\no_yawn\7-FemaleNoGlasses_f001428_mar0.030.jpg,0.07298769579813752,0.813471003699977,0
YawnDD\no_yawn\7-FemaleNoGlasses_f001431_mar0.030.jpg,0.07247529590494521,0.8152207561867761,0
YawnDD\no_yawn\7-FemaleNoGlasses_f001437_mar0.030.jpg,0.07285689649321334,0.8300897181127023,0
YawnDD\no_yawn\7-FemaleNoGlasses_f001440_mar0.030.jpg,0.0722843037422128,0.8196899288076002,0
YawnDD\no_yawn\7-FemaleNoGlasses_f001443_mar0.030.jpg,0.07689103351237302,0.8149196173816288,0
YawnDD\no_yawn\7-FemaleNoGlasses_f001446_mar0.030.jpg,0.07367038695883674,0.819509610721646,0
YawnDD\no_yawn\7-FemaleNoGlasses_f001449_mar0.030.jpg,0.07459483022111363,0.8192581697216909,0
YawnDD\no_yawn\7-FemaleNoGlasses_f001452_mar0.030.jpg,0.0725722516297456,0.8285299578795022,0
YawnDD\no_yawn\7-FemaleNoGlasses_f001455_mar0.030.jpg,0.0761027896732996,0.8118384849427589,0
YawnDD\no_yawn\7-FemaleNoGlasses_f001458_mar0.030.jpg,0.07408597437590263,0.8209931896487878,0
YawnDD\no_yawn\7-FemaleNoGlasses_f001461_mar0.030.jpg,0.07533867269614239,0.8169256409120005,0
YawnDD\no_yawn\7-FemaleNoGlasses_f001464_mar0.030.jpg,0.07332136546140268,0.8246520412160726,0
YawnDD\no_yawn\7-FemaleNoGlasses_f001467_mar0.030.jpg,0.07363624689400923,0.8275144348544955,0
YawnDD\no_yawn\7-FemaleNoGlasses_f001470_mar0.030.jpg,0.0746625936065489,0.8204774315428782,0
YawnDD\no_yawn\7-FemaleNoGlasses_f001473_mar0.030.jpg,0.0741727941949424,0.8175358259568526,0
YawnDD\no_yawn\7-FemaleNoGlasses_f001479_mar0.030.jpg,0.07336663627956376,0.81502111957375,0
YawnDD\no_yawn\7-FemaleNoGlasses_f001482_mar0.030.jpg,0.07261500504859514,0.8086663881801756,0
YawnDD\no_yawn\7-FemaleNoGlasses_f001485_mar0.030.jpg,0.07167663152830202,0.8044835435510966,0
YawnDD\no_yawn\7-FemaleNoGlasses_f001488_mar0.030.jpg,0.0715563002789696,0.8178958771426443,0
YawnDD\no_yawn\7-FemaleNoGlasses_f001497_mar0.030.jpg,0.07468518056615575,0.8132498167775412,0
YawnDD\no_yawn\7-FemaleNoGlasses_f001500_mar0.030.jpg,0.0749548937721913,0.8244984481766413,0
YawnDD\no_yawn\7-FemaleNoGlasses_f001503_mar0.030.jpg,0.07603564305429618,0.8221131434870781,0
YawnDD\no_yawn\7-FemaleNoGlasses_f001506_mar0.030.jpg,0.07607586327691085,0.811568375121349,0
YawnDD\no_yawn\7-FemaleNoGlasses_f001509_mar0.030.jpg,0.07611171590872516,0.8059133778442936,0
YawnDD\no_yawn\7-FemaleNoGlasses_f001512_mar0.030.jpg,0.0736473038675602,0.7970970303255539,0
YawnDD\no_yawn\7-FemaleNoGlasses_f001515_mar0.030.jpg,0.07322610689432735,0.8029740955615858,0
YawnDD\no_yawn\7-FemaleNoGlasses_f001518_mar0.030.jpg,0.07421239222654001,0.8071845983931089,0
YawnDD\no_yawn\7-FemaleNoGlasses_f001521_mar0.030.jpg,0.07512152331989198,0.8105342225203154,0
YawnDD\no_yawn\7-FemaleNoGlasses_f001527_mar0.030.jpg,0.07517904413382716,0.8246292421661744,0
YawnDD\no_yawn\7-FemaleNoGlasses_f001530_mar0.030.jpg,0.07166876682418724,0.825517131187135,0
YawnDD\no_yawn\7-FemaleNoGlasses_f001533_mar0.030.jpg,0.07237478522801208,0.8315867898634837,0
YawnDD\no_yawn\7-FemaleNoGlasses_f001563_mar0.030.jpg,0.07340222870804275,0.8265255753358854,0
YawnDD\no_yawn\7-FemaleNoGlasses_f001581_mar0.030.jpg,0.07465807806915875,0.8330504497313659,0
YawnDD\no_yawn\7-FemaleNoGlasses_f001590_mar0.030.jpg,0.0886096626255125,0.8423490660694883,0
YawnDD\no_yawn\7-FemaleNoGlasses_f001599_mar0.030.jpg,0.07423248127672205,0.8135959607717342,0
YawnDD\no_yawn\7-FemaleNoGlasses_f001602_mar0.030.jpg,0.07028297286482688,0.8029855054912439,0
YawnDD\no_yawn\7-FemaleNoGlasses_f001614_mar0.030.jpg,0.07935716483461713,0.7963455891607593,0
YawnDD\no_yawn\7-FemaleNoGlasses_f001620_mar0.030.jpg,0.07322584072782452,0.8029504868425551,0
YawnDD\no_yawn\7-FemaleNoGlasses_f001629_mar0.030.jpg,0.07026157113414114,0.8402373100778909,0
YawnDD\no_yawn\7-FemaleNoGlasses_f001641_mar0.030.jpg,0.07311204274213291,0.8409644380639892,0
YawnDD\no_yawn\7-FemaleNoGlasses_f001662_mar0.030.jpg,0.0797064453314138,0.8211189919487765,0
YawnDD\no_yawn\7-FemaleNoGlasses_f001665_mar0.030.jpg,0.07883250188082848,0.7945313139445598,0
YawnDD\no_yawn\7-FemaleNoGlasses_f001668_mar0.030.jpg,0.08065364928504788,0.7946293229077952,0
YawnDD\no_yawn\7-FemaleNoGlasses_f001686_mar0.030.jpg,0.07738792360975075,0.8137076550977977,0
YawnDD\no_yawn\7-FemaleNoGlasses_f001689_mar0.030.jpg,0.08293750365130736,0.8118610807896941,0
YawnDD\no_yawn\7-FemaleNoGlasses_f001710_mar0.030.jpg,0.07478719106385483,0.7895126648647178,0
YawnDD\no_yawn\7-FemaleNoGlasses_f001713_mar0.030.jpg,0.07780764827505805,0.7805300046761768,0
YawnDD\no_yawn\7-FemaleNoGlasses_f001716_mar0.030.jpg,0.07965535023479649,0.7841768617965469,0
YawnDD\no_yawn\7-FemaleNoGlasses_f001719_mar0.030.jpg,0.08074970824673788,0.7854612030102551,0
YawnDD\no_yawn\7-FemaleNoGlasses_f001725_mar0.030.jpg,0.07637625478746535,0.8050297488405698,0
YawnDD\no_yawn\7-FemaleNoGlasses_f001728_mar0.030.jpg,0.07773358831648107,0.8034423387982005,0
YawnDD\no_yawn\7-FemaleNoGlasses_f001731_mar0.030.jpg,0.07748986618999174,0.8049023484789718,0
YawnDD\no_yawn\7-FemaleNoGlasses_f001734_mar0.030.jpg,0.07741010856232007,0.8000262234664535,0
YawnDD\no_yawn\7-FemaleNoGlasses_f001737_mar0.030.jpg,0.07640939189359046,0.8080359296845987,0
YawnDD\no_yawn\7-FemaleNoGlasses_f001740_mar0.030.jpg,0.0764128895140362,0.8050263247262727,0
YawnDD\no_yawn\7-FemaleNoGlasses_f001743_mar0.030.jpg,0.07568125108544846,0.8022394822041569,0
YawnDD\no_yawn\7-FemaleNoGlasses_f001746_mar0.030.jpg,0.07827248872029448,0.8122328689100224,0
YawnDD\no_yawn\7-FemaleNoGlasses_f001749_mar0.030.jpg,0.08078885259469872,0.8062431758125266,0
YawnDD\no_yawn\7-FemaleNoGlasses_f001770_mar0.030.jpg,0.08629365344146998,0.8117482723146633,0
YawnDD\no_yawn\7-FemaleNoGlasses_f001857_mar0.030.jpg,0.07307439873650326,0.7939370519122725,0
YawnDD\no_yawn\7-FemaleNoGlasses_f001860_mar0.030.jpg,0.0740530720623538,0.7878291632066335,0
YawnDD\no_yawn\7-FemaleNoGlasses_f001863_mar0.030.jpg,0.07643521851113369,0.7846086490463605,0
YawnDD\no_yawn\7-FemaleNoGlasses_f001866_mar0.030.jpg,0.0766180554135836,0.7895293527357311,0
YawnDD\no_yawn\7-FemaleNoGlasses_f001869_mar0.030.jpg,0.07383116848881155,0.7990545142249389,0
YawnDD\no_yawn\7-FemaleNoGlasses_f001872_mar0.030.jpg,0.0762512608720968,0.801705082944353,0
YawnDD\no_yawn\7-FemaleNoGlasses_f001875_mar0.030.jpg,0.07557347165034248,0.802777956772591,0
YawnDD\no_yawn\7-FemaleNoGlasses_f001878_mar0.030.jpg,0.07507881084736077,0.7973678533460598,0
YawnDD\no_yawn\7-FemaleNoGlasses_f001881_mar0.030.jpg,0.07510873605704006,0.8037762901293217,0
YawnDD\no_yawn\7-FemaleNoGlasses_f001884_mar0.030.jpg,0.07494548087869031,0.798928573218923,0
YawnDD\no_yawn\7-FemaleNoGlasses_f001887_mar0.030.jpg,0.07654365001939216,0.7924012828566311,0
YawnDD\no_yawn\7-FemaleNoGlasses_f001890_mar0.030.jpg,0.07622397083060145,0.8038749504401141,0
YawnDD\no_yawn\7-FemaleNoGlasses_f001893_mar0.030.jpg,0.07426625901475997,0.8005867761396283,0
YawnDD\no_yawn\7-FemaleNoGlasses_f001896_mar0.030.jpg,0.07687198025683159,0.7952743580622408,0
YawnDD\no_yawn\7-FemaleNoGlasses_f001899_mar0.030.jpg,0.07716745914312689,0.8044087460821818,0
YawnDD\no_yawn\7-FemaleNoGlasses_f001902_mar0.030.jpg,0.07495236444214581,0.8002015751619672,0
YawnDD\no_yawn\7-FemaleNoGlasses_f001905_mar0.030.jpg,0.0759288716038842,0.7979938716416387,0
YawnDD\no_yawn\7-FemaleNoGlasses_f001908_mar0.030.jpg,0.07523721358706624,0.8018334277574545,0
YawnDD\no_yawn\7-FemaleNoGlasses_f001911_mar0.030.jpg,0.07729966726299525,0.7986370563568103,0
YawnDD\no_yawn\7-FemaleNoGlasses_f001914_mar0.030.jpg,0.0741341839120322,0.7956058614662638,0
YawnDD\no_yawn\7-FemaleNoGlasses_f001917_mar0.030.jpg,0.07422567151679878,0.7989503361189222,0
YawnDD\no_yawn\7-FemaleNoGlasses_f001920_mar0.030.jpg,0.07702392941138336,0.7930220580667933,0
YawnDD\no_yawn\7-FemaleNoGlasses_f001923_mar0.030.jpg,0.07784895154336084,0.7966859057663579,0
YawnDD\no_yawn\7-FemaleNoGlasses_f001929_mar0.030.jpg,0.07715650106595756,0.8074336480809582,0
YawnDD\no_yawn\7-FemaleNoGlasses_f001932_mar0.030.jpg,0.07796047458617923,0.7968993194272803,0
YawnDD\no_yawn\7-FemaleNoGlasses_f001935_mar0.030.jpg,0.07686074392165712,0.7983415727658281,0
YawnDD\no_yawn\7-FemaleNoGlasses_f001938_mar0.030.jpg,0.07784930435465899,0.791436770984634,0
YawnDD\no_yawn\7-FemaleNoGlasses_f001941_mar0.030.jpg,0.07638627509966259,0.7993552653206819,0
YawnDD\no_yawn\7-FemaleNoGlasses_f001959_mar0.030.jpg,0.07239657671944785,0.8241109694880776,0
YawnDD\no_yawn\7-FemaleNoGlasses_f001962_mar0.030.jpg,0.0732007216929664,0.8445761600247401,0
YawnDD\no_yawn\7-FemaleNoGlasses_f001983_mar0.030.jpg,0.08354423455778075,0.8062825977620028,0
YawnDD\no_yawn\7-FemaleNoGlasses_f002010_mar0.030.jpg,0.07559357806445349,0.8491482768556325,0
YawnDD\no_yawn\7-FemaleNoGlasses_f002031_mar0.030.jpg,0.07337597436456757,0.8126883212867485,0
YawnDD\no_yawn\7-FemaleNoGlasses_f002061_mar0.030.jpg,0.08111322331620277,0.8034023776612769,0
YawnDD\no_yawn\7-FemaleNoGlasses_f002064_mar0.030.jpg,0.07652740466882141,0.7860732744202337,0
YawnDD\no_yawn\7-FemaleNoGlasses_f002067_mar0.030.jpg,0.07800607243771555,0.7937179629459017,0
YawnDD\no_yawn\7-FemaleNoGlasses_f002115_mar0.030.jpg,0.07599720475017925,0.8526243571076831,0
YawnDD\no_yawn\7-FemaleNoGlasses_f002148_mar0.030.jpg,0.07451213033901029,0.8294689489504703,0
YawnDD\no_yawn\7-FemaleNoGlasses_f002163_mar0.032.jpg,0.10479511784178301,0.8281258067431968,0
YawnDD\no_yawn\7-FemaleNoGlasses_f002169_mar0.030.jpg,0.07070858924983167,0.8489391502683318,0
YawnDD\no_yawn\7-FemaleNoGlasses_f002184_mar0.039.jpg,0.10470974830646737,0.8351221708905537,0
YawnDD\no_yawn\7-FemaleNoGlasses_f002193_mar0.030.jpg,0.06803289623880611,0.8284299343461057,0
YawnDD\no_yawn\7-FemaleNoGlasses_f002217_mar0.030.jpg,0.07026295460071345,0.7923040862827817,0
YawnDD\no_yawn\7-FemaleNoGlasses_f002220_mar0.030.jpg,0.06925160116661086,0.7704783515041764,0
YawnDD\no_yawn\7-FemaleNoGlasses_f002223_mar0.030.jpg,0.07035435397917382,0.749297839430115,0
YawnDD\no_yawn\7-FemaleNoGlasses_f002229_mar0.030.jpg,0.06937139859780049,0.767491668565029,0
YawnDD\no_yawn\7-FemaleNoGlasses_f002232_mar0.030.jpg,0.07131813320900865,0.7773157589931449,0
YawnDD\no_yawn\7-FemaleNoGlasses_f002235_mar0.030.jpg,0.07262825829732489,0.7934405133735654,0
YawnDD\no_yawn\7-FemaleNoGlasses_f002238_mar0.030.jpg,0.07569715317052529,0.8139026920114414,0
YawnDD\no_yawn\7-FemaleNoGlasses_f002259_mar0.030.jpg,0.07457418266206091,0.8179209924570834,0
YawnDD\no_yawn\7-FemaleNoGlasses_f002262_mar0.030.jpg,0.07377243700121783,0.8061568322608492,0
YawnDD\no_yawn\7-FemaleNoGlasses_f002265_mar0.030.jpg,0.07734085389527304,0.7638113059737139,0
YawnDD\no_yawn\7-FemaleNoGlasses_f002277_mar0.030.jpg,0.08566912130959123,0.8070513567116592,0
YawnDD\no_yawn\7-FemaleNoGlasses_f002280_mar0.031.jpg,0.08110873381175004,0.7941898168997629,0
YawnDD\no_yawn\7-FemaleNoGlasses_f002298_mar0.030.jpg,0.10136547402091248,0.803519207024678,0
YawnDD\no_yawn\7-FemaleNoGlasses_f002316_mar0.030.jpg,0.078902338012965,0.8220500870580472,0
YawnDD\no_yawn\7-FemaleNoGlasses_f002319_mar0.030.jpg,0.07708221826429695,0.8068276099195832,0
YawnDD\no_yawn\7-FemaleNoGlasses_f002334_mar0.030.jpg,0.0710132482728627,0.8975979401842715,0
YawnDD\no_yawn\7-FemaleNoGlasses_f002394_mar0.030.jpg,0.07780084111902821,0.8153336767507309,0
YawnDD\no_yawn\7-FemaleNoGlasses_f002406_mar0.030.jpg,0.06632157741944172,0.8342116938224354,0
YawnDD\no_yawn\7-FemaleNoGlasses_f002475_mar0.030.jpg,0.06949764344144417,0.8198828788590203,0
YawnDD\no_yawn\7-FemaleNoGlasses_f002508_mar0.030.jpg,0.1204747574774411,0.832002501877815,0
YawnDD\no_yawn\7-FemaleNoGlasses_f002619_mar0.030.jpg,0.07061290955379786,0.8493196077629764,0
YawnDD\no_yawn\7-FemaleNoGlasses_f002622_mar0.030.jpg,0.06992558594806401,0.8258550245649363,0
YawnDD\no_yawn\7-FemaleNoGlasses_f002625_mar0.030.jpg,0.07070015524021823,0.8244010534190824,0
YawnDD\no_yawn\7-FemaleNoGlasses_f002634_mar0.030.jpg,0.07136009955278345,0.8217334925085714,0
YawnDD\no_yawn\7-FemaleNoGlasses_f002646_mar0.030.jpg,0.06985019733309751,0.8181069298402796,0
YawnDD\no_yawn\7-FemaleNoGlasses_f002667_mar0.030.jpg,0.0711744492698615,0.8347664409627702,0
YawnDD\no_yawn\7-FemaleNoGlasses_f002673_mar0.030.jpg,0.0701405044913286,0.8326435539139536,0
YawnDD\no_yawn\7-FemaleNoGlasses_f002688_mar0.030.jpg,0.07628601486532989,0.8250718388193261,0
YawnDD\no_yawn\7-FemaleNoGlasses_f002766_mar0.030.jpg,0.08073590190141436,0.8277788603640718,0
YawnDD\no_yawn\7-FemaleNoGlasses_f002772_mar0.030.jpg,0.07323279027876331,0.8348110065999663,0
YawnDD\no_yawn\7-FemaleNoGlasses_f002781_mar0.030.jpg,0.0747549776890783,0.8267978458217083,0
YawnDD\no_yawn\7-FemaleNoGlasses_f002847_mar0.030.jpg,0.07793195687035817,0.7962616532556206,0
YawnDD\no_yawn\7-FemaleNoGlasses_f002907_mar0.030.jpg,0.1048522564157385,0.8258380826243159,0
YawnDD\no_yawn\7-FemaleNoGlasses_f002919_mar0.030.jpg,0.07342729069073978,0.833208398411102,0
YawnDD\no_yawn\7-FemaleNoGlasses_f002931_mar0.030.jpg,0.06986295368266823,0.8727017607458132,0
YawnDD\no_yawn\7-FemaleNoGlasses_f002949_mar0.030.jpg,0.06135468331032779,0.919431711485765,0
YawnDD\no_yawn\7-FemaleNoGlasses_f002985_mar0.030.jpg,0.0984754147297785,0.8627115564534018,0
YawnDD\no_yawn\7-FemaleNoGlasses_f003003_mar0.030.jpg,0.06827501193881765,0.8491525492107996,0
YawnDD\no_yawn\7-FemaleNoGlasses_f003027_mar0.030.jpg,0.07557640894652214,0.7976565968331966,0
YawnDD\no_yawn\7-FemaleNoGlasses_f003030_mar0.030.jpg,0.06969214387830275,0.7809540624990771,0
YawnDD\no_yawn\7-FemaleNoGlasses_f003039_mar0.031.jpg,0.10570617783412711,0.8113233884731087,0
YawnDD\no_yawn\7-FemaleNoGlasses_f003102_mar0.030.jpg,0.07387211309767107,0.8199229180109361,0
YawnDD\no_yawn\7-FemaleNoGlasses_f003105_mar0.030.jpg,0.07647245051664851,0.8081583002862158,0
YawnDD\no_yawn\7-FemaleNoGlasses_f003108_mar0.030.jpg,0.07724890811123047,0.8073055591282349,0
YawnDD\no_yawn\7-FemaleNoGlasses_f003111_mar0.030.jpg,0.07719102689451676,0.8075109992924768,0
YawnDD\no_yawn\7-FemaleNoGlasses_f003114_mar0.030.jpg,0.07332867980569363,0.8135817405980598,0
YawnDD\no_yawn\7-FemaleNoGlasses_f003117_mar0.030.jpg,0.07344759787509769,0.8179204561607757,0
YawnDD\no_yawn\7-FemaleNoGlasses_f003120_mar0.030.jpg,0.07232083414830116,0.835321213487711,0
YawnDD\no_yawn\7-FemaleNoGlasses_f003123_mar0.030.jpg,0.07096651332832782,0.8419911944071264,0
YawnDD\no_yawn\7-FemaleNoGlasses_f003132_mar0.030.jpg,0.07332576444341736,0.8263736589255396,0
YawnDD\no_yawn\7-FemaleNoGlasses_f003147_mar0.030.jpg,0.1111083044888772,0.8230624572189419,0
YawnDD\no_yawn\7-FemaleNoGlasses_f003180_mar0.030.jpg,0.07541000887449843,0.8299164546091381,0
YawnDD\no_yawn\7-FemaleNoGlasses_f003183_mar0.030.jpg,0.07492868244449041,0.8300213250004239,0
YawnDD\no_yawn\7-FemaleNoGlasses_f003195_mar0.037.jpg,0.11938033418402136,0.8119413516569124,0
YawnDD\no_yawn\7-FemaleNoGlasses_f003342_mar0.030.jpg,0.09281962991919643,0.8083383537155453,0
YawnDD\no_yawn\7-FemaleNoGlasses_f003345_mar0.039.jpg,0.12893996571960376,0.8196674873950301,0
YawnDD\no_yawn\7-FemaleNoGlasses_f003348_mar0.030.jpg,0.10426150740548311,0.8177061879935574,0
YawnDD\no_yawn\7-FemaleNoGlasses_f003351_mar0.032.jpg,0.10337126389723192,0.8092806147115895,0
YawnDD\no_yawn\7-FemaleNoGlasses_f003450_mar0.030.jpg,0.07708992744826898,0.7876652850205124,0
YawnDD\no_yawn\7-FemaleNoGlasses_f003453_mar0.030.jpg,0.07680405016015408,0.7801448530446213,0
YawnDD\no_yawn\7-FemaleNoGlasses_f003456_mar0.030.jpg,0.07503197905324832,0.7874985048370798,0
YawnDD\no_yawn\7-FemaleNoGlasses_f003459_mar0.030.jpg,0.07534053811680248,0.800841946449146,0
YawnDD\no_yawn\7-FemaleNoGlasses_f003462_mar0.030.jpg,0.0738955478592062,0.7931964211607646,0
YawnDD\no_yawn\7-FemaleNoGlasses_f003465_mar0.030.jpg,0.07352323091654442,0.8011967313151868,0
YawnDD\no_yawn\7-FemaleNoGlasses_f003468_mar0.030.jpg,0.07276516595065208,0.7990920146378877,0
YawnDD\no_yawn\7-FemaleNoGlasses_f003471_mar0.030.jpg,0.07515967702528148,0.8085303695227878,0
YawnDD\no_yawn\7-FemaleNoGlasses_f003474_mar0.030.jpg,0.07571293697476526,0.8015090215695725,0
YawnDD\no_yawn\7-FemaleNoGlasses_f003477_mar0.030.jpg,0.07456552032169264,0.8016226610814254,0
YawnDD\no_yawn\7-FemaleNoGlasses_f003480_mar0.030.jpg,0.07458055750898798,0.8025767366393294,0
YawnDD\no_yawn\7-FemaleNoGlasses_f003483_mar0.030.jpg,0.07614250622753244,0.8045500117535176,0
YawnDD\no_yawn\7-FemaleNoGlasses_f003486_mar0.030.jpg,0.07565148565837089,0.8002951643013612,0
YawnDD\no_yawn\7-FemaleNoGlasses_f003489_mar0.030.jpg,0.07659228331434347,0.7899755073682185,0
YawnDD\no_yawn\7-FemaleNoGlasses_f003492_mar0.030.jpg,0.07404123921615248,0.7909874186370714,0
YawnDD\no_yawn\7-FemaleNoGlasses_f003495_mar0.030.jpg,0.07695988764336789,0.7878333992526952,0
YawnDD\no_yawn\7-FemaleNoGlasses_f003498_mar0.030.jpg,0.07594688971379628,0.7957021823117718,0
YawnDD\no_yawn\7-FemaleNoGlasses_f003504_mar0.030.jpg,0.077796861142843,0.8000510225438181,0
YawnDD\no_yawn\7-FemaleNoGlasses_f003507_mar0.030.jpg,0.07510382942662834,0.8010299739311312,0
YawnDD\no_yawn\7-FemaleNoGlasses_f003510_mar0.030.jpg,0.07528616155618438,0.8049968390681664,0
YawnDD\no_yawn\7-FemaleNoGlasses_f003513_mar0.030.jpg,0.07493986669028241,0.8033433091198386,0
YawnDD\no_yawn\7-FemaleNoGlasses_f003516_mar0.030.jpg,0.07390181517315289,0.8133061657054723,0
YawnDD\no_yawn\7-FemaleNoGlasses_f003519_mar0.030.jpg,0.0733036253053758,0.8043204466027697,0
YawnDD\no_yawn\7-FemaleNoGlasses_f003522_mar0.030.jpg,0.07345405923439417,0.8040163549600631,0
YawnDD\no_yawn\7-FemaleNoGlasses_f003525_mar0.030.jpg,0.0724313198983821,0.800863577293248,0
YawnDD\no_yawn\7-FemaleNoGlasses_f003528_mar0.030.jpg,0.0727398714994397,0.8034701136883755,0
YawnDD\no_yawn\7-FemaleNoGlasses_f003531_mar0.030.jpg,0.07370282492552471,0.802967897753932,0
YawnDD\no_yawn\7-FemaleNoGlasses_f003534_mar0.030.jpg,0.0726932255837738,0.8071870273127582,0
YawnDD\no_yawn\7-FemaleNoGlasses_f003540_mar0.030.jpg,0.07292811998620458,0.8061278831274771,0
YawnDD\no_yawn\7-FemaleNoGlasses_f003543_mar0.030.jpg,0.07508279456900775,0.8034962796022965,0
YawnDD\no_yawn\7-FemaleNoGlasses_f003546_mar0.030.jpg,0.07387543700517493,0.7990897301682596,0
YawnDD\no_yawn\7-FemaleNoGlasses_f003549_mar0.030.jpg,0.07245351801307663,0.8041318816342323,0
YawnDD\no_yawn\7-FemaleNoGlasses_f003552_mar0.030.jpg,0.07410158190773497,0.8019189753567512,0
YawnDD\no_yawn\7-FemaleNoGlasses_f003555_mar0.030.jpg,0.07551259653461417,0.8023068877212362,0
YawnDD\no_yawn\7-FemaleNoGlasses_f003558_mar0.030.jpg,0.0758576386634348,0.7903580040315847,0
YawnDD\no_yawn\7-FemaleNoGlasses_f003561_mar0.030.jpg,0.07538801857894903,0.8023218984928805,0
YawnDD\no_yawn\7-FemaleNoGlasses_f003564_mar0.030.jpg,0.07235468344968587,0.796373639205919,0
YawnDD\no_yawn\7-FemaleNoGlasses_f003567_mar0.030.jpg,0.0742162255021597,0.7948992318023704,0
YawnDD\no_yawn\7-FemaleNoGlasses_f003570_mar0.030.jpg,0.07417960779837038,0.8018691276066346,0
YawnDD\no_yawn\7-FemaleNoGlasses_f003573_mar0.030.jpg,0.07406576064090246,0.8024175409304248,0
YawnDD\no_yawn\7-FemaleNoGlasses_f003579_mar0.030.jpg,0.07411557430025405,0.8275631404636078,0
YawnDD\no_yawn\7-FemaleNoGlasses_f003582_mar0.030.jpg,0.07662629230295226,0.834201594566647,0
YawnDD\no_yawn\7-FemaleNoGlasses_f003597_mar0.030.jpg,0.09087892795052774,0.8063617969657695,0
YawnDD\no_yawn\7-FemaleNoGlasses_f003600_mar0.030.jpg,0.07887273490201174,0.8033011310782943,0
YawnDD\no_yawn\7-FemaleNoGlasses_f003603_mar0.030.jpg,0.08636045679118175,0.8142431730174664,0
YawnDD\no_yawn\7-MaleGlasses_f000000_mar0.030.jpg,0.07520144556452107,1.0435738832968726,0
YawnDD\no_yawn\7-MaleGlasses_f000003_mar0.030.jpg,0.07533982621826134,1.0455595899696504,0
YawnDD\no_yawn\7-MaleGlasses_f000006_mar0.030.jpg,0.07264007907105317,1.0197878351911664,0
YawnDD\no_yawn\7-MaleGlasses_f000009_mar0.030.jpg,0.07347035257154858,1.0255284678809862,0
YawnDD\no_yawn\7-MaleGlasses_f000012_mar0.030.jpg,0.07423403201855219,1.0397628122884854,0
YawnDD\no_yawn\7-MaleGlasses_f000015_mar0.030.jpg,0.07446240325916338,1.0388166583189942,0
YawnDD\no_yawn\7-MaleGlasses_f000018_mar0.030.jpg,0.07185885518377089,1.0314296049288394,0
YawnDD\no_yawn\7-MaleGlasses_f000021_mar0.030.jpg,0.0727020229517301,1.0405431918969894,0
YawnDD\no_yawn\7-MaleGlasses_f000024_mar0.030.jpg,0.0734976378158919,1.0270841429758624,0
YawnDD\no_yawn\7-MaleGlasses_f000027_mar0.030.jpg,0.07331221167462669,1.0452018775869514,0
YawnDD\no_yawn\7-MaleGlasses_f000033_mar0.030.jpg,0.07390881158477228,1.0654862130546077,0
YawnDD\no_yawn\7-MaleGlasses_f000036_mar0.030.jpg,0.07392680808418814,1.0529370477563837,0
YawnDD\no_yawn\7-MaleGlasses_f000039_mar0.030.jpg,0.07353024633988786,1.0729302784445895,0
YawnDD\no_yawn\7-MaleGlasses_f000042_mar0.030.jpg,0.0751702350762159,1.060289269052649,0
YawnDD\no_yawn\7-MaleGlasses_f000045_mar0.030.jpg,0.07360320834194993,1.0680980833424045,0
YawnDD\no_yawn\7-MaleGlasses_f000048_mar0.030.jpg,0.07479681442435757,1.0432385301995486,0
YawnDD\no_yawn\7-MaleGlasses_f000051_mar0.030.jpg,0.07516517730144352,1.0578957889459863,0
YawnDD\no_yawn\7-MaleGlasses_f000054_mar0.030.jpg,0.07318437215580968,1.0432004351982378,0
YawnDD\no_yawn\7-MaleGlasses_f000057_mar0.030.jpg,0.07086646086371322,1.0293520716040314,0
YawnDD\no_yawn\7-MaleGlasses_f000060_mar0.030.jpg,0.07024317920807469,1.0208646491210638,0
YawnDD\no_yawn\7-MaleGlasses_f000063_mar0.030.jpg,0.07046333107772852,1.0351146625030543,0
YawnDD\no_yawn\7-MaleGlasses_f000066_mar0.030.jpg,0.07135192579073651,0.9884281829993107,0
YawnDD\no_yawn\7-MaleGlasses_f000069_mar0.030.jpg,0.07149897124617488,1.0219587729774726,0
YawnDD\no_yawn\7-MaleGlasses_f000072_mar0.030.jpg,0.07164839077593087,1.0268903195107417,0
YawnDD\no_yawn\7-MaleGlasses_f000075_mar0.030.jpg,0.07049592326910875,1.0142041393860008,0
YawnDD\no_yawn\7-MaleGlasses_f000078_mar0.030.jpg,0.07138577719918296,1.0086970149864842,0
YawnDD\no_yawn\7-MaleGlasses_f000081_mar0.030.jpg,0.07094167753565352,1.0341329081907376,0
YawnDD\no_yawn\7-MaleGlasses_f000084_mar0.030.jpg,0.07040368181469418,1.0420489845886256,0
YawnDD\no_yawn\7-MaleGlasses_f000087_mar0.030.jpg,0.07115397260832422,1.0767402580426466,0
YawnDD\no_yawn\7-MaleGlasses_f000120_mar0.037.jpg,0.09611260423017572,1.0141492439618598,0
YawnDD\no_yawn\7-MaleGlasses_f000123_mar0.030.jpg,0.07287422490899155,1.0063301815117045,0
YawnDD\no_yawn\7-MaleGlasses_f000126_mar0.030.jpg,0.07218415345804724,1.043072619596188,0
YawnDD\no_yawn\7-MaleGlasses_f000129_mar0.030.jpg,0.07085391484574335,1.0237029140918084,0
YawnDD\no_yawn\7-MaleGlasses_f000132_mar0.030.jpg,0.07249381943875148,1.0368308463177829,0
YawnDD\no_yawn\7-MaleGlasses_f000135_mar0.030.jpg,0.07066318831846718,1.0238370747831953,0
YawnDD\no_yawn\7-MaleGlasses_f000138_mar0.030.jpg,0.07049857113753731,1.0164766451368554,0
YawnDD\no_yawn\7-MaleGlasses_f000156_mar0.030.jpg,0.07177241040304158,1.0803922966236232,0
YawnDD\no_yawn\7-MaleGlasses_f000162_mar0.037.jpg,0.07198840279119728,1.0694928571185789,0
YawnDD\no_yawn\7-MaleGlasses_f000165_mar0.030.jpg,0.07085370148552635,0.9977996609080326,0
YawnDD\no_yawn\7-MaleGlasses_f000168_mar0.030.jpg,0.07074754007547901,1.0582161160589068,0
YawnDD\no_yawn\7-MaleGlasses_f000180_mar0.030.jpg,0.07216983570486865,1.0419861977646794,0
YawnDD\no_yawn\7-MaleGlasses_f000183_mar0.030.jpg,0.071003096524705,1.044491540729354,0
YawnDD\no_yawn\7-MaleGlasses_f000186_mar0.030.jpg,0.06939309252608705,1.0692898784075764,0
YawnDD\no_yawn\7-MaleGlasses_f000222_mar0.030.jpg,0.07339215477164951,1.0460395484157468,0
YawnDD\no_yawn\7-MaleGlasses_f000249_mar0.030.jpg,0.07820784090747379,1.050590858559231,0
YawnDD\no_yawn\7-MaleGlasses_f000258_mar0.030.jpg,0.07620725375304674,1.0388116877366977,0
YawnDD\no_yawn\7-MaleGlasses_f000267_mar0.030.jpg,0.07687674495423262,1.0240527571949625,0
YawnDD\no_yawn\7-MaleGlasses_f000279_mar0.030.jpg,0.07541579488287627,0.9633803035176883,0
YawnDD\no_yawn\7-MaleGlasses_f000282_mar0.030.jpg,0.07384069805420697,0.9897855516630326,0
YawnDD\no_yawn\7-MaleGlasses_f000285_mar0.030.jpg,0.07346807340168006,1.0064751160224361,0
YawnDD\no_yawn\7-MaleGlasses_f000288_mar0.030.jpg,0.07227100040224699,0.9815771542415056,0
YawnDD\no_yawn\7-MaleGlasses_f000291_mar0.039.jpg,0.08306100402870512,0.993679792072861,0
YawnDD\no_yawn\7-MaleGlasses_f000300_mar0.030.jpg,0.070556847991933,1.020213477343405,0
YawnDD\no_yawn\7-MaleGlasses_f000318_mar0.030.jpg,0.0404823216659262,1.065152818119246,0
YawnDD\no_yawn\7-MaleGlasses_f000339_mar0.030.jpg,0.07349776464638373,1.05229799778163,0
YawnDD\no_yawn\7-MaleGlasses_f000345_mar0.030.jpg,0.09427416126229185,1.0904117139372742,0
YawnDD\no_yawn\7-MaleGlasses_f000414_mar0.030.jpg,0.0736109327045717,1.0359151775198352,0
YawnDD\no_yawn\7-MaleGlasses_f000417_mar0.030.jpg,0.0728243716908809,1.0420745878853799,0
YawnDD\no_yawn\7-MaleGlasses_f000420_mar0.030.jpg,0.07452656698357525,1.0435526806233832,0
YawnDD\no_yawn\7-MaleGlasses_f000423_mar0.030.jpg,0.0693513764205278,1.0270762628412773,0
YawnDD\no_yawn\7-MaleGlasses_f000426_mar0.030.jpg,0.06944959799216949,1.0562769527635447,0
YawnDD\no_yawn\7-MaleGlasses_f000573_mar0.030.jpg,0.07276156410229381,1.0521838054211803,0
YawnDD\no_yawn\7-MaleGlasses_f000576_mar0.030.jpg,0.07118473861113296,1.026091408639135,0
YawnDD\no_yawn\7-MaleGlasses_f000579_mar0.030.jpg,0.07085056526068638,1.018799994988032,0
YawnDD\no_yawn\7-MaleGlasses_f000582_mar0.030.jpg,0.07159792247709988,1.0019612996184175,0
YawnDD\no_yawn\7-MaleGlasses_f000585_mar0.030.jpg,0.07105881893970047,1.0075136671276352,0
YawnDD\no_yawn\7-MaleGlasses_f000588_mar0.030.jpg,0.07082706680625131,1.005368020166884,0
YawnDD\no_yawn\7-MaleGlasses_f000591_mar0.030.jpg,0.0742374518800191,1.0247694799086768,0
YawnDD\no_yawn\7-MaleGlasses_f000594_mar0.030.jpg,0.07282194469005883,1.0826881541138098,0
YawnDD\no_yawn\7-MaleGlasses_f000597_mar0.030.jpg,0.07223322856182404,1.136540265996261,0
YawnDD\no_yawn\7-MaleGlasses_f000600_mar0.030.jpg,0.0713777326357014,1.1354884814471216,0
YawnDD\no_yawn\7-MaleGlasses_f000606_mar0.030.jpg,0.07025832526290665,1.1020319374686778,0
YawnDD\no_yawn\7-MaleGlasses_f000609_mar0.030.jpg,0.07489309726762647,1.0413478107664131,0
YawnDD\no_yawn\7-MaleGlasses_f000612_mar0.030.jpg,0.07356751789033358,1.0338574996895804,0
YawnDD\no_yawn\7-MaleGlasses_f000615_mar0.030.jpg,0.07298144038838013,1.0372703319308234,0
YawnDD\no_yawn\7-MaleGlasses_f000618_mar0.030.jpg,0.07319773267853409,1.046624518197497,0
YawnDD\no_yawn\7-MaleGlasses_f000621_mar0.030.jpg,0.07303364597514941,1.0551703532552672,0
YawnDD\no_yawn\7-MaleGlasses_f000627_mar0.030.jpg,0.07464958816367218,1.106531896863668,0
YawnDD\no_yawn\7-MaleGlasses_f000630_mar0.030.jpg,0.07541804678808357,1.0838566327750574,0
YawnDD\no_yawn\7-MaleGlasses_f000633_mar0.030.jpg,0.07553689520486935,1.1066528489756309,0
YawnDD\no_yawn\7-MaleGlasses_f000636_mar0.030.jpg,0.07139045413215973,1.1261546473956863,0
YawnDD\no_yawn\7-MaleGlasses_f000639_mar0.030.jpg,0.0728466974617096,1.104753373455094,0
YawnDD\no_yawn\7-MaleGlasses_f000642_mar0.030.jpg,0.07292901753816336,1.0977092393750238,0
YawnDD\no_yawn\7-MaleGlasses_f000645_mar0.030.jpg,0.07321590824318205,1.0764853907969096,0
YawnDD\no_yawn\7-MaleGlasses_f000648_mar0.030.jpg,0.07143766811887234,1.0535749377744903,0
YawnDD\no_yawn\7-MaleGlasses_f000651_mar0.030.jpg,0.0701130868920234,1.0358463252981427,0
YawnDD\no_yawn\7-MaleGlasses_f000654_mar0.030.jpg,0.07125800612038953,1.0080926299972561,0
YawnDD\no_yawn\7-MaleGlasses_f000657_mar0.030.jpg,0.06959373074917578,1.040905362349602,0
YawnDD\no_yawn\7-MaleGlasses_f000660_mar0.030.jpg,0.0712569520569354,0.9974905640604436,0
YawnDD\no_yawn\7-MaleGlasses_f000663_mar0.030.jpg,0.0727553177569219,0.9686123584108335,0
YawnDD\no_yawn\7-MaleGlasses_f000666_mar0.030.jpg,0.07272380743047488,1.0146196533421872,0
YawnDD\no_yawn\7-MaleGlasses_f000669_mar0.030.jpg,0.07119103623392507,0.9812263883056673,0
YawnDD\no_yawn\7-MaleGlasses_f000672_mar0.030.jpg,0.07286441602397764,1.004543890801803,0
YawnDD\no_yawn\7-MaleGlasses_f000675_mar0.030.jpg,0.07309709849742507,0.9867891270514616,0
YawnDD\no_yawn\7-MaleGlasses_f000678_mar0.030.jpg,0.07196464113821457,1.0421512552662406,0
YawnDD\no_yawn\7-MaleGlasses_f000681_mar0.030.jpg,0.07344671476504927,1.0593931813463346,0
YawnDD\no_yawn\7-MaleGlasses_f000684_mar0.030.jpg,0.07103731260495855,1.074086064343425,0
YawnDD\no_yawn\7-MaleGlasses_f000687_mar0.030.jpg,0.07067493116626893,1.0907412579920817,0
YawnDD\no_yawn\7-MaleGlasses_f000690_mar0.030.jpg,0.07105002310518269,1.088946949443009,0
YawnDD\no_yawn\7-MaleGlasses_f000693_mar0.030.jpg,0.07075228788546857,1.0749357449051034,0
YawnDD\no_yawn\7-MaleGlasses_f000696_mar0.030.jpg,0.07083712080289459,1.0841345381796421,0
YawnDD\no_yawn\7-MaleGlasses_f000699_mar0.030.jpg,0.07314434084430448,1.0466241134860779,0
YawnDD\no_yawn\7-MaleGlasses_f000702_mar0.030.jpg,0.07263257540899724,1.0602542410823346,0
YawnDD\no_yawn\7-MaleGlasses_f000705_mar0.030.jpg,0.07462477128358955,1.0785265194461127,0
YawnDD\no_yawn\7-MaleGlasses_f000708_mar0.030.jpg,0.07635569802686062,1.0828552596539331,0
YawnDD\no_yawn\7-MaleGlasses_f000711_mar0.030.jpg,0.07444028920205449,1.0605602559054665,0
YawnDD\no_yawn\7-MaleGlasses_f000714_mar0.030.jpg,0.07193323102145473,1.0855350326888158,0
YawnDD\no_yawn\7-MaleGlasses_f000717_mar0.030.jpg,0.0726828406274016,1.0677619008016395,0
YawnDD\no_yawn\7-MaleGlasses_f000720_mar0.030.jpg,0.07548830479564007,1.0599148964395382,0
YawnDD\no_yawn\7-MaleGlasses_f000723_mar0.030.jpg,0.07045003507893362,1.0717631703330806,0
YawnDD\no_yawn\7-MaleGlasses_f000726_mar0.030.jpg,0.07013614764071503,1.065224701401018,0
YawnDD\no_yawn\7-MaleGlasses_f000729_mar0.030.jpg,0.07175115671193824,1.057709597551741,0
YawnDD\no_yawn\7-MaleGlasses_f000732_mar0.030.jpg,0.071655796232785,1.0552910746497497,0
YawnDD\no_yawn\7-MaleGlasses_f000735_mar0.030.jpg,0.06932880085156741,1.0433770566302283,0
YawnDD\no_yawn\7-MaleGlasses_f000738_mar0.030.jpg,0.06957383663027708,1.0316764966316527,0
YawnDD\no_yawn\7-MaleGlasses_f000741_mar0.030.jpg,0.07080583263563774,1.0475883449454395,0
YawnDD\no_yawn\7-MaleGlasses_f000744_mar0.030.jpg,0.07037911026987417,1.0397472101065974,0
YawnDD\no_yawn\7-MaleGlasses_f000747_mar0.030.jpg,0.07196661958368239,1.0703349494456185,0
YawnDD\no_yawn\7-MaleGlasses_f000750_mar0.030.jpg,0.0725395791319616,1.039486784355328,0
YawnDD\no_yawn\7-MaleGlasses_f000753_mar0.030.jpg,0.07187870615772243,1.0529204743060914,0
YawnDD\no_yawn\7-MaleGlasses_f000756_mar0.030.jpg,0.07145717329883343,1.0421124019230772,0
YawnDD\no_yawn\7-MaleGlasses_f000765_mar0.030.jpg,0.07300151891968008,1.0628353745276953,0
YawnDD\no_yawn\7-MaleGlasses_f000768_mar0.030.jpg,0.06985534016801241,1.109561892953409,0
YawnDD\no_yawn\7-MaleGlasses_f000792_mar0.030.jpg,0.07054218030100348,1.0922965874538528,0
YawnDD\no_yawn\7-MaleGlasses_f000801_mar0.030.jpg,0.07262729396597391,1.0705286201607318,0
YawnDD\no_yawn\7-MaleGlasses_f000804_mar0.030.jpg,0.07339744913480696,1.0971187652063457,0
YawnDD\no_yawn\7-MaleGlasses_f000825_mar0.030.jpg,0.0793851619779466,1.0681183176464042,0
YawnDD\no_yawn\7-MaleGlasses_f000840_mar0.030.jpg,0.07712254107282489,1.0871973634566878,0
YawnDD\no_yawn\7-MaleGlasses_f000843_mar0.030.jpg,0.07465894630822753,1.0841652834384543,0
YawnDD\no_yawn\7-MaleGlasses_f000888_mar0.030.jpg,0.07175384562356671,1.0889104460821546,0
YawnDD\no_yawn\7-MaleGlasses_f000891_mar0.030.jpg,0.07100629696763507,1.0642781841974593,0
YawnDD\no_yawn\7-MaleGlasses_f000894_mar0.035.jpg,0.07341535562518908,1.0955574697129848,0
YawnDD\no_yawn\7-MaleGlasses_f000897_mar0.030.jpg,0.07086033066436506,1.0757305880033454,0
YawnDD\no_yawn\7-MaleGlasses_f000900_mar0.030.jpg,0.07569934520679276,1.0749241057888377,0
YawnDD\no_yawn\7-MaleGlasses_f000945_mar0.030.jpg,0.07100122704793592,1.0686254167163882,0
YawnDD\no_yawn\7-MaleGlasses_f001017_mar0.030.jpg,0.07090060136598379,1.0880434676848818,0
YawnDD\no_yawn\7-MaleGlasses_f001020_mar0.030.jpg,0.07198336161805427,1.079825415587723,0
YawnDD\no_yawn\7-MaleGlasses_f001047_mar0.030.jpg,0.07522369810088736,1.0701744025423383,0
YawnDD\no_yawn\7-MaleGlasses_f001050_mar0.030.jpg,0.07181759673738376,1.081340998358413,0
YawnDD\no_yawn\7-MaleGlasses_f001074_mar0.030.jpg,0.07136580525834814,1.0872727756967575,0
YawnDD\no_yawn\7-MaleGlasses_f001083_mar0.030.jpg,0.07204699730490925,1.0706690506923067,0
YawnDD\no_yawn\7-MaleGlasses_f001086_mar0.034.jpg,0.08902270066951144,1.06276834605562,0
YawnDD\no_yawn\7-MaleGlasses_f001254_mar0.033.jpg,0.09456405505304588,1.0454217939571444,0
YawnDD\no_yawn\7-MaleGlasses_f001257_mar0.030.jpg,0.07252466669304405,1.0319373512397878,0
YawnDD\no_yawn\7-MaleGlasses_f001260_mar0.030.jpg,0.07252952241810708,1.0042382708105375,0
YawnDD\no_yawn\7-MaleGlasses_f001263_mar0.030.jpg,0.07482552402362261,1.01141467763356,0
YawnDD\no_yawn\7-MaleGlasses_f001266_mar0.030.jpg,0.0745034819401941,1.0038621566020158,0
YawnDD\no_yawn\7-MaleGlasses_f001269_mar0.030.jpg,0.0731521418478833,0.9972930309864029,0
YawnDD\no_yawn\7-MaleGlasses_f001272_mar0.030.jpg,0.07374193809865458,0.964747266536197,0
YawnDD\no_yawn\7-MaleGlasses_f001275_mar0.030.jpg,0.07380758572294523,1.020598465334102,0
YawnDD\no_yawn\7-MaleGlasses_f001278_mar0.030.jpg,0.07466559387849322,1.024292569270097,0
YawnDD\no_yawn\7-MaleGlasses_f001281_mar0.030.jpg,0.07481255602759185,1.0352432043039719,0
YawnDD\no_yawn\7-MaleGlasses_f001284_mar0.030.jpg,0.06960908527738253,1.0512751090211918,0
YawnDD\no_yawn\7-MaleGlasses_f001287_mar0.030.jpg,0.07396401736598708,1.110544825522768,0
YawnDD\no_yawn\7-MaleGlasses_f001293_mar0.030.jpg,0.07268796428288093,1.1320083552893376,0
YawnDD\no_yawn\7-MaleGlasses_f001296_mar0.030.jpg,0.07524486788879288,1.1301541729815474,0
YawnDD\no_yawn\7-MaleGlasses_f001299_mar0.030.jpg,0.07296899515759873,1.1401389438270801,0
YawnDD\no_yawn\7-MaleGlasses_f001305_mar0.030.jpg,0.07152903094342244,1.0975003317256553,0
YawnDD\no_yawn\7-MaleGlasses_f001308_mar0.030.jpg,0.07263430665878165,1.0566052772446044,0
YawnDD\no_yawn\7-MaleGlasses_f001311_mar0.030.jpg,0.07154604716418146,1.0401848582839943,0
YawnDD\no_yawn\7-MaleGlasses_f001314_mar0.030.jpg,0.07103550942693877,1.031314854754438,0
YawnDD\no_yawn\7-MaleGlasses_f001317_mar0.030.jpg,0.07192429451126571,1.019505976903143,0
YawnDD\no_yawn\7-MaleGlasses_f001320_mar0.030.jpg,0.07123942861001431,1.0078374949477273,0
YawnDD\no_yawn\7-MaleGlasses_f001323_mar0.030.jpg,0.07129983303568498,1.0060695168168234,0
YawnDD\no_yawn\7-MaleGlasses_f001329_mar0.030.jpg,0.07650229448871011,1.055996515402117,0
YawnDD\no_yawn\7-MaleGlasses_f001332_mar0.030.jpg,0.07287376485711623,1.0741310192472497,0
YawnDD\no_yawn\7-MaleGlasses_f001335_mar0.030.jpg,0.07530647593065147,1.0446238311621765,0
YawnDD\no_yawn\7-MaleGlasses_f001338_mar0.030.jpg,0.07273052827861942,1.055231751425538,0
YawnDD\no_yawn\7-MaleGlasses_f001341_mar0.030.jpg,0.07317648623541148,1.072134382036069,0
YawnDD\no_yawn\7-MaleGlasses_f001344_mar0.030.jpg,0.07465958405320208,1.067299006307891,0
YawnDD\no_yawn\7-MaleGlasses_f001353_mar0.030.jpg,0.07168087791260462,1.0609678207009927,0
YawnDD\no_yawn\7-MaleGlasses_f001356_mar0.030.jpg,0.07122838339505218,1.023433032001765,0
YawnDD\no_yawn\7-MaleGlasses_f001359_mar0.030.jpg,0.07280971230898835,1.0154912015298159,0
YawnDD\no_yawn\7-MaleGlasses_f001383_mar0.030.jpg,0.07366801855963948,1.0294198484658228,0
YawnDD\no_yawn\7-MaleGlasses_f001440_mar0.030.jpg,0.07068055013213106,1.0347512289333487,0
YawnDD\no_yawn\7-MaleGlasses_f001452_mar0.030.jpg,0.07151116170618944,1.0694603983202204,0
YawnDD\no_yawn\7-MaleGlasses_f001470_mar0.030.jpg,0.07132696311951557,1.0816745170540343,0
YawnDD\no_yawn\7-MaleGlasses_f001473_mar0.030.jpg,0.07072515561502014,1.0657515044216863,0
YawnDD\no_yawn\7-MaleGlasses_f001476_mar0.030.jpg,0.07051432611145284,1.062706535748161,0
YawnDD\no_yawn\7-MaleGlasses_f001479_mar0.030.jpg,0.07167778846419283,1.0578064867566728,0
YawnDD\no_yawn\7-MaleGlasses_f001485_mar0.030.jpg,0.07210424972124985,1.0551828549323323,0
YawnDD\no_yawn\7-MaleGlasses_f001494_mar0.030.jpg,0.08708091092781235,1.0429238020124234,0
YawnDD\no_yawn\7-MaleGlasses_f001503_mar0.030.jpg,0.07259663282148235,1.0554503783622269,0
YawnDD\no_yawn\7-MaleGlasses_f001533_mar0.030.jpg,0.07552806859815611,1.0579015390667792,0
YawnDD\no_yawn\7-MaleGlasses_f001548_mar0.030.jpg,0.07384357205023591,1.0170119352934546,0
YawnDD\no_yawn\7-MaleGlasses_f001551_mar0.030.jpg,0.07376248800909936,0.9904383611304037,0
YawnDD\no_yawn\7-MaleGlasses_f001554_mar0.030.jpg,0.07355225401881492,0.995905600019243,0
YawnDD\no_yawn\7-MaleGlasses_f001557_mar0.030.jpg,0.07393399940601693,0.9965714813123617,0
YawnDD\no_yawn\7-MaleGlasses_f001560_mar0.030.jpg,0.07371603331203004,1.0025987702902448,0
YawnDD\no_yawn\7-MaleGlasses_f001563_mar0.030.jpg,0.0719312372256348,0.999192405650598,0
YawnDD\no_yawn\7-MaleGlasses_f001566_mar0.030.jpg,0.07474567580432048,1.0081207214145556,0
YawnDD\no_yawn\7-MaleGlasses_f001569_mar0.030.jpg,0.07428658491627087,1.0078963127323124,0
YawnDD\no_yawn\7-MaleGlasses_f001572_mar0.030.jpg,0.0749538038419952,1.0097229513621626,0
YawnDD\no_yawn\7-MaleGlasses_f001575_mar0.030.jpg,0.07155844954911393,0.9980228493961617,0
YawnDD\no_yawn\7-MaleGlasses_f001722_mar0.030.jpg,0.07577764263513025,1.0936341686523443,0
YawnDD\no_yawn\7-MaleGlasses_f001725_mar0.030.jpg,0.0759067599148384,1.082407456720163,0
YawnDD\no_yawn\7-MaleGlasses_f001728_mar0.030.jpg,0.07614183826713132,1.0754179420742873,0
YawnDD\no_yawn\7-MaleGlasses_f001731_mar0.030.jpg,0.07587967992200735,1.0607690014293933,0
YawnDD\no_yawn\7-MaleGlasses_f001734_mar0.030.jpg,0.0720841398180864,1.046429047049797,0
YawnDD\no_yawn\7-MaleGlasses_f001737_mar0.030.jpg,0.07105443814744332,1.060903899099445,0
YawnDD\no_yawn\7-MaleGlasses_f001743_mar0.030.jpg,0.07075274933619283,1.076156417517298,0
YawnDD\no_yawn\7-MaleGlasses_f001746_mar0.030.jpg,0.07217839418136524,1.1271222322777112,0
YawnDD\no_yawn\7-MaleGlasses_f001752_mar0.030.jpg,0.06954906312159342,1.1043393301256441,0
YawnDD\no_yawn\7-MaleGlasses_f001755_mar0.030.jpg,0.0748732651592101,1.1304987486506137,0
YawnDD\no_yawn\7-MaleGlasses_f001761_mar0.030.jpg,0.07331487021213118,1.086605140133383,0
YawnDD\no_yawn\7-MaleGlasses_f001764_mar0.030.jpg,0.07238033248355785,1.0453163656840998,0
YawnDD\no_yawn\7-MaleGlasses_f001767_mar0.030.jpg,0.07346319288627604,1.0299832995098337,0
YawnDD\no_yawn\7-MaleGlasses_f001770_mar0.030.jpg,0.07293144683711289,1.0269103129145276,0
YawnDD\no_yawn\7-MaleGlasses_f001773_mar0.030.jpg,0.07251043759956369,1.0131795919512252,0
YawnDD\no_yawn\7-MaleGlasses_f001776_mar0.030.jpg,0.07148901890923484,1.010816202060486,0
YawnDD\no_yawn\7-MaleGlasses_f001779_mar0.030.jpg,0.06924845408661948,1.0354591963484656,0
YawnDD\no_yawn\7-MaleGlasses_f001782_mar0.030.jpg,0.07280433501303996,1.0498426479962033,0
YawnDD\no_yawn\7-MaleGlasses_f001785_mar0.030.jpg,0.07168253073731289,1.057461683752761,0
YawnDD\no_yawn\7-MaleGlasses_f001788_mar0.030.jpg,0.07038814667970306,1.054435963464308,0
YawnDD\no_yawn\7-MaleGlasses_f001791_mar0.030.jpg,0.07160111767157759,1.0784769271459678,0
YawnDD\no_yawn\7-MaleGlasses_f001794_mar0.030.jpg,0.07332453095452697,1.0653209576339733,0
YawnDD\no_yawn\7-MaleGlasses_f001797_mar0.030.jpg,0.07164806336812185,1.0609898029706775,0
YawnDD\no_yawn\7-MaleGlasses_f001800_mar0.030.jpg,0.07273276029273137,1.0459940925702667,0
YawnDD\no_yawn\7-MaleGlasses_f001803_mar0.030.jpg,0.07141583149485016,1.0783508360611842,0
YawnDD\no_yawn\7-MaleGlasses_f001809_mar0.030.jpg,0.07360824902340513,1.0739042294526335,0
YawnDD\no_yawn\7-MaleGlasses_f001812_mar0.030.jpg,0.07371455912294314,1.0853661175113303,0
YawnDD\no_yawn\7-MaleGlasses_f001815_mar0.030.jpg,0.07187716463882166,1.1095436675690127,0
YawnDD\no_yawn\7-MaleGlasses_f001821_mar0.030.jpg,0.07464398532475393,1.0338196737452343,0
YawnDD\no_yawn\7-MaleGlasses_f001824_mar0.030.jpg,0.07207534661017166,1.0128909747219301,0
YawnDD\no_yawn\7-MaleGlasses_f001827_mar0.030.jpg,0.07214145937774691,1.0406676061667746,0
YawnDD\no_yawn\7-MaleGlasses_f001830_mar0.030.jpg,0.07148131904212973,0.9783533775298922,0
YawnDD\no_yawn\7-MaleGlasses_f001833_mar0.030.jpg,0.07168243581812622,0.9620623502775132,0
YawnDD\no_yawn\7-MaleGlasses_f001836_mar0.030.jpg,0.07193016647225091,1.0091086618208591,0
YawnDD\no_yawn\7-MaleGlasses_f001839_mar0.030.jpg,0.07336657886358892,1.0024933079948763,0
YawnDD\no_yawn\7-MaleGlasses_f001842_mar0.030.jpg,0.07141795080432183,0.9987201249952123,0
YawnDD\no_yawn\7-MaleGlasses_f001845_mar0.030.jpg,0.07206849092477799,1.01058557706931,0
YawnDD\no_yawn\7-MaleGlasses_f001848_mar0.030.jpg,0.07228926928595489,0.9963092407586615,0
YawnDD\no_yawn\7-MaleGlasses_f001851_mar0.030.jpg,0.07040148391756919,1.0235648594284474,0
YawnDD\no_yawn\7-MaleGlasses_f001854_mar0.030.jpg,0.07297639295781151,1.0035353901415855,0
YawnDD\no_yawn\7-MaleGlasses_f001857_mar0.030.jpg,0.07313345712685347,0.9987714686455446,0
YawnDD\no_yawn\7-MaleGlasses_f001860_mar0.030.jpg,0.07289694271783768,0.9971504728026689,0
YawnDD\no_yawn\7-MaleGlasses_f001863_mar0.030.jpg,0.07243313341318676,0.9884893716458261,0
YawnDD\no_yawn\7-MaleGlasses_f001866_mar0.030.jpg,0.07242073687023579,0.9976872604642845,0
YawnDD\no_yawn\7-MaleGlasses_f001869_mar0.030.jpg,0.07333583000854191,0.9987881318095716,0
YawnDD\no_yawn\7-MaleGlasses_f001872_mar0.030.jpg,0.07312700403481093,0.9920762895911246,0
YawnDD\no_yawn\7-MaleGlasses_f001875_mar0.030.jpg,0.07282290942346609,1.0330942790640616,0
YawnDD\no_yawn\7-MaleGlasses_f001881_mar0.030.jpg,0.07322180733352474,1.004520843667088,0
YawnDD\no_yawn\7-MaleGlasses_f001884_mar0.030.jpg,0.07326784623718746,1.0195863963523932,0
YawnDD\no_yawn\7-MaleGlasses_f001887_mar0.030.jpg,0.07188338978149819,1.047357525552007,0
YawnDD\no_yawn\7-MaleGlasses_f001890_mar0.030.jpg,0.07134440890399911,1.0317115811221573,0
YawnDD\no_yawn\7-MaleGlasses_f001893_mar0.030.jpg,0.070158023381346,1.0379428505076391,0
YawnDD\no_yawn\7-MaleGlasses_f001896_mar0.030.jpg,0.0699605173947649,1.0151743399914852,0
YawnDD\no_yawn\7-MaleGlasses_f001899_mar0.030.jpg,0.07004842295819051,1.0201730341027762,0
YawnDD\no_yawn\7-MaleGlasses_f001902_mar0.030.jpg,0.07206283050688381,1.0420215453064474,0
YawnDD\no_yawn\7-MaleGlasses_f001905_mar0.030.jpg,0.0700125090507623,1.0363855692366064,0
YawnDD\no_yawn\7-MaleGlasses_f001908_mar0.030.jpg,0.07231512815770334,1.028921683633974,0
YawnDD\no_yawn\7-MaleGlasses_f001911_mar0.030.jpg,0.07236870937556263,1.0419590821816258,0
YawnDD\no_yawn\7-MaleGlasses_f001914_mar0.030.jpg,0.07133482714523351,1.035573449039653,0
YawnDD\no_yawn\7-MaleGlasses_f001917_mar0.030.jpg,0.07303030699956117,1.0256868801164316,0
YawnDD\no_yawn\7-MaleGlasses_f001920_mar0.030.jpg,0.07405726143351046,1.04568897302045,0
YawnDD\no_yawn\7-MaleGlasses_f001923_mar0.030.jpg,0.07382182837107205,1.086534985694095,0
YawnDD\no_yawn\7-MaleGlasses_f001926_mar0.030.jpg,0.0758308127218298,1.0898888719079993,0
YawnDD\no_yawn\7-MaleGlasses_f001929_mar0.030.jpg,0.07399150553798926,1.0887050485676844,0
YawnDD\no_yawn\7-MaleGlasses_f001932_mar0.030.jpg,0.07226012683849911,1.0912591780559422,0
YawnDD\no_yawn\7-MaleGlasses_f001935_mar0.030.jpg,0.07195564588301963,1.0438919323235931,0
YawnDD\no_yawn\7-MaleGlasses_f001938_mar0.030.jpg,0.073337811107531,1.0181334290292305,0
YawnDD\no_yawn\7-MaleGlasses_f001941_mar0.030.jpg,0.07380801555964366,1.0073474850935948,0
YawnDD\no_yawn\7-MaleGlasses_f001944_mar0.030.jpg,0.07532573573739788,0.9999775494939014,0
YawnDD\no_yawn\7-MaleGlasses_f001947_mar0.030.jpg,0.07312823259454664,1.0179109239181046,0
YawnDD\no_yawn\7-MaleGlasses_f001950_mar0.030.jpg,0.0721057793246812,1.0372803648780307,0
YawnDD\no_yawn\7-MaleGlasses_f001953_mar0.030.jpg,0.07406990818694519,1.0122580642521932,0
YawnDD\no_yawn\7-MaleGlasses_f001956_mar0.030.jpg,0.07249052257962667,1.026705110302331,0
YawnDD\no_yawn\7-MaleGlasses_f001959_mar0.030.jpg,0.07089636146826155,1.0214371558042363,0
YawnDD\no_yawn\7-MaleGlasses_f001962_mar0.030.jpg,0.07004783835289281,1.0270650044608531,0
YawnDD\no_yawn\7-MaleGlasses_f001965_mar0.030.jpg,0.0697269353612232,1.0349171321721633,0
YawnDD\no_yawn\7-MaleGlasses_f001968_mar0.030.jpg,0.07059274337900229,1.0400830072630265,0
YawnDD\no_yawn\7-MaleGlasses_f001971_mar0.030.jpg,0.0702543524727069,1.0382796394096612,0
YawnDD\no_yawn\7-MaleGlasses_f001974_mar0.030.jpg,0.07019086502868525,1.03283346835646,0
YawnDD\no_yawn\7-MaleGlasses_f001977_mar0.030.jpg,0.06985313756607019,1.0355540319924912,0
YawnDD\no_yawn\7-MaleGlasses_f001980_mar0.030.jpg,0.07183591902004567,1.0255438751517085,0
YawnDD\no_yawn\7-MaleGlasses_f001983_mar0.030.jpg,0.0704353309599802,1.0318797733264693,0
YawnDD\no_yawn\7-MaleGlasses_f001986_mar0.030.jpg,0.07245445973411001,1.032561795461963,0
YawnDD\no_yawn\7-MaleGlasses_f001989_mar0.030.jpg,0.07150364964300589,1.0623210642396164,0
YawnDD\no_yawn\7-MaleGlasses_f001992_mar0.030.jpg,0.07135047683062289,1.0514674284715992,0
YawnDD\no_yawn\7-MaleGlasses_f001995_mar0.030.jpg,0.07044054637647065,1.055469808404812,0
YawnDD\no_yawn\7-MaleGlasses_f001998_mar0.030.jpg,0.07128059560109662,1.0369873787603707,0
YawnDD\no_yawn\7-MaleGlasses_f002001_mar0.030.jpg,0.0710710427734427,1.048889645868702,0
YawnDD\no_yawn\7-MaleGlasses_f002004_mar0.030.jpg,0.07188627629058672,1.030397636603183,0
YawnDD\no_yawn\7-MaleGlasses_f002007_mar0.030.jpg,0.07109840877821721,1.012740086376497,0
YawnDD\no_yawn\7-MaleGlasses_f002010_mar0.030.jpg,0.07050876785952408,1.0108005679174457,0
YawnDD\no_yawn\7-MaleGlasses_f002013_mar0.030.jpg,0.07098636422685949,1.0351354291607184,0
YawnDD\no_yawn\7-MaleGlasses_f002034_mar0.030.jpg,0.06963355171620425,1.0563450856651966,0
YawnDD\no_yawn\7-MaleGlasses_f002073_mar0.030.jpg,0.07260363733752431,1.0532299964392646,0
YawnDD\no_yawn\7-MaleGlasses_f002088_mar0.030.jpg,0.07240155584766357,1.036273658966083,0
YawnDD\no_yawn\7-MaleGlasses_f002112_mar0.030.jpg,0.07410333637481879,1.0365886665909423,0
YawnDD\no_yawn\7-MaleGlasses_f002145_mar0.030.jpg,0.07377838663354963,1.0864225394011169,0
YawnDD\no_yawn\7-MaleGlasses_f002154_mar0.030.jpg,0.07138896587738498,1.070652750700547,0
YawnDD\no_yawn\7-MaleGlasses_f002163_mar0.030.jpg,0.07529625955593865,1.0820503640667234,0
YawnDD\no_yawn\7-MaleGlasses_f002283_mar0.030.jpg,0.06993002255089466,1.0726065259851676,0
YawnDD\no_yawn\7-MaleGlasses_f002298_mar0.030.jpg,0.09600407282072719,1.0547064771347177,0
YawnDD\no_yawn\7-MaleGlasses_f002301_mar0.030.jpg,0.07236060615361788,1.0704843783696727,0
YawnDD\no_yawn\7-MaleGlasses_f002307_mar0.030.jpg,0.07308931683652743,1.0387464388183938,0
YawnDD\no_yawn\7-MaleGlasses_f002310_mar0.030.jpg,0.07411885398737843,1.0583858338761027,0
YawnDD\no_yawn\7-MaleGlasses_f002322_mar0.030.jpg,0.07174083676654562,1.073076157792018,0
YawnDD\no_yawn\7-MaleGlasses_f002355_mar0.030.jpg,0.07050291222769087,1.0875638095633602,0
YawnDD\no_yawn\7-MaleGlasses_f002361_mar0.030.jpg,0.071045717651511,1.102155244021585,0
YawnDD\no_yawn\7-MaleGlasses_f002382_mar0.037.jpg,0.09770506304907715,1.0471497162075194,0
YawnDD\no_yawn\7-MaleGlasses_f002385_mar0.030.jpg,0.07449173785587758,1.034585833007995,0
YawnDD\no_yawn\7-MaleGlasses_f002388_mar0.030.jpg,0.07721704759562195,1.0402359802930758,0
YawnDD\no_yawn\8-FemaleGlasses.avi_f000000_mar0.030.jpg,0.06990529340021659,0.76252360587891,0
YawnDD\no_yawn\8-FemaleGlasses.avi_f000003_mar0.030.jpg,0.06904311743706529,0.7610354142414837,0
YawnDD\no_yawn\8-FemaleGlasses.avi_f000006_mar0.030.jpg,0.07062899672133899,0.7675109564469212,0
YawnDD\no_yawn\8-FemaleGlasses.avi_f000009_mar0.030.jpg,0.07060703870439869,0.7708447827782519,0
YawnDD\no_yawn\8-FemaleGlasses.avi_f000012_mar0.030.jpg,0.07061724839252752,0.7730745642318202,0
YawnDD\no_yawn\8-FemaleGlasses.avi_f000015_mar0.030.jpg,0.06851271680186813,0.7670611909003203,0
YawnDD\no_yawn\8-FemaleGlasses.avi_f000018_mar0.030.jpg,0.07061073455005082,0.7717823886405092,0
YawnDD\no_yawn\8-FemaleGlasses.avi_f000021_mar0.030.jpg,0.06870456273029868,0.7630643128179648,0
YawnDD\no_yawn\8-FemaleGlasses.avi_f000024_mar0.030.jpg,0.06966667255216355,0.771213165672987,0
YawnDD\no_yawn\8-FemaleGlasses.avi_f000027_mar0.030.jpg,0.0694648432498428,0.7809228404668667,0
YawnDD\no_yawn\8-FemaleGlasses.avi_f000030_mar0.030.jpg,0.06856186362583556,0.7877751960923982,0
YawnDD\no_yawn\8-FemaleGlasses.avi_f000033_mar0.030.jpg,0.06756246773229023,0.8004975253994514,0
YawnDD\no_yawn\8-FemaleGlasses.avi_f000036_mar0.030.jpg,0.06850821398987139,0.8047323786399921,0
YawnDD\no_yawn\8-FemaleGlasses.avi_f000039_mar0.030.jpg,0.06982677251719133,0.802922885493964,0
YawnDD\no_yawn\8-FemaleGlasses.avi_f000042_mar0.030.jpg,0.06704949770198565,0.8025198680242696,0
YawnDD\no_yawn\8-FemaleGlasses.avi_f000045_mar0.030.jpg,0.06784728834596411,0.806066695366684,0
YawnDD\no_yawn\8-FemaleGlasses.avi_f000048_mar0.030.jpg,0.06770653565570418,0.7878151623239253,0
YawnDD\no_yawn\8-FemaleGlasses.avi_f000051_mar0.030.jpg,0.06950216857209113,0.763285201032772,0
YawnDD\no_yawn\8-FemaleGlasses.avi_f000054_mar0.030.jpg,0.06960858627277883,0.7544832982238743,0
YawnDD\no_yawn\8-FemaleGlasses.avi_f000057_mar0.030.jpg,0.06896949869089361,0.749029163649461,0
YawnDD\no_yawn\8-FemaleGlasses.avi_f000060_mar0.030.jpg,0.07129850063233856,0.7567415182125206,0
YawnDD\no_yawn\8-FemaleGlasses.avi_f000063_mar0.030.jpg,0.07181908553047031,0.7689971471174919,0
YawnDD\no_yawn\8-FemaleGlasses.avi_f000066_mar0.030.jpg,0.0696654398952218,0.765161806519543,0
YawnDD\no_yawn\8-FemaleGlasses.avi_f000069_mar0.030.jpg,0.06998405370973916,0.7719602421690923,0
YawnDD\no_yawn\8-FemaleGlasses.avi_f000072_mar0.030.jpg,0.07114409496460726,0.7775857608796305,0
YawnDD\no_yawn\8-FemaleGlasses.avi_f000075_mar0.030.jpg,0.07152906833637457,0.7802786861442018,0
YawnDD\no_yawn\8-FemaleGlasses.avi_f000078_mar0.030.jpg,0.07152481550230633,0.7743141863292528,0
YawnDD\no_yawn\8-FemaleGlasses.avi_f000081_mar0.030.jpg,0.07054569782211213,0.7888985146633213,0
YawnDD\no_yawn\8-FemaleGlasses.avi_f000084_mar0.030.jpg,0.06989778681519283,0.7838260189794006,0
YawnDD\no_yawn\8-FemaleGlasses.avi_f000087_mar0.030.jpg,0.06909323447106903,0.7889413004763203,0
YawnDD\no_yawn\8-FemaleGlasses.avi_f000090_mar0.030.jpg,0.06972108546297098,0.7774320944714929,0
YawnDD\no_yawn\8-FemaleGlasses.avi_f000093_mar0.030.jpg,0.06800030213165416,0.783178221440418,0
YawnDD\no_yawn\8-FemaleGlasses.avi_f000096_mar0.030.jpg,0.06863790280251206,0.7880696932182308,0
YawnDD\no_yawn\8-FemaleGlasses.avi_f000099_mar0.030.jpg,0.06800148236782666,0.7865943135650321,0
YawnDD\no_yawn\8-FemaleGlasses.avi_f000102_mar0.030.jpg,0.06869273053313583,0.7904615599015274,0
YawnDD\no_yawn\8-FemaleGlasses.avi_f000105_mar0.030.jpg,0.06968361051941191,0.7789261000422817,0
YawnDD\no_yawn\8-FemaleGlasses.avi_f000108_mar0.030.jpg,0.06917653278246005,0.7764242617071028,0
YawnDD\no_yawn\8-FemaleGlasses.avi_f000111_mar0.030.jpg,0.07190232975530063,0.7839200332006613,0
YawnDD\no_yawn\8-FemaleGlasses.avi_f000114_mar0.030.jpg,0.07141406870390234,0.7719707938844732,0
YawnDD\no_yawn\8-FemaleGlasses.avi_f000117_mar0.030.jpg,0.06953383378214445,0.779136012166603,0
YawnDD\no_yawn\8-FemaleGlasses.avi_f000120_mar0.030.jpg,0.0686045749739933,0.7788952646336991,0
YawnDD\no_yawn\8-FemaleGlasses.avi_f000123_mar0.030.jpg,0.07010185389361118,0.7818925213249752,0
YawnDD\no_yawn\8-FemaleGlasses.avi_f000126_mar0.030.jpg,0.06920537072577947,0.788753474751092,0
YawnDD\no_yawn\8-FemaleGlasses.avi_f000129_mar0.030.jpg,0.06870822441907821,0.780877535148356,0
YawnDD\no_yawn\8-FemaleGlasses.avi_f000132_mar0.030.jpg,0.06827343902325031,0.7744958038714773,0
YawnDD\no_yawn\8-FemaleGlasses.avi_f000135_mar0.030.jpg,0.0691247694058857,0.7798662436039373,0
YawnDD\no_yawn\8-FemaleGlasses.avi_f000138_mar0.030.jpg,0.06837784343993934,0.7869739682251985,0
YawnDD\no_yawn\8-FemaleGlasses.avi_f000144_mar0.030.jpg,0.06841432791281088,0.8018883656603149,0
YawnDD\no_yawn\8-FemaleGlasses.avi_f000147_mar0.030.jpg,0.06952747411494213,0.7953343120314679,0
YawnDD\no_yawn\8-FemaleGlasses.avi_f000165_mar0.030.jpg,0.07029725780579985,0.8272183037583405,0
YawnDD\no_yawn\8-FemaleGlasses.avi_f000177_mar0.030.jpg,0.08757502334603147,0.8325395230788178,0
YawnDD\no_yawn\8-FemaleGlasses.avi_f000183_mar0.030.jpg,0.06970039670914495,0.8165966019430432,0
YawnDD\no_yawn\8-FemaleGlasses.avi_f000198_mar0.030.jpg,0.07092251801641572,0.8189522707259866,0
YawnDD\no_yawn\8-FemaleGlasses.avi_f000210_mar0.030.jpg,0.09117572281001285,0.8090472625883153,0
YawnDD\no_yawn\8-FemaleGlasses.avi_f000213_mar0.030.jpg,0.07313057873001226,0.7988449741542086,0
YawnDD\no_yawn\8-FemaleGlasses.avi_f000216_mar0.030.jpg,0.07417408821006667,0.782488573273995,0
YawnDD\no_yawn\8-FemaleGlasses.avi_f000219_mar0.030.jpg,0.07286639748613526,0.7855690629857757,0
YawnDD\no_yawn\8-FemaleGlasses.avi_f000222_mar0.030.jpg,0.07500359310552246,0.7943855016988667,0
YawnDD\no_yawn\8-FemaleGlasses.avi_f000225_mar0.030.jpg,0.07264963329214646,0.7904934252317336,0
YawnDD\no_yawn\8-FemaleGlasses.avi_f000228_mar0.030.jpg,0.07168331148561052,0.7819449841367714,0
YawnDD\no_yawn\8-FemaleGlasses.avi_f000231_mar0.030.jpg,0.07184755455355095,0.7822147258477291,0
YawnDD\no_yawn\8-FemaleGlasses.avi_f000234_mar0.030.jpg,0.07205928799177024,0.7820002223332703,0
YawnDD\no_yawn\8-FemaleGlasses.avi_f000237_mar0.030.jpg,0.07129778749949314,0.786083941664125,0
YawnDD\no_yawn\8-FemaleGlasses.avi_f000240_mar0.030.jpg,0.07205617357569373,0.7815204368433172,0
YawnDD\no_yawn\8-FemaleGlasses.avi_f000243_mar0.030.jpg,0.07165811638649873,0.7947347647204711,0
YawnDD\no_yawn\8-FemaleGlasses.avi_f000246_mar0.030.jpg,0.07163133677893856,0.7934058707887279,0
YawnDD\no_yawn\8-FemaleGlasses.avi_f000249_mar0.030.jpg,0.072582199014834,0.7929942194745926,0
YawnDD\no_yawn\8-FemaleGlasses.avi_f000255_mar0.030.jpg,0.07134700110428259,0.7879574832656271,0
YawnDD\no_yawn\8-FemaleGlasses.avi_f000258_mar0.030.jpg,0.07025081269472354,0.7827922968255802,0
YawnDD\no_yawn\8-FemaleGlasses.avi_f000261_mar0.030.jpg,0.0721837127669769,0.7844315915342093,0
YawnDD\no_yawn\8-FemaleGlasses.avi_f000264_mar0.030.jpg,0.07206062530775688,0.7846579029414965,0
YawnDD\no_yawn\8-FemaleGlasses.avi_f000267_mar0.030.jpg,0.06986201213482929,0.7918880861444173,0
YawnDD\no_yawn\8-FemaleGlasses.avi_f000270_mar0.030.jpg,0.0729001771706423,0.7860244638729603,0
YawnDD\no_yawn\8-FemaleGlasses.avi_f000273_mar0.030.jpg,0.0709526119704751,0.7828827178604941,0
YawnDD\no_yawn\8-FemaleGlasses.avi_f000276_mar0.030.jpg,0.07140065165485224,0.7828951031917082,0
YawnDD\no_yawn\8-FemaleGlasses.avi_f000279_mar0.030.jpg,0.07067206623692462,0.79451900993845,0
YawnDD\no_yawn\8-FemaleGlasses.avi_f000282_mar0.030.jpg,0.07041156446201705,0.7882776150692806,0
YawnDD\no_yawn\8-FemaleGlasses.avi_f000288_mar0.030.jpg,0.07176936338864344,0.7948365916650343,0
YawnDD\no_yawn\8-FemaleGlasses.avi_f000291_mar0.030.jpg,0.06950853129144101,0.7822337128995196,0
YawnDD\no_yawn\8-FemaleGlasses.avi_f000294_mar0.030.jpg,0.07091956503874064,0.7923479792656986,0
YawnDD\no_yawn\8-FemaleGlasses.avi_f000297_mar0.030.jpg,0.0708353509962539,0.7930489432398381,0
YawnDD\no_yawn\8-FemaleGlasses.avi_f000300_mar0.030.jpg,0.07101345598798002,0.7867528057762582,0
YawnDD\no_yawn\8-FemaleGlasses.avi_f000303_mar0.030.jpg,0.07089206294167841,0.7926277102794657,0
YawnDD\no_yawn\8-FemaleGlasses.avi_f000306_mar0.030.jpg,0.07275559785344181,0.7940356945690561,0
YawnDD\no_yawn\8-FemaleGlasses.avi_f000309_mar0.030.jpg,0.07123996281131156,0.7907721950217687,0
YawnDD\no_yawn\8-FemaleGlasses.avi_f000318_mar0.030.jpg,0.07091117283922965,0.7971432502055655,0
YawnDD\no_yawn\8-FemaleGlasses.avi_f000321_mar0.030.jpg,0.06899266782352266,0.8029334170894139,0
YawnDD\no_yawn\8-FemaleGlasses.avi_f000351_mar0.030.jpg,0.07034296546021755,0.8333328658291564,0
YawnDD\no_yawn\8-FemaleGlasses.avi_f000369_mar0.030.jpg,0.07199788462348,0.8082898183960646,0
YawnDD\no_yawn\8-FemaleGlasses.avi_f000372_mar0.030.jpg,0.07490469708536983,0.8076230567801578,0
YawnDD\no_yawn\8-FemaleGlasses.avi_f000408_mar0.030.jpg,0.07085513683525116,0.8059859279636992,0
YawnDD\no_yawn\8-FemaleGlasses.avi_f000411_mar0.030.jpg,0.0728327058403902,0.8022906380989084,0
YawnDD\no_yawn\8-FemaleGlasses.avi_f000414_mar0.030.jpg,0.07372554429911295,0.8206259276007373,0
YawnDD\no_yawn\8-FemaleGlasses.avi_f000417_mar0.030.jpg,0.08055387162857712,0.8298614544463674,0
YawnDD\no_yawn\8-FemaleGlasses.avi_f000420_mar0.030.jpg,0.10029510084799499,0.919504100351914,0
YawnDD\no_yawn\8-FemaleGlasses.avi_f000423_mar0.030.jpg,0.11358620270993955,0.9830839923902047,0
YawnDD\no_yawn\8-FemaleGlasses.avi_f000426_mar0.030.jpg,0.12011712681062311,1.0009650269591828,0
YawnDD\no_yawn\8-FemaleGlasses.avi_f000429_mar0.030.jpg,0.1202035567371246,0.9983687148621377,0
YawnDD\no_yawn\8-FemaleGlasses.avi_f000432_mar0.030.jpg,0.1240505971194902,0.9986262919200645,0
YawnDD\no_yawn\8-FemaleGlasses.avi_f000435_mar0.030.jpg,0.11802636918532565,0.9958762481383334,0
YawnDD\no_yawn\8-FemaleGlasses.avi_f000438_mar0.030.jpg,0.10805906498244981,0.9336101875365391,0
YawnDD\no_yawn\8-FemaleGlasses.avi_f000444_mar0.030.jpg,0.09160665608089498,0.8117498344070413,0
YawnDD\no_yawn\8-FemaleGlasses.avi_f000447_mar0.030.jpg,0.07971739406707651,0.7957888714400099,0
YawnDD\no_yawn\8-FemaleGlasses.avi_f000450_mar0.030.jpg,0.07314934519292639,0.7600454823397492,0
YawnDD\no_yawn\8-FemaleGlasses.avi_f000453_mar0.030.jpg,0.0723486068125123,0.7761216192386128,0
YawnDD\no_yawn\8-FemaleGlasses.avi_f000456_mar0.030.jpg,0.07245710809625491,0.7971996122458822,0
YawnDD\no_yawn\8-FemaleGlasses.avi_f000459_mar0.030.jpg,0.07133785295725131,0.7929654016226196,0
YawnDD\no_yawn\8-FemaleGlasses.avi_f000462_mar0.030.jpg,0.07220312891871417,0.798857059355764,0
YawnDD\no_yawn\8-FemaleGlasses.avi_f000465_mar0.030.jpg,0.07315044532067297,0.8065837698165605,0
YawnDD\no_yawn\8-FemaleGlasses.avi_f000468_mar0.030.jpg,0.07095336554106031,0.8217934499611694,0
YawnDD\no_yawn\8-FemaleGlasses.avi_f000471_mar0.030.jpg,0.07336909101675212,0.8158914921009129,0
YawnDD\no_yawn\8-FemaleGlasses.avi_f000474_mar0.030.jpg,0.0692512357760702,0.8141533736697903,0
YawnDD\no_yawn\8-FemaleGlasses.avi_f000477_mar0.030.jpg,0.07283101294452682,0.8161947812382093,0
YawnDD\no_yawn\8-FemaleGlasses.avi_f000480_mar0.030.jpg,0.07537002166881283,0.8356781652171603,0
YawnDD\no_yawn\8-FemaleGlasses.avi_f000483_mar0.030.jpg,0.08324315023105955,0.8714264891577277,0
YawnDD\no_yawn\8-FemaleGlasses.avi_f000486_mar0.030.jpg,0.08935408350350976,0.8778512385797718,0
YawnDD\no_yawn\8-FemaleGlasses.avi_f000489_mar0.030.jpg,0.09097234645411068,0.8974182830937956,0
YawnDD\no_yawn\8-FemaleGlasses.avi_f000492_mar0.030.jpg,0.09264393852797376,0.92962706899722,0
YawnDD\no_yawn\8-FemaleGlasses.avi_f000495_mar0.030.jpg,0.09116024376476689,0.9064049360778482,0
YawnDD\no_yawn\8-FemaleGlasses.avi_f000501_mar0.030.jpg,0.08340060632624813,0.8826009504876848,0
YawnDD\no_yawn\8-FemaleGlasses.avi_f000504_mar0.030.jpg,0.07543643618581758,0.8451327019016553,0
YawnDD\no_yawn\8-FemaleGlasses.avi_f000507_mar0.030.jpg,0.07391162467010669,0.8483436025873091,0
YawnDD\no_yawn\8-FemaleGlasses.avi_f000528_mar0.030.jpg,0.08497374841108882,0.8305665533365717,0
YawnDD\no_yawn\8-FemaleGlasses.avi_f000543_mar0.030.jpg,0.07359653731337189,0.8013504273797948,0
YawnDD\no_yawn\8-FemaleGlasses.avi_f000558_mar0.030.jpg,0.08429967100412684,0.771269636357361,0
YawnDD\no_yawn\8-FemaleGlasses.avi_f000561_mar0.030.jpg,0.09257939313717627,0.7971795494624445,0
YawnDD\no_yawn\8-FemaleGlasses.avi_f000564_mar0.030.jpg,0.0770961121167946,0.7901350109908661,0
YawnDD\no_yawn\8-FemaleGlasses.avi_f000567_mar0.030.jpg,0.07828382911575267,0.7940769919920465,0
YawnDD\no_yawn\8-FemaleGlasses.avi_f000570_mar0.030.jpg,0.08005633119993116,0.8056326756558035,0
YawnDD\no_yawn\8-FemaleGlasses.avi_f000630_mar0.030.jpg,0.07936953026193523,0.8334762485829261,0
YawnDD\no_yawn\8-FemaleGlasses.avi_f000816_mar0.030.jpg,0.07198011967393532,0.817771150161798,0
YawnDD\no_yawn\8-FemaleGlasses.avi_f000819_mar0.030.jpg,0.07307651823755253,0.8094006587384237,0
YawnDD\no_yawn\8-FemaleGlasses.avi_f000825_mar0.030.jpg,0.07232751246278246,0.811531326596881,0
YawnDD\no_yawn\8-FemaleGlasses.avi_f000828_mar0.030.jpg,0.0722876213018227,0.8008151068755996,0
YawnDD\no_yawn\8-FemaleGlasses.avi_f000831_mar0.030.jpg,0.07059635094332484,0.802400288206632,0
YawnDD\no_yawn\8-FemaleGlasses.avi_f000834_mar0.030.jpg,0.07129113499754657,0.7933029900876231,0
YawnDD\no_yawn\8-FemaleGlasses.avi_f000837_mar0.030.jpg,0.07245431237146907,0.8040567663830903,0
YawnDD\no_yawn\8-FemaleGlasses.avi_f000840_mar0.030.jpg,0.0809881597894211,0.8112838171725594,0
YawnDD\no_yawn\8-FemaleGlasses.avi_f000843_mar0.030.jpg,0.07274961552056732,0.8080369328175792,0
YawnDD\no_yawn\8-FemaleGlasses.avi_f000846_mar0.030.jpg,0.06858571928270628,0.8104190712519806,0
YawnDD\no_yawn\8-FemaleGlasses.avi_f000849_mar0.030.jpg,0.06994360923412318,0.8163656023141425,0
YawnDD\no_yawn\8-FemaleGlasses.avi_f000852_mar0.030.jpg,0.08271360681676355,0.8206335173831438,0
YawnDD\no_yawn\8-FemaleGlasses.avi_f000864_mar0.030.jpg,0.07241650235139725,0.825669910801247,0
YawnDD\no_yawn\8-FemaleGlasses.avi_f000867_mar0.030.jpg,0.07110572512951299,0.8158262504302382,0
YawnDD\no_yawn\8-FemaleGlasses.avi_f000870_mar0.030.jpg,0.0699694294014446,0.814797461017681,0
YawnDD\no_yawn\8-FemaleGlasses.avi_f000873_mar0.030.jpg,0.06899336633738634,0.8071407168584241,0
YawnDD\no_yawn\8-FemaleGlasses.avi_f000876_mar0.030.jpg,0.06923393673023498,0.8062549518008099,0
YawnDD\no_yawn\8-FemaleGlasses.avi_f000879_mar0.030.jpg,0.07240574156541563,0.8058585837502518,0
YawnDD\no_yawn\8-FemaleGlasses.avi_f000882_mar0.030.jpg,0.07314184543648106,0.8135018646246279,0
YawnDD\no_yawn\8-FemaleGlasses.avi_f000885_mar0.030.jpg,0.07342039860249598,0.8274296693253784,0
YawnDD\no_yawn\8-FemaleGlasses.avi_f000888_mar0.030.jpg,0.0729449065776127,0.8144510418649629,0
YawnDD\no_yawn\8-FemaleGlasses.avi_f000891_mar0.030.jpg,0.07437810151712827,0.8152071796439554,0
YawnDD\no_yawn\8-FemaleGlasses.avi_f000894_mar0.030.jpg,0.07313209683415883,0.8215488708839999,0
YawnDD\no_yawn\8-FemaleGlasses.avi_f000897_mar0.030.jpg,0.07151012727755937,0.8269150420697262,0
YawnDD\no_yawn\8-FemaleGlasses.avi_f000900_mar0.030.jpg,0.07268875826676688,0.8241267355432781,0
YawnDD\no_yawn\8-FemaleGlasses.avi_f000903_mar0.030.jpg,0.07226324327256844,0.8391862916874698,0
YawnDD\no_yawn\8-FemaleGlasses.avi_f000909_mar0.030.jpg,0.07003750322182946,0.8551443125171281,0
YawnDD\no_yawn\8-FemaleGlasses.avi_f000912_mar0.030.jpg,0.07401437255884026,0.8339594828768736,0
YawnDD\no_yawn\8-FemaleGlasses.avi_f000915_mar0.030.jpg,0.07122579872002575,0.8390922443439285,0
YawnDD\no_yawn\8-FemaleGlasses.avi_f000918_mar0.030.jpg,0.0711418104655521,0.8417026146140615,0
YawnDD\no_yawn\8-FemaleGlasses.avi_f000921_mar0.030.jpg,0.07037398365788533,0.8366853773104808,0
YawnDD\no_yawn\8-FemaleGlasses.avi_f000924_mar0.030.jpg,0.07048353556476605,0.8344701334184078,0
YawnDD\no_yawn\8-FemaleGlasses.avi_f000927_mar0.030.jpg,0.0703393667606219,0.8374571833802957,0
YawnDD\no_yawn\8-FemaleGlasses.avi_f000930_mar0.030.jpg,0.06954919492487825,0.8333726104331539,0
YawnDD\no_yawn\8-FemaleGlasses.avi_f000933_mar0.030.jpg,0.06963027154799374,0.8416713149740507,0
YawnDD\no_yawn\8-FemaleGlasses.avi_f000936_mar0.030.jpg,0.06541688259273158,0.8557387641502894,0
YawnDD\no_yawn\8-FemaleGlasses.avi_f000939_mar0.030.jpg,0.06490343648219718,0.8647980952936143,0
YawnDD\no_yawn\8-FemaleGlasses.avi_f000942_mar0.030.jpg,0.0665012714172983,0.8703941943478571,0
YawnDD\no_yawn\8-FemaleGlasses.avi_f000966_mar0.030.jpg,0.06497339026636206,0.8842911153467834,0
YawnDD\no_yawn\8-FemaleGlasses.avi_f000969_mar0.030.jpg,0.06727345219137637,0.8777564327586481,0
YawnDD\no_yawn\8-FemaleGlasses.avi_f000972_mar0.030.jpg,0.06582316800901558,0.8680007109867041,0
YawnDD\no_yawn\8-FemaleGlasses.avi_f000975_mar0.030.jpg,0.06607570926146863,0.8722824463868537,0
YawnDD\no_yawn\8-FemaleGlasses.avi_f000987_mar0.030.jpg,0.07059076320532716,0.875829409464546,0
YawnDD\no_yawn\8-FemaleGlasses.avi_f001005_mar0.030.jpg,0.06927960169571692,0.8718875466862425,0
YawnDD\no_yawn\8-FemaleGlasses.avi_f001014_mar0.035.jpg,0.09816665912821469,0.8568478068547014,0
YawnDD\no_yawn\8-FemaleGlasses.avi_f001044_mar0.030.jpg,0.07312650617144958,0.824612263173093,0
YawnDD\no_yawn\8-FemaleGlasses.avi_f001047_mar0.030.jpg,0.07174398675528564,0.8260712938950298,0
YawnDD\no_yawn\8-FemaleGlasses.avi_f001050_mar0.030.jpg,0.07000243364318601,0.8325342330685982,0
YawnDD\no_yawn\8-FemaleGlasses.avi_f001053_mar0.030.jpg,0.0726897161925929,0.8291452243430757,0
YawnDD\no_yawn\8-FemaleGlasses.avi_f001056_mar0.030.jpg,0.06976087984834321,0.8394155316488207,0
YawnDD\no_yawn\8-FemaleGlasses.avi_f001059_mar0.030.jpg,0.07004864915323178,0.8272655687962489,0
YawnDD\no_yawn\8-FemaleGlasses.avi_f001062_mar0.030.jpg,0.07180590427012903,0.8253057288091962,0
YawnDD\no_yawn\8-FemaleGlasses.avi_f001065_mar0.030.jpg,0.07259001926070985,0.8230900288264975,0
YawnDD\no_yawn\8-FemaleGlasses.avi_f001068_mar0.030.jpg,0.0708884351561537,0.8350614034809057,0
YawnDD\no_yawn\8-FemaleGlasses.avi_f001071_mar0.030.jpg,0.0710986036249235,0.8322681270595848,0
YawnDD\no_yawn\8-FemaleGlasses.avi_f001074_mar0.030.jpg,0.07015157412993797,0.8187149744355464,0
YawnDD\no_yawn\8-FemaleGlasses.avi_f001077_mar0.030.jpg,0.06982003640022236,0.8262116794896642,0
YawnDD\no_yawn\8-FemaleGlasses.avi_f001182_mar0.030.jpg,0.07516485784478374,0.9170603938060593,0
YawnDD\no_yawn\8-FemaleGlasses.avi_f001185_mar0.030.jpg,0.07530247838364441,0.8833401453004941,0
YawnDD\no_yawn\8-FemaleGlasses.avi_f001188_mar0.030.jpg,0.07177583280364462,0.883172804597889,0
YawnDD\no_yawn\8-FemaleGlasses.avi_f001191_mar0.030.jpg,0.07227136275224402,0.8685399635516722,0
YawnDD\no_yawn\8-FemaleGlasses.avi_f001194_mar0.030.jpg,0.07134364557700645,0.8759741649173266,0
YawnDD\no_yawn\8-FemaleGlasses.avi_f001197_mar0.030.jpg,0.06805975376596421,0.8716518241900897,0
YawnDD\no_yawn\8-FemaleGlasses.avi_f001200_mar0.030.jpg,0.07041936029432289,0.8518819691216021,0
YawnDD\no_yawn\8-FemaleGlasses.avi_f001203_mar0.030.jpg,0.06977670409076298,0.8541600481242971,0
YawnDD\no_yawn\8-FemaleGlasses.avi_f001206_mar0.030.jpg,0.0717941489413849,0.8585150883891042,0
YawnDD\no_yawn\8-FemaleGlasses.avi_f001209_mar0.030.jpg,0.07054416623735611,0.851766760022629,0
YawnDD\no_yawn\8-FemaleGlasses.avi_f001212_mar0.030.jpg,0.06984187273225076,0.8503600404950549,0
YawnDD\no_yawn\8-FemaleGlasses.avi_f001215_mar0.030.jpg,0.07200978865634057,0.8520734601513296,0
YawnDD\no_yawn\8-FemaleGlasses.avi_f001218_mar0.030.jpg,0.07192146819801713,0.8442895312863843,0
YawnDD\no_yawn\8-FemaleGlasses.avi_f001221_mar0.030.jpg,0.07141046898231491,0.8446545715696568,0
YawnDD\no_yawn\8-FemaleGlasses.avi_f001224_mar0.030.jpg,0.07221124962128521,0.8465144863526739,0
YawnDD\no_yawn\8-FemaleGlasses.avi_f001227_mar0.030.jpg,0.07326517011487159,0.844357583164854,0
YawnDD\no_yawn\8-FemaleGlasses.avi_f001230_mar0.030.jpg,0.0718686393240132,0.8444519480192922,0
YawnDD\no_yawn\8-FemaleGlasses.avi_f001233_mar0.030.jpg,0.0705055271341274,0.8532013620732918,0
YawnDD\no_yawn\8-FemaleGlasses.avi_f001236_mar0.030.jpg,0.06886485511185637,0.8436293942395043,0
YawnDD\no_yawn\8-FemaleGlasses.avi_f001245_mar0.030.jpg,0.07172956654071788,0.852372642597003,0
YawnDD\no_yawn\8-FemaleGlasses.avi_f001248_mar0.030.jpg,0.07218139156375666,0.8275064161957115,0
YawnDD\no_yawn\8-FemaleGlasses.avi_f001251_mar0.030.jpg,0.07540451301173948,0.834417440657857,0
YawnDD\no_yawn\8-FemaleGlasses.avi_f001254_mar0.030.jpg,0.07421955657008696,0.833935629242532,0
YawnDD\no_yawn\8-FemaleGlasses.avi_f001257_mar0.030.jpg,0.07417054715980194,0.8294240294675228,0
YawnDD\no_yawn\8-FemaleGlasses.avi_f001260_mar0.030.jpg,0.07480291185860947,0.8297519209769917,0
YawnDD\no_yawn\8-FemaleGlasses.avi_f001263_mar0.030.jpg,0.07161041764989166,0.8462368294044827,0
YawnDD\no_yawn\8-FemaleGlasses.avi_f001266_mar0.030.jpg,0.07439255435586445,0.836017755506978,0
YawnDD\no_yawn\8-FemaleGlasses.avi_f001269_mar0.030.jpg,0.07269474683883988,0.849730102744514,0
YawnDD\no_yawn\8-FemaleGlasses.avi_f001272_mar0.030.jpg,0.07276468235840844,0.8411897015657663,0
YawnDD\no_yawn\8-FemaleGlasses.avi_f001275_mar0.030.jpg,0.07197138302286754,0.8349636692514933,0
YawnDD\no_yawn\8-FemaleGlasses.avi_f001278_mar0.030.jpg,0.07290860983181326,0.848592119304614,0
YawnDD\no_yawn\8-FemaleGlasses.avi_f001281_mar0.030.jpg,0.07142326955647507,0.8395306159765306,0
YawnDD\no_yawn\8-FemaleGlasses.avi_f001287_mar0.030.jpg,0.06904982555027059,0.8465872462356924,0
YawnDD\no_yawn\8-FemaleGlasses.avi_f001290_mar0.030.jpg,0.06658363177631424,0.8650186514881989,0
YawnDD\no_yawn\8-FemaleGlasses.avi_f001293_mar0.030.jpg,0.06015251333377649,0.8924824066174437,0
YawnDD\no_yawn\8-FemaleGlasses.avi_f001296_mar0.030.jpg,0.060876870189823205,0.8879862088086286,0
YawnDD\no_yawn\8-FemaleGlasses.avi_f001299_mar0.030.jpg,0.06065982650607593,0.8801570272411928,0
YawnDD\no_yawn\8-FemaleGlasses.avi_f001302_mar0.030.jpg,0.06046064371018458,0.9040306823965392,0
YawnDD\no_yawn\8-FemaleGlasses.avi_f001305_mar0.030.jpg,0.059743858665444814,0.8908257307461166,0
YawnDD\no_yawn\8-FemaleGlasses.avi_f001308_mar0.030.jpg,0.06110663156221338,0.8963335180550568,0
YawnDD\no_yawn\8-FemaleGlasses.avi_f001311_mar0.030.jpg,0.062407007402477864,0.8857742719713726,0
YawnDD\no_yawn\8-FemaleGlasses.avi_f001314_mar0.030.jpg,0.061991437852930424,0.8897366068939705,0
YawnDD\no_yawn\8-FemaleGlasses.avi_f001317_mar0.030.jpg,0.061060180728062144,0.9080790567037378,0
YawnDD\no_yawn\8-FemaleGlasses.avi_f001326_mar0.030.jpg,0.06583920143484441,0.8646868487020621,0
YawnDD\no_yawn\8-FemaleGlasses.avi_f001329_mar0.030.jpg,0.06738562244743741,0.8486843304199866,0
YawnDD\no_yawn\8-FemaleGlasses.avi_f001332_mar0.030.jpg,0.069526012241772,0.8482674505496006,0
YawnDD\no_yawn\8-FemaleGlasses.avi_f001335_mar0.030.jpg,0.07058512212459238,0.8297994317419096,0
YawnDD\no_yawn\8-FemaleGlasses.avi_f001338_mar0.030.jpg,0.07084176235975198,0.8324145024452403,0
YawnDD\no_yawn\8-FemaleGlasses.avi_f001341_mar0.030.jpg,0.06915038911174967,0.8289225368205532,0
YawnDD\no_yawn\8-FemaleGlasses.avi_f001344_mar0.030.jpg,0.06984319231218596,0.8286805832299334,0
YawnDD\no_yawn\8-FemaleGlasses.avi_f001347_mar0.030.jpg,0.06931469553499628,0.8334534955130254,0
YawnDD\no_yawn\8-FemaleGlasses.avi_f001350_mar0.030.jpg,0.0686778634986856,0.8364472944422245,0
YawnDD\no_yawn\8-FemaleGlasses.avi_f001353_mar0.030.jpg,0.0694503353485391,0.8491342969725776,0
YawnDD\no_yawn\8-FemaleGlasses.avi_f001356_mar0.030.jpg,0.06954563324516615,0.8548131878248866,0
YawnDD\no_yawn\8-FemaleGlasses.avi_f001359_mar0.030.jpg,0.06998139282356601,0.8715977618991235,0
YawnDD\no_yawn\8-FemaleGlasses.avi_f001467_mar0.030.jpg,0.07337830486651546,0.9534672771592171,0
YawnDD\no_yawn\8-FemaleGlasses.avi_f001473_mar0.030.jpg,0.07408373169142315,0.9322825076107938,0
YawnDD\no_yawn\8-FemaleGlasses.avi_f001476_mar0.030.jpg,0.07399138994661142,0.9006533887670178,0
YawnDD\no_yawn\8-FemaleGlasses.avi_f001479_mar0.030.jpg,0.07249971539408867,0.8847939300582796,0
YawnDD\no_yawn\8-FemaleGlasses.avi_f001482_mar0.030.jpg,0.07262229584661092,0.8876932853839399,0
YawnDD\no_yawn\8-FemaleGlasses.avi_f001485_mar0.030.jpg,0.07030733350784896,0.8797143952256222,0
YawnDD\no_yawn\8-FemaleGlasses.avi_f001488_mar0.030.jpg,0.07158129596580466,0.8626719910190391,0
YawnDD\no_yawn\8-FemaleGlasses.avi_f001491_mar0.030.jpg,0.07090486085083723,0.8597778908835205,0
YawnDD\no_yawn\8-FemaleGlasses.avi_f001494_mar0.030.jpg,0.07114789583944721,0.8650229782629891,0
YawnDD\no_yawn\8-FemaleGlasses.avi_f001497_mar0.030.jpg,0.07348939487821649,0.8702704261228466,0
YawnDD\no_yawn\8-FemaleGlasses.avi_f001500_mar0.030.jpg,0.07357054958016787,0.8580049424268825,0
YawnDD\no_yawn\8-FemaleGlasses.avi_f001503_mar0.030.jpg,0.07196362030893814,0.8477944149509338,0
YawnDD\no_yawn\8-FemaleGlasses.avi_f001506_mar0.030.jpg,0.07372974733748393,0.8389493967188846,0
YawnDD\no_yawn\8-FemaleGlasses.avi_f001515_mar0.030.jpg,0.07071559546043842,0.8325147821980492,0
YawnDD\no_yawn\8-FemaleGlasses.avi_f001518_mar0.030.jpg,0.07169129612682233,0.8382708864670085,0
YawnDD\no_yawn\8-FemaleGlasses.avi_f001521_mar0.030.jpg,0.07193757356921146,0.8447848013432603,0
YawnDD\no_yawn\8-FemaleGlasses.avi_f001524_mar0.030.jpg,0.07125417682164079,0.8436047406234461,0
YawnDD\no_yawn\8-FemaleGlasses.avi_f001527_mar0.030.jpg,0.11273787385200201,0.839271004012532,0
YawnDD\no_yawn\8-FemaleGlasses.avi_f001572_mar0.030.jpg,0.0746960362114048,0.9518073994871324,0
YawnDD\no_yawn\8-FemaleGlasses.avi_f001626_mar0.030.jpg,0.07533949426428488,0.8683648345399991,0
YawnDD\no_yawn\8-FemaleGlasses.avi_f001638_mar0.030.jpg,0.06932813316525953,0.8722511835145927,0
YawnDD\no_yawn\8-FemaleGlasses.avi_f001644_mar0.030.jpg,0.07237620392496583,0.871831786976101,0
YawnDD\no_yawn\8-FemaleGlasses.avi_f001722_mar0.030.jpg,0.06787396786469677,0.8505681729947805,0
YawnDD\no_yawn\8-FemaleGlasses.avi_f001725_mar0.030.jpg,0.06913460482421979,0.8480923174202689,0
YawnDD\no_yawn\8-FemaleGlasses.avi_f001752_mar0.030.jpg,0.06882007891600515,0.842542070317258,0
YawnDD\no_yawn\8-FemaleGlasses.avi_f001755_mar0.030.jpg,0.07018229241861373,0.8383648598255062,0
YawnDD\no_yawn\8-FemaleGlasses.avi_f001758_mar0.030.jpg,0.07060243625294751,0.8319666728255145,0
YawnDD\no_yawn\8-FemaleGlasses.avi_f001761_mar0.039.jpg,0.11271931208669789,0.8347487004974616,0
YawnDD\no_yawn\8-FemaleGlasses.avi_f001785_mar0.030.jpg,0.09618271825671339,0.9385487354137823,0
YawnDD\no_yawn\8-FemaleGlasses.avi_f001788_mar0.030.jpg,0.09960697863315023,0.977335688833379,0
YawnDD\no_yawn\8-FemaleGlasses.avi_f001791_mar0.030.jpg,0.10405543208128624,0.9828959434082725,0
YawnDD\no_yawn\8-FemaleGlasses.avi_f001794_mar0.030.jpg,0.10763836695997066,1.0115870683120425,0
YawnDD\no_yawn\8-FemaleGlasses.avi_f001797_mar0.030.jpg,0.10372759473924244,1.0281786748554864,0
YawnDD\no_yawn\8-FemaleGlasses.avi_f001800_mar0.030.jpg,0.10177393891363337,1.0197359772867438,0
YawnDD\no_yawn\8-FemaleGlasses.avi_f001803_mar0.030.jpg,0.10150379110415227,0.9895864116425266,0
YawnDD\no_yawn\8-FemaleGlasses.avi_f001875_mar0.030.jpg,0.0676389326929724,0.8608420731551949,0
YawnDD\no_yawn\8-FemaleGlasses.avi_f001878_mar0.030.jpg,0.0696281985052515,0.8573901567446228,0
YawnDD\no_yawn\8-FemaleGlasses.avi_f001881_mar0.030.jpg,0.06871653591504248,0.8471228734225271,0
YawnDD\no_yawn\8-FemaleGlasses.avi_f001884_mar0.030.jpg,0.06981263846303551,0.8461821447905553,0
YawnDD\no_yawn\8-FemaleGlasses.avi_f001887_mar0.030.jpg,0.06928066256710082,0.8391564272676055,0
YawnDD\no_yawn\8-FemaleGlasses.avi_f001890_mar0.030.jpg,0.06972719086417245,0.8210145729690401,0
YawnDD\no_yawn\8-FemaleGlasses.avi_f001893_mar0.030.jpg,0.06791968488829683,0.8192189753458499,0
YawnDD\no_yawn\8-FemaleGlasses.avi_f001896_mar0.030.jpg,0.06814926265426319,0.8253539656140202,0
YawnDD\no_yawn\8-FemaleGlasses.avi_f001899_mar0.030.jpg,0.07653386017005227,0.8268161265752889,0
YawnDD\no_yawn\8-FemaleGlasses.avi_f001917_mar0.030.jpg,0.06845384378876566,0.8805530807373125,0
YawnDD\no_yawn\8-FemaleGlasses.avi_f001929_mar0.030.jpg,0.06851134466631117,0.8421032716613974,0
YawnDD\no_yawn\8-FemaleGlasses.avi_f001959_mar0.030.jpg,0.11704433458095506,0.8603093054505889,0
YawnDD\no_yawn\8-FemaleGlasses.avi_f001971_mar0.030.jpg,0.06926601017232992,0.835750666613764,0
YawnDD\no_yawn\8-FemaleGlasses.avi_f002007_mar0.030.jpg,0.07067512111968055,0.8172210610978173,0
YawnDD\no_yawn\8-FemaleGlasses.avi_f002010_mar0.030.jpg,0.07334403361880926,0.8229908765719731,0
YawnDD\no_yawn\8-FemaleGlasses.avi_f002013_mar0.030.jpg,0.07081237445722867,0.8178387351307635,0
YawnDD\no_yawn\8-FemaleGlasses.avi_f002016_mar0.030.jpg,0.0678705433504792,0.8286172087082406,0
YawnDD\no_yawn\8-FemaleGlasses.avi_f002019_mar0.030.jpg,0.07045956827391918,0.8304000149828967,0
YawnDD\no_yawn\8-FemaleGlasses.avi_f002172_mar0.030.jpg,0.0698683390370408,0.8172170559384713,0
YawnDD\no_yawn\8-FemaleGlasses.avi_f002175_mar0.030.jpg,0.07171602347197967,0.8162283295468145,0
YawnDD\no_yawn\8-FemaleGlasses.avi_f002178_mar0.030.jpg,0.07118323440683266,0.8132990695529371,0
YawnDD\no_yawn\8-FemaleGlasses.avi_f002181_mar0.030.jpg,0.07262448087644181,0.8121696348571763,0
YawnDD\no_yawn\8-FemaleGlasses.avi_f002250_mar0.030.jpg,0.06970717091137914,0.8616833953066074,0
YawnDD\no_yawn\8-FemaleGlasses.avi_f002256_mar0.030.jpg,0.07106917648999066,0.844235129892812,0
YawnDD\no_yawn\8-MaleNoGlasses_f000000_mar0.030.jpg,0.0758412298202664,0.9164145226726049,0
YawnDD\no_yawn\8-MaleNoGlasses_f000006_mar0.030.jpg,0.06945254006801316,0.9245606107517502,0
YawnDD\no_yawn\8-MaleNoGlasses_f000009_mar0.030.jpg,0.06878097492083912,0.9321213680303798,0
YawnDD\no_yawn\8-MaleNoGlasses_f000012_mar0.030.jpg,0.07574468535400047,0.9373946461234469,0
YawnDD\no_yawn\8-MaleNoGlasses_f000018_mar0.030.jpg,0.06369532589042444,0.9698792857204322,0
YawnDD\no_yawn\8-MaleNoGlasses_f000021_mar0.030.jpg,0.0728930651173714,0.9684102775098221,0
YawnDD\no_yawn\8-MaleNoGlasses_f000024_mar0.030.jpg,0.09971059323915969,0.9779461911836658,0
YawnDD\no_yawn\8-MaleNoGlasses_f000030_mar0.033.jpg,0.1198292050556695,1.0194377364931002,0
YawnDD\no_yawn\8-MaleNoGlasses_f000033_mar0.030.jpg,0.05357738272829019,0.9766158197153794,0
YawnDD\no_yawn\8-MaleNoGlasses_f000048_mar0.030.jpg,0.07774505634008311,0.9002421247757153,0
YawnDD\no_yawn\8-MaleNoGlasses_f000054_mar0.030.jpg,0.07890728961204978,1.005646020057455,0
YawnDD\no_yawn\8-MaleNoGlasses_f000057_mar0.030.jpg,0.08108285372750614,0.9950604477573586,0
YawnDD\no_yawn\8-MaleNoGlasses_f000060_mar0.030.jpg,0.07658946915863526,1.0061700059745875,0
YawnDD\no_yawn\8-MaleNoGlasses_f000063_mar0.030.jpg,0.07196656970884507,0.9971500780514357,0
YawnDD\no_yawn\8-MaleNoGlasses_f000066_mar0.030.jpg,0.1746666163517919,1.0060785691329273,0
YawnDD\no_yawn\8-MaleNoGlasses_f000072_mar0.031.jpg,0.08836795264010713,0.9802515007421938,0
YawnDD\no_yawn\8-MaleNoGlasses_f000075_mar0.030.jpg,0.07808868349049262,0.9572122030927227,0
YawnDD\no_yawn\8-MaleNoGlasses_f000078_mar0.030.jpg,0.08103965881076768,0.9768459033627992,0
YawnDD\no_yawn\8-MaleNoGlasses_f000084_mar0.030.jpg,0.08692872484418135,1.0097696785173151,0
YawnDD\no_yawn\8-MaleNoGlasses_f000087_mar0.030.jpg,0.08519079282579517,0.9788001969948366,0
YawnDD\no_yawn\8-MaleNoGlasses_f000090_mar0.030.jpg,0.08015135254157105,0.9759141015802133,0
YawnDD\no_yawn\8-MaleNoGlasses_f000093_mar0.030.jpg,0.08111582616924569,0.9637612161565449,0
YawnDD\no_yawn\8-MaleNoGlasses_f000096_mar0.030.jpg,0.0805653859066112,0.9593589473684447,0
YawnDD\no_yawn\8-MaleNoGlasses_f000099_mar0.030.jpg,0.07741480399381336,0.953755244108589,0
YawnDD\no_yawn\8-MaleNoGlasses_f000102_mar0.030.jpg,0.0736196763347704,0.9466754518581146,0
YawnDD\no_yawn\8-MaleNoGlasses_f000105_mar0.030.jpg,0.07012083513372629,0.950066497190917,0
YawnDD\no_yawn\8-MaleNoGlasses_f000108_mar0.030.jpg,0.07359812918822635,0.9585697151816065,0
YawnDD\no_yawn\8-MaleNoGlasses_f000111_mar0.030.jpg,0.07136312455551032,0.9536213632626087,0
YawnDD\no_yawn\8-MaleNoGlasses_f000114_mar0.030.jpg,0.07401068158874409,0.9522176387729102,0
YawnDD\no_yawn\8-MaleNoGlasses_f000117_mar0.030.jpg,0.0695843150517187,0.9599571023221757,0
YawnDD\no_yawn\8-MaleNoGlasses_f000120_mar0.030.jpg,0.07034505478212835,0.966152926409498,0
YawnDD\no_yawn\8-MaleNoGlasses_f000123_mar0.030.jpg,0.07112230977468506,0.9629873731326932,0
YawnDD\no_yawn\8-MaleNoGlasses_f000126_mar0.030.jpg,0.06797160734794445,0.9557603899559572,0
YawnDD\no_yawn\8-MaleNoGlasses_f000129_mar0.030.jpg,0.06936672677409325,0.9807270983169103,0
YawnDD\no_yawn\8-MaleNoGlasses_f000132_mar0.030.jpg,0.06918338181750144,0.9926570234442196,0
YawnDD\no_yawn\8-MaleNoGlasses_f000141_mar0.030.jpg,0.07199366297264384,0.9688713273098518,0
YawnDD\no_yawn\8-MaleNoGlasses_f000144_mar0.030.jpg,0.07142456286282825,1.0048639443386553,0
YawnDD\no_yawn\8-MaleNoGlasses_f000147_mar0.030.jpg,0.07202241601272454,0.9871481414513655,0
YawnDD\no_yawn\8-MaleNoGlasses_f000150_mar0.030.jpg,0.07366032653414252,0.9749635329380714,0
YawnDD\no_yawn\8-MaleNoGlasses_f000153_mar0.030.jpg,0.07279003002215292,0.9803637452529002,0
YawnDD\no_yawn\8-MaleNoGlasses_f000156_mar0.030.jpg,0.07662352408077235,0.9916033075638762,0
YawnDD\no_yawn\8-MaleNoGlasses_f000159_mar0.030.jpg,0.07639278053561607,1.0178099624758985,0
YawnDD\no_yawn\8-MaleNoGlasses_f000162_mar0.030.jpg,0.0775948410576338,1.0160231801314263,0
YawnDD\no_yawn\8-MaleNoGlasses_f000165_mar0.030.jpg,0.07841606341796678,1.0644050886310317,0
YawnDD\no_yawn\8-MaleNoGlasses_f000168_mar0.030.jpg,0.07868546161533563,1.0668155537261597,0
YawnDD\no_yawn\8-MaleNoGlasses_f000171_mar0.030.jpg,0.08107022788308209,1.0704817302807068,0
YawnDD\no_yawn\8-MaleNoGlasses_f000174_mar0.030.jpg,0.08125828507327743,1.0630797472831472,0
YawnDD\no_yawn\8-MaleNoGlasses_f000177_mar0.030.jpg,0.08210555532101486,1.0566384920792715,0
YawnDD\no_yawn\8-MaleNoGlasses_f000180_mar0.030.jpg,0.08077472016885895,1.0716799786037197,0
YawnDD\no_yawn\8-MaleNoGlasses_f000183_mar0.030.jpg,0.08636771826279162,1.0668280232618383,0
YawnDD\no_yawn\8-MaleNoGlasses_f000186_mar0.030.jpg,0.08801193866271853,1.0797706724699578,0
YawnDD\no_yawn\8-MaleNoGlasses_f000189_mar0.030.jpg,0.08282368862990426,1.062110810876911,0
YawnDD\no_yawn\8-MaleNoGlasses_f000192_mar0.030.jpg,0.0858703326035772,1.0693450475188446,0
YawnDD\no_yawn\8-MaleNoGlasses_f000195_mar0.030.jpg,0.0944764765288689,1.0812888788129917,0
YawnDD\no_yawn\8-MaleNoGlasses_f000198_mar0.030.jpg,0.09073260642828003,1.0852503239910114,0
YawnDD\no_yawn\8-MaleNoGlasses_f000201_mar0.030.jpg,0.09708680886906752,1.0863711261746176,0
YawnDD\no_yawn\8-MaleNoGlasses_f000204_mar0.030.jpg,0.09638346160411464,1.100072186619982,0
YawnDD\no_yawn\8-MaleNoGlasses_f000207_mar0.030.jpg,0.09996899844061004,1.0773042045058023,0
YawnDD\no_yawn\8-MaleNoGlasses_f000210_mar0.030.jpg,0.10167769658796058,1.090888719984071,0
YawnDD\no_yawn\8-MaleNoGlasses_f000213_mar0.030.jpg,0.10096167504254784,1.0641875924182793,0
YawnDD\no_yawn\8-MaleNoGlasses_f000216_mar0.030.jpg,0.10100722998705762,1.060828119987169,0
YawnDD\no_yawn\8-MaleNoGlasses_f000219_mar0.030.jpg,0.09586391457825441,1.0788744873548095,0
YawnDD\no_yawn\8-MaleNoGlasses_f000222_mar0.030.jpg,0.09175750604124089,1.0888363244911636,0
YawnDD\no_yawn\8-MaleNoGlasses_f000225_mar0.030.jpg,0.08779404991256767,1.086421017295344,0
YawnDD\no_yawn\8-MaleNoGlasses_f000228_mar0.030.jpg,0.08615058722327677,1.044343488472576,0
YawnDD\no_yawn\8-MaleNoGlasses_f000231_mar0.030.jpg,0.07600354220622382,1.0392412553637245,0
YawnDD\no_yawn\8-MaleNoGlasses_f000234_mar0.030.jpg,0.07408601892128472,1.0438927267789853,0
YawnDD\no_yawn\8-MaleNoGlasses_f000237_mar0.030.jpg,0.0874627428285233,0.9957250739713954,0
YawnDD\no_yawn\8-MaleNoGlasses_f000240_mar0.030.jpg,0.09209688838642786,1.0464637714362532,0
YawnDD\no_yawn\8-MaleNoGlasses_f000243_mar0.030.jpg,0.10276085524957936,1.0838970340161036,0
YawnDD\no_yawn\8-MaleNoGlasses_f000246_mar0.030.jpg,0.10763482196092101,1.1112479875727035,0
YawnDD\no_yawn\8-MaleNoGlasses_f000249_mar0.030.jpg,0.10649419424357524,1.0982529524916216,0
YawnDD\no_yawn\8-MaleNoGlasses_f000252_mar0.030.jpg,0.10641660984450221,1.1262118948113555,0
YawnDD\no_yawn\8-MaleNoGlasses_f000255_mar0.030.jpg,0.10667825075154294,1.1237839689454714,0
YawnDD\no_yawn\8-MaleNoGlasses_f000258_mar0.030.jpg,0.1046609576235627,1.059849402721912,0
YawnDD\no_yawn\8-MaleNoGlasses_f000264_mar0.030.jpg,0.08999587693805702,1.0810231750331707,0
YawnDD\no_yawn\8-MaleNoGlasses_f000267_mar0.030.jpg,0.08638492464557206,1.0516456237171667,0
YawnDD\no_yawn\8-MaleNoGlasses_f000270_mar0.030.jpg,0.08851037908403593,1.0101636835369485,0
YawnDD\no_yawn\8-MaleNoGlasses_f000273_mar0.030.jpg,0.08107487562219605,1.0078835683179574,0
YawnDD\no_yawn\8-MaleNoGlasses_f000276_mar0.030.jpg,0.07805851550264756,1.0167134992934488,0
YawnDD\no_yawn\8-MaleNoGlasses_f000279_mar0.030.jpg,0.0764027262133169,1.008259196262428,0
YawnDD\no_yawn\8-MaleNoGlasses_f000282_mar0.030.jpg,0.07795330565809318,0.9813296261059141,0
YawnDD\no_yawn\8-MaleNoGlasses_f000285_mar0.030.jpg,0.07595912183475588,0.9697156107087656,0
YawnDD\no_yawn\8-MaleNoGlasses_f000288_mar0.030.jpg,0.07629725563569782,0.9582407203622574,0
YawnDD\no_yawn\8-MaleNoGlasses_f000291_mar0.030.jpg,0.07398782019355363,0.9308752209164606,0
YawnDD\no_yawn\8-MaleNoGlasses_f000294_mar0.030.jpg,0.07873507282289906,0.9060130964843459,0
YawnDD\no_yawn\8-MaleNoGlasses_f000297_mar0.030.jpg,0.07706040283890217,0.9111367579468261,0
YawnDD\no_yawn\8-MaleNoGlasses_f000300_mar0.030.jpg,0.0777562352098616,0.9541961431348102,0
YawnDD\no_yawn\8-MaleNoGlasses_f000303_mar0.030.jpg,0.08202077127178649,0.987452408424459,0
YawnDD\no_yawn\8-MaleNoGlasses_f000330_mar0.030.jpg,0.08459033703870628,1.0618961223856604,0
YawnDD\no_yawn\8-MaleNoGlasses_f000357_mar0.030.jpg,0.06911786318554396,1.023540950033279,0
YawnDD\no_yawn\8-MaleNoGlasses_f000360_mar0.030.jpg,0.06714612535688094,1.0157422469667237,0
YawnDD\no_yawn\8-MaleNoGlasses_f000363_mar0.039.jpg,0.12850534438164685,1.037278975503855,0
YawnDD\no_yawn\8-MaleNoGlasses_f000378_mar0.030.jpg,0.09069691770400826,1.1262930325563068,0
YawnDD\no_yawn\8-MaleNoGlasses_f000390_mar0.030.jpg,0.10255883295673869,1.1256616409689402,0
YawnDD\no_yawn\8-MaleNoGlasses_f000399_mar0.030.jpg,0.09286622062331025,1.0970291396428447,0
YawnDD\no_yawn\8-MaleNoGlasses_f000411_mar0.030.jpg,0.08700945498793099,1.091204341158362,0
YawnDD\no_yawn\8-MaleNoGlasses_f000417_mar0.030.jpg,0.08295647930691638,1.0791187886032756,0
YawnDD\no_yawn\8-MaleNoGlasses_f000420_mar0.030.jpg,0.07388004524201874,1.0620872439129947,0
YawnDD\no_yawn\8-MaleNoGlasses_f000423_mar0.030.jpg,0.07337040644054621,1.0490769590443294,0
YawnDD\no_yawn\8-MaleNoGlasses_f000432_mar0.030.jpg,0.06811575897664306,0.9804847295855128,0
YawnDD\no_yawn\8-MaleNoGlasses_f000441_mar0.030.jpg,0.0820187063578662,0.9143351576726337,0
YawnDD\no_yawn\8-MaleNoGlasses_f000444_mar0.030.jpg,0.1052883146914625,0.9957084315616233,0
YawnDD\no_yawn\8-MaleNoGlasses_f000447_mar0.032.jpg,0.10969138806745939,0.9951417396686947,0
YawnDD\no_yawn\8-MaleNoGlasses_f000450_mar0.030.jpg,0.12098296017150949,0.9638253986381375,0
YawnDD\no_yawn\8-MaleNoGlasses_f000453_mar0.030.jpg,0.1148002804935096,0.9764676268392426,0
YawnDD\no_yawn\8-MaleNoGlasses_f000462_mar0.030.jpg,0.14093760530923632,1.0290435164522855,0
YawnDD\no_yawn\8-MaleNoGlasses_f000465_mar0.030.jpg,0.09116178837629454,1.0199969028009,0
YawnDD\no_yawn\8-MaleNoGlasses_f000468_mar0.030.jpg,0.08488240139077573,1.0318143515170715,0
YawnDD\no_yawn\8-MaleNoGlasses_f000474_mar0.030.jpg,0.12340797871271343,1.06725059439958,0
YawnDD\no_yawn\8-MaleNoGlasses_f000483_mar0.030.jpg,0.10081602046980442,1.0717963880947667,0
YawnDD\no_yawn\8-MaleNoGlasses_f000486_mar0.030.jpg,0.08141990282002777,1.0689514574562171,0
YawnDD\no_yawn\8-MaleNoGlasses_f000489_mar0.030.jpg,0.08416034636236021,1.0832263843102756,0
YawnDD\no_yawn\8-MaleNoGlasses_f000492_mar0.030.jpg,0.085569975658685,1.0070799954603031,0
YawnDD\no_yawn\8-MaleNoGlasses_f000495_mar0.030.jpg,0.12934472777821196,1.034386265209027,0
YawnDD\no_yawn\8-MaleNoGlasses_f000522_mar0.030.jpg,0.07513619589900415,1.0339373894703114,0
YawnDD\no_yawn\8-MaleNoGlasses_f000528_mar0.035.jpg,0.11231367892712683,1.0456034821616926,0
YawnDD\no_yawn\8-MaleNoGlasses_f000639_mar0.030.jpg,0.07856118164608179,1.051568502037348,0
YawnDD\no_yawn\8-MaleNoGlasses_f000645_mar0.030.jpg,0.07107891077669339,0.9867803342424976,0
YawnDD\no_yawn\8-MaleNoGlasses_f000648_mar0.030.jpg,0.06703627483981646,0.8934196999721858,0
YawnDD\no_yawn\8-MaleNoGlasses_f000660_mar0.030.jpg,0.07591324782390137,0.7000351656968519,0
YawnDD\no_yawn\8-MaleNoGlasses_f000663_mar0.030.jpg,0.08214266177261026,0.7437819723735754,0
YawnDD\no_yawn\8-MaleNoGlasses_f000666_mar0.030.jpg,0.08262196635921853,0.8387516693391697,0
YawnDD\no_yawn\8-MaleNoGlasses_f000741_mar0.030.jpg,0.08810524765131372,1.089487180067414,0
YawnDD\no_yawn\8-MaleNoGlasses_f000954_mar0.030.jpg,0.09639974465041547,1.0345038290112254,0
YawnDD\no_yawn\8-MaleNoGlasses_f000984_mar0.030.jpg,0.07176723287414581,1.0295753666553105,0
YawnDD\no_yawn\8-MaleNoGlasses_f000987_mar0.030.jpg,0.07252677993391489,1.0130613996422517,0
YawnDD\no_yawn\8-MaleNoGlasses_f000990_mar0.030.jpg,0.07564046491049271,1.0063114691080286,0
YawnDD\no_yawn\8-MaleNoGlasses_f001005_mar0.030.jpg,0.11713163934635006,1.0299260938157173,0
YawnDD\no_yawn\8-MaleNoGlasses_f001008_mar0.030.jpg,0.08396158898209001,1.0489471238741976,0
YawnDD\no_yawn\8-MaleNoGlasses_f001011_mar0.030.jpg,0.07444041113748734,1.0315808671656144,0
YawnDD\no_yawn\8-MaleNoGlasses_f001023_mar0.030.jpg,0.09618840430287474,1.039446621062906,0
YawnDD\no_yawn\8-MaleNoGlasses_f001026_mar0.030.jpg,0.07639128818787493,1.022662723921853,0
YawnDD\no_yawn\8-MaleNoGlasses_f001350_mar0.030.jpg,0.08117326710328875,1.0260859713318846,0
YawnDD\no_yawn\8-MaleNoGlasses_f001371_mar0.030.jpg,0.0762066281551477,1.0350143600554123,0
YawnDD\no_yawn\8-MaleNoGlasses_f001374_mar0.030.jpg,0.0815963704133981,1.043038173492585,0
YawnDD\no_yawn\8-MaleNoGlasses_f001389_mar0.030.jpg,0.08230915953260559,1.0571519115197177,0
YawnDD\no_yawn\8-MaleNoGlasses_f001392_mar0.030.jpg,0.08355583384386314,1.0251269089569952,0
YawnDD\no_yawn\8-MaleNoGlasses_f001395_mar0.030.jpg,0.08267440577733652,1.0310947192589215,0
YawnDD\no_yawn\8-MaleNoGlasses_f001398_mar0.030.jpg,0.08545420737842366,1.0038547979815589,0
YawnDD\no_yawn\8-MaleNoGlasses_f001401_mar0.030.jpg,0.07950623532944433,0.9850666594230695,0
YawnDD\no_yawn\8-MaleNoGlasses_f001404_mar0.030.jpg,0.08292065329962577,1.0072158281228798,0
YawnDD\no_yawn\8-MaleNoGlasses_f001407_mar0.030.jpg,0.08224955906024041,0.996545145626047,0
YawnDD\no_yawn\8-MaleNoGlasses_f001410_mar0.030.jpg,0.08047721279389936,0.9971062426034578,0
YawnDD\no_yawn\8-MaleNoGlasses_f001413_mar0.030.jpg,0.08354022406064435,0.9990288329097334,0
YawnDD\no_yawn\8-MaleNoGlasses_f001416_mar0.030.jpg,0.07976807977752545,1.0109270757743012,0
YawnDD\no_yawn\8-MaleNoGlasses_f001422_mar0.030.jpg,0.08465567663491401,1.0401077916705517,0
YawnDD\no_yawn\8-MaleNoGlasses_f001437_mar0.030.jpg,0.07623546647858283,1.0845569899455283,0
YawnDD\no_yawn\8-MaleNoGlasses_f001452_mar0.030.jpg,0.07816130323934238,1.0851365007929168,0
YawnDD\no_yawn\8-MaleNoGlasses_f001467_mar0.030.jpg,0.09834080175677831,1.1030682107070728,0
YawnDD\no_yawn\8-MaleNoGlasses_f001470_mar0.030.jpg,0.09705669428042835,1.0927568724507857,0
YawnDD\no_yawn\8-MaleNoGlasses_f001476_mar0.030.jpg,0.08452656892767728,1.084138766471655,0
YawnDD\no_yawn\8-MaleNoGlasses_f001503_mar0.030.jpg,0.08262882120461877,1.1238224117536912,0
YawnDD\no_yawn\8-MaleNoGlasses_f001506_mar0.030.jpg,0.07750972984508712,1.115212524036874,0
YawnDD\no_yawn\8-MaleNoGlasses_f001509_mar0.030.jpg,0.07293902189438169,1.0994793732603836,0
YawnDD\no_yawn\8-MaleNoGlasses_f001512_mar0.030.jpg,0.07602014133036569,1.1154077280346186,0
YawnDD\no_yawn\8-MaleNoGlasses_f001515_mar0.030.jpg,0.07472733335401131,1.1060777401712567,0
YawnDD\no_yawn\8-MaleNoGlasses_f001530_mar0.030.jpg,0.13193273826453394,1.0992626864307296,0
YawnDD\no_yawn\8-MaleNoGlasses_f001539_mar0.030.jpg,0.08664109010672606,1.0765076585910731,0
YawnDD\no_yawn\8-MaleNoGlasses_f001554_mar0.030.jpg,0.0710564593228248,1.0040189480909838,0
YawnDD\no_yawn\8-MaleNoGlasses_f001557_mar0.030.jpg,0.06698438967464433,0.9863901273501364,0
YawnDD\no_yawn\8-MaleNoGlasses_f001560_mar0.030.jpg,0.07173551257320622,0.961917429883461,0
YawnDD\no_yawn\8-MaleNoGlasses_f001563_mar0.030.jpg,0.06840344060851022,0.9475227770492589,0
YawnDD\no_yawn\8-MaleNoGlasses_f001566_mar0.030.jpg,0.06971364455948757,0.9261624854654763,0
YawnDD\no_yawn\8-MaleNoGlasses_f001569_mar0.030.jpg,0.07166720613123008,0.9437183958828906,0
YawnDD\no_yawn\8-MaleNoGlasses_f001602_mar0.030.jpg,0.08847345515613894,1.1175189539935317,0
YawnDD\no_yawn\8-MaleNoGlasses_f001614_mar0.030.jpg,0.10085003311556044,1.0721091562609817,0
YawnDD\no_yawn\8-MaleNoGlasses_f001617_mar0.030.jpg,0.09725591952666474,0.9437171892366205,0
YawnDD\no_yawn\8-MaleNoGlasses_f001620_mar0.030.jpg,0.0724189877141236,0.7694453098102796,0
YawnDD\no_yawn\8-MaleNoGlasses_f001632_mar0.030.jpg,0.0768164073924604,0.7510507717016688,0
YawnDD\no_yawn\8-MaleNoGlasses_f001635_mar0.030.jpg,0.07872078743315157,0.7830878818001015,0
YawnDD\no_yawn\8-MaleNoGlasses_f001665_mar0.030.jpg,0.07136781979060046,0.9730959896747091,0
YawnDD\no_yawn\8-MaleNoGlasses_f001830_mar0.030.jpg,0.09590009261964005,1.0959197131283687,0
YawnDD\no_yawn\8-MaleNoGlasses_f001833_mar0.030.jpg,0.09442988468542378,1.0866551636727926,0
YawnDD\no_yawn\8-MaleNoGlasses_f001836_mar0.030.jpg,0.09376603458112284,1.088522202661972,0
YawnDD\no_yawn\8-MaleNoGlasses_f001839_mar0.030.jpg,0.09436061800614612,1.0896478458263346,0
YawnDD\no_yawn\8-MaleNoGlasses_f001842_mar0.030.jpg,0.09078415635748607,1.0688750239422495,0
YawnDD\no_yawn\8-MaleNoGlasses_f001845_mar0.030.jpg,0.08702834388665145,1.0928579218868195,0
YawnDD\no_yawn\8-MaleNoGlasses_f001848_mar0.030.jpg,0.09199996019465476,1.084643626181766,0
YawnDD\no_yawn\8-MaleNoGlasses_f001851_mar0.030.jpg,0.09458963475101188,1.1187431356175688,0
YawnDD\no_yawn\8-MaleNoGlasses_f001854_mar0.030.jpg,0.09500242206292432,1.1450680394664179,0
YawnDD\no_yawn\8-MaleNoGlasses_f001863_mar0.030.jpg,0.11761448281938634,1.101769064996494,0
YawnDD\no_yawn\8-MaleNoGlasses_f001869_mar0.030.jpg,0.0834745407902064,1.075500769771544,0
YawnDD\no_yawn\8-MaleNoGlasses_f001872_mar0.030.jpg,0.08192006416072012,1.0364464063073155,0
YawnDD\no_yawn\8-MaleNoGlasses_f001875_mar0.030.jpg,0.0816665665169431,1.069983607510301,0
YawnDD\no_yawn\8-MaleNoGlasses_f001878_mar0.030.jpg,0.08032706883199311,1.04298690220811,0
YawnDD\no_yawn\8-MaleNoGlasses_f001881_mar0.030.jpg,0.07921143869943298,1.0082437306634882,0
YawnDD\no_yawn\8-MaleNoGlasses_f001884_mar0.030.jpg,0.07563460954724979,0.9964875995402932,0
YawnDD\no_yawn\8-MaleNoGlasses_f001887_mar0.030.jpg,0.071221853270768,0.9991726530588707,0
YawnDD\no_yawn\8-MaleNoGlasses_f001890_mar0.030.jpg,0.06746563328232262,0.9930016726978839,0
YawnDD\no_yawn\8-MaleNoGlasses_f001893_mar0.030.jpg,0.06956851552487403,0.9762423384889393,0
YawnDD\no_yawn\8-MaleNoGlasses_f001896_mar0.030.jpg,0.06623638926267277,0.9632942096727,0
YawnDD\no_yawn\8-MaleNoGlasses_f001899_mar0.030.jpg,0.05665826788174568,0.9266848925921075,0
YawnDD\no_yawn\8-MaleNoGlasses_f001902_mar0.030.jpg,0.05668488471284814,0.9128595813457605,0
YawnDD\no_yawn\8-MaleNoGlasses_f001905_mar0.030.jpg,0.053150737458459024,0.9112510944094289,0
YawnDD\no_yawn\8-MaleNoGlasses_f001908_mar0.030.jpg,0.058910948535535766,0.8732761314133678,0
YawnDD\no_yawn\8-MaleNoGlasses_f001911_mar0.030.jpg,0.05832613448194428,0.8823250997320109,0
YawnDD\no_yawn\8-MaleNoGlasses_f001914_mar0.030.jpg,0.061887207285994436,0.8798255648463299,0
YawnDD\no_yawn\8-MaleNoGlasses_f001917_mar0.030.jpg,0.06078513656375073,0.8690200524782874,0
YawnDD\no_yawn\8-MaleNoGlasses_f001920_mar0.030.jpg,0.06215188000025378,0.8585845425465519,0
YawnDD\no_yawn\8-MaleNoGlasses_f001923_mar0.030.jpg,0.06037059306518681,0.8575578955866615,0
YawnDD\no_yawn\8-MaleNoGlasses_f001926_mar0.030.jpg,0.061330978674619466,0.8491302744967811,0
YawnDD\no_yawn\8-MaleNoGlasses_f001929_mar0.030.jpg,0.063772564901368,0.8511913639114576,0
YawnDD\no_yawn\8-MaleNoGlasses_f001932_mar0.030.jpg,0.06315609175775698,0.8596949698493922,0
YawnDD\no_yawn\8-MaleNoGlasses_f001935_mar0.030.jpg,0.06546859728643434,0.8771439912751082,0
YawnDD\no_yawn\8-MaleNoGlasses_f001944_mar0.030.jpg,0.08285616359723554,0.948257615792003,0
YawnDD\no_yawn\8-MaleNoGlasses_f001947_mar0.030.jpg,0.0941446580210199,0.9818310999448018,0
YawnDD\no_yawn\8-MaleNoGlasses_f001950_mar0.030.jpg,0.10351095227744862,1.0230614911401312,0
YawnDD\no_yawn\8-MaleNoGlasses_f001953_mar0.030.jpg,0.10960932215288204,1.0759752149726707,0
YawnDD\no_yawn\8-MaleNoGlasses_f001956_mar0.030.jpg,0.11206118461413735,1.0822044388917917,0
YawnDD\no_yawn\8-MaleNoGlasses_f001959_mar0.030.jpg,0.11097667155354574,1.0786419537259133,0
YawnDD\no_yawn\8-MaleNoGlasses_f001962_mar0.030.jpg,0.10958121625037114,1.1000011997009576,0
YawnDD\no_yawn\8-MaleNoGlasses_f001965_mar0.030.jpg,0.10667929097304577,1.0849438515349228,0
YawnDD\no_yawn\8-MaleNoGlasses_f001968_mar0.030.jpg,0.10806416718295556,1.1089773074364193,0
YawnDD\no_yawn\8-MaleNoGlasses_f001971_mar0.030.jpg,0.10569109541021711,1.0808791143046854,0
YawnDD\no_yawn\8-MaleNoGlasses_f001974_mar0.030.jpg,0.11362389535022725,1.0838996227496709,0
YawnDD\no_yawn\8-MaleNoGlasses_f001977_mar0.030.jpg,0.11132967896619551,1.0665648546046722,0
YawnDD\no_yawn\8-MaleNoGlasses_f001980_mar0.030.jpg,0.10856998027435222,1.0871683840350335,0
YawnDD\no_yawn\8-MaleNoGlasses_f001983_mar0.030.jpg,0.10648651952439761,1.0670906200591177,0
YawnDD\no_yawn\8-MaleNoGlasses_f001986_mar0.030.jpg,0.11176778979038517,1.056068283111722,0
YawnDD\no_yawn\8-MaleNoGlasses_f001989_mar0.030.jpg,0.11245909663610704,1.06202458712216,0
YawnDD\no_yawn\8-MaleNoGlasses_f001992_mar0.030.jpg,0.10681986730735434,1.0664220662403687,0
YawnDD\no_yawn\8-MaleNoGlasses_f001995_mar0.030.jpg,0.11013115325063583,1.0889260048978486,0
YawnDD\no_yawn\8-MaleNoGlasses_f001998_mar0.030.jpg,0.10389862245703878,1.08018514801538,0
YawnDD\no_yawn\8-MaleNoGlasses_f002001_mar0.030.jpg,0.10630864871112385,1.0693502171919176,0
YawnDD\no_yawn\8-MaleNoGlasses_f002004_mar0.030.jpg,0.10427914315129934,1.0799356297158245,0
YawnDD\no_yawn\8-MaleNoGlasses_f002007_mar0.030.jpg,0.10351739338974965,1.0823768161545892,0
YawnDD\no_yawn\8-MaleNoGlasses_f002019_mar0.030.jpg,0.08389479520115393,1.0136462399951731,0
YawnDD\no_yawn\8-MaleNoGlasses_f002022_mar0.030.jpg,0.08763654488348573,1.0081221789685801,0
YawnDD\no_yawn\8-MaleNoGlasses_f002025_mar0.030.jpg,0.08763889112712711,1.013635238752926,0
YawnDD\no_yawn\8-MaleNoGlasses_f002028_mar0.030.jpg,0.08856699695655856,1.0193118956385323,0
YawnDD\no_yawn\8-MaleNoGlasses_f002031_mar0.030.jpg,0.08485410203605029,1.032058883650917,0
YawnDD\no_yawn\8-MaleNoGlasses_f002034_mar0.030.jpg,0.08277737731140301,1.0386637634982903,0
YawnDD\no_yawn\8-MaleNoGlasses_f002037_mar0.030.jpg,0.08093061885579704,1.0228666025247084,0
YawnDD\no_yawn\8-MaleNoGlasses_f002040_mar0.030.jpg,0.08465718340396722,1.0336910944980409,0
YawnDD\no_yawn\8-MaleNoGlasses_f002043_mar0.030.jpg,0.08513265393383398,1.0356088345379224,0
YawnDD\no_yawn\8-MaleNoGlasses_f002046_mar0.030.jpg,0.08710152886700412,1.041245649413594,0
YawnDD\no_yawn\8-MaleNoGlasses_f002049_mar0.030.jpg,0.08806598575381823,1.0440707814338865,0
YawnDD\no_yawn\8-MaleNoGlasses_f002052_mar0.030.jpg,0.08771014899792054,1.025540255454561,0
YawnDD\no_yawn\8-MaleNoGlasses_f002055_mar0.030.jpg,0.0869714952208631,1.0269220285222183,0
YawnDD\no_yawn\8-MaleNoGlasses_f002058_mar0.030.jpg,0.08560041121918198,1.0185347228125663,0
YawnDD\no_yawn\8-MaleNoGlasses_f002061_mar0.030.jpg,0.0866995460013236,1.0206390090382451,0
YawnDD\no_yawn\8-MaleNoGlasses_f002064_mar0.030.jpg,0.08689602100952978,1.0180150148834075,0
YawnDD\no_yawn\8-MaleNoGlasses_f002067_mar0.030.jpg,0.08641944701429119,1.012907219526269,0
YawnDD\no_yawn\8-MaleNoGlasses_f002070_mar0.030.jpg,0.0889955882172679,1.0316692925317665,0
YawnDD\no_yawn\8-MaleNoGlasses_f002073_mar0.030.jpg,0.08891249821914537,1.019071553699813,0
YawnDD\no_yawn\8-MaleNoGlasses_f002076_mar0.030.jpg,0.08852614598118386,1.0278619760410956,0
YawnDD\no_yawn\8-MaleNoGlasses_f002079_mar0.030.jpg,0.086496247472943,1.023393571226954,0
YawnDD\no_yawn\8-MaleNoGlasses_f002082_mar0.030.jpg,0.08702005293454171,1.026568210796856,0
YawnDD\no_yawn\8-MaleNoGlasses_f002085_mar0.030.jpg,0.09004866510876103,1.0133574974043038,0
YawnDD\no_yawn\8-MaleNoGlasses_f002091_mar0.030.jpg,0.08777336658615167,1.0342056630524923,0
YawnDD\no_yawn\8-MaleNoGlasses_f002094_mar0.030.jpg,0.08712587539842309,1.0229044502801041,0
YawnDD\no_yawn\8-MaleNoGlasses_f002097_mar0.030.jpg,0.09100929967800954,1.0235775841191663,0
YawnDD\no_yawn\8-MaleNoGlasses_f002100_mar0.030.jpg,0.09015409639517641,1.0178949559512607,0
YawnDD\no_yawn\8-MaleNoGlasses_f002103_mar0.030.jpg,0.09008483091624657,1.0205983393573832,0
YawnDD\no_yawn\8-MaleNoGlasses_f002106_mar0.030.jpg,0.0905970773292073,1.0241746353327412,0
YawnDD\no_yawn\8-MaleNoGlasses_f002109_mar0.030.jpg,0.08919551037950443,1.0245585405510806,0
YawnDD\no_yawn\8-MaleNoGlasses_f002112_mar0.030.jpg,0.08831439836282584,1.024430475285857,0
YawnDD\no_yawn\8-MaleNoGlasses_f002115_mar0.030.jpg,0.0897642062388853,1.008147813710007,0
YawnDD\no_yawn\8-MaleNoGlasses_f002118_mar0.030.jpg,0.09177552597039138,1.016302716157952,0
YawnDD\no_yawn\8-MaleNoGlasses_f002121_mar0.030.jpg,0.09021863186855046,1.0300339754928982,0
YawnDD\no_yawn\8-MaleNoGlasses_f002124_mar0.030.jpg,0.09275680896365282,1.0306932761133594,0
YawnDD\no_yawn\8-MaleNoGlasses_f002127_mar0.030.jpg,0.0964476583670677,1.0628112113095336,0
YawnDD\no_yawn\8-MaleNoGlasses_f002130_mar0.030.jpg,0.09888147815686478,1.0632173113035774,0
YawnDD\no_yawn\8-MaleNoGlasses_f002133_mar0.030.jpg,0.09935311901529634,1.0892568975288592,0
YawnDD\no_yawn\8-MaleNoGlasses_f002136_mar0.030.jpg,0.10549799790142134,1.075619816477957,0
YawnDD\no_yawn\8-MaleNoGlasses_f002139_mar0.030.jpg,0.10535074748977481,1.0784284320449133,0
YawnDD\no_yawn\8-MaleNoGlasses_f002142_mar0.030.jpg,0.10665923672178644,1.0928377895738521,0
YawnDD\no_yawn\8-MaleNoGlasses_f002145_mar0.030.jpg,0.10069611271892565,1.1130241239780438,0
YawnDD\no_yawn\8-MaleNoGlasses_f002148_mar0.030.jpg,0.11000257436030335,1.123992859689886,0
YawnDD\no_yawn\8-MaleNoGlasses_f002151_mar0.030.jpg,0.10102057377950605,1.1248646794889436,0
YawnDD\no_yawn\8-MaleNoGlasses_f002154_mar0.030.jpg,0.10407873951653349,1.1080613202949574,0
YawnDD\no_yawn\8-MaleNoGlasses_f002157_mar0.030.jpg,0.10456723307831256,1.1067163951091221,0
YawnDD\no_yawn\8-MaleNoGlasses_f002160_mar0.030.jpg,0.10514584875871331,1.1189795843780639,0
YawnDD\no_yawn\8-MaleNoGlasses_f002163_mar0.030.jpg,0.10409702293780387,1.096086898537901,0
YawnDD\no_yawn\8-MaleNoGlasses_f002166_mar0.030.jpg,0.1064184941995949,1.0940540225384014,0
YawnDD\no_yawn\8-MaleNoGlasses_f002169_mar0.030.jpg,0.10645173900977468,1.0873189529655407,0
YawnDD\no_yawn\8-MaleNoGlasses_f002172_mar0.030.jpg,0.10684410738767404,1.0787480229066722,0
YawnDD\no_yawn\8-MaleNoGlasses_f002175_mar0.030.jpg,0.10496296926269502,1.07714479589464,0
YawnDD\no_yawn\8-MaleNoGlasses_f002178_mar0.030.jpg,0.10210140810650326,1.1029898924342165,0
YawnDD\no_yawn\9-FemaleNoGlasses_f000000_mar0.030.jpg,0.0734244213904542,0.7954047329063849,0
YawnDD\no_yawn\9-FemaleNoGlasses_f000003_mar0.030.jpg,0.07176401919989968,0.7993388011136912,0
YawnDD\no_yawn\9-FemaleNoGlasses_f000006_mar0.030.jpg,0.074337067772325,0.798985142902032,0
YawnDD\no_yawn\9-FemaleNoGlasses_f000009_mar0.030.jpg,0.07183264320530136,0.7926340622243474,0
YawnDD\no_yawn\9-FemaleNoGlasses_f000012_mar0.030.jpg,0.0720605091617198,0.7992022885395564,0
YawnDD\no_yawn\9-FemaleNoGlasses_f000015_mar0.030.jpg,0.07123226583071737,0.7922297746439869,0
YawnDD\no_yawn\9-FemaleNoGlasses_f000018_mar0.030.jpg,0.07207016337881277,0.7805015275555427,0
YawnDD\no_yawn\9-FemaleNoGlasses_f000021_mar0.030.jpg,0.07228416994015828,0.7983584672017374,0
YawnDD\no_yawn\9-FemaleNoGlasses_f000024_mar0.030.jpg,0.07265228198912577,0.7859509739442194,0
YawnDD\no_yawn\9-FemaleNoGlasses_f000027_mar0.030.jpg,0.07257478285118979,0.790045063675378,0
YawnDD\no_yawn\9-FemaleNoGlasses_f000030_mar0.030.jpg,0.07292314358702712,0.7975690460462223,0
YawnDD\no_yawn\9-FemaleNoGlasses_f000033_mar0.030.jpg,0.07344863162380016,0.8005445468916842,0
YawnDD\no_yawn\9-FemaleNoGlasses_f000036_mar0.030.jpg,0.07223815858001818,0.8156048306937275,0
YawnDD\no_yawn\9-FemaleNoGlasses_f000099_mar0.030.jpg,0.05490465664034696,0.9766250779322005,0
YawnDD\no_yawn\9-FemaleNoGlasses_f000141_mar0.030.jpg,0.07095207313146064,0.8727822836043204,0
YawnDD\no_yawn\9-FemaleNoGlasses_f000165_mar0.030.jpg,0.037590091671884776,1.0896649969996015,0
YawnDD\no_yawn\9-FemaleNoGlasses_f000228_mar0.030.jpg,0.08063411857539261,0.9613401179612155,0
YawnDD\no_yawn\9-FemaleNoGlasses_f000231_mar0.030.jpg,0.07421770148534135,0.90755992235848,0
YawnDD\no_yawn\9-FemaleNoGlasses_f000234_mar0.030.jpg,0.07271818993628597,0.8958365042019021,0
YawnDD\no_yawn\9-FemaleNoGlasses_f000237_mar0.030.jpg,0.0735993989415774,0.9018772705255754,0
YawnDD\no_yawn\9-FemaleNoGlasses_f000240_mar0.030.jpg,0.07497450856130213,0.8958722715135308,0
YawnDD\no_yawn\9-FemaleNoGlasses_f000243_mar0.030.jpg,0.07237525134021688,0.9081750045610428,0
YawnDD\no_yawn\9-FemaleNoGlasses_f000246_mar0.030.jpg,0.0703336649788556,0.9100568152730318,0
YawnDD\no_yawn\9-FemaleNoGlasses_f000261_mar0.030.jpg,0.06808028986047986,0.8391949104878196,0
YawnDD\no_yawn\9-FemaleNoGlasses_f000264_mar0.030.jpg,0.0724991530627788,0.839178572010598,0
YawnDD\no_yawn\9-FemaleNoGlasses_f000267_mar0.030.jpg,0.07252384678706801,0.8841833947910017,0
YawnDD\no_yawn\9-FemaleNoGlasses_f000270_mar0.030.jpg,0.07289095454483133,0.8648210358331776,0
YawnDD\no_yawn\9-FemaleNoGlasses_f000276_mar0.030.jpg,0.07371721353659377,0.9237064535672478,0
YawnDD\no_yawn\9-FemaleNoGlasses_f000282_mar0.030.jpg,0.07494342272834051,0.9070650445344081,0
YawnDD\no_yawn\9-FemaleNoGlasses_f000381_mar0.030.jpg,0.06355378929181238,0.9336800973330251,0
YawnDD\no_yawn\9-FemaleNoGlasses_f000432_mar0.030.jpg,0.06472822167226382,0.8485200572830034,0
YawnDD\no_yawn\9-FemaleNoGlasses_f000492_mar0.030.jpg,0.06902702179199546,0.8867645166359738,0
YawnDD\no_yawn\9-FemaleNoGlasses_f000573_mar0.030.jpg,0.06607627170376108,0.9215730412706277,0
YawnDD\no_yawn\9-FemaleNoGlasses_f000582_mar0.030.jpg,0.06968728310534578,0.8848763018503251,0
YawnDD\no_yawn\9-FemaleNoGlasses_f000597_mar0.030.jpg,0.06272782996938485,0.9332622784376707,0
YawnDD\no_yawn\9-FemaleNoGlasses_f000600_mar0.030.jpg,0.06460073490219043,0.9534088495059245,0
YawnDD\no_yawn\9-FemaleNoGlasses_f000603_mar0.030.jpg,0.07123836509259164,0.9450144830667725,0
YawnDD\no_yawn\9-FemaleNoGlasses_f000621_mar0.030.jpg,0.0687304849152238,0.9626519707792118,0
YawnDD\no_yawn\9-FemaleNoGlasses_f000627_mar0.030.jpg,0.06523097794262245,0.8912259788951776,0
YawnDD\no_yawn\9-FemaleNoGlasses_f000630_mar0.030.jpg,0.0664045295472039,0.8667649827312846,0
YawnDD\no_yawn\9-FemaleNoGlasses_f000633_mar0.030.jpg,0.0648207863565689,0.8798460335325801,0
YawnDD\no_yawn\9-FemaleNoGlasses_f000636_mar0.030.jpg,0.06747825003971869,0.8900362284858598,0
YawnDD\no_yawn\9-FemaleNoGlasses_f000639_mar0.030.jpg,0.06492790654559881,0.8804377570001755,0
YawnDD\no_yawn\9-FemaleNoGlasses_f000642_mar0.030.jpg,0.06710427792721801,0.8546021399656235,0
YawnDD\no_yawn\9-FemaleNoGlasses_f000645_mar0.030.jpg,0.06920234826929136,0.8390024131881174,0
YawnDD\no_yawn\9-FemaleNoGlasses_f000657_mar0.030.jpg,0.06671425394082633,0.8396302404940381,0
YawnDD\no_yawn\9-FemaleNoGlasses_f000660_mar0.030.jpg,0.0705707277661961,0.8726249723907294,0
YawnDD\no_yawn\9-FemaleNoGlasses_f000663_mar0.030.jpg,0.07075865431178426,0.9059660852888591,0
YawnDD\no_yawn\9-FemaleNoGlasses_f000666_mar0.030.jpg,0.07074922444315615,0.887807751755859,0
YawnDD\no_yawn\9-FemaleNoGlasses_f000669_mar0.030.jpg,0.06885997472385036,0.8809976360886631,0
YawnDD\no_yawn\9-FemaleNoGlasses_f000678_mar0.030.jpg,0.07163115249889401,0.8289983816734078,0
YawnDD\no_yawn\9-FemaleNoGlasses_f000681_mar0.030.jpg,0.07232257644391855,0.8206304882507748,0
YawnDD\no_yawn\9-FemaleNoGlasses_f000684_mar0.030.jpg,0.07216271304883008,0.826840972749849,0
YawnDD\no_yawn\9-FemaleNoGlasses_f000687_mar0.030.jpg,0.07106684788157938,0.824825713379344,0
YawnDD\no_yawn\9-FemaleNoGlasses_f000690_mar0.030.jpg,0.07036664670986591,0.8261741792025697,0
YawnDD\no_yawn\9-FemaleNoGlasses_f000693_mar0.030.jpg,0.06907834757074223,0.8173748894089867,0
YawnDD\no_yawn\9-FemaleNoGlasses_f000729_mar0.030.jpg,0.06935585132592956,0.8199159207744559,0
YawnDD\no_yawn\9-FemaleNoGlasses_f000732_mar0.030.jpg,0.06943771850191047,0.865341715171059,0
YawnDD\no_yawn\9-FemaleNoGlasses_f000795_mar0.030.jpg,0.0679559928377995,0.8550726994847941,0
YawnDD\no_yawn\9-FemaleNoGlasses_f000798_mar0.030.jpg,0.06540200368924412,0.8439323532771177,0
YawnDD\no_yawn\9-FemaleNoGlasses_f000801_mar0.030.jpg,0.06568321907229538,0.8366105421894675,0
YawnDD\no_yawn\9-FemaleNoGlasses_f000804_mar0.030.jpg,0.06714785762630958,0.8395607843759014,0
YawnDD\no_yawn\9-FemaleNoGlasses_f000807_mar0.030.jpg,0.0667596674695746,0.8477627667654888,0
YawnDD\no_yawn\9-FemaleNoGlasses_f000810_mar0.030.jpg,0.06277895597224771,0.852384479358806,0
YawnDD\no_yawn\9-FemaleNoGlasses_f000813_mar0.030.jpg,0.0567530079979335,0.8822081695551486,0
YawnDD\no_yawn\9-FemaleNoGlasses_f000816_mar0.030.jpg,0.06549565097416792,0.8975102974182313,0
YawnDD\no_yawn\9-FemaleNoGlasses_f000819_mar0.030.jpg,0.06466063389285302,0.8999898888338599,0
YawnDD\no_yawn\9-FemaleNoGlasses_f000822_mar0.030.jpg,0.0555663977742605,0.900990838314701,0
YawnDD\no_yawn\9-FemaleNoGlasses_f000825_mar0.030.jpg,0.054768589303743856,0.9150003257214073,0
YawnDD\no_yawn\9-FemaleNoGlasses_f000846_mar0.036.jpg,0.10613135137627898,0.8188392402098386,0
YawnDD\no_yawn\9-FemaleNoGlasses_f000849_mar0.030.jpg,0.07328796460063453,0.8297592693433066,0
YawnDD\no_yawn\9-FemaleNoGlasses_f000852_mar0.030.jpg,0.07294990189729521,0.8307310625742079,0
YawnDD\no_yawn\9-FemaleNoGlasses_f000855_mar0.030.jpg,0.07457436509817765,0.823262425089018,0
YawnDD\no_yawn\9-FemaleNoGlasses_f000858_mar0.031.jpg,0.08298845218349049,0.8181336966718812,0
YawnDD\no_yawn\9-FemaleNoGlasses_f000861_mar0.030.jpg,0.09307462609002941,0.822251335974501,0
YawnDD\no_yawn\9-FemaleNoGlasses_f000864_mar0.033.jpg,0.101003240179015,0.823613600248924,0
YawnDD\no_yawn\9-FemaleNoGlasses_f000867_mar0.030.jpg,0.09026682207696049,0.8162893499910583,0
YawnDD\no_yawn\9-FemaleNoGlasses_f000873_mar0.030.jpg,0.07080142510067303,0.8299413110895764,0
YawnDD\no_yawn\9-FemaleNoGlasses_f000954_mar0.030.jpg,0.05691906260736114,0.9563465463749504,0
YawnDD\no_yawn\9-FemaleNoGlasses_f000957_mar0.030.jpg,0.05878376384886928,1.0011479361700957,0
YawnDD\no_yawn\9-FemaleNoGlasses_f001059_mar0.030.jpg,0.0672336046967276,0.9060642389469965,0
YawnDD\no_yawn\9-FemaleNoGlasses_f001062_mar0.030.jpg,0.06875381582259088,0.9058432927066011,0
YawnDD\no_yawn\9-FemaleNoGlasses_f001065_mar0.030.jpg,0.06773073615628038,0.8809092530513211,0
YawnDD\no_yawn\9-FemaleNoGlasses_f001068_mar0.030.jpg,0.07074635380402741,0.8852584053730296,0
YawnDD\no_yawn\9-FemaleNoGlasses_f001071_mar0.030.jpg,0.07011127286177955,0.8831171750486848,0
YawnDD\no_yawn\9-FemaleNoGlasses_f001074_mar0.030.jpg,0.07029113897419836,0.8691483205243168,0
YawnDD\no_yawn\9-FemaleNoGlasses_f001077_mar0.030.jpg,0.06904133202175926,0.8723436913880397,0
YawnDD\no_yawn\9-FemaleNoGlasses_f001080_mar0.030.jpg,0.06840533559887105,0.8644591614319637,0
YawnDD\no_yawn\9-FemaleNoGlasses_f001083_mar0.030.jpg,0.06800853890775542,0.869077383182616,0
YawnDD\no_yawn\9-FemaleNoGlasses_f001086_mar0.030.jpg,0.06744081201810101,0.864973156593219,0
YawnDD\no_yawn\9-FemaleNoGlasses_f001089_mar0.030.jpg,0.06917539503861155,0.8685214429259306,0
YawnDD\no_yawn\9-FemaleNoGlasses_f001092_mar0.030.jpg,0.06828646442299445,0.8615676645140354,0
YawnDD\no_yawn\9-FemaleNoGlasses_f001095_mar0.030.jpg,0.06519551390071174,0.8689585883021109,0
YawnDD\no_yawn\9-FemaleNoGlasses_f001098_mar0.030.jpg,0.06029598015080881,0.8810380923265789,0
YawnDD\no_yawn\9-FemaleNoGlasses_f001101_mar0.030.jpg,0.05271428423022679,0.9117272931078728,0
YawnDD\no_yawn\9-FemaleNoGlasses_f001104_mar0.030.jpg,0.05672244408098848,0.933863825029524,0
YawnDD\no_yawn\9-FemaleNoGlasses_f001107_mar0.030.jpg,0.055558119081482525,0.9213906805492108,0
YawnDD\no_yawn\9-FemaleNoGlasses_f001110_mar0.030.jpg,0.05994507673857333,0.9123671067000849,0
YawnDD\no_yawn\9-FemaleNoGlasses_f001206_mar0.030.jpg,0.07106751757282793,0.8789074435163088,0
YawnDD\no_yawn\9-FemaleNoGlasses_f001209_mar0.030.jpg,0.0702506183891901,0.8609807546307856,0
YawnDD\no_yawn\9-FemaleNoGlasses_f001212_mar0.030.jpg,0.06957527973580649,0.8524579252465417,0
YawnDD\no_yawn\9-FemaleNoGlasses_f001215_mar0.030.jpg,0.07000438590762022,0.8513098371526862,0
YawnDD\no_yawn\9-FemaleNoGlasses_f001218_mar0.030.jpg,0.06906320091103771,0.8536506484678882,0
YawnDD\no_yawn\9-FemaleNoGlasses_f001221_mar0.030.jpg,0.07220983300367126,0.8383888824518367,0
YawnDD\no_yawn\9-FemaleNoGlasses_f001224_mar0.030.jpg,0.07234737593615055,0.8354917560214171,0
YawnDD\no_yawn\9-FemaleNoGlasses_f001227_mar0.030.jpg,0.07130722173969714,0.841063099843201,0
YawnDD\no_yawn\9-FemaleNoGlasses_f001230_mar0.030.jpg,0.07144960065894196,0.8358930209903664,0
YawnDD\no_yawn\9-FemaleNoGlasses_f001233_mar0.030.jpg,0.07059304121285244,0.8320547505938045,0
YawnDD\no_yawn\9-FemaleNoGlasses_f001236_mar0.030.jpg,0.07141966731166546,0.8291422376860131,0
YawnDD\no_yawn\9-FemaleNoGlasses_f001239_mar0.030.jpg,0.08257832740689887,0.8446737457604142,0
YawnDD\no_yawn\9-FemaleNoGlasses_f001293_mar0.030.jpg,0.08305636390250026,0.8238881878098319,0
YawnDD\no_yawn\9-FemaleNoGlasses_f001296_mar0.030.jpg,0.07433608930074154,0.8229537875379574,0
YawnDD\no_yawn\9-FemaleNoGlasses_f001299_mar0.030.jpg,0.07635131179621364,0.814980765608891,0
YawnDD\no_yawn\9-FemaleNoGlasses_f001302_mar0.030.jpg,0.074753717460937,0.8224846856161848,0
YawnDD\no_yawn\9-FemaleNoGlasses_f001305_mar0.030.jpg,0.07227315738326792,0.8328235531513002,0
YawnDD\no_yawn\9-FemaleNoGlasses_f001308_mar0.030.jpg,0.07332304711678436,0.8170241400563584,0
YawnDD\no_yawn\9-FemaleNoGlasses_f001311_mar0.035.jpg,0.10185543281494205,0.8334171283455374,0
YawnDD\no_yawn\9-FemaleNoGlasses_f001314_mar0.030.jpg,0.08748846859028574,0.8271201868124252,0
YawnDD\no_yawn\9-FemaleNoGlasses_f001338_mar0.030.jpg,0.06936511247774127,0.861623765821009,0
YawnDD\no_yawn\9-FemaleNoGlasses_f001341_mar0.030.jpg,0.06936211372831934,0.8585187288717403,0
YawnDD\no_yawn\9-FemaleNoGlasses_f001344_mar0.030.jpg,0.07034435301133153,0.8486560586776004,0
YawnDD\no_yawn\9-FemaleNoGlasses_f001347_mar0.030.jpg,0.06793512580794453,0.8438763823719012,0
YawnDD\no_yawn\9-FemaleNoGlasses_f001350_mar0.030.jpg,0.06915295889741667,0.8328146197888793,0
YawnDD\no_yawn\9-FemaleNoGlasses_f001353_mar0.030.jpg,0.0670918974545793,0.8235571857845362,0
YawnDD\no_yawn\9-FemaleNoGlasses_f001356_mar0.030.jpg,0.06774393642852276,0.8209039103624832,0
YawnDD\no_yawn\9-FemaleNoGlasses_f001359_mar0.030.jpg,0.06895350588681012,0.8205933128524439,0
YawnDD\no_yawn\9-FemaleNoGlasses_f001362_mar0.030.jpg,0.06885779956305979,0.8117955449278159,0
YawnDD\no_yawn\9-FemaleNoGlasses_f001365_mar0.030.jpg,0.07011492229928057,0.8050266508054007,0
YawnDD\no_yawn\9-FemaleNoGlasses_f001368_mar0.030.jpg,0.07059560269442058,0.7959023289673667,0
YawnDD\no_yawn\9-FemaleNoGlasses_f001371_mar0.030.jpg,0.06956056921761715,0.8016153603636734,0
YawnDD\no_yawn\9-FemaleNoGlasses_f001374_mar0.030.jpg,0.06795503881457557,0.798516911585847,0
YawnDD\no_yawn\9-FemaleNoGlasses_f001377_mar0.030.jpg,0.06863210085021001,0.8060801837756616,0
YawnDD\no_yawn\9-FemaleNoGlasses_f001380_mar0.030.jpg,0.06849988466645635,0.8075423301100352,0
YawnDD\no_yawn\9-FemaleNoGlasses_f001383_mar0.030.jpg,0.07229219652852695,0.8107950010530498,0
YawnDD\no_yawn\9-FemaleNoGlasses_f001386_mar0.030.jpg,0.07065203753153096,0.8174931003426715,0
YawnDD\no_yawn\9-FemaleNoGlasses_f001401_mar0.030.jpg,0.0653310748797849,0.8110185552895357,0
YawnDD\no_yawn\9-FemaleNoGlasses_f001404_mar0.030.jpg,0.06413915631010579,0.8402110643051496,0
YawnDD\no_yawn\9-FemaleNoGlasses_f001407_mar0.030.jpg,0.06145641031324648,0.8358612751839886,0
YawnDD\no_yawn\9-FemaleNoGlasses_f001410_mar0.030.jpg,0.06475582983852984,0.8399192236436503,0
YawnDD\no_yawn\9-FemaleNoGlasses_f001413_mar0.030.jpg,0.06463913530405163,0.8378752684726161,0
YawnDD\no_yawn\9-FemaleNoGlasses_f001416_mar0.030.jpg,0.06319657706274405,0.8410378940614976,0
YawnDD\no_yawn\9-FemaleNoGlasses_f001419_mar0.030.jpg,0.0631008844970619,0.8494297145501268,0
YawnDD\no_yawn\9-FemaleNoGlasses_f001422_mar0.030.jpg,0.06425602251902193,0.8544621543718024,0
YawnDD\no_yawn\9-FemaleNoGlasses_f001425_mar0.030.jpg,0.06267314259596038,0.846758582182557,0
YawnDD\no_yawn\9-FemaleNoGlasses_f001428_mar0.030.jpg,0.06736241622433856,0.8322322647898854,0
YawnDD\no_yawn\9-FemaleNoGlasses_f001431_mar0.030.jpg,0.06825876151666017,0.8108449421189419,0
YawnDD\no_yawn\9-FemaleNoGlasses_f001434_mar0.030.jpg,0.07060205157731776,0.7973613064140516,0
YawnDD\no_yawn\9-FemaleNoGlasses_f001437_mar0.030.jpg,0.07018766055097456,0.8063969118979291,0
YawnDD\no_yawn\9-FemaleNoGlasses_f001440_mar0.030.jpg,0.07040003396982121,0.8130660736260947,0
YawnDD\no_yawn\9-FemaleNoGlasses_f001443_mar0.030.jpg,0.0725685238985664,0.8133453386729158,0
YawnDD\no_yawn\9-FemaleNoGlasses_f001446_mar0.030.jpg,0.08670070204526874,0.8343629138163855,0
YawnDD\no_yawn\9-FemaleNoGlasses_f001485_mar0.033.jpg,0.0994034746827218,0.8021328899309081,0
YawnDD\no_yawn\9-FemaleNoGlasses_f001500_mar0.040.jpg,0.0856153197216443,0.8093712692883251,0
YawnDD\no_yawn\9-FemaleNoGlasses_f001509_mar0.030.jpg,0.08929652339943096,0.8077525369547803,0
YawnDD\no_yawn\9-FemaleNoGlasses_f001512_mar0.039.jpg,0.08846270739240153,0.794567037530543,0
YawnDD\no_yawn\9-FemaleNoGlasses_f001518_mar0.033.jpg,0.09084577537306708,0.7998381206457089,0
YawnDD\no_yawn\9-FemaleNoGlasses_f001527_mar0.030.jpg,0.082156747830745,0.7919241372673321,0
YawnDD\no_yawn\9-FemaleNoGlasses_f001530_mar0.034.jpg,0.08561406021919792,0.7966986112692845,0
YawnDD\no_yawn\9-MaleNoGlasses_f000000_mar0.030.jpg,0.07137831639768363,0.8624590367605777,0
YawnDD\no_yawn\9-MaleNoGlasses_f000075_mar0.030.jpg,0.0857005181504383,0.8773858005717409,0
YawnDD\no_yawn\9-MaleNoGlasses_f000078_mar0.030.jpg,0.07714538419674673,0.8783902112427373,0
YawnDD\no_yawn\9-MaleNoGlasses_f000081_mar0.030.jpg,0.07886527500357952,0.8734795178721249,0
YawnDD\no_yawn\9-MaleNoGlasses_f000084_mar0.030.jpg,0.07941290565764475,0.8629867402366824,0
YawnDD\no_yawn\9-MaleNoGlasses_f000099_mar0.030.jpg,0.0820414394090608,0.8545122191884623,0
YawnDD\no_yawn\9-MaleNoGlasses_f000108_mar0.035.jpg,0.09331830810251901,0.8730199897967372,0
YawnDD\no_yawn\9-MaleNoGlasses_f000111_mar0.030.jpg,0.07498214180034872,0.8646520498627205,0
YawnDD\no_yawn\9-MaleNoGlasses_f000114_mar0.030.jpg,0.0805555730941324,0.8586523632290327,0
YawnDD\no_yawn\9-MaleNoGlasses_f000117_mar0.030.jpg,0.09175789938078632,0.8554862747829233,0
YawnDD\no_yawn\9-MaleNoGlasses_f000120_mar0.030.jpg,0.10606204251773371,0.8506494023328672,0
YawnDD\no_yawn\9-MaleNoGlasses_f000273_mar0.034.jpg,0.09747540850267764,0.8831407665417891,0
YawnDD\no_yawn\9-MaleNoGlasses_f000276_mar0.032.jpg,0.09343704715615579,0.8827775796231888,0
YawnDD\no_yawn\9-MaleNoGlasses_f000279_mar0.040.jpg,0.10567339921607688,0.8861314580539,0
YawnDD\no_yawn\9-MaleNoGlasses_f000336_mar0.030.jpg,0.07000024487505975,0.836845998689521,0
YawnDD\no_yawn\9-MaleNoGlasses_f000375_mar0.030.jpg,0.07577867358841996,0.8879262597059066,0
YawnDD\no_yawn\9-MaleNoGlasses_f000378_mar0.030.jpg,0.08782205742265187,0.884473261105781,0
YawnDD\no_yawn\9-MaleNoGlasses_f000402_mar0.030.jpg,0.07293141585167012,0.7658375955841297,0
YawnDD\no_yawn\9-MaleNoGlasses_f000405_mar0.030.jpg,0.08365924940667453,0.7765296308614147,0
YawnDD\no_yawn\9-MaleNoGlasses_f000408_mar0.036.jpg,0.11035305134658355,0.7948580029568367,0
YawnDD\no_yawn\9-MaleNoGlasses_f000414_mar0.030.jpg,0.10490211103680709,0.8691901736731127,0
YawnDD\no_yawn\9-MaleNoGlasses_f000459_mar0.030.jpg,0.07463141540642954,0.8450384405182746,0
YawnDD\no_yawn\9-MaleNoGlasses_f000462_mar0.030.jpg,0.07590541701437976,0.8546927191734078,0
YawnDD\no_yawn\9-MaleNoGlasses_f000516_mar0.030.jpg,0.07278689660233456,0.850166673820854,0
YawnDD\no_yawn\9-MaleNoGlasses_f000519_mar0.030.jpg,0.070403771199355,0.8523088957122791,0
YawnDD\no_yawn\9-MaleNoGlasses_f000531_mar0.030.jpg,0.07155924350174651,0.8723829696667855,0
YawnDD\no_yawn\9-MaleNoGlasses_f000534_mar0.030.jpg,0.08869277811669078,0.8765828301762151,0
YawnDD\no_yawn\9-MaleNoGlasses_f000537_mar0.030.jpg,0.07810905360486149,0.8740206405454992,0
YawnDD\no_yawn\9-MaleNoGlasses_f000546_mar0.030.jpg,0.09205037296092246,0.851658634860719,0
YawnDD\no_yawn\9-MaleNoGlasses_f000549_mar0.033.jpg,0.09181980279052042,0.8523002453879185,0
YawnDD\no_yawn\9-MaleNoGlasses_f000579_mar0.030.jpg,0.07195945602151875,0.855717065439219,0
YawnDD\no_yawn\9-MaleNoGlasses_f000582_mar0.030.jpg,0.07274967339053481,0.8644976148542821,0
YawnDD\no_yawn\9-MaleNoGlasses_f000585_mar0.030.jpg,0.07130680705753424,0.8521196707039436,0
YawnDD\no_yawn\9-MaleNoGlasses_f000588_mar0.030.jpg,0.06936980686607946,0.8544014314482488,0
YawnDD\no_yawn\9-MaleNoGlasses_f000591_mar0.030.jpg,0.07274180669051528,0.8523459173175593,0
YawnDD\no_yawn\9-MaleNoGlasses_f000615_mar0.030.jpg,0.07775850988377057,0.8342508575339306,0
YawnDD\no_yawn\9-MaleNoGlasses_f000777_mar0.030.jpg,0.07788863341570315,0.8546102830915476,0
YawnDD\no_yawn\9-MaleNoGlasses_f000780_mar0.030.jpg,0.07632099331269526,0.8727088323545595,0
YawnDD\no_yawn\9-MaleNoGlasses_f000783_mar0.030.jpg,0.07413650592503386,0.8757265746489858,0
YawnDD\no_yawn\9-MaleNoGlasses_f000786_mar0.030.jpg,0.07547402912643475,0.8742194956666018,0
YawnDD\no_yawn\9-MaleNoGlasses_f000789_mar0.030.jpg,0.07279301417176398,0.87941446464458,0
YawnDD\no_yawn\9-MaleNoGlasses_f000792_mar0.030.jpg,0.07118757550892166,0.8622509412914106,0
YawnDD\no_yawn\9-MaleNoGlasses_f000795_mar0.030.jpg,0.07133842526350176,0.8512015085903236,0
YawnDD\no_yawn\9-MaleNoGlasses_f000798_mar0.030.jpg,0.07206369522963987,0.8627418276843252,0
YawnDD\no_yawn\9-MaleNoGlasses_f000807_mar0.030.jpg,0.07290279580844915,0.8809105417177003,0
YawnDD\no_yawn\9-MaleNoGlasses_f000810_mar0.030.jpg,0.07180299390813802,0.8714575005495317,0
YawnDD\no_yawn\9-MaleNoGlasses_f000813_mar0.030.jpg,0.07187397493590776,0.8713782586472387,0
YawnDD\no_yawn\9-MaleNoGlasses_f000816_mar0.030.jpg,0.07075128638483652,0.8647206488068883,0
YawnDD\no_yawn\9-MaleNoGlasses_f000819_mar0.030.jpg,0.07385397499242287,0.86404319395851,0
YawnDD\no_yawn\9-MaleNoGlasses_f000822_mar0.030.jpg,0.07134339078901955,0.877440245268406,0
YawnDD\no_yawn\9-MaleNoGlasses_f000825_mar0.030.jpg,0.07375655642603367,0.8800886644535689,0
YawnDD\no_yawn\9-MaleNoGlasses_f000828_mar0.030.jpg,0.0732464252314394,0.8806813585931481,0
YawnDD\no_yawn\9-MaleNoGlasses_f000831_mar0.030.jpg,0.0730960052937266,0.8969766082204631,0
YawnDD\no_yawn\9-MaleNoGlasses_f000834_mar0.030.jpg,0.0731913927138516,0.9001493968737867,0
YawnDD\no_yawn\9-MaleNoGlasses_f000846_mar0.030.jpg,0.07783570794841302,0.9087733396795811,0
YawnDD\no_yawn\9-MaleNoGlasses_f000855_mar0.030.jpg,0.07394254085077248,0.8966120346659427,0
YawnDD\no_yawn\9-MaleNoGlasses_f000873_mar0.030.jpg,0.06923276621784383,0.8578636582251261,0
YawnDD\no_yawn\9-MaleNoGlasses_f000876_mar0.030.jpg,0.07078743691310929,0.854742831725275,0
YawnDD\no_yawn\9-MaleNoGlasses_f000879_mar0.030.jpg,0.0702746597141104,0.8608708422913022,0
YawnDD\no_yawn\9-MaleNoGlasses_f000882_mar0.030.jpg,0.07013044536814911,0.8618171291612547,0
YawnDD\no_yawn\9-MaleNoGlasses_f000885_mar0.030.jpg,0.0691319506763394,0.8653936455102565,0
YawnDD\no_yawn\9-MaleNoGlasses_f000888_mar0.030.jpg,0.06727018459286424,0.8492706404153592,0
YawnDD\no_yawn\9-MaleNoGlasses_f000891_mar0.030.jpg,0.06828168446561529,0.8753564471678589,0
YawnDD\no_yawn\9-MaleNoGlasses_f000933_mar0.030.jpg,0.07387631277183337,0.8635823099677715,0
YawnDD\no_yawn\9-MaleNoGlasses_f001167_mar0.030.jpg,0.08274604543793337,0.8778408561854842,0
YawnDD\no_yawn\9-MaleNoGlasses_f001257_mar0.030.jpg,0.09581435528688625,0.8177181724237882,0
YawnDD\no_yawn\9-MaleNoGlasses_f001401_mar0.030.jpg,0.07384309428874963,0.9085565074211985,0
YawnDD\no_yawn\9-MaleNoGlasses_f001419_mar0.030.jpg,0.08124060164094457,0.9241745058031217,0
YawnDD\no_yawn\9-MaleNoGlasses_f001422_mar0.030.jpg,0.09897687309121088,0.9382862000526941,0
