idx,time_sec,mar,ear,nose_chin
0,0.0,0.08029345180628614,0.21763516195755014,0.9964933785891639
1,0.033333,0.07598616169219584,0.20481103321444935,0.9810377526099792
2,0.066666,0.0955429993724234,0.22946265090416135,0.9989113973241431
3,0.09999899999999999,0.10094167135897579,0.21933342395320682,0.9919301845520057
4,0.133332,0.0886054864217027,0.22207836092133526,0.9947911897181247
5,0.16666499999999998,0.0906895434152662,0.214906225248458,0.9968829238958957
6,0.19999799999999998,0.09011697515370098,0.2225779356602009,0.992878155995067
7,0.23333099999999998,0.08723748935432662,0.22547589283149266,0.9947441026019459
8,0.266664,0.07548306582685518,0.2311170553165436,0.9953586152345777
9,0.29999699999999996,0.0760562022825508,0.22944541559660522,0.9909360483525702
10,0.33332999999999996,0.07910089857925194,0.2312828090657334,0.9841720964007079
11,0.36666299999999996,0.0767578011996447,0.22704866431346682,0.9833046713961224
12,0.39999599999999996,0.07678177397458523,0.22717810419049256,0.9876158930945211
13,0.43332899999999996,0.07762465366609768,0.2331491559978576,0.9925683373793482
14,0.46666199999999997,0.07737347486605596,0.2244550525745732,0.9894397914167735
15,0.49999499999999997,0.07780928450965274,0.23085300302030234,0.9824177797591768
16,0.533328,0.07796593059044558,0.213571981463677,0.9884090791932784
17,0.566661,0.07763624945708911,0.20652857107530875,0.986296843050032
18,0.5999939999999999,0.07530289388046893,0.21145811950809956,0.988229933380499
19,0.633327,0.07559902702391073,0.20946400875349835,0.9851831386756538
20,0.6666599999999999,0.07474854894628291,0.19920056768725558,0.9954788820179411
21,0.699993,0.07523639813890266,0.2013079335789697,0.9870446471155002
22,0.7333259999999999,0.07753727598801731,0.2319440299769936,0.9749289693775451
23,0.766659,0.07528413672426343,0.2175481760295489,0.9893662938939279
24,0.7999919999999999,0.07519240296238293,0.2297642398419925,1.0012276173348151
25,0.833325,0.0791353353439581,0.23699442457822625,1.0025072262753765
26,0.8666579999999999,0.07537466515873878,0.22661730571542887,0.9992696354226723
27,0.899991,0.10637967827082924,0.2264307236290789,0.9981809094045733
28,0.9333239999999999,0.14374358781122326,0.21718632747671482,0.9907870283880411
29,0.966657,0.14645845652168918,0.22704239306040744,0.992070823722601
30,0.9999899999999999,0.14223033756592846,0.2136604332966333,1.0002976341991956
31,1.033323,0.15973462040808203,0.21485197294994182,1.003932367838483
32,1.066656,0.16927606984563226,0.22208416336650258,1.006340313198256
33,1.0999889999999999,0.1754155493666207,0.2149439210291315,1.0156067705885863
34,1.133322,0.17845545421413742,0.21814676221843576,1.0036454262689716
35,1.166655,0.17452953300633156,0.20897590825554857,1.0127700343604646
36,1.1999879999999998,0.17008763481879524,0.2218857693954222,0.9979469211911578
37,1.233321,0.17664362424167304,0.2082724798012194,1.022276547602051
38,1.266654,0.1766880986323489,0.20955868448326873,1.0169821151011695
39,1.299987,0.1697680735744823,0.21622260451445408,1.0108658478915273
40,1.3333199999999998,0.17509199765784217,0.21206992138515454,1.015120566570225
41,1.366653,0.174633854656999,0.20934884660991387,1.0136251387546202
42,1.399986,0.17153854961055048,0.2161935291024598,1.0034116792182792
43,1.433319,0.16717560854315455,0.20461644274241808,1.00696840258602
44,1.4666519999999998,0.1667284387248108,0.20716191643866277,1.0042912274732876
45,1.499985,0.16436883660951934,0.21165891260593878,0.9950726334827031
46,1.533318,0.16653316732711998,0.21001511385029298,1.0016450227619658
47,1.566651,0.1560016474793589,0.2095959985605677,0.9995502610004009
48,1.5999839999999999,0.1572351035601543,0.20388648442895335,1.0089504315770543
49,1.633317,0.14774191247619087,0.20845856801166485,1.0049664493226262
50,1.66665,0.160622777850072,0.209086508634166,1.0050604459567782
51,1.699983,0.15098074147891638,0.20161879066642585,1.0078033033906573
52,1.7333159999999999,0.15924096496175966,0.20642333673048763,1.0028528116158615
53,1.766649,0.15262992113001636,0.19691632720111593,1.0007402118760056
54,1.799982,0.15712914037905595,0.20011882044119877,1.0037731943496635
55,1.8333149999999998,0.15264453931518274,0.1972533328853449,1.000968093404808
56,1.8666479999999999,0.15864813070554923,0.20347988763475178,1.006040806700353
57,1.899981,0.15149779043882078,0.20166802926131097,1.002419031852244
58,1.933314,0.14877675527343326,0.19921865710407033,1.003823737663389
59,1.9666469999999998,0.13913999011514097,0.2043193139114481,1.0015114177455635
60,1.9999799999999999,0.14896679821731623,0.19331270520371324,1.0018076853204572
61,2.0333129999999997,0.14599300086489983,0.19554387502798093,0.9975189105631048
62,2.066646,0.14870559295383476,0.20468690672750384,0.9975691801514697
63,2.099979,0.14779852935537258,0.1990340503962929,0.9946111152316764
64,2.133312,0.13937574030510516,0.21138196417949925,0.9932019277514301
65,2.166645,0.14250481361434292,0.22357928681207995,0.9948448138654671
66,2.1999779999999998,0.12151411061388259,0.22402747522742236,0.9929389436248592
67,2.233311,0.13423841194094482,0.23660275976573497,0.988172845661816
68,2.266644,0.11926356440140928,0.22765152902441638,0.9979223154300475
69,2.2999769999999997,0.11419074000335976,0.24249296544778898,0.9962422601076389
70,2.33331,0.11853063034124763,0.24706729521085197,0.9972220345480098
71,2.366643,0.11229714008594367,0.24216027585632127,0.9934801338758765
72,2.3999759999999997,0.11837857684188442,0.23709459075085,0.9953063867426858
73,2.433309,0.12606846860126814,0.2457415074648041,0.9964488467690121
74,2.466642,0.1368121642419531,0.24171695424724937,0.9956613936802272
75,2.499975,0.14379969105443346,0.23521436469171222,0.9924920791595756
76,2.533308,0.14416024658945165,0.2392205975518975,0.9937774564040819
77,2.5666409999999997,0.14494614353626561,0.2351899255826551,0.9916320482653684
78,2.599974,0.15080311844534927,0.2396282493324893,1.0016868977951623
79,2.633307,0.14067196748965585,0.24146904667787322,0.9991716067145444
80,2.6666399999999997,0.1427669054580141,0.23087793230937412,0.9971019301960562
81,2.699973,0.13216832215442742,0.24134937446185872,0.9923803393695118
82,2.733306,0.09533635295427555,0.23296992404030495,0.9936884411542853
83,2.766639,0.07283108953265495,0.23486454273927418,0.9858067950103997
84,2.799972,0.07355466032688834,0.2313664589740722,0.9818173805961119
85,2.8333049999999997,0.073467448499975,0.23221346532243145,0.986845784714004
86,2.866638,0.08785256425251946,0.2328211349865289,0.992994761180301
87,2.899971,0.12629841161216304,0.2245403249017248,1.0002981426845567
88,2.9333039999999997,0.1419683686698111,0.21513839869754825,1.0118928251498696
89,2.966637,0.1600837926744255,0.21736692300126254,0.9970633965590703
90,2.99997,0.1411824027872461,0.20900303178460833,1.0008585329089417
91,3.0333029999999996,0.1623720219193303,0.22199096904665547,0.9960843668857299
92,3.066636,0.16871013247559213,0.22248784196404925,0.9938844182943429
93,3.0999689999999998,0.1756340387461875,0.2333958017618444,0.9930216319641666
94,3.133302,0.1728963849135348,0.2359744115802969,0.990446224313945
95,3.166635,0.17612538995582705,0.24762261853930248,1.0020441343062698
96,3.1999679999999997,0.17466759348720245,0.24214252865918412,0.9936727988460875
97,3.233301,0.17607611781657442,0.247878983003104,0.9928143846356183
98,3.266634,0.17167581660313488,0.2522220152206597,0.9823303297326846
99,3.2999669999999997,0.17364354773504895,0.24372814202865783,0.9858639905893266
100,3.3333,0.17273277154998296,0.2498184628420855,0.9777072334943687
101,3.3666329999999998,0.17857617432538292,0.25607144390073894,0.9895008694499202
102,3.399966,0.17568120129238984,0.2590258436667305,0.9879514482990257
103,3.433299,0.17912623275914524,0.25117407472883024,0.9930795309149216
104,3.4666319999999997,0.16870282995715732,0.2522232755536939,0.9903011680037037
105,3.499965,0.17433758689767603,0.24074078093301668,0.9963342467726729
106,3.533298,0.1721410731653754,0.24334697212831752,1.000088326464203
107,3.5666309999999997,0.1738471721672636,0.24373689806042986,0.9940969412817371
108,3.599964,0.18192658494742128,0.23424483231107818,1.0038036127286716
109,3.6332969999999998,0.17191146912814986,0.23832642028295226,1.0055086835630438
110,3.6666299999999996,0.18442294638315798,0.22994287481469483,1.006069491416572
111,3.699963,0.18196079997437042,0.2362589416666253,1.0109827787743584
112,3.7332959999999997,0.18240833874467202,0.2241039092021922,1.0221805772315302
113,3.766629,0.18223600598562215,0.22478193425680257,1.0137354145015847
114,3.799962,0.18348328447539664,0.21451675392910252,1.0065352799349472
115,3.8332949999999997,0.1885847612873201,0.21958992368581173,1.0038704735594748
116,3.866628,0.18618221959925835,0.21595437990697852,1.007345780697811
117,3.899961,0.1865401964679591,0.2089772422001947,1.0130475057789308
118,3.9332939999999996,0.18951354035331308,0.20893469241357399,1.0084344646554397
119,3.966627,0.1813363845757084,0.2206875772501812,0.997315218593734
120,3.9999599999999997,0.185862802374277,0.2228899923247536,1.000538033832496
121,4.033293,0.17850849996965815,0.2216928899910675,1.0050948363616654
122,4.066625999999999,0.17794407704705523,0.21710111456027223,1.0041836198398786
123,4.099959,0.17558335985157622,0.2231657239312931,1.0082208564233728
124,4.133292,0.18004085089171096,0.2147482071257735,1.0010095658982152
125,4.166625,0.1807780990083783,0.21856695981640337,1.005060579379
126,4.199958,0.17682858639053178,0.21691640679799049,1.007215325763757
127,4.2332909999999995,0.1753986999164721,0.21796863833895846,1.001823983256457
128,4.266624,0.18086849792770482,0.22190199924195808,1.0067602694387838
129,4.299957,0.17737844357755758,0.2302856991316701,1.000520800451761
130,4.33329,0.17619117262674278,0.23300308823502833,0.9976399971235607
131,4.366623,0.17488857825102594,0.2308558018869628,1.0060870807443982
132,4.3999559999999995,0.1670278493301154,0.2349710222923767,1.0034076409552548
133,4.433288999999999,0.16818256902657064,0.2300182008623168,1.0038871017450444
134,4.466622,0.1711776966049531,0.22391560630413787,1.001461282699771
135,4.499955,0.1726385022414231,0.22797503118631876,1.0056553061455522
136,4.533288,0.17770926407261642,0.23256360329853737,1.005992876011011
137,4.566621,0.17837384862741265,0.2316444200775757,0.9992147952463716
138,4.599953999999999,0.1794799115732565,0.22622330070014085,1.0035580328019886
139,4.633287,0.17721687604733158,0.21857743314098615,1.0095560702073911
140,4.66662,0.18183153364836316,0.21631196774739198,1.0163806750844628
141,4.699953,0.17581241926400792,0.2128945027219762,1.0085851289221783
142,4.733286,0.17734763476875215,0.2241191616632302,1.0087532337128327
143,4.7666189999999995,0.17746529423738752,0.2083285830841642,1.0028655869105725
144,4.799951999999999,0.1792978071351632,0.21832709580611975,1.0066776685712282
145,4.833285,0.17453780352349843,0.20851942216926184,1.0067092270950786
146,4.866618,0.1822111109095385,0.21450954062156682,1.007510214246648
147,4.899951,0.1769646673444042,0.21006142564633334,1.0051353358193127
148,4.933284,0.1789662236965403,0.2162034911307011,1.0019010394458414
149,4.966616999999999,0.17914764359594923,0.2055968692888577,1.011913717961648
150,4.99995,0.1789884729075499,0.21311374951050754,1.0049919310519033
151,5.033283,0.17926618212050396,0.21218504563103904,1.0059323983683257
152,5.066616,0.175873583735094,0.21389172868125886,1.011517388542235
153,5.099949,0.1797095474878944,0.20512392981266292,1.0149015732768953
154,5.1332819999999995,0.17480225874179195,0.19730772591119164,1.0032944178204242
155,5.166615,0.17523187061600204,0.19493688728507763,1.00100230156578
156,5.199948,0.17839113728359157,0.20079615859500283,1.0030681299025626
157,5.233281,0.18256443050094232,0.20982706958983022,1.0052437146589817
158,5.266614,0.18718885713808264,0.22030434883790495,1.0046048322027143
159,5.2999469999999995,0.18749460148456815,0.23846613143274417,1.0010622185933116
160,5.333279999999999,0.19256210867434695,0.2242438115461306,0.9944026820176595
161,5.366613,0.18980443424586732,0.23215106832355809,0.9870865980736011
162,5.399946,0.1947252165828739,0.21659704468513324,0.9868819582747925
163,5.433279,0.20311575021616984,0.19215660316562477,0.9984560435026693
164,5.466612,0.19044654908717706,0.1713292328041237,0.992986063749582
165,5.499944999999999,0.19242069351322594,0.16212760334654214,1.0014653238072213
166,5.533278,0.1969047735778065,0.1528724747506211,1.0042983040746296
167,5.566611,0.1972836407392678,0.13785454484970752,1.0067878854890666
168,5.599944,0.19897580022778807,0.16241140640921445,0.9972999492980441
169,5.633277,0.2033332797568066,0.1774951278453365,1.001487771527722
170,5.6666099999999995,0.1995617466761265,0.16494444343563988,1.003467707958736
171,5.699942999999999,0.2009661622012778,0.1744670975885967,0.9960464037274496
172,5.733276,0.20260241336848553,0.17899339962644206,1.000973292422901
173,5.766609,0.19825551120716117,0.1812358477631758,0.9979764725512674
174,5.799942,0.19711453084302671,0.1970918373661124,0.9962702057592795
175,5.8332749999999995,0.19157683291972608,0.1862121962644379,1.0012218695392079
176,5.866607999999999,0.19299860750063438,0.19682480416863013,0.9992340009961708
177,5.899941,0.19564358760446046,0.1922615318816643,0.9908246662481227
178,5.933274,0.19386792714167847,0.1926614697105346,0.9946990757398296
179,5.966607,0.19909759532055643,0.202549558095311,0.993599685219685
180,5.99994,0.19663867404342103,0.20585946905650854,0.9923697608628983
181,6.033272999999999,0.19463684593194294,0.1956727621226303,0.9888217857573964
182,6.066605999999999,0.1999761866617917,0.19443676956563194,0.9882896545544816
183,6.099939,0.1924750373924631,0.19881521278409386,0.9773471154775427
184,6.133272,0.191125691025352,0.18078433249991793,0.981414620636052
185,6.166605,0.19542336823652712,0.1969802480116763,0.9808067740094545
186,6.1999379999999995,0.1939399328096575,0.18810341645827638,0.9778863149307752
187,6.233270999999999,0.19409501534350695,0.19927606143019505,0.9726214624278192
188,6.266604,0.1907454164407225,0.19100165179192508,0.9762941542101923
189,6.299937,0.18729393617527623,0.19175561768131122,0.9772024581157387
190,6.33327,0.1955005346788562,0.19670966828798309,0.9796635910164289
191,6.366603,0.1954565385807336,0.1846486703912087,0.9737289837065898
192,6.399935999999999,0.19487003344967013,0.18709035837062182,0.9768784410296537
193,6.433268999999999,0.19867891274597702,0.19657573880993845,0.9798684314043784
194,6.466602,0.1980248046212542,0.20418398057908282,0.9742142697713522
195,6.499935,0.19927639619061407,0.19639117505538797,0.9795587241609701
196,6.533268,0.19489236766619195,0.2042961361127712,0.9729016931861225
197,6.5666009999999995,0.19219178570556966,0.20162706596379548,0.9808423442784875
198,6.599933999999999,0.1924869816774446,0.19619437866023823,0.9794403704829485
199,6.633267,0.19311435667834087,0.21074627853062838,0.9821609756656784
200,6.6666,0.19273357542659958,0.196724724538495,0.9857987332411119
201,6.699933,0.18676327418728167,0.2077581440107838,0.9858081471615302
202,6.7332659999999995,0.18821792656203729,0.20745401288363183,0.9842770150693225
203,6.766598999999999,0.19038200066507638,0.19839624482784374,0.9887360776857707
204,6.799932,0.18967564676374712,0.2049547840181625,0.9842564616864293
205,6.833265,0.1890191616314711,0.19900726776729322,0.9854622264819497
206,6.866598,0.18801493768525315,0.1966305316131563,0.9802534488416917
207,6.899931,0.18933775807727135,0.19682115404555528,0.9854232141871243
208,6.933263999999999,0.1851927020098381,0.20495464088200657,0.9817669974395089
209,6.966596999999999,0.18596376259408623,0.20150393067403755,0.9873634761886025
210,6.99993,0.18536093849919827,0.1976077210408167,0.9765813443592176
211,7.033263,0.18999966820538067,0.19097874807538703,0.977870398599479
212,7.066596,0.18728303092001822,0.19021319859170882,0.9718796570829955
213,7.0999289999999995,0.19190806511910635,0.18861542218288102,0.9747815339315398
214,7.133261999999999,0.18389478043410654,0.20225564877604418,0.9714025541339225
215,7.166595,0.18816370698398557,0.20640496376933823,0.9711221665362632
216,7.199928,0.1899282100315764,0.20312948839310796,0.9763799418848617
217,7.233261,0.1939999989824128,0.2026434190414874,0.9749525532030449
218,7.2665939999999996,0.18686284252987892,0.2157048521440454,0.9633358040319703
219,7.299926999999999,0.1939033313079577,0.21036199883279366,0.9614751329626807
220,7.333259999999999,0.18767159219738624,0.2036245423716611,0.9699215421513272
221,7.366593,0.18839569132784242,0.2032542796312691,0.9622652758966335
222,7.399926,0.19067716135578158,0.2029365125389494,0.96916230386893
223,7.433259,0.1875720281597077,0.20812577299389856,0.9513833451745426
224,7.4665919999999995,0.19079397006183815,0.20553394803263886,0.9689127644588696
225,7.499924999999999,0.18857207494537945,0.2130904587871631,0.9656571401676012
226,7.533258,0.18557707520178832,0.21227069178332347,0.9609472092640579
227,7.566591,0.19140429238689521,0.21442259372777234,0.9687032564921506
228,7.599924,0.18796698853784385,0.2198819911437378,0.9643404977953596
229,7.6332569999999995,0.1904743781085375,0.21735435925120233,0.9656699529190276
230,7.666589999999999,0.1932775821068114,0.21629042999140802,0.9726134619169261
231,7.699922999999999,0.18767704474605376,0.21980521436875866,0.9709675303072782
232,7.733256,0.18891032504754093,0.21396860831609807,0.9687061570620561
233,7.766589,0.18798725898078758,0.22393900132228547,0.9659297618795886
234,7.799922,0.190463261938038,0.2116716038332149,0.9700624683106477
235,7.833254999999999,0.1890955658127174,0.2181058279392517,0.9598858912483552
236,7.866587999999999,0.1809102723908271,0.21249615054856658,0.9706547772413088
237,7.899921,0.1899761126161494,0.21055815401816436,0.9695639292085684
238,7.933254,0.2034687675415032,0.19907937507660295,0.9851011659945906
239,7.966587,0.21823383556130876,0.20903680988819504,0.9987391229999655
240,7.9999199999999995,0.2166822475223973,0.21374625936359726,1.0126416036968535
241,8.033253,0.14122005271905996,0.21110746449634327,0.9856507261651897
242,8.066586,0.09908108810977716,0.20744064987878508,0.9653522582746786
243,8.099919,0.070790989837521,0.19918016680126793,0.9497449681296856
244,8.133251999999999,0.06975001950187215,0.20827370699665454,0.9515842920474697
245,8.166585,0.09524843648515628,0.2209710834141063,0.9576853569037405
246,8.199918,0.10849682490761528,0.2044238740242285,0.9490195891822474
247,8.233251,0.10292047583719931,0.20551637599216716,0.9523498178646207
248,8.266584,0.09481500259248414,0.20975588099787007,0.9527699864034213
249,8.299916999999999,0.09493272643445476,0.2062373509790042,0.9564069285091575
250,8.33325,0.11737737888152538,0.20197501530569506,0.9667876912446143
251,8.366583,0.1173902683596863,0.20601479596158595,0.9730527894838782
252,8.399916,0.11396703838351281,0.20468212359559734,0.9671857809822022
253,8.433249,0.07955705036576506,0.18726606578759653,0.9689336700018727
254,8.466581999999999,0.07494992309445198,0.16565384761164736,0.9646646441135607
255,8.499915,0.07518923389133256,0.13228469279756402,0.949152559767945
256,8.533248,0.07660643479691881,0.1509415943567009,0.9502858962979984
257,8.566581,0.08948499432137157,0.1735114496618519,0.9606029430738495
258,8.599914,0.07227225916109813,0.1779252798900704,0.948101345069139
259,8.633246999999999,0.07195485866230199,0.18360811032696017,0.9529694666379163
260,8.66658,0.0703335001983728,0.19143415132513708,0.9557468834244508
261,8.699912999999999,0.07013570581573593,0.20014601184718622,0.967501134143029
262,8.733246,0.16458210817636632,0.19761496573855883,0.9752194365547227
263,8.766579,0.1999658747395317,0.19688131836196807,0.9918238187951719
264,8.799911999999999,0.18695941655371415,0.19866198129152013,0.985925870129591
265,8.833245,0.17867438419890047,0.20164494997533688,0.9717514251362518
266,8.866577999999999,0.18264310862171731,0.21586589725580335,0.9765733530270864
267,8.899911,0.19054796069151045,0.19781256537981365,0.9784415911375928
268,8.933244,0.2397829246961061,0.20957273595341316,0.9931478485437355
269,8.966577,0.24130175144510752,0.2116916234653925,1.006432717697896
270,8.99991,0.2051202503040577,0.21024008060928193,0.993598634403123
271,9.033242999999999,0.1144860522415754,0.21098052854424693,0.9662425582444006
272,9.066576,0.06983422235247452,0.18623906025588194,0.9533620317190332
273,9.099909,0.06778644018769739,0.2018745646269579,0.9454502367992081
274,9.133242,0.10039265763920846,0.2195176880961888,0.9684628607915066
275,9.166575,0.13438426985978696,0.20374435297623533,0.9735496900710088
276,9.199907999999999,0.15768981468872584,0.21584534794936533,0.9536202477931925
277,9.233241,0.16223749983286007,0.21102857873334074,0.961858203814477
278,9.266574,0.14564067085327792,0.21595237968153758,0.9352901302324177
279,9.299907,0.08112959743920294,0.2073567713175623,0.9508995488226464
280,9.33324,0.07086269983376679,0.21046558138667953,0.9415998391007453
281,9.366572999999999,0.07004742858916181,0.20531188219521962,0.9387669662326554
282,9.399906,0.09655579283557505,0.19570274111444486,0.955270376231915
283,9.433239,0.1373678041568936,0.20807580087414185,0.9351524218150277
284,9.466572,0.15606711139568283,0.19905773582882608,0.9510865490707849
285,9.499905,0.16582244744505956,0.19854286051700545,0.9375556113100825
286,9.533237999999999,0.1772793798321909,0.20541125915084565,0.9369429174311741
287,9.566571,0.18474227302881496,0.20743369425310026,0.9497229516253642
288,9.599903999999999,0.18339018233532642,0.20462842717085,0.9493839212764404
289,9.633237,0.10721976459869643,0.2114337080030011,0.9596582612366447
290,9.66657,0.06981701176397542,0.20499984994086556,0.9508798749717465
291,9.699902999999999,0.06912427911554993,0.22099682148204325,0.9474034291883721
292,9.733236,0.06768396212899286,0.19571320938927128,0.9537318501022122
293,9.766568999999999,0.07090911154337542,0.20389790919764111,0.9685554804692507
294,9.799902,0.06803759317460609,0.2104668158518923,0.9581219111094693
295,9.833235,0.06821736782964877,0.20630428046844168,0.9525892542704538
296,9.866568,0.06643705372901043,0.20881599709338433,0.9530272564038212
297,9.899901,0.0695264665295672,0.21655852884863022,0.9615195483651924
298,9.933233999999999,0.08724367070760569,0.21323087132860977,0.9568277866622682
299,9.966567,0.10526387682247013,0.21618247215563102,0.9581320129954337
300,9.9999,0.09553854077399253,0.22687514043849683,0.9547858565743513
301,10.033233,0.07063422092500776,0.21717551893531042,0.9518815987414222
302,10.066566,0.07140079575925751,0.21035670923428226,0.9671227171249409
303,10.099898999999999,0.09696719980793217,0.2169672254115202,0.965815432491703
304,10.133232,0.09226461987577109,0.22514879416554553,0.9742340869195618
305,10.166565,0.0694390286795217,0.22156985126914547,0.9672201210217194
306,10.199898,0.06925895341173356,0.2259246820103394,0.9817453858081951
307,10.233231,0.08817406933913587,0.22645056365002963,0.9854370593629597
308,10.266563999999999,0.0991910908201597,0.22291162629932595,0.9673416152368691
309,10.299897,0.1428650394753781,0.21964738385747595,0.9772667145082032
310,10.33323,0.16064913681717227,0.22400576628796837,0.9821086289038162
311,10.366563,0.1583466080848648,0.2227391901811476,0.977700574859694
312,10.399896,0.08375165804163345,0.2211402359434902,0.9646559745715657
313,10.433228999999999,0.07114339656937638,0.21941211965009927,0.9490258398136531
314,10.466562,0.06902423747456361,0.22119603427991597,0.9458410667733442
315,10.499894999999999,0.0679176737493874,0.22023727338359117,0.9461264122258904
316,10.533228,0.07027920221495755,0.2199600962306647,0.9358941941566727
317,10.566561,0.07450135426609786,0.2236338141633199,0.9453818709832212
318,10.599893999999999,0.11695716520289563,0.22723874331753424,0.9547396299719506
319,10.633227,0.09284728919889344,0.230952243296865,0.9532081963849186
320,10.666559999999999,0.06951326500651092,0.22779712733227694,0.9448626901072851
321,10.699893,0.0696843333073224,0.23411930389472305,0.9367895439790636
322,10.733226,0.06787151031557885,0.24102388373306327,0.926514049597034
323,10.766558999999999,0.06883203445035439,0.23638839978650783,0.9336852317929358
324,10.799892,0.10650439004320267,0.24349788290946806,0.9410305600809127
325,10.833224999999999,0.14848518716321202,0.24159196045350612,0.9414338736447996
326,10.866558,0.14353879649566273,0.24306063857233606,0.9409571847689172
327,10.899891,0.14643335421874035,0.23809479624275237,0.9385057189316119
328,10.933224,0.14443978705488617,0.2261142969390193,0.9468738607928646
329,10.966557,0.08936339348971209,0.23210616169197887,0.9426935998221044
330,10.999889999999999,0.07015045784922093,0.22475978016094195,0.941314804322502
331,11.033223,0.0680752632290659,0.22248168561247672,0.9258701545059773
332,11.066556,0.06963840260674514,0.22900257013835237,0.9399027512133475
333,11.099889,0.0751895478460953,0.2222394617134138,0.9402337067092933
334,11.133222,0.11529930442936834,0.21816367300983164,0.9393678316560753
335,11.166554999999999,0.10895244699338713,0.227999091162011,0.9304456811101101
336,11.199888,0.08552731488404336,0.21857397808397352,0.9301981878895313
337,11.233220999999999,0.10658837798994483,0.23724286924407417,0.9314835772963914
338,11.266554,0.14506572150540306,0.24658483519514768,0.9398525686096182
339,11.299887,0.1680475905160298,0.24088249167532177,0.9435375260922985
340,11.333219999999999,0.17286054910715362,0.23495880036401784,0.9446753458055772
341,11.366553,0.17931683608233195,0.224994477994951,0.9403161720708192
342,11.399885999999999,0.1682763132570788,0.22947794668603222,0.9323096514090907
343,11.433219,0.16770442654040754,0.23062552944997736,0.9314827729505841
344,11.466552,0.16583769759179015,0.23263919373108435,0.93332000376387
345,11.499884999999999,0.1613764700950889,0.24643797625489955,0.9328978121061972
346,11.533218,0.1589252242986874,0.2274560505634574,0.9316115262900251
347,11.566550999999999,0.1453592041039754,0.23786446809939346,0.9275302010215232
348,11.599884,0.1367998231199335,0.22421113436301315,0.9344014396794539
349,11.633217,0.12486734781695764,0.21662756183036663,0.931554652507268
350,11.666549999999999,0.10802362424628471,0.2266013209394811,0.9339236818415421
351,11.699883,0.09150749479497282,0.22568508999854206,0.9392709726824284
352,11.733215999999999,0.07650443575924712,0.2177970452572013,0.9269955535887917
353,11.766549,0.07449063294141293,0.2232086902701396,0.9216260543997227
354,11.799882,0.07674422271291863,0.21993980649902797,0.9263458447763817
355,11.833215,0.08009655844489846,0.21628691064472416,0.9292246164161351
356,11.866548,0.07691550517998735,0.2195937681835649,0.927845303366336
357,11.899880999999999,0.07753282948300509,0.22213929827637496,0.9397687650642651
358,11.933214,0.07857227628136823,0.22107087711571505,0.9335501159252606
359,11.966547,0.07568730860646888,0.22074494170261785,0.9265918062249573
360,11.99988,0.07444051607680321,0.21264710510494617,0.9370037994876173
361,12.033213,0.07484463163450676,0.2195341277333933,0.9356941688491048
362,12.066545999999999,0.0744400358213754,0.21910984372139092,0.9461607377107236
363,12.099879,0.07414714709864778,0.2176521571239833,0.9376806087545313
364,12.133211999999999,0.07486195138375286,0.22193670463588983,0.9376009810217253
365,12.166545,0.07376762743396334,0.22370029878545694,0.9385833051452892
366,12.199878,0.07356475631255686,0.2235633571509708,0.9408510644840541
367,12.233210999999999,0.07212909510410492,0.22698398518583124,0.9444354831337237
368,12.266544,0.07297677218670684,0.2249833014375504,0.9337604326130086
369,12.299876999999999,0.07301294237922745,0.22415346678871423,0.9446267162029723
370,12.33321,0.07276738723091085,0.23054308359032788,0.9466287140945499
371,12.366543,0.07301594937024372,0.22932908553598458,0.9436481369274958
372,12.399875999999999,0.07329226652900467,0.23024587495608217,0.9455457031198076
373,12.433209,0.07501277252737787,0.22578887774704526,0.9476792205644073
374,12.466541999999999,0.10901285526690954,0.2370601863351477,0.9480071489039712
375,12.499875,0.13951223407124821,0.2572337651160691,0.9364255324582965
376,12.533208,0.1403566943691802,0.2503901155542362,0.9195226882071394
377,12.566540999999999,0.1338014398346499,0.24962165925718866,0.9042201099256195
378,12.599874,0.13251315032704727,0.2680119958227075,0.9021924149107552
379,12.633206999999999,0.12765940494563321,0.2596222181472969,0.9165528501637136
380,12.66654,0.13110476610538568,0.24934436892315776,0.9056084418764259
381,12.699873,0.11826008544675595,0.24674272705328582,0.9218093571972469
382,12.733206,0.13081418595841154,0.2635367118330649,0.9146129918957256
383,12.766539,0.1314046268074367,0.246609548981644,0.9286548632579594
384,12.799871999999999,0.13462949609972846,0.25795024486623225,0.9188256540983083
385,12.833205,0.1357039868267391,0.24415192656691223,0.9255385441126225
386,12.866537999999998,0.1405199299003099,0.26355205051772657,0.9082520374833675
387,12.899871,0.15012128543290718,0.24748213783952078,0.9122695931671225
388,12.933204,0.1524803552297493,0.26064209779732994,0.9080753010127929
389,12.966536999999999,0.15494779212130477,0.26298916478065215,0.909923609806321
390,12.99987,0.15694802232081181,0.24897676407107663,0.9078339371512748
391,13.033202999999999,0.1484681692433507,0.2509249654774838,0.9080190082225083
392,13.066536,0.15091252871862373,0.24576416726981493,0.9152837048610754
393,13.099869,0.14984011877949246,0.24699423509211288,0.9132450821304194
394,13.133201999999999,0.14985934149616217,0.24956099641125767,0.9123007740062734
395,13.166535,0.14209890389481664,0.2504467728461362,0.9121021363302692
396,13.199867999999999,0.1503820753763831,0.2550771751364775,0.9098765838425574
397,13.233201,0.14848158402326916,0.2550990679422821,0.9112726101316637
398,13.266534,0.1450582036009002,0.2570042484192188,0.9161310206373272
399,13.299866999999999,0.1464801645131882,0.26094098027059626,0.9100904693555506
400,13.3332,0.1468306585519947,0.25487652456316995,0.9099612216015328
401,13.366532999999999,0.14139145919854348,0.252063471314919,0.9197412204326347
402,13.399866,0.14596775780631369,0.25848112109701776,0.915881113725351
403,13.433199,0.13672652481598543,0.25450762611360656,0.9275004416298032
404,13.466531999999999,0.13777273574812887,0.25533720278821426,0.9211646783727441
405,13.499865,0.13515838325705978,0.2575353218620657,0.9167069427722905
406,13.533197999999999,0.1275633728114363,0.26084633127573714,0.9313170331412601
407,13.566531,0.12395296677890875,0.25264188396150516,0.9154619206556052
408,13.599864,0.10694137130383595,0.25063073270051933,0.9303212236442244
409,13.633197,0.08965210100320384,0.2452076449420098,0.9222163005102394
410,13.66653,0.0765629487605489,0.24715660059748945,0.9214778001535481
411,13.699862999999999,0.0770934659985382,0.24258553004701397,0.9219445927671384
412,13.733196,0.0793235559030942,0.24473956094546895,0.9246591052643262
413,13.766528999999998,0.07946843404804566,0.2428590501920094,0.9177556638109938
414,13.799862,0.08196824400416113,0.25772129016476697,0.911145973955943
415,13.833195,0.08291379027223465,0.2518466299694182,0.9165621568571464
416,13.866527999999999,0.08485719939164611,0.25747666711803685,0.9127274183438174
417,13.899861,0.08193185967214837,0.25622555509142986,0.9120278770661862
418,13.933193999999999,0.08164874479580825,0.2614564736029658,0.9081328464602967
419,13.966527,0.08213254151265018,0.2661834595903839,0.9150511441779215
420,13.99986,0.08192269131491901,0.26306099119983123,0.9262716211791118
421,14.033192999999999,0.08283881655169903,0.2589325639114888,0.9146887554317381
422,14.066526,0.08222140175426246,0.26647539571462175,0.9219129918373198
423,14.099858999999999,0.08215822114886456,0.25017764241178037,0.9122098446998446
424,14.133192,0.08161523149960812,0.24825879939453732,0.9140743017043614
425,14.166525,0.08006492595579585,0.24560447415188483,0.9181201441300769
426,14.199857999999999,0.07749137306304296,0.25243935529949724,0.9315099550472543
427,14.233191,0.07740919833589716,0.24925577219982406,0.9324228716455982
428,14.266523999999999,0.0766856240636144,0.25048167408215105,0.9212822066918627
429,14.299857,0.07542109517292525,0.24761644647754094,0.9182755985102677
430,14.33319,0.0756195853999192,0.24698637243516866,0.917458781168569
431,14.366522999999999,0.0755134870790987,0.24260192165249528,0.9159655589054279
432,14.399856,0.07519798369056639,0.22458005076514995,0.9394966282009434
433,14.433188999999999,0.07431188111361163,0.18396492724319136,0.947229651340214
434,14.466522,0.07474822105169102,0.18470258223258523,0.9548303692051052
435,14.499854999999998,0.07620134750528275,0.2016032392733751,0.9393917634522004
436,14.533187999999999,0.10573864809443612,0.2325177134737177,0.9411400638045067
437,14.566521,0.13415596970678387,0.2388458987413244,0.9388516294091506
438,14.599853999999999,0.1514819045279455,0.24099855835186612,0.9436960321438521
439,14.633187,0.1712972965871328,0.24099227834589537,0.9348869994688123
440,14.666519999999998,0.18002381005815432,0.24502517227637727,0.9441072721822528
441,14.699853,0.18140449385405208,0.23666187127237642,0.9445666206387099
442,14.733186,0.17262842893166175,0.24136612513980063,0.955705293484216
443,14.766518999999999,0.18126096209049153,0.23698838394564664,0.956287873398383
444,14.799852,0.1743774784984529,0.24027985482885444,0.9521207267546135
445,14.833184999999999,0.1822865914482518,0.24039607753960865,0.9594604279327155
446,14.866518,0.1736773778645279,0.23665021630912372,0.9618291246728097
447,14.899851,0.17737317683428896,0.23953720191253972,0.9595566799514255
448,14.933183999999999,0.1665537657802369,0.24145872234387966,0.9628007553741056
449,14.966517,0.16755506667689007,0.23368824643005856,0.9577349063110802
450,14.999849999999999,0.16612844502828977,0.23780302453811625,0.9490691327490274
451,15.033183,0.16025768473898172,0.2403650530958777,0.9439067831790431
452,15.066516,0.1603427840659431,0.24059492852446288,0.9365895396004494
453,15.099848999999999,0.16190180544514882,0.2355501484884621,0.9353511961235988
454,15.133182,0.16148906172112418,0.24731230535965787,0.9331820960103129
455,15.166514999999999,0.15605316739809683,0.2455939149948646,0.9304660260980323
456,15.199848,0.15725490428742622,0.2511359987120294,0.9277726869087202
457,15.233181,0.1586247561984189,0.23956369454454096,0.9299272168369341
458,15.266513999999999,0.1608584913567303,0.23710151722946957,0.937460485794962
459,15.299847,0.1586838379400651,0.23967062392321237,0.9303083783717772
460,15.333179999999999,0.15978956322329166,0.2424705023313863,0.9333638206174607
461,15.366513,0.16215081585958108,0.23936294196514382,0.9306814203176287
462,15.399845999999998,0.16534274809479216,0.2305028664134261,0.9388185569355886
463,15.433178999999999,0.16432490847393783,0.23654060213861683,0.937755802895118
464,15.466512,0.17277715091702667,0.23132550362641005,0.9451471016193935
465,15.499844999999999,0.16479469096105365,0.22965434548499514,0.940983431681366
466,15.533178,0.167040559185115,0.22863078615373872,0.9338420308264574
467,15.566510999999998,0.1647180132888542,0.2336662039399232,0.9353297653406428
468,15.599844,0.16948464016125692,0.23451677420137257,0.9390024404434382
469,15.633177,0.1633903432724953,0.22862692459178596,0.9427660356775497
470,15.666509999999999,0.16191431010352378,0.22482107785586036,0.9338445400972467
471,15.699843,0.1702513734934629,0.23233040735096844,0.9396823090754117
472,15.733175999999998,0.1660121688138578,0.24027227282050273,0.9453407740938183
473,15.766509,0.16655778083603967,0.2273810310222224,0.9483299153011578
474,15.799842,0.1688172241379214,0.23675224081873278,0.9503792799442813
475,15.833174999999999,0.1801485373695715,0.23535910593663556,0.9580039920294414
476,15.866508,0.17869323562512754,0.2323899298083155,0.9609318741165492
477,15.899840999999999,0.1778481997925763,0.23192323509805265,0.9666537137128056
478,15.933174,0.1921682270095475,0.23178367280167395,0.9671914564393178
479,15.966507,0.19525889141951083,0.23184026515359388,0.9658664303606733
480,15.999839999999999,0.19375952009134217,0.2302713532930409,0.9762081095661913
481,16.033172999999998,0.1842005758334104,0.2318809243862728,0.9699068435369798
482,16.066506,0.1856682985545782,0.22753356992484142,0.9728558337349624
483,16.099839,0.1802254703784047,0.2229029768653353,0.9715574453052723
484,16.133172,0.1735297516727545,0.2280270012167286,0.9696530724584609
485,16.166505,0.15672588041609423,0.22718363005341313,0.9669366902546149
486,16.199838,0.1424940058237626,0.22678398934393157,0.9638529786565562
487,16.233171,0.11329422743237129,0.23302809075093406,0.9503812440394345
488,16.266503999999998,0.07132237536321309,0.23811774280988485,0.9373037992380938
489,16.299837,0.07117099119958624,0.22730021627125768,0.9281098093221427
490,16.33317,0.07394292072284978,0.24194770495127954,0.9398879277457468
491,16.366502999999998,0.13989558861462834,0.24726227082730298,0.9637374004285788
492,16.399836,0.18246438649945843,0.256088451588668,0.9761851339389033
493,16.433169,0.1866076222695633,0.2458826107056552,0.983964193711327
494,16.466502,0.1631846545998532,0.2360124236098684,0.9633567083446455
495,16.499835,0.15403640294632148,0.25996139570873367,0.9518700718308939
496,16.533168,0.17787423065985813,0.2549683752393881,0.9569962957520005
497,16.566501,0.18445682438922653,0.2640406267392395,0.9604377947438211
498,16.599833999999998,0.20047732102033716,0.26735885125938863,0.9623584525601109
499,16.633167,0.20233604308697528,0.274027296103654,0.94793447043487
500,16.6665,0.20018989463245845,0.2696381920358518,0.9450414835368511
501,16.699832999999998,0.22695762230663646,0.26997460436761034,0.9541155458781462
502,16.733166,0.22142186830420213,0.2729717820393923,0.95069295278953
503,16.766499,0.161293212946895,0.26114457879615827,0.9470332844759007
504,16.799832,0.07154427807562215,0.27086230737648986,0.9199498103583206
505,16.833164999999997,0.06930107225853976,0.2653339726085935,0.9146796507068445
506,16.866498,0.06719029869109798,0.2632004452031244,0.9072751201442654
507,16.899831,0.08408659992769962,0.2759910984455648,0.9065444349934586
508,16.933163999999998,0.12753528128146288,0.2727466747657413,0.9247941872390645
509,16.966497,0.15316103467330874,0.276315092300112,0.9260352912771521
510,16.99983,0.15427217079138264,0.271065280293465,0.9107957745907796
511,17.033163,0.15950916838982787,0.26794278499128155,0.917547503255121
512,17.066496,0.1634713542688587,0.26774865038894735,0.9120783706893345
513,17.099829,0.1725981207804652,0.2662101200888425,0.931673695869551
514,17.133162,0.19095482024374894,0.26899085101691944,0.9440272216339172
515,17.166494999999998,0.18843163106975305,0.26510855803129074,0.9430315969554819
516,17.199828,0.1914938619858619,0.264607560656345,0.9398696190663682
517,17.233161,0.18474772440533202,0.26781329792607245,0.936940663103214
518,17.266493999999998,0.1757249085044878,0.2686764312899225,0.9262457338380985
519,17.299827,0.1627081798045749,0.26657977758352436,0.9220508532864424
520,17.33316,0.15854449439604726,0.27280075998246356,0.9181274100856772
521,17.366493,0.16032211943477606,0.26903461242846904,0.9166399414801625
522,17.399825999999997,0.15541137072571112,0.26462002923661465,0.9195050046558202
523,17.433159,0.15410734161829467,0.26437505015452983,0.9196243891462815
524,17.466492,0.15389665824983684,0.26677722104495394,0.9267006538703005
525,17.499824999999998,0.15555342498490157,0.2683969060119117,0.9256673187745239
526,17.533158,0.15686813927705828,0.26223699668040656,0.9291260492421353
527,17.566491,0.15706888945354536,0.26008431725170905,0.9288671364763053
528,17.599823999999998,0.15301342445970229,0.26643323434010846,0.9219800067320159
529,17.633157,0.15604669566947033,0.2653451407799349,0.9218904334138232
530,17.66649,0.1528872878762561,0.2646550112678946,0.9221866854541867
531,17.699823,0.15405978393773795,0.2619030424169502,0.9252682854118961
532,17.733155999999997,0.154580142149631,0.2652663988797851,0.9223393337735541
533,17.766489,0.15398821665715218,0.2720890741080803,0.9221698000354911
534,17.799822,0.1559789177012269,0.2653472213253475,0.9203396617547396
535,17.833154999999998,0.15542154146349138,0.2690981159428328,0.9259028929956655
536,17.866488,0.15416183740906345,0.27069838654618605,0.9259336585609402
537,17.899821,0.15698787584943055,0.27111338108033467,0.9261778806264023
538,17.933154,0.15490235183143422,0.2639121401522668,0.9257396446714485
539,17.966487,0.14911901730971489,0.2689598878964938,0.9288564500808969
540,17.99982,0.15485218102743273,0.27209143029542593,0.9298309166010347
541,18.033153,0.1533555419069306,0.2718356022229229,0.9282160019466922
542,18.066485999999998,0.15299286308402482,0.26683437876160443,0.9287013082676937
543,18.099819,0.14923334500383756,0.26148666010461485,0.9262763480460002
544,18.133152,0.1471989790091032,0.2641512009458272,0.9270513169812659
545,18.166484999999998,0.14593812244963808,0.2676557784449213,0.9326431524617119
546,18.199818,0.14702679246970568,0.263513791315668,0.9391800439925234
547,18.233151,0.14768120148302552,0.2680581939958084,0.9350567245461949
548,18.266484,0.14484423911218916,0.26627939593280336,0.9356645976173654
549,18.299816999999997,0.1462436174836791,0.26508912698286097,0.9339025186220056
550,18.33315,0.14016291208831735,0.26287460563818776,0.9321143721697395
551,18.366483,0.13507531159115038,0.2663349182216369,0.926362610120857
552,18.399815999999998,0.13706784950237508,0.27278305879546644,0.9296284943296528
553,18.433149,0.13408698612800016,0.27115778459771955,0.9320339104892058
554,18.466482,0.1320144487501251,0.2691476458798796,0.929386662673552
555,18.499814999999998,0.13185449914905178,0.2706737864481239,0.9306492500781401
556,18.533148,0.13073005452814215,0.2696367520086138,0.9290898202593472
557,18.566481,0.1303334798830196,0.27101275998004914,0.9347228644710017
558,18.599814,0.1334665279650235,0.27429277469001156,0.9303155247211129
559,18.633146999999997,0.134480046625533,0.27153530069111237,0.9261376176013227
560,18.66648,0.1349371573325714,0.2707915545449472,0.9310532309447627
561,18.699813,0.13442585541305707,0.27110709560642343,0.9313606263942518
562,18.733145999999998,0.13121286771326446,0.272667573259475,0.9274063541396954
563,18.766479,0.13386088729586312,0.269963521665435,0.9264250673098794
564,18.799812,0.12880587065596655,0.2748731435542524,0.9262502991574674
565,18.833145,0.1291242690297473,0.2676192354755571,0.9262592942611936
566,18.866478,0.13009594227173638,0.27142272509133475,0.9216822922586975
567,18.899811,0.1282990828636715,0.26730661252073434,0.9250480258150495
568,18.933144,0.13133577697633783,0.271260623716828,0.9239518318413664
569,18.966476999999998,0.1311068097019847,0.2696099706670777,0.9249815838926455
570,18.99981,0.1337626751313082,0.27901885060900117,0.9272336969667363
571,19.033143,0.12756524410359038,0.26884325525735203,0.9227455924361556
572,19.066475999999998,0.13278688756560375,0.27232740618693785,0.9336184325610603
573,19.099809,0.13361838988945413,0.2724548588329935,0.9332094240804292
574,19.133142,0.13263581073573447,0.26718745711078173,0.9348622599641382
575,19.166475,0.13413029708706184,0.27208267379435735,0.9292790407336301
576,19.199807999999997,0.1321018804175975,0.2642125627793033,0.9291161071543259
577,19.233141,0.13476996020784093,0.25140684063603785,0.9311866209720279
578,19.266474,0.13330215664668096,0.24756605330022152,0.9180254462565901
579,19.299806999999998,0.13221039559712602,0.23278411132554408,0.9040550558088258
580,19.33314,0.1330439707830236,0.22736750002073186,0.9113656936322733
581,19.366473,0.13089945021301755,0.2462838932118147,0.9217249372724526
582,19.399805999999998,0.14153174441420774,0.2459253140544655,0.9201649417436236
583,19.433139,0.14471063151558522,0.24134549864548804,0.9199348461435239
584,19.466472,0.14512546248949967,0.23708317996527004,0.9221565518480901
585,19.499805,0.14433262746451067,0.24585128474722262,0.937114685759898
586,19.533137999999997,0.14273241800231837,0.2544404599673689,0.9322345801291825
587,19.566471,0.13765276396794215,0.25002498630506476,0.9412821432783596
588,19.599804,0.13925918401342435,0.25413238451605547,0.9296361508202451
589,19.633136999999998,0.13709597927324513,0.25259068974239696,0.9254346953256697
590,19.66647,0.13496294567955813,0.2582605367040957,0.9320473335531148
591,19.699803,0.13193409838796452,0.26317384974390445,0.9315486706655456
592,19.733136,0.12735725499974787,0.2599584216322546,0.9279422764614746
593,19.766469,0.12617457121905878,0.2630833470518557,0.925211003386394
594,19.799802,0.12996327346733094,0.25185623174226973,0.9200832944235794
595,19.833135,0.12954719163534514,0.2600407096538863,0.9335261033982674
596,19.866467999999998,0.1369097972072148,0.2601205094864496,0.9250956147198249
597,19.899801,0.13601979381449342,0.25805178261695666,0.9314035639375248
598,19.933134,0.13766142820252797,0.2509901803009498,0.9319068663679551
599,19.966466999999998,0.13188181768994467,0.253735573657883,0.9396233060272812
600,19.9998,0.13191357068272536,0.24652424777611331,0.9340954154625819
601,20.033133,0.13563566723725268,0.23662425815461247,0.9278997577224679
602,20.066466,0.140380251295726,0.2355986126250041,0.929934903588744
603,20.099798999999997,0.14003608098008785,0.22700932180256927,0.9327503526938618
604,20.133132,0.1337633941672501,0.21054258066111656,0.9323499530496235
605,20.166465,0.1388411192964405,0.20547541106947673,0.9400342240873276
606,20.199797999999998,0.141353049039794,0.17457015016053357,0.9515848197470286
607,20.233131,0.14059693768894965,0.18911463987611088,0.9411290513248112
608,20.266464,0.13912289280295562,0.20802184938470966,0.9406796622221588
609,20.299796999999998,0.14029320168448864,0.22738701118370908,0.927158155311744
610,20.33313,0.12376744912498884,0.2404668350175822,0.9522746460611899
611,20.366463,0.12332997125221264,0.24550718626204654,0.9457066963414744
612,20.399796,0.11800958480683607,0.25362487719076987,0.9564140840363977
613,20.433128999999997,0.12598919607162243,0.2516818222547015,0.9523723359790118
614,20.466462,0.14190345593539108,0.2550094633018051,0.9547923599108845
615,20.499795,0.14546033159480917,0.2584561160685781,0.9533193052603496
616,20.533127999999998,0.14144558030093654,0.2550067269343026,0.9524015613434913
617,20.566461,0.17621265771556185,0.2529839022271544,0.9661527449592338
618,20.599794,0.20567765118202988,0.23775036757944934,0.9792658608508602
619,20.633126999999998,0.22526777659186206,0.24543510000119054,0.9935926200309299
620,20.66646,0.2042216893001811,0.2399514352028762,0.9816322280396729
621,20.699793,0.1694726050233805,0.23865474675327478,0.977024508682431
622,20.733126,0.13873561174994314,0.25611427129357506,0.9505474707207692
623,20.766458999999998,0.12014572098825196,0.2518955854251843,0.9382098544044507
624,20.799792,0.13153731148550424,0.25397373743097423,0.9255594537259999
625,20.833125,0.15028907221456675,0.25537174498766646,0.9329026355615475
626,20.866457999999998,0.15782974430489835,0.2565386937202329,0.9418529015016744
627,20.899791,0.17375387346958868,0.25852399297064727,0.946170747589815
628,20.933124,0.18860897378300173,0.25307997092834456,0.9550497418355235
629,20.966457,0.1616249046783986,0.25469623253065393,0.9611759197747987
630,20.999789999999997,0.08990456690118667,0.2543577214006293,0.9454183778473549
631,21.033123,0.07087746793187755,0.24635141727920062,0.9250786057698152
632,21.066456,0.07128697270166233,0.2514184452690346,0.9221465007787307
633,21.099788999999998,0.07160879126250488,0.2469544550951017,0.9199903208142245
634,21.133122,0.10784652195020283,0.24770142960841066,0.9181104906213765
635,21.166455,0.11350956259293923,0.24530595217024423,0.9173312205533
636,21.199787999999998,0.13323855992350875,0.24664278888099261,0.9175316330602634
637,21.233121,0.11506431597263132,0.25034076851970777,0.9240527305993875
638,21.266454,0.07074140477294967,0.2486931602327187,0.9159611102439832
639,21.299787,0.07012321707098429,0.23898433236296043,0.9180421213249982
640,21.333119999999997,0.06904702030048682,0.24412652423892453,0.9168601665394958
641,21.366453,0.10134433503550923,0.2512424986861996,0.9195508949234044
642,21.399786,0.1399232537306371,0.24965285703733203,0.9214145904139169
643,21.433118999999998,0.1504897792511759,0.2495052745717815,0.9232473761491494
644,21.466452,0.15342293202280693,0.25167018130596674,0.9282493614693833
645,21.499785,0.15558907940738997,0.24397766731258844,0.9254942790100354
646,21.533117999999998,0.16546856365932025,0.2465026930522925,0.9298413257899851
647,21.566450999999997,0.1759007882942907,0.24824271437869294,0.9380492451752876
648,21.599784,0.17758056858756535,0.24723513129049202,0.9378464991054722
649,21.633117,0.18398890513225138,0.24517417633225502,0.9451761701280461
650,21.666449999999998,0.18009443892253008,0.24636181613278318,0.9377600031284619
651,21.699783,0.16514263034358406,0.24408015349955142,0.9364951115488243
652,21.733116,0.14674526862993825,0.2524999031252,0.9290157729152402
653,21.766448999999998,0.13660173838978767,0.24825040199099924,0.9292529049918692
654,21.799782,0.1335261488340518,0.24515545162203956,0.9339999194952711
655,21.833115,0.13730472623391432,0.25121904020371144,0.9284358602385746
656,21.866448,0.139777695811645,0.24660737636091679,0.9327876284784402
657,21.899780999999997,0.14770877944863084,0.2483386791920558,0.9328982340355843
658,21.933114,0.15004888881183265,0.24309827687753682,0.9239531657664389
659,21.966447,0.15256743639470274,0.24325804387672287,0.9337009920366864
660,21.999779999999998,0.15629288467235447,0.2449764120468385,0.929057214944063
661,22.033113,0.1530117594010742,0.24581683334133214,0.9323084267736268
662,22.066446,0.15095374942697498,0.24532831601319272,0.9242913441243463
663,22.099778999999998,0.1666189621917513,0.24944767559210257,0.9297887527276334
664,22.133112,0.17175717657858186,0.2494927282628106,0.9504233938585972
665,22.166445,0.18946266557122313,0.21546924225356248,0.9731595229326867
666,22.199778,0.17809695669783204,0.19102770041615952,0.9534642641329779
667,22.233110999999997,0.17949956176273313,0.16363424862362946,0.9208832559039808
668,22.266444,0.16947009419836614,0.17787267114063693,0.9212756507745697
669,22.299777,0.15384122864571728,0.17728870394973748,0.9365224565066453
670,22.333109999999998,0.16444077709752242,0.2177777179061821,0.935152656936067
671,22.366443,0.15339516615817173,0.23729295762567043,0.930890946056975
672,22.399776,0.14064378931353452,0.24396844595600495,0.9267722025187527
673,22.433108999999998,0.13447884100138258,0.258386933392883,0.9328357964405036
674,22.466441999999997,0.1377313265165768,0.250347710119685,0.9293511827441885
675,22.499775,0.13410305439826148,0.2586325859946466,0.9333828115600471
676,22.533108,0.13365473542448547,0.24706502763282995,0.9312348665541618
677,22.566440999999998,0.13389970120972566,0.2648563552248505,0.9407863691371964
678,22.599774,0.14019267055545753,0.26391446878635527,0.9358389804172276
679,22.633107,0.14070442897575575,0.25719783086872045,0.9327403806000403
680,22.666439999999998,0.14777926564263363,0.2619288023827297,0.9375462276143893
681,22.699773,0.1514518147866248,0.25623068127288356,0.9369230772018401
682,22.733106,0.14703971669724705,0.2592254095539591,0.9360804248672935
683,22.766439,0.14996395257506623,0.25944688610158945,0.9339128474605829
684,22.799771999999997,0.1463573847354371,0.2528567357556978,0.9327984066527165
685,22.833105,0.1498345324180225,0.25933131818066796,0.9391246167614054
686,22.866438,0.15502965724479661,0.25517283811943836,0.9375572887308944
687,22.899770999999998,0.1537051870099915,0.2531371531277925,0.9452114365177928
688,22.933104,0.1620352765864741,0.2522016320066947,0.9412675571169243
689,22.966437,0.1570275140010161,0.25683473504225973,0.9469689854619439
690,22.999769999999998,0.15219409203886514,0.25618232050172707,0.9431740097415707
691,23.033103,0.15868375654891168,0.25746163297819735,0.9533893471437827
692,23.066436,0.15488370454345068,0.25736869743931096,0.9507026573269243
693,23.099769,0.15664081962169413,0.257659544696242,0.9513990833020667
694,23.133101999999997,0.15808196218761766,0.25989597641435785,0.9574884351340112
695,23.166435,0.15590941974593597,0.25558177003877824,0.957459350662835
696,23.199768,0.15852491797611146,0.2548545873943092,0.9531412765933529
697,23.233100999999998,0.15970341385956163,0.25801122170963975,0.9516734288722849
698,23.266434,0.15653542445652183,0.2540417011753939,0.9599602211389326
699,23.299767,0.1488457358796995,0.26062558147711734,0.9535195702022409
700,23.333099999999998,0.14814156875662154,0.25884343445836,0.9570700669224766
701,23.366432999999997,0.1263509670919748,0.25437067509012834,0.9520870887902811
702,23.399766,0.11890295813900661,0.2545738309141623,0.9537847993700961
703,23.433099,0.11120331942461009,0.2545183899561043,0.9505615277637495
704,23.466431999999998,0.09972094177764972,0.25802570966593186,0.9535318900138552
705,23.499765,0.0965641613670575,0.2573339041507472,0.9460480231530489
706,23.533098,0.07384658496272285,0.2565755243809451,0.9440055898731284
707,23.566430999999998,0.07262481593346994,0.25195738160506675,0.9530147971320542
708,23.599764,0.0722732730373703,0.2484256394664216,0.9452296710080176
709,23.633097,0.07347931679436567,0.24053100781208064,0.9420116285463089
710,23.66643,0.07420786059815515,0.24472538221548967,0.9372485237577773
711,23.699762999999997,0.07429612726507474,0.24301104541323854,0.932985753539636
712,23.733096,0.07394683482930636,0.24082755975791048,0.9290130604529798
713,23.766429,0.07348964492189901,0.23219589919947767,0.9256408838256698
714,23.799761999999998,0.0747820602368416,0.23472102323388438,0.9241995906897824
715,23.833095,0.07371353799518317,0.2349192447500491,0.9147605276782764
716,23.866428,0.07282540550942398,0.2241209434025599,0.9211070200969743
717,23.899760999999998,0.07167564110473638,0.23333072021814483,0.9304423216916884
718,23.933094,0.07260429810023804,0.23128956991311256,0.9251702870732156
719,23.966427,0.07344146946792098,0.2343660969819833,0.9220584198559167
720,23.99976,0.07345003759391908,0.23363759773765772,0.9226739774476886
721,24.033092999999997,0.07379533353878232,0.23321425420047243,0.9364707884389881
722,24.066426,0.07456397214164277,0.2337303133275737,0.9277607000813513
723,24.099759,0.1314913531188389,0.2281917708257548,0.9312071332770806
724,24.133091999999998,0.1478760510134508,0.22328374979489035,0.9345056372595885
725,24.166425,0.1637164661109665,0.22818974225848665,0.9408982306028486
726,24.199758,0.17434058190031612,0.2277902467308912,0.954163412396031
727,24.233090999999998,0.16992835389050104,0.18965351259774574,0.9600064400566247
728,24.266423999999997,0.15613395073081232,0.20860280742215603,0.9739525352360154
729,24.299757,0.1556837075639264,0.18919144802728705,0.9655649833906075
730,24.33309,0.14733922054352377,0.1968488833115234,0.9799510418524902
731,24.366422999999998,0.17915012258039711,0.20064773603488723,0.9801748053212026
732,24.399756,0.17713340954012302,0.20415714787279154,0.9845480392043215
733,24.433089,0.18973513292808616,0.20993051979180474,0.9843271173891239
734,24.466421999999998,0.20978854067917133,0.21117843569264785,0.9917299035688955
735,24.499755,0.21691590196536198,0.20832169883553295,0.9981419261781564
736,24.533088,0.21567557606050514,0.21444500497781305,1.0010373178350869
737,24.566421,0.21909943723053904,0.2129132279235037,1.0053452903541957
738,24.599753999999997,0.22217686814563134,0.20849919696649022,1.0048662745707353
739,24.633087,0.2443060502679981,0.20592796593566223,1.0107850860806806
740,24.66642,0.2512723126522783,0.21579696193877118,1.0125897477082983
741,24.699752999999998,0.26853337548100986,0.2019258349330791,1.0272756538646823
742,24.733086,0.2797574310791142,0.2053206253023633,1.0410545260615498
743,24.766419,0.2749735996912487,0.20626129817177385,1.0409720038552877
744,24.799751999999998,0.2973948659040966,0.19937162625793348,1.0564918617623758
745,24.833084999999997,0.32679657720974264,0.2064577353707604,1.0646578955616528
746,24.866418,0.3264428590980194,0.19954443958903328,1.0675834744309314
747,24.899751,0.3556050403954805,0.19915582688461478,1.0815838741143275
748,24.933083999999997,0.3731331241679764,0.19773891396579624,1.0995919075888596
749,24.966417,0.3945693490338113,0.19075832262949105,1.125014913525343
750,24.99975,0.39726427231367284,0.20023053125267168,1.1249748287795414
751,25.033082999999998,0.4240156066626043,0.19035255374739102,1.1472660568999817
752,25.066416,0.4384448844282819,0.18637477172532252,1.1657895572904269
753,25.099749,0.45028639903464285,0.19398388764969898,1.1967298418857177
754,25.133081999999998,0.4689456672751419,0.205829188031951,1.2048658185548733
755,25.166414999999997,0.4873837840307321,0.19326917389973686,1.2091692892136328
756,25.199748,0.5063626413266269,0.2029798978700056,1.221087871582462
757,25.233081,0.5135576737885523,0.2019691877004905,1.2371229161558837
758,25.266413999999997,0.5110170833103658,0.21181646458103315,1.2365774200771835
759,25.299747,0.5221293925927447,0.21970913013707835,1.258411193045868
760,25.33308,0.5371973874758811,0.21762211313266966,1.2673248254736487
761,25.366412999999998,0.5511094646789015,0.2182847430970994,1.2752839457814882
762,25.399746,0.6168041757660382,0.20672148388681283,1.275843737296591
763,25.433079,0.6237802851093309,0.2036916141556906,1.2931518074761883
764,25.466412,0.6297346705394963,0.20039794004068795,1.2945223793366316
765,25.499744999999997,0.6347787792942393,0.19749763060514597,1.2958507074391354
766,25.533078,0.6419107523215503,0.19790393320969663,1.2947310636435456
767,25.566411,0.6406857587308837,0.2056486499019434,1.3005814860201332
768,25.599743999999998,0.638267838332155,0.19857694127123846,1.312591024554618
769,25.633077,0.6417289937902181,0.18732534297763984,1.3235267150930967
770,25.66641,0.6482964894922852,0.19924123899656276,1.3223410151577295
771,25.699742999999998,0.640077161123442,0.1968161980524128,1.3262134697291772
772,25.733075999999997,0.6397802053728219,0.20330234201628286,1.3228477538528571
773,25.766409,0.6335622953090658,0.19441868656494032,1.322328918183057
774,25.799742,0.6451079442711108,0.19345189609699948,1.339761841049261
775,25.833074999999997,0.6401330230551092,0.19291368313177826,1.3312227169786013
776,25.866408,0.651092532008222,0.1975419853312203,1.321942524056386
777,25.899741,0.6575311989402509,0.19824434658482532,1.3299180694255717
778,25.933073999999998,0.629911632439756,0.19324231853565052,1.324908809341003
779,25.966407,0.6360450411603493,0.19637174616103073,1.3306177619802848
780,25.99974,0.6316966020484956,0.19211535912003466,1.3319301039957876
781,26.033072999999998,0.6467891462311911,0.1851549770519625,1.3175238124472937
782,26.066405999999997,0.646140101082747,0.1866892685267501,1.3278079702859609
783,26.099739,0.6544636740444983,0.1905841129896412,1.3292437935639652
784,26.133072,0.6713483557502041,0.16239092464012078,1.3310997745362434
785,26.166404999999997,0.6862006828254468,0.15556935691426144,1.351089564095276
786,26.199738,0.6965156686798869,0.18408714238982268,1.3780148412995468
787,26.233071,0.7067128140709082,0.17501655364997779,1.3718004638474235
788,26.266403999999998,0.7059023283795005,0.1748647373599868,1.380247115978636
789,26.299737,0.7266928407933603,0.18763569132484526,1.391277662806191
790,26.33307,0.7447398079184945,0.17715000577381057,1.3634382419183495
791,26.366403,0.7534231527056974,0.16637720507690565,1.3621445036843973
792,26.399735999999997,0.7381161547478933,0.171385048213324,1.3518788603354837
793,26.433069,0.7498464730099166,0.16344059320789758,1.3266826871813233
794,26.466402,0.7399771077164001,0.16480518791670892,1.3369169254602546
795,26.499734999999998,0.7681468977490508,0.1661502232491317,1.3522913670032213
796,26.533068,0.7724290831598143,0.17275635335087308,1.3592530891879526
797,26.566401,0.7784028594248154,0.16500098075906122,1.3592351806577894
798,26.599733999999998,0.7720253981522076,0.17136194511097522,1.358744244049985
799,26.633066999999997,0.7863583213695166,0.1712382788072775,1.3409734918782503
800,26.6664,0.7712707557965048,0.16908583971781815,1.3446366339046245
801,26.699733,0.7661411047938042,0.17301267988608898,1.3497765311234962
802,26.733065999999997,0.7801351760772894,0.17288514626240875,1.358779766162466
803,26.766399,0.7844924769980182,0.1670232712350087,1.3489722935339088
804,26.799732,0.7692340278405322,0.16969309370793062,1.3638386024660976
805,26.833064999999998,0.7604323855376044,0.16473809757623314,1.3629719747429891
806,26.866398,0.786381677759341,0.16808873959492854,1.3414378403353058
807,26.899731,0.7466262959533198,0.16582721593411148,1.3644509980226331
808,26.933063999999998,0.7398647809493402,0.16918398653868422,1.377131265235775
809,26.966396999999997,0.758474379595905,0.1620863841408421,1.3555425850932734
810,26.99973,0.7538395560416281,0.16154933004863617,1.3373724548077197
811,27.033063,0.7313181659622141,0.17044397818992302,1.3687372995790597
812,27.066395999999997,0.7456069719312457,0.16620909579543797,1.3765278343667235
813,27.099729,0.7137019062943246,0.163071389244537,1.3650070588967582
814,27.133062,0.727542548799746,0.16314464152270824,1.35343987430105
815,27.166394999999998,0.7509551409938939,0.15940806913143124,1.3591748504766723
816,27.199728,0.715701296520795,0.16605913573094194,1.3457324461877815
817,27.233061,0.7233294261672175,0.1634885262115932,1.3527381072582614
818,27.266394,0.7334480494130026,0.1571594959086096,1.3497236432879882
819,27.299726999999997,0.7320623995436082,0.15286714751105238,1.366592168800021
820,27.33306,0.7264773906022247,0.13265022034673074,1.3629749475913824
821,27.366393,0.7273385971438596,0.1233884421914251,1.3500601639542122
822,27.399725999999998,0.7188395755427908,0.1019373360495034,1.3368199044596223
823,27.433059,0.7110129525155385,0.10581946721918072,1.3323469427470775
824,27.466392,0.71604851969264,0.10242891998243674,1.337460251346543
825,27.499724999999998,0.7148442433098177,0.09236164811787144,1.340941633368348
826,27.533057999999997,0.6936223248743356,0.1032150895241016,1.3219267538300161
827,27.566391,0.6611160605640893,0.07709985730614281,1.3084412328647343
828,27.599724,0.650762007180393,0.09438984347250025,1.3243330873396837
829,27.633056999999997,0.6458850033945727,0.11312970753337004,1.3126291457461083
830,27.66639,0.6535277997872633,0.11400764424194691,1.3171671567476868
831,27.699723,0.6339679342000472,0.13022102876477287,1.3254996225582312
832,27.733055999999998,0.6267233833953407,0.1376009420240457,1.3122703431109857
833,27.766389,0.6244168234525791,0.1442546382449942,1.3237834993601536
834,27.799722,0.5830349230437559,0.13714536692374668,1.3072708329944536
835,27.833054999999998,0.5608580299197685,0.15601869933043105,1.2892490593007782
836,27.866387999999997,0.5490915877565039,0.1569157712874117,1.2651496633413388
837,27.899721,0.5593342193141159,0.16355674794080466,1.2677170836321359
838,27.933054,0.5407186174290833,0.16926347317704332,1.2452006918273146
839,27.966386999999997,0.5124981110771456,0.1600286552423919,1.2314783365758153
840,27.99972,0.47106356945709976,0.17109303865261394,1.1836823438235833
841,28.033053,0.44969140526905815,0.17169878341013486,1.1866807855861439
842,28.066385999999998,0.4464987528839129,0.16642356709503828,1.1723908894554351
843,28.099719,0.4295318877217959,0.1639273917144673,1.1597424828234837
844,28.133052,0.42282820423485173,0.1706637879526947,1.130972594304906
845,28.166385,0.3969350369088298,0.17533382600829947,1.1161588619714422
846,28.199717999999997,0.3919568890738544,0.1619538408941441,1.1070317709747528
847,28.233051,0.38572075745965384,0.17045303848132487,1.107155547191035
848,28.266384,0.3722609436122544,0.17356192330643702,1.0950660079477448
849,28.299716999999998,0.3651445220482537,0.16590051454438387,1.0817616888087411
850,28.33305,0.358007108053053,0.16807023823132822,1.0847664790267826
851,28.366383,0.3730897549755179,0.16779449846787653,1.0884020438912987
852,28.399715999999998,0.36155590147943534,0.17216845454651508,1.0893678330873129
853,28.433048999999997,0.36625968116043295,0.17051011856311554,1.0840183725370427
854,28.466382,0.3609874967704686,0.1882463227424404,1.103429853381258
855,28.499715,0.35832055466690693,0.1856159341457393,1.0964763559039004
856,28.533047999999997,0.3718947103102566,0.17427802560892602,1.0949606667582128
857,28.566381,0.3808954310577008,0.17360005246537386,1.0976723342965315
858,28.599714,0.36440913712782136,0.16888171282989542,1.1144441255643533
859,28.633046999999998,0.3614797574475739,0.16768443943316658,1.0990665719390245
860,28.66638,0.3611042055673479,0.1652171525618486,1.1277114748397346
861,28.699713,0.3559716749055414,0.16937172481241464,1.1214878664031904
862,28.733045999999998,0.35719889544834843,0.18566141550645604,1.10781001410512
863,28.766378999999997,0.3514662066015798,0.18426487686176657,1.1130724264612002
864,28.799712,0.34542579580870947,0.20059623274047328,1.110952230461254
865,28.833045,0.3377762622490781,0.18546194236008012,1.1151600706083935
866,28.866377999999997,0.33144275308449644,0.18034859182158966,1.0969326788730598
867,28.899711,0.32087287410999427,0.17220816629461178,1.0753355964284128
868,28.933044,0.31101865677560125,0.17321252373792978,1.0684514775794618
869,28.966376999999998,0.29199076287481396,0.18145200144741003,1.0516733356052
870,28.999709999999997,0.2823606637139498,0.18563007154603117,1.039157985218237
871,29.033043,0.26863353122636185,0.1919162464075302,1.0202200409419722
872,29.066375999999998,0.24934977562437122,0.19409213634275152,0.966806969875724
873,29.099708999999997,0.21973879635538163,0.12562709083082563,0.9360102474718777
874,29.133042,0.20200263794438048,0.11933053626251194,0.942359399278486
875,29.166375,0.18223780717015198,0.10401082408027709,0.9319241654850098
876,29.199707999999998,0.16826805717329454,0.1106921855805709,0.9282975813164066
877,29.233041,0.13316959089411418,0.13366491298141814,0.9008005944526212
878,29.266374,0.0809970368133325,0.1426829475657533,0.8937676411920199
879,29.299706999999998,0.07742497437788987,0.18547959717196938,0.885202056760738
880,29.333039999999997,0.07344492923558388,0.20406961443030544,0.8710079979338281
881,29.366373,0.07365823404877933,0.20432191870901395,0.8658214725484629
882,29.399706,0.0738702352522614,0.21286966394134482,0.8579449594460057
883,29.433038999999997,0.07328094908677837,0.22366607067571262,0.853367413765327
884,29.466372,0.07255282416832516,0.22199369654020956,0.8497059277361543
885,29.499705,0.07386586424832042,0.21282544589181,0.8567097495776145
886,29.533037999999998,0.07118033480296501,0.2219139614581507,0.8472225234990924
887,29.566371,0.06921117108548835,0.22735105273947775,0.8572887527849434
888,29.599704,0.07056547337048125,0.2200785736399684,0.853923731425404
889,29.633036999999998,0.07023497967938618,0.22488270042164382,0.8462863074879847
890,29.666369999999997,0.07228990979330428,0.21769662389150124,0.8441702806506172
891,29.699703,0.0713342811446493,0.2178075357796742,0.8424058564913388
892,29.733036,0.07126514552665082,0.21141184983212766,0.8507749424488547
893,29.766368999999997,0.07172315423463307,0.21515488062704854,0.844691602422568
894,29.799702,0.07304128512279832,0.22015812408160162,0.8466085646462299
895,29.833035,0.07309851626363617,0.22046473363505376,0.8537221391936841
896,29.866367999999998,0.07234241782756767,0.2231507129777771,0.8577062958448399
897,29.899700999999997,0.07403839665191685,0.21295989107210234,0.8645225872882623
898,29.933034,0.07519524337092313,0.21880450649787214,0.8620615831028647
899,29.966366999999998,0.07418741490476419,0.2330997143218531,0.8707726643813237
900,29.999699999999997,0.07450787097988351,0.23589464587658976,0.8721340495694002
901,30.033033,0.07472207359305667,0.22924240304466303,0.8773325639808256
902,30.066366,0.07487920742386381,0.2295851750941737,0.8728161497812974
903,30.099698999999998,0.07428937345116819,0.2294461166923767,0.8740456209490564
904,30.133032,0.07404252300975235,0.23073446226402,0.8709189247428145
905,30.166365,0.07329481837987815,0.2386678650233674,0.8694835021435768
906,30.199697999999998,0.07332807055486357,0.23375456049469437,0.8738603031317174
907,30.233030999999997,0.0735207043407045,0.23172532848333963,0.8664576023169366
908,30.266364,0.07232834337105452,0.23824521615883337,0.877407400206796
909,30.299697,0.07326008832379095,0.23015376691438616,0.8674226595358246
910,30.333029999999997,0.0727728905129879,0.23491430056241797,0.8723582657440415
911,30.366363,0.07321322561162846,0.2290560326143341,0.8599522647471483
912,30.399696,0.07534642025349794,0.22911876521178587,0.8624815471070741
913,30.433028999999998,0.07550751934438595,0.23132122873779123,0.8582364770204592
914,30.466362,0.0752668679593416,0.22573078917477785,0.8593818470523105
915,30.499695,0.07373482611658637,0.22689142613371682,0.8538951094648911
916,30.533027999999998,0.07415174357011298,0.22697360785312068,0.852289839006023
917,30.566360999999997,0.07442018238173123,0.22410575469272323,0.8411812550799957
918,30.599694,0.0737078089464487,0.22972262629262458,0.8527160168262378
919,30.633027,0.0741969085044066,0.23141330172604518,0.8497584934813849
920,30.666359999999997,0.07585188434916082,0.2343455463308936,0.8479927916433274
921,30.699693,0.07574569331192066,0.2269601317999173,0.8544953987530615
922,30.733026,0.07507490701148455,0.22930538989459098,0.8498534597810277
923,30.766358999999998,0.07465079732665351,0.22023211818564237,0.8559333375012709
924,30.799691999999997,0.07670738693668,0.22489850718882176,0.861216350471101
925,30.833025,0.07629026147680223,0.23095865825589484,0.8597666292808768
926,30.866357999999998,0.07563224978359415,0.23034679639176908,0.8638179685415348
927,30.899690999999997,0.07853569810410033,0.23104980665173044,0.8626199846838423
928,30.933024,0.07625703807083,0.22870474586712658,0.8693932060603008
929,30.966357,0.07844407861420494,0.2252947989077339,0.8756703274809807
930,30.999689999999998,0.07824642122312295,0.22461392613917697,0.88074397051808
931,31.033023,0.07758455325298491,0.22440323711365923,0.8812368312514638
932,31.066356,0.07942188997824313,0.22256646139387268,0.8795297896768907
933,31.099688999999998,0.07851806326084741,0.22425222195106823,0.8729066965977609
934,31.133021999999997,0.08004458018630672,0.22706257057645524,0.8726138652163726
935,31.166355,0.08102412255744587,0.21970127582436022,0.8714484257068827
936,31.199688,0.08089104262260266,0.22071327830153092,0.8716666706371538
937,31.233020999999997,0.07961948106424419,0.21700482630835688,0.8795917529148373
938,31.266354,0.08186788343270682,0.21790807346525676,0.883791949567337
939,31.299687,0.08157885079747287,0.22128210696664274,0.8849937409701438
940,31.333019999999998,0.08327512444463897,0.21804867153638674,0.8915245597723889
941,31.366353,0.08277414717229893,0.21958373421449623,0.8826957627093662
942,31.399686,0.08062962303684225,0.21852045137591436,0.8828748552010532
943,31.433018999999998,0.0813104076743153,0.216889358184858,0.8882788021980308
944,31.466351999999997,0.08256898956541994,0.2186412274415394,0.8912493258393364
945,31.499685,0.08115624338913256,0.22686328976459108,0.8851263227254923
946,31.533018,0.08122806827481582,0.22000768654088232,0.8880709281796614
947,31.566350999999997,0.07974946112579523,0.21623616174157317,0.9037972037722181
948,31.599684,0.07869375086588318,0.21134722062829736,0.9061048965216466
949,31.633017,0.07796535060450202,0.2236608298189757,0.907137632277318
950,31.666349999999998,0.07938418019615975,0.21348770001221254,0.9068623069739895
951,31.699682999999997,0.07842641300177124,0.2060595587347609,0.9096778269598719
952,31.733016,0.07912180255489228,0.20924469667898477,0.9142037281877679
953,31.766348999999998,0.07947944190465302,0.1996552919684758,0.921337490253359
954,31.799681999999997,0.07916834109947302,0.14603562870583442,0.9195842750554523
955,31.833015,0.07975184490177961,0.14050377690971338,0.9235929154598116
956,31.866348,0.07736699396409256,0.17915029362421553,0.9297361692109447
957,31.899680999999998,0.07509208363195194,0.20125324628862898,0.9176916485325382
958,31.933014,0.0756494006853069,0.20305485084952787,0.9154058621403277
959,31.966347,0.08029952566169181,0.20979823707227502,0.9160409796051413
960,31.999679999999998,0.12145715268440227,0.21979992942858734,0.9279543642093195
961,32.033013,0.14512708672240626,0.221098702159082,0.9249716039052469
962,32.066345999999996,0.1540670025436824,0.20976525050549172,0.9267238063133424
963,32.099679,0.16273151133404898,0.2179023377974595,0.92593924126978
964,32.133012,0.16519435363884125,0.2163159428219354,0.9262492722208985
965,32.166345,0.1596750574286943,0.20651916813489185,0.9274576538549708
966,32.199678,0.154714318046277,0.2074958192225103,0.9255096470268583
967,32.233011,0.14895236907298046,0.2067525042802732,0.9214621810164735
968,32.266344,0.14039163863434376,0.20855469407054844,0.9215465985021953
969,32.299676999999996,0.12540783736545583,0.20849655178185567,0.9234169107671724
970,32.33301,0.07980786582990651,0.20957185962812117,0.9146016035771332
971,32.366343,0.06942145516242723,0.21371386945716758,0.9135669903071547
972,32.399676,0.08242761526690003,0.21366320863284316,0.9085368618250551
973,32.433009,0.12943686101856433,0.21790207973801273,0.928462537958459
974,32.466342,0.1580409148924332,0.23695964648229065,0.9552231306187368
975,32.499674999999996,0.18976146474306704,0.23522605382970546,0.9512346279435424
976,32.533007999999995,0.1846072958931563,0.22658841327758678,0.9542381336128105
977,32.566341,0.15871288137674092,0.22434318867015351,0.9399175381634338
978,32.599674,0.1488151096558078,0.23411760504658566,0.9387326485187155
979,32.633007,0.14786156294078676,0.23637518379992015,0.9379608942595555
980,32.66634,0.15408864439170689,0.23896569020303915,0.9504952849796242
981,32.699673,0.17811235482356605,0.24038899516963436,0.9441956193045827
982,32.733005999999996,0.19590699478286536,0.24217982850610847,0.9482927000327328
983,32.766338999999995,0.2190128487008726,0.24531607924888021,0.9514089047268188
984,32.799672,0.2165811274647642,0.2422571858398963,0.9476350709369293
985,32.833005,0.20440827506406942,0.2480687414243487,0.9400109667196965
986,32.866338,0.19556460527388458,0.2529122762770778,0.9392759944748226
987,32.899671,0.1848861940719313,0.24769542086560983,0.938175294900436
988,32.933004,0.17527083217534256,0.2517312629111258,0.9404842301210573
989,32.966336999999996,0.1785192311518299,0.2445936821741791,0.9307632656980696
990,32.99967,0.17740940078436934,0.24849162521792975,0.9391606969661808
991,33.033003,0.17900861700585657,0.25145388121497014,0.9374171144562854
992,33.066336,0.1700159117607891,0.23815269692520757,0.9504866464736371
993,33.099669,0.1604472033461635,0.24908413690995246,0.9457563940474873
994,33.133002,0.1461856276420153,0.24126601098635184,0.9421507409772074
995,33.166335,0.11580579524272569,0.2483934684344149,0.9415688801758988
996,33.199667999999996,0.0800913200394697,0.24422330336059178,0.9434564032791306
997,33.233001,0.07678220977191559,0.2430768185148203,0.9341511312073787
998,33.266334,0.07491199833156617,0.2458767855250676,0.9363817629768116
999,33.299667,0.07488871105072208,0.23838045570683264,0.9277206667123208
1000,33.333,0.07540957430206666,0.25000340922641845,0.9274066215534492
1001,33.366333,0.07622163548088613,0.23889915186194932,0.9259033701567522
1002,33.399665999999996,0.07413264772626932,0.2437366965129631,0.9256065457117815
1003,33.432998999999995,0.07463955259871206,0.2441751200281964,0.9266917247134435
1004,33.466332,0.07407351704103568,0.24854255995174537,0.9299036257947516
1005,33.499665,0.07512276201244938,0.24440739232789732,0.9243905348998736
1006,33.532998,0.08280603096201432,0.24318874306443108,0.9264033146618005
1007,33.566331,0.07783889713513033,0.24839333719079382,0.9240563006271644
1008,33.599664,0.1031611029999375,0.2422864797850129,0.9297544677815602
1009,33.632996999999996,0.11787445101687201,0.23802527153594827,0.93043930940808
1010,33.666329999999995,0.11666371845837789,0.24012688197547466,0.929717237074336
1011,33.699663,0.09462046881202597,0.24159642280058866,0.93208412217176
1012,33.732996,0.10387421690361487,0.24499308116159912,0.9326915216117299
1013,33.766329,0.08413342340482842,0.24491163748589578,0.9318807114211586
1014,33.799662,0.08402898941001649,0.24053985474148726,0.9303553316627499
1015,33.832995,0.08760423030511756,0.2513470503380816,0.9247427221802116
1016,33.866327999999996,0.07445402479649668,0.2576103026877004,0.9137021630874811
1017,33.899661,0.07674309632772262,0.24704743868472362,0.9256420571038997
1018,33.932994,0.07573036277430786,0.24900753524953934,0.9314025614190067
1019,33.966327,0.0760464906298865,0.2503813275477852,0.9292243309638087
1020,33.99966,0.07564462844843022,0.24809893889794482,0.9285537769737982
1021,34.032993,0.07685051238620648,0.2528716669896276,0.923372217047243
1022,34.066326,0.07647780090297425,0.24918855827862912,0.9189223026762432
1023,34.099658999999996,0.0759636058847924,0.2461335558462246,0.9185700283879203
1024,34.132992,0.07802061108119733,0.2575267159295542,0.9274727956082792
1025,34.166325,0.07834588632635604,0.2455389877214579,0.9182136653862507
1026,34.199658,0.07764374692629003,0.24235633825272324,0.9186370116241429
1027,34.232991,0.07699805378008204,0.23403395378040423,0.9176661424768278
1028,34.266324,0.07526929249283695,0.23044389311588398,0.9117091102247556
1029,34.299656999999996,0.07469988295420195,0.2336766640306212,0.9153417426987973
1030,34.332989999999995,0.07488422698633097,0.2223412812547096,0.9163856282578932
1031,34.366323,0.07400895366601994,0.23929725711834193,0.9168277154190784
1032,34.399656,0.07345761602543657,0.23866069333071752,0.9031612549604208
1033,34.432989,0.07459647331158806,0.23541149624316304,0.9196859642639931
1034,34.466322,0.07432990054535157,0.22622108749447462,0.9036602752856778
1035,34.499655,0.07405861824697543,0.2176678297022633,0.918510392744316
1036,34.532987999999996,0.07373697546468522,0.21549825074743809,0.9077942544453661
1037,34.566320999999995,0.07338167809051213,0.20832336728372491,0.9033436216859275
1038,34.599654,0.07501182860045622,0.21451117067863976,0.9047459081347247
1039,34.632987,0.07496188268988001,0.21145967324214854,0.9097699421185784
1040,34.66632,0.07675937577583174,0.21881278752372152,0.9093400147847767
1041,34.699653,0.07717882981136244,0.21164012681967553,0.9084459305353465
1042,34.732986,0.07615963593076636,0.21347318264547144,0.9098540827577215
1043,34.766318999999996,0.07566753287029854,0.22188197951998462,0.9092455107958931
1044,34.799651999999995,0.07673484652623931,0.22823174033158042,0.9055345217044649
1045,34.832985,0.07669721220153355,0.23157800007190327,0.913425692708642
1046,34.866318,0.07668550033945955,0.22355619107967506,0.9173073795010148
1047,34.899651,0.07660693887374584,0.2207010861936615,0.9115246187734299
1048,34.932984,0.07558474889469091,0.21161158878077835,0.9211217306025005
1049,34.966317,0.07690944433117432,0.19705201040961073,0.9229622252608268
1050,34.999649999999995,0.07568738156418199,0.1539337078507314,0.9108751150053556
1051,35.032983,0.07446816448526036,0.180518924742903,0.927248556548437
1052,35.066316,0.07536770781343834,0.1916919613908208,0.9301180658905778
1053,35.099649,0.07695594124617755,0.1909987417689218,0.9402553872235458
1054,35.132982,0.08211578674917322,0.1912739439845845,0.9307215317756682
1055,35.166315,0.1490377224352628,0.17788766153011235,0.9562615637688885
1056,35.199647999999996,0.171063158173344,0.20491081990781196,0.9738618843767294
1057,35.232980999999995,0.17765328205859587,0.21164197874793647,0.962455539833311
1058,35.266314,0.17206547406259212,0.21558500672439734,0.9505205416932152
1059,35.299647,0.16714023611522663,0.22169644599084054,0.9503039474933124
1060,35.33298,0.17489175685934624,0.21204302851980417,0.9513881880395639
1061,35.366313,0.17480122279276053,0.2201159315964771,0.9502831777732516
1062,35.399646,0.16003955367905465,0.21648565099983597,0.9417695286761021
1063,35.432978999999996,0.14890332604599116,0.2177537792316256,0.9446655834811253
1064,35.466311999999995,0.13348104352898482,0.21871922709293856,0.9286040626245496
1065,35.499645,0.10115274315076439,0.22935222155658486,0.930843693754562
1066,35.532978,0.07886831118274087,0.2197130570641811,0.9239761182666386
1067,35.566311,0.07562359214690255,0.22215397241818613,0.9165082301270235
1068,35.599644,0.07612829436873166,0.22548984573297198,0.9196157309111308
1069,35.632977,0.07638947527872327,0.23041089199254894,0.9185322655769093
1070,35.666309999999996,0.07659123723710516,0.22969261162789334,0.9095056650784893
1071,35.699642999999995,0.07647724873713355,0.22840660069295976,0.9162519750349055
1072,35.732976,0.07639347687377827,0.2292503103154828,0.9085173340019334
1073,35.766309,0.07664297073091862,0.23265762607527318,0.9083862979597462
1074,35.799642,0.07764161306817956,0.23560884025453543,0.9121987036232733
1075,35.832975,0.07649536525355885,0.2332535717184535,0.9033182654464962
1076,35.866308,0.07599781093245842,0.23381106730333967,0.9045742733132563
1077,35.899640999999995,0.07524212562808523,0.23378987018791503,0.8972325307227226
1078,35.932974,0.07382898264143993,0.2369121104601763,0.8969187726039561
1079,35.966307,0.07430741503211054,0.23881224947294485,0.8992724169175552
1080,35.99964,0.07392442853017235,0.23819442401672763,0.904101800941258
1081,36.032973,0.07206522046506952,0.2398804061704001,0.8952822659047378
1082,36.066306,0.07189984525427559,0.23533011718827646,0.9074626413528522
1083,36.099638999999996,0.07220891688971641,0.23582572125928014,0.9001680944527558
1084,36.132971999999995,0.07297627949858218,0.2314362750799348,0.8974812589610537
1085,36.166305,0.07356052456634517,0.23471792870748387,0.9033797359450455
1086,36.199638,0.08470780301689874,0.23796808478252643,0.9153134308760076
1087,36.232971,0.10366997204542058,0.232719189555963,0.9171068875676269
1088,36.266304,0.10891729913440219,0.24152195540075697,0.9188940857464161
1089,36.299637,0.10556692856197072,0.23077282054971943,0.9148608138409641
1090,36.332969999999996,0.11070089549164838,0.22484010553311884,0.9170866072146724
1091,36.366302999999995,0.10949197262648527,0.22468013382963403,0.9163645974859862
1092,36.399636,0.09957804125753254,0.23406864006260836,0.9156080572403696
1093,36.432969,0.07566221561114575,0.22468697224151365,0.9057104558552013
1094,36.466302,0.06932357501143811,0.22054628447710073,0.8928635429339127
1095,36.499635,0.06734915568789936,0.21803742198189605,0.8905093660994811
1096,36.532968,0.06770528856753247,0.22247800851049632,0.8880243116669054
1097,36.566300999999996,0.06866177399465255,0.21560164365281737,0.894214059045378
1098,36.599633999999995,0.07433524995805495,0.21787527471380397,0.9054598524485737
1099,36.632967,0.1091402118622847,0.2167494542807982,0.9062064532905622
1100,36.6663,0.10651864791578122,0.21441723060155637,0.901287549359804
1101,36.699633,0.10104507063658083,0.2189474852866988,0.9041936603795794
1102,36.732966,0.11041454185058816,0.22058201302765668,0.904580361060616
1103,36.766299,0.11509168357227209,0.21805984905828407,0.9064128594756479
1104,36.799631999999995,0.12023912731194127,0.2265180791780224,0.8968148666859067
1105,36.832965,0.12982726432619535,0.2181241560056954,0.9081660957944859
1106,36.866298,0.1337769082915338,0.21926086059797126,0.904292804667447
1107,36.899631,0.13667341368020003,0.22067670225639252,0.906562298651409
1108,36.932964,0.14047779765761106,0.21778735753823308,0.9108895248549921
1109,36.966297,0.14200806946966113,0.21463623658906794,0.9220727526249997
1110,36.999629999999996,0.12751535889234933,0.21525138352721088,0.9143577796057262
1111,37.032962999999995,0.10452859358820434,0.2142408201170647,0.9096273379948218
1112,37.066296,0.09738637359830957,0.21110094269574803,0.9030450410133471
1113,37.099629,0.09779973287094834,0.21515789160834375,0.9021763421747888
1114,37.132962,0.12253236450751073,0.2082371567946376,0.9136203311031649
1115,37.166295,0.14021452329836218,0.21303518819605494,0.9259071732762741
1116,37.199628,0.1518283319947721,0.21244772841464798,0.929963550385254
1117,37.232960999999996,0.13765144354212372,0.23055834817652376,0.9275511311579966
1118,37.266293999999995,0.1195165619095886,0.20787127781922893,0.920989695257738
1119,37.299627,0.08184534996600963,0.22250293403963622,0.9206380607645923
1120,37.33296,0.0733601310733046,0.22240829138602258,0.9185252688982942
1121,37.366293,0.07407756326700674,0.22357014466640035,0.9117186432644271
1122,37.399626,0.0734183944947383,0.23268301116329232,0.9012344126753775
1123,37.432959,0.07446008457801138,0.23155262300132634,0.911750063239128
1124,37.466291999999996,0.07432074946526136,0.23286773049688586,0.909999928796395
1125,37.499624999999995,0.0744862135536978,0.2385067545388004,0.9079087729374012
1126,37.532958,0.07578426570665506,0.2230308095147035,0.9156922210282892
1127,37.566291,0.07648891098595437,0.221924970631239,0.9253988284155376
1128,37.599624,0.07782297726134121,0.21982229498171202,0.9280287778406547
1129,37.632957,0.07925109976004203,0.22057008607017586,0.9106909981095359
1130,37.66629,0.08015715105242971,0.2310744912442398,0.9119633351068108
1131,37.699622999999995,0.08346030967046342,0.20929865421478214,0.8956845795061427
1132,37.732956,0.08021482942649155,0.202832369678692,0.906918907983098
1133,37.766289,0.08374974683488168,0.2068267075852645,0.9026434868403289
1134,37.799622,0.08341924582857412,0.21257193684668516,0.9029282408363117
1135,37.832955,0.08239349389841942,0.2352800073782314,0.9089011495433386
1136,37.866288,0.08258261722587469,0.2340357650262226,0.9100273480867422
1137,37.899620999999996,0.0833104047497381,0.23767806434474292,0.9116409329931142
1138,37.932953999999995,0.08310951373804049,0.2391325851091335,0.9177421944605022
1139,37.966287,0.08607597536178067,0.2507801109480735,0.9221347377504805
1140,37.99962,0.08995087592868282,0.24430637052492116,0.9186227020802512
1141,38.032953,0.08554868125587892,0.2454563087856213,0.9092956631302815
1142,38.066286,0.08620802334280922,0.23117204077436543,0.9105267995727016
1143,38.099619,0.08590057350491648,0.24995070852987616,0.9079991892521054
1144,38.132951999999996,0.08865470960186907,0.23590239659198858,0.9081283002798598
1145,38.166284999999995,0.08800615775901019,0.22994716722267383,0.8965599366982266
1146,38.199618,0.0890995619162564,0.23056976721397038,0.8976502497321318
1147,38.232951,0.08965779562928733,0.22643835915923655,0.8983885083784182
1148,38.266284,0.08827235109643779,0.22249811435193406,0.9042460661794668
1149,38.299617,0.08987807146914593,0.22401079379483535,0.905702977470636
1150,38.33295,0.08742281876940697,0.22025850554409687,0.9044063275744821
1151,38.366282999999996,0.08482190593368644,0.19971784014909277,0.9190066104739641
1152,38.399615999999995,0.08670655798081334,0.21762481877712508,0.9224173660355863
1153,38.432949,0.08435726870161421,0.2019970960775636,0.9112826166336672
1154,38.466282,0.0816475869295486,0.19937560290531553,0.9121967460694597
1155,38.499615,0.07939464308733132,0.19816517027965427,0.9212074494127724
1156,38.532948,0.07897055930317787,0.2044233228921329,0.921703129071004
1157,38.566281,0.07793047916917917,0.212116079456602,0.9301351274133437
1158,38.599613999999995,0.0785593980221133,0.21561864813392728,0.929272291132079
1159,38.632947,0.07853593237439167,0.20825331136610098,0.9440296067936718
1160,38.66628,0.07790689691832889,0.20527962656055557,0.9350546621174085
1161,38.699613,0.07899960870602679,0.20908267265571823,0.9197595626179051
1162,38.732946,0.07842696899136196,0.2108578441563569,0.930267831507697
1163,38.766279,0.07856300671383795,0.20410626171574478,0.9503178011341605
1164,38.799611999999996,0.07868311511100114,0.21215822149061558,0.937818471880036
1165,38.832944999999995,0.07751592091515094,0.21456512973695074,0.9380225803655216
1166,38.866278,0.07768670868395293,0.2144982177780399,0.9306580768761578
1167,38.899611,0.07680344411804958,0.23192546483606935,0.933548489742098
1168,38.932944,0.07747749355134592,0.22423846042303636,0.9409917418438728
1169,38.966277,0.07748197462607394,0.21676928136229545,0.9441792799854429
1170,38.99961,0.07673192010481371,0.21755674196770375,0.9373952739994216
1171,39.032942999999996,0.07721153931826862,0.2110830644633669,0.9471030470808628
1172,39.066275999999995,0.07673749652912072,0.2105706259677803,0.9389065090679167
1173,39.099609,0.07709699271121348,0.2080284939502542,0.9392957196029199
1174,39.132942,0.07622015633144485,0.22822741297072557,0.9402974525430324
1175,39.166275,0.07596372424839708,0.22256436103705157,0.938950859850747
1176,39.199608,0.07530623637467641,0.22239830100129002,0.9358215016097369
1177,39.232941,0.07532431289344954,0.1763357062402009,0.9590383738517498
1178,39.266273999999996,0.07353228615498947,0.1492599818686091,0.9404634354203257
1179,39.299606999999995,0.07392297251915796,0.11284548413872796,0.9349951473342042
1180,39.33294,0.07316040079529793,0.15196635351886728,0.9487168798138956
1181,39.366273,0.07152908316197178,0.16252604712876156,0.9387694226832441
1182,39.399606,0.07267540046728442,0.1845275442437913,0.9151450223091397
1183,39.432939,0.07212802888901101,0.21901391527327135,0.9164336046536027
1184,39.466272,0.07274283961490115,0.22788049181079184,0.917817182184328
1185,39.499604999999995,0.07220563568561246,0.22813415603768628,0.9148964429400104
1186,39.532938,0.0729638225695499,0.22360660459655246,0.9094403064702602
1187,39.566271,0.07312116465068537,0.22044308201096274,0.9089205745741354
1188,39.599604,0.07290603155160022,0.21538195223339432,0.9178806273442216
1189,39.632937,0.0729062551168652,0.21560825988766702,0.9159473427697427
1190,39.66627,0.07181067504503263,0.21367544234671348,0.9252344681328422
1191,39.699602999999996,0.07321277887787227,0.20197779500088364,0.9335640542341122
1192,39.732935999999995,0.07214515344762801,0.20324106355644406,0.9322338731287187
1193,39.766269,0.07173999813143396,0.21205423433093157,0.9434935598984624
1194,39.799602,0.07217552120515522,0.20344609979755868,0.9395722591320977
1195,39.832935,0.07287000979867841,0.20514423783141203,0.9436137613060517
1196,39.866268,0.07257517463994698,0.2006075146096487,0.9552809939758382
1197,39.899601,0.07131148052980993,0.20285455614003897,0.9596753886003901
1198,39.932933999999996,0.0723277337262521,0.19468616648246423,0.9618064802235518
1199,39.966266999999995,0.07180979324709132,0.19347429513753364,0.9643414084698094
1200,39.9996,0.07122424322370642,0.1908187091725283,0.9735293766852211
1201,40.032933,0.07141443379110182,0.18894796541279357,0.969570673968082
1202,40.066266,0.0705135766060831,0.18568008073274267,0.9680142237760999
1203,40.099599,0.06927501315742968,0.19439511645344665,0.9635922464335144
1204,40.132932,0.06981793535303404,0.19058690722151178,0.9708417512126818
1205,40.166264999999996,0.06896579251987776,0.1859833599312411,0.9677457515472365
1206,40.199597999999995,0.0690896012501397,0.1858138543587298,0.9679075418507322
1207,40.232931,0.07098449812298835,0.192726672036765,0.9764842885024104
1208,40.266264,0.0707237764950486,0.19251067282593168,0.9702003821766552
1209,40.299597,0.10876684003154949,0.1990916790990946,0.9633760742483918
1210,40.33293,0.14521321573205034,0.20428405745311157,0.9710357874462395
1211,40.366263,0.14547758036181765,0.2022988834137821,0.9771049715462259
1212,40.399595999999995,0.14759727564705882,0.19955041029541454,0.9746222367918177
1213,40.432929,0.15951206079462515,0.202844538404311,0.9766327637235966
1214,40.466262,0.16512657682783968,0.19828816969460958,0.9803526807272044
1215,40.499595,0.16541921376584579,0.20311726278128936,0.9663821114272189
1216,40.532928,0.16261339089327292,0.20389220633688013,0.9801557578163893
1217,40.566261,0.17814877466884327,0.20012249231120086,0.9786891401762484
1218,40.599593999999996,0.17924642589360143,0.21128113155242328,0.9737287864901532
1219,40.632926999999995,0.18838517263939455,0.21296782413344,0.9745784039145687
1220,40.66626,0.18137284259809638,0.20794987900887796,0.9738194167139391
1221,40.699593,0.1726286745959844,0.20441208275823153,0.9686781620835783
1222,40.732926,0.1826788385040484,0.21525463052460808,0.9713846536360808
1223,40.766259,0.18341695233286756,0.2271689248851292,0.9669525284860655
1224,40.799592,0.18487296663834898,0.21402458930927232,0.9732052706728544
1225,40.832924999999996,0.1812108974060445,0.21455487781714916,0.968117041822253
1226,40.866257999999995,0.17565040065169948,0.2198514949554983,0.9683522454709408
1227,40.899591,0.1701785535181829,0.2095865537331491,0.9724167347200483
1228,40.932924,0.17412020265019593,0.22156765193348704,0.9678210033623245
1229,40.966257,0.17024445611105005,0.21740173956064685,0.9649932859085514
1230,40.99959,0.16722797447710883,0.15323160873990677,0.9755399008272455
1231,41.032923,0.15663534119584185,0.140010077821504,0.9702823264265865
1232,41.066255999999996,0.16898180563537069,0.15323512107596443,0.9702703965657138
1233,41.099588999999995,0.16353642062796583,0.16110176722151026,0.9747143516097254
1234,41.132922,0.1637996298044116,0.17689075273760907,0.9798158679692404
1235,41.166255,0.15915552309371395,0.19429298091927505,0.9771263210828139
1236,41.199588,0.1593703867040499,0.2116213265977694,0.9634138578690083
1237,41.232921,0.1641634412041253,0.2064316023223916,0.959687204663746
1238,41.266253999999996,0.15598167416875974,0.21356546990672773,0.959195215363165
1239,41.299586999999995,0.15871687539718257,0.21227765441660854,0.9688488065553472
1240,41.33292,0.16482175712556943,0.21593995025666818,0.9647168234636068
1241,41.366253,0.16582076133552542,0.22114322466003733,0.9588167621579242
1242,41.399586,0.16700030383317016,0.22292712375977566,0.9604009329623808
1243,41.432919,0.15935482663062978,0.23254834332688862,0.9565496224004215
1244,41.466252,0.14987297313741918,0.22448194664811993,0.9498384683293579
1245,41.499584999999996,0.13077223042565164,0.22911490198377077,0.9440146665924298
1246,41.532917999999995,0.11286578671043167,0.24047082903990638,0.9406564566004271
1247,41.566251,0.11392552336201513,0.24038568519862652,0.9434909059153124
1248,41.599584,0.11351384820314987,0.23776225743917737,0.9451646762204815
1249,41.632917,0.10402115836649621,0.2464306746630469,0.9378512948724138
1250,41.66625,0.11940723137515134,0.2508002339346571,0.9390322797010167
1251,41.699583,0.13189365650901533,0.2571015308455972,0.9412352569501954
1252,41.732915999999996,0.14178780395044188,0.24660072001023453,0.9381310952252784
1253,41.766248999999995,0.14351096195479157,0.252787711539537,0.93196825389235
1254,41.799582,0.14956269216254206,0.25638750568604085,0.938040127419011
1255,41.832915,0.16121634525091458,0.2565471964374088,0.9379236221464922
1256,41.866248,0.16409827643364974,0.25702052416526555,0.9341672095322635
1257,41.899581,0.17168741436231968,0.2572861208688971,0.9380819209332237
1258,41.932914,0.17043438612753067,0.2534089383552307,0.9381882668823518
1259,41.966246999999996,0.1760945865541619,0.24838550137119852,0.9376235349635873
1260,41.999579999999995,0.17251430160347725,0.24925496632868277,0.9478069693619557
1261,42.032913,0.165972741530925,0.25048970294102557,0.9411319587649393
1262,42.066246,0.1624674208883111,0.2476935048622426,0.9435944392197139
1263,42.099579,0.1642024411198068,0.24963405429809477,0.9457777438410532
1264,42.132912,0.15840363788148754,0.2455183536325392,0.9484171890128493
1265,42.166244999999996,0.1576850494184226,0.24883114548996005,0.9496601002453001
1266,42.199577999999995,0.16058229911978197,0.2408016713331973,0.9522765265301757
1267,42.232910999999994,0.15633044772462426,0.24368331500994433,0.9579305953714621
1268,42.266244,0.14055950037195,0.24657357527787943,0.9574488125764502
1269,42.299577,0.1036773864032443,0.24689366794855222,0.9404647699338269
1270,42.33291,0.07238077403781559,0.24933078516267698,0.9399912636649491
1271,42.366243,0.07285716081007433,0.25608553419114277,0.9344417999037565
1272,42.399575999999996,0.07261174131669865,0.24993463636284152,0.9455959557088095
1273,42.432908999999995,0.0722743557672588,0.24225420288379323,0.9329895122862683
1274,42.466242,0.09143954450918873,0.2506219849678921,0.9366836414072972
1275,42.499575,0.13633016013656232,0.236571932658235,0.9413901576951416
1276,42.532908,0.13434871182428398,0.24699628652138905,0.9455448910551751
1277,42.566241,0.1477158422449292,0.24398716113442886,0.9425970988817655
1278,42.599574,0.14902922298344629,0.2502572935010319,0.9456506780113352
1279,42.632906999999996,0.14054494898580155,0.24358956699722825,0.9443602263021318
1280,42.666239999999995,0.13863060089659068,0.2484494883321726,0.9498216329274026
1281,42.699573,0.1350655508026737,0.25538482701802845,0.9545229521325378
1282,42.732906,0.1345460853298665,0.2501790627266448,0.9506098641573679
1283,42.766239,0.1328263936335345,0.24806150635290022,0.9573650616870697
1284,42.799572,0.1352493092920603,0.24650416427917593,0.9596523172121405
1285,42.832905,0.13883418547916268,0.24753393931783546,0.9527489325778407
1286,42.866237999999996,0.1418872230663269,0.25352905785936924,0.9542924868752116
1287,42.899570999999995,0.14158103162793279,0.24393231839320167,0.95116198672296
1288,42.932904,0.15022775434499383,0.2504346249882491,0.9516987077436913
1289,42.966237,0.14672494494641405,0.2538857310056721,0.9395319724462048
1290,42.99957,0.14777737743483238,0.2569846800439254,0.9498825210230128
1291,43.032903,0.1464200996628648,0.25337072928328497,0.9463109269513981
1292,43.066235999999996,0.15014220872164213,0.25352205040862996,0.9515026175179684
1293,43.099568999999995,0.15057722026274487,0.2539508615453726,0.9503896563887722
1294,43.132901999999994,0.15794962595373802,0.24745299082727865,0.9463637217422115
1295,43.166235,0.15580856422738992,0.2500561435966947,0.947614942405608
1296,43.199568,0.15346609691261429,0.24584834199880218,0.9425190019050658
1297,43.232901,0.15202803782893706,0.250937245672474,0.9428787802076376
1298,43.266234,0.1516080266369991,0.2511586156305,0.9392103456140467
1299,43.299566999999996,0.15382108952968018,0.24830772309822802,0.9367159739334301
1300,43.332899999999995,0.1537448281595778,0.2549027242227008,0.9362917772965604
1301,43.366233,0.15105724363758521,0.24882415427546345,0.936307910243148
1302,43.399566,0.15355997328117757,0.2484778045008339,0.9411924212003318
1303,43.432899,0.15617825091660162,0.24127087086236665,0.9315646569095392
1304,43.466232,0.15273740353786094,0.24451358662730815,0.9389065167618355
1305,43.499565,0.15296600439360356,0.24618048627428274,0.9339679077073917
1306,43.532897999999996,0.15965628850070385,0.23520132136845368,0.9335779772742753
1307,43.566230999999995,0.16220415844557706,0.22726958732062774,0.9372597689750213
1308,43.599564,0.17017155844189774,0.2275239782217217,0.9285308137578409
1309,43.632897,0.16502212422571105,0.23102887922360787,0.9473779376601033
1310,43.66623,0.17396363264523954,0.23027958006373117,0.939959560216472
1311,43.699563,0.17294570259982764,0.23417551855903332,0.9539444763831283
1312,43.732896,0.17385284377271434,0.23286658993864714,0.9582791198016503
1313,43.766228999999996,0.17491287559169424,0.23727878678309938,0.9593150726804803
1314,43.799561999999995,0.1801667620559194,0.23021886297823085,0.954158374149634
1315,43.832895,0.17806279948095965,0.23067943538270314,0.9586045911807761
1316,43.866228,0.17898345679390604,0.23630152077028538,0.9523140261968778
1317,43.899561,0.1737486570723049,0.24063934669763448,0.9338040980953872
1318,43.932894,0.17217321378838255,0.24100347742763795,0.9270657355205632
1319,43.966226999999996,0.17181457951077225,0.24260910704194438,0.9309018676814079
1320,43.999559999999995,0.16570210083383888,0.23965804110693167,0.9393456463082165
1321,44.032892999999994,0.1684645055596321,0.23820677219287434,0.9383922350103343
1322,44.066226,0.1649802837190505,0.2373984390795899,0.9463683892638569
1323,44.099559,0.17112679749593862,0.23617036050923257,0.9485994237018087
1324,44.132892,0.16973796681414222,0.23099226084954233,0.9425203644521504
1325,44.166225,0.1730302221950761,0.237624647765605,0.9411776478021286
1326,44.199557999999996,0.17078290134340196,0.22447565471044534,0.9447687736492231
1327,44.232890999999995,0.17741071768165914,0.2225653936368023,0.9439705284716475
1328,44.266224,0.18520660150057744,0.2196261791666574,0.9445925699503526
1329,44.299557,0.19136135690992023,0.21612498703552788,0.9383980841372355
1330,44.33289,0.20542677763712247,0.22982592322329687,0.938882041283147
1331,44.366223,0.2118205547974385,0.23190745733473578,0.9383303659326253
1332,44.399556,0.21071454231209094,0.23669501971338563,0.920809477882073
1333,44.432888999999996,0.21042973680884142,0.22655014641842428,0.9297387285666263
1334,44.466221999999995,0.20819204013615764,0.22352772599517257,0.9162853748263843
1335,44.499555,0.20866264734380327,0.20259976950509423,0.9104103582304295
1336,44.532888,0.20922034897064215,0.21397622994892262,0.9109417428079054
1337,44.566221,0.21103990962316016,0.22340818275733393,0.9182005766064065
1338,44.599554,0.21209007915454647,0.21839229780765612,0.9105270231476276
1339,44.632887,0.2144673323997181,0.21443902252471564,0.9157803420939119
1340,44.666219999999996,0.21539016944920028,0.20637414430187545,0.9113208338090532
1341,44.699552999999995,0.22416965356293886,0.21216738837080468,0.9131212269563468
1342,44.732886,0.2248476028909274,0.21158984852182455,0.9038845678761852
1343,44.766219,0.22100479421617628,0.21925186776436018,0.9142839485878038
1344,44.799552,0.21623059429151334,0.19836182156318738,0.9142089515992493
1345,44.832885,0.21743115361221055,0.20534719068605126,0.9275297302194958
1346,44.866217999999996,0.21670628787734816,0.20645327589484888,0.9250357435092891
1347,44.899550999999995,0.21521868376134648,0.20770591511495323,0.9295474261101219
1348,44.932883999999994,0.21730326382227272,0.2077676586876601,0.9268571945799867
1349,44.966217,0.21682261203255698,0.2081655474918661,0.9375705179997745
1350,44.99955,0.21787641201041466,0.19933154898574457,0.9340982676522316
1351,45.032883,0.21082986150261654,0.19370196383189037,0.9540172761352651
1352,45.066216,0.22248220186669934,0.20423503869836349,0.9411293870407901
1353,45.099548999999996,0.20813759301791848,0.22812602228617146,0.9146247179622148
1354,45.132881999999995,0.19681180822960712,0.23599336418106548,0.8893336995213189
1355,45.166215,0.2008884024604552,0.236891183804897,0.8876382263146878
1356,45.199548,0.20856159597650828,0.23292409339686837,0.8915826983904479
1357,45.232881,0.20712622835366337,0.2291624694417956,0.8931153995166448
1358,45.266214,0.20654123915857384,0.23164209093677243,0.9027550453312037
1359,45.299547,0.21191179578969307,0.22405632025303357,0.8930110758066648
1360,45.332879999999996,0.2146473930180436,0.22595554863699657,0.9011869289676772
1361,45.366212999999995,0.2155346051990888,0.2337940174021555,0.927818582493606
1362,45.399546,0.22751916131652117,0.23580225571422622,0.9316077882158279
1363,45.432879,0.2505609564276052,0.23696948623226566,0.9475601758582002
1364,45.466212,0.2618817196201425,0.22618862552510582,0.9712334267698445
1365,45.499545,0.2657664542633157,0.2120300059640575,0.9740755764691142
1366,45.532878,0.26303533537358037,0.2142684511852137,0.9733961016907715
1367,45.566210999999996,0.2580070920160364,0.22156430084351492,0.9648354859990703
1368,45.599543999999995,0.2104429298463145,0.22372514869852994,0.9396063519280793
1369,45.632877,0.18355821964215616,0.22948750144921143,0.9281520375919688
1370,45.66621,0.17409538181308223,0.2368737768048153,0.9055371622392364
1371,45.699543,0.16809397277920704,0.2395907279559605,0.9069033512424769
1372,45.732876,0.17494733607653268,0.22993335816957794,0.9124413515746995
1373,45.766208999999996,0.1888429019856809,0.22702333128927016,0.9206220183138794
1374,45.799541999999995,0.1962904197915656,0.2287982550063813,0.9303142665717776
1375,45.832874999999994,0.20156728852298847,0.23350320185799817,0.9269196117136609
1376,45.866208,0.1937945955857639,0.23221885246852964,0.9327113998472424
1377,45.899541,0.1892598581323573,0.2315671291497432,0.9219114362598922
1378,45.932874,0.168036855979268,0.22380801236404374,0.8974605476002763
1379,45.966207,0.15579671905023285,0.24304011452371116,0.9040900843889508
1380,45.999539999999996,0.15659184295105705,0.22808042572178483,0.8993545219980509
1381,46.032872999999995,0.17199807828256106,0.23630608925641564,0.9044560794573331
1382,46.066206,0.18444681135146074,0.23006271307481835,0.9116666379276277
1383,46.099539,0.17863541564588606,0.22915698341705354,0.9049694049483114
1384,46.132872,0.16867926094024116,0.22945128565151732,0.9001726377150092
1385,46.166205,0.16952124386654704,0.23338127010851278,0.9041243236692261
1386,46.199538,0.16871656562969467,0.2300884485626888,0.9081453827006236
1387,46.232870999999996,0.17069148574247806,0.2248733100333098,0.9206890716154473
1388,46.266203999999995,0.1890296967717003,0.2219891667736749,0.9253432355334292
1389,46.299537,0.1793264136563443,0.22768834148158737,0.9261941355678853
1390,46.33287,0.18701227419724142,0.22831024393645705,0.9124273225589558
1391,46.366203,0.18266683965059635,0.22033011576114697,0.9080751655615505
1392,46.399536,0.18522992669973348,0.21825967717359615,0.912169801883056
1393,46.432869,0.19113539686575468,0.2299415129832234,0.906113586325195
1394,46.466201999999996,0.1869800728374879,0.2411938826386601,0.9162394643089538
1395,46.499534999999995,0.1945916413740658,0.23039149911145113,0.9139950625556675
1396,46.532868,0.19463285558646878,0.2270366445624469,0.9077896867419026
1397,46.566201,0.19717816556132098,0.2323256363886208,0.9063042347481006
1398,46.599534,0.19462061130015862,0.229916238698255,0.915329201994732
1399,46.632867,0.19642853215098385,0.24234892266979174,0.9233662040964135
1400,46.666199999999996,0.19752067532488105,0.22968014908177248,0.9164376888476689
1401,46.699532999999995,0.1971731191052987,0.22510242112991335,0.9182805280477727
1402,46.732865999999994,0.19670536933165497,0.23429755227601226,0.9305301126078
1403,46.766199,0.19499152845835319,0.2311255906804866,0.9325430848279186
1404,46.799532,0.2046602288274758,0.22601583723908714,0.9324494428070582
1405,46.832865,0.19966881757107413,0.22356307059508507,0.9388479887279808
1406,46.866198,0.19724543957215118,0.21705825578971422,0.945038768921269
1407,46.899530999999996,0.20028381165983247,0.2175586191244287,0.9404299460515664
1408,46.932863999999995,0.19892108283345744,0.2116865886327219,0.9407747498404786
1409,46.966197,0.20384283326822697,0.2210209408945564,0.9410417519744092
1410,46.99953,0.19992945429930545,0.2102162855379474,0.9421904174772202
1411,47.032863,0.20713153805245482,0.21186885265223798,0.9311018140304871
1412,47.066196,0.20039923987002722,0.22060984646990894,0.9504769791470962
1413,47.099529,0.1999496967903618,0.2106146401721184,0.9359534629737447
1414,47.132861999999996,0.20004766812597713,0.21452091489489833,0.9381135953047195
1415,47.166194999999995,0.20254724924823433,0.21257040408157513,0.9422744993177326
1416,47.199528,0.1985904881121932,0.20978226884141732,0.9347737274225472
1417,47.232861,0.20215940103546773,0.2220291121416547,0.9469770678459655
1418,47.266194,0.19575327120992403,0.20954101690997812,0.9441272941094101
1419,47.299527,0.1968273016971077,0.2136213936868608,0.938745734434219
1420,47.33286,0.19337335586363855,0.20884981476467274,0.9395285814555209
1421,47.366192999999996,0.19838697521051507,0.21155181383479715,0.942189242672944
1422,47.399525999999994,0.19866534184327247,0.21308254917776082,0.9388220053070976
1423,47.432859,0.19718029260514283,0.2146767482692785,0.9393381122358307
1424,47.466192,0.19357434847382937,0.2164297708804804,0.9375657205788459
1425,47.499525,0.19807499598898878,0.21340112262260805,0.932858565638452
1426,47.532858,0.19560625901741616,0.22281423363725616,0.9319387258695797
1427,47.566190999999996,0.19442508422442148,0.22459190647390204,0.9360232406813392
1428,47.599523999999995,0.19638783707951346,0.2326336716975254,0.9364166934806886
1429,47.632856999999994,0.19230765790926543,0.22610561011506003,0.9416544277076345
1430,47.66619,0.19744855755741253,0.23748632890891988,0.9348858722447061
1431,47.699523,0.19717927295180857,0.23457100308502465,0.936938905352919
1432,47.732856,0.19848548915597292,0.23700044631210415,0.9393361917429673
1433,47.766189,0.19245277218218132,0.23145259946859423,0.9511375454133439
1434,47.799521999999996,0.19045259729058542,0.22500134541927233,0.9593442964440924
1435,47.832854999999995,0.19523195518430034,0.22592145777209108,0.9535689842052238
1436,47.866188,0.19458498439067065,0.22997253238390716,0.938322643443005
1437,47.899521,0.19070069043568283,0.2289029749954717,0.9403209198371032
1438,47.932854,0.19007219432825154,0.22347482374888789,0.9406852037957887
1439,47.966187,0.19379761489646657,0.22346456716363355,0.9444261711677024
1440,47.99952,0.19100237911726023,0.23241439563922386,0.9402994036398965
1441,48.032852999999996,0.19093072029739086,0.23249938174449708,0.9505477685197086
1442,48.066185999999995,0.1870984859142077,0.2069502512706642,0.9590585417296347
1443,48.099519,0.19124188258916505,0.19026960036567842,0.960189257808593
1444,48.132852,0.19578214704751742,0.11812977343545923,0.927503180996105
1445,48.166185,0.19986572278737935,0.17146540198092858,0.9490194939284977
1446,48.199518,0.19686643254758332,0.19549563052843652,0.9553011954764716
1447,48.232851,0.19056335126680818,0.21146196690282565,0.9592172526065843
1448,48.266183999999996,0.1945971347116593,0.20880679397420604,0.9594232655811424
1449,48.299516999999994,0.1897409939629483,0.2177610534361827,0.951535551803176
1450,48.33285,0.18815649477258994,0.22148824915257304,0.9549441834895062
1451,48.366183,0.1862721620762366,0.22551226910612776,0.9510729583560689
1452,48.399516,0.17370931313876628,0.2275707016556229,0.9531904528510068
1453,48.432849,0.1709570898165434,0.21507503216677482,0.9445708416984286
1454,48.466181999999996,0.16943291890051865,0.23267572596259317,0.9270333956374224
1455,48.499514999999995,0.15699318814443508,0.23023964050258794,0.9269154633386589
1456,48.532847999999994,0.13450599648116812,0.22665385068998184,0.9199497063819865
1457,48.566181,0.1238360515027636,0.22462009489509582,0.9120345696930776
1458,48.599514,0.11625422169496175,0.2311851782267359,0.9048122562968766
1459,48.632847,0.09943987702801348,0.22650473700037815,0.905193792974834
1460,48.66618,0.08614896268494326,0.2279149525590314,0.897432259287042
1461,48.699512999999996,0.07896716975622882,0.22758059690663587,0.9004732517710546
1462,48.732845999999995,0.07154327838626344,0.22969070104041034,0.8920729426787802
1463,48.766179,0.06987500694706522,0.22880172151130107,0.8996247322418736
1464,48.799512,0.07010415638329508,0.22634431055408114,0.8821027932719581
1465,48.832845,0.07090929557036904,0.2273219514744982,0.8897889417712804
1466,48.866178,0.07359893029403361,0.23274878110981767,0.8823034942881886
1467,48.899511,0.08449592394940494,0.2288971153790409,0.8963250638182457
1468,48.932843999999996,0.07165199420789145,0.23209972121976655,0.8830063922871231
1469,48.966176999999995,0.08291582846335299,0.23127104870948967,0.8922994278521745
1470,48.99951,0.09923696000434006,0.23638681199695488,0.8912279140323327
1471,49.032843,0.12690823219387043,0.23029770096877109,0.8857138208933912
1472,49.066176,0.14977230767248256,0.23140749234707172,0.8917411046864866
1473,49.099509,0.16484864145184885,0.22712834287883465,0.9074156507263802
1474,49.132842,0.17398326871737677,0.23113124711121924,0.9042636307428259
1475,49.166174999999996,0.16743726954099394,0.22796074791441073,0.9115068172504006
1476,49.199507999999994,0.183089360551337,0.23101067065278064,0.9106313167424144
1477,49.232841,0.17211341984743628,0.22699658009465867,0.9226557738634951
1478,49.266174,0.17730352657912807,0.2376112791549887,0.9356218863321137
1479,49.299507,0.16817496995007772,0.24251776065174319,0.9427428074058238
1480,49.33284,0.1527485302795764,0.23858544075385218,0.9277832091259253
1481,49.366172999999996,0.1355602210223587,0.2368349249071699,0.9248609549405268
1482,49.399505999999995,0.10251834003453483,0.2325466206966429,0.9093268662086271
1483,49.432838999999994,0.06988467929172204,0.23454771642108246,0.9096222335098789
1484,49.466172,0.07129937693215187,0.24469774327444696,0.905349677699055
1485,49.499505,0.07413168456279828,0.25452514119335096,0.9061140850155764
1486,49.532838,0.11441609884256061,0.23714650646319724,0.9089109731829031
1487,49.566171,0.14249230984631628,0.2426676671847421,0.9182035432320272
1488,49.599503999999996,0.16497038570014555,0.23985066811689165,0.9217997308242227
1489,49.632836999999995,0.17606331827223382,0.23460014792873976,0.9244316040906977
1490,49.666169999999994,0.17504779086765332,0.23267314560359054,0.922042264402892
1491,49.699503,0.17649027149026136,0.23497079926762726,0.9103096208753009
1492,49.732836,0.1738110265749536,0.22992592533331396,0.8989210839608418
1493,49.766169,0.17736590750166814,0.2392898596978844,0.8996584475692226
1494,49.799502,0.17355725724115895,0.22892786341617594,0.9000236516942931
1495,49.832834999999996,0.1668207649558502,0.23890973457683295,0.9073960863119628
1496,49.866167999999995,0.15081959811747,0.2258432417134384,0.9184584965197448
1497,49.899501,0.13641247454575203,0.23537947998264655,0.9130667981274558
1498,49.932834,0.1313169377722781,0.2405635052022376,0.9136577797906781
1499,49.966167,0.10003457620292566,0.23718389512838267,0.9120046210243126
1500,49.9995,0.08385001651269877,0.2380435476824304,0.9002255820658915
1501,50.032833,0.07356654772311871,0.23952189482989633,0.8931580390023359
1502,50.066165999999996,0.07396922864935354,0.241400359811202,0.8898163746842103
1503,50.099498999999994,0.07291994855596742,0.24217161128289044,0.8937900816689058
1504,50.132832,0.11113282172594824,0.24399829881143292,0.8841050988385013
1505,50.166165,0.14880638359206408,0.24228993907725316,0.9020690504242395
1506,50.199498,0.17123684220065888,0.2497290635545048,0.8995490873604652
1507,50.232831,0.18094047495972554,0.24266828887578695,0.9024178918741023
1508,50.266163999999996,0.18307864760996304,0.23372165594222855,0.909663928264531
1509,50.299496999999995,0.1776261195595751,0.23952519872031872,0.9111503401907084
1510,50.332829999999994,0.17351352562628347,0.2368896449007361,0.8997612237760543
1511,50.366163,0.17474599948413114,0.2454078647158412,0.9049292658644796
1512,50.399496,0.17377120878929064,0.2437204667288116,0.9174992388957955
1513,50.432829,0.16908793315647574,0.24476491508761888,0.9075214402670787
1514,50.466162,0.17447312244088206,0.2310032401789736,0.9024845966280622
1515,50.499494999999996,0.174074034644058,0.24789448060371183,0.9049670120665406
1516,50.532827999999995,0.1734597750337298,0.2445571912801059,0.9162015463740033
1517,50.566160999999994,0.1650083091228406,0.2388324547772538,0.9232734692466522
1518,50.599494,0.17997015303063774,0.23951910313433872,0.9399323630685746
1519,50.632827,0.16060381134220453,0.24149775553146083,0.9245593042086354
1520,50.66616,0.13233914086032622,0.23886931469723693,0.9055529681903091
1521,50.699493,0.0908849414137872,0.24714732121011418,0.892851369053282
1522,50.732825999999996,0.11489525173457683,0.2419326701851558,0.8915565941623756
1523,50.766158999999995,0.1395573478509228,0.24839067861603698,0.9032752090113179
1524,50.799492,0.15448064492034327,0.2562598063088796,0.8972167372446301
1525,50.832825,0.17481681232162882,0.2519712013678159,0.9071089773933085
1526,50.866158,0.1749647272962165,0.2508490772507503,0.9097475105192405
1527,50.899491,0.1794123815301892,0.25173034599031885,0.9126635458636554
1528,50.932824,0.18547444178573128,0.2544467878409436,0.9100680562925949
1529,50.966156999999995,0.1752698915544537,0.2594566958731117,0.926084754391138
1530,50.999489999999994,0.18211613840351892,0.2527672904438523,0.9173882898405896
1531,51.032823,0.18994020151694457,0.2587591819389937,0.9308981075377905
1532,51.066156,0.18505322586945175,0.24937350427446198,0.9180281480187824
1533,51.099489,0.1893933116794878,0.25019641188841407,0.9303506316222541
1534,51.132822,0.19252727901125644,0.2507476422639102,0.9031466474183352
1535,51.166154999999996,0.19079763127959173,0.24930354848562625,0.9077463905884796
1536,51.199487999999995,0.1938288467565166,0.2631962681679317,0.904909152917883
1537,51.232820999999994,0.18938544644273983,0.2564005865817457,0.9058907672116908
1538,51.266154,0.1914164653530345,0.2546622268570995,0.9074313752025308
1539,51.299487,0.18969461146357652,0.2506791756682356,0.9173335589000912
1540,51.33282,0.1890266363857159,0.24902152653858994,0.9141999770928807
1541,51.366153,0.18945533915987176,0.24762474696437828,0.9079313457612271
1542,51.399485999999996,0.18723830672731748,0.2477999504722211,0.913460859046244
1543,51.432818999999995,0.18500266464584209,0.24804993534277675,0.9130664534339686
1544,51.466151999999994,0.19166706424381208,0.24181180407856412,0.9164245922874611
1545,51.499485,0.19527156298968268,0.24827169086115236,0.9245528605434131
1546,51.532818,0.19865512735156832,0.24803973100330234,0.9160726132833308
1547,51.566151,0.1955428904741702,0.24817725628491022,0.9231799237316028
1548,51.599484,0.202419225204988,0.2480331910240361,0.9271204766811292
1549,51.632816999999996,0.19392132930775619,0.2504908015357532,0.9252469040475084
1550,51.666149999999995,0.1976954644755763,0.2526030745657294,0.929722011864531
1551,51.699483,0.19416488302840093,0.25212681139547116,0.9342081085469875
1552,51.732816,0.20060872571039748,0.25132203219572774,0.9362148453132455
1553,51.766149,0.19984980748110898,0.23943382496977672,0.9403344759138877
1554,51.799482,0.19325357123794512,0.25460371032998996,0.9491019047113727
1555,51.832815,0.19415363174592437,0.25191853148032706,0.9605748578482222
1556,51.866147999999995,0.19911763779338115,0.23775413200092288,0.9518974167588151
1557,51.899480999999994,0.1940446587188261,0.24447155656688768,0.9583564442333332
1558,51.932814,0.19444105605533807,0.24196928542970159,0.9552932993317812
1559,51.966147,0.18868624532893333,0.24262403533589555,0.963038401103572
1560,51.99948,0.18939303364709995,0.2343617664713894,0.9501762744987667
1561,52.032813,0.18620278786375494,0.23819782818597948,0.9617574478456974
1562,52.066145999999996,0.18835235540461315,0.2405844610300358,0.9606741215481498
1563,52.099478999999995,0.18542976556076932,0.24013620486541692,0.9611926432438975
1564,52.132811999999994,0.1871275008434511,0.24361421002105246,0.9626777099235538
1565,52.166145,0.1853795208228208,0.2433409734928726,0.96476660787511
1566,52.199478,0.18777785547687947,0.23828397732076134,0.9602600155640784
1567,52.232811,0.18717399615303967,0.23561756103556708,0.9654753869743586
1568,52.266144,0.18642884625573455,0.22754241644508083,0.9687737061165884
1569,52.299476999999996,0.1946915349279942,0.22726823070076543,0.9687953692306321
1570,52.332809999999995,0.19952158949046897,0.217780996667302,0.9738465748460677
1571,52.366142999999994,0.2040392460100928,0.21819638805940716,0.9729829912320387
1572,52.399476,0.20929609762901455,0.22095636833932442,0.9816281612709697
1573,52.432809,0.22235918123670192,0.22156070639352926,0.9857430645798987
1574,52.466142,0.22543921036807438,0.23218859317242513,0.9870189287264629
1575,52.499475,0.23002288428087955,0.22241046613502008,0.9878232846864918
1576,52.532807999999996,0.23006747500094907,0.22942588006348752,0.9907935405273385
1577,52.566140999999995,0.2391543034128741,0.21253798662424708,1.0019058375781917
1578,52.599474,0.24064056943879472,0.21923241249070155,0.99987212893297
1579,52.632807,0.2529681940496759,0.22596089064069952,1.0086925180272364
1580,52.66614,0.2520799941728501,0.21689400422889826,1.014063170083208
1581,52.699473,0.25821058733536,0.20620094969028424,1.0181339238286857
1582,52.732806,0.2607247849953913,0.20588756917030449,1.0407041236949457
1583,52.766138999999995,0.27352369042082697,0.1695133921804598,1.0144456992731739
1584,52.799471999999994,0.2804340310089199,0.1719227957737321,1.0431918846345052
1585,52.832805,0.29330203508458924,0.15835096790140354,1.0648359539827237
1586,52.866138,0.2874226566480683,0.16147079877618878,1.0545505296283884
1587,52.899471,0.31369922781062437,0.18365957360807394,1.0701832637253885
1588,52.932804,0.3192301492897302,0.180716752304442,1.0763598837009338
1589,52.966136999999996,0.3393834983834834,0.17534822709370643,1.0912935554175305
1590,52.999469999999995,0.35678817561985154,0.17858620077161505,1.0771944709889705
1591,53.032802999999994,0.3704329043751508,0.17879704397845417,1.085999263567807
1592,53.066136,0.38171245589777236,0.16708308797404048,1.0880568347418242
1593,53.099469,0.39308983582377177,0.18323727435912088,1.1170742550465778
1594,53.132802,0.395508895172042,0.17080050042562178,1.116084536376462
1595,53.166135,0.4090089093200295,0.1693409449939548,1.1097266617039496
1596,53.199467999999996,0.41190284607789546,0.15303410396305045,1.1125127983037932
1597,53.232800999999995,0.4288629264635165,0.1427830248534991,1.1430842118444815
1598,53.266133999999994,0.4447993962633913,0.16910264217451446,1.1594594017539788
1599,53.299467,0.44602132336871436,0.15834983578528364,1.1794739234456424
1600,53.3328,0.47767993232237593,0.17389370059787593,1.19033633157338
1601,53.366133,0.4723333979809365,0.14634685033815462,1.2021993902943264
1602,53.399466,0.4929179472791862,0.15338983194004502,1.2107348383507832
1603,53.432798999999996,0.4828102846615091,0.14000231239582386,1.2143830276250456
1604,53.466131999999995,0.4953789709324787,0.14199221166686204,1.2206012574355736
1605,53.499465,0.505714863004284,0.1713179415921393,1.2285498602522371
1606,53.532798,0.5088537891115151,0.179551294123264,1.2305677420417143
1607,53.566131,0.5108263702244804,0.1920166097190943,1.2266300957834564
1608,53.599464,0.519396689263132,0.19508198070427557,1.24307208278032
1609,53.632797,0.5192663990218587,0.19791398296681031,1.2415229137706865
1610,53.666129999999995,0.5434685043155082,0.19694259766903693,1.2519793361748381
1611,53.699462999999994,0.5585115631413325,0.19354583544149,1.2638154143315783
1612,53.732796,0.5721349582450508,0.2001711524361123,1.2610429521511861
1613,53.766129,0.5768757020550135,0.19156920517599504,1.2685224172879124
1614,53.799462,0.5653402766932191,0.18771720448349727,1.276762123973742
1615,53.832795,0.5709948814742521,0.18188775266067267,1.2709973096732936
1616,53.866127999999996,0.5892095990894617,0.18537590200573362,1.27205755096058
1617,53.899460999999995,0.6053402482794612,0.17761074669743104,1.2771030071312324
1618,53.932793999999994,0.6106013820280152,0.17987222799734626,1.2641242423823498
1619,53.966127,0.6325793560050502,0.189236739054602,1.310220504874823
1620,53.99946,0.6584934065353034,0.19194748139279638,1.3008476829235476
1621,54.032793,0.677255308985774,0.2087545081226283,1.3210909805074094
1622,54.066126,0.6906922163385661,0.19879209242049495,1.3198704747124714
1623,54.099458999999996,0.6826641008131831,0.2029435862803873,1.310995517577687
1624,54.132791999999995,0.6845577380327467,0.2032502058243024,1.322869346124285
1625,54.166124999999994,0.6884606118698864,0.2014635789925242,1.3227010092547191
1626,54.199458,0.7196243981755209,0.19912740372768148,1.3290135730687642
1627,54.232791,0.7141172424763271,0.19634695101088323,1.3333300741794125
1628,54.266124,0.7374447956600166,0.19798842804279315,1.3272441350713984
1629,54.299457,0.7519226622646584,0.1988678084362102,1.3357746752508803
1630,54.332789999999996,0.7617780485838465,0.20554596059676522,1.3453967091004713
1631,54.366122999999995,0.7610097018512618,0.21058617730520085,1.3502357760248016
1632,54.399456,0.7795948983928449,0.21357309377974956,1.3542364299720604
1633,54.432789,0.7657186925835393,0.20574003133935248,1.3529570802047919
1634,54.466122,0.7522953023622153,0.20669045055849739,1.3603526043836391
1635,54.499455,0.7561577252544475,0.20510791497839198,1.3517501876615643
1636,54.532788,0.7617962854496135,0.20292759796296206,1.3487040084717385
1637,54.566120999999995,0.7821357943626894,0.20914750855390496,1.3579329766821635
1638,54.599453999999994,0.7694518672088632,0.20419947459765445,1.3477218986973056
1639,54.632787,0.7936219127857556,0.19575017933498656,1.3265195362496864
1640,54.66612,0.7870483493974456,0.2059113947487025,1.3451716387053345
1641,54.699453,0.774376306527762,0.20039267892618096,1.3249132786224946
1642,54.732786,0.7943595627283961,0.20329531965385977,1.3330592864082864
1643,54.766118999999996,0.8055860137361761,0.20515175062962054,1.362249157334894
1644,54.799451999999995,0.8276787049023354,0.20484484288125476,1.357142349940197
1645,54.832784999999994,0.8473428383935584,0.200908396996887,1.3627575342761769
1646,54.866118,0.8537483913100004,0.2021687794113336,1.3521682757444284
1647,54.899451,0.836576037522693,0.2086809714429379,1.3645923206285597
1648,54.932784,0.8593452353690287,0.21033243517406236,1.363219468657854
1649,54.966117,0.8833312168049975,0.19883682488359436,1.3678895468234509
1650,54.999449999999996,0.8306861403346935,0.2053779025341811,1.3713755187420476
1651,55.032782999999995,0.8552121406502919,0.2039849443693693,1.3826210831198071
1652,55.066115999999994,0.8285965008255672,0.19982248057867025,1.368152032695469
1653,55.099449,0.8225561734407718,0.1925811189413551,1.3830635017612536
1654,55.132782,0.8128755483588329,0.19025023898622317,1.3802307727734715
1655,55.166115,0.8051592922707064,0.18123785406594006,1.363686199772677
1656,55.199448,0.8327505511183423,0.17113480362685712,1.3570897798331265
1657,55.232780999999996,0.8233037408005761,0.18395066338380278,1.3558967115682112
1658,55.266113999999995,0.854164765048306,0.18089428050615902,1.3561529786825486
1659,55.299447,0.8114779939534882,0.18393699113992423,1.3595692725759405
1660,55.33278,0.7964776374210516,0.1779445427032375,1.3997942623971273
1661,55.366113,0.7753409464795555,0.17071848330504039,1.3972372461669063
1662,55.399446,0.7479080451896513,0.169686203712752,1.3800241262169974
1663,55.432779,0.7284219089913655,0.17367257119162377,1.4038238987641052
1664,55.466111999999995,0.7156176082076204,0.16663665867870142,1.3875992756403779
1665,55.499444999999994,0.7157459434752118,0.16833744295725767,1.3964117678696015
1666,55.532778,0.7102081273617725,0.16064292209175837,1.3836889290560535
1667,55.566111,0.7288733796080482,0.16378449373648066,1.3818160774996358
1668,55.599444,0.7128613080714816,0.1578669368434218,1.368198801217473
1669,55.632777,0.7215223668654739,0.16604235104607362,1.3812027711695547
1670,55.666109999999996,0.7164856849240223,0.16595077349103465,1.377947633044337
1671,55.699442999999995,0.7295408301250451,0.14719339712046658,1.3784780619783557
1672,55.732775999999994,0.8121248031793724,0.12863879465731184,1.376350015991733
1673,55.766109,0.8490446762447612,0.12675767127375046,1.3717584918172356
1674,55.799442,0.8533791439024884,0.12772797268951813,1.4038392259907284
1675,55.832775,0.8547526278333555,0.11427576985890167,1.3762527766193597
1676,55.866108,0.8489579580401273,0.10934399925135779,1.3815515679729624
1677,55.899440999999996,0.7999876932582803,0.10652477500080115,1.3316855490747335
1678,55.932773999999995,0.8000263395361653,0.1156774191648559,1.3204334494955419
1679,55.966106999999994,0.7976556543125664,0.10815052145416978,1.3126626169090165
1680,55.99944,0.7966193332327995,0.1259474808055805,1.3387583645719057
1681,56.032773,0.807524135036525,0.13638666616712394,1.3215540214846762
1682,56.066106,0.7812702602075855,0.1462913464547822,1.3211934648828443
1683,56.099439,0.7814538889282734,0.16741741355752354,1.3315717623466743
1684,56.132771999999996,0.7743694396109324,0.14666109484220227,1.326553190097733
1685,56.166104999999995,0.7683565815936557,0.15303059754901757,1.314522176781852
1686,56.199438,0.7595341595386643,0.15847692491492607,1.3203492947121644
1687,56.232771,0.7331799733290569,0.15909656506520875,1.3102043359651965
1688,56.266104,0.7194645714882328,0.1725164043326843,1.3270719888425417
1689,56.299437,0.6908078735149535,0.17954917017787367,1.2918393757709896
1690,56.33277,0.6543807161910864,0.17348039372866297,1.2921550593792284
1691,56.366102999999995,0.6235804801374794,0.18682607639059082,1.268687660995019
1692,56.399435999999994,0.6047876713825484,0.1811237835551007,1.2740506959271016
1693,56.432769,0.6074545156893757,0.1972683875945998,1.2597733779197653
1694,56.466102,0.6003417136681192,0.18369861559033296,1.2416587274461917
1695,56.499435,0.5796171212435568,0.18556506516903398,1.232973848465875
1696,56.532768,0.5756538898869481,0.1922954590927084,1.2110206709381741
1697,56.566100999999996,0.5684699779893719,0.189904600450722,1.1992435710644698
1698,56.599433999999995,0.5372732008609391,0.17971041931517034,1.2012939901057809
1699,56.632766999999994,0.5150636649261974,0.17399300325127665,1.1948058944390718
1700,56.6661,0.5181433317489181,0.1832402544325194,1.1750876691145706
1701,56.699433,0.5045919220169861,0.16107349893820375,1.1700790117383233
1702,56.732766,0.5076661642957407,0.1597630127218187,1.1751619183770547
1703,56.766099,0.4880625104806536,0.13647225704539503,1.1555016297989917
1704,56.799431999999996,0.48419839579376234,0.16405188074427374,1.1706707221426345
1705,56.832764999999995,0.4879074838969328,0.13373716601133687,1.1472547783719458
1706,56.866097999999994,0.4849177792533438,0.17317379925032778,1.1691810056378305
1707,56.899431,0.47279032635877727,0.13828802749884245,1.1466941932170895
1708,56.932764,0.46515407900798467,0.15374576131396558,1.1479074786405095
1709,56.966097,0.4526965892100717,0.16373550380823287,1.1532962293198006
1710,56.99943,0.448404525771234,0.16818424417533373,1.1374926719170588
1711,57.032762999999996,0.4449777510569377,0.1644944741889006,1.1393581704047602
1712,57.066095999999995,0.42961411534915733,0.15660163781006073,1.1439904848058067
1713,57.09942899999999,0.4310467099694136,0.16916862172889294,1.1349365981409467
1714,57.132762,0.4291880909503662,0.1666612970474347,1.138515877461028
1715,57.166095,0.43684254219477986,0.16665245489830177,1.1464203619353166
1716,57.199428,0.41641436845031776,0.17111188676818198,1.1443255259414578
1717,57.232760999999996,0.4009686353737625,0.17912688847580122,1.1284829465537323
1718,57.266093999999995,0.38457523598548843,0.17555384611322533,1.1064443419830645
1719,57.299426999999994,0.3644195458977556,0.208386703534218,1.095797992344868
1720,57.33276,0.34058709598441506,0.2016178732593377,1.0837660921952754
1721,57.366093,0.33155967098880923,0.20388375829461025,1.0377337249978749
1722,57.399426,0.3027173875658847,0.21240029462295915,1.0383281228467116
1723,57.432759,0.26491299893835685,0.21919887994426357,1.0201182097746
1724,57.466091999999996,0.23839945401695917,0.22009821005633137,0.9853828730989632
1725,57.499424999999995,0.20099882942632988,0.22281153296279982,0.9651726518014717
1726,57.532757999999994,0.17221336443381743,0.21955397843467847,0.9501468689338393
1727,57.566091,0.15202883125640623,0.22190492712530996,0.942354073965629
1728,57.599424,0.13427428081328022,0.20543220381563423,0.9443120239827574
1729,57.632757,0.0904225618801181,0.21175742741979248,0.9318156722531806
1730,57.66609,0.10455303672583943,0.2118552934998298,0.9187965191608619
1731,57.699422999999996,0.0940800258516396,0.20793400577958274,0.9181474814382118
1732,57.732755999999995,0.07790490577455532,0.2087634854606556,0.9137563919856356
1733,57.766088999999994,0.07718107091087696,0.21097188296548822,0.9122562514410758
1734,57.799422,0.07698952284694977,0.20485303895947213,0.9088707364386127
1735,57.832755,0.07437069659741152,0.210411453062753,0.9196031105899164
1736,57.866088,0.07606084782384386,0.21234668076562618,0.9137929582637614
1737,57.899421,0.07438419939580034,0.21167598268056045,0.9128617758937793
1738,57.932753999999996,0.07367608879683078,0.21485853782287437,0.922337275373766
1739,57.966086999999995,0.0723731626575686,0.21073827704834505,0.911750559769469
1740,57.99941999999999,0.07031501195029016,0.21539965271183648,0.9046849695729361
1741,58.032753,0.07054499191545544,0.21622328172001432,0.9000407419955071
1742,58.066086,0.07180889875960651,0.21780058221051765,0.8896552985838334
1743,58.099419,0.07180566101404894,0.20799491169881215,0.8726631775330462
1744,58.132751999999996,0.07170046231472295,0.2112875581341898,0.8726459309305781
1745,58.166084999999995,0.07440334475680321,0.21060481015552487,0.8810813694366664
1746,58.199417999999994,0.07448188711653184,0.21093498360757343,0.8798476459537065
1747,58.232751,0.07460359336493001,0.21665441503850796,0.8766087815672982
1748,58.266084,0.07721189041487496,0.219775834567341,0.8799937649611423
1749,58.299417,0.07559298192957828,0.21360206867737241,0.8743584861633621
1750,58.33275,0.07607247356331508,0.22149718373360305,0.8756361906564603
1751,58.366082999999996,0.07454009823142635,0.2170837487550472,0.8779527429917297
1752,58.399415999999995,0.07639124608215357,0.21722245086072212,0.880152770420173
1753,58.432748999999994,0.07538348932825269,0.2134547316267395,0.8898762919736973
1754,58.466082,0.077783914149539,0.21010473652134934,0.8858924010207265
1755,58.499415,0.0773629523940849,0.2113070971177269,0.8884747761717092
1756,58.532748,0.07662706409562335,0.21072172631946268,0.8912018627899068
1757,58.566081,0.07552097048488247,0.21511115064585828,0.8925528748784495
1758,58.599413999999996,0.07823934875121322,0.20702443039273394,0.8845332578889483
1759,58.632746999999995,0.07515088482291928,0.199109953215446,0.8948604631910597
1760,58.666079999999994,0.0742908703815452,0.2019708861848179,0.895593810454769
1761,58.699413,0.07723868099343106,0.1953684807417328,0.8912664119084236
1762,58.732746,0.07479253040999749,0.20394596344149374,0.8961355159043923
1763,58.766079,0.07410819201129541,0.19343412103003452,0.8985389645475143
1764,58.799412,0.07461860320739241,0.20339948771985256,0.9085213977386346
1765,58.832744999999996,0.07500812017718834,0.20758144959768518,0.906733140943348
1766,58.866077999999995,0.07483311077720751,0.19810093074361512,0.9066277772750618
1767,58.89941099999999,0.07367632190732172,0.20057602515265827,0.9120926228831306
1768,58.932744,0.07328031771512376,0.20009567564968822,0.9208411526513738
1769,58.966077,0.07404941139354725,0.20482489536210147,0.9197364716118807
1770,58.99941,0.07355557977264343,0.2026531954389065,0.9271383857849383
1771,59.032742999999996,0.07447660481314877,0.20652850020043756,0.9199510111117968
1772,59.066075999999995,0.07430680491399905,0.21102466720088686,0.9176588233619295
1773,59.099408999999994,0.07358700355286392,0.23224405912780424,0.9264231967373705
1774,59.132742,0.07252868675543839,0.2375271435134222,0.9218234629969869
1775,59.166075,0.07219411888593256,0.22534305094793772,0.9210958287479742
1776,59.199408,0.07417004808350727,0.22414090560424121,0.9193835478717025
1777,59.232741,0.07340923291877849,0.22892915669643626,0.9255469313266906
1778,59.266073999999996,0.07270981521391384,0.22981052826837428,0.9151853330362343
1779,59.299406999999995,0.07242000002864919,0.22424941358530476,0.9208592433639645
1780,59.332739999999994,0.07427963235657331,0.22095306638685466,0.9163536114601996
1781,59.366073,0.07498799316241814,0.2160206360997125,0.9062843852428253
1782,59.399406,0.07576314035909147,0.21709967695234483,0.9076309078423647
1783,59.432739,0.0798304141868982,0.21697438725162138,0.9038954886585421
1784,59.466072,0.07785972406540892,0.2187849255263109,0.8904174112863117
1785,59.499404999999996,0.07684102570786691,0.2102975670936325,0.8971035659045397
1786,59.532737999999995,0.07547251894350196,0.20991144157372926,0.9042970461356696
1787,59.566070999999994,0.0776046251328133,0.20827677662886096,0.8995352723895459
1788,59.599404,0.07732766431168252,0.2049551423010527,0.894477299210305
1789,59.632737,0.07861982518477176,0.20689105020079518,0.8838497518898244
1790,59.66607,0.07987545308260144,0.2064210061529006,0.8902826806039853
1791,59.699403,0.08109943104152614,0.20138159732779823,0.8899878503149371
1792,59.732735999999996,0.07931814248491711,0.2053234873164067,0.8974995664058972
1793,59.766068999999995,0.0786785672801622,0.19908693851117637,0.9081925299759617
1794,59.79940199999999,0.08060056877473613,0.20583165747821644,0.91980340989525
1795,59.832735,0.08092829274699197,0.20543822317148983,0.9177272478847753
1796,59.866068,0.08139478998443433,0.1985161221897564,0.9223053258782342
1797,59.899401,0.08081016138277018,0.20413143523649446,0.9304588074071934
1798,59.932733999999996,0.07837795762999794,0.2010386764323187,0.9468198957243629
1799,59.966066999999995,0.07687691586311386,0.2185825522413194,0.9388958986792922
1800,59.999399999999994,0.07811885785476734,0.21818262407942846,0.9396424000371019
1801,60.032733,0.07776811462214064,0.207404811023867,0.9262182070426564
1802,60.066066,0.08002176163783171,0.2085769932897451,0.9176459092678474
1803,60.099399,0.08148115673473488,0.20829778884966363,0.908627176140891
1804,60.132732,0.0836185917044865,0.2024087306807117,0.907402082029783
1805,60.166064999999996,0.08728125811594972,0.20449727894117561,0.9034471552567384
1806,60.199397999999995,0.0900600936349532,0.20425370652065417,0.9117495569421448
1807,60.232730999999994,0.08438692702774936,0.20992455096745946,0.9113635813708922
1808,60.266064,0.08527861928794664,0.22506422901988832,0.9167841476677209
1809,60.299397,0.08317199847474267,0.2237165539057195,0.9131961146302982
1810,60.33273,0.08400978874459207,0.2194247559148721,0.9085807365354248
1811,60.366063,0.08302940390582801,0.2149618034060164,0.9128253888899374
1812,60.399395999999996,0.08384836542197456,0.20830605495765875,0.9152419873118488
1813,60.432728999999995,0.08429874196798494,0.21178042305964742,0.9338065942288353
1814,60.466061999999994,0.0837930100133377,0.21754945489544683,0.9276746917302098
1815,60.499395,0.08436002121597792,0.2179379220640839,0.9385208271850065
1816,60.532728,0.08126556442988024,0.21191605572008335,0.9380806493665895
1817,60.566061,0.08166222904997184,0.21412512559416885,0.9413129870459052
1818,60.599394,0.08353210113554604,0.20342211905678226,0.9331011206431145
1819,60.632726999999996,0.08276501894344894,0.20775814676549462,0.916682053873161
1820,60.666059999999995,0.08460500594669965,0.2066321051332033,0.9256950216119211
1821,60.69939299999999,0.08230598682578552,0.21945798524983973,0.9212943343018805
1822,60.732726,0.0785843333742331,0.2170551346007638,0.9196217024691495
1823,60.766059,0.07852656330913904,0.2049056125434513,0.9358084446987991
1824,60.799392,0.07692158261417247,0.19921934799392904,0.9325888523577717
1825,60.832724999999996,0.07560394408808296,0.21462351549075076,0.9481277614887155
1826,60.866057999999995,0.07675974528130841,0.21363691463799336,0.9456211604147434
1827,60.899390999999994,0.07889587858584725,0.21685648491350656,0.9675308751591419
1828,60.932724,0.07837090422102137,0.22171454173877542,0.9629766331661362
1829,60.966057,0.08816512169871688,0.2084813093650123,0.9582173910433862
1830,60.99939,0.1242162364547415,0.2124774917298723,0.9504698961235839
1831,61.032723,0.15440487460878782,0.21525952235807347,0.9511390163130202
1832,61.066055999999996,0.16413119332515544,0.21073753578334692,0.9626581575764207
1833,61.099388999999995,0.1727527788368799,0.2135235389693272,0.9464913248319284
1834,61.132721999999994,0.1704842279775801,0.2162350454677922,0.9481916013155428
1835,61.166055,0.15997200576316312,0.21187298820117678,0.9467789459108432
1836,61.199388,0.1426243340381604,0.20809215716270119,0.9331792872080963
1837,61.232721,0.12605728509173242,0.21306010335504327,0.9208318938179637
1838,61.266054,0.10820755222478014,0.2170741316713679,0.9116788751984993
1839,61.299386999999996,0.09719348444692612,0.22540202949132593,0.9098133312121623
1840,61.332719999999995,0.07644195334736596,0.21825047059974237,0.9161072109584643
1841,61.366052999999994,0.07595616522511636,0.2274308294958482,0.9036647082212552
1842,61.399386,0.07686331694322152,0.21972450626968337,0.9109409393182757
1843,61.432719,0.07793172992993172,0.23051690630766541,0.9104539768803368
1844,61.466052,0.07759545938336682,0.2300962107654779,0.9079961293859578
1845,61.499385,0.07685280749537136,0.22797243517574395,0.9032383017498864
1846,61.532717999999996,0.07567851234414857,0.23238463115483632,0.9080503859754299
1847,61.566050999999995,0.07716609417356565,0.2194144674250637,0.8974355503611252
1848,61.59938399999999,0.07627724827671455,0.2235132764170692,0.9020734019287665
1849,61.632717,0.0770028764846392,0.21979216296210907,0.896331927030015
1850,61.66605,0.07741187947714556,0.2209467502427013,0.9068666773606121
1851,61.699383,0.07662814692959997,0.2235254471060671,0.9100082090522832
1852,61.732715999999996,0.07646451611267015,0.22873619167242848,0.9122273661493567
1853,61.766048999999995,0.07469087216360207,0.22633154494932095,0.9058109265372606
1854,61.799381999999994,0.0761600360422878,0.229220204527756,0.9066121053514742
1855,61.832715,0.07471539208998311,0.22788907146097537,0.902968233030609
1856,61.866048,0.07569411520030409,0.21641064453387582,0.9146298420946033
1857,61.899381,0.07372237554093874,0.21908308231539103,0.8939423054475252
1858,61.932714,0.07416972707350013,0.21210733647457924,0.8941810527216553
1859,61.966046999999996,0.07527717023003218,0.20940347461568615,0.9026256174285079
1860,61.999379999999995,0.07507158775840188,0.2407455790868757,0.917759370968566
1861,62.032712999999994,0.07401501641593398,0.2400088948171622,0.9148879869423624
1862,62.066046,0.07506529816878608,0.23562325569959341,0.9074412496425404
1863,62.099379,0.07542879989210363,0.22881369354544234,0.8913288579863478
1864,62.132712,0.07459604873544469,0.23263780521471425,0.8925214924731437
1865,62.166045,0.07271270479441252,0.23276175014628908,0.8846259715837913
1866,62.199377999999996,0.07108511957782163,0.20871102788921225,0.8809640221197159
1867,62.232710999999995,0.07273894492242376,0.23069143544707613,0.8900800497238895
1868,62.266043999999994,0.07160905993883569,0.2218771047407953,0.900565787148908
1869,62.299377,0.07195718078238034,0.21123254493412086,0.8923738926008541
1870,62.33271,0.0732560806324097,0.21405787687578903,0.8943517558633748
1871,62.366043,0.08484071700804173,0.24265841284817155,0.895371823266149
1872,62.399376,0.1193189841832312,0.2313418453467178,0.8932269169364258
1873,62.432708999999996,0.150071786691237,0.20527436603330362,0.9007272435827623
1874,62.466041999999995,0.1657839453557116,0.19696536476882784,0.9159514687633322
1875,62.49937499999999,0.16722788933512994,0.14454996617583998,0.9128041262648702
1876,62.532708,0.1774296624502242,0.14976232331871733,0.9258140971387311
1877,62.566041,0.17022826172165503,0.18082896678605137,0.9414861297357248
1878,62.599374,0.17239050792377228,0.2106426889716982,0.9446434027781846
1879,62.632706999999996,0.16445797208618046,0.20465579853262336,0.939388381651574
1880,62.666039999999995,0.15696744337471313,0.2195560217735429,0.9198328985771144
1881,62.699372999999994,0.1514010094047008,0.22163005376692796,0.9075940416917466
1882,62.732706,0.13160856154188927,0.2145775407890338,0.9037773003814031
1883,62.766039,0.12924042655253182,0.2106700918156824,0.9120515893882495
1884,62.799372,0.12118830657218506,0.21381716143553087,0.9040275682555226
1885,62.832705,0.12437351587341443,0.20821412506959253,0.9057041657909295
1886,62.866037999999996,0.12365382927470772,0.21015062613753915,0.9083483073181703
1887,62.899370999999995,0.1255308644949419,0.2200059287079421,0.9121739288021949
1888,62.932703999999994,0.12085453924932703,0.22104390511245312,0.909398116229328
1889,62.966037,0.11547688671871466,0.22431513125919886,0.9013049772193542
1890,62.99937,0.10803309261678493,0.23304068338588418,0.899344501103428
1891,63.032703,0.10655415924510492,0.2231633648341929,0.8922632006884343
1892,63.066036,0.10397174754234075,0.23164367734424515,0.8962165246154545
1893,63.099368999999996,0.1102855300526191,0.21855029992350988,0.892354175077355
1894,63.132701999999995,0.12620846717605536,0.22755029089299111,0.8944435550136303
1895,63.166034999999994,0.12406891641027307,0.22782824684246467,0.8955021283609295
1896,63.199368,0.12281119377992596,0.21484324505224411,0.899365054703162
1897,63.232701,0.1328400659421151,0.21933548741899647,0.890418987694569
1898,63.266034,0.13581430326033744,0.21694827489238888,0.891075697175355
1899,63.299367,0.13458961987147317,0.2229190053280345,0.8931737007369139
1900,63.332699999999996,0.11906127260663517,0.22202138636282742,0.8904566514055249
1901,63.366032999999995,0.07679383272455242,0.22978764091326936,0.8891291210950928
1902,63.39936599999999,0.07523216564133602,0.218588890280795,0.8826391797449442
1903,63.432699,0.07785760789923754,0.215908505664695,0.887044257336783
1904,63.466032,0.09917810202458449,0.21493354933911418,0.8828770586171456
1905,63.499365,0.1088506052433744,0.2227724017229657,0.900955147859206
1906,63.532697999999996,0.10539937794501777,0.21614024595931403,0.8946737272733772
1907,63.566030999999995,0.1107912200518395,0.21509372999822068,0.8957297045395222
1908,63.599363999999994,0.11879064786684469,0.21182252959568793,0.8937514605487983
1909,63.632697,0.1334419515633732,0.20516060453746993,0.8987555570027005
1910,63.66603,0.14651630779771807,0.20572448433470208,0.8990648900029057
1911,63.699363,0.15623213672287817,0.20665231735885417,0.9079745137184214
1912,63.732696,0.16057146158428615,0.21444757058397945,0.9017956744940292
1913,63.766028999999996,0.1629222280818279,0.20162000916016015,0.9076937324341733
1914,63.799361999999995,0.16688149545274614,0.20723405822944732,0.9040716645818896
1915,63.832694999999994,0.16932146139994164,0.19933760115770463,0.9153663307202328
1916,63.866028,0.16575888881370768,0.20240551703696014,0.9194672159618916
1917,63.899361,0.17289318633596398,0.20218969140758822,0.9142060431894464
1918,63.932694,0.16809981279512667,0.2088524504605424,0.9132535664524178
1919,63.966027,0.1751779308905626,0.215575578855239,0.9207471415407507
1920,63.999359999999996,0.1822208914129271,0.20667814238861154,0.9207745867482534
1921,64.032693,0.1918988869232065,0.20451931685358174,0.9271482615698389
1922,64.066026,0.19322745115335554,0.20159488452453772,0.9328514690471337
1923,64.09935899999999,0.1914600992360327,0.20074546177287017,0.9331739946395042
1924,64.13269199999999,0.18962186269683814,0.19455972834102103,0.9333874480761796
1925,64.16602499999999,0.1903422575670793,0.20046101847031772,0.9260828232888154
1926,64.199358,0.1868527272575752,0.20437714952230235,0.9271142844895814
1927,64.232691,0.18429852675411124,0.19366082714693572,0.9312874125696353
1928,64.266024,0.1888127890581876,0.19903798448764567,0.9303441241784396
1929,64.299357,0.18789701714150894,0.18098212371827876,0.924256700929008
1930,64.33269,0.1902134908738183,0.1857299595941026,0.9240911046739688
1931,64.366023,0.19106709354413848,0.18349219602124814,0.9347639945765419
1932,64.399356,0.19011186938483138,0.19232139507318996,0.9265926839318408
1933,64.432689,0.18943867962005628,0.18946096470219564,0.9246533500455685
1934,64.466022,0.18960656526199857,0.19870896613872846,0.9322033078965027
1935,64.499355,0.19002105914581108,0.20214624002161652,0.9341734795813471
1936,64.532688,0.1929857753136141,0.2065826597741886,0.9324422105812057
1937,64.56602099999999,0.18764162097430123,0.2054486407957526,0.9439714232465319
1938,64.59935399999999,0.19484962236184192,0.2096109955675139,0.9441947309552636
1939,64.63268699999999,0.19655131104865337,0.20492703641146964,0.9483122057558372
1940,64.66602,0.20272254242058485,0.20708845101871703,0.9559137534947255
1941,64.699353,0.20277332245735233,0.1981437159447359,0.9473067959020438
1942,64.732686,0.20328784671656017,0.19868571587844408,0.9650940807456753
1943,64.766019,0.20046648248403023,0.20000894423115453,0.9657695055531209
1944,64.799352,0.20558474179063402,0.20765597384404538,0.9594851020328352
1945,64.832685,0.20663869655573736,0.20046781086799265,0.9509402549739706
1946,64.866018,0.20838917083967895,0.20298012954259087,0.9558188393762395
1947,64.899351,0.20386611171440575,0.20667683503009915,0.9451117912614473
1948,64.932684,0.2033543843287067,0.19805586450279128,0.9452836417239675
1949,64.966017,0.20260382306556027,0.19161802276709244,0.9403988816318286
1950,64.99934999999999,0.20020482876995846,0.19616714768786409,0.9371146401958158
1951,65.03268299999999,0.2061481088075899,0.20293980517526156,0.94959627194696
1952,65.06601599999999,0.20405787492315722,0.19719195048849886,0.9498049604230595
1953,65.099349,0.20060995771995058,0.19096835642988855,0.9416168387723655
1954,65.132682,0.19991017384597157,0.19663702307703954,0.9492768920586351
1955,65.166015,0.19867817131735832,0.20076892534635407,0.9421675548655521
1956,65.199348,0.1926013389043633,0.197488475846067,0.9539557992060324
1957,65.232681,0.19915236668007347,0.18892065242087336,0.9334813770284754
1958,65.266014,0.1966670372451302,0.20895159265120547,0.9455069240021721
1959,65.299347,0.1981600723519814,0.1911169992013752,0.9326336262955018
1960,65.33268,0.19897656513477574,0.20824812291845451,0.9393123243655657
1961,65.366013,0.19871582383871908,0.20819916172655664,0.941156792639613
1962,65.399346,0.19610703322780382,0.19581520844845923,0.9378079054778475
1963,65.432679,0.2005097114911636,0.20019149063594452,0.9454587330319162
1964,65.46601199999999,0.19636266910393171,0.20181861884247837,0.9419096849361102
1965,65.49934499999999,0.20220325318581303,0.20049568811850985,0.9638025157303491
1966,65.53267799999999,0.1929337418128709,0.20252393712161534,0.9528891368986694
1967,65.566011,0.19820668275315823,0.21132651911404834,0.9423127331147043
1968,65.599344,0.1926925975073226,0.20107937344145588,0.9391131047120134
1969,65.632677,0.1958757896463369,0.2032616795809647,0.9668109690593379
1970,65.66601,0.19748392684496444,0.2088199645176564,0.9400140290636197
1971,65.699343,0.19616255645953723,0.20496414488439935,0.9436733455448658
1972,65.732676,0.19617580628266879,0.204331709094289,0.9487646524258674
1973,65.766009,0.2032908161839267,0.19155590319219645,0.9649236035182398
1974,65.799342,0.212787243447996,0.20439811993603563,0.9761843211476332
1975,65.832675,0.21392487730274254,0.1923898181333391,0.9738876495473051
1976,65.866008,0.21768269960267805,0.19608761847263245,0.9744223551333907
1977,65.89934099999999,0.22498207681786514,0.1915333534717893,0.981177463883877
1978,65.93267399999999,0.22266039278582087,0.20195965688849832,0.986792958864554
1979,65.96600699999999,0.23091739034765266,0.19701363096113972,0.978731934160974
1980,65.99934,0.24282103810132435,0.19791964167582948,0.9841522484630582
1981,66.032673,0.24224070220953048,0.19363881664526322,0.9953645500024653
1982,66.066006,0.24510994872279523,0.2058146841569921,1.0029514941932998
1983,66.099339,0.24556340440463992,0.1979770646159938,1.0006316841704403
1984,66.132672,0.25182685618561235,0.20663903751641025,1.0029176135468074
1985,66.166005,0.24824989127825464,0.20459299636092498,0.9966589192900532
1986,66.199338,0.24496109415244513,0.20128776015990882,1.007908894972135
1987,66.232671,0.24623697826899316,0.20534278356194569,1.0037881403533495
1988,66.266004,0.24249949171024812,0.19750894601113148,0.990919125763471
1989,66.299337,0.23243592748935119,0.19459877471319215,0.9944163347697862
1990,66.33267,0.23647353915404545,0.20415943884373067,0.9877972583443426
1991,66.36600299999999,0.23518954140874432,0.20104904542138688,0.9893374723824742
1992,66.39933599999999,0.23162921723261504,0.19855772746180503,0.9830113214575453
1993,66.43266899999999,0.22548347427163176,0.20938664406842938,0.9879164020462151
1994,66.466002,0.22420501228675216,0.21257986769220605,0.9811637437723358
1995,66.499335,0.22090306846502578,0.1990833066906727,0.9931551173279749
1996,66.532668,0.21725655496604268,0.19725533962803035,0.9995099673297628
1997,66.566001,0.21219787122658193,0.1843241298072263,0.9889348483150866
1998,66.599334,0.21138735691929358,0.177961007132845,0.9776638892989289
1999,66.632667,0.2109859010667262,0.17727472773534286,0.9601722447881897
2000,66.666,0.2061959320796772,0.16814619180862528,0.9551886053940295
2001,66.699333,0.20639551998982336,0.15724506668846078,0.9588978304290903
2002,66.732666,0.20831475748510994,0.16433804553274872,0.9629035959377631
2003,66.765999,0.20434428059391152,0.18634622750174898,0.9593472342801654
2004,66.79933199999999,0.2039533358273928,0.20022126593641365,0.959249458109371
2005,66.83266499999999,0.1894988843502706,0.20149304740976465,0.9645937098469022
2006,66.86599799999999,0.18832179177077912,0.19775264627254263,0.9673503391903079
2007,66.899331,0.18697387244051805,0.2120608448176125,0.964682158861655
2008,66.932664,0.18162711993439945,0.2057094316587692,0.9600297815170166
2009,66.965997,0.1915642325282324,0.22118262318240434,0.9739562681658098
2010,66.99933,0.1919425940064445,0.20989286021707226,0.9790373683773859
2011,67.032663,0.20402025949116429,0.19784215039930966,0.9846285091169463
2012,67.065996,0.20254793480618805,0.1966398247202988,1.0022930603338376
2013,67.099329,0.20391125834735624,0.2092919193586651,1.007973899731529
2014,67.132662,0.21009441239432047,0.19755657111803038,0.996154758059672
2015,67.165995,0.20994023536410705,0.20721270104080658,1.0018647587517462
2016,67.199328,0.20956920823948474,0.19538961196202878,0.9848851644324536
2017,67.232661,0.2097252660203035,0.21239196197023724,0.9842156304814982
2018,67.26599399999999,0.208263586572066,0.20773985122268945,0.9821453402284395
2019,67.29932699999999,0.20901538543554185,0.20917246565494763,0.9931710120861138
2020,67.33265999999999,0.21141682330548356,0.19913757334155008,0.9806275359450319
2021,67.365993,0.21183238616254998,0.20631027975654598,0.9822114095454602
2022,67.399326,0.2070197932790771,0.19729319694018674,0.9795366641513913
2023,67.432659,0.20353596512735966,0.2030676355943835,0.9679670136671787
2024,67.465992,0.20318220827716596,0.2086011316980485,0.9748823952052598
2025,67.499325,0.20016751701178218,0.21232778201749322,0.9714241571267248
2026,67.532658,0.19479441669639805,0.21104555103773498,0.9718517465842588
2027,67.565991,0.19821634148023096,0.19958124207960537,0.9652135932183323
2028,67.599324,0.1958216968505342,0.21189711147559592,0.9690043905174236
2029,67.632657,0.19302871867243696,0.1974280635145262,0.9636182551045767
2030,67.66599,0.19248975748474365,0.20845058633471014,0.9631575410533331
2031,67.69932299999999,0.19047708387433407,0.2014349780817553,0.9604118543145713
2032,67.73265599999999,0.19059882583032528,0.21000774602868588,0.9562211802309561
2033,67.76598899999999,0.188666072608372,0.20276580579141373,0.9637287725406729
2034,67.799322,0.1849829367249123,0.21401384565192483,0.9724850562403833
2035,67.832655,0.19336473874342985,0.21359094430080855,0.9720055696158327
2036,67.865988,0.18803893481812622,0.20982852005310665,0.9709008979822653
2037,67.899321,0.1921443275577529,0.21228168115713597,0.969501003173167
2038,67.932654,0.1925291791511156,0.2207202053779972,0.9653613413672475
2039,67.965987,0.19192232819727778,0.2159279391044891,0.9638005449107717
2040,67.99932,0.1901081977256504,0.20852639380525795,0.9665590138776834
2041,68.032653,0.1919542628848349,0.20661462179234663,0.9588981973250736
2042,68.065986,0.18775315151380073,0.20227792267429817,0.9596239901897841
2043,68.099319,0.1863474104846868,0.21188462782938722,0.9604799316077592
2044,68.132652,0.18285837262023646,0.20691645155963356,0.9617737928268689
2045,68.16598499999999,0.18188310678773198,0.2007179612164373,0.9668016419465539
2046,68.19931799999999,0.18205039037035423,0.2016497624410935,0.954451841084828
2047,68.23265099999999,0.18576587513652884,0.1949517664549178,0.9515891232320668
2048,68.265984,0.18129475386276175,0.20675257023481783,0.9537483365273408
2049,68.299317,0.19108275820140871,0.19557247937269556,0.9414025591890152
2050,68.33265,0.18558323840319438,0.1922890877387331,0.9480704315840693
2051,68.365983,0.18485407225454908,0.191716145050921,0.9461270433206258
2052,68.399316,0.18247929915353833,0.19330920382605832,0.9522237586992027
2053,68.432649,0.18050096145949776,0.18913809102866663,0.941665213428097
2054,68.465982,0.1822364831898752,0.1937566933716076,0.9547176360927196
2055,68.499315,0.18203567464454629,0.17984587485740008,0.9470125129998799
2056,68.532648,0.183053925087468,0.18836648731235384,0.951390164758659
2057,68.565981,0.18508630904843112,0.18728697176350578,0.9499712932802066
2058,68.59931399999999,0.1808929406340395,0.1896376819737926,0.95073957713103
2059,68.63264699999999,0.18433659884729495,0.19489851838530703,0.9510934036911884
2060,68.66597999999999,0.18080494427835359,0.19576268099443306,0.9535746290300583
2061,68.69931299999999,0.18087771492720037,0.19341066909781868,0.9538182956564122
2062,68.732646,0.18185488500307193,0.19689451778503878,0.9557142609090751
2063,68.765979,0.1802229201446583,0.19758699252360787,0.9505540383939164
2064,68.799312,0.18094911050379633,0.19901569710143438,0.9528376935369609
2065,68.832645,0.1829141728060937,0.20148317508718905,0.9583159130053291
2066,68.865978,0.18349828308066604,0.1983732285054055,0.9510368775245124
2067,68.899311,0.1792658945684705,0.19725007061102356,0.9593484235857023
2068,68.932644,0.17890665635477285,0.19926735458767264,0.951989575631284
2069,68.965977,0.181354041872868,0.1973054761188242,0.955470868516196
2070,68.99931,0.17969688177057977,0.191280281576797,0.9520847330005843
2071,69.032643,0.18016765811624563,0.18981274312144453,0.9555854595239719
2072,69.06597599999999,0.17795035750790109,0.19657717183535411,0.9493277249197207
2073,69.09930899999999,0.18020085871291128,0.19040289640186073,0.9557814346997
2074,69.13264199999999,0.18284698493060034,0.20256245024906333,0.9534210372458432
2075,69.165975,0.18435865949444005,0.19791870432026548,0.952219841271477
2076,69.199308,0.19099216508570827,0.19432892378322342,0.956098018906742
2077,69.232641,0.18629964340870867,0.20491989352387704,0.9551994328051289
2078,69.265974,0.1838336883348681,0.20572916554364895,0.9485981602075919
2079,69.299307,0.1837715174020616,0.19936864530821263,0.9448104334080839
2080,69.33264,0.1830570151726213,0.2045877155350569,0.9499932646548513
2081,69.365973,0.18220387247876796,0.20716836801158706,0.9470943167852321
2082,69.399306,0.18910324948052548,0.20774498261944652,0.948019486788186
2083,69.432639,0.17906881907117062,0.20254188477909302,0.9439685465556433
2084,69.465972,0.1786352982580088,0.21182245607180292,0.9467446821918315
2085,69.49930499999999,0.1805292189229445,0.20968371520889412,0.946471494411938
2086,69.53263799999999,0.1748218663878792,0.21349664266164778,0.9382602097857248
2087,69.56597099999999,0.16949303151507952,0.20596729644902984,0.9426618399890809
2088,69.59930399999999,0.15642147114923383,0.22244632099080883,0.9360749760041838
2089,69.632637,0.15745388474401306,0.20309697124295756,0.9327511716167236
2090,69.66597,0.15476477812273864,0.1989367181929454,0.9333542198232253
2091,69.699303,0.1589393249053311,0.20480956305822118,0.9255193412456205
2092,69.732636,0.16004569543386804,0.2116416708344503,0.9255792217765939
2093,69.765969,0.16575060431239227,0.20616397420277457,0.9368653395689173
2094,69.799302,0.17146399621410727,0.19107641122326074,0.9434333866399619
2095,69.832635,0.17330626304317223,0.18168670660498704,0.9438421155767294
2096,69.865968,0.17548208086869896,0.17310983791191892,0.9475834109256879
2097,69.899301,0.1722320283878882,0.16835761631568308,0.9403013204262817
2098,69.932634,0.18486836710285454,0.15715861365306272,0.948966221748591
2099,69.96596699999999,0.19973787318999603,0.1741660640825424,0.9641756901627399
2100,69.99929999999999,0.23718865329432554,0.18432898441828802,0.9983498042288531
2101,70.03263299999999,0.2619547591043934,0.17854311146858598,1.000315823894931
2102,70.065966,0.22169815007247504,0.18826720809156614,0.9877885996752234
2103,70.099299,0.1969589560885589,0.1864614344668548,0.9749209569816006
2104,70.132632,0.18742089161243344,0.18944558233519132,0.9440672645232762
2105,70.165965,0.1793472233345916,0.18541718291996903,0.9527194903746895
2106,70.199298,0.16653924354526192,0.18897529734042134,0.9387234760333626
2107,70.232631,0.1622008994217708,0.19946788987219874,0.9328852848813358
2108,70.265964,0.14934470657796783,0.1974731202063234,0.9314888657289747
2109,70.299297,0.14882507005200904,0.20121277020990663,0.9303051515456083
2110,70.33263,0.15321352821060277,0.2005151037699563,0.9415900706989018
2111,70.365963,0.17009765957596695,0.20032978926169898,0.9523262153001679
2112,70.39929599999999,0.20560756560550353,0.20769353021489634,0.981557406434131
2113,70.43262899999999,0.20452881771791775,0.21254556536546002,0.9793291724669805
2114,70.46596199999999,0.1750559566238675,0.20771067860176567,0.9702824479638557
2115,70.49929499999999,0.14830724655272812,0.20554346430547416,0.9499339666784082
2116,70.532628,0.14322368130675317,0.20473146720897673,0.9470708187306872
2117,70.565961,0.14204958018750785,0.20949815012553133,0.9497467012579359
2118,70.599294,0.16004609678318335,0.21520030076893426,0.9569247319784916
2119,70.632627,0.1772512640206916,0.22072868100483847,0.9708990185021
2120,70.66596,0.1976852576408761,0.21304754337233878,0.9766463865603883
2121,70.699293,0.21195793575785934,0.20862360690736595,0.9681631092180034
2122,70.732626,0.20925479712440032,0.20875768412349766,0.9759138548719306
2123,70.765959,0.2083980683258904,0.20933941074845064,0.9716141040631565
2124,70.799292,0.20259536125347513,0.21017776724301662,0.9622702955831588
2125,70.832625,0.20187911216341214,0.20436429791708483,0.9579706792266107
2126,70.86595799999999,0.19346710623232702,0.21184068218121904,0.9563235976051466
2127,70.89929099999999,0.19239778234893493,0.2104875660321853,0.9616872874971429
2128,70.93262399999999,0.186631541775706,0.21368011692074512,0.9589557005602254
2129,70.965957,0.18717365603322716,0.21916174128945437,0.9647293783410335
2130,70.99929,0.1963759780883592,0.22356233827593808,0.9650520939867365
2131,71.032623,0.19498039220456612,0.2159840204283357,0.976587370534231
2132,71.065956,0.2178457407968873,0.2235355444336441,0.9924695982856492
2133,71.099289,0.2566547326085002,0.21591311935008406,1.0029115850288626
2134,71.132622,0.2515121913305816,0.21884790617506006,1.000521191614125
2135,71.165955,0.2494897045741573,0.22414101571619108,1.0100320564361767
2136,71.199288,0.23749182601371305,0.22656859340743662,1.0105950381617812
2137,71.232621,0.2144974820573079,0.22557484996960195,0.999263711353176
2138,71.265954,0.18231201950254516,0.22651647730344515,0.9803842348237395
2139,71.29928699999999,0.1573332679304743,0.2324211560570295,0.9478403959407233
2140,71.33261999999999,0.12689691852622118,0.23227713337402878,0.9514196012404463
2141,71.36595299999999,0.13176289160406793,0.2354318097496167,0.9638921621037041
2142,71.39928599999999,0.1418464130822203,0.22743480196403038,0.9790119690316856
2143,71.432619,0.14446256440411642,0.22507113002399054,0.9753429964275051
2144,71.465952,0.13305011213334775,0.22160557930422242,0.9632758102885153
2145,71.499285,0.13914603285091517,0.2137563160791443,0.9536457945072802
2146,71.532618,0.15272197354655523,0.21772210405102974,0.9555509784550393
2147,71.565951,0.1582601750995458,0.2289036746152268,0.9427514736102028
2148,71.599284,0.16916765537371256,0.22097120473054024,0.9503695744639692
2149,71.632617,0.17617356031516912,0.2181476849896762,0.9535534024533722
2150,71.66595,0.17687486606098074,0.22174062556667745,0.9606974458063225
2151,71.699283,0.17772570009353214,0.22508431815763202,0.9543837710104502
2152,71.732616,0.1848805376665059,0.22112798043510296,0.9575874552584556
2153,71.76594899999999,0.18146896000038848,0.22462474280658665,0.9595262637184614
2154,71.79928199999999,0.1540084137061759,0.22521076030876966,0.9519200737726373
2155,71.83261499999999,0.1346127706581894,0.22786511327111855,0.9469487106118699
2156,71.865948,0.1404820589555036,0.23303197633674816,0.9357803755744142
2157,71.899281,0.1596803562500439,0.23484225085066907,0.949896613886926
2158,71.932614,0.18291164369478738,0.23495935914306249,0.967416044034421
2159,71.965947,0.22934219969601588,0.22943362812007484,0.9931897369553895
2160,71.99928,0.2534448406016036,0.21985669111014391,0.9916211650946188
2161,72.032613,0.24267369119596918,0.2171865496521903,0.9960269648670736
2162,72.065946,0.23102497369744396,0.21795059835795888,0.9725526297555649
2163,72.099279,0.20306113457377606,0.22975062522625478,0.969868634569568
2164,72.132612,0.1716632052497675,0.22982380689592252,0.9508460500712291
2165,72.165945,0.14783847390335508,0.22950028054749255,0.9411419998862243
2166,72.19927799999999,0.13838531151637898,0.21582615859996823,0.9190979228879139
2167,72.23261099999999,0.13914236639123595,0.22413365277594743,0.9267569792419996
2168,72.26594399999999,0.15852454307175534,0.23483120162511495,0.926177036568257
2169,72.29927699999999,0.17612660585872666,0.23119490925563535,0.9253272090395872
2170,72.33261,0.1927219168809291,0.23602307125771801,0.9394820759994175
2171,72.365943,0.1979790187727281,0.23348437795554744,0.9439730105548058
2172,72.399276,0.21153502488784406,0.2258809210328574,0.9364583631108975
2173,72.432609,0.2011228855491877,0.2314111582238923,0.9392191131848627
2174,72.465942,0.19957183758415384,0.22924250236537352,0.9396317356786693
2175,72.499275,0.19034055746497666,0.22368303563911116,0.936353055733682
2176,72.532608,0.18043926693739162,0.22635199629060349,0.9318583760261678
2177,72.565941,0.16179264146816866,0.22828206732463158,0.9220362673098838
2178,72.599274,0.15112285533990255,0.22967191700674405,0.9246497310288522
2179,72.632607,0.14818598551689227,0.23239595439808128,0.9262995555412978
2180,72.66593999999999,0.1518411380066072,0.23768453927854072,0.928867210431509
2181,72.69927299999999,0.1566264400676508,0.23915522532222472,0.9295314315910654
2182,72.73260599999999,0.16757526123938007,0.2284734794327223,0.9331972031374324
2183,72.765939,0.17446167415080843,0.23332701799891786,0.9327759457765818
2184,72.799272,0.17848198713610597,0.23037789102791267,0.9412607434883394
2185,72.832605,0.18640586657429425,0.23411651451591242,0.935681295436199
2186,72.865938,0.1891091080865706,0.22101696362690892,0.9562454893695658
2187,72.899271,0.1893120789469505,0.2407510248997233,0.9458299456504168
2188,72.932604,0.19479469328034132,0.2358410414205051,0.9492355496073416
2189,72.965937,0.19523257965754465,0.22664938542452528,0.9584652104625863
2190,72.99927,0.19702075209455067,0.2348887981890425,0.9540643004736237
2191,73.032603,0.19684127691124872,0.2358723200177105,0.9550180577697119
2192,73.065936,0.19914312409881946,0.23881497363668336,0.9502055435052508
2193,73.09926899999999,0.19754737390741894,0.24414598399888415,0.9485453556665991
2194,73.13260199999999,0.19657604881259605,0.23567829722785155,0.9491984978057532
2195,73.16593499999999,0.19470122705376625,0.23137522340996985,0.9496795360194789
2196,73.19926799999999,0.1979971057570708,0.2324796392889718,0.9551101389624648
2197,73.232601,0.19747900989217423,0.23099469383428298,0.9521004600961073
2198,73.265934,0.19419373020287958,0.2293369219256528,0.9506319265600461
2199,73.299267,0.1919444482852223,0.22837878688972013,0.962661100505353
2200,73.3326,0.19552607456010443,0.23047584753462805,0.9632547904130948
2201,73.365933,0.19903012874781706,0.23098023477214924,0.9560982418369154
2202,73.399266,0.1961395395340482,0.20970332948831744,0.966867840459119
2203,73.432599,0.1971803737649581,0.18408851607267845,0.9578243314308332
2204,73.465932,0.19933389546309666,0.1283683428559123,0.9366026440656778
2205,73.499265,0.1984470988147513,0.16178145886223505,0.9537421067677945
2206,73.532598,0.19554095715742323,0.18369388175076423,0.9570911991164485
2207,73.56593099999999,0.19659929741768037,0.1973763025459599,0.9389195790423772
2208,73.59926399999999,0.19622383762794002,0.21380267583141072,0.9495748400785412
2209,73.63259699999999,0.1908958472708348,0.21379285191579073,0.9452368025314027
2210,73.66593,0.19401544030872453,0.21799726992178803,0.9439147680868246
2211,73.699263,0.19624322230740807,0.21987701479151606,0.9545980105570161
2212,73.732596,0.1954913800913423,0.22327592367272814,0.9477989652558408
2213,73.765929,0.19522565356611582,0.22937017612205343,0.9561032364811656
2214,73.799262,0.19042582354899018,0.21379043826612038,0.9572181262040886
2215,73.832595,0.19308063840648937,0.21757216908588523,0.9676133136444368
2216,73.865928,0.1913236259539093,0.22296196790572193,0.9561185228881192
2217,73.899261,0.19411705049530106,0.22073420653743558,0.9481834677709238
2218,73.932594,0.19236167338065252,0.22047539196294186,0.956619048502604
2219,73.965927,0.19114309465701074,0.22346817642389968,0.962920328031309
2220,73.99925999999999,0.1890335528727835,0.22059179090533249,0.9644491713665208
2221,74.03259299999999,0.1889826313581956,0.2250888924324914,0.9523156430361458
2222,74.06592599999999,0.19050716785686375,0.22810528046955592,0.9533745871076549
2223,74.09925899999999,0.19033815322792916,0.23389625607713146,0.9460992733472144
2224,74.132592,0.18372394475766135,0.21887717362598952,0.9567570852561457
2225,74.165925,0.18694666256807388,0.23683576897686176,0.9421662354057518
2226,74.199258,0.1870489379975305,0.21602998702797022,0.960236129475672
2227,74.232591,0.18321302842698542,0.23749973657980672,0.940111598660349
2228,74.265924,0.18133502382010405,0.2325417883365874,0.9420443823078407
2229,74.299257,0.17911363311480327,0.22249804958598562,0.9369614113951211
2230,74.33259,0.17580603574358028,0.22387632496822063,0.9312997553056833
2231,74.365923,0.17787231141543783,0.2350828138127315,0.9279989753312212
2232,74.399256,0.17383764139288022,0.22906910288143154,0.9212272037135054
2233,74.432589,0.17657793271940234,0.22480761342903577,0.9259960196974497
2234,74.46592199999999,0.17342522000499633,0.22658477287746775,0.9145869018117754
2235,74.49925499999999,0.15911134259596263,0.22265008413516668,0.9154307927411006
2236,74.53258799999999,0.15135204636692018,0.23270982672539484,0.9157686559103866
2237,74.565921,0.14960911018075695,0.23232760065980895,0.9129183887805132
2238,74.599254,0.14427603303822,0.23874659939073684,0.920530099374693
2239,74.632587,0.11757376298607128,0.23631053916872025,0.9149153115437324
2240,74.66592,0.10547010721513554,0.242062772931161,0.8994999692610975
2241,74.699253,0.11532006894911545,0.2395879465389888,0.899781560689947
2242,74.732586,0.1298538571045985,0.23909709583035388,0.9025701981181038
2243,74.765919,0.1479559135435082,0.24046568729397994,0.911121364083721
2244,74.799252,0.1623873547987458,0.23703987861156636,0.9215819715937694
2245,74.832585,0.1703025591749211,0.23438584632923604,0.9154765242817839
2246,74.865918,0.18021112306162573,0.23595633759101153,0.931814648772831
2247,74.89925099999999,0.19327353909960793,0.23974786046663393,0.9376161160668979
2248,74.93258399999999,0.17194065381251503,0.25173681347874366,0.9043658179341867
2249,74.96591699999999,0.15326524832223024,0.2605326302551106,0.8934393871228041
2250,74.99924999999999,0.16198675565653428,0.25891349218586285,0.8945281153747365
2251,75.032583,0.1717696035575495,0.2639106623704219,0.8939753868806192
2252,75.065916,0.1517710147052801,0.25559945338569234,0.8997387983196596
2253,75.099249,0.10236694369399733,0.26725917692913254,0.8765177540194784
2254,75.132582,0.07052010897700949,0.2590260468308561,0.8621311178639218
2255,75.165915,0.06944671416254186,0.2615104691372909,0.8609989045452944
2256,75.199248,0.07036533530865,0.25256845787560045,0.8613064050894288
2257,75.232581,0.08356968574051023,0.2663346784861234,0.8722893251151578
2258,75.265914,0.11623101932092629,0.256441900445479,0.8988533053830252
2259,75.299247,0.14823197732026255,0.25819121672508755,0.9114489292185162
2260,75.33258,0.15444522533139665,0.2541458635024134,0.922301727548514
2261,75.36591299999999,0.18166222262297466,0.2466301821505551,0.9269844588111333
2262,75.39924599999999,0.19391727085582247,0.23764971046425387,0.9293178209146249
2263,75.43257899999999,0.1990211323806607,0.23742700097503144,0.9253763037401308
2264,75.465912,0.19059624532604363,0.23314166248076854,0.9319066333556791
2265,75.499245,0.18684405079508667,0.23231775515047304,0.939270662158764
2266,75.532578,0.1791170013914475,0.22377909477954783,0.9397800107350498
2267,75.565911,0.1765849286211702,0.18848993091385896,0.9287757846941441
2268,75.599244,0.17873369803113903,0.12365284119213077,0.9305028045169287
2269,75.632577,0.17858625634717934,0.10623916964352484,0.9312501028764926
2270,75.66591,0.17594884501017238,0.10336804452515168,0.9312931394709473
2271,75.699243,0.17363065048079498,0.09949900475820829,0.9320062334941303
2272,75.732576,0.1751861064230346,0.13098928274479626,0.9257603078240806
2273,75.765909,0.17424851095084054,0.1639294134638813,0.944179583180172
2274,75.79924199999999,0.18532360065652592,0.17796334675876177,0.9472766110760655
2275,75.83257499999999,0.17993533409447893,0.18581285364086317,0.9472025274377966
2276,75.86590799999999,0.1854916606338199,0.18975734736083516,0.9739029996214154
2277,75.89924099999999,0.1888058636036682,0.19846949907825323,0.9686286400820713
2278,75.932574,0.19372936715109554,0.20491275074753892,0.9787643849640807
2279,75.965907,0.1966530265172074,0.20641305649671016,0.9913805740645287
2280,75.99924,0.20451847510791993,0.20742719572884843,0.9886190477650004
2281,76.032573,0.2109113639957329,0.2197222578849489,1.0006491991005968
2282,76.065906,0.21544083531199304,0.2099396469172789,1.0050876776803634
2283,76.099239,0.21580763384263488,0.21322204135468087,1.0201309862653412
2284,76.132572,0.24085699242351774,0.20801923820787183,1.0262429290988495
2285,76.165905,0.2640619654657847,0.20701360172064595,1.0331846416934887
2286,76.199238,0.2745537585876535,0.21098419855803613,1.032377219190614
2287,76.232571,0.29139885264310345,0.21725864878291196,1.0501258325570597
2288,76.26590399999999,0.3041028911186854,0.2160254343554544,1.0392749307342621
2289,76.29923699999999,0.3093616684041984,0.2159048267303199,1.0413641520288184
2290,76.33256999999999,0.32916317929805344,0.20875295133507465,1.0543656182354029
2291,76.365903,0.3331862848561423,0.21805597612713673,1.0681942511164282
2292,76.399236,0.3503648682307809,0.2088068929565567,1.0787420452081844
2293,76.432569,0.3532673018589084,0.2090293841797724,1.0866688917161762
2294,76.465902,0.35705641744614275,0.21173999456605966,1.09708731785209
2295,76.499235,0.37573338358804687,0.20676988913917496,1.10684114371749
2296,76.532568,0.3864808150645392,0.21025066842011758,1.1343097980559087
2297,76.565901,0.40191912411574665,0.1938597361318345,1.1333027606691368
2298,76.599234,0.41510620479945054,0.19261318480182027,1.1354399256346017
2299,76.632567,0.4150962287180109,0.19032399749342221,1.1453544253613481
2300,76.6659,0.42573379298159975,0.19722040220089093,1.15653185251334
2301,76.69923299999999,0.43569500889373197,0.18078851408645472,1.1467227898637193
2302,76.73256599999999,0.4436111941811492,0.17920221787271473,1.1321421601494117
2303,76.76589899999999,0.4575988335601238,0.19574254643814953,1.139442289923663
2304,76.79923199999999,0.46852926464253714,0.2031849982530904,1.13739968934184
2305,76.832565,0.4753647771695127,0.19344629683148123,1.1691020583239171
2306,76.865898,0.46391894054305904,0.18981646631104065,1.1393701764236153
2307,76.899231,0.47041652627898894,0.19639067139851246,1.1559804840667895
2308,76.932564,0.4762339784498727,0.18652683536830283,1.1875212332314171
2309,76.965897,0.48301027665362745,0.17598584067899622,1.1844203415357042
2310,76.99923,0.48854884919049896,0.18901460651205948,1.210246009634984
2311,77.032563,0.5159406528881897,0.18998408851250465,1.206316228785193
2312,77.065896,0.5319596499001358,0.19219180338689734,1.2277633633450882
2313,77.099229,0.5454806626626123,0.19168191748966348,1.2592296857703227
2314,77.132562,0.5497631391782022,0.1984902276618188,1.269649899686014
2315,77.16589499999999,0.5721742081122596,0.19225659831008654,1.2801548244076681
2316,77.19922799999999,0.593606675667047,0.19355929074363692,1.2736809970405834
2317,77.23256099999999,0.5963050195131357,0.19605301106414627,1.271558735031103
2318,77.265894,0.5961931763979631,0.20260997642851444,1.272083982303766
2319,77.299227,0.5988697981299701,0.197132390746051,1.2863760086012768
2320,77.33256,0.5866674310959564,0.20147510157146892,1.2796126995559478
2321,77.365893,0.6106970552476492,0.2034658646519896,1.2955068863157906
2322,77.399226,0.5957741551892924,0.20121479482633545,1.2918833909859475
2323,77.432559,0.5953626598600361,0.18463780503005123,1.320169956411849
2324,77.465892,0.5857918111513689,0.18937146772913005,1.3082055463662259
2325,77.499225,0.5976784106592952,0.1918835576362563,1.3475691325959875
2326,77.532558,0.5965449173164032,0.1808274357079439,1.316624008676932
2327,77.565891,0.5918688941768484,0.17437184921569823,1.3229197773450074
2328,77.59922399999999,0.5921018048766273,0.18414966934165738,1.337762481773529
2329,77.63255699999999,0.6041315277004279,0.1645346690489442,1.3246653358382434
2330,77.66588999999999,0.5989755173411706,0.13123309254965632,1.3385310903592573
2331,77.69922299999999,0.615088864086413,0.12063899132413083,1.3018719012629143
2332,77.732556,0.6266751894919045,0.14725284126631502,1.3037024075139028
2333,77.765889,0.6410629288579814,0.17675088187711566,1.3260769846535376
2334,77.799222,0.647726854088931,0.1889160081322253,1.3275490974072708
2335,77.832555,0.6666952607825635,0.19933170522539934,1.326793639742748
2336,77.865888,0.6666383536243019,0.20187862353489577,1.318769975426687
2337,77.899221,0.6969380492782791,0.20636248672656643,1.3384037755534006
2338,77.932554,0.6920908825331331,0.21569612025011686,1.3432119605160084
2339,77.965887,0.7069461153004658,0.20514288794186678,1.3345329792974658
2340,77.99922,0.7208285119909768,0.2014005437871499,1.3519294592772544
2341,78.032553,0.7224568965942616,0.19800786986999197,1.3435715914995146
2342,78.06588599999999,0.7311364372392943,0.20770921102178747,1.338356062689392
2343,78.09921899999999,0.7212364867118166,0.1960268224319075,1.3476581837765964
2344,78.13255199999999,0.7189600128645216,0.1879706354630168,1.371197618437195
2345,78.165885,0.7430979012982782,0.18618705265102029,1.3434018078628192
2346,78.199218,0.7459752100066197,0.18780832921892143,1.3471046527986303
2347,78.232551,0.7558558006627611,0.19581475310378738,1.363984983650086
2348,78.265884,0.7480160114180967,0.18227808706558107,1.328385163967044
2349,78.299217,0.7590730658984389,0.18453785871216105,1.3575828395049594
2350,78.33255,0.7513663579464138,0.17863430424470947,1.3359651268998836
2351,78.365883,0.7535578711369274,0.1790628781896289,1.3331585693179466
2352,78.399216,0.743552873209739,0.17802079970602247,1.3551735781093206
2353,78.432549,0.7518021679784822,0.1847492259025075,1.3511952387844612
2354,78.465882,0.7369206673177899,0.18460602214457028,1.3598033996642365
2355,78.49921499999999,0.7547654577267485,0.17593107536321928,1.356697969396503
2356,78.53254799999999,0.737631915685446,0.17432583610094188,1.3577044885362968
2357,78.56588099999999,0.7202399598391862,0.18715475003016108,1.345196154603771
2358,78.59921399999999,0.7359701556611242,0.17878134912289975,1.3441505605871935
2359,78.632547,0.7277519721871318,0.17941300784601047,1.3484256594188626
2360,78.66588,0.7227745225628496,0.1750589632718676,1.3423800590085222
2361,78.699213,0.7088394107340823,0.17325322396645182,1.339812805514435
2362,78.732546,0.7066091776937222,0.17957045616715347,1.3468964011690039
2363,78.765879,0.6923889540859423,0.17028286995586134,1.3281378370232364
2364,78.799212,0.6822743177737797,0.17616961184868396,1.3278057160196228
2365,78.832545,0.6602577310276792,0.16602057859930291,1.327555128341315
2366,78.865878,0.6531569969018951,0.15744123720206227,1.3335759422213516
2367,78.899211,0.6455962175276981,0.167409598507227,1.314525373080875
2368,78.932544,0.6696280084041655,0.15587166705406436,1.3323145982654097
2369,78.96587699999999,0.6614181897358692,0.15991511753982124,1.3217175644358117
2370,78.99920999999999,0.6521048699284036,0.1630803781796041,1.3194893724856565
2371,79.03254299999999,0.6835459949041015,0.15817939861457736,1.3392037007154394
2372,79.065876,0.6605726449409375,0.16315706490681553,1.3207885506349495
2373,79.099209,0.6854141594311676,0.1539383777585922,1.3349098012439065
2374,79.132542,0.6946737555795389,0.16658251789169207,1.336315735302287
2375,79.165875,0.7243354107114874,0.16347282127870838,1.351336124442228
2376,79.199208,0.7476823819502132,0.16490140924774307,1.3516457845700471
2377,79.232541,0.7521157471588223,0.16939961787082308,1.342915304677413
2378,79.265874,0.7650589265550867,0.16080235604826737,1.3578804337754051
2379,79.299207,0.7565723439182002,0.17328227308383592,1.350805823247405
2380,79.33254,0.7341746327186611,0.16590572030867284,1.3341846345692052
2381,79.365873,0.7265245002702266,0.13990401163616575,1.3304809213544726
2382,79.39920599999999,0.719792915616565,0.11968688183866132,1.3213054746843658
2383,79.43253899999999,0.7369256845524267,0.10694556009923567,1.3464799264813172
2384,79.46587199999999,0.7478325075434337,0.10427936488079181,1.3151702623816461
2385,79.49920499999999,0.7249520823493782,0.08596446709104748,1.3339853918109374
2386,79.532538,0.7118131411556861,0.10501671398000022,1.3275071676147832
2387,79.565871,0.7180467979816064,0.09373342254158973,1.3400476479946002
2388,79.599204,0.7064143811005643,0.11500459208889482,1.338645564226009
2389,79.632537,0.7090536477584866,0.11753068803969093,1.316108958712063
2390,79.66587,0.6834011719640848,0.10997753723754433,1.2816172165554938
2391,79.699203,0.6549534260516883,0.12930631868804232,1.2649756528078868
2392,79.732536,0.6573805648539204,0.11519545971988412,1.2604817016965237
2393,79.765869,0.6281158117882205,0.12027978445838308,1.2551872788688354
2394,79.799202,0.6092765153518641,0.15697187138818253,1.2511711666120056
2395,79.832535,0.5855397155668286,0.14740607737186046,1.207565898773487
2396,79.86586799999999,0.57102804222726,0.1384838738325484,1.2012416679808853
2397,79.89920099999999,0.5590287010913183,0.15719051514882182,1.181694592164857
2398,79.93253399999999,0.5717147039757143,0.15756479673044027,1.1786382175468364
2399,79.965867,0.5473689709700635,0.16019113337744717,1.1582274083274657
2400,79.9992,0.5308832247625946,0.15677734430191567,1.163601370490521
2401,80.032533,0.5175495272575488,0.15453724593366358,1.1593352943219337
2402,80.065866,0.5239071945871724,0.1435916009788893,1.1495263347384481
2403,80.099199,0.50645784000384,0.14004840096789573,1.1364842798322763
2404,80.132532,0.5126753771271483,0.16624691811601072,1.1397161213954359
2405,80.165865,0.5082960169480663,0.1507916869822819,1.1566791853146412
2406,80.199198,0.49796594263727084,0.163761184754187,1.1555228403436635
2407,80.232531,0.5024644748732466,0.16676415317341056,1.1571140393555783
2408,80.265864,0.49941296493122816,0.17291778842070404,1.1620067433342434
2409,80.29919699999999,0.4929588635754269,0.18295355972658056,1.1584547641901721
2410,80.33252999999999,0.47944332908936405,0.1974070144495842,1.1592377501310906
2411,80.36586299999999,0.4730451539772549,0.19311609440060853,1.146997674716487
2412,80.39919599999999,0.4506677329421069,0.19366190013867668,1.1366908589452136
2413,80.432529,0.425689232566438,0.19456254247561922,1.1251826566701653
2414,80.465862,0.4165225840655953,0.19004399420387535,1.1219843293044136
2415,80.499195,0.38796005619557433,0.19307562692123104,1.092419330551175
2416,80.532528,0.37924639909332775,0.1895790813985424,1.073880081112576
2417,80.565861,0.36429696389958516,0.18805726405807652,1.0597211275875036
2418,80.599194,0.32971136981440263,0.19748008441628673,1.04428734911761
2419,80.632527,0.2907660955707449,0.2101950361591406,1.0117749395272033
2420,80.66586,0.2616303218009058,0.16980683891567444,0.9779059152145176
2421,80.699193,0.22980690778459756,0.14841454698862433,0.9376964450611737
2422,80.732526,0.20342618851534655,0.12305973635083889,0.9094843939891367
2423,80.76585899999999,0.16331268843492508,0.11832753130584373,0.8926409051711632
2424,80.79919199999999,0.16460942698805026,0.1282885151079602,0.8940759465872309
2425,80.83252499999999,0.1659497067310067,0.15513756031628187,0.9028965598299021
2426,80.865858,0.14661520529449915,0.19334529320646232,0.9025271366093339
2427,80.899191,0.1320599281810537,0.2050397897752849,0.8906522612303277
2428,80.932524,0.12074346135339409,0.21528643161092292,0.8752538344021608
2429,80.965857,0.08612222015824685,0.21636911910216478,0.8547205429482552
2430,80.99919,0.07309893564850706,0.22501388510598228,0.8407306946513047
2431,81.032523,0.06962965568480997,0.23133361558176452,0.8250089613491713
2432,81.065856,0.07195750348368046,0.22633714891172127,0.8212680525299059
2433,81.099189,0.07098868678421566,0.22867406659654788,0.8213289439594084
2434,81.132522,0.06991381063434624,0.23442437726599014,0.8105442520628843
2435,81.165855,0.06960788904950127,0.23782531933054332,0.809017681692189
2436,81.19918799999999,0.07052294734641583,0.23805613784655844,0.8109195203948029
2437,81.23252099999999,0.07153982889773908,0.23617287104773524,0.8034537455513446
2438,81.26585399999999,0.06956122849937077,0.2407093930894431,0.7999576755807662
2439,81.29918699999999,0.07158724414706569,0.22721300921898263,0.7883461547805627
2440,81.33252,0.07208162267644183,0.22759677767864137,0.7872281317738659
2441,81.365853,0.07138184895230547,0.22262307681167143,0.7882891650834143
2442,81.399186,0.07267227283846484,0.23302887432958114,0.79363848661498
2443,81.432519,0.07348709887128885,0.22579871988564645,0.7904885555230547
2444,81.465852,0.0729903243312134,0.2243969729226219,0.7891689287199262
2445,81.499185,0.07219735588894859,0.2224419039943238,0.7865547130280998
2446,81.532518,0.07349433021319872,0.20738331219107722,0.7852737350888223
2447,81.565851,0.07408137048255617,0.20383681724593591,0.7825443205033397
2448,81.599184,0.07474658370800355,0.2133216513491351,0.7853374188938914
2449,81.63251699999999,0.0754005745608527,0.2226469061402126,0.786985294271507
2450,81.66584999999999,0.07702505746556547,0.21694669547128598,0.7929342151830323
2451,81.69918299999999,0.0795269729839423,0.22183786818861118,0.7937835623170483
2452,81.73251599999999,0.07791899289615398,0.23073672336744586,0.7878799345637725
2453,81.765849,0.07740650831707344,0.22702818116454015,0.7897668520684865
2454,81.799182,0.0785160576477962,0.2313688413786315,0.8007915655907363
2455,81.832515,0.07603818436122116,0.22961439867465477,0.8051546708010938
2456,81.865848,0.07661784612754072,0.23787662152860817,0.8067135783142636
2457,81.899181,0.07723363582572436,0.22953570057708106,0.8069906891095827
2458,81.932514,0.07551984393929151,0.23757819633935673,0.8024048858526056
2459,81.965847,0.0758932124471432,0.24002872133579356,0.7947337758003498
2460,81.99918,0.0767984565151709,0.23591214545081024,0.7948381721172498
2461,82.032513,0.07636043570222208,0.2309133514354867,0.7927478338360436
2462,82.065846,0.07837420679188399,0.23121203691914427,0.7995827760102113
2463,82.09917899999999,0.0779745204381693,0.22482560617334535,0.8040725014723762
2464,82.13251199999999,0.07780377963717351,0.2257126711707087,0.8113034184985918
2465,82.16584499999999,0.07452517645077615,0.23291403794715737,0.8111181687698074
2466,82.19917799999999,0.07566431549373692,0.2341778231849289,0.8231758208396387
2467,82.232511,0.07549033167978837,0.23851863577975757,0.8302258850812048
2468,82.265844,0.07496674309872778,0.24626155921509735,0.8321502601537508
2469,82.299177,0.07454036595357949,0.24641184880130274,0.8249298573649311
2470,82.33251,0.07750275178865063,0.23024634230398588,0.8208792205875968
2471,82.365843,0.0758580877338762,0.23098068122327758,0.8228368307185089
2472,82.399176,0.07452435015675922,0.22882374838880454,0.8242336981604714
2473,82.432509,0.07545405736599,0.2214549307158342,0.8174862329485053
2474,82.465842,0.07604999392574474,0.22630454498221417,0.8190712260306845
2475,82.499175,0.0762795576125137,0.2323052689530355,0.817352451296205
2476,82.53250799999999,0.07600961197133278,0.2395187010680001,0.8157412214576526
2477,82.56584099999999,0.07526923265913621,0.23697192372964526,0.8144711295094657
2478,82.59917399999999,0.07493658016659183,0.23952575935139994,0.8231898541544699
2479,82.63250699999999,0.07581472693602515,0.23693181065038782,0.8119566376909523
2480,82.66584,0.074690786686418,0.2371894871704529,0.8152217727547676
2481,82.699173,0.07582496750073799,0.2358728324712452,0.8156044328991242
2482,82.732506,0.0738459751062377,0.23528844431530738,0.8159963058296283
2483,82.765839,0.0743884983424363,0.23303279825147186,0.8251952678707354
2484,82.799172,0.07563587908216596,0.22442168763374187,0.8222886842675898
2485,82.832505,0.07741531562860167,0.21930797438648375,0.8270470870496429
2486,82.865838,0.07690618106424785,0.21889720805132779,0.8287442559898922
2487,82.899171,0.07514627515310636,0.22589965653179117,0.8343571807139402
2488,82.932504,0.0751104386011791,0.22826684853645454,0.8370306347054335
2489,82.965837,0.07467821289959653,0.21943897328034184,0.8365493646907045
2490,82.99916999999999,0.07365046996210012,0.21648242232465853,0.8420307679697426
2491,83.03250299999999,0.07307944688487265,0.22370804476204179,0.8347278390577672
2492,83.06583599999999,0.07125934684316812,0.22691440204070487,0.8510523603830741
2493,83.09916899999999,0.07139414101222892,0.22853748992463457,0.8667929629280312
2494,83.132502,0.0727373209078574,0.21794274316899734,0.8724706479824623
2495,83.165835,0.07166488886777651,0.22237363720832068,0.8832569375377837
2496,83.199168,0.07050515525884225,0.231902535671919,0.8904544508882842
2497,83.232501,0.07022701693056876,0.22675259438581816,0.8845673232737115
2498,83.265834,0.06999579729918358,0.23775265338948276,0.8962360325404525
2499,83.299167,0.07038830394081545,0.23335066585980926,0.893827457248336
2500,83.3325,0.06945314192282591,0.22905824491007643,0.8868540930770954
2501,83.365833,0.06692478484939465,0.22761481336426237,0.8999956517475836
2502,83.399166,0.0672809253326587,0.14461582517473454,0.8905166202738153
2503,83.43249899999999,0.0687260033932502,0.09497840091513733,0.9020877625958935
2504,83.46583199999999,0.18032413205887501,0.13997532155552944,0.9179093133421788
2505,83.49916499999999,0.24551507216383125,0.19959056373711065,0.9658202070252888
2506,83.53249799999999,0.22337803354935948,0.21492526430204872,0.9619117551095385
2507,83.565831,0.17932696707001577,0.2273442464804834,0.9542122029098553
2508,83.599164,0.17713060396835487,0.2135230517291733,0.9377756292784937
2509,83.632497,0.17658032003631646,0.19896597678060401,0.9322602980233083
2510,83.66583,0.1635169163093754,0.1974854749431143,0.9288786347114301
2511,83.699163,0.16813017924888338,0.20722495928455356,0.9123644470916265
2512,83.732496,0.18236733451122747,0.208732920844847,0.9181065245280462
2513,83.765829,0.18028485179756332,0.21906262656051134,0.9243996994736324
2514,83.799162,0.1772242654285732,0.2253057006149613,0.9239995866977737
2515,83.832495,0.15455409248827218,0.2259698233599952,0.9361099058554018
2516,83.865828,0.12774085204153285,0.22869696610363943,0.9339974285288297
2517,83.89916099999999,0.0849685243018618,0.21272640084718175,0.9288446971134311
2518,83.93249399999999,0.07865591094974093,0.21700347724718777,0.927032960135699
2519,83.96582699999999,0.07825015223867757,0.21992851168830901,0.9428194038148549
2520,83.99915999999999,0.07919478633427124,0.20929409675574961,0.9403061450939988
2521,84.032493,0.07812106423345455,0.19933167003145758,0.9389774162069611
2522,84.065826,0.10270835872633377,0.18781165552370532,0.9515969883905945
2523,84.099159,0.10073401352101384,0.1914710551282079,0.9420402812477476
2524,84.132492,0.07616571893803226,0.1865620743424335,0.9339782476545673
2525,84.165825,0.07596783150374707,0.18694281897355486,0.9248864871804635
2526,84.199158,0.07584594045927488,0.19070302754399998,0.9298486734685798
2527,84.232491,0.07578515247075257,0.19887125069986966,0.9240282231563218
2528,84.265824,0.09286557644478319,0.19635632911103618,0.9199360643131106
2529,84.299157,0.09798681068904994,0.20201284995599272,0.9206989080591219
2530,84.33248999999999,0.10089335341266209,0.20672467996801486,0.92310396843182
2531,84.36582299999999,0.12289986457300991,0.20163113384942855,0.9254287348829661
2532,84.39915599999999,0.13223278285074508,0.2067880471786261,0.9265234684937506
2533,84.43248899999999,0.1125545864061038,0.21110332745564023,0.9271551718451152
2534,84.46582199999999,0.07996464522507034,0.1997921900584075,0.9159006720907801
2535,84.499155,0.07480941958202464,0.20479750477907221,0.9180966556202578
2536,84.532488,0.07504170997600738,0.2039509294429927,0.9204384184278103
2537,84.565821,0.07464021502814507,0.20587826673452,0.9128112419935229
2538,84.599154,0.10253967686087315,0.2079718027392986,0.9155595899803819
2539,84.632487,0.11647065589742439,0.22098855625116304,0.9183936691501742
2540,84.66582,0.13020348387856223,0.2184337293495719,0.9330621120651872
2541,84.699153,0.13953115667702734,0.2118806518392094,0.930237862591423
2542,84.732486,0.14871729965975408,0.21190571795463187,0.9277336873790585
2543,84.765819,0.15122660412960054,0.22379197884919946,0.9277770392333595
2544,84.79915199999999,0.133032317285828,0.2151389195994088,0.9108228170241058
2545,84.83248499999999,0.11985795591671201,0.21837564065374349,0.9149646396745447
2546,84.86581799999999,0.10040631053793911,0.21683916623244504,0.9116388002671185
2547,84.89915099999999,0.08298111249213787,0.22343908433022308,0.9063915480797433
2548,84.932484,0.0764574277289533,0.21497087631141734,0.909410028317593
2549,84.965817,0.07710397980547519,0.21856450523369142,0.9056952826236129
2550,84.99915,0.07722838952590051,0.21784581356195018,0.9133959167281656
2551,85.032483,0.07705922954990914,0.21649006148415417,0.9119786860766368
2552,85.065816,0.0769607642966183,0.21696538015095856,0.914312594666942
2553,85.099149,0.07521850182453384,0.22754240872836184,0.9059858388731972
2554,85.132482,0.0744032959447686,0.22322484864938746,0.9037072558189078
2555,85.165815,0.0756513476556611,0.22830281063273583,0.9065172911978152
2556,85.199148,0.07649203777236352,0.22165364540477328,0.8972289114201011
2557,85.23248099999999,0.07548167225496061,0.2255954907246125,0.9103396673415961
2558,85.26581399999999,0.07634837615852282,0.22043109373495334,0.902891677231744
2559,85.29914699999999,0.07534132492419664,0.22007419307757964,0.8979342199840933
2560,85.33247999999999,0.07715232814112585,0.21916832163633385,0.9113187061701433
2561,85.36581299999999,0.07787156524910946,0.214880629959424,0.9108961175530921
2562,85.399146,0.07520688778247861,0.22854660030535828,0.9093963354834024
2563,85.432479,0.07336627481676475,0.23016742541979904,0.9232706870477919
2564,85.465812,0.13186289440578292,0.22991610230105247,0.9251229252897316
2565,85.499145,0.16837122994955506,0.2394327802620733,0.9150595847247057
2566,85.532478,0.17538033023978913,0.22816651149991685,0.9137270563081039
2567,85.565811,0.15995812539885274,0.22858368558745026,0.9036530906873271
2568,85.599144,0.1495280596708438,0.23560528437228118,0.8894230902606479
2569,85.632477,0.14200018744508056,0.23553355022186678,0.8910889886340742
2570,85.66581,0.13056932856420497,0.23433298028832658,0.8879711204056602
2571,85.69914299999999,0.12549697450385347,0.22999172794575756,0.883250068678436
2572,85.73247599999999,0.13238895125066594,0.23577906202263743,0.887966265332969
2573,85.76580899999999,0.1484074508896559,0.22457754182733755,0.8914357845628375
2574,85.79914199999999,0.16133231275051604,0.2348646251575612,0.9077918159404135
2575,85.832475,0.15939449331873987,0.23643806913462023,0.9114372561604777
