idx,time_sec,mar,ear,nose_chin
0,0.0,0.17372624730591127,0.2743899749253026,0.8883040005128388
1,0.033333,0.16404458111965162,0.2762204708703218,0.8902867626408302
2,0.066666,0.16426988397965858,0.28198752327974846,0.8970556349781672
3,0.09999899999999999,0.17623835327283932,0.27983963114771004,0.9354561871494546
4,0.133332,0.16780205758437475,0.27668244085973265,0.9341092317685404
5,0.16666499999999998,0.16368506238931513,0.2784344966301337,0.9149114238720767
6,0.19999799999999998,0.16962975225133387,0.2859521526681917,0.9299981704881948
7,0.23333099999999998,0.16185967046416933,0.2816876172549255,0.9275377316421961
8,0.266664,0.16784487106243048,0.2806654998258956,0.9215568253039625
9,0.29999699999999996,0.16709607254159797,0.27807722803803236,0.9246131481035739
10,0.33332999999999996,0.1567759929560702,0.2873717700432754,0.923924196458427
11,0.36666299999999996,0.16096722609681174,0.23856526361235675,0.9330135379722081
12,0.39999599999999996,0.16467230781658315,0.1747361434494383,0.9404440566375772
13,0.43332899999999996,0.16467229428677202,0.1654111618263194,0.9299753742450984
14,0.46666199999999997,0.16695260928427166,0.1543034887170176,0.9281599292831079
15,0.49999499999999997,0.16827953474876,0.1794702361589303,0.9160957509556819
16,0.533328,0.1660007064030393,0.19592862658283247,0.9233168109216007
17,0.566661,0.16509174970727708,0.20012075629719234,0.9276864693638504
18,0.5999939999999999,0.15622764097692143,0.21293122513009807,0.9236275043606209
19,0.633327,0.1620940569625475,0.220294599139031,0.9321335613128419
20,0.6666599999999999,0.1602798728440609,0.22071851659426228,0.9307965801248483
21,0.699993,0.16321012997114537,0.2447514022513048,0.9328712902799434
22,0.7333259999999999,0.15897464451348575,0.269893196201082,0.9274980273119653
23,0.766659,0.159959959167288,0.27580753796432855,0.9306710432691552
24,0.7999919999999999,0.1652044114126678,0.2851588303060014,0.917824244177767
25,0.833325,0.16019165020947362,0.2815073283166004,0.9157012729373489
26,0.8666579999999999,0.16295424463936747,0.2772725962671999,0.9313640701439115
27,0.899991,0.1713797806107774,0.299099172553842,0.9363617921474353
28,0.9333239999999999,0.16536062458955816,0.29737968161384126,0.9364232319552164
29,0.966657,0.16156460940914813,0.29083528204629244,0.9307439421026018
30,0.9999899999999999,0.1660429283987543,0.29236004299277774,0.9316538897961684
31,1.033323,0.1668314397288814,0.2912856015756823,0.9283556085978534
32,1.066656,0.15773306736366657,0.300077102281457,0.9233006598434109
33,1.0999889999999999,0.16271169176822642,0.2958054941299093,0.9293650095105693
34,1.133322,0.166606859562333,0.30193357819177535,0.9266725722246321
35,1.166655,0.1646219367006527,0.31014158403040415,0.927192862015708
36,1.1999879999999998,0.16617554164840506,0.30628044411887007,0.9288488429078336
37,1.233321,0.16576680376543385,0.3089706744596519,0.9242822107873072
38,1.266654,0.16319004897170344,0.31255258412828923,0.94979468286023
39,1.299987,0.1754261457520508,0.310623138650466,0.9180823119069291
40,1.3333199999999998,0.16568811624898871,0.30731761584465267,0.9348252616519878
41,1.366653,0.1617173656260051,0.3175393671217135,0.9342246569388649
42,1.399986,0.16100391586982676,0.3163245677176013,0.9347281877236199
43,1.433319,0.17088099333349768,0.31015007651231474,0.9369944991121775
44,1.4666519999999998,0.1703161020906426,0.2955792601525412,0.9366275366849276
45,1.499985,0.1704116878926297,0.3134346795990618,0.9458866766295595
46,1.533318,0.1659327805664425,0.2984961834564106,0.9353574536314974
47,1.566651,0.16823138306385169,0.3234128952142695,0.9508957576585215
48,1.5999839999999999,0.17268994285696515,0.3008272077472991,0.9317576216141708
49,1.633317,0.16884269330786936,0.3206923042684822,0.9418711361825604
50,1.66665,0.16301247289619344,0.29697662666952485,0.9344344009197119
51,1.699983,0.16537726254047536,0.3167537364062631,0.9480312160588185
52,1.7333159999999999,0.17368300837587577,0.30448901330975264,0.9449783823272226
53,1.766649,0.17592610874050185,0.3040615102280842,0.9340504683848636
54,1.799982,0.16712179581592954,0.3117626536999587,0.9508663435215878
55,1.8333149999999998,0.1699807310856077,0.31507076894216257,0.9268233450481015
56,1.8666479999999999,0.1666976618378826,0.310111541567636,0.9434679760562951
57,1.899981,0.16799978505303473,0.31661478155499323,0.928762010327357
58,1.933314,0.16688063367473838,0.3098787651043931,0.9349073158436326
59,1.9666469999999998,0.1684302712438196,0.31394111013212295,0.9214594280188241
60,1.9999799999999999,0.17063019247202338,0.30682975357803477,0.9463479026298862
61,2.0333129999999997,0.17270290985307785,0.30460429672420525,0.9224819174886567
62,2.066646,0.17014186715400453,0.31121551311670786,0.9443288054880395
63,2.099979,0.17517777059742282,0.3085591599297712,0.9309081128659097
64,2.133312,0.16738250379744532,0.3119200634308177,0.9451223967809104
65,2.166645,0.16687229357332842,0.3224407414117264,0.928362530113767
66,2.1999779999999998,0.17190661449698508,0.3079878827334499,0.938516143446022
67,2.233311,0.17163678492072645,0.3112408238840829,0.9455308649629908
68,2.266644,0.17371671706754066,0.30501716355231717,0.9341723669882843
69,2.2999769999999997,0.17697398930617442,0.3130179341493773,0.9467437471076019
70,2.33331,0.18022354713547623,0.3052133599463436,0.9410867555103487
71,2.366643,0.175700073562517,0.28100965995393,0.9642258231611358
72,2.3999759999999997,0.1794490000937423,0.23012578919291943,0.9649455513322105
73,2.433309,0.17602286121371624,0.19377750182550257,0.9471062827297242
74,2.466642,0.17520470477489394,0.20855018777572146,0.9647704403200713
75,2.499975,0.17474885134503598,0.25949778351986497,0.9363781709130138
76,2.533308,0.17143872463523208,0.27568879047879563,0.936257979065468
77,2.5666409999999997,0.16803975036452246,0.2913191802838208,0.9435909954320264
78,2.599974,0.1736343030008126,0.2879599440002653,0.9392163987878132
79,2.633307,0.1684905889371561,0.29705234632137667,0.9459147844336895
80,2.6666399999999997,0.1680407543718424,0.2992762521489548,0.9268615563567854
81,2.699973,0.1674922695857201,0.3028146050021808,0.9471137019304419
82,2.733306,0.17007590422673047,0.3084088271280594,0.9190356401299636
83,2.766639,0.16875915613415063,0.3031724439031107,0.9505661283342353
84,2.799972,0.1773291454935747,0.29921036686628255,0.9282946323434786
85,2.8333049999999997,0.1699946284181203,0.31429269743981647,0.9507066083062901
86,2.866638,0.1727987312876035,0.309105080887662,0.9201647389553931
87,2.899971,0.17485172640733784,0.3069789770728344,0.9570910494123279
88,2.9333039999999997,0.1790570717084773,0.3099460026431291,0.920302628578504
89,2.966637,0.1732365050460868,0.32128906012421615,0.9482951102127569
90,2.99997,0.17712646968403173,0.31204190437940127,0.9410366637996234
91,3.0333029999999996,0.1719767954854577,0.32160032196804245,0.9544387909927181
92,3.066636,0.1761440525342648,0.3067662179421303,0.9545331872530028
93,3.0999689999999998,0.1780685468553112,0.32095099341834277,0.9511977914002226
94,3.133302,0.17711124941289205,0.30211978064815387,0.9478469680342465
95,3.166635,0.1809673580790758,0.3133364347937875,0.9536022510371841
96,3.1999679999999997,0.17518232736157754,0.3166505975384911,0.9365068228754587
97,3.233301,0.16349820580998595,0.3167384428907316,0.9482880039367274
98,3.266634,0.1769354919053123,0.30721805872350205,0.951298074028689
99,3.2999669999999997,0.1715660754096939,0.3145230989236141,0.9598955927454809
100,3.3333,0.17665332182950172,0.3029801228971737,0.9517167079648292
101,3.3666329999999998,0.1778164073233003,0.3061511559110937,0.9558400209685426
102,3.399966,0.17215012661013984,0.3015548276081197,0.9454536224620658
103,3.433299,0.17317923712437192,0.3091272882119023,0.9583377358974289
104,3.4666319999999997,0.1798616171821682,0.3062900340839464,0.9328975838139215
105,3.499965,0.16463745763288662,0.30785654970063997,0.9450110104410652
106,3.533298,0.17150713415219476,0.3096388625966887,0.9443356806494136
107,3.5666309999999997,0.1696349930824323,0.30623077975680113,0.9404796297426505
108,3.599964,0.16378821095712187,0.303475300921115,0.945582101661374
109,3.6332969999999998,0.15633110728450425,0.2965460981113194,0.939168041759962
110,3.6666299999999996,0.15089120312538917,0.23642693209065585,0.9710820958620895
111,3.699963,0.13590352381985568,0.17598307833600407,0.9791759129005283
112,3.7332959999999997,0.12981097445219902,0.17164229245699333,0.9909233712726411
113,3.766629,0.11648327891577662,0.16658607967118408,0.9834582438933863
114,3.799962,0.08671718994984165,0.21001151528198742,0.9905706116713016
115,3.8332949999999997,0.07147423452914553,0.2556808737533409,0.9615587084626743
116,3.866628,0.0714423025756353,0.2710233904849032,0.9525675407779748
117,3.899961,0.07176989396811763,0.2763459113654436,0.9480795309762114
118,3.9332939999999996,0.0725320799890905,0.28779659232219035,0.9539158690634392
119,3.966627,0.07428846970842949,0.2971973232498125,0.9460676446161009
120,3.9999599999999997,0.07179216107083775,0.3000807214584401,0.9389077405375456
121,4.033293,0.07270256674074786,0.30751757561138887,0.948419626589603
122,4.066625999999999,0.0735035840956774,0.31427666259010134,0.9302779835519301
123,4.099959,0.07447768575280447,0.3126620841400187,0.9368277723129078
124,4.133292,0.07304517023859627,0.30309688749570407,0.9473023017037189
125,4.166625,0.0744194903352612,0.3098864380040647,0.9334599514377133
126,4.199958,0.07515662271811871,0.30928187582650146,0.9278931741661052
127,4.2332909999999995,0.07452786586133031,0.31469814873459856,0.929136685075166
128,4.266624,0.07648521352580812,0.31517240256812734,0.9365622693848271
129,4.299957,0.07548503935983805,0.3085094376690459,0.9420908851892885
130,4.33329,0.07607228095771507,0.30286684127875085,0.9365699943554704
131,4.366623,0.07511828997421953,0.3070333650009287,0.9354319997117433
132,4.3999559999999995,0.07492675638042076,0.3162469812493712,0.9340120652302858
133,4.433288999999999,0.07616443974644795,0.29611864146661115,0.9456426190700781
134,4.466622,0.0791611427678437,0.30293817221056335,0.9465366333823483
135,4.499955,0.0775162797502485,0.2953708783427753,0.9503428872570902
136,4.533288,0.07920927096025958,0.3091188446186851,0.9526131031979341
137,4.566621,0.08122403707809571,0.30027798583126164,0.9460458708909192
138,4.599953999999999,0.08118276638236438,0.2994752005146246,0.9606702414432428
139,4.633287,0.07990703907681573,0.3117071040502037,0.967614899897156
140,4.66662,0.07891996621597279,0.30694134426309017,0.9577265161235797
141,4.699953,0.08155633569182551,0.30843533027390296,0.9620949406317859
142,4.733286,0.08023075978171122,0.31314148965172856,0.954252105269975
143,4.7666189999999995,0.08212612849796413,0.30756079350037846,0.9673066464032145
144,4.799951999999999,0.07887246380050966,0.3040565408746084,0.9628030573160206
145,4.833285,0.0799589135795271,0.3019594672672783,0.959952445816907
146,4.866618,0.07715479306029095,0.3119835764287001,0.9461152556134285
147,4.899951,0.07887169744769235,0.30360723055955186,0.9527850175308487
148,4.933284,0.07600553324598454,0.30597842935081343,0.946265921312826
149,4.966616999999999,0.07850843672654785,0.30381620718800284,0.9380817333187372
150,4.99995,0.07840664137704313,0.29841191612102447,0.9455131250231884
151,5.033283,0.07846372783763626,0.3024293998753119,0.9436100268898219
152,5.066616,0.07837457860738732,0.2989724084918005,0.9460971231446793
153,5.099949,0.07652885405692027,0.2997177125777797,0.94547911387882
154,5.1332819999999995,0.07792207746078275,0.30397706970005356,0.9510422091724228
155,5.166615,0.07621549328730083,0.301465856406153,0.9536208830890315
156,5.199948,0.07557373388740482,0.2932480450251089,0.9437777419062747
157,5.233281,0.07632528194724864,0.3070887380521867,0.9483078577140965
158,5.266614,0.07565413399090704,0.31097345695084455,0.9649473685723042
159,5.2999469999999995,0.07370243025050069,0.30684986449850193,0.94617955491678
160,5.333279999999999,0.07442846010906028,0.3082049129508452,0.9463138526990941
161,5.366613,0.0739654013596311,0.30669866386225975,0.936967398835922
162,5.399946,0.07474010205864699,0.30999363012309766,0.948903766564228
163,5.433279,0.07301317840792194,0.30731336997187175,0.942938969676023
164,5.466612,0.07318037438767819,0.3048517900789871,0.9513470459947746
165,5.499944999999999,0.07362743657025927,0.30685399938111135,0.9423449919323498
166,5.533278,0.07282811652530416,0.31271978565104436,0.9621403141076724
167,5.566611,0.07603340626145713,0.30970894977129076,0.9462522879651528
168,5.599944,0.07406807550525986,0.3040382605355572,0.9399880504612991
169,5.633277,0.07359187589319346,0.3052801452590531,0.9603676460373719
170,5.6666099999999995,0.0739442796152937,0.30207668385014896,0.9405531458617524
171,5.699942999999999,0.0729644313244066,0.31128546224432235,0.9384459461910702
172,5.733276,0.07317908929081994,0.3089528439989301,0.9431928485465284
173,5.766609,0.07333524282359222,0.30754592672067854,0.9451011157757888
174,5.799942,0.07177135967960942,0.30408002664382533,0.9530214182888352
175,5.8332749999999995,0.20080140474162314,0.2973451223080059,0.9774044879216218
176,5.866607999999999,0.23523792659687306,0.30866854900130486,0.9821966607579202
177,5.899941,0.14629595636441806,0.2949423286882908,0.9761751898967568
178,5.933274,0.076200239141061,0.29535405453770847,0.9658895405834097
179,5.966607,0.07415114406837305,0.2981653727731899,0.9613509072923982
180,5.99994,0.09269968598271641,0.2933754786353225,0.9656497502292801
181,6.033272999999999,0.16962835847386482,0.3028164091819635,0.9824960736096416
182,6.066605999999999,0.19771782382318612,0.31364042273562587,0.9830255243033674
183,6.099939,0.1813232150927513,0.2985243430837642,0.9677143405773089
184,6.133272,0.18321149625049218,0.3060544888086463,0.9857156031810059
185,6.166605,0.17438719575636707,0.29615086042714817,0.9836789071705532
186,6.1999379999999995,0.1813826699710288,0.2965066166982131,0.9804105174300751
187,6.233270999999999,0.1830593256862379,0.2924375459756866,0.981120957325698
188,6.266604,0.19257226790851112,0.2962347684845878,0.9624573247716056
189,6.299937,0.1859463981417519,0.2909909918614312,0.964176272879685
190,6.33327,0.19524305036834824,0.2871018062026227,0.981285503011979
191,6.366603,0.19507905058061842,0.2985166303178445,0.9633749521474364
192,6.399935999999999,0.19033747509187987,0.2920761976739107,0.9624370168380828
193,6.433268999999999,0.17836372837460898,0.29420730578364773,0.9712713987659461
194,6.466602,0.18337928404997364,0.2870268481375311,0.9800316885753697
195,6.499935,0.1727737682033737,0.29342865786195277,0.9817838224659738
196,6.533268,0.1702436039373327,0.2924866245917994,0.9628536795013848
197,6.5666009999999995,0.17781092766142007,0.29363555030675925,0.9604135298990449
198,6.599933999999999,0.18242562684367736,0.2906741750807743,0.974789602128211
199,6.633267,0.1802129624439231,0.2868009126434228,0.9610750107391834
200,6.6666,0.18176985593360276,0.2834061726376724,0.9688519685056955
201,6.699933,0.18292340434114485,0.2790529464044364,0.9767906001788524
202,6.7332659999999995,0.17498756866443554,0.28433604781766175,0.9772796027665156
203,6.766598999999999,0.17286854369449584,0.29361881967785247,0.9821015187235083
204,6.799932,0.1800493355902918,0.2864279562774408,0.9656215921898819
205,6.833265,0.17842975053452806,0.2918991329832327,0.9628392925912106
206,6.866598,0.18872745269697916,0.29096573784949725,0.9648077603417722
207,6.899931,0.1731339852188793,0.31303200633127926,0.9607772814362446
208,6.933263999999999,0.18221396666297843,0.2963955123247377,0.960049251535933
209,6.966596999999999,0.16965647166610023,0.2979464627677077,0.9585269668712861
210,6.99993,0.18626511550784441,0.2893328027947292,0.9594584741820289
211,7.033263,0.18380832237281458,0.29247477906658864,0.9657182557409163
212,7.066596,0.18163645373055512,0.30222662539015677,0.9674729110456586
213,7.0999289999999995,0.1714505679356378,0.305790691650806,0.955132823337117
214,7.133261999999999,0.17953193670088147,0.2963373204876337,0.9841478296865556
215,7.166595,0.1839872521709115,0.29197282559765114,0.971682867225539
216,7.199928,0.1829993898762486,0.28901686586034725,0.9700932346466488
217,7.233261,0.18567052878102058,0.29589276471649295,0.9780618904591887
218,7.2665939999999996,0.18296811898831605,0.3017753528167971,0.9824924869464863
219,7.299926999999999,0.18830608024412798,0.29434890296886906,0.9910130907526169
220,7.333259999999999,0.18068633332441705,0.2961902587855286,0.9899943401193174
221,7.366593,0.18429768378051756,0.29438671976723874,0.9668081143003076
222,7.399926,0.18242581255393406,0.28954368908833106,0.9727963552415912
223,7.433259,0.1766203411535748,0.29447298970220254,0.9577835356302202
224,7.4665919999999995,0.1789623555982603,0.29823156784991744,0.9612960435093386
225,7.499924999999999,0.16878258895065998,0.2902074873110328,0.9581309229753161
226,7.533258,0.163110813219057,0.3007891811242589,0.9479461754995427
227,7.566591,0.1636149625458914,0.29609986823518686,0.9663420995359953
228,7.599924,0.15778794460451576,0.29187076563350656,0.9582966351356396
229,7.6332569999999995,0.159955586845769,0.29183758619163347,0.9684437044480656
230,7.666589999999999,0.16823727637928226,0.3021491344152416,0.9469670706656771
231,7.699922999999999,0.1660429650488817,0.29097152212449107,0.9683541308794577
232,7.733256,0.1730159404138713,0.28202820522435823,0.9739870202135108
233,7.766589,0.1638152894746778,0.2939435213702256,0.9764179091943491
234,7.799922,0.15788284232623276,0.28986064273846157,0.969542358755311
235,7.833254999999999,0.15270169220587715,0.28954611597087515,0.9666317845172437
236,7.866587999999999,0.14165102995773624,0.2935073588076522,0.9800901027602554
237,7.899921,0.11585473550829939,0.2975532818196971,0.9649840945379103
238,7.933254,0.09358614095748267,0.29412683223567737,0.9666812317058354
239,7.966587,0.090777597193217,0.3002993889100257,0.9607992386998088
240,7.9999199999999995,0.12898813882258642,0.2984775911639522,0.9718455489641573
241,8.033253,0.15824926468407707,0.29815576042588715,0.9651665359841832
242,8.066586,0.15852530777304194,0.2948022021540544,0.9739298692654016
243,8.099919,0.17938741308184092,0.3019129754847629,0.9675661855460982
244,8.133251999999999,0.17477393825662738,0.29829199339393436,0.9783150187994867
245,8.166585,0.18471454914620453,0.29664218099867884,0.9746592976655871
246,8.199918,0.18584413988787685,0.30080247500257484,0.9837629029427872
247,8.233251,0.19483075569849673,0.29327712484433366,0.9752827634546445
248,8.266584,0.18736416477420562,0.2950978086578806,0.9822289368079562
249,8.299916999999999,0.19078813570208675,0.3111390642380002,0.9616436850839408
250,8.33325,0.19883332998615882,0.30462052190635475,0.9695005964606742
251,8.366583,0.18459175948266435,0.3150355724224534,0.9786785686916933
252,8.399916,0.20621360819624307,0.29868615890967054,0.9847170702642593
253,8.433249,0.20054912204326183,0.30052206502012985,0.9722494388137813
254,8.466581999999999,0.19972477965504778,0.2997989556788533,0.9709441345416259
255,8.499915,0.19936001720678503,0.3040676176921437,0.9713733083943501
256,8.533248,0.21230225261278837,0.29735557075062463,0.9858447094166016
257,8.566581,0.19923057054044924,0.29953100301404323,0.9829614005266025
258,8.599914,0.1954488114205745,0.2998235791828511,0.9886692784994906
259,8.633246999999999,0.19862498392687775,0.2980585796613224,0.9802428463554368
260,8.66658,0.19596038897844542,0.3058249730173167,0.9948888203728073
261,8.699912999999999,0.20198429886164598,0.29899411522968455,1.0045736358374908
262,8.733246,0.20612332468825664,0.22040920275287765,1.0352106504091887
263,8.766579,0.20677753529130008,0.14575179415457928,1.044950584845289
264,8.799911999999999,0.2177165956490671,0.16481892526938552,1.047288885332001
265,8.833245,0.2205054828323953,0.20470956676402835,1.035347955164621
266,8.866577999999999,0.21060853112713163,0.2608271464209607,1.0287890127597719
267,8.899911,0.2030162300990682,0.2759172489414924,1.0041484134697072
268,8.933244,0.19397416347814603,0.28569308275253846,1.005402740866149
269,8.966577,0.19196593798208503,0.29132891110675163,1.019076834928251
270,8.99991,0.18378966576153058,0.2979752207856021,1.0178979223462183
271,9.033242999999999,0.17707067245569622,0.3000988296712222,0.9930820218470692
272,9.066576,0.1756075830135622,0.30118570489999275,0.9954671405859067
273,9.099909,0.16613039811731603,0.3016903241671162,1.006044291139979
274,9.133242,0.17870946756831557,0.2943747314445546,1.0132042792327645
275,9.166575,0.18500268209341378,0.30159035079583163,0.998433793235148
276,9.199907999999999,0.17707702274763912,0.29566612045295176,0.9995732208091289
277,9.233241,0.17379401287515897,0.2970900483559654,1.0014720740400214
278,9.266574,0.18145712494747876,0.2978042327601584,0.980620552322078
279,9.299907,0.18268022284714902,0.30515975756922276,0.978576243069235
280,9.33324,0.19518836705286727,0.3043716087003686,1.0258238386883842
281,9.366572999999999,0.20104047136364436,0.28857752773545164,1.014007570070639
282,9.399906,0.1839295110641291,0.29772831849577275,1.0117778258339487
283,9.433239,0.1577286343520759,0.2961386116193472,0.9958168421841858
284,9.466572,0.09849733354376684,0.3104394148849939,0.9740007198808994
285,9.499905,0.1316929368826752,0.30901204141768135,0.9734188616140034
286,9.533237999999999,0.1630376338168453,0.30868630306514827,0.9783869325731674
287,9.566571,0.18292105367815445,0.3143141663949489,0.9765718537899344
288,9.599903999999999,0.18084670986377904,0.31300858992438085,0.9723898456702582
289,9.633237,0.18160823540315926,0.3025237643846902,0.9736839791260455
290,9.66657,0.19361504300718402,0.3057507042007911,0.9703692462751893
291,9.699902999999999,0.19714531920458334,0.3053417735893539,0.9687874593507941
292,9.733236,0.20180076489260498,0.2983319553150604,0.9784584487648488
293,9.766568999999999,0.20040321252365628,0.28807484961696433,0.9849721949363397
294,9.799902,0.18803159592863888,0.30104185458812166,0.9811879117806088
295,9.833235,0.21514059210579303,0.2986839714458065,0.9736453052425713
296,9.866568,0.1995999722923578,0.29084357081193224,0.9788927516657683
297,9.899901,0.19954699680565235,0.29419003156084844,0.9683052430366482
298,9.933233999999999,0.19457690637319658,0.2942658190625793,0.952518514571994
299,9.966567,0.20099687882814055,0.2982486700420106,0.9616322161344685
300,9.9999,0.19577754365633984,0.2986272507050303,0.9672077547030633
301,10.033233,0.194326505496843,0.2919329123219319,0.9754038156881738
302,10.066566,0.19297000457889277,0.28347771235326713,0.9751325208422165
303,10.099898999999999,0.19331778348583595,0.2887800604409726,0.9845700295952514
304,10.133232,0.18311621404144368,0.2878881389258269,0.9888550314979674
305,10.166565,0.1950042616680384,0.28447528229489816,0.9987761821657082
306,10.199898,0.18805328538959984,0.2898155049132922,0.971235610945069
307,10.233231,0.19141569523457072,0.28836051755342507,0.985232662899671
308,10.266563999999999,0.1885762211240185,0.29357879710404156,0.9857541897891523
309,10.299897,0.1872483629393334,0.2909231186707887,0.9927247588097984
310,10.33323,0.18968394216633622,0.2769078739233837,0.9889745247210766
311,10.366563,0.18913445863143294,0.27134343159421714,1.0116427541403281
312,10.399896,0.19296363281404014,0.22404574560914817,1.0317381367286456
313,10.433228999999999,0.18248829429012636,0.19165915382979276,1.0158955045866889
314,10.466562,0.1878962179811628,0.18564340629401033,1.0507074234968485
315,10.499894999999999,0.1988003356519842,0.22930624607224526,1.03935987874035
316,10.533228,0.18940723497155337,0.2687069335400911,1.0831116172405153
317,10.566561,0.19334767075293563,0.294049530315326,1.0628242502574987
318,10.599893999999999,0.19143232521058592,0.34466274982834544,1.1481634923622221
319,10.633227,0.2038381437479423,0.36865331530602674,1.1816161119178197
320,10.666559999999999,0.1821268134014874,0.3875799645040461,1.1911208895993093
321,10.699893,0.20044097917993703,0.3904423614021872,1.194002352348976
322,10.733226,0.22777020469118836,0.3892055087468363,1.1974648643134587
323,10.766558999999999,0.25539858276149124,0.4121218819406805,1.1852255337797166
324,10.799892,0.23400430143651701,0.39366926104106015,1.1762204997948484
325,10.833224999999999,0.16789719746893894,0.33191726884301964,1.1504697366171068
326,10.866558,0.10323378881110994,0.2867187729143684,1.1577428269735845
327,10.899891,0.11128502118760732,0.17562096725154194,1.0996326759121453
328,10.933224,0.13357941500932685,0.13891460677273132,1.0787552722246687
329,10.966557,0.1540899542065038,0.12812995940017738,1.0667008444310142
330,10.999889999999999,0.17518670639110842,0.17856394888324967,1.0553339730656286
331,11.033223,0.16857587764407272,0.1951739078406628,1.023455366763972
332,11.066556,0.16973706493662213,0.22140126556982276,1.0127940448965382
333,11.099889,0.16617122005295434,0.22770071781949558,1.0013526065474105
334,11.133222,0.1763734763874681,0.23967729838534368,1.000159436000512
335,11.166554999999999,0.18241175818886696,0.2401236265527876,0.982621553180714
336,11.199888,0.1907562011847497,0.24112959865179912,0.9813671609639832
337,11.233220999999999,0.19105284970320138,0.23551914823063125,0.9913315982533741
338,11.266554,0.18876581975500176,0.2502806908188584,0.9859679580057579
339,11.299887,0.1968718144085153,0.25961848203321164,0.9799745969038304
340,11.333219999999999,0.1893338106516789,0.2578662170636967,0.9862546556741207
341,11.366553,0.19361159285977061,0.2795581279641385,0.9860103780500444
342,11.399885999999999,0.1835220457543277,0.27668794636235394,0.9859662175232786
343,11.433219,0.1895889846764484,0.2728822170829709,0.9958305844430108
344,11.466552,0.1868907424502083,0.26118966404605587,0.9739896308592342
345,11.499884999999999,0.18491813423867834,0.2734237542224732,0.9961028115568088
346,11.533218,0.1770961673476619,0.2695652400782085,1.00022520974444
347,11.566550999999999,0.18655233951081437,0.27174470666325545,0.9947544063747539
348,11.599884,0.18622383575267756,0.2710309544040691,0.9972461342076724
349,11.633217,0.18333719607372084,0.26502961601005426,0.987884392689884
350,11.666549999999999,0.1794516241303323,0.27028222373773253,0.9795636963998567
351,11.699883,0.17781076049218458,0.2740877212941456,0.9953443565288752
352,11.733215999999999,0.19098890042330716,0.2738074642446315,0.9840469071930004
353,11.766549,0.18361016678026887,0.2746187097489585,0.990594339454232
354,11.799882,0.19020995326843446,0.2729928786859521,0.9907605627132857
355,11.833215,0.18309362531152176,0.2727636371686801,0.9809932129751349
356,11.866548,0.19060310978780948,0.2735868540485512,0.9896107395007375
357,11.899880999999999,0.18995314868828317,0.27182341618181427,0.9830401782255949
358,11.933214,0.18714710419799074,0.27178081314688657,0.98736745982309
359,11.966547,0.17923254041486447,0.26761310537630545,0.9765742000906844
360,11.99988,0.18354736772105695,0.2647829471736318,0.9773561548929152
361,12.033213,0.18404487542610704,0.2651453379025388,0.9716621802473653
362,12.066545999999999,0.19496782662296205,0.25894667933964505,0.9973485163197006
363,12.099879,0.19375709179983955,0.21831205111570376,1.002477759893891
364,12.133211999999999,0.1954492956897227,0.1582198943359615,1.0122187800989464
365,12.166545,0.2105199768716351,0.21295682580263825,0.988856288352161
366,12.199878,0.21811497818522482,0.21238917300627919,0.9700659756255795
367,12.233210999999999,0.22809615231453367,0.26262024065839107,0.9825345620786576
368,12.266544,0.23655275865721082,0.27664307810717037,0.9784674779640447
369,12.299876999999999,0.2466415595045731,0.26870315514341386,1.0089281026737416
370,12.33321,0.24234806928300467,0.28559130202851246,1.0483757839866605
371,12.366543,0.23424613292072824,0.3018611940692394,1.0332219463624284
372,12.399875999999999,0.23144595513746513,0.2979041556216483,1.0594092062699638
373,12.433209,0.22220604386221007,0.2976769589247804,1.0640209831660516
374,12.466541999999999,0.2344844678001313,0.30380629404885806,1.0551714933950052
375,12.499875,0.24395895489619324,0.31338364760978943,1.0628234744927092
376,12.533208,0.2520891673673661,0.30908348655510476,1.0509656509540821
377,12.566540999999999,0.24164645603708104,0.3084879730875364,1.0495606264245128
378,12.599874,0.2564750820265282,0.32688646441609204,1.038894367271739
379,12.633206999999999,0.24220277530324782,0.3257805349081232,1.0469888757864447
380,12.66654,0.2284046366675054,0.3261741338809081,1.004160789801788
381,12.699873,0.2414189632624467,0.31346109902604913,1.0251922998396679
382,12.733206,0.23126630234357445,0.313727811835764,0.9987071422003547
383,12.766539,0.25711703639752076,0.31404766471622747,1.0160909298738534
384,12.799871999999999,0.23127455152249085,0.31530531561149705,1.0082211672728703
385,12.833205,0.25138804614949595,0.31300456698976586,1.034561052169819
386,12.866537999999998,0.23443687980618905,0.3020804445767412,0.9983741409980437
387,12.899871,0.23235321681261994,0.3065001497092231,0.9993519423398589
388,12.933204,0.24214387938316617,0.29546485354813756,1.0050595045399486
389,12.966536999999999,0.24887764045636385,0.30582019428169177,0.9994571201857921
390,12.99987,0.2315393356784211,0.3162075662794436,0.9849891710592484
391,13.033202999999999,0.2248774687376138,0.3148578058078759,0.9925637084470488
392,13.066536,0.225604742657001,0.31333583089401956,0.9781490014942854
393,13.099869,0.23850006911089303,0.22594177031112328,0.994489356989246
394,13.133201999999999,0.22812447133947583,0.16619538259989064,0.9953436086299501
395,13.166535,0.21149092725049481,0.17351275755539047,0.9907078930349641
396,13.199867999999999,0.1974120879132217,0.22641460019472673,0.9696194336054187
397,13.233201,0.18368872707963294,0.28418354439902443,0.9875956715352172
398,13.266534,0.17571874459496717,0.32449505445744553,0.968244634452252
399,13.299866999999999,0.19644212268066616,0.3314765818793763,0.9919872576071372
400,13.3332,0.1939671974273278,0.3505712304465318,0.9870536129644841
401,13.366532999999999,0.19193623309065513,0.358317071896895,1.0125333793663667
402,13.399866,0.18505291452246483,0.3653836950877656,1.028157531616692
403,13.433199,0.18342535366858406,0.3619417148334838,1.0450108104042297
404,13.466531999999999,0.18138160458582078,0.36315448418257845,1.040213624068704
405,13.499865,0.18892839136570336,0.3658436959876734,1.0474434455771493
406,13.533197999999999,0.2126878289102815,0.3701627023020123,1.0477114252686024
407,13.566531,0.21663208809064602,0.3577335887333024,1.036560404524373
408,13.599864,0.2200680021156907,0.3725862832350862,1.0443583285584106
409,13.633197,0.2114268973817943,0.38706822612149966,1.046842723840429
410,13.66653,0.23760275422053995,0.37703228152353085,1.0620587391311078
411,13.699862999999999,0.2490083752538311,0.36791181640393944,1.0524374604502065
412,13.733196,0.20745151276711654,0.3867730118799091,1.061476737107917
413,13.766528999999998,0.21354130576391558,0.39420339413726335,1.0632157997939269
414,13.799862,0.20681173873233705,0.4035631179754994,1.0470613280012768
415,13.833195,0.20167949714907463,0.3876301855879531,1.0244360544817395
416,13.866527999999999,0.21301988511653266,0.3966313979682385,1.0554777076305322
417,13.899861,0.20163910192807946,0.39451090944449707,1.0411191781182692
418,13.933193999999999,0.21977946730744422,0.39054207026321164,1.049631062126389
419,13.966527,0.21874019816340012,0.3830120082413019,1.0504952669489298
420,13.99986,0.31260101687935554,0.3958702598244763,1.0438554618757876
421,14.033192999999999,0.30337248836241565,0.3955852618083415,1.0494795013823077
422,14.066526,0.31636753307447896,0.4030099828182765,1.0659893516880565
423,14.099858999999999,0.2898963304556408,0.3921678121519871,1.0538097386170266
424,14.133192,0.19718172213307908,0.38994215712903446,1.0425186757531955
425,14.166525,0.1700460966250077,0.38121010214733286,1.0339439327421218
426,14.199857999999999,0.15546699820636423,0.3694991406799032,1.000618504709117
427,14.233191,0.10463931267346799,0.3602714352512721,1.0036665219706802
428,14.266523999999999,0.11790975745876014,0.37968044665722733,1.0133542452343014
429,14.299857,0.14465676196449823,0.36810086937928477,1.0011994122928751
430,14.33319,0.14825510457583066,0.37137301662064626,0.9965755962078519
431,14.366522999999999,0.161718311547217,0.37405162890614624,0.9894005711678238
432,14.399856,0.1617222512225279,0.3675515969738579,0.9685869792680185
433,14.433188999999999,0.1638095398633576,0.3724667804332993,0.9635376311605706
434,14.466522,0.17103446020312543,0.3853504283541712,0.9566297063548066
435,14.499854999999998,0.17975848054650187,0.39196650261226706,0.9736664223025073
436,14.533187999999999,0.1794555082799972,0.3824517437544859,0.9517549586272085
437,14.566521,0.18895446244054465,0.3972860903496075,0.9510057611136554
438,14.599853999999999,0.19319555897938745,0.4027227354912227,0.9726513086096615
439,14.633187,0.24855853081374357,0.4150721250720172,0.9840786896582003
440,14.666519999999998,0.2906519990843621,0.39760289106377406,1.0131693844019802
441,14.699853,0.38887386636562876,0.39524235084342807,1.0380616060755259
442,14.733186,0.3696102159487515,0.40556422180722895,1.0337082658411973
443,14.766518999999999,0.2486424080123522,0.4137754274859808,1.0425394418129044
444,14.799852,0.12154286028422835,0.39911407666454013,1.0432389218702645
445,14.833184999999999,0.03935982561836536,0.4183788734921169,1.0273059443927954
446,14.866518,0.0834467630579612,0.4178009095257681,1.0191880476768995
447,14.899851,0.15754652643514463,0.4214041686762062,1.027343131883969
448,14.933183999999999,0.1992399389279845,0.37107880044256975,1.0501813460266807
449,14.966517,0.2162588407968139,0.3261901817252033,1.0286032473989648
450,14.999849999999999,0.18455210374327244,0.2958038587984559,1.0310094208420968
451,15.033183,0.15306945906193606,0.3188072827063765,1.0223126056786815
452,15.066516,0.14492353020195103,0.341043581276783,1.0105163752003392
453,15.099848999999999,0.16731142893538078,0.3639432364196259,1.027733204496072
454,15.133182,0.17872263521059012,0.35862139891213235,1.0082486790656928
455,15.166514999999999,0.1537455784759855,0.37322437173016487,1.0327181874441638
456,15.199848,0.156299618729557,0.36270728675316244,1.009969826534473
457,15.233181,0.16077974627655828,0.37113269752755074,1.0191937552717258
458,15.266513999999999,0.16893875710009357,0.36606785267578207,1.0066423376356104
459,15.299847,0.1716740711851656,0.35246580084922674,1.0051669035344428
460,15.333179999999999,0.1696080263047526,0.35200112980590237,1.0126241864926184
461,15.366513,0.16172854022254288,0.3451198186851768,1.0088126561675932
462,15.399845999999998,0.16637050680264268,0.3445493345431049,1.0178679652841036
463,15.433178999999999,0.17319183497773566,0.3464608153968705,1.0175065845887836
464,15.466512,0.16516623559643212,0.346924634283749,1.0278810311551523
465,15.499844999999999,0.17856655526236523,0.33882327030087533,1.022967132071601
466,15.533178,0.16862007705567264,0.34948311739843974,1.0379908412280514
467,15.566510999999998,0.1607363757323953,0.34849415512048865,1.0387830859697724
468,15.599844,0.10310696282269226,0.3520280462755021,1.0393074597722276
469,15.633177,0.05515219437438257,0.35735970884832824,1.0541832361274401
470,15.666509999999999,0.05472504098914189,0.3581642082710619,1.0305657825338002
471,15.699843,0.05780980488404459,0.36068606164147043,1.0335623928010513
472,15.733175999999998,0.060121090753762665,0.342412475271589,1.0281960899410953
473,15.766509,0.15446343376408359,0.34371436489954404,1.0173301240310597
474,15.799842,0.1496207062654362,0.34965353760303775,1.0227817631227905
475,15.833174999999999,0.13848459673747313,0.3417580961019592,1.0143038477395552
476,15.866508,0.13050870306604356,0.32528863356644044,1.0392044619688365
477,15.899840999999999,0.13329627980692768,0.23003741084777063,1.0669239019979555
478,15.933174,0.12980871968615895,0.22468130825233745,1.0619964968686704
479,15.966507,0.14724008646048395,0.2530851680363763,1.0533700759525706
480,15.999839999999999,0.14073364970888758,0.2873701603271255,1.0417911332821754
481,16.033172999999998,0.131668265702995,0.3208439444621681,1.0361430911853846
482,16.066506,0.13787469484173784,0.3455077168312445,1.016802032953329
483,16.099839,0.12830551613751123,0.34262867925681817,1.0318897915437095
484,16.133172,0.14158314721989784,0.35495973933650216,1.0223376565936544
485,16.166505,0.14138549241974777,0.3574693676277676,1.011382249070494
486,16.199838,0.1532426872282017,0.3677989225026476,1.0239878307275248
487,16.233171,0.14663232172668603,0.3597808705545767,1.0011763836168832
488,16.266503999999998,0.1495857896850978,0.35979927113019405,1.0017609507372829
489,16.299837,0.14171194211209923,0.3595172996825083,0.9990819395812464
490,16.33317,0.15044416562278773,0.35803728378861693,1.0029933099699258
491,16.366502999999998,0.13330751853842482,0.3586304558312046,1.0180814031948562
492,16.399836,0.15429736421437265,0.35602152973318246,1.00530025557042
493,16.433169,0.15366434238017912,0.3521430081429494,1.0175692662960965
494,16.466502,0.1582709473490767,0.35527056294427534,1.0235138449952286
495,16.499835,0.15365446798329893,0.35560285231622724,1.0007723437976466
496,16.533168,0.17486463219444398,0.3538949638918675,1.015727441950895
497,16.566501,0.2153404103859398,0.3552392351921597,1.033537157887566
498,16.599833999999998,0.2101292914726444,0.3560423964345447,1.0306973086517248
499,16.633167,0.20725979582407564,0.3497892193048634,1.0478778324897107
500,16.6665,0.09596335307596442,0.35176388029307426,1.0515657463675774
501,16.699832999999998,0.050002132308815526,0.3572944096587897,1.042414485982925
502,16.733166,0.0726554004671769,0.3434154491383945,1.0176514363777203
503,16.766499,0.1680714779858424,0.34849781611032443,1.0235273139515964
504,16.799832,0.1936232949626854,0.35245463459233317,1.0074452317179878
505,16.833164999999997,0.18052006817351635,0.3682317731024849,1.0119269601624037
506,16.866498,0.16693734491162035,0.36681219739396637,0.9960255385479171
507,16.899831,0.13518536733395184,0.37128494898504805,0.9967482813851531
508,16.933163999999998,0.13746155553662706,0.3632847075864868,1.0016696273885262
509,16.966497,0.12192042606353651,0.3508392763918652,0.9809995033144203
510,16.99983,0.06460681561585112,0.3720906444168829,0.9987284235124965
511,17.033163,0.05677349852018196,0.36058815310399794,0.9845291476039304
512,17.066496,0.054666552869412174,0.36767927386388066,1.007783790175776
513,17.099829,0.05621769910535367,0.35868928848189696,0.9841015316481301
514,17.133162,0.07991938765652377,0.361556775987669,0.9977334481848517
515,17.166494999999998,0.16692618424507105,0.34647260538617874,0.9717178010632085
516,17.199828,0.18774634840012216,0.36374782749822654,0.9920061994031814
517,17.233161,0.20068030769783463,0.3591850989471941,1.0001492494523934
518,17.266493999999998,0.2071614391883317,0.3643408930249984,0.9966456271200699
519,17.299827,0.20897670472059476,0.3694647149242995,0.9808815476761271
520,17.33316,0.17609256546435406,0.36006904759222996,1.0048035545999703
521,17.366493,0.12827978507126134,0.3622616854523281,0.9984848802903904
522,17.399825999999997,0.14045855058471302,0.368462737943426,1.022371130486852
523,17.433159,0.1519306998813472,0.36743660360485375,1.0053462102986122
524,17.466492,0.18575685705171804,0.35617950429296985,1.0184746304150596
525,17.499824999999998,0.22232193720406518,0.3435017649654055,1.0194828113594545
526,17.533158,0.23907726244800728,0.3468554283877988,1.0347214558395421
527,17.566491,0.22317528037790738,0.3565916864626798,1.023067787171338
528,17.599823999999998,0.19028736811916577,0.34822889582431127,1.0088247606816565
529,17.633157,0.18157198643935654,0.36203935092992945,1.0092177080321503
530,17.66649,0.17934744161684896,0.3555886572120492,1.0133372071627011
531,17.699823,0.17665067385744537,0.3720843589424959,1.0075699132938392
532,17.733155999999997,0.14145468322614735,0.36745902221755383,1.0103096395801325
533,17.766489,0.048577971212739705,0.36228959540921535,1.0072946797491837
534,17.799822,0.0527637242181355,0.3559940918769544,1.0137059198719096
535,17.833154999999998,0.04876488637735314,0.3532872080905184,1.005333064719158
536,17.866488,0.05760175380943138,0.35997645379224125,1.0006122028433337
537,17.899821,0.12602476955922937,0.36012062747099016,0.9994549307952285
538,17.933154,0.11631692769535844,0.35344184375480603,0.9893596374818234
539,17.966487,0.11095039355978817,0.3573495372613643,0.9913743185649103
540,17.99982,0.11596499838134626,0.35497432026615916,0.9906003286513007
541,18.033153,0.10312154918314928,0.34498935148955945,0.987133934082083
542,18.066485999999998,0.10589869433933166,0.3625436470701601,0.9957456487107743
543,18.099819,0.11580818856588918,0.35838966725649635,1.006621720684328
544,18.133152,0.10586326741336172,0.3587711967169914,1.0072796893775642
545,18.166484999999998,0.11948204001331314,0.3625039820636142,1.0201521543791496
546,18.199818,0.11449376959017091,0.3693096851491681,1.0085692302524394
547,18.233151,0.12668350315206905,0.3650244037784276,1.0083636548395725
548,18.266484,0.14205259668723122,0.35987487953560066,1.0143111184494826
549,18.299816999999997,0.1488129714172756,0.3631899928213697,1.0034385011297766
550,18.33315,0.1754999324431533,0.3615961390223298,0.9915334033762533
551,18.366483,0.18260294117281334,0.3519528460517807,1.0078410069728028
552,18.399815999999998,0.19487840315631594,0.3718393076505639,1.0209778679099133
553,18.433149,0.19276425223996657,0.34775347737564255,1.0051305546694624
554,18.466482,0.20382641592730077,0.3511290914612327,1.0065386259318938
555,18.499814999999998,0.19788549469855948,0.3504427278706118,1.0243001271185972
556,18.533148,0.20186867423282662,0.34761178314674746,1.0194240361213487
557,18.566481,0.2044639986168341,0.3521984243233325,1.0314997493184832
558,18.599814,0.191989089537614,0.35022301113008014,1.0222949553586127
559,18.633146999999997,0.19793729211159014,0.34952420778730464,1.0243501886916935
560,18.66648,0.19434612866345652,0.35661256378568396,1.0336465308249667
561,18.699813,0.18298780457156916,0.34608968983669697,1.033165790115905
562,18.733145999999998,0.19476862817938748,0.29440287605747867,1.057927535295785
563,18.766479,0.18732605555150747,0.248762278954409,1.0679094138984608
564,18.799812,0.19425457056770778,0.2218006630157348,1.0720342719229778
565,18.833145,0.18227278617882017,0.20661865969539467,1.0461216712164012
566,18.866478,0.17958363429550703,0.19843374124643484,1.0442716448539036
567,18.899811,0.18184721855339714,0.21903247161543965,1.0173291260380077
568,18.933144,0.14926318633888253,0.23506071126700065,0.9901665651613336
569,18.966476999999998,0.11083444919859327,0.24864257718426758,0.9824941947811608
570,18.99981,0.08464462632338482,0.25539543388002356,0.969935400257558
571,19.033143,0.08269031894066341,0.2660173903599519,0.9692886316698073
572,19.066475999999998,0.14079929345547273,0.27426190748179224,0.9816131948955255
573,19.099809,0.138762828069506,0.29755454494187156,0.9794046567259773
574,19.133142,0.08199858260615,0.30253509918242544,0.9662072878662856
575,19.166475,0.0679789235095378,0.31356577027046595,0.9607006482109417
576,19.199807999999997,0.06821404578736831,0.30845992364963803,0.9702783352444011
577,19.233141,0.07122821308364614,0.3177262757475498,0.9496652141786984
578,19.266474,0.17902426379736555,0.323989111349686,0.9692950227307856
579,19.299806999999998,0.23219471979851453,0.3262940924228834,0.991952984618621
580,19.33314,0.24977401124863416,0.3163416138755046,0.9953417757274927
581,19.366473,0.22559901778007346,0.31948875754063055,0.9979309801831077
582,19.399805999999998,0.2143762776338652,0.3199726998036526,0.9901764912885089
583,19.433139,0.22570865429770806,0.30301089309247364,1.0034611323701508
584,19.466472,0.20902283872685923,0.30817601700979574,1.0031371387054886
585,19.499805,0.1977556281238653,0.3043805139894491,1.0136930981465544
586,19.533137999999997,0.19443302783297312,0.2988858271538134,0.994571631496756
587,19.566471,0.16418028232666307,0.31634635252652266,1.0004231263495937
588,19.599804,0.14831922618872825,0.3190969788305358,0.9901542721602169
589,19.633136999999998,0.08007625872975803,0.31495515740274216,0.9905206631273081
590,19.66647,0.07142136184832264,0.3175231541635302,0.9804889827378419
591,19.699803,0.06877263384337312,0.30787061244021885,0.9547027229098858
592,19.733136,0.07042644659844723,0.3069669443408132,0.9697034396291159
593,19.766469,0.15774953085083793,0.30275449352201567,0.9807492067409941
594,19.799802,0.17339855901690823,0.29360850749355283,0.9777039437066799
595,19.833135,0.18159680288579802,0.3064331921673336,0.9938429058482182
596,19.866467999999998,0.18793660880729987,0.2973585004682616,1.0030517798662537
597,19.899801,0.1721850008454907,0.29659875440253686,0.9914074049418027
598,19.933134,0.1841879748319048,0.30077919858612456,1.0040290689955125
599,19.966466999999998,0.20130677036043693,0.29354119710397464,0.9932214914733933
600,19.9998,0.194308417981847,0.30053588370643103,0.9966691130095373
601,20.033133,0.18868549015481587,0.29682378828731193,1.0044914350390994
602,20.066466,0.18118452626535014,0.29720247490992246,0.9922429463151449
603,20.099798999999997,0.16349009189819225,0.3115299237785575,0.9776579559719865
604,20.133132,0.16241992987392434,0.29551928408208694,0.9943560712771494
605,20.166465,0.16764811069457933,0.300052093333002,0.9826495019908875
606,20.199797999999998,0.19243899147796803,0.2986214664787708,1.0164817673887487
607,20.233131,0.16197545955871265,0.29708648273935306,0.992879037481867
608,20.266464,0.16138046273314383,0.29894844210470906,0.9900076778465033
609,20.299796999999998,0.174421050635203,0.3020106499007833,0.9938173013191127
610,20.33313,0.1639431941250685,0.30332660135766387,0.9785312568702549
611,20.366463,0.17696203484720058,0.29076028225361833,0.9826860490989673
612,20.399796,0.16986177663439525,0.30701682245998774,0.9801654103463385
613,20.433128999999997,0.1742489498076843,0.3187797033924926,0.9918316483834844
614,20.466462,0.17608758362625312,0.3123048577157478,0.9809252543733222
615,20.499795,0.16853293288901747,0.3160995268296709,0.9737346361482373
616,20.533127999999998,0.1710347345206956,0.31465222653918357,0.9806642814955844
617,20.566461,0.17541012407125084,0.31054852680209327,0.9844018265603758
618,20.599794,0.16130564483978846,0.310309308420622,0.983035980339026
619,20.633126999999998,0.18077718450341357,0.3169442978614473,0.9832195600913683
620,20.66646,0.18247257078219103,0.317238192045578,0.9802901026223898
621,20.699793,0.17536643249217007,0.3123053405736648,0.9770021632881969
622,20.733126,0.17720398468856144,0.32149350333737015,0.9798319044477473
623,20.766458999999998,0.17995671311733993,0.3127453190380333,0.9833692556422946
624,20.799792,0.18033390353801504,0.30756311275663917,0.964488211254976
625,20.833125,0.18188666020188515,0.315184907057906,0.9757117296057294
626,20.866457999999998,0.1799976088716682,0.3123608548791902,0.9670656306665796
627,20.899791,0.1757615795423838,0.31394739548146866,0.9646232281166768
628,20.933124,0.17064109916818757,0.30462464523574184,0.9747975927571535
629,20.966457,0.1656912607127493,0.312079905454582,0.9639045928390872
630,20.999789999999997,0.15760786176160888,0.3003523933364929,0.9624112635354073
631,21.033123,0.1173182620026838,0.2998286603102134,0.9627135618859608
632,21.066456,0.08803413784269758,0.29630172744679717,0.9604335039777656
633,21.099788999999998,0.06793042247278877,0.30183090201808127,0.9605419225379523
634,21.133122,0.06938468917900129,0.2933841911316574,0.9763709733475318
635,21.166455,0.07049270538656915,0.28540993789875385,0.9566002840050339
636,21.199787999999998,0.06842926340351059,0.29481221461130735,0.9564254611980496
637,21.233121,0.0675390224098415,0.29012769261664284,0.9579087190025196
638,21.266454,0.07016855579308319,0.29050955874670215,0.9601022005137549
639,21.299787,0.06857846840402995,0.29611929301148915,0.9738726832725513
640,21.333119999999997,0.06961721643901687,0.29884049586965755,0.9427147507653215
641,21.366453,0.068699287379793,0.30654454758887095,0.9540349205428982
642,21.399786,0.06960262234015945,0.3032057690187515,0.9456759969060036
643,21.433118999999998,0.06810753396220456,0.29807059965865873,0.9569524245158737
644,21.466452,0.06752281882012148,0.30117356656275907,0.9476695670682016
645,21.499785,0.06853373823047094,0.298401856606557,0.9758868128642968
646,21.533117999999998,0.06804423973864566,0.3020281273364911,0.9568384855146247
647,21.566450999999997,0.0677282685804715,0.30257701853877195,0.9734753242391593
648,21.599784,0.07053344921914662,0.3037870689989316,0.9690436929342287
649,21.633117,0.0692849154563307,0.3085182288605186,0.9774619840682276
650,21.666449999999998,0.07102303537106756,0.30511677169374224,0.9833174941030913
651,21.699783,0.147236306449666,0.3015091615100307,0.9839114971990436
652,21.733116,0.16105531349889274,0.3138350870605816,1.009874369392112
653,21.766448999999998,0.1722166595893277,0.299932917220082,0.9875033109077569
654,21.799782,0.1699351293506769,0.3028493924333572,0.9956979535097706
655,21.833115,0.1499743732335262,0.3028528197693563,0.9951524709625761
656,21.866448,0.14318099265379894,0.30403043521223067,0.9737214659542799
657,21.899780999999997,0.15449843024465912,0.31170958870282633,1.0002501691981864
658,21.933114,0.15307767828107874,0.3067840461159481,0.9900985202581172
659,21.966447,0.138091974733124,0.30269794532078576,0.9808347780903899
660,21.999779999999998,0.14466625852075093,0.3063479031264218,0.9645155461155188
661,22.033113,0.12736731544765925,0.3056582358561757,0.9870834336131885
662,22.066446,0.13612243323963308,0.306224835888259,0.9886908879526892
663,22.099778999999998,0.14684040987421462,0.29797969001871566,0.9579200295808613
664,22.133112,0.16350884206820665,0.309787303351315,0.963272004443721
665,22.166445,0.13971189004031814,0.2942337977429726,0.9502163379355638
666,22.199778,0.15562460144742363,0.30739498095023604,0.961033223937914
667,22.233110999999997,0.13706204468815325,0.30526347490429206,0.9578094960176624
668,22.266444,0.13101007909538245,0.30469060099999346,0.9629205725068088
669,22.299777,0.1462701572587856,0.30626054542219516,0.9577870798419605
670,22.333109999999998,0.1472694313211394,0.3129897732221394,0.9718620523896534
671,22.366443,0.15096762604789554,0.30926123610326783,0.9609272553576361
672,22.399776,0.14361315989397508,0.3092346619428258,0.96017182453313
673,22.433108999999998,0.13796329822908993,0.30888980501793206,0.9774978413650655
674,22.466441999999997,0.15485586899249124,0.29952419634735816,0.9835956561488746
675,22.499775,0.1526533182762685,0.30255443307186014,0.9862235420462415
676,22.533108,0.15000313397380455,0.29726316691426796,0.9828590544368389
677,22.566440999999998,0.15159276912296266,0.2911734089849367,0.9880599128883573
678,22.599774,0.15539375135949876,0.2520215518946768,0.9968593222762264
679,22.633107,0.14014800484016066,0.22062812423564845,1.0058593947950956
680,22.666439999999998,0.15852450755380287,0.20673331684929735,1.0082289819886294
681,22.699773,0.14718085862749164,0.21341205413476713,1.0100876806813817
682,22.733106,0.1485281573036032,0.2427102056769977,1.0003247350781015
683,22.766439,0.1241040485511607,0.2705670605448899,0.9911753093425012
684,22.799771999999997,0.1183537162141995,0.2791445355190042,0.9917446631235963
685,22.833105,0.14142915906154638,0.28714733055920866,0.9815058285224766
686,22.866438,0.15724581115623226,0.2918922758657825,0.9786430316869166
687,22.899770999999998,0.19042256627578255,0.3010291564432948,1.0107370263381386
688,22.933104,0.16886321762232648,0.29866233594518987,1.0167973987074561
689,22.966437,0.13452401915535936,0.3015831330736237,1.0063505154800145
690,22.999769999999998,0.11986964404468292,0.2877834017628019,1.0070257855851723
691,23.033103,0.12422279363882897,0.29117917573757707,1.009507301120874
692,23.066436,0.13840388869282438,0.29661963459442586,0.9978481868903136
693,23.099769,0.16735024496467787,0.31032670859225586,1.012020175473624
694,23.133101999999997,0.17774135246736417,0.3051598789152286,1.0300978630443238
695,23.166435,0.1823443689943506,0.295217979368936,1.036156687307254
696,23.199768,0.16898166189518807,0.2836690996259549,1.0390049776189982
697,23.233100999999998,0.17873187858624442,0.2212620966192782,1.0502434004757513
698,23.266434,0.16172596162337022,0.14292791435184193,1.0359227928704764
699,23.299767,0.1541504617227389,0.1478255841098008,1.0400145654402104
700,23.333099999999998,0.15668280995824127,0.175738948941282,1.0465764776956386
701,23.366432999999997,0.16408032187560748,0.19844940856211873,1.0433200099315456
702,23.399766,0.14440828912596712,0.2396558976473166,1.018355634118763
703,23.433099,0.11052226394759458,0.2619944185459738,1.0200019771080133
704,23.466431999999998,0.06548319064083549,0.27257015677012164,1.0067781397874123
705,23.499765,0.06608969409855721,0.2885877774718021,1.0104236507484843
706,23.533098,0.0657818428250773,0.2782872502047691,0.9989780678357785
707,23.566430999999998,0.06943667774213663,0.28080551443301116,0.9988046478925906
708,23.599764,0.16842638256188064,0.2808303156227093,0.9954981544207446
709,23.633097,0.1702489464919787,0.2824131918732137,1.003872885161914
710,23.66643,0.1822525654107524,0.2862668521878361,1.0025110721996564
711,23.699762999999997,0.17998316723588734,0.28944272184536546,1.0021271069294664
712,23.733096,0.17719235822216184,0.29285875569756636,1.0159941552317657
713,23.766429,0.17673126883936865,0.28919485108403276,1.0037162464817126
714,23.799761999999998,0.17418976375912534,0.2868768190451939,1.006072191851818
715,23.833095,0.17433217967210554,0.28571607238326324,0.9750736000013414
716,23.866428,0.16999039491029896,0.29003936099455574,1.0025742224629859
717,23.899760999999998,0.1779702958767849,0.28341199833244907,0.9993396872322491
718,23.933094,0.17035592282439216,0.2866664007397932,0.9963651691284631
719,23.966427,0.1729571529305056,0.2982960713377862,0.9840107920830719
720,23.99976,0.17260502173255593,0.3031336763436125,0.9881086431685355
721,24.033092999999997,0.16777592868001392,0.2962666169787537,0.9844112691469601
722,24.066426,0.16079566941515083,0.30011874743332545,0.9762510930687437
723,24.099759,0.15883207622639728,0.30213679555965256,0.95862500321618
724,24.133091999999998,0.16217136670676024,0.30015068013234314,0.9564973658531959
725,24.166425,0.16944746160874674,0.29398400609113096,0.9683068575819128
726,24.199758,0.13954088302216755,0.3020086345785891,0.9647803692357527
727,24.233090999999998,0.11199926663706937,0.30444619533828926,0.9676228543655677
728,24.266423999999997,0.08664812977259738,0.304539089630118,0.9664095754865507
729,24.299757,0.07458044312707776,0.3032399725975725,0.9477355085611621
730,24.33309,0.0749735329490216,0.306896105318657,0.9605379438177502
731,24.366422999999998,0.07491019976499919,0.30074118143711703,0.9589619399118843
732,24.399756,0.07391145503176688,0.2983111549041212,0.9462322450300096
733,24.433089,0.0727799319711896,0.3006247539782234,0.9470042907415873
734,24.466421999999998,0.07247248528411789,0.30348777859056786,0.9489894653213596
735,24.499755,0.07263620711894726,0.30401982569537767,0.9363434052841192
736,24.533088,0.07415290305385043,0.2964486448268341,0.9474802435423257
737,24.566421,0.07345457589778394,0.28945559554175077,0.9323175673412488
738,24.599753999999997,0.07277512511078069,0.29977113993515236,0.96199477296653
739,24.633087,0.07083190823138316,0.3042251243764892,0.9447558789491991
740,24.66642,0.13403970109957897,0.31005599169987663,0.9786071652351259
741,24.699752999999998,0.20705650080427188,0.29817395629450827,0.9873086017253676
742,24.733086,0.22967376171183476,0.29979610791749034,0.9843453128348256
743,24.766419,0.2474310803626922,0.29979542055474473,0.9874123834179918
744,24.799751999999998,0.2139777747895183,0.31481650049783544,1.0007267195480916
745,24.833084999999997,0.2004658524207731,0.31576092544207524,0.9968007084418724
746,24.866418,0.17469989317266624,0.3214685935826066,0.9811768243857899
747,24.899751,0.1520002443696027,0.3078863873717035,0.9765805870801777
748,24.933083999999997,0.07380763648597657,0.3042510859037772,0.9866293350001073
749,24.966417,0.06900003097731978,0.30583885345645434,1.003076972447116
750,24.99975,0.0694614296660302,0.29386686134411444,0.9727652117237953
751,25.033082999999998,0.06700474758790548,0.29582347404329373,0.9713623887476894
752,25.066416,0.08094278897852698,0.2957742826421096,0.9847090053251354
753,25.099749,0.1638566900289421,0.2961206187043069,1.0054195174502245
754,25.133081999999998,0.18271115165078322,0.300320483158364,1.0230393864499383
755,25.166414999999997,0.1735821854919319,0.28742826425452883,1.002629368860721
756,25.199748,0.17027805630053822,0.2902317022868115,1.0040851613659016
757,25.233081,0.16208665160114002,0.290143681942151,1.0149274489679807
758,25.266413999999997,0.1659380626086928,0.29713394151492534,1.0112615994832679
759,25.299747,0.15974043505186472,0.2969358929900876,1.0160163063927983
760,25.33308,0.16607988158521947,0.30342683037035645,1.0067410616949886
761,25.366412999999998,0.1703398042313793,0.3005339977888003,1.0044849576570147
762,25.399746,0.17291315503728433,0.29422483206158806,1.0023516613323569
763,25.433079,0.18401045873984404,0.29603412024182973,0.9983309831256918
764,25.466412,0.17024702053932544,0.2966718004726673,0.9920591688419514
765,25.499744999999997,0.16353275341664458,0.2906896827423475,0.9788821795403178
766,25.533078,0.15566246203212,0.28918689194615277,0.994565027136864
767,25.566411,0.15880353130297079,0.2914455631682977,0.9925522652377499
768,25.599743999999998,0.17044380067890186,0.2958869077179636,0.9845407682017777
769,25.633077,0.15854950086673802,0.3032826913995083,0.9972821003267336
770,25.66641,0.16275259905331857,0.2993048097201829,1.0014282413032438
771,25.699742999999998,0.17097399904402638,0.30116592561133687,0.998690633216769
772,25.733075999999997,0.16896570271142466,0.2959744707366112,0.9912419060530167
773,25.766409,0.16484731194770894,0.300040321577441,0.9963820764993667
774,25.799742,0.1670876395963337,0.30110636859588924,0.9905560330569332
775,25.833074999999997,0.16999543638060885,0.29934119280037463,0.9897016536919419
776,25.866408,0.16815617589569473,0.29784383235759126,0.9969087079666341
777,25.899741,0.16444989426279324,0.3000734948440987,0.9938560562797603
778,25.933073999999998,0.1628262774642853,0.300267848418448,1.002448647561741
779,25.966407,0.17255942874555616,0.29970359264938295,0.9968675196901542
780,25.99974,0.16211371804425928,0.30353632782520373,0.9953187467402154
781,26.033072999999998,0.16885900765414538,0.296211332265945,0.9967734694698838
782,26.066405999999997,0.17071949080094526,0.29596398105254307,0.9942177702080138
783,26.099739,0.1634476031862648,0.29591322457257985,0.9949940526262261
784,26.133072,0.16296380349190334,0.29816838082624364,0.9769287745197447
785,26.166404999999997,0.16098219837343108,0.29666122089844005,0.9879991820469703
786,26.199738,0.16127781785352283,0.28987826464487104,0.9822144752050309
787,26.233071,0.17521681193096045,0.29928116873881894,0.9844447871772756
788,26.266403999999998,0.15892346647130567,0.2960114145844291,0.9859837672854327
789,26.299737,0.16452479815804202,0.2945951586389597,1.002127325514261
790,26.33307,0.15299824748734236,0.29227217257470073,1.0030304595959196
791,26.366403,0.15405719061752138,0.29108899171507274,1.0062479694705753
792,26.399735999999997,0.15212415858695894,0.2881155071015159,1.0098942519089111
793,26.433069,0.16111409453581835,0.2936663621979922,0.9957591419627104
794,26.466402,0.15149119055337223,0.29308440618871245,0.9955533584789591
795,26.499734999999998,0.14597625976221784,0.2949630165574693,0.9945573677418689
796,26.533068,0.16338924304867497,0.29867873008118206,0.9821747664236912
797,26.566401,0.12456023312810055,0.3023327639140013,0.9582727204415753
798,26.599733999999998,0.14735331528422493,0.2902566110960477,0.9782938778865073
799,26.633066999999997,0.16381973815782047,0.27893298925876686,0.9697266977325907
800,26.6664,0.17076295510588688,0.23347974644188696,0.9996698038091362
801,26.699733,0.1653931628115038,0.19262516658776552,1.0238301375105199
802,26.733065999999997,0.1769726041690008,0.17517225426637945,1.002629890709307
803,26.766399,0.1871346621776251,0.205270379175988,1.0012647600548745
804,26.799732,0.18294292660967867,0.23532193900036852,1.0033881102347824
805,26.833064999999998,0.1426042885384436,0.2545465096614714,0.9857517268251406
806,26.866398,0.08133489466935427,0.25548114151078155,1.0167954284522611
807,26.899731,0.08570185565950854,0.24471056539509767,1.000774600911478
808,26.933063999999998,0.0897695706254452,0.25706013559634516,0.9933398982398599
809,26.966396999999997,0.13853741036657827,0.2601851728951429,0.9902847148224597
810,26.99973,0.18315657845637584,0.27265069338604186,1.0076516985599016
811,27.033063,0.21476182960046147,0.26371484082735097,1.0172454287304824
812,27.066395999999997,0.22522019537039,0.2728840357680451,1.0366113773227112
813,27.099729,0.21366358118581621,0.27256319971287624,1.0039803669392986
814,27.133062,0.11473946493887364,0.26886284441098396,0.9925636972618995
815,27.166394999999998,0.09352304415230835,0.27081536409826407,0.9921347393326096
816,27.199728,0.09917162298820217,0.2715367097537902,0.9990482063326951
817,27.233061,0.09692752435828557,0.27948368497403475,0.9867062656228174
818,27.266394,0.1447181676615222,0.26746181019733395,1.0054923869131414
819,27.299726999999997,0.23761766450016822,0.26877247329423903,0.9982295165689894
820,27.33306,0.2345016475420364,0.29029798065462975,1.0066288510138184
821,27.366393,0.20769798257322183,0.28383390188949154,1.0134169619235327
822,27.399725999999998,0.22333296947878636,0.28186342501112427,0.9733409852080994
823,27.433059,0.13865831082378915,0.2845654787780141,0.9577637991414835
824,27.466392,0.09383043475948885,0.29436778443742395,0.9691627746382946
825,27.499724999999998,0.0898987844521922,0.29559373831374147,0.9667924366996626
826,27.533057999999997,0.17241664469472792,0.30253729510858474,0.9650970810701536
827,27.566391,0.20234398191839972,0.30281982452174405,0.9645841557518187
828,27.599724,0.22056321127209605,0.29711422633559653,0.9699842349091915
829,27.633056999999997,0.20428841456749355,0.2964137243351236,0.9580206472819371
830,27.66639,0.2129740213813483,0.291664561487743,0.9472662487346812
831,27.699723,0.21409164570435293,0.30731028842613894,0.9547738346586598
832,27.733055999999998,0.21162851712494568,0.29813722772411866,0.9465433960148854
833,27.766389,0.18167596708024775,0.2910026863018474,0.9538962412343254
834,27.799722,0.08596825552019519,0.296097715700079,0.948733435176013
835,27.833054999999998,0.08625822213075582,0.2951755496042782,0.9547683549933441
836,27.866387999999997,0.08735006648220253,0.3059071861100465,0.9558104201682975
837,27.899721,0.10857326412011263,0.30575285474900693,0.9416031256866797
838,27.933054,0.19855224960521756,0.3127101711042287,0.965418811454145
839,27.966386999999997,0.19922810251426526,0.29462605490339233,0.9389328399662151
840,27.99972,0.22426052498807936,0.30395730284732325,0.9749535892767511
841,28.033053,0.229963146595714,0.29810225354932524,0.9543283639186569
842,28.066385999999998,0.2454754540894749,0.3109640356900709,0.975423939075727
843,28.099719,0.2558479003923105,0.3065429455402901,0.9678853319382368
844,28.133052,0.21827349263503837,0.27566383631780833,0.9684404787655235
845,28.166385,0.23153787345991259,0.22995519530579436,0.9667377890048472
846,28.199717999999997,0.22092930570026506,0.20483451773142486,0.9913481067026875
847,28.233051,0.2135966321467764,0.19959705492012286,0.9777586641749813
848,28.266384,0.2262533342887321,0.19419519394352414,0.9704104384989082
849,28.299716999999998,0.21043525743930708,0.22157878716075952,0.9809450242221937
850,28.33305,0.20231319827488342,0.2426995453149283,0.9763005943583598
851,28.366383,0.2331400823412765,0.25909728566414253,0.9856017922704798
852,28.399715999999998,0.2207696985839217,0.26913685792397524,0.9909525448355453
853,28.433048999999997,0.2229928758083916,0.2849281553417044,1.003281110551994
854,28.466382,0.2490639817210683,0.2896570183906161,0.9989092617823739
855,28.499715,0.2765872764813576,0.296539207172228,1.016459451173955
856,28.533047999999997,0.29574174616337284,0.2974439690735266,1.0109136031395802
857,28.566381,0.3151344597655885,0.2905723531755228,1.0322132587454687
858,28.599714,0.33008975925425305,0.2968546283447684,1.0321241815010176
859,28.633046999999998,0.3423288280072437,0.28224682172815463,1.0453268153371924
860,28.66638,0.3542788797230711,0.28500297544655356,1.0364620583830382
861,28.699713,0.3863708859210064,0.2851347509421684,1.0447989117110361
862,28.733045999999998,0.4039742638667231,0.28072870775823416,1.037931533265848
863,28.766378999999997,0.4225689126260915,0.2607052051677011,1.030423904580299
864,28.799712,0.427617703823875,0.2694854058750275,1.0439510563484982
865,28.833045,0.41959601743294683,0.2575397002374684,1.0344766642140248
866,28.866377999999997,0.4258680052809258,0.260767491927242,1.044485309622509
867,28.899711,0.42503042436321464,0.25328217157918126,1.0554302654065002
868,28.933044,0.41468864068812517,0.28295134310311587,1.076618926870774
869,28.966376999999998,0.45078476534686973,0.2801287105791381,1.0650576162650471
870,28.999709999999997,0.4350814181055183,0.29522709137509306,1.0892635715399077
871,29.033043,0.4399559398008291,0.29223559445047587,1.0690785580258693
872,29.066375999999998,0.4431635029346126,0.29615262050676516,1.0799441179079046
873,29.099708999999997,0.4425212064270759,0.2964050846393338,1.0653937931649886
874,29.133042,0.4495701843595665,0.2968964983548923,1.061124861973498
875,29.166375,0.44387975989919237,0.29026858629409646,1.0597068616781424
876,29.199707999999998,0.47181833489715924,0.29496176189474,1.0573396358504012
877,29.233041,0.4532999840129607,0.27079186937793376,1.0810223934100045
878,29.266374,0.4564026700450479,0.19520702102896392,1.1102372777157807
879,29.299706999999998,0.41875108567572433,0.13409041500219787,1.1184656275701494
880,29.333039999999997,0.42805701241446553,0.19773955092960974,1.0895795665820465
881,29.366373,0.45335476941585934,0.24230005438832403,1.0937646546374
882,29.399706,0.4602490553503822,0.2653750627941357,1.0934541301201208
883,29.433038999999997,0.46514919005605465,0.2958238400626324,1.127824712925722
884,29.466372,0.4995567479515318,0.3043508922792091,1.1127298783448747
885,29.499705,0.5020275491425451,0.3152688240788495,1.1071002164463608
886,29.533037999999998,0.47760980581535056,0.3107838640361841,1.1048603858159332
887,29.566371,0.501162711593807,0.3084937120574772,1.1300912671105556
888,29.599704,0.5070527914627806,0.3003528707213664,1.1220087435072905
889,29.633036999999998,0.47552451250985306,0.3030437193811749,1.1223406784567227
890,29.666369999999997,0.47347694849715277,0.3113724687100397,1.1181237306545357
891,29.699703,0.4962057310235852,0.3024947396404024,1.1265419568019686
892,29.733036,0.5028641614804271,0.3057662125205692,1.1085925729095347
893,29.766368999999997,0.4809870046342852,0.31456553802305554,1.1370354043420579
894,29.799702,0.47616650185797654,0.28176065743194706,1.13343240283248
895,29.833035,0.49438232502855367,0.21523999323625387,1.1421620968249466
896,29.866367999999998,0.49640997423446315,0.17982087483023132,1.1525206557482925
897,29.899700999999997,0.5137173631787056,0.19788229880024377,1.1313113552412537
898,29.933034,0.4743986030760663,0.2292764490269168,1.125496803750074
899,29.966366999999998,0.44926687892679035,0.23431452873701475,1.1113477704833228
900,29.999699999999997,0.4344075507047469,0.26275207327442435,1.1034568591650469
901,30.033033,0.45527386142867254,0.2874655969172565,1.0738016472567258
902,30.066366,0.4833250287290435,0.30056957116608485,1.0982514653856288
903,30.099698999999998,0.45918930618390863,0.3069965111324398,1.0747274698579594
904,30.133032,0.4545743612891592,0.31177182749174137,1.0576108561440607
905,30.166365,0.47716214972965004,0.3212909785701884,1.079007659018011
906,30.199697999999998,0.45655900546709044,0.3183241759552661,1.0706008476622078
907,30.233030999999997,0.46508287054171604,0.31235462783562074,1.0788707976347098
908,30.266364,0.45170012831930295,0.32280735190528453,1.061128336089801
909,30.299697,0.47012183007185104,0.3186415559043558,1.0556940010254314
910,30.333029999999997,0.47095771520720947,0.3121848756337854,1.0687414579033465
911,30.366363,0.46908555165285115,0.3218225715963656,1.0718001345100754
912,30.399696,0.4571416879676272,0.29973332779372713,1.0711728532911013
913,30.433028999999998,0.4644626049632287,0.2928657640261105,1.0763323240961484
914,30.466362,0.4493023627081879,0.2906580489432454,1.0813062265502167
915,30.499695,0.4607749437735837,0.2928366016354826,1.0827682367658222
916,30.533027999999998,0.4758386299609695,0.2959978470737903,1.0712806203760443
917,30.566360999999997,0.46017651935770054,0.29616474901704337,1.0807592934116588
918,30.599694,0.4685943451943908,0.30214691877423405,1.0808528116275085
919,30.633027,0.46404157184930106,0.3024783248956279,1.0981650332535862
920,30.666359999999997,0.46933650234888574,0.299159264947618,1.099478728294946
921,30.699693,0.4740104213664626,0.30889073589334165,1.0775992929181226
922,30.733026,0.4746363621594118,0.3054242211146616,1.0949384667863418
923,30.766358999999998,0.4824569466081463,0.3081466083804409,1.090502403152135
924,30.799691999999997,0.493603149989099,0.30910218747865237,1.094177253546496
925,30.833025,0.5026427181522105,0.31177789999519046,1.095126147057568
926,30.866357999999998,0.4959959819705599,0.30825492985706565,1.0972970950339929
927,30.899690999999997,0.49225661723821795,0.3142131060982809,1.1018026823483265
928,30.933024,0.49413997305686447,0.3139130289227726,1.0943518340425182
929,30.966357,0.49422459884613046,0.3001728289807791,1.1039169410447023
930,30.999689999999998,0.4851245640559168,0.24903348675992734,1.1245356381614502
931,31.033023,0.504286646559842,0.1594005412232187,1.1327731554284968
932,31.066356,0.4917666480171487,0.13456560777518844,1.1303781618868796
933,31.099688999999998,0.4959581810615562,0.18180277338300893,1.1290967247099868
934,31.133021999999997,0.49844376839507776,0.21420186111577705,1.1145855518075487
935,31.166355,0.5055943470299705,0.23441502197416236,1.1263178501156588
936,31.199688,0.49500980764263225,0.25886341265048185,1.1179584018502087
937,31.233020999999997,0.5335926513213403,0.2816658050999862,1.1127674177668274
938,31.266354,0.5492828570208903,0.2989581049733135,1.130262278610823
939,31.299687,0.5004669562336305,0.2944962563337775,1.1418397366643886
940,31.333019999999998,0.51554897478397,0.3018322289775893,1.1326260093902256
941,31.366353,0.5130888270355831,0.30135715783404815,1.1452007363477485
942,31.399686,0.5066916136246634,0.2954910453856817,1.122914320023953
943,31.433018999999998,0.5282677416947896,0.3006341802262751,1.1423451304988252
944,31.466351999999997,0.5206124464258889,0.30364167215988136,1.112502821986142
945,31.499685,0.5419263135950699,0.30667353755893445,1.1231444839889662
946,31.533018,0.5236302752416717,0.303448708010016,1.1128058469080668
947,31.566350999999997,0.5247735941807631,0.3010301780217184,1.128848585874297
948,31.599684,0.56100230101653,0.29832548725256475,1.1203749027180325
949,31.633017,0.5373813316827196,0.2971626498647123,1.113307469346149
950,31.666349999999998,0.5560163224286081,0.2998082820320404,1.1190684058852274
951,31.699682999999997,0.5565290000489379,0.311379438375906,1.1221058162933548
952,31.733016,0.5677489265348321,0.30693742647080685,1.1272912084465474
953,31.766348999999998,0.5410775384057306,0.30788528638625356,1.1103352630114591
954,31.799681999999997,0.546074651517199,0.3050902975374805,1.1297316598259763
955,31.833015,0.5297055795247481,0.29973939234498204,1.1270098636224568
956,31.866348,0.5494410389544079,0.30415726033364865,1.1221426091389273
957,31.899680999999998,0.5378778419737993,0.29553281467085096,1.1180651583798222
958,31.933014,0.5265545580103349,0.2982740779503399,1.1219665572199382
959,31.966347,0.5026570337958532,0.3047741194299769,1.1171887895874872
960,31.999679999999998,0.46750349989478557,0.3043589619107186,1.1134313204051753
961,32.033013,0.4460352066204859,0.29843056086700054,1.1121722913669518
962,32.066345999999996,0.4489961831420363,0.2989199990853262,1.1003786185601407
963,32.099679,0.41990594780506085,0.28934361485503535,1.1084613352457051
964,32.133012,0.41576823629428605,0.2971334984227054,1.0875931593737183
965,32.166345,0.39692779142538853,0.2990419603417839,1.0854637763581254
966,32.199678,0.40952404186531516,0.28874920013425903,1.0841881760019845
967,32.233011,0.39460195878106996,0.30445784760993444,1.063054564384875
968,32.266344,0.3921191623975187,0.3041798527088987,1.0716500321014562
969,32.299676999999996,0.3976101135298775,0.2953277490728165,1.053126085639802
970,32.33301,0.36110902539228973,0.30945963015316297,1.0566582692385293
971,32.366343,0.35405089421569047,0.29705407108485826,1.051658924016927
972,32.399676,0.3529033533830591,0.24671263981213581,1.0709816988082521
973,32.433009,0.3517596399203941,0.14653439365073478,1.0713887003297913
974,32.466342,0.3095607963669277,0.16165454486723174,1.096938401898811
975,32.499674999999996,0.3167037851782649,0.1461214378342396,1.0593356293921659
976,32.533007999999995,0.2948360061849333,0.20082981226036864,1.0406778383161628
977,32.566341,0.3257073552455005,0.22730126918606403,1.0404863537375402
978,32.599674,0.2850094583858465,0.24621674525060272,1.020637926647775
979,32.633007,0.2953377309799636,0.2648729568813261,1.021170807776872
980,32.66634,0.23520635547037472,0.2834300632746969,1.0180088156317946
981,32.699673,0.21990553226140572,0.3063918203097985,1.0077823157601848
982,32.733005999999996,0.20291379706187748,0.3147808587771499,0.9791597155140278
983,32.766338999999995,0.2101212213403639,0.3150264800240522,0.9590139886686385
984,32.799672,0.19324235882650032,0.3376480364425384,0.9754824741682935
985,32.833005,0.19844380238717413,0.3133813572040519,0.9637339201372473
986,32.866338,0.17456038431716425,0.32405957647173156,0.9883991698926138
987,32.899671,0.17594753947631342,0.3138930964631236,0.9713496577260997
988,32.933004,0.1818328588939032,0.31645499192563653,0.9700244477350238
989,32.966336999999996,0.18628800262014084,0.32684690904746094,0.9787703142229732
990,32.99967,0.17723288459150366,0.3136844510924375,0.9804696593012423
991,33.033003,0.1936206183785466,0.3150993975026501,0.9824098807792404
992,33.066336,0.2035163074451782,0.32359383028048694,0.9923645223477072
993,33.099669,0.20215697957155862,0.323492953391487,0.9892173878990429
994,33.133002,0.1951339222379678,0.32749098762826323,0.9999661663583378
995,33.166335,0.19897834777306156,0.32533489634001156,0.9996175816541608
996,33.199667999999996,0.19073078853026482,0.3242047847444334,0.9978060526031671
997,33.233001,0.18183251036979947,0.3260702846865361,1.0009176587430817
998,33.266334,0.18185533366327641,0.3205844642918667,0.9897335404745397
999,33.299667,0.17861071030588693,0.32378007149630406,0.9837772112552403
1000,33.333,0.17846076814014586,0.3082244673637067,0.9708940629569164
1001,33.366333,0.18023348635552197,0.33438999619567633,0.9606411538378431
1002,33.399665999999996,0.17578227455168657,0.3341598732550065,0.9586616484072901
1003,33.432998999999995,0.18307920962779098,0.3327039089406548,0.9505437350494429
1004,33.466332,0.17745421195062797,0.324073674532404,0.9508227859219778
1005,33.499665,0.1714962406058555,0.330396651321489,0.9490263954295226
1006,33.532998,0.1570536259544053,0.3320905958601077,0.9388649565340068
1007,33.566331,0.1585159503485551,0.3318284266762058,0.9519295186058485
1008,33.599664,0.13233252057735004,0.32577463567431886,0.9500914599924138
1009,33.632996999999996,0.11509070747599885,0.32768144810787914,0.934889021719369
1010,33.666329999999995,0.11106896085457758,0.33441387472485307,0.9468463721891189
1011,33.699663,0.0714764976353677,0.328535918243627,0.9440708608456452
1012,33.732996,0.06986143521284247,0.3273874715644516,0.9575554025730852
1013,33.766329,0.07172292829716502,0.3237440343630301,0.9426857752417692
1014,33.799662,0.06826102478570831,0.32752977225747043,0.9574404114789031
1015,33.832995,0.06984555232701732,0.31389876310840636,0.9670802969378985
1016,33.866327999999996,0.07366528618072957,0.31916919161141266,0.9630677240875031
1017,33.899661,0.07311911763619634,0.3174550495673083,0.9502833424683343
1018,33.932994,0.0758589974252951,0.3179838905051929,0.9700776260650747
1019,33.966327,0.07404804905566703,0.31721348787381143,0.9661888331682269
1020,33.99966,0.07565212145921946,0.3171514616270582,0.9664309048936485
1021,34.032993,0.07522339662786151,0.3094374458752041,0.9719276104386132
1022,34.066326,0.07479031396229019,0.29951393264643555,0.9773924185311291
1023,34.099658999999996,0.07328473174507395,0.2990292637613603,0.975074030959151
1024,34.132992,0.07539951261766659,0.3087952404444172,0.9771372573357647
1025,34.166325,0.0731630852850806,0.30637866616949555,0.9631787623049393
1026,34.199658,0.07594388562976061,0.294614489740344,0.9745309673139992
1027,34.232991,0.07260040559492417,0.29839234353807687,0.9759471408747623
1028,34.266324,0.08288850964320689,0.30053317571591043,0.9702774768515733
1029,34.299656999999996,0.075149790358336,0.29045523288927594,0.9715742530899328
1030,34.332989999999995,0.07326038059355765,0.2995012411634098,0.9579711506322955
1031,34.366323,0.07502311979737901,0.3001669531614801,0.9783690594987462
1032,34.399656,0.07363897520438326,0.30226298815963576,0.9685004158459459
1033,34.432989,0.07411979408764809,0.29384757130755934,0.9693971436288698
1034,34.466322,0.07017848620663578,0.2956054592758552,0.9639115710544741
1035,34.499655,0.07304369947601203,0.2952605927302974,0.9752769012867962
1036,34.532987999999996,0.07171064738340481,0.3041355775715019,0.9807109507457588
1037,34.566320999999995,0.06968839800459715,0.31130066899261166,0.9723241004487673
1038,34.599654,0.07129598678720867,0.31207087937658184,0.9733581830446983
1039,34.632987,0.0695033355176016,0.3067975121933893,0.9828437802115447
1040,34.66632,0.06844148005702838,0.3079881372869573,0.9888075957795365
1041,34.699653,0.06930720139621342,0.30215525675743493,0.9936393508761264
1042,34.732986,0.06936599291252533,0.30235641704553123,0.9969980904627288
1043,34.766318999999996,0.06660408137230543,0.3022083763802178,0.9955626813356383
1044,34.799651999999995,0.06655059981444576,0.3030407127512862,0.9990847555321727
1045,34.832985,0.06546256304646589,0.29316390051439045,0.9732576236736475
1046,34.866318,0.06610677220773921,0.29688272237707236,0.9844284478851826
1047,34.899651,0.06829316452695773,0.2975330726852744,0.9882955320774782
1048,34.932984,0.06690941963138809,0.30419910805381434,0.9912032445316886
1049,34.966317,0.07086649891429246,0.2997560881092957,0.9834000257513774
1050,34.999649999999995,0.06703690196380524,0.2972316141910063,0.9836680409062301
1051,35.032983,0.06928677977666398,0.2970463194091025,0.9803948289023177
1052,35.066316,0.06692605427413642,0.2858499318464252,0.9722409108441544
1053,35.099649,0.0710645007288351,0.293101875445243,0.9694031469905051
1054,35.132982,0.07191015976928572,0.2205660810617317,0.9915146779123223
1055,35.166315,0.06896254701550293,0.15865835228910202,1.0329212324545813
1056,35.199647999999996,0.0684370115992985,0.14815835102174807,1.022182070528759
1057,35.232980999999995,0.0683146670431508,0.1599828207350975,1.0221185208585517
1058,35.266314,0.0723092062102324,0.1995826634157022,1.0015938807821414
1059,35.299647,0.07188445012819582,0.24554249695765687,0.9958348324313766
1060,35.33298,0.07035154836530479,0.2513534439389447,0.9893173937913088
1061,35.366313,0.07022125834715272,0.27360780753645686,0.9949385420315331
1062,35.399646,0.06935766072070491,0.2719920642714362,0.988681506416706
1063,35.432978999999996,0.07080991943513239,0.2782098926471786,0.9764874050008909
1064,35.466311999999995,0.07182837708504328,0.27863582585803826,0.9857470277517774
1065,35.499645,0.07115001039217562,0.2826121083705385,0.9767873120227877
1066,35.532978,0.07028968058380732,0.2847578134411425,0.9809821773333044
1067,35.566311,0.06834090553045336,0.28781963128531834,0.9742293487478539
1068,35.599644,0.06934819595221307,0.2921231896191318,0.9798385339889457
1069,35.632977,0.06745779294428657,0.2880303687511802,0.9815252639725165
1070,35.666309999999996,0.06723117966060163,0.2811467891461641,0.9891033082871481
1071,35.699642999999995,0.06765290575082816,0.2889238181906316,0.9865972013345022
1072,35.732976,0.07017499605924082,0.2902464328685551,0.9808874554156056
1073,35.766309,0.06699533495593882,0.29440719842207846,0.9934098580675553
1074,35.799642,0.06921616529966057,0.2831734720602902,1.004314848630476
1075,35.832975,0.06942085461703147,0.28081782255628485,1.0003611922826021
1076,35.866308,0.06693560733250914,0.2904519047169769,0.991990407991737
1077,35.899640999999995,0.06447118018344912,0.2835814155774753,1.0025649563858479
1078,35.932974,0.0671003518870119,0.29181259762361966,0.9893585222554395
1079,35.966307,0.0668070308936882,0.29230146813499597,1.0058162853039208
1080,35.99964,0.06771522421656692,0.29149765453215404,0.9954940197904978
1081,36.032973,0.06776240353103921,0.2915116035353076,0.9865717141514246
1082,36.066306,0.06895469778877865,0.2864053375346991,0.9923161885622258
1083,36.099638999999996,0.0668603512892245,0.28112113427773533,0.9857003260442556
1084,36.132971999999995,0.0686920884616431,0.28479673048646925,0.9828862516829017
1085,36.166305,0.06719210560790131,0.28794438909938425,0.9701539503036978
1086,36.199638,0.06699375137278665,0.2848059537503008,0.9746793644533049
1087,36.232971,0.06811398325711131,0.27040927920858504,0.9914093029895747
1088,36.266304,0.06788627049035799,0.2166677081701579,0.9942192195872888
1089,36.299637,0.06857945121683921,0.17905988535909262,1.0205868630740815
1090,36.332969999999996,0.06889713682020292,0.17342684962061558,1.011334442956886
1091,36.366302999999995,0.0697941030084859,0.18435502614412608,0.9893023994183089
1092,36.399636,0.06705207715800579,0.22990127285995113,1.0259700608645361
1093,36.432969,0.06707328825679844,0.2501078167508126,0.9987073002225939
1094,36.466302,0.07002731288538742,0.2739726212219656,0.9875809621917304
1095,36.499635,0.06807386486703257,0.2906583675433979,0.9855929530325988
1096,36.532968,0.06658152581634946,0.29666612721552654,0.9873092438849336
1097,36.566300999999996,0.06743158801934268,0.2986253829965324,0.9931082178150841
1098,36.599633999999995,0.06750239943827063,0.3001429718248242,0.9966192934556106
1099,36.632967,0.06724776228999797,0.3064870743858979,0.9787000447224314
1100,36.6663,0.06711712582302072,0.30397561889550684,0.9785367292787333
1101,36.699633,0.06881643367613105,0.3002488732822276,0.9839776754065201
1102,36.732966,0.06959714355884988,0.30276732635743,0.9828123874053971
1103,36.766299,0.06971849022942794,0.29754034696175613,0.9712076415245661
1104,36.799631999999995,0.06829207735480125,0.3016217085654289,0.9828142620039358
1105,36.832965,0.06932486379479187,0.2999944206317653,0.9693661391142165
1106,36.866298,0.06792301936413463,0.3083989893057132,0.9596239209654341
1107,36.899631,0.0680133517321368,0.30616255319537977,0.9590172761933842
1108,36.932964,0.06821733343015429,0.30701085564974406,0.9662055124378935
1109,36.966297,0.06821965894466525,0.309167741274575,0.964848262821008
1110,36.999629999999996,0.06867989561510712,0.31288697761475714,0.9607348906459134
1111,37.032962999999995,0.06955013031770857,0.3161402082627106,0.9636842307211925
1112,37.066296,0.07045135048718568,0.30658056028044367,0.9564811344914426
1113,37.099629,0.07152820337528826,0.3186090343472681,0.951203931999648
1114,37.132962,0.07099002435899082,0.30478764355226895,0.9439006192036016
1115,37.166295,0.07055166190430077,0.31017979276991225,0.9484763443488886
1116,37.199628,0.07107266941363254,0.2977486059180221,0.9518499167196424
1117,37.232960999999996,0.07034431415563762,0.3029689011073543,0.9457515736548456
1118,37.266293999999995,0.06980980852068354,0.3051245245168861,0.9591618447985885
1119,37.299627,0.06832496425138775,0.31171479097254867,0.9626147821077287
1120,37.33296,0.06818327362564149,0.302695408617654,0.9575983098479962
1121,37.366293,0.06803984585276106,0.3077511187659327,0.959572674227308
1122,37.399626,0.07026572496313688,0.3115195120867783,0.9751500839927717
1123,37.432959,0.06769410284483411,0.3182159851884871,0.9640742229320634
1124,37.466291999999996,0.06533821126475362,0.3150862477330015,0.9657617008023512
1125,37.499624999999995,0.06721999034731743,0.31852005636355385,0.9689738885197257
1126,37.532958,0.0668939715690586,0.3135204566679993,0.964322093472668
1127,37.566291,0.06789077352212178,0.3136932581102789,0.9577788613303326
1128,37.599624,0.06683956101956257,0.3049622683122453,0.9637571747653939
1129,37.632957,0.06978813948746261,0.30905828489465953,0.9810063977442515
1130,37.66629,0.06964195683766183,0.3020534712109605,0.9925114328301815
1131,37.699622999999995,0.06945886923072049,0.2964013481270747,0.9902490908766955
1132,37.732956,0.07196086262489161,0.30282831731816084,0.9754659160485938
1133,37.766289,0.07212628178189272,0.2970847031316345,0.9937841992320167
1134,37.799622,0.06707502945499504,0.301768139823669,0.9630844301882533
1135,37.832955,0.0717578046562046,0.3020290784962525,0.9820080995898287
1136,37.866288,0.0704169169031678,0.30640764878101023,0.9656865512406368
1137,37.899620999999996,0.0695750069707599,0.3019010041775815,0.9891766343230546
1138,37.932953999999995,0.07076530262526234,0.3015405142691987,0.989587465073561
1139,37.966287,0.09157178131894154,0.30364278637123887,1.0147831156325142
1140,37.99962,0.14670193988886845,0.3043580082235548,1.0129762662259523
1141,38.032953,0.17715631015802172,0.31360648377280426,1.0322561654672593
1142,38.066286,0.22003791716337814,0.30454475699330974,1.0300455475826558
1143,38.099619,0.24363331780500577,0.3088365556643665,1.0377469252562819
1144,38.132951999999996,0.22700987210722975,0.30675203470845336,1.0137816745106798
1145,38.166284999999995,0.23382620065622461,0.3045307000712403,1.0348919050398488
1146,38.199618,0.19648015930821416,0.3114221758752451,1.0125800489364996
1147,38.232951,0.1742588797964796,0.3135779350795444,1.027472961549835
1148,38.266284,0.17407153260105668,0.30578034589811354,1.03003746206342
1149,38.299617,0.14875956973813617,0.31617049820292037,1.0252883440885658
1150,38.33295,0.13936941885606888,0.31101330588484033,1.012108685904259
1151,38.366282999999996,0.1589907014630807,0.3004147588111844,1.0209280440126942
1152,38.399615999999995,0.13382791542845943,0.3107471448574078,1.0234397596996143
1153,38.432949,0.1482684294166436,0.3032130880297193,1.00582094533084
1154,38.466282,0.1589574554985811,0.3086660630145109,1.0218925609140925
1155,38.499615,0.1536195350768627,0.30104483951595484,1.0156990449982541
1156,38.532948,0.15328056144933278,0.30449103342051315,1.014397327392434
1157,38.566281,0.15330686911100883,0.30285471695282407,0.9965547656158716
1158,38.599613999999995,0.1663974362590171,0.30592490422272833,1.0090379553329363
1159,38.632947,0.1740398721006666,0.3014747161162902,0.9949230811566028
1160,38.66628,0.17704188282507172,0.3008799905866032,1.009762572464359
1161,38.699613,0.18268656752531853,0.305702929138833,0.9982620809995821
1162,38.732946,0.1841864109946576,0.30389020649291065,1.0054718767697928
1163,38.766279,0.18539152885476542,0.30373867036727537,1.0023958510819388
1164,38.799611999999996,0.18332856973003156,0.2975607319362347,0.9932856599934505
1165,38.832944999999995,0.1820493440631406,0.30714234003066965,1.008963926183796
1166,38.866278,0.18867015964531333,0.3067083907982391,0.9951758419477643
1167,38.899611,0.18608727999327365,0.3091412477404718,1.0090887455042434
1168,38.932944,0.18676370124360625,0.29805641775641906,0.9830994327803593
1169,38.966277,0.1966974738722631,0.30316219976693926,0.9989324796476592
1170,38.99961,0.19294526611834598,0.3065217493863188,0.9896078240307141
1171,39.032942999999996,0.18464615170235835,0.31319842883241444,1.0117539684988883
1172,39.066275999999995,0.18360980534512944,0.30239195024915944,0.9930526910572522
1173,39.099609,0.18116853628503804,0.3058445254776796,1.0051310609170991
1174,39.132942,0.18650428730007954,0.3063083502551711,0.9972876423178223
1175,39.166275,0.1778315288618154,0.3056961726866748,1.0017475460792162
1176,39.199608,0.17811062771148548,0.3028160516597858,0.9952521509410445
1177,39.232941,0.17835017546779267,0.30462642077228136,1.0042936486381655
1178,39.266273999999996,0.18529939617895355,0.30522989186582705,0.995282556034126
1179,39.299606999999995,0.17797025674576225,0.31390353146923966,1.0017063774341302
1180,39.33294,0.18467660451717935,0.3142121688063674,0.9929151698349935
1181,39.366273,0.1774073748662517,0.30857980729469564,1.0011647338578047
1182,39.399606,0.18286065334045357,0.3115390554878734,1.00006726246021
1183,39.432939,0.1808539012963155,0.30929249780381163,1.005026221863672
1184,39.466272,0.18922962647730213,0.29890648846406054,0.9984276767405742
1185,39.499604999999995,0.18490873023594617,0.31386305287645344,1.0127602472290858
1186,39.532938,0.18929434955356697,0.3101863805004343,1.0047270852326082
1187,39.566271,0.18208555053166034,0.30143999601342236,0.9974718572972535
1188,39.599604,0.17894843312270817,0.3065327350561313,1.0015710257626196
1189,39.632937,0.16598492428219186,0.30464348481536285,1.0093795532246175
1190,39.66627,0.14602518276740714,0.302895094220724,0.9863463508371272
1191,39.699602999999996,0.08429619123903835,0.30847069299356955,0.9894299820187681
1192,39.732935999999995,0.06798727984861463,0.3035271866324901,0.9833576731800732
1193,39.766269,0.06869716237669252,0.31277673484174195,0.9702377448502529
1194,39.799602,0.06908695393603557,0.3120675016460951,0.9725771925830767
1195,39.832935,0.15216703294205466,0.31369116316821977,0.9830945702303363
1196,39.866268,0.1651323229872484,0.31517254772645376,1.0050897316778569
1197,39.899601,0.16901840570033266,0.3081508169113375,0.988003039660127
1198,39.932933999999996,0.16834778322043562,0.30709011787527785,1.00723304988265
1199,39.966266999999995,0.16742654982560787,0.29962685089404273,1.0146963485844225
1200,39.9996,0.17642825980325824,0.3126473127670251,1.0079434655499777
1201,40.032933,0.17482677714955588,0.3057431666322704,1.003331256461437
1202,40.066266,0.18434574591779612,0.30109320873053613,1.0114541339024015
1203,40.099599,0.17108709434849492,0.3012486284923296,0.9908310721949652
1204,40.132932,0.1005287561923737,0.3065908916880197,0.9947242422841968
1205,40.166264999999996,0.06856578732572177,0.3034196091336189,0.9841338261849922
1206,40.199597999999995,0.06926679800090903,0.3041956494343573,0.9749988008052283
1207,40.232931,0.06937142667543499,0.2998903755914094,0.982460685793586
1208,40.266264,0.15110852197358549,0.3138300164039701,0.998112237161654
1209,40.299597,0.20904421738995374,0.3054256110073344,1.0286759283996816
1210,40.33293,0.20956687865845708,0.3037491220846674,1.0244176398772509
1211,40.366263,0.17925039110530858,0.30649261422040736,1.0203448146042597
1212,40.399595999999995,0.16496553005497483,0.29846843081700214,1.008377042897009
1213,40.432929,0.16471805791425373,0.30400801087545304,1.0101957060662154
1214,40.466262,0.15350622092072852,0.2993339051627433,1.0074992774697136
1215,40.499595,0.12179370516767406,0.2976908837782166,1.0037898663947413
1216,40.532928,0.07434492188859265,0.29423577885941166,0.9919151253664305
1217,40.566261,0.07618061814680015,0.297112684752759,0.9997847827593178
1218,40.599593999999996,0.13217518531632086,0.2982928855072011,0.996428913274235
1219,40.632926999999995,0.06875438509332996,0.29625964259479354,0.9815882038530012
1220,40.66626,0.06796062799089048,0.29568349917405756,0.9809887143981675
1221,40.699593,0.06586524203845082,0.29827381215632864,0.98166056623437
1222,40.732926,0.06741222499192505,0.29671305703029366,0.9733870226859314
1223,40.766259,0.1459255083492689,0.29753081962221456,0.9792632053835435
1224,40.799592,0.1747834371975847,0.30670145448780006,0.9993448390760623
1225,40.832924999999996,0.18882570277295402,0.2990265693201759,0.9805240071119442
1226,40.866257999999995,0.21859173636794466,0.3012956980622511,0.9972834476165718
1227,40.899591,0.21657993160759692,0.3008921253231262,0.9911638228193376
1228,40.932924,0.2085968970910696,0.3013654581155298,0.9875109498653777
1229,40.966257,0.20009532652429496,0.2962482210154811,0.9786360173164882
1230,40.99959,0.20222509566323524,0.30136131040845243,0.9791403052500397
1231,41.032923,0.2094014433460422,0.2894024663204753,1.0153824226115997
1232,41.066255999999996,0.2575800564878668,0.29985610955496517,1.0240359334872018
1233,41.099588999999995,0.23384186771470172,0.2961163337117211,1.0208563022583308
1234,41.132922,0.1717935164547015,0.29569803494667446,0.9845432773745032
1235,41.166255,0.1926303791506917,0.29587407987418235,0.9936591981765507
1236,41.199588,0.16933820636728775,0.28312505602436666,0.9739713563262766
1237,41.232921,0.16265986391326825,0.27006818944198074,0.9844547820727795
1238,41.266253999999996,0.16602672681160596,0.24692061535305182,0.9926551136555114
1239,41.299586999999995,0.18005261488854585,0.2520338794097037,0.9935272978545316
1240,41.33292,0.20006097515181306,0.21896469303052177,1.0276206195682467
1241,41.366253,0.19695058383429995,0.17231648079564957,1.015016730660254
1242,41.399586,0.188314783619012,0.1721747985508411,1.0186179123014485
1243,41.432919,0.19516486873183886,0.1827624737564592,1.0094535954021489
1244,41.466252,0.19250253899512168,0.22097326158853486,0.9991753102212524
1245,41.499584999999996,0.19305303368570306,0.2569565076380991,0.9997454098811196
1246,41.532917999999995,0.1898932099714816,0.2805666600907282,0.9989831011686893
1247,41.566251,0.20084730340252005,0.27916443315210704,0.9911705725334209
1248,41.599584,0.1907253754853457,0.297871588546265,0.996282843568462
1249,41.632917,0.1909713085196366,0.28964772156132734,0.9783150221733172
1250,41.66625,0.1765918726098975,0.29411798709770487,0.9935652685579173
1251,41.699583,0.2072103213122962,0.2894320180407527,0.9907667755437168
1252,41.732915999999996,0.19230994626587294,0.3081601966052805,0.9817078676692388
1253,41.766248999999995,0.1846642837389664,0.3080065113767434,0.9796099481848811
1254,41.799582,0.18250926231267223,0.3070086516512085,0.9928371111342087
1255,41.832915,0.19086942900722953,0.29446782634624336,0.9885197046293083
1256,41.866248,0.1786298806499132,0.29916980771566937,0.9834200032272798
1257,41.899581,0.17830160485156835,0.3034841069094931,0.9816855136355683
1258,41.932914,0.1893217945466244,0.2954454899396348,0.9836231023578056
1259,41.966246999999996,0.16942297006153603,0.2927770989744597,0.9866786138959199
1260,41.999579999999995,0.17745242104079498,0.29159746437567113,0.9962170804875207
1261,42.032913,0.1769305649621908,0.29692767507028883,0.9930466056412077
1262,42.066246,0.1799473355850193,0.30051335354676667,1.0061491055358232
1263,42.099579,0.183841138126593,0.30321622944090854,1.0082153414266735
1264,42.132912,0.17609977055318632,0.3034220321897686,1.006262593731798
1265,42.166244999999996,0.17515328447358663,0.31095144121072443,1.008258913810675
1266,42.199577999999995,0.1734360386759304,0.3090286053095439,1.0137191934416567
1267,42.232910999999994,0.17691564276983035,0.30528284949254547,1.020861549637661
1268,42.266244,0.17595041603668002,0.301504985079843,1.0113434189258395
1269,42.299577,0.17671510448911923,0.2999263335636012,1.009990245595054
1270,42.33291,0.16874680645388893,0.3010909476963223,1.0147296472334235
1271,42.366243,0.16541261634566473,0.2953696817660308,1.0035247872318906
1272,42.399575999999996,0.1731446543808273,0.3022843071923619,1.0036838103086503
1273,42.432908999999995,0.18323606079465085,0.29522245557300614,0.996432793939299
1274,42.466242,0.16693284844052775,0.3003975314752586,0.9898670946867437
1275,42.499575,0.16697880780220045,0.29027183734367,0.994190489890324
1276,42.532908,0.17359041943480547,0.29776303578512375,0.9976635005771797
1277,42.566241,0.17273758185023552,0.30474203619944445,1.0078848112486791
1278,42.599574,0.17123356477558435,0.3001717948817273,1.0100777252192688
1279,42.632906999999996,0.16931924556454342,0.3116295664412947,1.0059826696986103
1280,42.666239999999995,0.16848506570952057,0.3079459404342473,1.0019426339527178
1281,42.699573,0.16901869629235078,0.3153891937393456,1.0035705962143462
1282,42.732906,0.17058380417707997,0.3071005533156346,0.988668469548835
1283,42.766239,0.17488246126356627,0.32021231792714444,0.994541136340364
1284,42.799572,0.16284992532823236,0.2956876943687017,0.9887651418714518
1285,42.832905,0.15115052775915988,0.315326946462677,1.010632306074228
1286,42.866237999999996,0.14299845262995192,0.3179703360960085,1.0006339259007766
1287,42.899570999999995,0.14200280135658191,0.3086095525748829,0.9985516170598285
1288,42.932904,0.1395770620298989,0.306327214596538,0.9985768102498883
1289,42.966237,0.13238983495693862,0.297937090189717,0.9927867275995749
1290,42.99957,0.1313150705255694,0.303344484416355,1.030974179517486
1291,43.032903,0.14402418177338072,0.32184676602404394,1.0455923863621006
1292,43.066235999999996,0.1482045173353758,0.3050115307594926,1.0616034102440817
1293,43.099568999999995,0.1549973113797204,0.31277627421960014,1.0825362734060109
1294,43.132901999999994,0.12036157611044981,0.3091110023352446,1.0687992391552135
1295,43.166235,0.07209385784746043,0.3014666200368835,1.0900491542132904
1296,43.199568,0.07520141791362252,0.30053498140852,1.0979095133801788
1297,43.232901,0.13011650363874627,0.3144692420148828,1.1084810651237627
1298,43.266234,0.21896304664812097,0.31109582268924935,1.0878487579767115
1299,43.299566999999996,0.21269237568801583,0.30576209923308817,1.08174692912407
1300,43.332899999999995,0.22949667641229576,0.3091459203568696,1.0656987513147833
1301,43.366233,0.2242450429989294,0.31059927166465573,1.0514343673305355
1302,43.399566,0.18597322792577034,0.3170076791571819,1.030470870684086
1303,43.432899,0.11974440125293816,0.30884242645065985,1.0442790121404286
1304,43.466232,0.06739719231814907,0.29460472721180786,1.011026448903717
1305,43.499565,0.07111128190806094,0.2930886917518626,1.0165782838124153
1306,43.532897999999996,0.11275713826204643,0.3097667931612984,1.0019179328822274
1307,43.566230999999995,0.1642196363709142,0.28818492957129643,0.9833511463015825
1308,43.599564,0.20391577272308367,0.29828514707683057,0.9872432727460417
1309,43.632897,0.20470556865820724,0.27978556644901253,1.0035161268138855
1310,43.66623,0.21630459398288068,0.305005052085956,1.0189223254480757
1311,43.699563,0.20607661957236453,0.29572369674844123,0.9935899239361273
1312,43.732896,0.20785202855363394,0.2869632214206968,0.9831420017317346
1313,43.766228999999996,0.20661221552074419,0.2883394674054066,0.9948960595431678
1314,43.799561999999995,0.2256934545186942,0.2994455240678732,1.0136518366301936
1315,43.832895,0.22796251512286486,0.2816767286399675,1.002102906861936
1316,43.866228,0.19757250755840713,0.2975215639468513,1.0128284085356474
1317,43.899561,0.1316699838818137,0.28160033279675667,1.0102825678646312
1318,43.932894,0.06927282193942452,0.3042064859062686,1.0082899503326495
1319,43.966226999999996,0.06964698148776055,0.2884064662638228,1.0079712036704702
1320,43.999559999999995,0.06762554412132164,0.28612775151662484,1.0090965950158466
1321,44.032892999999994,0.1804789870962849,0.3028408639657042,1.0221213875508783
1322,44.066226,0.17637400617058874,0.29505558410295235,1.019822991944653
1323,44.099559,0.13807954781008547,0.2942739129771601,1.0302410230293186
1324,44.132892,0.06719536960117006,0.29124663634712106,1.020740022744866
1325,44.166225,0.10748269009468783,0.2990573187281981,1.0223669194979301
1326,44.199557999999996,0.16447582236411515,0.30895184353499916,1.040075853837052
1327,44.232890999999995,0.17550457585425228,0.29537388247113305,1.0300580064022464
1328,44.266224,0.15229433514046142,0.2945400480677008,1.0460417178852146
1329,44.299557,0.07261834547576794,0.28906011422702294,1.039911404604515
1330,44.33289,0.06922916154425957,0.29649143261813693,1.0162592287704657
1331,44.366223,0.06803888929952068,0.2862026280609027,1.0317439739627055
1332,44.399556,0.066149921504114,0.30064197785217794,1.0411496299183611
1333,44.432888999999996,0.0657556384481238,0.29846258794749847,1.0483245395787943
1334,44.466221999999995,0.14328387751680413,0.2878296992781298,1.0457697166497015
1335,44.499555,0.17975551217975766,0.2901473332658562,1.0488195338659987
1336,44.532888,0.18946152972235317,0.2919671174633792,1.0607619767163792
1337,44.566221,0.17314047634722105,0.2945495468629436,1.034633570037186
1338,44.599554,0.1687369674762204,0.29378216073131247,1.0339409516131652
1339,44.632887,0.15663630012491675,0.2877074442112362,1.035882593983568
1340,44.666219999999996,0.13762121714598527,0.28361938615085447,1.01098746564773
1341,44.699552999999995,0.12431225193133491,0.2867731194286355,1.0118503863661372
1342,44.732886,0.06498631764583496,0.2960816380802711,0.9832190368580317
1343,44.766219,0.06726183869635174,0.3026888328315428,1.0026148099061727
1344,44.799552,0.07150448702951148,0.2925264593052918,0.9898897228140772
1345,44.832885,0.1254288276232092,0.29718288210200494,1.0050473531139117
1346,44.866217999999996,0.1398447389308861,0.292494267691382,0.9953914224480587
1347,44.899550999999995,0.154778754510234,0.29126159121888506,1.0047454594428178
1348,44.932883999999994,0.15609038048533402,0.2900629002362895,0.9863713453876346
1349,44.966217,0.15674359137111016,0.29189227945359797,1.0013388900519198
1350,44.99955,0.1484063758749464,0.29535360057428506,0.9898171305627976
1351,45.032883,0.13666139078891598,0.2908120612909914,1.0056536293549743
1352,45.066216,0.11584420321417985,0.28368240899638986,0.9861701377370465
1353,45.099548999999996,0.11418085640110527,0.29600873091880353,0.9745884423131923
1354,45.132881999999995,0.12511558534998585,0.2947146709013623,0.9863201874353164
1355,45.166215,0.13370879313167966,0.28507348810469796,0.9831203243122661
1356,45.199548,0.14687883105271993,0.29054311407606226,0.984043147969657
1357,45.232881,0.14620212133902966,0.28366786677666944,0.9645937333304802
1358,45.266214,0.15513954325026927,0.2920545780260251,0.9741036306551438
1359,45.299547,0.16268706807868108,0.27738836740406303,0.9765954242947195
1360,45.332879999999996,0.15990555110080437,0.262447167814106,0.9867464767779102
1361,45.366212999999995,0.15952069951784548,0.19239827126941028,1.017322786028407
1362,45.399546,0.1644333436638804,0.16983699230196125,1.0149696847602
1363,45.432879,0.15259862023763807,0.16202938108994436,1.002571397071454
1364,45.466212,0.15820272017936265,0.18224334748304727,0.9952834081158322
1365,45.499545,0.10309697150982924,0.18646657717266377,0.9816550228529797
1366,45.532878,0.07117270825562241,0.18689274284889124,0.9753804425110447
1367,45.566210999999996,0.07060869991729768,0.20140798822626146,0.9538769590296805
1368,45.599543999999995,0.06947107112539104,0.20871275100180536,0.9660539109762334
1369,45.632877,0.11993384627445894,0.2085156666957219,0.9536607337945299
1370,45.66621,0.16248948996729418,0.21167233784525324,0.9676674951083473
1371,45.699543,0.1711615072354306,0.22231527890088226,0.952681867970365
1372,45.732876,0.19434187130341066,0.22405036915626259,0.9765520355927939
1373,45.766208999999996,0.20796916631216575,0.22102391069276978,0.9799382169707668
1374,45.799541999999995,0.2097689988644548,0.2348260022427261,1.010960931922396
1375,45.832874999999994,0.22440256819073462,0.22744992169745074,1.0181810022044433
1376,45.866208,0.21818732481412614,0.23149395725545818,1.0030585310726814
1377,45.899541,0.20803725509388055,0.23155178986273522,1.0060710690898809
1378,45.932874,0.20387837944535378,0.22900525788904663,1.0055269140139187
1379,45.966207,0.2051918106244837,0.23669218082370913,1.0088980028009882
1380,45.999539999999996,0.2032679538217284,0.22786581301193318,0.9850709726769142
1381,46.032872999999995,0.18518512018222924,0.23294583383140693,0.9761393022822321
1382,46.066206,0.16734753644544223,0.2262652973212146,0.9743172130078595
1383,46.099539,0.09162140793203957,0.2278897620097584,0.9589643320638193
1384,46.132872,0.07086167486692477,0.24669187065870096,0.9645276215485257
1385,46.166205,0.06976356104459527,0.2349965179976098,0.9474005589149739
1386,46.199538,0.09065925389784864,0.2329764991299922,0.9563177931013732
1387,46.232870999999996,0.14717766448380737,0.19284278531930393,0.9716918705813733
1388,46.266203999999995,0.1488722270717736,0.1466907150318705,0.9745588634344964
1389,46.299537,0.14735950683756696,0.11936477790158023,0.9656529420128126
1390,46.33287,0.1389532537984402,0.13359053955676164,1.0063202791283095
1391,46.366203,0.14912371021267187,0.13205673234368456,1.0220939560184972
1392,46.399536,0.14769243559271797,0.2598206282599715,1.0490999913315402
1393,46.432869,0.12666595236575762,0.2916909290479626,1.0648147984804235
1394,46.466201999999996,0.04518175799528971,0.3493144003574564,1.1491222344647767
1395,46.499534999999995,0.033893134155196715,0.35554139610291585,1.1606286450314391
1396,46.532868,0.02980278133246306,0.39182781351099305,1.1733214725196708
1397,46.566201,0.031543661581142454,0.4059607878755648,1.188029343846819
1398,46.599534,0.07813543506904497,0.42036013285171525,1.1969237749876378
1399,46.632867,0.1675867257677036,0.4477312752276563,1.217122200290751
1400,46.666199999999996,0.11674789440225741,0.373664868511807,1.1783378152509445
1401,46.699532999999995,0.13281775641636215,0.32330736144505756,1.1211155488740803
1402,46.732865999999994,0.13653248035691765,0.31109444197805214,1.1494609038422396
1403,46.766199,0.12665971903569684,0.24558836278719287,1.1000419453410546
1404,46.799532,0.15290297520661297,0.15329366624749752,1.06942610119817
1405,46.832865,0.1518810684219368,0.19928546033191458,1.0584668787757074
1406,46.866198,0.16490156965427696,0.21000828272897865,1.0432508954017945
1407,46.899530999999996,0.1727244866353094,0.23230058927749309,1.0378706621618847
1408,46.932863999999995,0.17345532872311753,0.2505399314009898,1.0256663947315976
1409,46.966197,0.18151780312207175,0.24419469104078673,0.9991308009923846
1410,46.99953,0.1636841206347856,0.25635637021800106,0.9747644794919407
1411,47.032863,0.18828106090144534,0.25975870386523425,0.9535079571650255
1412,47.066196,0.18875293928110534,0.2567810913552971,0.9763698973610238
1413,47.099529,0.1877850960946585,0.2602700430247496,0.9655485458617981
1414,47.132861999999996,0.18637205067351753,0.25911248444711665,0.9650899743419451
1415,47.166194999999995,0.19073987668029616,0.25269824998962365,0.9765546388890323
1416,47.199528,0.1891857959314631,0.25052355728466946,0.9655862616062392
1417,47.232861,0.19077635666886386,0.25121308280667465,0.9759379360202343
1418,47.266194,0.19054083025449883,0.2513000617481429,0.9750714305611808
1419,47.299527,0.18772672774255736,0.25562170093252734,0.9797837545630641
1420,47.33286,0.18739869112193536,0.25124837260098154,0.9912070920732233
1421,47.366192999999996,0.18931799252797527,0.2595140835857136,0.9957615262838533
1422,47.399525999999994,0.17908526153145332,0.2575943067085833,0.981522694687137
1423,47.432859,0.19097770286475385,0.2576902088710724,0.9890957878715047
1424,47.466192,0.18385900923892956,0.255984409147742,0.977618534441008
1425,47.499525,0.1757959528369695,0.2659179856999663,0.9851915970115833
1426,47.532858,0.15333135336345047,0.25162793156046226,0.9650044622356584
1427,47.566190999999996,0.07274320227249939,0.25813582564227056,0.97517775018896
1428,47.599523999999995,0.0727665009966047,0.25768058062497656,0.9704007564641921
1429,47.632856999999994,0.07436282052153066,0.26125235664422763,0.9758728533746266
1430,47.66619,0.1482646299580041,0.26245412057486656,0.9767329306503042
1431,47.699523,0.19524913105822345,0.2581377037985493,0.985502980372534
1432,47.732856,0.21205024716925397,0.25914841982185294,0.9830624524024448
1433,47.766189,0.21514016785100534,0.25999281114711614,0.9956788137149628
1434,47.799521999999996,0.18964289359929004,0.2542847685250966,0.9872638048439764
1435,47.832854999999995,0.168863838691026,0.253908025594997,0.9815227796678989
1436,47.866188,0.15098534776218256,0.2600965728412432,0.9900066614897797
1437,47.899521,0.0727470238341652,0.2586738468055032,0.9836737807836705
1438,47.932854,0.07236702119307446,0.25640905208250453,0.9812940869632336
1439,47.966187,0.07188597237368773,0.23731279415820916,0.9763409722316886
1440,47.99952,0.06830271490921856,0.19734657041348092,0.9868261292086717
1441,48.032852999999996,0.175836983988089,0.16403689721389345,0.9791926004869427
1442,48.066185999999995,0.20026784170626108,0.11810975927507496,0.9788781903590034
1443,48.099519,0.2338521049513631,0.17637002345077935,0.9830284618087658
1444,48.132852,0.2543527968726895,0.1921761073914369,0.9841540588580786
1445,48.166185,0.25422706817071966,0.22349467408929669,1.006685364288984
1446,48.199518,0.2512655784045066,0.2304889743631791,1.0353768699596244
1447,48.232851,0.27018769596833625,0.23936639532465437,1.0556413747056348
1448,48.266183999999996,0.28540326075977107,0.25742777420510765,1.0676994021773303
1449,48.299516999999994,0.26875974314001305,0.2355009768540114,1.0619379666363937
1450,48.33285,0.2890131771893533,0.2412724512163604,1.1020561009158414
1451,48.366183,0.2769877373473583,0.22876734875187563,1.033443437137696
1452,48.399516,0.2764824077070124,0.24446016387527855,1.069656114201017
1453,48.432849,0.277569260801652,0.23497215041097183,1.0522257874360827
1454,48.466181999999996,0.2611882215975502,0.2249310355828023,1.0306834165129983
1455,48.499514999999995,0.2573661874542575,0.2264408767394609,1.0173209133414811
1456,48.532847999999994,0.25266015751206816,0.24099612177948862,1.0046587494164823
1457,48.566181,0.2502855958349062,0.22314400510759458,1.0218046623195252
1458,48.599514,0.24463818122476663,0.22686088216969597,0.9958827077324685
1459,48.632847,0.24877376980131613,0.2237959213984423,1.0165452058858737
1460,48.66618,0.2451477343346248,0.22026864850446254,1.0173785306615237
1461,48.699512999999996,0.23769630852660836,0.21867756357933676,0.9911459835886943
1462,48.732845999999995,0.2255167251603349,0.1866566470458857,1.0102894442693202
1463,48.766179,0.23144709516125306,0.1520242743965483,1.0245413974445483
1464,48.799512,0.22644037617073223,0.15160993564401376,1.03293555975467
1465,48.832845,0.21503770485592708,0.1636208632204447,0.9731247106577593
1466,48.866178,0.20189593059326358,0.1799887189870472,0.9799955504772159
1467,48.899511,0.1903824929858856,0.1861715078747132,0.9798750349069427
1468,48.932843999999996,0.19534612153027534,0.2243884161535289,0.9785900713225737
1469,48.966176999999995,0.19259830919945936,0.23782258326756384,0.9730149138464163
1470,48.99951,0.17984200794903896,0.2427200968125952,0.9628780769580421
1471,49.032843,0.15191489509814654,0.2363288779808898,0.9644696135008487
1472,49.066176,0.13116632562102162,0.23665942029825865,0.9642139790513649
1473,49.099509,0.1512710515455305,0.23529524566012192,0.9740022943962332
1474,49.132842,0.16919869396548398,0.22612574769266214,0.9932151638824674
1475,49.166174999999996,0.19303781471297415,0.22255452787578295,1.0018828193120597
1476,49.199507999999994,0.20561073863686552,0.21912238019892763,1.0148440514547599
1477,49.232841,0.20783162216164627,0.21955264549977815,1.0197590922869082
1478,49.266174,0.20913460542973739,0.21118624445019424,1.0309805567379997
1479,49.299507,0.21106720526077943,0.20113786102523415,1.0307646059094604
1480,49.33284,0.2190849668293042,0.2127571702448045,1.0173799792811435
1481,49.366172999999996,0.22592407154205815,0.21309392154784088,1.0322501680938256
1482,49.399505999999995,0.22160530524471497,0.21108598241127824,1.0304677579651942
1483,49.432838999999994,0.22180443258027163,0.20620232869825034,1.0384329580401135
1484,49.466172,0.22080269181125958,0.20771146565441728,1.0395365237878487
1485,49.499505,0.2166856875146359,0.2093923509300991,1.03972449433556
1486,49.532838,0.221421615661731,0.20726157551809954,1.0544981879381314
1487,49.566171,0.21884419975941888,0.21369854391848703,1.0505354356960768
1488,49.599503999999996,0.2174003646052243,0.20343246661443368,1.0506421430972768
1489,49.632836999999995,0.21706928179251844,0.21600578278430677,1.0396611009254448
1490,49.666169999999994,0.21690848790916897,0.21474751642080492,1.0451810191502413
1491,49.699503,0.2148723593452748,0.21962516334634002,1.037841224029144
1492,49.732836,0.20955012750820365,0.22441043751923523,1.0414264466060326
1493,49.766169,0.2112205486664768,0.2226942546885088,1.0344165281179551
1494,49.799502,0.21011669200052407,0.2208084548321988,1.0401387577341965
1495,49.832834999999996,0.20781241991720276,0.2252394553932393,1.0382809527977168
1496,49.866167999999995,0.20941032343607435,0.23849401468612536,1.0294991130765134
1497,49.899501,0.20735958771038956,0.23478935550321622,1.0220656184176518
1498,49.932834,0.1975165345835918,0.23880271884273668,1.030456754320031
1499,49.966167,0.19906686004124202,0.23456244667113985,1.0165335003506313
1500,49.9995,0.18615612005946422,0.23463105105117982,1.0175935212215685
1501,50.032833,0.19355181180692801,0.21925312474442554,1.0010543822179894
1502,50.066165999999996,0.1928950375326486,0.2417534108536571,1.019063376312414
1503,50.099498999999994,0.19894179159741918,0.23457197063203772,1.0135792003597925
1504,50.132832,0.20677961865049577,0.2364224355885305,1.019948769333445
1505,50.166165,0.20104334159108,0.23890256940462015,1.0191952050295627
1506,50.199498,0.21102541367050365,0.231353730552403,1.0468588135724943
1507,50.232831,0.1988033423501429,0.23452968874140404,1.0202930717078393
1508,50.266163999999996,0.20010964083637234,0.24501189578504862,1.0319482339389543
1509,50.299496999999995,0.20436199709609537,0.23045065669353443,1.0348322558186769
1510,50.332829999999994,0.21097807003254943,0.22876161080395938,1.0364675227544584
1511,50.366163,0.24688797800459356,0.22399278034053383,1.053268989202196
1512,50.399496,0.26489601580384403,0.235244882088334,1.0337339547691682
1513,50.432829,0.25240058501814444,0.23173540652511332,1.0600282261660874
1514,50.466162,0.22701750498317233,0.23019026477750046,1.043295532851623
1515,50.499494999999996,0.19856366366725464,0.23055964393988038,1.030853090088592
1516,50.532827999999995,0.18161931220099867,0.22338407064449925,1.0396915753120834
1517,50.566160999999994,0.17262776936373156,0.22743044028617737,1.0403746105426925
1518,50.599494,0.16033653684283575,0.2264562051010447,1.0424708925434234
1519,50.632827,0.0778394582305635,0.23529581150217366,1.0297327529883575
1520,50.66616,0.07130386865060107,0.23003413297372588,1.0336848892240116
1521,50.699493,0.0704104523346907,0.23599578035830698,1.019617446533943
1522,50.732825999999996,0.1205155987734718,0.24144096664040376,1.0240991728137652
1523,50.766158999999995,0.17432292864424934,0.2401590160297132,1.0143081990151306
1524,50.799492,0.16912241708801393,0.2320905930410376,1.0044487195852958
1525,50.832825,0.17571090420843416,0.22822173858874625,0.999206527241448
1526,50.866158,0.16906644170243842,0.24635021185577888,1.0032761579091374
1527,50.899491,0.1782920772669851,0.2414647761567187,1.0016904792882668
1528,50.932824,0.16937556434989878,0.24304221239748913,1.0132908459648384
1529,50.966156999999995,0.16561187101570413,0.24693179092170076,1.006401658540944
1530,50.999489999999994,0.17240977936352905,0.23465603121729411,1.0101722441257857
1531,51.032823,0.17179416473793957,0.24112674126476952,1.0105398404860313
1532,51.066156,0.1458627313750256,0.24040966289413523,1.0127644486585827
1533,51.099489,0.06989210987918418,0.24139806792200424,1.0374228508352488
1534,51.132822,0.07294594034852458,0.24430102997798658,1.0312051088886738
1535,51.166154999999996,0.08360352102665822,0.244419619170409,1.022189688187246
1536,51.199487999999995,0.07496430678525717,0.24412338321538773,1.0365926157503895
1537,51.232820999999994,0.07519871130749813,0.2440585117084712,1.0256744096950292
1538,51.266154,0.07435217090262786,0.243193403109598,1.01480300620095
1539,51.299487,0.07815232517012605,0.24538240190266708,1.017356236799371
1540,51.33282,0.07372930557592879,0.24668227292935935,0.9971504611603932
1541,51.366153,0.07142148927649161,0.24893501627900566,1.0104413597387372
1542,51.399485999999996,0.0690706550553044,0.2469600741997124,1.031194985711797
1543,51.432818999999995,0.09170213551957103,0.24271263888850056,1.038709465299866
1544,51.466151999999994,0.1616459780626555,0.24863264970921467,1.0472989320066564
1545,51.499485,0.19743255565924195,0.24680165762795048,1.0635672578349493
1546,51.532818,0.21238417515162525,0.24022250623146824,1.0433741723798737
1547,51.566151,0.22528457284583922,0.23755314523760615,1.0521301136275956
1548,51.599484,0.23537528414369752,0.23333840063648642,1.0491806493998084
1549,51.632816999999996,0.2157919027915526,0.23767957647862625,1.0467228993379458
1550,51.666149999999995,0.21323362852268388,0.24770583654709707,1.0430864853310147
1551,51.699483,0.20057209329294146,0.24461204753388405,1.029719573355742
1552,51.732816,0.19866417901787012,0.24585359775832563,1.042460827628888
1553,51.766149,0.21532340587633436,0.2530621404894346,1.0304325787906798
1554,51.799482,0.2032088342792342,0.24904973705818031,1.0327693357534602
1555,51.832815,0.202691874257352,0.24687239281801382,1.0252180209020547
1556,51.866147999999995,0.19862960676021493,0.25295493738340735,1.0349177665991736
1557,51.899480999999994,0.20964201800714874,0.24517148221617874,1.0259580716257573
1558,51.932814,0.2001377141176403,0.24829503254074198,1.030635094881525
1559,51.966147,0.19141002694886994,0.24694660165608157,1.028819864054788
1560,51.99948,0.1853690525241892,0.25611896729728195,1.0346076275083818
1561,52.032813,0.1727629113932605,0.2595636776816424,1.0086424837545742
1562,52.066145999999996,0.1640828564033756,0.2525582269651674,1.018160052028546
1563,52.099478999999995,0.15927694144552,0.24753948821275448,1.009654001508283
1564,52.132811999999994,0.16488780343568424,0.26088501762119937,1.0005654847472316
1565,52.166145,0.17575203673682974,0.25591656384771044,1.0039055363348912
1566,52.199478,0.17779894334315988,0.2584673307649946,1.0148223293334535
1567,52.232811,0.18738984690425142,0.2575890309460961,1.0191832804539227
1568,52.266144,0.18612187842273287,0.25094424811006955,1.0108468343767605
1569,52.299476999999996,0.18368876983985297,0.25284658924960635,1.0166881393319291
1570,52.332809999999995,0.18332518544574977,0.2533981922971206,1.0144370102581897
1571,52.366142999999994,0.1813360801564304,0.2573399470456324,1.0032370096066165
1572,52.399476,0.179370465911384,0.2549514965452936,1.0118821569500407
1573,52.432809,0.18138466004509893,0.2503643305981351,1.0154379675890894
1574,52.466142,0.18203317804987174,0.24352838975786945,1.0115482853775846
1575,52.499475,0.1903109058726669,0.2566124881304187,1.0214574488652945
1576,52.532807999999996,0.18948864012566452,0.2491941048111811,1.0314532362326827
1577,52.566140999999995,0.1869702202557402,0.25847892984967813,1.0131994346339708
1578,52.599474,0.18599556952908794,0.2496366333529109,1.0151741565834642
1579,52.632807,0.19045516899218684,0.24532582707013206,1.010927341424003
1580,52.66614,0.20987351482821848,0.24577069325097103,1.0271916761400317
1581,52.699473,0.23264159784157717,0.25123585204762355,1.0331243270775063
1582,52.732806,0.2845456273454106,0.2559590328230146,1.0380434349976873
1583,52.766138999999995,0.3083762093066756,0.26719869679593433,1.0477529294026593
1584,52.799471999999994,0.28806806967395443,0.26239678136885913,1.0526563275615326
1585,52.832805,0.24239580804992883,0.26621903149971915,1.0388552852974398
1586,52.866138,0.1628947389007699,0.24559971915805262,1.0144599433240322
1587,52.899471,0.14776107305916109,0.24849170577285212,1.0180587235201002
1588,52.932804,0.14318308324426945,0.24248094919151922,1.02082496918236
1589,52.966136999999996,0.08527862887796438,0.24024741244368947,1.011157478667231
1590,52.999469999999995,0.06737826644052544,0.24809987498225833,1.0037376909217433
1591,53.032802999999994,0.1544474615605555,0.24380129738038359,1.0152813788495791
1592,53.066136,0.17442543012360054,0.2418099815358373,1.0119457091723105
1593,53.099469,0.1840821900495832,0.2490617242468911,1.0522127344312728
1594,53.132802,0.18831959478168178,0.23947054590918343,1.0502511151242389
1595,53.166135,0.1788370953964052,0.2431101858268177,1.0321490701946796
1596,53.199467999999996,0.17963995169763225,0.24670896158277533,1.023060621595322
1597,53.232800999999995,0.17918959796520442,0.2352731843605647,1.0144165036870154
1598,53.266133999999994,0.18137062911381174,0.22852153126226427,1.0088863593974682
1599,53.299467,0.18793130342293593,0.23057191586746778,1.0016355799379286
1600,53.3328,0.19117233747487744,0.21652361788336166,0.998132476202389
1601,53.366133,0.1939745341305204,0.21721182994702215,1.005345284545218
1602,53.399466,0.19139899127313162,0.1786106257252999,0.9842199618301829
1603,53.432798999999996,0.18496383518242912,0.18143409650205644,0.9972839729141575
1604,53.466131999999995,0.1879765964007216,0.16817130053801282,0.9900273905322172
1605,53.499465,0.1868656134771485,0.16676937997682595,0.9974047959231779
1606,53.532798,0.1714095764246761,0.16490356958540775,0.9867214308643317
1607,53.566131,0.17107964358816427,0.1709954689351617,0.9722155951764817
1608,53.599464,0.1937466957334115,0.17868349698626818,0.9755482651183286
1609,53.632797,0.22002950449397043,0.2067861538772898,0.9954713453972884
1610,53.666129999999995,0.24964121004207845,0.22353990126878043,1.0163745265297315
1611,53.699462999999994,0.2811583587808275,0.23686434034021542,1.0381403515209822
1612,53.732796,0.26759123853175926,0.2371260778007951,1.014266276261681
1613,53.766129,0.24027167000086944,0.24473441653157924,1.0042705059632648
1614,53.799462,0.20745143307407918,0.24901637419611589,0.9819079326241258
1615,53.832795,0.19778902327359263,0.25278647964844086,0.9687572631932816
1616,53.866127999999996,0.19104561808301607,0.23475165024976485,0.9635889721115786
1617,53.899460999999995,0.19219400773459874,0.15117519174707209,0.9822063647231437
1618,53.932793999999994,0.19502816997719702,0.15750437108670062,0.9804899122810451
1619,53.966127,0.18909633786900423,0.15904757176135814,0.9675633505398005
1620,53.99946,0.14867908993403198,0.2137081264312512,0.9616322097222014
1621,54.032793,0.10440036677436626,0.24249871825355712,0.9583999260350353
1622,54.066126,0.16121927682836473,0.23693684102536278,0.9664755384945086
1623,54.099458999999996,0.21113520283672252,0.25232726359930346,0.9620587566746301
1624,54.132791999999995,0.22932427064673855,0.2730178095403519,0.9600909052233542
1625,54.166124999999994,0.23929997789127946,0.26977687067417777,0.9792816960272632
1626,54.199458,0.25929601662280055,0.2642495679060289,0.9805276862047905
1627,54.232791,0.25226371249792484,0.26535231784735624,0.9829754808100656
1628,54.266124,0.24824637062852464,0.27290440388173004,0.9887519717893543
1629,54.299457,0.2504471769179751,0.26555114823321857,0.9969961600308596
1630,54.332789999999996,0.25491657538343804,0.2767599271537716,1.019870677941511
1631,54.366122999999995,0.24066269932862272,0.27833375923449266,1.0050705166316793
1632,54.399456,0.22370089855490471,0.2811192967199914,0.981444965869818
1633,54.432789,0.22749502614481923,0.28512651580068904,1.004602502511367
1634,54.466122,0.23510631293495896,0.27969384523325425,0.9748305864316908
1635,54.499455,0.24019935496581604,0.2738066124476536,1.0032205380119503
1636,54.532788,0.22026628713281113,0.27646944986454136,0.9915522692899953
1637,54.566120999999995,0.2199813338365442,0.26946472431913515,1.0059259407357506
1638,54.599453999999994,0.21033739462019715,0.2731821191857403,1.0014349029965086
1639,54.632787,0.2228984314145894,0.27354530375542163,1.0060930963363677
1640,54.66612,0.22925693611774556,0.2708505970353237,0.9904220249457072
1641,54.699453,0.23289584321368548,0.27106176491438483,0.9961147295835213
1642,54.732786,0.22928083429428261,0.27873893593573235,0.9978474505413161
1643,54.766118999999996,0.21973115337708682,0.2847500819411709,0.9933874527492987
1644,54.799451999999995,0.22662158265492233,0.2752543282187282,0.999818450301911
1645,54.832784999999994,0.21866835933629578,0.2540037883645462,0.9982269851995991
1646,54.866118,0.21286004767140707,0.1599102291166214,1.0256442730828725
1647,54.899451,0.21596467809717046,0.1071361245258944,1.0240029314259074
1648,54.932784,0.2177151002363753,0.10612832011562394,0.9928242802304862
1649,54.966117,0.22861820699517496,0.10758912862194,1.0245497283387828
1650,54.999449999999996,0.22079556712891082,0.11406166487123125,0.9901682469230161
1651,55.032782999999995,0.20371870262861255,0.1318912442273979,0.9842640949880986
1652,55.066115999999994,0.21738134111108107,0.11937233541328233,0.9689352534864327
1653,55.099449,0.19722842003882568,0.15067430506612234,0.9731258749466308
1654,55.132782,0.20594697212876284,0.1736070003423249,0.9658633357891275
1655,55.166115,0.20817519480301735,0.186753947976179,0.9730595060225662
1656,55.199448,0.19570774899969975,0.2108698178381952,0.9735375457217017
1657,55.232780999999996,0.2106888720886043,0.2215420609931058,0.971556682585949
1658,55.266113999999995,0.20473570532235313,0.23384829896132883,0.9773523417040977
1659,55.299447,0.20301996896225488,0.23872905993883378,0.9526436980069156
1660,55.33278,0.19712526388270113,0.23051742996162283,0.9701242920905789
1661,55.366113,0.19921012887816703,0.2315532893173022,0.9572358882090996
1662,55.399446,0.19780447878955768,0.24168104853970557,0.9528808316427073
1663,55.432779,0.20096161710680152,0.26000781587682426,0.9737105862534364
1664,55.466111999999995,0.1973186754798783,0.2726878406796085,0.9505630425097112
1665,55.499444999999994,0.1991807646836496,0.2812208532764638,0.9609081821162285
1666,55.532778,0.20343549886198833,0.2949482142643049,0.9606677160252356
1667,55.566111,0.20095125228694646,0.29139555791769234,0.9612838462392809
1668,55.599444,0.20265869051673163,0.28636177869209034,0.9643519846204093
1669,55.632777,0.21914709805583282,0.2972500488293805,0.9840994590601827
1670,55.666109999999996,0.22256149278795404,0.3073349440905951,0.9708961454204996
1671,55.699442999999995,0.22290079633465648,0.3022623147650242,0.9571682242592691
1672,55.732775999999994,0.23541208695223872,0.3067005562439091,0.991246942476322
1673,55.766109,0.2598952379774901,0.3059077996484403,0.9614976256117244
1674,55.799442,0.25922109614369315,0.29703438127217596,0.9738185526618273
1675,55.832775,0.29301468743124776,0.317843796233639,0.9735345572664119
1676,55.866108,0.299194730067369,0.3120162077257974,0.9774874250574426
1677,55.899440999999996,0.3122100613865916,0.3193461727559062,0.9874926856360292
1678,55.932773999999995,0.319548269480305,0.3218804071929129,0.9700942038982522
1679,55.966106999999994,0.314951431865417,0.32125327872377885,1.0074234362007837
1680,55.99944,0.35097912146708715,0.3143273679841797,1.008354399385277
1681,56.032773,0.37683165809380004,0.30724411274524144,0.9955911723504393
1682,56.066106,0.3704045991600738,0.3136296351648173,1.0114622127356019
1683,56.099439,0.38203233074558535,0.31055905964424924,1.0006624693464936
1684,56.132771999999996,0.38225241157816003,0.3070033784821585,1.032153771184895
1685,56.166104999999995,0.3926978888016036,0.31075274771646655,1.0361716094662168
1686,56.199438,0.4099430068197332,0.3052739865806029,1.0489955992354545
1687,56.232771,0.42559807264350763,0.30169413304504933,1.0525065740521602
1688,56.266104,0.4203095911784516,0.3066372328342467,1.0659113250786472
1689,56.299437,0.4502564056641579,0.28960973623947944,1.069990675588895
1690,56.33277,0.4337365130833055,0.23496595234275403,1.1048834881368332
1691,56.366102999999995,0.45012085297975296,0.17382702400837985,1.1504428386970331
1692,56.399435999999994,0.49107173848230135,0.11010763623719098,1.1362067602101618
1693,56.432769,0.49155211634295215,0.1897060739665486,1.1881093939565084
1694,56.466102,0.5207638218606435,0.2204992195738575,1.148831168985684
1695,56.499435,0.5210208366183683,0.2588512418938961,1.1896927235543004
1696,56.532768,0.5513017787411704,0.25581771576697665,1.1873724056361965
1697,56.566100999999996,0.6393223944675929,0.2857939688399744,1.1965716598287488
1698,56.599433999999995,0.7154471667898308,0.254301076003018,1.220330116109149
1699,56.632766999999994,0.6940189679630578,0.24949699847293022,1.2161869886808796
1700,56.6661,0.7048048111036943,0.2639215975586734,1.2331277158597462
1701,56.699433,0.6512068592038374,0.27459758986280575,1.2416806400077656
1702,56.732766,0.6565335179932649,0.2822259016510011,1.2395780062145532
1703,56.766099,0.7174508306162303,0.27540729029975763,1.2208108116075114
1704,56.799431999999996,0.6117122262540021,0.28658614573626917,1.2593907813193737
1705,56.832764999999995,0.6516166946987171,0.27702995494113836,1.250038827110317
1706,56.866097999999994,0.7106051138866232,0.2849879070167379,1.281590395740568
1707,56.899431,0.6598551897998493,0.28833021790739854,1.2416296218687888
1708,56.932764,0.6841535757534475,0.2840769411455193,1.249302076896209
1709,56.966097,0.6933983476007022,0.2842202404934244,1.2685752406440176
1710,56.99943,0.6911575701900345,0.2912705865977725,1.278894110350447
1711,57.032762999999996,0.7162289216060692,0.2867037244856746,1.288805426753206
1712,57.066095999999995,0.6641637561824747,0.2956093828884634,1.2488348595584078
1713,57.09942899999999,0.8143505650563231,0.29312858048091456,1.2439020108441103
1714,57.132762,0.6796718184430607,0.2916280942225555,1.2672896902849242
1715,57.166095,0.7096809210975054,0.30453180065936575,1.2256952289820062
1716,57.199428,0.7603020194186004,0.31404960628122025,1.2354435237947805
1717,57.232760999999996,0.6526862262870551,0.2818667047209945,1.224972555903058
1718,57.266093999999995,0.8835532764607283,0.2878689118651554,1.2310414333732864
1719,57.299426999999994,0.6887696892305124,0.29146155303759214,1.2281976115446782
1720,57.33276,0.8058626592854177,0.3028449078143227,1.2229404686276675
1721,57.366093,0.8421515263932823,0.3037639125849421,1.2239227825847563
1722,57.399426,0.7737881597784723,0.28457605821466836,1.236924408556438
1723,57.432759,0.7182138090673726,0.2866711390683542,1.22123665217735
1724,57.466091999999996,0.7722991704964859,0.2934938758979775,1.2101808385790644
1725,57.499424999999995,0.7631503646178939,0.30224344943410103,1.228623873077274
1726,57.532757999999994,0.771209390405306,0.29086235328379123,1.2139798268109645
1727,57.566091,0.7950208338988265,0.2829971990239769,1.2024553304161527
1728,57.599424,0.8221354452686803,0.28702286806689203,1.2246533517936562
1729,57.632757,0.7833510008958127,0.27743133213839377,1.2070613566426756
1730,57.66609,0.8553946177056365,0.2557963270050958,1.214397943132956
1731,57.699422999999996,0.7878311397788678,0.2789710322825733,1.20443100684123
1732,57.732755999999995,0.8003244766251327,0.2763550346375328,1.215855933023143
1733,57.766088999999994,0.7956369689991006,0.254985674672176,1.182167836155405
1734,57.799422,0.7965870101096347,0.2711852079667522,1.2175586202013662
1735,57.832755,0.769372204282755,0.2669384854988986,1.1971349829844908
1736,57.866088,0.7948894148489871,0.2551762697039324,1.1753932190713898
1737,57.899421,0.815847144445442,0.26013561961439036,1.1727340235733739
1738,57.932753999999996,0.7589217083519864,0.2716990147122834,1.1646817530521127
1739,57.966086999999995,0.8344542357464112,0.27185519528746016,1.1758140072447083
1740,57.99941999999999,0.7902421680715088,0.2588799950438522,1.178624999340454
1741,58.032753,0.733123047374005,0.2787782996418633,1.1697242988396674
1742,58.066086,0.7154120575863373,0.2772364958128226,1.159301680271196
1743,58.099419,0.75924254601665,0.262150895375906,1.1576810692503965
1744,58.132751999999996,0.7412677275628332,0.2480454317743082,1.1667080248007713
1745,58.166084999999995,0.7615492132840258,0.26106652429065563,1.1583663069506864
1746,58.199417999999994,0.6580773255746524,0.2613141561413143,1.1355458456581953
1747,58.232751,0.600158715437513,0.23667007526739225,1.1466845429329904
1748,58.266084,0.5327181089952444,0.2118009926854715,1.1637093327679753
1749,58.299417,0.4710948833151063,0.21049378504121868,1.1630279544070021
1750,58.33275,0.4284152054950958,0.14731243448793113,1.1497355675281589
1751,58.366082999999996,0.3978482133458112,0.17318834043802195,1.110634891476751
1752,58.399415999999995,0.3697728963790114,0.20639453807788322,1.077297904397916
1753,58.432748999999994,0.3585207959048074,0.2519143817884427,1.0492320120244178
1754,58.466082,0.33549427270478566,0.2771157626835358,1.0127837633871317
1755,58.499415,0.31994497764158464,0.28557345172971865,1.0191571652885014
1756,58.532748,0.29992683498172884,0.3054702321124826,1.0385038047309987
1757,58.566081,0.25683546890534226,0.3335539441063261,1.0426527029784285
1758,58.599413999999996,0.23176352841733794,0.34245265232201405,1.0444832835143183
1759,58.632746999999995,0.22646013997959452,0.3517342232546666,1.0551363412331252
1760,58.666079999999994,0.22740969971794087,0.35982192334051505,1.0473926497083101
1761,58.699413,0.21824959697241642,0.36402152943475363,1.0316332045461512
1762,58.732746,0.22005438623622608,0.3641417434895754,1.0415785056364246
1763,58.766079,0.2098770646342634,0.3782329111131049,1.0442875945368204
1764,58.799412,0.19609942134076533,0.3865840455039054,1.0366461405729432
1765,58.832744999999996,0.20087458719713533,0.38184525170802497,1.050740337933718
1766,58.866077999999995,0.20197486070032375,0.37607150355760977,1.0390396492841765
1767,58.89941099999999,0.1982726964359811,0.3836329696588675,1.0312909989158217
1768,58.932744,0.20312745095553847,0.38611519111414794,1.0264399179308756
1769,58.966077,0.18348797525914823,0.3751076148626,1.0131655637973804
1770,58.99941,0.16414943780169064,0.396085367588601,1.021626207467636
1771,59.032742999999996,0.1625098508912481,0.3999243893152925,1.0213543706482469
1772,59.066075999999995,0.1716210485033437,0.39663195699749554,1.0110594349177233
1773,59.099408999999994,0.16299443002899583,0.3905951357253826,1.015250223073843
1774,59.132742,0.15895286769532835,0.3979191717114511,1.0147300065143086
1775,59.166075,0.1498824784511129,0.3838283878653782,1.0209162698005279
1776,59.199408,0.14645757262200698,0.396609147479589,1.0298806686507185
1777,59.232741,0.14274639620144605,0.3978567431825951,1.0252673726568378
1778,59.266073999999996,0.1529981756462434,0.3891083272488428,1.0141938113756461
1779,59.299406999999995,0.15753247533526601,0.39194587613614756,1.0048783287456493
1780,59.332739999999994,0.1472633778010173,0.4084848694201596,1.0179005147468698
1781,59.366073,0.14454697424888474,0.39782232516922855,1.0097523361539746
1782,59.399406,0.15502900414549217,0.4019676336680859,1.0026870271585488
1783,59.432739,0.15235223161971123,0.3975571100692153,1.0278823271953328
1784,59.466072,0.14118713090354604,0.40123796744718243,0.9987824807554211
1785,59.499404999999996,0.14069374820535213,0.40540915324865895,1.0158712789671804
1786,59.532737999999995,0.15925366628885063,0.4072263340613025,0.9954719447872098
1787,59.566070999999994,0.1475566034451558,0.3999569611570477,1.0150002979342458
1788,59.599404,0.14712516567680442,0.40186137572461694,1.0142219698916604
1789,59.632737,0.14548685504594688,0.4024606300346941,1.0183672635993097
1790,59.66607,0.12111883378433376,0.39797457942291026,0.9912470949050245
1791,59.699403,0.10046095751892352,0.4080642107574149,1.0195980175401849
1792,59.732735999999996,0.0424694514281845,0.4072100180256464,1.0214385780834931
1793,59.766068999999995,0.03865248187259003,0.3966417832042012,1.0238528299971428
1794,59.79940199999999,0.03834783934750237,0.4083455881611358,1.018654129535609
1795,59.832735,0.03931659481399844,0.4070452938898307,1.0187963944938137
1796,59.866068,0.04181020748488313,0.4016898745403107,1.0114801566046492
1797,59.899401,0.06893348637705804,0.3956150054454319,1.0199415815125423
1798,59.932733999999996,0.11236598746775632,0.3966655075885364,1.0289167186647463
1799,59.966066999999995,0.11902844057562599,0.3905348820625806,1.0223955562559892
1800,59.999399999999994,0.11671785272576965,0.402155817076678,1.0459286258229483
1801,60.032733,0.12160927732112314,0.4009976984822783,1.0220094705425713
1802,60.066066,0.11731884152107154,0.3946648305595265,1.0207311486389892
1803,60.099399,0.09465779520063669,0.4069565886845399,1.029489527868014
1804,60.132732,0.09157836940683323,0.41153908908083325,1.0296903791606635
1805,60.166064999999996,0.10800640290976257,0.4064652215893384,1.034766081183688
1806,60.199397999999995,0.0872051939092742,0.39427801905707144,1.0235417100206456
1807,60.232730999999994,0.10031993109607502,0.41385502746498437,1.0235404426414572
1808,60.266064,0.10272537727421133,0.40970338768223175,1.0169147804706011
1809,60.299397,0.11419412838779723,0.4030969272928,1.0209859977940343
1810,60.33273,0.11447711227791375,0.4014911165726573,1.0230908478389618
1811,60.366063,0.12341763177076955,0.3957990904138618,1.030100226213195
1812,60.399395999999996,0.1265693656007276,0.39154725245302996,1.0091420685686214
1813,60.432728999999995,0.14283095964987952,0.3919153815822417,1.0217138268175874
1814,60.466061999999994,0.13309474977023172,0.39618202927332435,1.001965066637963
1815,60.499395,0.14788624947409967,0.3886761924618861,1.0094232591712569
1816,60.532728,0.16117268739959395,0.38893186766444643,1.0056059010498053
1817,60.566061,0.16062972340335033,0.3842523188140999,0.9996081312309634
1818,60.599394,0.16631206968361456,0.4029340887820993,1.0126434266446696
1819,60.632726999999996,0.1834793279360786,0.4126350239028774,1.003951170441546
1820,60.666059999999995,0.1913701981027482,0.4092874942294368,0.9994641601301922
1821,60.69939299999999,0.20602131954692113,0.41647431425576575,1.0034554319801352
1822,60.732726,0.21729126318795536,0.4195620598530183,1.0160791829564948
1823,60.766059,0.2344072931957429,0.42859087397088835,1.0125342501766381
1824,60.799392,0.23959746120878514,0.4145198415423334,1.017681333400606
1825,60.832724999999996,0.2303748322570288,0.4188903770847436,1.01999802928669
1826,60.866057999999995,0.2338019574590772,0.4131284087567056,1.0123874694925785
1827,60.899390999999994,0.24501493113298534,0.4066232626259756,1.0045839036278688
1828,60.932724,0.22867855844095694,0.41092562739174554,1.0131105846615205
1829,60.966057,0.22523385957423123,0.4260763776716432,1.0176514708351942
1830,60.99939,0.2195868361547356,0.41657853806995904,1.019044770845156
1831,61.032723,0.19796805721786934,0.4240372712921183,1.018783301080634
1832,61.066055999999996,0.18501046854099346,0.40957650174116556,1.008940791840321
1833,61.099388999999995,0.17633205789585277,0.41721638258243865,1.0020706567916755
1834,61.132721999999994,0.17189554628005363,0.3825054885683934,1.0289731385318002
1835,61.166055,0.1658069083161777,0.3698878179005419,1.0164715447844455
1836,61.199388,0.14319890281335673,0.3573201125014983,1.0312936096204837
1837,61.232721,0.14168886247580642,0.35549008096398704,1.016701636107935
1838,61.266054,0.13504697329378,0.37056139066524696,0.9868683051645754
1839,61.299386999999996,0.1385808346151037,0.3561033519677484,0.9830965524762713
1840,61.332719999999995,0.14328464143033948,0.34448977012091964,0.9774272267632402
1841,61.366052999999994,0.15445431170328702,0.3360276682952924,0.9940190738059316
1842,61.399386,0.1478818649050766,0.34170706351905483,0.968121410535005
1843,61.432719,0.11735207559243162,0.32879333848727166,0.9683321991187729
1844,61.466052,0.0912174114284638,0.3182920351051456,0.9625917228043201
1845,61.499385,0.10428943449414937,0.31138225621813287,0.9438094810992078
1846,61.532717999999996,0.12221357253180778,0.31014101970611635,0.9763876482799704
1847,61.566050999999995,0.16361222304011416,0.3280812487533793,0.9853627638241725
1848,61.59938399999999,0.19239364837856007,0.32055956048571793,0.9933237371469357
1849,61.632717,0.1948392269538103,0.30967794005697025,0.9866748156359809
1850,61.66605,0.19341274017962767,0.3145276385305768,1.0020383558567405
1851,61.699383,0.15914649403754996,0.30928874255568317,0.9706308424449306
1852,61.732715999999996,0.07228792204576237,0.31184232114740534,0.9583994357465979
1853,61.766048999999995,0.07355688681376787,0.3182054839165597,0.9560335425117337
1854,61.799381999999994,0.12860697347237893,0.32017629693056826,0.9530862492579467
1855,61.832715,0.17211093092817772,0.3119277119359969,0.9593544823544348
1856,61.866048,0.2104065841596814,0.30872684231486675,0.9772664323295007
1857,61.899381,0.21245810653005184,0.2985868512213389,0.9790387273617878
1858,61.932714,0.2113472622477113,0.30424969994450957,0.9881373066072654
1859,61.966046999999996,0.20749865895279299,0.3059842702361052,0.9814354854915217
1860,61.999379999999995,0.18663376227873482,0.2978331285892917,0.9819001135875111
1861,62.032712999999994,0.1692689268104787,0.2989338356673682,0.9962447412734582
1862,62.066046,0.12456238078289517,0.29027844802050373,0.9706414371467734
1863,62.099379,0.08456952733446936,0.2960494711872219,0.9768538868526941
1864,62.132712,0.08659549930750865,0.30357938646055466,0.9765730778495734
1865,62.166045,0.08659410070999712,0.29291222611315226,0.9758608881694155
1866,62.199377999999996,0.09065533271683952,0.28497533351613835,0.9746185612031945
1867,62.232710999999995,0.09305752985227436,0.28040891391156025,0.9802217625783773
1868,62.266043999999994,0.09072608919388744,0.28176734661809955,0.9820814074346939
1869,62.299377,0.09628387438358658,0.2891737184010895,0.9651794793208763
1870,62.33271,0.09701619068827877,0.2909899200600381,0.9633115647583008
1871,62.366043,0.09618746408717944,0.2949461730095241,0.9901790004597211
1872,62.399376,0.09621212148128626,0.3022750658077259,0.9986615464834039
1873,62.432708999999996,0.09625047964216506,0.31443019793801325,1.0125540848953083
1874,62.466041999999995,0.09972992421069067,0.3070383521920155,1.0222771855914454
1875,62.49937499999999,0.09856929089459422,0.31021009494397916,0.9920016538915838
1876,62.532708,0.10000149881506734,0.31178374797016495,1.0243152320694926
1877,62.566041,0.10076363284989821,0.30745529639537955,0.9971937550945694
1878,62.599374,0.10402647333151452,0.3158505511002666,1.0048753582647023
1879,62.632706999999996,0.09947535216242147,0.2982814681453262,1.003887679264353
1880,62.666039999999995,0.09726665409833136,0.2962316040529988,1.0106967455814446
1881,62.699372999999994,0.0989452646516936,0.3034483995782853,1.03075594946926
1882,62.732706,0.09880947447012127,0.30502236490446394,1.008098085522865
1883,62.766039,0.09960877125731508,0.30953063664481223,1.013160058452456
1884,62.799372,0.09918108030464245,0.31614010358062616,1.0257046884744754
1885,62.832705,0.09841570466174894,0.31667642542343766,1.021826822101532
1886,62.866037999999996,0.10178036727498128,0.3189337028985594,1.0365738669259117
1887,62.899370999999995,0.10043436039549093,0.31600980577526033,1.0246748666057681
1888,62.932703999999994,0.09721569010610984,0.3109565817416614,1.0170564693663466
1889,62.966037,0.09628842619926929,0.3209167859857923,1.0239297199870114
1890,62.99937,0.09732517122075375,0.30239752918772844,1.003353381347388
1891,63.032703,0.09135299116607339,0.3059980196342075,1.0121319046409913
1892,63.066036,0.09278640173246044,0.30888565614636826,1.0124106889993838
1893,63.099368999999996,0.09225821539904971,0.28591413730840176,1.013628168805566
1894,63.132701999999995,0.13112107280491425,0.2606307603986599,1.010564653932141
1895,63.166034999999994,0.17561478971362082,0.19265626782192696,1.0373297312559124
1896,63.199368,0.19699255552186776,0.12709869580788485,1.0133538906473194
1897,63.232701,0.2044528200988979,0.14347443679525396,0.9719443323771512
1898,63.266034,0.19988361339563268,0.17699642494722495,0.9636875478212394
1899,63.299367,0.197358559646972,0.20131808872213897,0.9647186323514867
1900,63.332699999999996,0.20176078301481484,0.2371495366403277,0.947865678802166
1901,63.366032999999995,0.19396666233234583,0.26775258571641647,0.9540514589758816
1902,63.39936599999999,0.2008914524490512,0.2881778295527817,0.9582110797693592
1903,63.432699,0.2021503078882945,0.2854590694024076,0.9552647674057628
1904,63.466032,0.19936985585434772,0.2879263797697342,0.9681193522328904
1905,63.499365,0.19250436959180586,0.2767805066043224,0.9611370432651443
1906,63.532697999999996,0.19983902924105865,0.2887352287978799,0.9737410377454446
1907,63.566030999999995,0.19727932348786958,0.2826673146142533,0.9746542006064269
1908,63.599363999999994,0.19876954793503016,0.28387894456919177,0.9750242397914515
1909,63.632697,0.1989375264742561,0.28694364403392636,0.9737092013398553
1910,63.66603,0.19031979260129303,0.2862990986341091,0.9711365019393543
1911,63.699363,0.18146011860848307,0.28731724037970496,0.949445436525707
1912,63.732696,0.18245833623816435,0.28672996669369555,0.9533823563403787
1913,63.766028999999996,0.17049928746305257,0.2795843058088602,0.9589505182017639
1914,63.799361999999995,0.1675985293934596,0.282197878929654,0.9528104827690197
1915,63.832694999999994,0.16901908723167564,0.2724893812865753,0.9572389795133107
1916,63.866028,0.17023977157254294,0.2739515087531268,0.9513271178943058
1917,63.899361,0.16734760190313494,0.27153657589271785,0.9729441484333954
1918,63.932694,0.15118241415348535,0.2771407518116096,0.940609337097084
1919,63.966027,0.16942515997010837,0.27738560698840076,0.9798614073250536
1920,63.999359999999996,0.1600961364378885,0.27877180342972496,0.9565240241244705
1921,64.032693,0.1592815968163997,0.2746535544260835,0.9714810216750337
1922,64.066026,0.15846738365947619,0.275977469984084,0.9634829047634472
1923,64.09935899999999,0.16489515586883188,0.2771836664350126,0.9673537728279499
1924,64.13269199999999,0.17436254345616195,0.2876536185620884,0.9486100508558699
1925,64.16602499999999,0.17501853666669898,0.2834355366592237,0.9533681066462276
1926,64.199358,0.1786249914126523,0.2791761513088773,0.9474590358539445
1927,64.232691,0.18495995649052746,0.278213911909213,0.957473615944126
1928,64.266024,0.17559008956136898,0.2766462060491319,0.9624056859896727
1929,64.299357,0.17396230575232788,0.27489921192456834,0.9544182469838645
1930,64.33269,0.17836599673731415,0.2790440857210101,0.9753431946643435
1931,64.366023,0.17382640339033584,0.2838046699725827,0.9610830188774127
1932,64.399356,0.1765984183088041,0.2895987515531931,0.9687685926227659
1933,64.432689,0.17032513589829487,0.29031587002269854,0.9657074928023427
1934,64.466022,0.17545177779486335,0.2969609945551245,0.9824698309639972
1935,64.499355,0.17284168686604898,0.2974836697060196,0.9708095579722209
1936,64.532688,0.17705263568405524,0.29486407526605585,0.9723932974459587
1937,64.56602099999999,0.17200010002498672,0.2996769038588597,0.9765208711862343
1938,64.59935399999999,0.17710974247636593,0.304438297734355,0.974709426176391
1939,64.63268699999999,0.1720739960041076,0.310709962123217,0.9678385827512272
1940,64.66602,0.17721716118818284,0.3149808493781563,0.9807307979083707
1941,64.699353,0.17497066273953824,0.30850251305659604,0.977033844813861
1942,64.732686,0.17871446400788804,0.3214977107586128,0.9712058993514291
1943,64.766019,0.1777187008534607,0.31440417585833147,0.9855309650323362
1944,64.799352,0.19065438179363717,0.3118248022998532,0.9848231120818344
1945,64.832685,0.20932599910218594,0.3184990954688418,1.010232283361981
1946,64.866018,0.21530089466352373,0.3214276959319444,1.0239055466514138
1947,64.899351,0.2581942976376574,0.31329585031567597,1.041760429549981
1948,64.932684,0.2867656290559927,0.3181243811652645,1.041249669200693
1949,64.966017,0.23730129240521622,0.30442859121720367,1.0333525682514837
1950,64.99934999999999,0.1496474371926638,0.30476603264285523,1.03673579597683
1951,65.03268299999999,0.06665992371921442,0.2970734348359738,1.0241223767023093
1952,65.06601599999999,0.0690928601787871,0.301927609380545,1.0212413527247375
1953,65.099349,0.15805023073095312,0.3105743755517664,1.0154405342131112
1954,65.132682,0.18493781137509213,0.2983858896454913,1.010497832362974
1955,65.166015,0.18173370849986653,0.2871287901566184,0.9938778993575086
1956,65.199348,0.16507699228949083,0.2798744098746023,1.0008438956182428
1957,65.232681,0.17276010566254157,0.22234257478582017,1.024214426700253
1958,65.266014,0.17917751974575127,0.18149139413027632,1.0339948931676033
1959,65.299347,0.1688759960844679,0.22121546589479,1.052423591027381
1960,65.33268,0.12464939961640285,0.24752097146410124,1.0531105900145752
1961,65.366013,0.058041807247622215,0.28944694751852207,1.0468983800702047
1962,65.399346,0.05797684380064443,0.2967353453454105,1.0533289161890256
1963,65.432679,0.1276407251553874,0.3028529634603111,1.061037687676441
1964,65.46601199999999,0.17393928846458126,0.3103204379404487,1.0642346742313646
1965,65.49934499999999,0.20610409632288265,0.3078543000950372,1.080376366359988
1966,65.53267799999999,0.22172580767691163,0.30764506490819576,1.0878772559931817
1967,65.566011,0.20949302076672374,0.29562647958800636,1.0883220649648266
1968,65.599344,0.21781992123000546,0.30431297589926637,1.067808784601273
1969,65.632677,0.20985969226988474,0.30156738615488976,1.0835501565706631
1970,65.66601,0.21088993741751347,0.29869473448827255,1.077885109789069
1971,65.699343,0.20996349462754307,0.3071232503682085,1.0954790117437496
1972,65.732676,0.22620638567065526,0.31934415596971677,1.0832900180669354
1973,65.766009,0.2206099372354564,0.31721363840159444,1.1109979294309038
1974,65.799342,0.24427406049600092,0.3275370539603198,1.1313790704890483
1975,65.832675,0.20602768152957632,0.3149496254319336,1.1140717787047083
1976,65.866008,0.1631463709609977,0.32394536299358434,1.103187774906248
1977,65.89934099999999,0.046660678251037944,0.33441554454390454,1.117688349282785
1978,65.93267399999999,0.04527499474903481,0.33154680438905376,1.1211769708030788
1979,65.96600699999999,0.048273341371039356,0.329588839076018,1.108763178578087
1980,65.99934,0.06364316316430868,0.3311652886756804,1.0888262086779592
1981,66.032673,0.1422131003850374,0.32845236719429083,1.0648081969570469
1982,66.066006,0.16465003913378887,0.3342267607453763,1.0641911468432286
1983,66.099339,0.16573477265167666,0.32959129553564337,1.0760249011339267
1984,66.132672,0.16138270020882478,0.3262277958771953,1.0872564849275022
1985,66.166005,0.1658169683943449,0.31885443990113105,1.049124309613696
1986,66.199338,0.16472883560968127,0.3233013597819528,1.065778574257193
1987,66.232671,0.14874769759210163,0.3177419493263556,1.0660455348495526
1988,66.266004,0.16633900951139474,0.3322664955800422,1.0822427866102224
1989,66.299337,0.15145273261603318,0.32895789039450374,1.0738599573876508
1990,66.33267,0.15238801372343433,0.33949866265246,1.0838377424934278
1991,66.36600299999999,0.15899595429696203,0.3278616394946901,1.047181726533807
1992,66.39933599999999,0.158382637086287,0.34115643132082407,1.0808834012253277
1993,66.43266899999999,0.15976398071042208,0.33411216263859955,1.0699069048289132
1994,66.466002,0.1601931589895748,0.3383578525403779,1.0659696855380207
1995,66.499335,0.15952813492307083,0.3459923512235782,1.0693411660696877
1996,66.532668,0.16545997484426156,0.3320050833193401,1.058795327746836
1997,66.566001,0.1705450742882046,0.34465626953900663,1.0537789697313262
1998,66.599334,0.1690795040767823,0.329906226145627,1.0715535164813907
1999,66.632667,0.17190314402905765,0.3450711865424976,1.0849088501718978
2000,66.666,0.1687470065834298,0.3366797922899404,1.0689404870722967
2001,66.699333,0.16548584350542886,0.3374932684164316,1.0684648053679402
2002,66.732666,0.16559597559804368,0.3337830037274056,1.0621856986080873
2003,66.765999,0.16022607257170698,0.3517488689668785,1.0856513903210683
2004,66.79933199999999,0.16115809797010044,0.3279970113312647,1.0634689712270466
2005,66.83266499999999,0.16248308785562324,0.3412390647603917,1.0659613060652873
2006,66.86599799999999,0.16318659796517473,0.34196970270233795,1.0698892919541358
2007,66.899331,0.16243549410357616,0.33072363157618806,1.0704204209277355
2008,66.932664,0.16141568417987323,0.33539466685109276,1.0719363989883652
2009,66.965997,0.16026597263081832,0.3329071470765278,1.0809717580125766
2010,66.99933,0.16325716812401642,0.3262204454441652,1.083903189272081
2011,67.032663,0.1542608336939427,0.3155069696396167,1.0649498918934386
2012,67.065996,0.16103119264290178,0.3171187255791682,1.0638957883951181
2013,67.099329,0.1687462860941158,0.30497809675762744,1.062120691710382
2014,67.132662,0.16235619927624903,0.31973842231240757,1.0688152097164443
2015,67.165995,0.16076254775284482,0.33033168872807894,1.071831108881362
2016,67.199328,0.16240255760397523,0.31889847311138597,1.0756740509984115
2017,67.232661,0.15631728050642418,0.30327925892500474,1.071718247188873
2018,67.26599399999999,0.13551188826983884,0.3117010380865286,1.0801373546311177
2019,67.29932699999999,0.11207252534032026,0.3137526271575972,1.0791576422896894
2020,67.33265999999999,0.05652044882940886,0.32626297587244063,1.0823019847181083
2021,67.365993,0.049354948060521237,0.32108070925270416,1.0531985589884068
2022,67.399326,0.051827271185350944,0.3243247915667809,1.0364232077103328
2023,67.432659,0.13573288551934137,0.30679095675849677,1.0290897479938907
2024,67.465992,0.1556264842984558,0.28338129994207173,1.0077342148990756
2025,67.499325,0.15360254145958363,0.2999257125377766,1.0043286626586023
2026,67.532658,0.14165661531198082,0.31099951171302176,0.9851890282564133
2027,67.565991,0.15236239063123017,0.2995034253122194,0.9924371019134127
2028,67.599324,0.15282016267780352,0.3032319509277785,0.9874265535898187
2029,67.632657,0.1814247001316654,0.2927119021423184,0.9922411079862821
2030,67.66599,0.1776758590466605,0.28890288305500555,0.9775146239080553
2031,67.69932299999999,0.2004080783889093,0.31236086685206904,1.0089097870427177
2032,67.73265599999999,0.20062223501571644,0.2879985721568012,0.9914660822173837
2033,67.76598899999999,0.20224006636601805,0.2908281196706912,0.9911329210332063
2034,67.799322,0.20022212320466007,0.27565824909605513,0.9803893791500113
2035,67.832655,0.19754206909292424,0.2737446991095817,0.971806933320443
2036,67.865988,0.1899993904556337,0.2793825519310974,0.9654674786154659
2037,67.899321,0.18969153939079458,0.2828735255583396,0.9617929603026392
2038,67.932654,0.185808383934551,0.27320368192342065,0.9547734075248272
2039,67.965987,0.17887678495279938,0.2912842897813734,0.9467337177977506
2040,67.99932,0.17012599827858657,0.294380615243625,0.9474829872341958
2041,68.032653,0.1746270628710887,0.2936725353393851,0.93725207720687
2042,68.065986,0.20212823633650748,0.2848733260749703,0.9493608524255486
2043,68.099319,0.20656859122330806,0.2936334352841968,0.9519764111471368
2044,68.132652,0.21952487704047643,0.2862057187332099,0.9585013945974917
2045,68.16598499999999,0.23730271493144087,0.29090477148629246,0.9740524412473731
2046,68.19931799999999,0.23133677237003208,0.29699956847491416,0.9866508996092083
2047,68.23265099999999,0.2259512940451928,0.3011672868405881,1.0001169154548935
2048,68.265984,0.21121929056984048,0.30404960311010854,0.9892190689791166
2049,68.299317,0.20670367191675154,0.300757336304689,0.984186902395236
2050,68.33265,0.19651112118793834,0.2893515167455747,0.9828521626355691
2051,68.365983,0.19473553379679928,0.282134810716956,0.9725422515763965
2052,68.399316,0.1953428873457379,0.28966694006504434,0.9896208972746445
2053,68.432649,0.20913219272768993,0.3070388410332992,0.9822232762450094
2054,68.465982,0.22847239783400727,0.29346676394821664,0.9966366758012963
2055,68.499315,0.23188281545481254,0.3059515351263444,0.9971904022255605
2056,68.532648,0.2300595266023535,0.3084135672588239,1.0274271678195397
2057,68.565981,0.2278393175551078,0.2987305734273482,1.013861405393859
2058,68.59931399999999,0.2323414460239566,0.30390255240710795,1.0121925647729673
2059,68.63264699999999,0.2317214960407453,0.3111587700694769,1.0192084730889477
2060,68.66597999999999,0.22808115976998547,0.31572397892936255,1.0199151712098156
2061,68.69931299999999,0.2375887080302974,0.3187850094747333,1.0089117329774733
2062,68.732646,0.16510538769170086,0.30033758984650216,1.0051749862731654
2063,68.765979,0.14123976637273294,0.3055791549342822,1.0272244472878527
2064,68.799312,0.1515943127612335,0.2980175464694354,1.0615035503098564
2065,68.832645,0.23686429709865955,0.2965268425317116,1.0391657026885346
2066,68.865978,0.2558328854897907,0.3032866677450432,1.0521318280702765
2067,68.899311,0.270675096784651,0.2969844873117229,1.049029656838659
2068,68.932644,0.24810230014712834,0.2906415824844537,1.0658689213086996
2069,68.965977,0.26514394610026676,0.28124942463583613,1.0519721136186508
2070,68.99931,0.2715022766712341,0.304312857336222,1.0512912333334248
2071,69.032643,0.2702276597897546,0.29454140362824366,1.0593410590613148
2072,69.06597599999999,0.25613787584002196,0.3031136316884886,1.027907374108405
2073,69.09930899999999,0.2567705290366507,0.3058317616267382,1.0320718848305444
2074,69.13264199999999,0.24630012287744033,0.3065114136632875,1.0151773311654424
2075,69.165975,0.24368794217598422,0.3036271314978294,1.0312460444701879
2076,69.199308,0.24824504929934949,0.2940644926809512,1.0185004448130686
2077,69.232641,0.25589266387754284,0.28958873613992453,1.0429790984561678
2078,69.265974,0.27123996236011594,0.2947653449946548,1.0388745377998303
2079,69.299307,0.26729704784829655,0.29870486302826577,1.041480723156674
2080,69.33264,0.2731967932083847,0.3017038254655744,1.0669632170241015
2081,69.365973,0.262485682122597,0.2895609920516005,1.0360787412892944
2082,69.399306,0.26644379487688247,0.291683884750094,1.048866317941533
2083,69.432639,0.26817355720030045,0.28602727933583283,1.041916321680576
2084,69.465972,0.2423300521556258,0.2922654482755502,1.049115554916279
2085,69.49930499999999,0.20376340584495,0.2912109630861015,1.0164503576881687
2086,69.53263799999999,0.1434474817423974,0.2958982138113155,1.026408423175969
2087,69.56597099999999,0.10120999511638633,0.28408214870596005,1.0343224928717585
2088,69.59930399999999,0.10287801695937157,0.29237055989032246,1.0320787198106545
2089,69.632637,0.13198361149834228,0.28133922846818227,1.033507218354208
2090,69.66597,0.18850952734379256,0.29048416464084875,1.0293743155620338
2091,69.699303,0.20059396580972322,0.28947566394285096,1.032196973948377
2092,69.732636,0.20431348424686824,0.29538631199491855,1.02649690676785
2093,69.765969,0.21487061436400126,0.28781799303540806,1.0488955412118361
2094,69.799302,0.257975210863123,0.2856524162445957,1.0834656098200515
2095,69.832635,0.21614861877311153,0.27376156768088444,1.095098381884718
2096,69.865968,0.2059210608346934,0.28755786964044294,1.1018665748325385
2097,69.899301,0.10474502762584592,0.2683187008710858,1.1221252152133536
2098,69.932634,0.1075650813213116,0.27070165866215307,1.0851150227461777
2099,69.96596699999999,0.10891099602751252,0.27949591851603495,1.1078041389851672
2100,69.99929999999999,0.2861928326651553,0.2711611848391465,1.090554141343211
2101,70.03263299999999,0.2881867579570776,0.2585829426899854,1.096358458010553
2102,70.065966,0.27256422698310506,0.18909444927768876,1.1227199442665698
2103,70.099299,0.2519986339014523,0.09538534533844295,1.1224884023503996
2104,70.132632,0.22317867670737082,0.08413317428304365,1.0890813767027148
2105,70.165965,0.24012839768832767,0.12463501765504695,1.071410019865188
2106,70.199298,0.21596263117764555,0.15358080371966976,1.0315249407886065
2107,70.232631,0.21750209029533782,0.16184959748903988,1.008130556772147
2108,70.265964,0.21348302062065674,0.18718926225809893,1.0103612755723508
2109,70.299297,0.21999270561526113,0.2012789048708037,0.9877198108162278
2110,70.33263,0.22574518989480072,0.20848879259893974,0.9814033664110539
2111,70.365963,0.21876589825980175,0.2162617362753798,0.977818772493379
2112,70.39929599999999,0.2227798221308744,0.2215076089284848,0.983290064350275
2113,70.43262899999999,0.21812821037411043,0.2218170183600808,0.9810610638463361
2114,70.46596199999999,0.2184168315899095,0.23180584019717215,0.9865931181497983
2115,70.49929499999999,0.21423351381070666,0.2269523344471135,0.9918097594916002
2116,70.532628,0.20021270177260242,0.22569992821731444,0.9868553879686502
2117,70.565961,0.19226395057059723,0.22180283261827433,0.9912073746375942
2118,70.599294,0.13848232662052418,0.23860091203146683,0.9973669122667137
2119,70.632627,0.09196131605667775,0.22869169572853626,0.9928250415873154
2120,70.66596,0.0839624637278948,0.20937006433130934,0.9970142714982967
2121,70.699293,0.15033719059448888,0.2441358538879965,0.9779452522740599
2122,70.732626,0.19417287397875727,0.25844300724079183,0.9774463598510585
2123,70.765959,0.2240516789774958,0.2648718786511347,0.9776496774290127
2124,70.799292,0.22455212128072102,0.2612396300635811,0.9794237409867775
2125,70.832625,0.21984571539150183,0.27699970515771555,0.9963037855783088
2126,70.86595799999999,0.22830440558901924,0.276726305388656,1.0004456469425098
2127,70.89929099999999,0.22422880846806084,0.2758616943657758,1.0109871783752091
2128,70.93262399999999,0.20479656198106005,0.28101877414527,1.0035156391828093
2129,70.965957,0.22508699324980336,0.2827355501528001,1.0089228745395014
2130,70.99929,0.2236530938971538,0.29139444966523487,1.035258166930419
2131,71.032623,0.21796610044660525,0.28777139421238623,0.9921510206259596
2132,71.065956,0.18496111064499207,0.2831685949993701,1.0119125651869332
2133,71.099289,0.0948678216457883,0.29022719982096334,1.016926343007509
2134,71.132622,0.09785317402263294,0.28600239178948283,1.0045935949721567
2135,71.165955,0.09575932992815159,0.2817504274583481,1.020044843666185
2136,71.199288,0.1730214510011275,0.2838200157399261,1.0133407643949284
2137,71.232621,0.20058385784679741,0.28547920494747814,1.0074123014470207
2138,71.265954,0.21067823068776295,0.28708944633133354,1.0085368109798811
2139,71.29928699999999,0.2140110386416142,0.2850208042918319,0.9960219739040472
2140,71.33261999999999,0.2052341120773031,0.2826796571583157,1.01502022173214
2141,71.36595299999999,0.22767662640740913,0.2942638121286577,1.0111520534378773
2142,71.39928599999999,0.20909571591769074,0.2882419067722905,1.0077008161984062
2143,71.432619,0.19868856091859946,0.28840827768411625,1.0222587101780778
2144,71.465952,0.19434241031123314,0.2914873927831113,1.0218110043518143
2145,71.499285,0.21267808291537413,0.2935014943598568,1.0303447934153172
2146,71.532618,0.20702081606685085,0.2930608758265452,1.0086030545540892
2147,71.565951,0.2061763339868256,0.2771576041766286,1.028517700745843
2148,71.599284,0.22307912905028268,0.2849419750285037,1.0274043874685037
2149,71.632617,0.20901329300972438,0.2963765557665119,1.0178554500407424
2150,71.66595,0.21309510140286395,0.29421629582126707,1.0154620182604766
2151,71.699283,0.2167743013038357,0.2877621591423521,1.0212332830657394
2152,71.732616,0.20847533234742355,0.290177978020292,1.0286516811255508
2153,71.76594899999999,0.21780046103467154,0.2930945260222393,1.0260039061012334
2154,71.79928199999999,0.216694060483324,0.2904931056217342,1.0276883135735755
2155,71.83261499999999,0.18923768655613082,0.2995667390226543,1.0220044230378496
2156,71.865948,0.14181603875345875,0.2802505863639937,1.0624410886054547
2157,71.899281,0.09927705547061741,0.3051443996093903,1.0460016088149078
2158,71.932614,0.09802301649662386,0.288541573921072,1.0653206783237794
2159,71.965947,0.09889083872777878,0.31175971753944987,1.0547846827921037
2160,71.99928,0.1000260080040389,0.29937062306178774,1.0531075348100483
2161,72.032613,0.09656336593027828,0.29310840441109687,1.0526589247566702
2162,72.065946,0.09490487806920185,0.30716040300465985,1.055350513390505
2163,72.099279,0.09737423132712437,0.3057797790053368,1.0463029797623182
2164,72.132612,0.1801069592770547,0.3009121816389407,1.0450780786768963
2165,72.165945,0.18536806755102686,0.29533337218022426,1.055419538374133
2166,72.19927799999999,0.21320494558692668,0.300912937287765,1.05547610519586
2167,72.23261099999999,0.19826297353683542,0.28867823272966103,1.0689997336879766
2168,72.26594399999999,0.2171932412047515,0.29263105723782157,1.05893080528916
2169,72.29927699999999,0.22395515346569944,0.308297949923989,1.05365525010423
2170,72.33261,0.22138915963790817,0.28944765797092364,1.0594254875725013
2171,72.365943,0.2244125743638742,0.2926719450794205,1.0424452448275674
2172,72.399276,0.2209541773361935,0.2914056561237772,1.0596319682443573
2173,72.432609,0.21197619795124206,0.2822810481274586,1.0324099840647751
2174,72.465942,0.21931667316577405,0.28426834152856095,1.036894156855659
2175,72.499275,0.22838969825616667,0.2635409876076007,1.023739040814384
2176,72.532608,0.23099998905884123,0.2422244900621428,1.0414783112130177
2177,72.565941,0.22125870653541926,0.1904550563592715,1.0649860012877335
2178,72.599274,0.23500555907677798,0.15189845710363442,1.0398410862650396
2179,72.632607,0.22674812129487956,0.17405396383089833,1.045690561414891
2180,72.66593999999999,0.22464134821264573,0.15602876655407172,1.0118031491002195
2181,72.69927299999999,0.21824437632729068,0.1792463110266896,1.013706489121436
2182,72.73260599999999,0.21290469347012395,0.1914955420584603,1.0111501062098072
2183,72.765939,0.2126305339108788,0.21654120562403023,1.0063531362476816
2184,72.799272,0.21057121157266245,0.22863909154589435,0.9959745690352506
2185,72.832605,0.1958240587541896,0.22986787841139472,1.0004049064665719
2186,72.865938,0.20491454221436045,0.24042035089770825,0.9853439196628693
2187,72.899271,0.2188077550302264,0.24415472511840403,1.0108405854903364
2188,72.932604,0.21289437126207228,0.2236126318476993,1.0186602443985668
2189,72.965937,0.18527158739337188,0.1290654050562625,1.0606646700200895
2190,72.99927,0.18406452540192764,0.09721978892385266,1.0608540187636506
2191,73.032603,0.1974004158686804,0.19364470625462282,1.070054481369578
2192,73.065936,0.201739834674939,0.24281880453470644,1.0595236254583789
2193,73.09926899999999,0.1963040405408597,0.25888353439069167,1.0652013352081435
2194,73.13260199999999,0.23862598878153263,0.26625024750602433,1.0847616877089061
2195,73.16593499999999,0.2780356561361979,0.2722275162385586,1.0829649129282901
2196,73.19926799999999,0.31018819858316365,0.2807038314326177,1.0836232437222892
2197,73.232601,0.34373985896172693,0.28424214899359473,1.1000937000151565
2198,73.265934,0.3532445876791079,0.28696974369117617,1.103195769411032
2199,73.299267,0.3840270140339773,0.2924732997768311,1.0906634430799316
2200,73.3326,0.408789528075366,0.286697134014038,1.1331037063316707
2201,73.365933,0.39779667305643135,0.28330303523392814,1.1428932767289308
2202,73.399266,0.41157899061035147,0.2748196894634014,1.1322264658661867
2203,73.432599,0.4262951425971031,0.2821739903587368,1.162480334854132
2204,73.465932,0.44297572691223475,0.2713933667717616,1.1435248409027037
2205,73.499265,0.466542175330457,0.28756125661608545,1.153098219785456
2206,73.532598,0.4741353550084205,0.2734529977827913,1.1604914497677261
2207,73.56593099999999,0.46757608010817475,0.2812214620246105,1.1386467219161587
2208,73.59926399999999,0.4904694629657472,0.2944927925041163,1.1357700686911893
2209,73.63259699999999,0.5347211840027084,0.27771959327644946,1.1688119308581637
2210,73.66593,0.5643209192874603,0.2660089339687338,1.1838433519941873
2211,73.699263,0.5379290129836677,0.27252241688511947,1.1802135396820064
2212,73.732596,0.527491276964069,0.2792249005638421,1.1767860883991814
2213,73.765929,0.5855843070728906,0.27479791529809083,1.1869131340868289
2214,73.799262,0.6177597047901571,0.2826463685634101,1.178676231885335
2215,73.832595,0.6097953941413825,0.2851806988495751,1.1777001379475796
2216,73.865928,0.6383309675999199,0.2712311521084975,1.1918845737234827
2217,73.899261,0.6442755408044557,0.27545912940826867,1.1689387115348453
2218,73.932594,0.6235235999103788,0.28916158389089885,1.1773630027052597
2219,73.965927,0.6336553862347958,0.27809464486658625,1.174504838446016
2220,73.99925999999999,0.650463064494843,0.28319261661394923,1.171794585910316
2221,74.03259299999999,0.661724543491452,0.27443229694263827,1.170920011520137
2222,74.06592599999999,0.6605367120913068,0.2675499739100568,1.174088426180353
2223,74.09925899999999,0.6657037597378069,0.2816075865046216,1.1702153731610356
2224,74.132592,0.6790809848757506,0.2751814581665225,1.186656005687941
2225,74.165925,0.6930585785391167,0.2807915385110698,1.1746066832994542
2226,74.199258,0.6866042137039823,0.278366057846669,1.1806540009112354
2227,74.232591,0.6619644396822344,0.27666122666938575,1.1786640971485625
2228,74.265924,0.7014197422612165,0.28508729207566386,1.175200856591564
2229,74.299257,0.7460471486180636,0.2818436360928408,1.1797727133094507
2230,74.33259,0.7235993061519047,0.2827443582815765,1.1673195157802974
2231,74.365923,0.6952825605263562,0.2750636839233145,1.1728632871069766
2232,74.399256,0.7106080826576268,0.27774960427901385,1.1753598192266783
2233,74.432589,0.7418629865556499,0.2881838675721359,1.1776296969209548
2234,74.46592199999999,0.7500933718732453,0.28201364577291677,1.1695618011770241
2235,74.49925499999999,0.7367270361949656,0.28215900105921354,1.1886460347040022
2236,74.53258799999999,0.7158024687710587,0.2819924084683145,1.171410277102937
2237,74.565921,0.7288533152821286,0.27673708891838167,1.1833220191750304
2238,74.599254,0.7376648505822235,0.27943732848303143,1.1830926188525774
2239,74.632587,0.7062575716959574,0.27650439371648516,1.1968448028619472
2240,74.66592,0.730496769348292,0.27925058489205973,1.178898526817929
2241,74.699253,0.743216048475671,0.28118343841202287,1.17855022874251
2242,74.732586,0.7370780488176264,0.2757945392851393,1.1887065463285764
2243,74.765919,0.7088484706752481,0.2802408681017348,1.1770433195971122
2244,74.799252,0.6746045180316447,0.2816039834285442,1.1795649066123655
2245,74.832585,0.664527760329022,0.2844409201209098,1.1689358475655263
2246,74.865918,0.7258913537756242,0.2816814437433962,1.1691720880840557
2247,74.89925099999999,0.693703394899194,0.28594929473258557,1.1717135249649324
2248,74.93258399999999,0.6747054333640985,0.28364997101545153,1.1692649408693763
2249,74.96591699999999,0.6503615645353017,0.2812309133300241,1.163465847474323
2250,74.99924999999999,0.6608362275591814,0.28840348956732764,1.1549140889052256
2251,75.032583,0.6751558266342365,0.2665706579244588,1.158123958531894
2252,75.065916,0.6675207864500513,0.28628819270168826,1.1676164298996885
2253,75.099249,0.664100477646798,0.2788619913602507,1.1481378263095015
2254,75.132582,0.640120470042845,0.2892076883802828,1.1625390580755408
2255,75.165915,0.617912817047479,0.2730457987553233,1.14595126349583
2256,75.199248,0.5799943694901191,0.2757965456977733,1.145800642760514
2257,75.232581,0.5690953151927921,0.27743954207233823,1.147829149356717
2258,75.265914,0.5986235448952099,0.2790124039171459,1.1465772444254554
2259,75.299247,0.5432055392604032,0.2669194581187241,1.139398418716531
2260,75.33258,0.6000392063324556,0.2812655556340343,1.1457395017346157
2261,75.36591299999999,0.5521208072917722,0.2913053314232189,1.1408413849037597
2262,75.39924599999999,0.5255250389714304,0.26976964675967235,1.1293089844635031
2263,75.43257899999999,0.5054039349556785,0.2651089798427561,1.133418143057923
2264,75.465912,0.519982369644641,0.27039493593320935,1.1687160155510308
2265,75.499245,0.5091940387829617,0.27995970595641184,1.1568116593422482
2266,75.532578,0.4407203507605175,0.2638136223394663,1.1397749793446814
2267,75.565911,0.3974981931241823,0.2223926452303931,1.1527986197393616
2268,75.599244,0.39335028504129305,0.18911763228905598,1.1385170236476638
2269,75.632577,0.38515614538107806,0.17209315610915474,1.140801976876727
2270,75.66591,0.3381402834831003,0.16234549442192583,1.1167566408633716
2271,75.699243,0.32360751845810776,0.139299511313266,1.1154580226784874
2272,75.732576,0.30919778903603806,0.12900595802321208,1.1034905565310598
2273,75.765909,0.3041939628491009,0.11132789415611465,1.0643599151511334
2274,75.79924199999999,0.2750521453921303,0.1516954047637942,1.0554660325841536
2275,75.83257499999999,0.26432773419507305,0.17551260280279435,1.0502439584666075
2276,75.86590799999999,0.255269229920113,0.1830081186966834,1.0523779063186736
2277,75.89924099999999,0.26642224605931736,0.2069112968509983,1.038368365336474
2278,75.932574,0.2629794459005381,0.20423736225015698,1.0236587330320661
2279,75.965907,0.25864629055762095,0.2174230512972392,1.0137757664702662
2280,75.99924,0.2435310870995912,0.23462633375002656,1.0174670834334338
2281,76.032573,0.2211487261196219,0.25080862698998,1.0152156710447384
2282,76.065906,0.22343212820948916,0.2596821624614318,1.0223573554333047
2283,76.099239,0.21583532991814872,0.2592600381881195,1.0182877542744933
2284,76.132572,0.213668436549116,0.26395820048986796,1.0179886647694798
2285,76.165905,0.20648754522287283,0.25478634562819713,1.0158570471171728
2286,76.199238,0.1992386143286194,0.2617926659616144,1.0303255268065818
2287,76.232571,0.19863597296307442,0.25720156979251085,1.023180896813447
2288,76.26590399999999,0.1991100639547129,0.2524878431719161,1.0295989047503884
2289,76.29923699999999,0.19430342100983425,0.2604326984256803,1.0205039408327798
2290,76.33256999999999,0.18638953583250784,0.25210691024023607,1.018215028200507
2291,76.365903,0.18732459084149347,0.25568092724029295,1.0181545388675979
2292,76.399236,0.1916992817943964,0.25201150378966847,1.004757049963756
2293,76.432569,0.18522488165834733,0.2523591972084395,1.021657116223978
2294,76.465902,0.19080580845457176,0.249333902068838,1.017353134524869
2295,76.499235,0.1859565404503627,0.25808553702724024,1.004356129239691
2296,76.532568,0.18312188507265797,0.2665182248927192,1.035720362798892
2297,76.565901,0.18624858486421442,0.2847663493978392,1.0248861541475782
2298,76.599234,0.18182146878252925,0.2831516560884294,1.0250015267334311
2299,76.632567,0.172385563145023,0.28826673613646925,1.023182768951936
2300,76.6659,0.1783635275702475,0.29180955857279,1.0286723931512294
2301,76.69923299999999,0.19155201299223276,0.29709176369880874,1.0261307568327214
2302,76.73256599999999,0.17396123043421133,0.2941390161793782,1.0227677434757105
2303,76.76589899999999,0.16869055885665643,0.28331994615150324,1.0217671912362625
2304,76.79923199999999,0.17741698366765696,0.28570592373858295,1.0192928783297004
2305,76.832565,0.16867487287970434,0.28271394834474173,1.0141863088168137
2306,76.865898,0.1629553530614291,0.2832332665633301,1.0303217610880027
2307,76.899231,0.16676833026130644,0.2867542365128234,1.0185260092517057
2308,76.932564,0.1673118002617158,0.28125034356725587,1.0412463964823657
2309,76.965897,0.17468641974430094,0.30021576771530567,1.024169786664824
2310,76.99923,0.17773256377748858,0.29980994789834936,1.0457036093852026
2311,77.032563,0.1661769833272756,0.3024117810982494,1.021965142827339
2312,77.065896,0.15385884515241,0.302809944755604,1.0338920378539176
2313,77.099229,0.15847671540093844,0.3033236820571523,1.022189404826647
2314,77.132562,0.1661965532668044,0.3117314024684187,1.0271993226689515
2315,77.16589499999999,0.15054670607197293,0.31093936559939905,1.0227071783686477
2316,77.19922799999999,0.15013463089002918,0.309838875295244,1.0355659112517985
2317,77.23256099999999,0.1253271649597169,0.30255093949007783,1.0277217114190087
2318,77.265894,0.10907663348492369,0.2961784650647372,1.0427300017436858
2319,77.299227,0.09169802599661728,0.31266113992327493,1.0339752483535156
2320,77.33256,0.08725056483985925,0.3065719454059296,1.039181862273466
2321,77.365893,0.06405831368642086,0.2990893085231031,1.0511869502513569
2322,77.399226,0.06284911019983057,0.2953865629892592,1.0330570672869646
2323,77.432559,0.06272788373507703,0.30745988872152175,1.0510007850729093
2324,77.465892,0.11777412595708972,0.29031873322433277,1.0355367314898583
2325,77.499225,0.1558723164094426,0.3041164859886071,1.0447917728811231
2326,77.532558,0.18222922973724148,0.30576994363188814,1.0436976905902664
2327,77.565891,0.18569573467155964,0.29905746047206033,1.0230328090541458
2328,77.59922399999999,0.18035833848854146,0.30753395730084354,1.0536341738696087
2329,77.63255699999999,0.18218877079542986,0.31475886206881254,1.044556651189788
2330,77.66588999999999,0.17495157681795293,0.3107544523628387,1.0318031546094326
2331,77.69922299999999,0.17628408841279455,0.3150172893598722,1.0372526631224677
2332,77.732556,0.17212857426052666,0.28859612910721677,1.0480980616670201
2333,77.765889,0.1767848582842803,0.23789544696883472,1.0561267835207133
2334,77.799222,0.19112700967358054,0.23765524566800553,1.04537158130722
2335,77.832555,0.18128153606875888,0.2451632604350591,1.0335130243253892
2336,77.865888,0.15879741906038194,0.26089275640714055,1.0008609762015144
2337,77.899221,0.11547567718919408,0.26368742199945405,1.0057513658541408
2338,77.932554,0.06649816458730588,0.2548770371402975,0.9890481427050763
2339,77.965887,0.0679563325853289,0.26365077055222386,0.9772336795590327
2340,77.99922,0.10600813298841885,0.2592434359037385,0.9805486406570447
2341,78.032553,0.14731997220195645,0.25405095597578103,0.9733546510577905
2342,78.06588599999999,0.1656179652279407,0.2628516299852311,0.9858724118423828
2343,78.09921899999999,0.1678430470599056,0.26571998467982205,0.9795259046120146
2344,78.13255199999999,0.17570562499518294,0.2585189199325814,0.9745911322518638
2345,78.165885,0.14835595205622218,0.26118770271946856,0.9589867467503215
2346,78.199218,0.16044526478443963,0.26120788738253164,0.9659587520353781
2347,78.232551,0.16353765362754857,0.26304491874048685,0.9752546200388496
2348,78.265884,0.15694219698736664,0.2561875569138494,0.95942259996578
2349,78.299217,0.14777065820743576,0.27162387791928877,0.9512720527192362
2350,78.33255,0.12545207979314543,0.2660342298290661,0.9395019688565617
2351,78.365883,0.0950464363193352,0.2729091072676966,0.9532164734177382
2352,78.399216,0.07197639350817857,0.2783039859922929,0.9444847960081171
2353,78.432549,0.0713618192920926,0.271690836078757,0.9514977088017661
2354,78.465882,0.07483732952830786,0.27952586965594994,0.9424942642578089
2355,78.49921499999999,0.07439802209865849,0.2775966859366571,0.9635184189948195
2356,78.53254799999999,0.07528808878120366,0.2658533482281016,0.9521754574874343
2357,78.56588099999999,0.07561143975324021,0.26788717396274875,0.9613985733780325
2358,78.59921399999999,0.07560680124629068,0.27264557855861665,0.9612189325987799
2359,78.632547,0.07553655894082059,0.2581612425190275,0.9622173463094373
2360,78.66588,0.0752894285235709,0.25721312274715646,0.9501462995766911
2361,78.699213,0.07750164744518402,0.25460701762661353,0.956647611714843
2362,78.732546,0.07413480180584647,0.252687338628185,0.9510144280843404
2363,78.765879,0.07359647302256486,0.26217120283857537,0.9470246938802569
2364,78.799212,0.07376299067344791,0.2608554649008674,0.9589768856675411
2365,78.832545,0.07401367365589549,0.26352314671747723,0.9412915177139
2366,78.865878,0.073934523794415,0.2727777536199852,0.9372231179909699
2367,78.899211,0.07274791149747344,0.2706714495031155,0.9422075628254376
2368,78.932544,0.07340182410483599,0.27128462571875095,0.9434136875614088
2369,78.96587699999999,0.07274479363289404,0.2717106671992731,0.9372591434804263
2370,78.99920999999999,0.07136425377926935,0.26827069728200315,0.943213862522305
2371,79.03254299999999,0.07194005345853362,0.2707403491424355,0.9357013295783334
2372,79.065876,0.07295872202451067,0.27751758418293193,0.941116322025345
2373,79.099209,0.07222086989067825,0.27000936250693686,0.921254840641854
2374,79.132542,0.07101209581057148,0.28493410352326776,0.9370479404445784
2375,79.165875,0.07263276291601813,0.2733219556641139,0.9276295191192376
2376,79.199208,0.07201298236470609,0.2752021769228213,0.9457784233202222
2377,79.232541,0.07173067880020065,0.27193585089977035,0.9187240402655891
2378,79.265874,0.0753698824152467,0.273887774926205,0.938125857467301
2379,79.299207,0.07266624549062035,0.2742744967346257,0.9266996420643983
2380,79.33254,0.07390096035137311,0.26989857761332303,0.9367319173642118
2381,79.365873,0.07121418447803972,0.27508603795177733,0.9332770067544728
2382,79.39920599999999,0.07127745096019115,0.2414938644327992,0.9356810327649777
2383,79.43253899999999,0.07211417696050436,0.1806393059927937,0.9562307213329079
2384,79.46587199999999,0.07289951052052536,0.20331882462714906,0.9292167983941697
2385,79.49920499999999,0.07235853005957636,0.24920899369535202,0.9363924845482642
2386,79.532538,0.07334209040916635,0.26338219338783,0.9252567389868731
2387,79.565871,0.07370394430638492,0.288069282331033,0.9316122297404742
2388,79.599204,0.07287930425033123,0.2947972145972215,0.9347185545933382
2389,79.632537,0.07302604404212834,0.2959113526465378,0.9380331533487332
2390,79.66587,0.07305899532746299,0.29652759398304024,0.9252648697400669
2391,79.699203,0.07165363327714487,0.30886437565623015,0.932390496339602
2392,79.732536,0.07199820389448952,0.29861016119301154,0.9354521579725067
2393,79.765869,0.0722128556501868,0.30643643104000234,0.9340155137461065
2394,79.799202,0.07262388765316144,0.2996943656871516,0.9216389288567398
2395,79.832535,0.07192154538718577,0.29689621761240315,0.9370030864138588
2396,79.86586799999999,0.07263516072168484,0.30142486400502705,0.934528384457795
2397,79.89920099999999,0.07283700459763891,0.30393414293272447,0.9370766093603413
2398,79.93253399999999,0.0727635442054393,0.3054946170349767,0.9326877229667146
2399,79.965867,0.07198838414009381,0.3016891353799199,0.9342228217065877
2400,79.9992,0.07130875075479294,0.2947460830917997,0.9340574852578549
2401,80.032533,0.07278491237790295,0.29902136138198976,0.9276129126907525
2402,80.065866,0.07299179056236171,0.3041064121211906,0.9365185981127131
2403,80.099199,0.0739240928708515,0.2846711977682572,0.9335322559610247
2404,80.132532,0.07258887464076248,0.2859071836312538,0.9252506084944765
2405,80.165865,0.07190410736893886,0.2868095060795589,0.9316609307869286
2406,80.199198,0.07258914276621606,0.29337386302279306,0.9361580772963776
2407,80.232531,0.07515230797775807,0.2863656770213383,0.9257865076410053
2408,80.265864,0.07353882986021741,0.29449834514042983,0.9386059299768973
2409,80.29919699999999,0.07281268119224388,0.2995436758989297,0.9454308034992862
2410,80.33252999999999,0.07470437874579189,0.3052656231158081,0.9418818367716959
2411,80.36586299999999,0.07268778769477756,0.28920529856668165,0.9452129154800276
2412,80.39919599999999,0.07261894974517384,0.2899860196278561,0.9320084525243183
2413,80.432529,0.0720807332721094,0.2983211813786264,0.932252984943604
2414,80.465862,0.07246277760992662,0.2891605616805534,0.9271335819619071
2415,80.499195,0.07319314022021138,0.29647250846721285,0.9350640527600929
2416,80.532528,0.07385746808620465,0.29500903747060336,0.9158718389249462
2417,80.565861,0.0715752411825308,0.302447185118621,0.9141730622142307
