idx,time_sec,mar,ear,nose_chin
0,0.0,0.06563073632249394,0.3000387759128372,0.7194150855788771
1,0.033333,0.06728038083850622,0.3060987275578109,0.7236945353152707
2,0.066666,0.06808434568753419,0.2997578067801868,0.7245145910015959
3,0.09999899999999999,0.0688218887607397,0.30163719158727986,0.7338756675038015
4,0.133332,0.06863506734765526,0.3022283058685704,0.7279721297804104
5,0.16666499999999998,0.06913455336126331,0.2967628451848977,0.7254658988520631
6,0.19999799999999998,0.06879285226966349,0.24151529589139442,0.7276539044483945
7,0.23333099999999998,0.07029264720899057,0.06770158134080748,0.731753006088178
8,0.266664,0.06893584411976156,0.05710747653257299,0.7202965243255444
9,0.29999699999999996,0.06930539139601209,0.1485060102362225,0.7437232218237653
10,0.33332999999999996,0.06950770182041374,0.19515261172376394,0.7469816462320752
11,0.36666299999999996,0.06957243306017487,0.2171456612971598,0.7470656919302961
12,0.39999599999999996,0.07069258999785888,0.23820160553287203,0.7338356958876716
13,0.43332899999999996,0.0698008376303618,0.24901013673220296,0.7352402360951671
14,0.46666199999999997,0.06934168374724471,0.2594056927236953,0.7313353002506832
15,0.49999499999999997,0.06946749954397,0.26868042202562303,0.7322820476684261
16,0.533328,0.06948578962242959,0.27264167754358526,0.7297777077479496
17,0.566661,0.06998980448431569,0.27083900546979217,0.7285605202962807
18,0.5999939999999999,0.06871354214713898,0.2745800580950638,0.727663993545868
19,0.633327,0.06795757027843688,0.27608941812362675,0.7288066961961649
20,0.6666599999999999,0.0689372665690653,0.27813772610240733,0.7262825063169076
21,0.699993,0.06961252264839861,0.2811414034768227,0.7288189257959481
22,0.7333259999999999,0.0693822283045338,0.28366860713217085,0.7277368796464269
23,0.766659,0.06889635893434642,0.27970128903856806,0.7315138194062154
24,0.7999919999999999,0.07058390317206975,0.27778893722396814,0.7326398001588301
25,0.833325,0.07019060955707024,0.27715283485502473,0.7307938290114653
26,0.8666579999999999,0.07071906544926151,0.277291178044051,0.7350925867608002
27,0.899991,0.06863918714896644,0.28165360216942714,0.7395904906288697
28,0.9333239999999999,0.07007622623679026,0.27672204474133694,0.7383027784085667
29,0.966657,0.06834588362225041,0.28600087439795857,0.741976302383324
30,0.9999899999999999,0.06527563014674148,0.28455828979170805,0.7284028590592303
31,1.033323,0.06186612498721893,0.28132260196504366,0.7374095884491193
32,1.066656,0.06111209093951017,0.28385520518298274,0.7371267008920281
33,1.0999889999999999,0.06240788506846624,0.28347453343588547,0.7365250867857756
34,1.133322,0.05974413084879347,0.28136568235752213,0.739163806191641
35,1.166655,0.0594806355503505,0.27813342906107036,0.7336616443322617
36,1.1999879999999998,0.06332048042765964,0.28633162080696206,0.7367219087369037
37,1.233321,0.0641933924557863,0.2875518323380257,0.7206970858062894
38,1.266654,0.0627814125230601,0.2799726435194916,0.7274884529315969
39,1.299987,0.06329630524418216,0.27946549676346166,0.7247358229062255
40,1.3333199999999998,0.06271419522830031,0.29060873464820763,0.7244180121974062
41,1.366653,0.06377602075232974,0.2922219367069131,0.7237273371938646
42,1.399986,0.06490888289256354,0.3018127193413944,0.7265464968348889
43,1.433319,0.06411760759646772,0.3055780753645516,0.725204103867615
44,1.4666519999999998,0.06346663892966223,0.2919764767540316,0.7259231128445085
45,1.499985,0.0620788683126246,0.2994028362146255,0.7200721296462463
46,1.533318,0.06234618691293427,0.3015590080442353,0.7203216874397702
47,1.566651,0.06137214915476653,0.28664921664399834,0.7260942629474914
48,1.5999839999999999,0.06135430027338267,0.2910226357338982,0.7316334803809164
49,1.633317,0.06368632147543728,0.29944154449226934,0.7261982650778017
50,1.66665,0.06352252486089666,0.29649578562662143,0.7221424275481745
51,1.699983,0.06553286264777336,0.2891262214658296,0.7153957792704381
52,1.7333159999999999,0.06629256343859727,0.2913756777022053,0.7212969207463258
53,1.766649,0.06786777816923069,0.28338459442920255,0.717504988572677
54,1.799982,0.0649225664403926,0.1402766413594509,0.7119679726639834
55,1.8333149999999998,0.06368058256861826,0.07119006910711564,0.696180028234839
56,1.8666479999999999,0.06549860545828434,0.11329126069049769,0.7059349296782621
57,1.899981,0.06282337847615585,0.20806893675023647,0.7167331419760511
58,1.933314,0.0647486287371027,0.23579007980991717,0.7148488686873836
59,1.9666469999999998,0.06550555463199938,0.257253814870205,0.7172060854789934
60,1.9999799999999999,0.06448015640845989,0.2638480942966874,0.7193993949627632
61,2.0333129999999997,0.06312085470618332,0.2766733500583335,0.7172371663740014
62,2.066646,0.062479751371984055,0.2965481667701674,0.7176527604994589
63,2.099979,0.06081564033814369,0.3113454155420031,0.7319401656103889
64,2.133312,0.05987555928817144,0.32771229758980003,0.7383489647295385
65,2.166645,0.05785967261556292,0.3374311520666635,0.7422854305512153
66,2.1999779999999998,0.05669853298210874,0.339542198138586,0.7387352532616778
67,2.233311,0.05782266533600739,0.34592133958382,0.7461630677342639
68,2.266644,0.05716026996811682,0.3400527259647233,0.7449708401836264
69,2.2999769999999997,0.056894711709261886,0.3320840810033292,0.7363314952575346
70,2.33331,0.05706557498826368,0.331286703201908,0.7304909215982003
71,2.366643,0.0575936568314057,0.32805952215329315,0.7289996594733893
72,2.3999759999999997,0.05772722364087554,0.3312620253557877,0.727801574047818
73,2.433309,0.05723801282160769,0.32492215352857345,0.7320872035758403
74,2.466642,0.05839350401668239,0.3280031519963912,0.7292017720931003
75,2.499975,0.0584106855580965,0.32783323954215016,0.7309644400389237
76,2.533308,0.060200920763469355,0.33447619584723964,0.729339846797302
77,2.5666409999999997,0.06037377810288083,0.3289104987277087,0.7344236716954768
78,2.599974,0.0591503151640076,0.3349638339613921,0.7339412824341179
79,2.633307,0.05738749258004383,0.3174816281989855,0.7376569057944605
80,2.6666399999999997,0.05748314196762905,0.31442734374264397,0.7459531942308913
81,2.699973,0.055030123591278325,0.3414144097290626,0.7473380759453317
82,2.733306,0.05329461311406666,0.35994202269370645,0.7592126638531558
83,2.766639,0.053066381760861876,0.33682279561704037,0.773649851225883
84,2.799972,0.053156435624841604,0.3467038906551748,0.7771071611249123
85,2.8333049999999997,0.04948391948622419,0.34867147781288377,0.7811731890283857
86,2.866638,0.04921982454413569,0.35473135723790006,0.7883883543775956
87,2.899971,0.05150036363436916,0.3505389685467468,0.7964008574210952
88,2.9333039999999997,0.049052205241305644,0.3712993719517669,0.7847008604712922
89,2.966637,0.04963255928796328,0.37356560838968184,0.7728721193921387
90,2.99997,0.051883089600282636,0.3578502888050222,0.7618394307149141
91,3.0333029999999996,0.05186337891553061,0.3532356932576537,0.7426353867570533
92,3.066636,0.05120476610698555,0.3576541838940356,0.7092169304025784
93,3.0999689999999998,0.050686295839062964,0.34677011906873856,0.6925144839348081
94,3.133302,0.052218310769777655,0.3470317716405519,0.6888037376112786
95,3.166635,0.052607724061816075,0.3548437629328498,0.6870309228611923
96,3.1999679999999997,0.05221187881118897,0.3539930531612865,0.6801920050719754
97,3.233301,0.05094941408376505,0.3485123136370875,0.6702103765366306
98,3.266634,0.04879089190808006,0.3447568889943001,0.66200353412792
99,3.2999669999999997,0.047901220198998055,0.3416645812269333,0.6598802115144224
100,3.3333,0.049754114351944934,0.33994533656656645,0.6570701807999539
101,3.3666329999999998,0.049011488200439435,0.3413074303236081,0.6573165681687868
102,3.399966,0.04958316630392288,0.34119677756942335,0.6541049602282382
103,3.433299,0.0509403544285676,0.3371004022066275,0.6539964384385408
104,3.4666319999999997,0.04994518781669575,0.3385794123149125,0.6640646245409304
105,3.499965,0.05051987370170346,0.3374157596896086,0.6651837431274227
106,3.533298,0.05168462849230152,0.3406187084823541,0.6648860335640547
107,3.5666309999999997,0.05124954117282689,0.33708324099221465,0.6691535141962367
108,3.599964,0.052068133285218185,0.33688329095599734,0.6697069787769332
109,3.6332969999999998,0.05099178399243686,0.3372430164299488,0.6703847338808707
110,3.6666299999999996,0.05015591933441781,0.3412029833410646,0.6737331728440764
111,3.699963,0.05135185213796137,0.34498176509425293,0.6695200764587572
112,3.7332959999999997,0.05085039848007367,0.3450291559483167,0.6747640497795763
113,3.766629,0.05012477744979477,0.33475600679107775,0.677886465262295
114,3.799962,0.05100269959879409,0.35033813324686225,0.6704350672837578
115,3.8332949999999997,0.05017230564929433,0.3490715624300849,0.6736179641576574
116,3.866628,0.05101158820072656,0.34813168385749654,0.6685529703187859
117,3.899961,0.0508322751714557,0.341384684439052,0.6723073606693496
118,3.9332939999999996,0.050033499487877456,0.3391925186854348,0.6750149319817262
119,3.966627,0.05073742069391235,0.3428580768912539,0.673239118246165
120,3.9999599999999997,0.04897289110455438,0.3330742118559357,0.6746522498205597
121,4.033293,0.049332042923120885,0.34050043727605167,0.672180332481446
122,4.066625999999999,0.049312748254881224,0.338771917489449,0.682495508029255
123,4.099959,0.04934852841563561,0.3471979193987583,0.6787328306557053
124,4.133292,0.04923863025127024,0.3404711667209417,0.6771319121881533
125,4.166625,0.04932292956614349,0.34355896550995957,0.6748864548615521
126,4.199958,0.04827037450432046,0.3449743157769999,0.6780621380990847
127,4.2332909999999995,0.04882763381959926,0.3469226695948352,0.6789902132396557
128,4.266624,0.04992080911086019,0.3528110698038873,0.683668079048159
129,4.299957,0.052454463878734287,0.3500927159352737,0.6818429097603925
130,4.33329,0.051932987186481164,0.34687861680028975,0.6873440930262037
131,4.366623,0.05103065222972122,0.352139860988703,0.700280915153661
132,4.3999559999999995,0.053624451961111756,0.3597212168312889,0.7130445074075119
133,4.433288999999999,0.052493821426497556,0.38238993966033613,0.7325784938738384
134,4.466622,0.05258160589884509,0.40245801920275615,0.7525061452951562
135,4.499955,0.04545599174391218,0.40750418767378127,0.8032191060330414
136,4.533288,0.046326698045092346,0.4038898787888281,0.8310239139765437
137,4.566621,0.046526346956819425,0.3999522376872613,0.8674275554609215
138,4.599953999999999,0.048178310017832224,0.40021040895493903,0.9069541433474382
139,4.633287,0.04959555729442777,0.38382871829941767,0.9286908267004831
140,4.66662,0.052798172759850354,0.3619276061855743,0.9549363852082629
141,4.699953,0.05071085473591555,0.3490403100034962,0.9590246427641793
142,4.733286,0.048709921618327726,0.3562854997902749,0.9600555894637596
143,4.7666189999999995,0.05066690697074494,0.3598958919472295,0.9694192330778867
144,4.799951999999999,0.05087371264672798,0.36294042842996144,0.9674880168219497
145,4.833285,0.05396781817315931,0.3486753533019394,0.9754803557347727
146,4.866618,0.05474512690445121,0.3268016783663928,0.9727933749896274
147,4.899951,0.05674833827195192,0.3333229579249919,0.96691859890558
148,4.933284,0.055841500458172925,0.32144175819967935,0.9790724346355038
149,4.966616999999999,0.05569079786558637,0.32837238982176314,0.9725237718501744
150,4.99995,0.055656696730248395,0.3221567470612966,0.9715867463760484
151,5.033283,0.05695523711237713,0.30793720988578005,0.9665982170989135
152,5.066616,0.05555056116460321,0.31391795265654654,0.9583094014085882
153,5.099949,0.054551958400674956,0.318280171387184,0.9589917313634919
154,5.1332819999999995,0.05564252541753464,0.3153810947102262,0.9554720459283231
155,5.166615,0.05658034915760951,0.30929311497053225,0.9520630604583398
156,5.199948,0.05682534415157079,0.31670727403709265,0.9550205639353548
157,5.233281,0.055487996075503324,0.3119084282215251,0.9588578318439426
158,5.266614,0.052227445251511025,0.32254834922228465,0.9598520957589671
159,5.2999469999999995,0.05370507279295094,0.32163244615231223,0.9464705190817367
160,5.333279999999999,0.05471195628464414,0.3164693417538991,0.9539954050891416
161,5.366613,0.05284158474091094,0.3197907595776699,0.9589471580625236
162,5.399946,0.0532655979366678,0.32154385239860217,0.9617545939546919
163,5.433279,0.05312210807763349,0.32219372321500406,0.9519588393343598
164,5.466612,0.05322297175180862,0.3268255364242747,0.9550889052322316
165,5.499944999999999,0.05287028796921599,0.331739510277981,0.9583560406089615
166,5.533278,0.05187022840257702,0.31906558062574364,0.946901572420516
167,5.566611,0.05211861230564464,0.3274113467265735,0.9572273388989473
168,5.599944,0.050442478748451765,0.3204172550084681,0.9445142956728034
169,5.633277,0.04997673335741203,0.32828328963959974,0.9504678670068919
170,5.6666099999999995,0.05033860455925417,0.32395058920789543,0.9506842233107952
171,5.699942999999999,0.050779196282072614,0.32400763461489535,0.9445092438468393
172,5.733276,0.053357184971431396,0.31639666448863635,0.9475127289839057
173,5.766609,0.05424434892361194,0.3073983142243409,0.947874702365158
174,5.799942,0.05253101891194345,0.31168543986429575,0.9568062504509003
175,5.8332749999999995,0.05330703954912497,0.31210802508101787,0.9509123943546552
176,5.866607999999999,0.05349686934985813,0.3163812713206041,0.9504358545788141
177,5.899941,0.05383889513495716,0.3124956456039574,0.9454449353808769
178,5.933274,0.05243434520039766,0.3107298672817911,0.9494800802554688
179,5.966607,0.05405510938063246,0.31791751355556036,0.9449576484342466
180,5.99994,0.052564352984173605,0.30361259132875484,0.9475136405697527
181,6.033272999999999,0.05363459726272673,0.3101297184204781,0.9432353396061465
182,6.066605999999999,0.05341985037107889,0.31416707054965104,0.943326029911819
183,6.099939,0.05337674426646463,0.31185340846117937,0.9381680632817323
184,6.133272,0.05314836516658278,0.31161283731097966,0.9349501952622362
185,6.166605,0.05205072644790901,0.31937999475328616,0.928155697333272
186,6.1999379999999995,0.05084897098864842,0.3101689157053986,0.9360785583596053
187,6.233270999999999,0.053172935752827374,0.32367513691224514,0.9290737927502356
188,6.266604,0.05202953728452801,0.3257739068499832,0.9305373811726276
189,6.299937,0.051054321619863716,0.32351238494936563,0.9255075276912922
190,6.33327,0.04845868890910252,0.33016511715564223,0.9225953043919907
191,6.366603,0.05260247780948518,0.33478973089319913,0.9201559288162946
192,6.399935999999999,0.05275296467227963,0.3328183995155097,0.9165451500607406
193,6.433268999999999,0.05273109430686057,0.33623952862825846,0.911638424547697
194,6.466602,0.0513987302324097,0.33336635986719065,0.9113653122942332
195,6.499935,0.05070766152075517,0.3357689825977501,0.9111071536188222
196,6.533268,0.04723115266044307,0.34017608073064265,0.9018589389353081
197,6.5666009999999995,0.05161091384814256,0.3320950817666569,0.9018607732325998
198,6.599933999999999,0.052409099058514215,0.33468376216952844,0.8964851166655842
199,6.633267,0.04850923004899033,0.32750666533469514,0.8927649131326204
200,6.6666,0.053017078156236054,0.3329646169670274,0.8911216705608433
201,6.699933,0.05177570680317772,0.325023200698665,0.8935790797973846
202,6.7332659999999995,0.050477558366998375,0.3255325927921646,0.8893998182302313
203,6.766598999999999,0.05206046228664821,0.3197785926091131,0.8906901262980347
204,6.799932,0.05036264203489082,0.3246537467848983,0.8873814329839697
205,6.833265,0.05094938902619787,0.318395217310051,0.8904266934080319
206,6.866598,0.05162947668138735,0.32442120851262146,0.8799966494572316
207,6.899931,0.05117167150904511,0.3247355382616597,0.8745869638444359
208,6.933263999999999,0.05134227061783353,0.3233365048732584,0.8745023489269294
209,6.966596999999999,0.050963979728516774,0.32662058639373015,0.8768789735384936
210,6.99993,0.05298330742653744,0.3253424662354772,0.8830281888383882
211,7.033263,0.0523231921878965,0.32771567345545555,0.8802053983280401
212,7.066596,0.051816348808336625,0.3268385816394801,0.8735061130589532
213,7.0999289999999995,0.0518694971870862,0.3251655036216111,0.8706813017893934
214,7.133261999999999,0.05167815641410676,0.3264761885753874,0.8635521141835779
215,7.166595,0.05143435646806748,0.32469396071376155,0.8626367010133303
216,7.199928,0.05343642738161079,0.31211826749542115,0.8940722230627914
217,7.233261,0.10443421406209923,0.3213544092170459,0.9187977446142487
218,7.2665939999999996,0.20200845082392,0.33130730388152196,0.9169619984194465
219,7.299926999999999,0.1943254864609314,0.33613006666636647,0.8945460873252536
220,7.333259999999999,0.1854300266141398,0.33613198057114385,0.8883404173567854
221,7.366593,0.1533118031879481,0.34805277763554215,0.8766116449430115
222,7.399926,0.13196032079185363,0.34215711779910724,0.8684883954038906
223,7.433259,0.1255044279066067,0.34231484349708646,0.8606370752794342
224,7.4665919999999995,0.1218781202829616,0.3353893474490117,0.8573018660985978
225,7.499924999999999,0.10458341800221521,0.33582046277438204,0.8578404695722301
226,7.533258,0.10883741963402084,0.3192173010486419,0.8443035400132785
227,7.566591,0.101814834858229,0.2934808342155525,0.8393886406763966
228,7.599924,0.10057147630839579,0.3083265027892945,0.8404002037112297
229,7.6332569999999995,0.12036747427567536,0.31235271755594446,0.831382934906264
230,7.666589999999999,0.1300532865571598,0.3097742697479108,0.8252513530496997
231,7.699922999999999,0.1284551659087266,0.3082397851455132,0.8244643356939194
232,7.733256,0.13079083316271495,0.3098576754818596,0.8284577976708759
233,7.766589,0.13316121079822169,0.31335155953554383,0.8246242206269142
234,7.799922,0.14774237302794002,0.29998858473524165,0.8289841398423375
235,7.833254999999999,0.16135470571206958,0.28925954940070786,0.8298706758098875
236,7.866587999999999,0.16376533910957494,0.2982230492148569,0.843593603864608
237,7.899921,0.15952199123107857,0.30792300684921947,0.8340652140367214
238,7.933254,0.1599840365238345,0.3047326348629379,0.837853428818447
239,7.966587,0.16292799155090545,0.31170632346438204,0.8389562913351967
240,7.9999199999999995,0.15804714449807034,0.3143562051564851,0.8347786090315662
241,8.033253,0.14331995601640762,0.31099910667617753,0.8341218139850722
242,8.066586,0.13612791132103916,0.3186700231762751,0.8358756967076285
243,8.099919,0.13883660085444385,0.3178018608498161,0.8296537469756344
244,8.133251999999999,0.12894969645222185,0.31790101912295954,0.8283137091423709
245,8.166585,0.13219247196947986,0.31538823711865294,0.8249539613323542
246,8.199918,0.13113792404554653,0.31306446831653917,0.8274445853516987
247,8.233251,0.13940710963494923,0.3091587249435509,0.8335366952529235
248,8.266584,0.16900466938272343,0.31069721493429314,0.8636478215847101
249,8.299916999999999,0.17867468390292257,0.31480659785583265,0.8662413976477279
250,8.33325,0.2060528993089005,0.3234001576547423,0.8695030273362045
251,8.366583,0.20845110293059607,0.33003509461332403,0.8683786337848901
252,8.399916,0.15543661130132913,0.33053376101200116,0.8662086570121021
253,8.433249,0.08310619433104482,0.3311082783796714,0.8573615479165665
254,8.466581999999999,0.05613968847672504,0.32954226924705643,0.8483174797333165
255,8.499915,0.05782722306318699,0.33765604015598316,0.8369305586571868
256,8.533248,0.054387620874001216,0.32328350289935437,0.8441750041344595
257,8.566581,0.08662946598459016,0.3263519674944458,0.8436040463606369
258,8.599914,0.11164048633166183,0.32985942403852914,0.8441448860372226
259,8.633246999999999,0.1043310577826974,0.3225438652878079,0.8348117963394621
260,8.66658,0.09894511236565068,0.3272830674855493,0.8327076094766013
261,8.699912999999999,0.09093860303484182,0.32364957109396186,0.8328002309968131
262,8.733246,0.08409128461199056,0.32377043977032216,0.8229987422448005
263,8.766579,0.08311218388535449,0.32368007783704145,0.8239029196541973
264,8.799911999999999,0.07946528833800935,0.3233709562929094,0.8132546072166938
265,8.833245,0.0681823014680511,0.31732046826267774,0.8115664357186511
266,8.866577999999999,0.05691249160706384,0.320164846587878,0.8044189895004222
267,8.899911,0.05309147458090991,0.3161074248867003,0.7981413379899552
268,8.933244,0.053377269956114325,0.31769040700380924,0.7951975627998324
269,8.966577,0.05129698642038862,0.31752207650292086,0.7943503716415861
270,8.99991,0.05336567126469969,0.32143544014591086,0.8023676542133439
271,9.033242999999999,0.055328747644737844,0.31982731284077726,0.8054642043004564
272,9.066576,0.057889979660596294,0.3215829517691435,0.8002953531709001
273,9.099909,0.05789884750672216,0.32476153632031735,0.7960353921757906
274,9.133242,0.05629147413898784,0.3176870279474776,0.8014165686941649
275,9.166575,0.05762868619684916,0.25874923973996133,0.8327577856435759
276,9.199907999999999,0.10988680464589808,0.1711527412971977,0.8526140268232579
277,9.233241,0.16194039776494987,0.20509927659079996,0.8573810773675379
278,9.266574,0.16134166489842147,0.22201650444596355,0.8450053365244321
279,9.299907,0.14586723370045954,0.2331615455864956,0.84175008839449
280,9.33324,0.12428373287450566,0.24025836814167803,0.8155873472262903
281,9.366572999999999,0.09674958597467209,0.2594174226438176,0.810683985864505
282,9.399906,0.098151525948676,0.25847172947921915,0.7964744906850645
283,9.433239,0.12999107419913847,0.2623113184443395,0.8021621977331967
284,9.466572,0.16946495623596963,0.2763921779964049,0.827131158132562
285,9.499905,0.18751346095192858,0.2888154487943119,0.8405703594375582
286,9.533237999999999,0.18311426486240245,0.2810841924643702,0.833792986429663
287,9.566571,0.16624440457753453,0.2600747150388939,0.8297101377412243
288,9.599903999999999,0.11670240683194043,0.2634441866915007,0.8282234667570143
289,9.633237,0.08567752018541894,0.25983035025158635,0.823331605157064
290,9.66657,0.08779465731109873,0.2502009800704896,0.821798244234395
291,9.699902999999999,0.08937007378867699,0.23871477412529177,0.8212696670940061
292,9.733236,0.08799489496063083,0.25810656407669763,0.8184496364414421
293,9.766568999999999,0.08967850957467136,0.26668526010867755,0.8190542117765391
294,9.799902,0.09164649945354328,0.2842422002491442,0.8252392434589085
295,9.833235,0.09576571793277205,0.28604655755489217,0.835874670157099
296,9.866568,0.09883972119442132,0.2972363962698605,0.8387497595404313
297,9.899901,0.10083783297385421,0.29771276140238456,0.8486142997392639
298,9.933233999999999,0.10071013727217955,0.30272571746771354,0.8623318281401758
299,9.966567,0.10091163801067382,0.30712122531451547,0.8816764175682165
300,9.9999,0.10172174703420585,0.3200265048399772,0.8900131358445713
301,10.033233,0.10210700807112187,0.30813898597351463,0.9231966865778832
302,10.066566,0.10712702793211475,0.3162524134601276,0.9262671158750658
303,10.099898999999999,0.11473508435818544,0.2930590003993626,0.9355724595632966
304,10.133232,0.11474221957922731,0.31484758284966147,0.9721394316037196
305,10.166565,0.1130591217440592,0.29553509968330394,1.0057816795493508
306,10.199898,0.11578048324139688,0.32746856240266087,1.0919086538744915
307,10.233231,0.11933895985017032,0.3417515681131411,1.1864577190776608
308,10.266563999999999,0.1311571929288789,0.37345994328880855,1.2206580389510022
309,10.299897,0.12922703346997103,0.4112009903917061,1.3075535251208168
310,10.33323,0.1290287691742282,0.3505547510434843,1.238144304787879
311,10.366563,0.12864362539667348,0.4241864934390459,1.2841258356052532
312,10.399896,0.13048158927247147,0.3622851796482033,1.1914189872328265
313,10.433228999999999,0.1182718920220867,0.3982817833096243,1.2019190497775527
314,10.466562,0.12926768710570766,0.3773744012687863,1.1423216099864073
315,10.499894999999999,0.1256577675858898,0.3827126283233898,1.1278170937736258
316,10.533228,0.1347783348654284,0.37039617677859615,1.1185947628088326
317,10.566561,0.13176404899400068,0.3643291339860283,1.1273304889982656
318,10.599893999999999,0.12960225107965437,0.3679076133088745,1.140508222535231
319,10.633227,0.12442782037962452,0.39078183271064443,1.146926570369645
320,10.666559999999999,0.14716947696340038,0.41187780429753357,1.148751998554832
321,10.699893,0.14373947586034277,0.40523598402155836,1.148800896586414
322,10.733226,0.15753127332736633,0.4626079526363267,1.1740122907378308
323,10.766558999999999,0.16138827381119136,0.40538543711581443,1.1444620492325774
324,10.799892,0.17136633648658142,0.45239126242736905,1.1708299980532297
325,10.833224999999999,0.16256003209837253,0.3953628584871865,1.1608279818499196
326,10.866558,0.16598256183427293,0.47253229537590136,1.1923632199124006
327,10.899891,0.14652718840561374,0.4636230245797116,1.224595890777317
328,10.933224,0.15414291720641815,0.478090063622359,1.2287729536024878
329,10.966557,0.15832404280925041,0.39058271080109663,1.2343601957828496
330,10.999889999999999,0.17054653603873102,0.4274854388304594,1.2523247217303708
331,11.033223,0.1611912750301862,0.4010839007426656,1.208290419967117
332,11.066556,0.17505240977181186,0.42561208138788303,1.2440505421830192
333,11.099889,0.19350302779564146,0.4062169238246526,1.2369627624156745
334,11.133222,0.18199751296679567,0.3935450585754446,1.2416689744580967
335,11.166554999999999,0.17763768230661675,0.4300232726202725,1.2638262097186002
336,11.199888,0.17802844602634446,0.4490963484120599,1.2234391863469167
337,11.233220999999999,0.1837090057534174,0.42868566517325524,1.2071805165318519
338,11.266554,0.18200633213365722,0.4000355609867038,1.191401439754192
339,11.299887,0.17334771150348727,0.4000566920338555,1.1919246314577743
340,11.333219999999999,0.16868884801372244,0.402329745471756,1.1810831266595043
341,11.366553,0.17167167147975343,0.3879152284112036,1.1865497872616615
342,11.399885999999999,0.18235214425120552,0.4100971964359087,1.219625186251927
343,11.433219,0.16314347259629675,0.46418317696665334,1.2241469642878684
344,11.466552,0.1708059707935286,0.4454203554066455,1.2306113193566905
345,11.499884999999999,0.16216220645089377,0.4855093223985984,1.2178577054416984
346,11.533218,0.1665822757489761,0.42300778127444416,1.2119926134233703
347,11.566550999999999,0.17077492631908,0.4185368576136343,1.226008478186892
348,11.599884,0.17615527132925346,0.38775100725281547,1.2123368691709717
349,11.633217,0.17102886815470827,0.3892023292252194,1.2369615737122102
350,11.666549999999999,0.1688062614891937,0.4083893497900104,1.219268894430655
351,11.699883,0.17384121822516738,0.4208797983029021,1.1868827464186702
352,11.733215999999999,0.1579483007293831,0.452545289342113,1.201139828443331
353,11.766549,0.16564206292500283,0.5139942414989646,1.1981153686802393
354,11.799882,0.15800844534833422,0.4300124042000189,1.1474428108314423
355,11.833215,0.1452573423409713,0.32903349257715475,1.017470208398514
356,11.866548,0.18643934833413728,0.32397917884399635,0.9985654261184879
357,11.899880999999999,0.17599814863209579,0.3090381580806767,1.097075461700384
358,11.933214,0.19232328795655512,0.18289867275305854,1.0231707036622153
359,11.966547,0.14297611352556408,0.350255382854879,1.0863869441013119
360,11.99988,0.12655301218682002,0.35517731126306173,0.9842900290868161
361,12.033213,0.12615456124457342,0.2916289369245477,0.934851798138897
362,12.066545999999999,0.10204499233508164,0.2767190928533083,0.905767817186609
363,12.099879,0.09988104297668678,0.24053297147140798,0.8763739241425822
364,12.133211999999999,0.09388703117444587,0.23313571515993975,0.8639287900029411
365,12.166545,0.09276688765744356,0.06695680566821949,0.8434747569568428
366,12.199878,0.08863189405101328,0.15905105166043998,0.8348057175251774
367,12.233210999999999,0.08211955141635349,0.22274678270866632,0.833767415250117
368,12.266544,0.07635424985618706,0.2370758596653194,0.851695800733166
369,12.299876999999999,0.07574003264296157,0.24182034394523888,0.853013870960394
370,12.33321,0.07585914111826914,0.24379759260514927,0.8562222027434326
371,12.366543,0.07378482746849299,0.23901092834809484,0.8743725654233488
372,12.399875999999999,0.07315605797677516,0.25099127807339433,0.8875517974386237
373,12.433209,0.07215935205434439,0.23979702005369205,0.8819043984210299
374,12.466541999999999,0.0714240737532597,0.2574682906576187,0.8885635162156003
375,12.499875,0.0706807742655035,0.2505728334126117,0.8937183609594521
376,12.533208,0.07067557713427099,0.25775760515357216,0.8986329760998146
377,12.566540999999999,0.06944923189184665,0.2566863157435755,0.9034559917127819
378,12.599874,0.06998971641260067,0.25969520693748804,0.8940587131052097
379,12.633206999999999,0.06930863386709123,0.24483947384277976,0.8975320882766322
380,12.66654,0.06991431349570128,0.24222630550636032,0.9047432812580332
381,12.699873,0.06955278552888451,0.2486429294126776,0.8972514589175911
382,12.733206,0.06762569596525853,0.26022195719186425,0.9002313946795938
383,12.766539,0.06954449236167352,0.26046011222579935,0.8978870123765615
384,12.799871999999999,0.06862331308827176,0.2526667915265262,0.8920752700718363
385,12.833205,0.06872804367901328,0.25249719508694796,0.8916268214381143
386,12.866537999999998,0.06858854061171663,0.26578549329941725,0.8821445384761629
387,12.899871,0.06815239309784278,0.25718164315617814,0.8799463600520147
388,12.933204,0.06949896037189224,0.2647016317543297,0.8694884862048186
389,12.966536999999999,0.06836574643050573,0.27332110675399857,0.8531247096725721
390,12.99987,0.0706480939879093,0.28077781019538783,0.8435912172597897
391,13.033202999999999,0.06932189121782605,0.2785847505603472,0.8415509826674221
392,13.066536,0.07009019495137277,0.28294457213511404,0.8361329153459892
393,13.099869,0.069935857780265,0.2812248884889673,0.8307906717260672
394,13.133201999999999,0.07067639867085936,0.27212758144012383,0.8313301388679586
395,13.166535,0.07000198002012469,0.2668732712581766,0.8248978034286609
396,13.199867999999999,0.07033613599723156,0.26898977578532146,0.8324308211099164
397,13.233201,0.07038041093464835,0.27715188276982416,0.8245261692579672
398,13.266534,0.06972215790983714,0.26720344924604456,0.8196030630835068
399,13.299866999999999,0.07160383957641692,0.26695513079808975,0.8271132387571547
400,13.3332,0.07153591357652181,0.26594728606786866,0.8227472391104991
401,13.366532999999999,0.07106221820378376,0.27247063316012676,0.81865573766242
402,13.399866,0.07188146714915589,0.2713336032245801,0.8190724395691128
403,13.433199,0.07143066220834123,0.27354387815403286,0.8169050387085918
404,13.466531999999999,0.0713995596091008,0.27695548367709966,0.8172419743123287
405,13.499865,0.07082192918806443,0.27471962828549984,0.812489457952108
406,13.533197999999999,0.0713705286175232,0.2858733167638089,0.8191842752318713
407,13.566531,0.07019866286836507,0.2844544852416582,0.8106131310083732
408,13.599864,0.07186056463463943,0.28212715166031443,0.818103158513737
409,13.633197,0.07125478298060073,0.28139945750610385,0.818939430635758
410,13.66653,0.07099816140558976,0.28765286739422224,0.8360307308623263
411,13.699862999999999,0.08174253765163901,0.2935423575782889,0.84822674659306
412,13.733196,0.16611943551226102,0.29211905439501684,0.8579703490613457
413,13.766528999999998,0.17838582039168452,0.2918943642240469,0.8667190323652623
414,13.799862,0.1791301259271742,0.2906545853697926,0.8676891155129144
415,13.833195,0.1800865027770145,0.2907765153870582,0.8759529228304377
416,13.866527999999999,0.1881418265508447,0.2966805764460778,0.8724118619132814
417,13.899861,0.1948019414456463,0.28969198079781444,0.8748055052524205
418,13.933193999999999,0.1996617065316913,0.2836420015997415,0.8819901463603298
419,13.966527,0.1960298774446968,0.2870258762720004,0.8856572785358233
420,13.99986,0.18654392630603392,0.27864260929244145,0.8708864215970418
421,14.033192999999999,0.18608858913413373,0.2802767129788183,0.8732879411168598
422,14.066526,0.18771350087091954,0.2811589615477409,0.8702663121916203
423,14.099858999999999,0.19434035098583102,0.2849307877835422,0.868273129186959
424,14.133192,0.19562526383255344,0.28239317843401346,0.8770142928071042
425,14.166525,0.19347895513096053,0.2695300489324106,0.8866400442636402
426,14.199857999999999,0.1941432067883308,0.2644454313718324,0.8899982480188182
427,14.233191,0.19551902176597444,0.29042221898536924,0.880553656387856
428,14.266523999999999,0.19385595884423448,0.2825275380418809,0.8738697159239219
429,14.299857,0.1883347493450107,0.28534462556698126,0.872007385647417
430,14.33319,0.17080926907217092,0.28870263592273,0.8776612063715667
431,14.366522999999999,0.16416971327236707,0.2921327414593182,0.8772488321176738
432,14.399856,0.15473857886911063,0.30063980325202094,0.8781872191547977
433,14.433188999999999,0.134662905185562,0.30412151302284585,0.8761325695559603
434,14.466522,0.10557966066336939,0.3047160304759451,0.8717010407077793
435,14.499854999999998,0.08006416457403705,0.2915215772220564,0.8575741156943134
436,14.533187999999999,0.08037404841379016,0.31247026448590043,0.8565964060254758
437,14.566521,0.07959999087380397,0.3094654584181462,0.852880613129922
438,14.599853999999999,0.08014204168807953,0.3059306115402416,0.8498407598112212
439,14.633187,0.08106649853600664,0.30990192351590395,0.844798236215022
440,14.666519999999998,0.08287426922427724,0.30388323111559057,0.843499968605519
441,14.699853,0.08355606196832568,0.29921200773100654,0.843097591554032
442,14.733186,0.08279714219616595,0.30640493777515154,0.8437526494717499
443,14.766518999999999,0.08601260674813606,0.31142765601114364,0.8500963743530906
444,14.799852,0.11915742362149698,0.30769771883133257,0.8683529871177131
445,14.833184999999999,0.14593222668478942,0.3066848079760264,0.8835373222032736
446,14.866518,0.1605944902271538,0.3067715259372158,0.8855418403482165
447,14.899851,0.14965374670182816,0.3075989730576988,0.8843293492396833
448,14.933183999999999,0.12810511725948412,0.306131384960325,0.8772707408939248
449,14.966517,0.12082768694900069,0.29926898164678206,0.8815166439693067
450,14.999849999999999,0.11325214375373781,0.2726843898467484,0.9086399515047071
451,15.033183,0.10897179631462556,0.2914662855657189,0.8925154665145157
452,15.066516,0.10379405386660143,0.31668201223228776,0.8946480804370053
453,15.099848999999999,0.13078905305534794,0.30629992480874124,0.9034376186017805
454,15.133182,0.16074618083570133,0.3081030338376104,0.920224614549875
455,15.166514999999999,0.17203253719745232,0.3014624463174136,0.9501938611638268
456,15.199848,0.1827172012170438,0.31303392401368674,0.9531514782676568
457,15.233181,0.1843295134452216,0.3883810971853184,1.00189311888838
458,15.266513999999999,0.18359336322499215,0.37901829335258663,1.0284192253780238
459,15.299847,0.1610726375328528,0.3354394166996357,1.0710648110321037
460,15.333179999999999,0.16360244986139041,0.36633273013301637,1.0616095831482961
461,15.366513,0.13163184414368853,0.5292508319875591,1.1120466262789184
462,15.399845999999998,0.14690438848796508,0.5005643043335026,1.120604985544468
463,15.433178999999999,0.1501988952075829,0.6411142366117364,1.2395264417143037
464,15.466512,0.16089886672579368,0.6555289461816929,1.274363840621756
465,15.499844999999999,0.17279388562408976,0.7062435162957431,1.2395034034817598
466,15.533178,0.14955462713866366,0.692061307075067,1.2666841560034836
467,15.566510999999998,0.16728815596441796,0.6315577417939051,1.2149310340439134
468,15.599844,0.16615434677048876,0.6396721147030099,1.2334694996891358
469,15.633177,0.15924451264996567,0.7693712325326576,1.2681052254864176
470,15.666509999999999,0.1485207991539513,0.831146533074772,1.279226200254904
471,15.699843,0.1525922213292876,0.5325820479931351,1.1924711883150834
472,15.733175999999998,0.16413008251029731,0.783789851220893,1.2637006490082827
473,15.766509,0.16748119422021673,0.47903848425023415,1.152136435496301
474,15.799842,0.1711537137353791,0.6550082938122058,1.210784510129408
475,15.833174999999999,0.1647130111589005,0.6013684203547174,1.1486878561261304
476,15.866508,0.16033735892185652,0.6487731623876608,1.1720566190209756
477,15.899840999999999,0.1718455211908383,0.7029572300849423,1.2115171199758032
478,15.933174,0.17390430109009627,0.8981671591729073,1.273862618458171
479,15.966507,0.16174742448134968,0.7585700492725046,1.2389123636755772
480,15.999839999999999,0.15595217722902704,0.8919027666326588,1.2492761300807003
481,16.033172999999998,0.15832038919173297,0.6201092245344364,1.1210020174428441
482,16.066506,0.14359858431636557,0.6912040088505236,1.1291696821605155
483,16.099839,0.16139315700661655,0.6778016088891651,1.0790542307782502
484,16.133172,0.16602337447061122,0.5305413387834386,1.0246935379214044
485,16.166505,0.17492891539729932,0.49770096955178933,1.005188363760701
486,16.199838,0.15423537324819986,0.3869876369645141,0.9422107789393124
487,16.233171,0.14904364042915821,0.4474380558405655,0.9575179278996135
488,16.266503999999998,0.14950262226127492,0.43884213047321685,0.9342877781405318
489,16.299837,0.13561713122853702,0.3926321487438411,0.8780314384337105
490,16.33317,0.13118307273653781,0.293710834482654,0.7914713454827782
491,16.366502999999998,0.12657479391493848,0.24579345767795358,0.7547289809918585
492,16.399836,0.12773878537441224,0.3313921768375615,0.7998263235832103
493,16.433169,0.12492468434057911,0.281055801202885,0.7362324961535704
494,16.466502,0.12024589297044218,0.3062981906021397,0.7108337443340509
495,16.499835,0.12278137171078528,0.31518346322052665,0.7076138828035183
496,16.533168,0.12257393257465628,0.3084101381193094,0.6859205501007357
497,16.566501,0.12439445935348437,0.3357532844050757,0.7178353103250218
498,16.599833999999998,0.12463674929100334,0.25243061863721605,0.6719906735413008
499,16.633167,0.1263213821360993,0.26688708668413796,0.6656166173127577
500,16.6665,0.12484591581529941,0.25941852214275757,0.6433725620990427
501,16.699832999999998,0.12094924431560579,0.26273184482950174,0.6449752053819181
502,16.733166,0.12274696457571241,0.2623561132082203,0.6466479874985966
503,16.766499,0.12070366583157291,0.2543314977739375,0.6508719097151388
504,16.799832,0.11942283287701476,0.28161346869261666,0.6647495785921135
505,16.833164999999997,0.11887254476503444,0.3110591464136283,0.6834316696005976
506,16.866498,0.13280977097884086,0.30922863663630273,0.6921005572583954
507,16.899831,0.12161722408842299,0.3599970686419247,0.7200133559167923
508,16.933163999999998,0.11692977228778723,0.40244135612617243,0.7454284860412718
509,16.966497,0.11733376623619103,0.25533794797462883,0.7828915491893279
510,16.99983,0.10606347699705852,0.2856272806577596,0.7574271046408809
511,17.033163,0.10357565144083355,0.3179605181153218,0.7023889736146722
512,17.066496,0.09886557257921076,0.3179139486247031,0.71639191274925
513,17.099829,0.08892368859300386,0.3233640408760505,0.734769694055872
514,17.133162,0.08374380933981389,0.32214835837054395,0.746368685962013
515,17.166494999999998,0.07807959717026464,0.3088018750618593,0.7599618791762833
516,17.199828,0.07599868294419568,0.305439713740988,0.7719774786906761
517,17.233161,0.07253996656062363,0.30546770790585925,0.7876417252765271
518,17.266493999999998,0.07226826114346248,0.29439255107696644,0.8123773336878984
519,17.299827,0.06982571114694192,0.2866907302181042,0.8237432370502014
520,17.33316,0.06568288145448749,0.28074718317163844,0.8431196480718003
521,17.366493,0.06830549383857043,0.2765705553364901,0.8499677374685666
522,17.399825999999997,0.06964501066885394,0.26809130341409454,0.8654493917662963
523,17.433159,0.0680354326561996,0.2710323495792838,0.8758979997443349
524,17.466492,0.12530369903943755,0.27074196301983905,0.8840368534539089
525,17.499824999999998,0.14177069959850608,0.2790092872879929,0.891141143280632
526,17.533158,0.14144571732934538,0.28067687895215065,0.8917577561491139
527,17.566491,0.11111050955635046,0.2766721311010225,0.8825499090702829
528,17.599823999999998,0.07208403646338733,0.27389241800875663,0.877790753828616
529,17.633157,0.0725783352354937,0.27553694950058827,0.878831841742273
530,17.66649,0.07012190525101254,0.22820480029572587,0.8885076852973987
531,17.699823,0.07300237403358892,0.14010629815867634,0.9092977647514869
532,17.733155999999997,0.07910493254612132,0.14517293288392952,0.9400644804525259
533,17.766489,0.11789019509825252,0.16028344954257606,0.9520520046310661
534,17.799822,0.15833360249419628,0.17851651018686504,0.9743829260786331
535,17.833154999999998,0.15225256677427842,0.22269097289868647,0.9513555455816924
536,17.866488,0.1567513583768265,0.23782379762985362,0.965598517935768
537,17.899821,0.14490402061291519,0.23016172769434018,0.9774088727135963
538,17.933154,0.12380596317472584,0.2418599515575564,0.9774193215442766
539,17.966487,0.10144605364054612,0.24195183114928326,0.9766658063798428
540,17.99982,0.10155196038123243,0.2518266832886634,0.9692836373550819
541,18.033153,0.09801648390362185,0.26417897109379745,0.9651310910377691
542,18.066485999999998,0.0994442025755036,0.2464274269308087,0.9712013617017041
543,18.099819,0.11594281943782878,0.2530146003507952,0.9755766174954117
544,18.133152,0.16356140951484396,0.24542919565945723,0.9818824562351965
545,18.166484999999998,0.19978058797866652,0.25383493620265585,0.995246667522419
546,18.199818,0.21575251626364766,0.24416127565791604,1.0070631217833415
547,18.233151,0.20028814151205626,0.26244028207079223,0.9939250487965017
548,18.266484,0.16282949483552867,0.26325062331771,0.9815209749346158
549,18.299816999999997,0.12806997551945526,0.27040652633727047,0.9688866924320828
550,18.33315,0.1052168340204103,0.24354915626362994,0.9644682724301058
551,18.366483,0.10355059147164676,0.25835448831806374,0.9670061639538909
552,18.399815999999998,0.10476422732902137,0.2710929086033471,0.9785739722584471
553,18.433149,0.10493492599089317,0.25841532374578446,0.9789737264609698
554,18.466482,0.12660629790406933,0.26189772476751116,0.9880899315767482
555,18.499814999999998,0.15219931357504318,0.2321876433456182,0.9947435425514748
556,18.533148,0.1344338708499582,0.2633106417687702,0.9898880650150257
557,18.566481,0.11259782266904307,0.26987729759028234,0.984179327503511
558,18.599814,0.11313518712893558,0.27205805222328505,0.9759606963835316
559,18.633146999999997,0.11103686637245866,0.2525045412764729,0.9637728009554744
560,18.66648,0.10757558024354252,0.2668010626038626,0.9648174326629857
561,18.699813,0.10626915484290803,0.2682165100927384,0.941057237411842
562,18.733145999999998,0.10640797851991496,0.28417472763062834,0.9230207190403196
563,18.766479,0.10455768691730456,0.283696492620104,0.9369225166108088
564,18.799812,0.10738215807462964,0.29241606164733236,0.9218316147188043
565,18.833145,0.10780011339035515,0.28865742960669755,0.8989521320383965
566,18.866478,0.1083877507278458,0.30463027116494185,0.8413693458470742
567,18.899811,0.11091099645557218,0.2853354842761814,0.8225440662882467
568,18.933144,0.11121932866355438,0.2849327122083919,0.7947015279936793
569,18.966476999999998,0.11378591406023587,0.30065016373548026,0.7797994516593921
570,18.99981,0.1138649216076932,0.3141055208591609,0.7558875489965458
571,19.033143,0.11142579993260046,0.3245730426358256,0.7439093776666595
572,19.066475999999998,0.11096582093078623,0.311565199298093,0.7314608476242714
573,19.099809,0.1070997295144902,0.3298438915531908,0.7113641074976221
574,19.133142,0.10855589502930793,0.34007924384478955,0.700037708934846
575,19.166475,0.1083084769733414,0.31983654817967766,0.6843792554137619
576,19.199807999999997,0.10872957977681223,0.32616065434165326,0.6685049654866176
577,19.233141,0.10584116063324571,0.32777926601721447,0.661363747804385
578,19.266474,0.10808499509627603,0.33037037719374096,0.6495202212246353
579,19.299806999999998,0.11353937049813628,0.3241720760977108,0.6493248642542141
580,19.33314,0.11143112281005123,0.31792185100395,0.6663702636062668
581,19.366473,0.10911761055078753,0.3218773606527942,0.6620759833117774
582,19.399805999999998,0.10917705869343027,0.32086394069730184,0.6655161678902554
583,19.433139,0.1068882888693673,0.3202611271285235,0.6650452320444598
584,19.466472,0.11001008938103113,0.30027058494950665,0.6679499026534912
585,19.499805,0.10893563686007833,0.3239601002499797,0.6716318862493722
586,19.533137999999997,0.11086416201311625,0.32181658490527254,0.6613169728085242
587,19.566471,0.10894655303359624,0.3124465052466829,0.6681774238641857
588,19.599804,0.11354825032505915,0.3166079502785723,0.6739136625375823
589,19.633136999999998,0.11068669218527047,0.3221797178445097,0.6775022062654541
590,19.66647,0.10863385688756391,0.3221858530992888,0.6719250840856784
591,19.699803,0.10877047659593778,0.304264491009541,0.6696437193383495
592,19.733136,0.1099523718075742,0.30315513425407375,0.6600855629956087
593,19.766469,0.11223262502183501,0.3056241964400233,0.6599895623761156
594,19.799802,0.11055740968417871,0.2987327311703055,0.6608639308975022
595,19.833135,0.11307717438760331,0.3138992097951445,0.6637557198355202
596,19.866467999999998,0.11127471167892966,0.2850097365117721,0.6587801864408072
597,19.899801,0.11154595205294471,0.30737452629301865,0.6599490101407429
598,19.933134,0.1119475518836081,0.3072653001796295,0.6647491937121853
599,19.966466999999998,0.1080622999976286,0.32132631467753847,0.6707121809243807
600,19.9998,0.11146702872112234,0.3249172264192714,0.6644758106021181
601,20.033133,0.10577903794722816,0.2716626246580415,0.679779955552018
602,20.066466,0.10620565865504217,0.14232897809798556,0.6748587078419793
603,20.099798999999997,0.10163329303481798,0.21478320490914798,0.6798512800587074
604,20.133132,0.09977983239929443,0.2827039606596976,0.6851327064566475
605,20.166465,0.09719331429392421,0.29957719726775195,0.6939681145356521
606,20.199797999999998,0.09192747720590966,0.2901172823810881,0.7295141034583721
607,20.233131,0.08705756219115325,0.27339985685002444,0.7538149513157507
608,20.266464,0.08273957402292256,0.27771108692750146,0.774263639007725
609,20.299796999999998,0.07733444729197499,0.27286904711199644,0.7971754460062912
610,20.33313,0.07783258327653768,0.25867311847758756,0.8253724785313233
611,20.366463,0.07470388857002164,0.25985891115296533,0.8459102394632977
612,20.399796,0.0916092283673761,0.24679156888680573,0.8682203913149089
613,20.433128999999997,0.1265957155019513,0.24313340363989433,0.8943927775429595
614,20.466462,0.15176370008795909,0.22947323502170763,0.9269659724578225
615,20.499795,0.16006547906901897,0.21485180625277295,0.962487812782413
616,20.533127999999998,0.16643170289460893,0.1971449386001367,0.9917008063709193
617,20.566461,0.17257861198507682,0.19595023211980628,1.0040194338668695
618,20.599794,0.17458833192278536,0.19137787902057535,1.0094203835178237
619,20.633126999999998,0.18149560979515164,0.18954119494019545,0.9924239282261469
620,20.66646,0.17681625326933526,0.20028092017036672,0.9916577844465294
621,20.699793,0.1735439712123305,0.20840819137114341,0.9911017857089371
622,20.733126,0.17779488066783186,0.20085477323602974,0.9985353637982248
623,20.766458999999998,0.1742883597603538,0.19181115056309467,0.99571171997575
624,20.799792,0.1720783304227667,0.17806220077193036,0.991928210063845
625,20.833125,0.16756576906510942,0.18176252431081474,0.9832378231547294
626,20.866457999999998,0.1633301978574338,0.18766283906806466,0.9793332333229408
627,20.899791,0.16157712826462867,0.1899243774775966,0.9729752063029169
628,20.933124,0.16406953818328132,0.19127034634951856,0.9682118826279702
629,20.966457,0.16086397434072466,0.19004213425920177,0.9646655997794861
630,20.999789999999997,0.1589262575188077,0.19374459884455617,0.9513865205331737
631,21.033123,0.1649464832617686,0.20276936693720538,0.959167059424829
632,21.066456,0.16001470825603856,0.21316911885607623,0.9444254468461187
633,21.099788999999998,0.16014685074740415,0.21655940711569444,0.9452113758967381
634,21.133122,0.16110086140617894,0.21678812708590306,0.9448132452568639
635,21.166455,0.15989592217636894,0.22828120041814953,0.9409512905176565
636,21.199787999999998,0.16171743382796916,0.22329851657647748,0.9375128414901575
637,21.233121,0.1566321741118613,0.2136850031236701,0.9392335301160171
638,21.266454,0.16001592609391627,0.2051525636833685,0.9392624006377969
639,21.299787,0.1587810284220364,0.21331755192008012,0.9314773658394667
640,21.333119999999997,0.1632543391540519,0.21072513067627885,0.9319469299401187
641,21.366453,0.16275126400951098,0.21584813450967255,0.9338189956379663
642,21.399786,0.17405190483255553,0.21457472872723293,0.9471204151759447
643,21.433118999999998,0.19540803125535586,0.22069953870201958,0.9686307233186624
644,21.466452,0.2281263841369507,0.1481230267591815,1.0071220643680463
645,21.499785,0.23266869212821856,0.13238303938728652,1.011940820700764
646,21.533117999999998,0.23290217748762262,0.1619403359932759,1.027491733155251
647,21.566450999999997,0.22910513523165912,0.17387933712414533,1.0201822601957138
648,21.599784,0.2091242547724162,0.19804621402370476,1.0122762158822167
649,21.633117,0.20924388722704465,0.20628995261505614,1.012574895812311
650,21.666449999999998,0.19326138472081755,0.20727671830041644,1.0197754368405305
651,21.699783,0.19404430884958268,0.2184263274664462,1.0241243760761705
652,21.733116,0.1941510765597905,0.22047841394986417,1.046065867854367
653,21.766448999999998,0.18637477078579048,0.23257865352610085,1.0157445102066363
654,21.799782,0.16700122625134747,0.24161471863787184,1.0273407765656524
655,21.833115,0.16875696077534816,0.2439343111786663,1.0436831105886422
656,21.866448,0.1834893693762696,0.2534383714478922,1.0551133854626467
657,21.899780999999997,0.18989532001625742,0.2524527597856297,1.039722879324612
658,21.933114,0.17749052403272708,0.2697138466705306,1.0568897070326075
659,21.966447,0.18687035298016527,0.2602553615830729,1.049918565821315
660,21.999779999999998,0.15048276082265052,0.25529214592513866,1.0500381027869756
661,22.033113,0.10729098397302475,0.24924827153662862,1.0337455010900058
662,22.066446,0.10894892792343493,0.25903919917968565,1.0369360398821832
663,22.099778999999998,0.12787115858301473,0.2518326506483539,1.027868689177194
664,22.133112,0.1704420476852674,0.2681509322445974,1.0191233314053043
665,22.166445,0.22361028925141152,0.28539307266944264,1.0178947328701478
666,22.199778,0.26813840078061524,0.2844535355822478,1.060307721322564
667,22.233110999999997,0.29759079090458107,0.312806142178624,1.02619695872085
668,22.266444,0.27042657592751934,0.3029918181437349,1.0036887199564573
669,22.299777,0.18045034806180157,0.30699316586473213,0.9678368610232767
670,22.333109999999998,0.11012185757013118,0.323676762758734,0.9416799446889552
671,22.366443,0.1118982708839546,0.3085300203386412,0.9358936080188295
672,22.399776,0.14281732230524335,0.30511505260276306,0.9252104864306573
673,22.433108999999998,0.15138831410691672,0.30894494300766484,0.9224407397094053
674,22.466441999999997,0.1251435253442199,0.306481149538008,0.9288070308523856
675,22.499775,0.1113946211479289,0.31601955640964474,0.9250577341906537
676,22.533108,0.13741807648601767,0.3032440502539207,0.9201873712290617
677,22.566440999999998,0.17948549910666411,0.3337169890080488,0.9129922600114244
678,22.599774,0.19257669674232836,0.34564455723356385,0.8908524971157858
679,22.633107,0.20130282479308942,0.3283480560564648,0.8765389687992158
680,22.666439999999998,0.20953139563913112,0.30874632812138547,0.8460928427256492
681,22.699773,0.1939983497258526,0.3079989520467733,0.8198975771636152
682,22.733106,0.1697689619560305,0.29765014650705546,0.8063518917439768
683,22.766439,0.14664477118390093,0.3062606487908133,0.7812824590926908
684,22.799771999999997,0.10152824092489963,0.27677375501041984,0.7713422696225347
685,22.833105,0.09232166590647471,0.2876863115010939,0.763780696158801
686,22.866438,0.09007244075173895,0.29110359967158866,0.7599863324118482
687,22.899770999999998,0.08867834008143834,0.29140966698400517,0.761103224420172
688,22.933104,0.08783292596732256,0.29685259912669515,0.7630999037369784
689,22.966437,0.08432184475171295,0.281065682483227,0.7580163351651561
690,22.999769999999998,0.08111920380478609,0.2868532542762934,0.7505363969568039
691,23.033103,0.07712900310326863,0.29388905773114204,0.742442368800951
692,23.066436,0.07606361950486981,0.2854953332890259,0.7472689761768214
693,23.099769,0.07485019294473735,0.2939175755893818,0.7499192863808971
694,23.133101999999997,0.0775470154633215,0.2931466339989258,0.7492075885110573
695,23.166435,0.07446814234650684,0.30120326514533885,0.7544070630582884
696,23.199768,0.07328253065278809,0.2927982869741633,0.761070353149879
697,23.233100999999998,0.07271678660583854,0.29606543496619053,0.7719173702838439
698,23.266434,0.07487457437117806,0.29378418527392264,0.775660353420519
699,23.299767,0.07399707776357965,0.28370241858350176,0.783300746937432
700,23.333099999999998,0.07454180496755494,0.2924760372989267,0.780751192352694
701,23.366432999999997,0.074862676136391,0.29405527788174635,0.7870889836599996
702,23.399766,0.07461884920801796,0.2899810653473087,0.789521014499327
703,23.433099,0.07471360975579236,0.290457428435682,0.792850847981581
704,23.466431999999998,0.07653267286637444,0.28759539762402936,0.7973357027427254
705,23.499765,0.07582961870545248,0.2907778350992175,0.7988147591671234
706,23.533098,0.07581767137536859,0.2938644918202401,0.7992801101637669
707,23.566430999999998,0.07613577956993976,0.28789441717256803,0.8015436433031162
708,23.599764,0.07477076031633498,0.29324121779046225,0.7984758001946866
709,23.633097,0.07555051948782628,0.28579304861982874,0.7998335890418408
710,23.66643,0.07608658999714649,0.2959601539475024,0.8048129298841437
711,23.699762999999997,0.07649982428142682,0.2925029708280251,0.8036489616704726
712,23.733096,0.07744097496758603,0.2995577112192486,0.8031535878251329
713,23.766429,0.0776533543287145,0.3006917325829267,0.8051351165361457
714,23.799761999999998,0.07678791083421209,0.3014582501939073,0.8026785935297445
715,23.833095,0.0767808128883139,0.29240691022601084,0.802484267827654
716,23.866428,0.0771424228644041,0.3035354917943122,0.8015057248441285
717,23.899760999999998,0.07644519470963052,0.28307855960633166,0.7962893782582053
718,23.933094,0.07634212778296644,0.26642875368382174,0.791955375943771
719,23.966427,0.07525759155455154,0.27334309615952257,0.7810950614378306
720,23.99976,0.07468517652881969,0.27953775788844437,0.7867186249610516
721,24.033092999999997,0.0753229962285199,0.2793879405652181,0.7859088716386355
722,24.066426,0.07536518465901397,0.28206076307895933,0.7839393780791734
723,24.099759,0.07654470791320232,0.2805751240842894,0.776476164759216
724,24.133091999999998,0.07452239417782996,0.2825346018819179,0.7745857701191424
725,24.166425,0.07576555819287063,0.2849948650411815,0.7739118570849435
726,24.199758,0.07439694153763825,0.2785315700316552,0.7748566535253766
727,24.233090999999998,0.07546187007120186,0.286264171044022,0.7733777060884099
728,24.266423999999997,0.07455150267338281,0.28941394311028734,0.7687594891663619
729,24.299757,0.07406661127611439,0.28827853476525456,0.7715593965189282
730,24.33309,0.07428627656083056,0.2588418269409216,0.7716908153978148
731,24.366422999999998,0.07330771806530931,0.108304699763387,0.7776200707695997
732,24.399756,0.07292196736497944,0.10055217739890254,0.7931452495951927
733,24.433089,0.07469347169316107,0.20479752900251685,0.7952255982051761
734,24.466421999999998,0.07406226500495505,0.23826612593293545,0.7827786747735743
735,24.499755,0.07404663554090632,0.25268770618559644,0.7822761720669897
736,24.533088,0.07352461219607197,0.2609453864862613,0.7790051936188436
737,24.566421,0.0736958598319348,0.271496003147381,0.7860660505311443
738,24.599753999999997,0.07398255184722444,0.27295675830824245,0.7829269343676715
739,24.633087,0.07443845517499494,0.27791052466622646,0.782828864937909
740,24.66642,0.07567832728329683,0.2736554563670317,0.7872229542419605
741,24.699752999999998,0.0761832324687371,0.28109340893060397,0.7836444158448639
742,24.733086,0.07561689813797569,0.282215734915082,0.7891740925131872
743,24.766419,0.07653986068342421,0.28874835289368717,0.7897599455905331
744,24.799751999999998,0.07646480624970707,0.29451865258548204,0.7912868442929878
745,24.833084999999997,0.07733328651421714,0.2934024023859193,0.7973895545751778
746,24.866418,0.07805671310680774,0.2948420087399265,0.7921604377964819
747,24.899751,0.07798275616836278,0.2994160954219905,0.7953960741086062
748,24.933083999999997,0.07771395766092261,0.2897671283751275,0.7894015049099496
749,24.966417,0.07789723461980946,0.28484732793064316,0.7862845077014449
750,24.99975,0.07811749692150488,0.290968037194294,0.7871676489140234
751,25.033082999999998,0.0791346682012111,0.2908938907253076,0.7865699964820125
752,25.066416,0.07807673516919135,0.2971221045356607,0.7828839070494025
753,25.099749,0.0785110134985553,0.299171516549493,0.7783018279984082
754,25.133081999999998,0.07891398582146064,0.29753241228853244,0.7844641880533567
755,25.166414999999997,0.07705131502266015,0.29434512617276554,0.7887829535325853
756,25.199748,0.07784297849210715,0.30274172662455334,0.7876923080704632
757,25.233081,0.07749136619371227,0.30209645127077556,0.7866846466308616
758,25.266413999999997,0.07792272364755594,0.29798396740261734,0.7836375722345965
759,25.299747,0.0771624820191707,0.2972417702199329,0.7950952941046654
760,25.33308,0.07777979742972929,0.30352248920363034,0.7901161774838654
761,25.366412999999998,0.0787162946962783,0.30887074556171074,0.7974346788196938
762,25.399746,0.07744412195136283,0.30094124902768826,0.7983447707298418
763,25.433079,0.07847487344417321,0.2885114092786222,0.7997415875536615
764,25.466412,0.07852291188080185,0.2880467013481684,0.8001329362832994
765,25.499744999999997,0.07799177952045207,0.29534879434097694,0.7984605910533652
766,25.533078,0.07855944211367513,0.29538562979592864,0.7916821721159666
767,25.566411,0.07855714131772633,0.3016087579252652,0.7901985788229826
768,25.599743999999998,0.07845267556325386,0.29862278791571106,0.7957563351070341
769,25.633077,0.0788851666650632,0.2935873829866295,0.7944657392093646
770,25.66641,0.08035866469593428,0.29313908350525286,0.8000135788139088
771,25.699742999999998,0.07982324508247969,0.2919633318051105,0.7984185716765858
772,25.733075999999997,0.07996479760666439,0.28673322201064055,0.7970762514955769
773,25.766409,0.07655453960442218,0.2886680288046334,0.7774758583020887
774,25.799742,0.07544185140751128,0.28582791606802604,0.7747200637219687
775,25.833074999999997,0.07531551052845124,0.275909549042416,0.7739750361863446
776,25.866408,0.07662458516283242,0.2868251854793936,0.7704873119860609
777,25.899741,0.0756514059074613,0.27230836285959215,0.7701623797236147
778,25.933073999999998,0.07442986421869939,0.261946335327778,0.7761838754010897
779,25.966407,0.07253797877368923,0.2690548162555072,0.773846375225556
780,25.99974,0.07328317372229069,0.26244318339636996,0.7748227781953846
781,26.033072999999998,0.07275011933264695,0.26098780025852186,0.7686765051090041
782,26.066405999999997,0.07409551902299077,0.2632957027304883,0.7723279529903995
783,26.099739,0.07366107452519381,0.2649864397073076,0.7702108692508666
784,26.133072,0.07498683940677339,0.2669907478912302,0.7697376642165145
785,26.166404999999997,0.07296326280827196,0.2723433829190572,0.7727034145383529
786,26.199738,0.07401170741570769,0.2620936134244662,0.7737015402998805
787,26.233071,0.07546052834596653,0.26484078831718416,0.7618044527560885
788,26.266403999999998,0.07569136554183158,0.2673332648889241,0.7651324128155644
789,26.299737,0.07578167172024457,0.2750761393316846,0.7652276880720299
790,26.33307,0.07469141885123652,0.27302368134737387,0.7558764626843912
791,26.366403,0.07524206978022875,0.2686564904956492,0.758949059401419
792,26.399735999999997,0.07578620283563459,0.26391142159802305,0.7564387617685592
793,26.433069,0.0772478840800369,0.27122778145488347,0.7577483868975551
794,26.466402,0.07664263517646752,0.2695816114819801,0.7609683249465754
795,26.499734999999998,0.07560225764953708,0.2715309212568529,0.7554548003468919
796,26.533068,0.07554263600165405,0.2694185746045298,0.7634913746501583
797,26.566401,0.07534005184871465,0.2736750975083598,0.7667712027313252
798,26.599733999999998,0.07510519872375852,0.2737932469949431,0.7648220828880539
799,26.633066999999997,0.0754832710108409,0.27712863722364556,0.7691948330829278
800,26.6664,0.07474790002256897,0.27524676629617817,0.7729726343097125
801,26.699733,0.07538021941807946,0.27146420895395773,0.7652610891487527
802,26.733065999999997,0.07558439571644678,0.2705081094808477,0.7682730591837655
803,26.766399,0.07751689110418052,0.2754928092204302,0.7658144906920823
804,26.799732,0.0769673794713375,0.2737099018982138,0.7684949958700911
805,26.833064999999998,0.07630592234124739,0.272352787171883,0.7647394780221627
806,26.866398,0.0775017895052224,0.2809438385464753,0.7654861833102735
807,26.899731,0.07674978634740973,0.29789378710793346,0.7717673805538985
808,26.933063999999998,0.07686509999809173,0.29624055522894366,0.7659558724353907
809,26.966396999999997,0.07759731946083129,0.2986044905775142,0.7680984047507065
810,26.99973,0.07686328717448351,0.3100533438547366,0.7684770464086534
811,27.033063,0.07682512222002748,0.30923639273707143,0.7679737877309999
812,27.066395999999997,0.07686232781393593,0.30805569849855025,0.7672909855013235
813,27.099729,0.07736717927599432,0.30659255513566464,0.7656906853936087
814,27.133062,0.07672137800398411,0.3073332817860035,0.766890196434492
815,27.166394999999998,0.07583210158732387,0.3112817108048502,0.7674786564724789
816,27.199728,0.07547396175079803,0.30580840659290986,0.7712383656520744
817,27.233061,0.07466273065772902,0.30652350990607524,0.7731780559796063
818,27.266394,0.07578696575647842,0.3066687059470918,0.773831375088601
819,27.299726999999997,0.07583942145199674,0.307616103135829,0.7691290312785051
820,27.33306,0.0761031154234679,0.3098557918302776,0.7723676404157218
821,27.366393,0.07569564338154994,0.3112307004154494,0.784573759697099
822,27.399725999999998,0.07686256733971639,0.3141920093352267,0.7890790058906223
823,27.433059,0.07542444543887158,0.31528977705234784,0.8027672619569739
824,27.466392,0.1062503182001224,0.31185602212689867,0.8179116024737437
825,27.499724999999998,0.18359027328050379,0.3156243201042572,0.8265611040524647
826,27.533057999999997,0.20141501095933143,0.3080563416044925,0.8517260056716369
827,27.566391,0.19025241333267073,0.260559724942136,0.8643396708064096
828,27.599724,0.19412797625696543,0.12597967857365477,0.8944926533288934
829,27.633056999999997,0.18641329292924025,0.19099141448834087,0.8988667348716856
830,27.66639,0.16425442456391967,0.2542995717963431,0.882318299797223
831,27.699723,0.08389577903273396,0.2717239344675875,0.856147026657825
832,27.733055999999998,0.08131037869417582,0.2852345789189622,0.8356287958889004
833,27.766389,0.07700959143465828,0.2882197159370591,0.8263126187233661
834,27.799722,0.07640784536462329,0.3006900809091885,0.8153105518029707
835,27.833054999999998,0.07564620902620657,0.2978973415807207,0.8183030535726161
836,27.866387999999997,0.07640580944184105,0.30788920581053114,0.8189041690806957
837,27.899721,0.07715158798527362,0.3105471051892967,0.8171130576240637
838,27.933054,0.07718247102673173,0.3127205029010216,0.8177455322024691
839,27.966386999999997,0.07730893636261316,0.3155340322816138,0.8075543057998524
840,27.99972,0.07638913531241556,0.3133654741719565,0.8040802373731918
841,28.033053,0.07650090169552672,0.3146885551519261,0.8035800669274652
842,28.066385999999998,0.07738736476323879,0.3152450270983236,0.8039095622687286
843,28.099719,0.07894142668675201,0.3188510635996672,0.8062526653486797
844,28.133052,0.07654881873548611,0.31598274083975664,0.7970371061839625
845,28.166385,0.07853841167480148,0.3173791835777249,0.7997847966593244
846,28.199717999999997,0.07938101920851613,0.3120323610485898,0.7919324700357371
847,28.233051,0.07900337540369023,0.31275278421497954,0.7990168485320751
848,28.266384,0.07899990447426923,0.312418655023346,0.7961804839586013
849,28.299716999999998,0.07993570963982244,0.3116999002608758,0.7910829955495895
850,28.33305,0.081336258876683,0.31578059922275503,0.793033112551488
851,28.366383,0.08062073689360556,0.31331535133210625,0.7876749133321609
852,28.399715999999998,0.08066293648793149,0.312470608977266,0.7841123650269858
853,28.433048999999997,0.081570360951262,0.30847530762700687,0.7922941882177628
854,28.466382,0.08112255828737755,0.3069341475825941,0.7851990134051896
855,28.499715,0.08111650215875775,0.30351821076031726,0.7855435044337876
856,28.533047999999997,0.08128193442713971,0.3010172672948077,0.7879187890337471
857,28.566381,0.07943712721709435,0.30660280524036254,0.7841746087622773
858,28.599714,0.08104871673472121,0.30223918074245637,0.7965755159151606
859,28.633046999999998,0.07821839772903544,0.29512034371575346,0.801362476521786
860,28.66638,0.07678942585852441,0.30560540407291364,0.8102663360793264
861,28.699713,0.08634997339971834,0.3110056713722158,0.8245534311597936
862,28.733045999999998,0.12032067386253532,0.308956349821651,0.8274819712346019
863,28.766378999999997,0.12518951574759604,0.3070268039467603,0.8462767302399672
864,28.799712,0.12884789547902661,0.28460959540124486,0.8717839840360637
865,28.833045,0.13813186514907655,0.2733961390553632,0.8883374120918333
866,28.866377999999997,0.12210822997076531,0.2992305705856383,0.9093843780688113
867,28.899711,0.10288988198311472,0.30732593799955954,0.9017560711865404
868,28.933044,0.10127207967783541,0.32269273272352983,0.9075702946206105
869,28.966376999999998,0.12125860726359813,0.33213709872157177,0.9191606986012604
870,28.999709999999997,0.16314980148806668,0.32171028568580495,0.9121124508929047
871,29.033043,0.18542861324504895,0.31765363111738987,0.9141876709546367
872,29.066375999999998,0.1930192397645922,0.32330835839878413,0.92183407400002
873,29.099708999999997,0.1659521395993518,0.329621644437228,0.9281046670479369
874,29.133042,0.13077570761509194,0.3328062377772527,0.9306583394061425
875,29.166375,0.11466638670353739,0.3399349812219108,0.9267349586310882
876,29.199707999999998,0.10077706668899969,0.3484106943481712,0.9244594496895441
877,29.233041,0.1024270283965346,0.3395815225784667,0.9224917117686147
878,29.266374,0.09997451519401634,0.34957407515873784,0.9196273543914436
879,29.299706999999998,0.1005224623753896,0.3434428243444998,0.9160568814679836
880,29.333039999999997,0.10945922463449863,0.3409881899605297,0.9207958288327553
881,29.366373,0.13795427686649123,0.31160673398365857,0.9176224840542598
882,29.399706,0.15020683190395648,0.3138871239570465,0.9247352033955638
883,29.433038999999997,0.15443591464665765,0.33384067199950673,0.9131811240839215
884,29.466372,0.1579855017737103,0.32826614017665545,0.903327467561478
885,29.499705,0.16599255106038568,0.33264727409772565,0.9158682493085525
886,29.533037999999998,0.16813753803044837,0.3344858900453017,0.9118038484523245
887,29.566371,0.16385653160210426,0.3195084834539644,0.9142685673375005
888,29.599704,0.1664871333638357,0.32786454792477615,0.9108496169025214
889,29.633036999999998,0.1635324262055398,0.32750333496361744,0.9092009886240275
890,29.666369999999997,0.18166860637443594,0.32596860970167574,0.9130328861251739
891,29.699703,0.19099777864541098,0.3363023048971475,0.9316778773015341
892,29.733036,0.21805864667972813,0.33735469124235445,0.9413610794041384
893,29.766368999999997,0.22404108318448412,0.326450573672426,0.9476123130917586
894,29.799702,0.2220133152052829,0.3323086678156125,0.9420419081677005
895,29.833035,0.2068454714907672,0.3187548651605665,0.9297544171813568
896,29.866367999999998,0.1856657464099024,0.2590250595355983,0.9259324096321105
897,29.899700999999997,0.18259941997520696,0.23175152599636545,0.9115735122075173
898,29.933034,0.1939282528943263,0.2534923359372181,0.8965083395799
899,29.966366999999998,0.21073501336209427,0.2678766617146001,0.9075866341985417
900,29.999699999999997,0.2194480744324646,0.26643346717525895,0.9024871569124935
901,30.033033,0.22752861544358727,0.27816351844713794,0.9076975834273245
902,30.066366,0.24050398824901023,0.2911839568863313,0.9135589409549253
903,30.099698999999998,0.225676445349316,0.28906505253579373,0.9171986127325525
904,30.133032,0.20981300783081905,0.30405578820362655,0.9216369140599623
905,30.166365,0.20297620877346073,0.301173219827815,0.9200665634343286
906,30.199697999999998,0.17566712781436913,0.29759838777787995,0.9314358443758294
907,30.233030999999997,0.13905908397121536,0.28954940487955944,0.9171904406870995
908,30.266364,0.10974970537213458,0.3053995266199063,0.9350814593954281
909,30.299697,0.10325630501405274,0.2960317734214232,0.9386896248580119
910,30.333029999999997,0.10298691219653083,0.2989438504930143,0.9451277150471488
911,30.366363,0.10378328528943641,0.30278160818019584,0.9375764760252693
912,30.399696,0.10397379059549723,0.3066684100286505,0.9356880008950226
913,30.433028999999998,0.10481866289945592,0.31525374103674236,0.9179996277072409
914,30.466362,0.1030975171939464,0.31719273560666034,0.9106393318801361
915,30.499695,0.1023774542615415,0.341349674896425,0.9043065134833018
916,30.533027999999998,0.10188933439215675,0.33068328408256453,0.8989160181555976
917,30.566360999999997,0.10404465873338262,0.33639607348973144,0.8948244612586509
918,30.599694,0.1228026039094896,0.32810880367563766,0.8957816156528698
919,30.633027,0.13561972279465015,0.331624655384277,0.8927253058029783
920,30.666359999999997,0.1315955004024247,0.3282229322736653,0.8922929428962754
921,30.699693,0.1256244028721472,0.3130740922010685,0.8953023619861925
922,30.733026,0.11815254615491533,0.3215320058197929,0.8883610699326396
923,30.766358999999998,0.11203792366776089,0.3497070224926512,0.9093766529934929
924,30.799691999999997,0.10657193206936506,0.35622010505980195,0.9196590240488862
925,30.833025,0.10523449675137894,0.3654092105478429,0.9377252608959403
926,30.866357999999998,0.10887702293464628,0.3634189014803758,0.964462812533898
927,30.899690999999997,0.10881314454138385,0.388281741285991,1.0120495331812476
928,30.933024,0.11119389548439293,0.43361108017491146,1.0383297483475395
929,30.966357,0.12227479780128617,0.42831147521337565,1.087937672658387
930,30.999689999999998,0.1221254183226051,0.4075032496783241,1.118659797889474
931,31.033023,0.12443319505448175,0.3949744386051546,1.1287599617203685
932,31.066356,0.12352877562277415,0.40308981513137965,1.1677487704042144
933,31.099688999999998,0.12567779045889113,0.4365149890238593,1.1792849043720899
934,31.133021999999997,0.12443588428384293,0.46527039224471756,1.2183947752192539
935,31.166355,0.1248079012870827,0.4919747465710439,1.2209968843120746
936,31.199688,0.1272619292905419,0.5157776055665919,1.2422878997852118
937,31.233020999999997,0.1298927005865523,0.574620466129322,1.2769900283240134
938,31.266354,0.1315606501203111,0.5473638306084585,1.2475196017345151
939,31.299687,0.1353293011624583,0.5862124912433462,1.272642214583501
940,31.333019999999998,0.1781586657490457,0.5275751344285755,1.251203876917671
941,31.366353,0.22457421205470895,0.4971777639169545,1.1929155657351003
942,31.399686,0.27751457349981296,0.4390444185975485,1.1738621484906302
943,31.433018999999998,0.3060634141258004,0.415336061703068,1.1570910495245632
944,31.466351999999997,0.3188208321522481,0.4059681027780593,1.17304553291711
945,31.499685,0.3223756107605243,0.4091324316819106,1.1751532364900528
946,31.533018,0.3081825508775715,0.3655222976317902,1.1473906306446096
947,31.566350999999997,0.31023582082545137,0.39007497138320674,1.1519579781660456
948,31.599684,0.2969275838943088,0.3618070156821419,1.1333214645280505
949,31.633017,0.2878955359615168,0.3535909093685251,1.1001986018556835
950,31.666349999999998,0.2657039539108407,0.36297323744077137,1.1061429834578336
951,31.699682999999997,0.25449047661829993,0.2692479280502335,1.1250840399995286
952,31.733016,0.2550533830688891,0.11180057130841195,1.0936697741355779
953,31.766348999999998,0.2865865864284436,0.13537151016962395,1.0922726219180532
954,31.799681999999997,0.2734511657623392,0.09395822932534166,1.0737063640130906
955,31.833015,0.29463998706190203,0.08829712316499726,1.0814698468356607
956,31.866348,0.26753590324784216,0.06870489235809842,1.0751503736582328
957,31.899680999999998,0.2667111616394702,0.06687601241755858,1.0518557975506886
958,31.933014,0.26987816658613983,0.08074354951163659,1.0618610043883694
959,31.966347,0.28891926549376107,0.07880219923842113,1.0514399740824092
960,31.999679999999998,0.2720822307973492,0.07137220878929587,1.0648683304489395
961,32.033013,0.2697497491573019,0.06910857441452167,1.0891795917908451
962,32.066345999999996,0.26823199918736784,0.09509824252036565,1.0641478127382258
963,32.099679,0.26902030073009703,0.18283233793802858,1.0887674502605174
964,32.133012,0.24848244724560187,0.31412323753817817,1.1167664449279227
965,32.166345,0.2549336786924469,0.3309043666302064,1.105072740759723
966,32.199678,0.24730743379531903,0.3162611814029447,1.110012171796493
967,32.233011,0.2517479061524465,0.29918661994012397,1.1028409931997343
968,32.266344,0.24713023786947047,0.33168302603080524,1.087732684437506
969,32.299676999999996,0.2527598218430864,0.34294350975937826,1.0924641174215841
970,32.33301,0.25490102453822233,0.30873657001850185,1.1060371742648372
971,32.366343,0.24034164656596496,0.322335286503509,1.0780925946784061
972,32.399676,0.23318483540943197,0.3400682470385299,1.0902666657108517
973,32.433009,0.2551020308047249,0.35003525548651365,1.0848259253017887
974,32.466342,0.24366953470834588,0.3350011753412728,1.0862569854372157
975,32.499674999999996,0.2510180623380483,0.35520642509620814,1.0986586779652798
976,32.533007999999995,0.2654949696248211,0.3489433916809131,1.099792088772166
977,32.566341,0.2656706310219781,0.34548144408596165,1.0968966120072603
978,32.599674,0.28196231909297426,0.35980169016453284,1.1201973275842863
979,32.633007,0.30368062839629983,0.3529587118945089,1.104442694001592
980,32.66634,0.32739430501335837,0.35617379824639656,1.1146215220416074
981,32.699673,0.38752263823615096,0.34892196414125065,1.117110101756138
982,32.733005999999996,0.4306080589188064,0.33084399655888336,1.1187382754763713
983,32.766338999999995,0.480805109743364,0.33423824280794445,1.120154229606613
984,32.799672,0.5585080283466475,0.3382595978161106,1.1198142094573984
985,32.833005,0.5682284001406575,0.3294636765732426,1.1415830113161711
986,32.866338,0.6086428198535759,0.33564878066188214,1.1467402431655045
987,32.899671,0.6124958774145459,0.3253149325408551,1.163848249758874
988,32.933004,0.5990917720780969,0.35486737146306824,1.1866698803898195
989,32.966336999999996,0.6088689585294863,0.35527234823641385,1.1706257836309502
990,32.99967,0.5863515268548359,0.32781838395226737,1.154844325362872
991,33.033003,0.5974354379882061,0.35438143618437845,1.153706494339684
992,33.066336,0.6078271467821893,0.34854096007433133,1.1707530904470478
993,33.099669,0.6510993615113958,0.34610826006506346,1.1536412165094527
994,33.133002,0.6737701607458747,0.35016685702478273,1.1727895184919077
995,33.166335,0.6646229964087997,0.3581111074366694,1.165799153899254
996,33.199667999999996,0.6715704830140267,0.36012276932522364,1.1646953497087515
997,33.233001,0.6847671427304072,0.32121700777590223,1.1464137509399677
998,33.266334,0.6742457925099431,0.3526883117551075,1.1478333594198413
999,33.299667,0.6936993827393833,0.359546346088096,1.1380638364170748
1000,33.333,0.6740129808785801,0.3499803432311065,1.1462558302336099
1001,33.366333,0.6763334283134167,0.36235297853622284,1.1564820196377352
1002,33.399665999999996,0.6745701146670473,0.37524984113413884,1.152990250444626
1003,33.432998999999995,0.6577302720588287,0.3609619083658465,1.1507759701616482
1004,33.466332,0.6598939606868318,0.36040874705545656,1.1568369741750262
1005,33.499665,0.6680522881619146,0.3579784157050168,1.1633898412025703
1006,33.532998,0.6414702118776902,0.34528015440953375,1.160638746845366
1007,33.566331,0.6525668199568628,0.35608977617743887,1.1568533418294102
1008,33.599664,0.6417038329611388,0.3519018025203659,1.1647016620874324
1009,33.632996999999996,0.6544597091756159,0.3431808099829191,1.1407034935652913
1010,33.666329999999995,0.6521865006859779,0.3443434566211018,1.1460393383280443
1011,33.699663,0.6300589141207101,0.34216984142476875,1.1284895854085768
1012,33.732996,0.6331138789769307,0.34001808156635266,1.1294009759237098
1013,33.766329,0.6463247216780852,0.3390596882669927,1.1414808936525962
1014,33.799662,0.6286711987359788,0.33043918522696897,1.1366108263125032
1015,33.832995,0.619726269166959,0.32935377103387675,1.138338275300931
1016,33.866327999999996,0.6082992558169822,0.3385112991171281,1.1290409110105797
1017,33.899661,0.588070674562655,0.33226583910945195,1.12240715450271
1018,33.932994,0.5850987376754228,0.316696112652728,1.1294240587170206
1019,33.966327,0.5857025820273436,0.31620433931933306,1.1269343567415229
1020,33.99966,0.5755238646936337,0.3136881874001182,1.1261820911287197
1021,34.032993,0.5758000653794381,0.32704172104342394,1.1297209880397188
1022,34.066326,0.577571364621202,0.3134368910922973,1.1321353521703386
1023,34.099658999999996,0.5626483819039471,0.3244622057782983,1.1323755316737658
1024,34.132992,0.5670098618496331,0.3373443928616977,1.1474713009463868
1025,34.166325,0.565783686126356,0.31442939311227375,1.1592411988819715
1026,34.199658,0.5762783508532209,0.28429388444799875,1.14538119400416
1027,34.232991,0.5780062801591476,0.2898886620266303,1.1460030992602486
1028,34.266324,0.5662192548151002,0.29916001909558676,1.144795523844173
1029,34.299656999999996,0.5738107822388401,0.31587505158170376,1.1481390847771247
1030,34.332989999999995,0.5768946194979624,0.29044487444390954,1.1502334215900187
1031,34.366323,0.5827409183753322,0.28502792754129425,1.1341595228886385
1032,34.399656,0.5756452008008516,0.27913026760429827,1.126283964100001
1033,34.432989,0.5608631858003545,0.30173432295139746,1.1462720985243608
1034,34.466322,0.5580725808456166,0.29198699406588147,1.1597941252025905
1035,34.499655,0.573328781523303,0.2396162052385255,1.1506070166153068
1036,34.532987999999996,0.5749479053121479,0.26883000863616224,1.1401026458753785
1037,34.566320999999995,0.570168833251633,0.28492205536207516,1.1502013750531812
1038,34.599654,0.5882861176466884,0.29777704060293764,1.1619887027850209
1039,34.632987,0.609773816598688,0.2663526764953222,1.1511740612020547
1040,34.66632,0.5873839304672499,0.29950560628788714,1.146321799449989
1041,34.699653,0.5898997988579784,0.30695668421202726,1.1516157326655312
1042,34.732986,0.5990262839242498,0.30242364534613464,1.1502638025449428
1043,34.766318999999996,0.5718121921680188,0.3222595548647931,1.1568833652962147
1044,34.799651999999995,0.5811969519969306,0.29624227855364393,1.161292643428568
1045,34.832985,0.593466270462353,0.28330881255707463,1.155128641887817
1046,34.866318,0.5620731378485457,0.2921977775122687,1.1438716776013478
1047,34.899651,0.5418136915208831,0.3174286369789696,1.1411709213729357
1048,34.932984,0.5293303243868163,0.33539112177686736,1.1421542224074772
1049,34.966317,0.4708102701616731,0.3391256431759684,1.0994680892149649
1050,34.999649999999995,0.3482092761591793,0.3237842472804627,1.0606760688031265
1051,35.032983,0.22086130086549643,0.31371471266157114,1.006426237049896
1052,35.066316,0.1115625646028773,0.34121879801038835,0.9912320819454489
1053,35.099649,0.10812234220152361,0.3163522138355271,0.9751717618817234
1054,35.132982,0.10922251472709772,0.3250652916076455,0.9793861940297067
1055,35.166315,0.10918170017097943,0.32381573972925404,0.9688753467855142
1056,35.199647999999996,0.10919964464237535,0.33467344713884195,0.9633915118102035
1057,35.232980999999995,0.10910301932333855,0.3072388713295471,0.9494076416192827
1058,35.266314,0.1105762321865015,0.3292760165819427,0.9515601623478753
1059,35.299647,0.11128695742737965,0.32637407132434004,0.9580304345081847
1060,35.33298,0.11074787171405753,0.3238937061299827,0.9474002410076479
1061,35.366313,0.11300732097959933,0.32912266141765684,0.9577958188010183
1062,35.399646,0.11189110718079613,0.3213112714073645,0.9482292759587049
1063,35.432978999999996,0.10935685587570615,0.33069749741306115,0.9565688251594133
1064,35.466311999999995,0.10800064004169874,0.3160624588304899,0.9456964459209826
1065,35.499645,0.11159158080977209,0.3312395078236744,0.9415385019528192
1066,35.532978,0.10782790663778956,0.31398094748135486,0.9378150488162754
1067,35.566311,0.10934052632230544,0.32366682136830466,0.9411028905516023
1068,35.599644,0.10791073136451006,0.3192852961458481,0.9445479727658482
1069,35.632977,0.10876181325218383,0.3254423159410883,0.9537249107013914
1070,35.666309999999996,0.10709193312310598,0.3189628023937674,0.949357156171132
1071,35.699642999999995,0.10667598425629053,0.3286125536318345,0.9451819588540875
1072,35.732976,0.10668843963777098,0.3220607497162852,0.9386644972129915
1073,35.766309,0.10876694346199652,0.33354706204017115,0.9464894482417947
1074,35.799642,0.10816688573811344,0.32565906288366675,0.9451375134868125
1075,35.832975,0.10655405828899471,0.33425488915662827,0.952619885359679
1076,35.866308,0.10803859949544024,0.3421270476875021,0.9404670134319204
1077,35.899640999999995,0.10594056740939758,0.32868160369628563,0.94732139675824
1078,35.932974,0.10836480003851069,0.34143012878841295,0.9414534787000786
1079,35.966307,0.10792362514588517,0.3381090774650436,0.9492999812555706
1080,35.99964,0.10837022671191171,0.3250316037091545,0.9535329890219555
1081,36.032973,0.10555557524122613,0.3223394220257911,0.9692761175931196
1082,36.066306,0.10745046999150999,0.3217046192114005,0.9875340837207299
1083,36.099638999999996,0.10862450045647254,0.3198955725603442,0.9871186593261934
1084,36.132971999999995,0.11189082570785346,0.3280929718281701,1.0055560292904104
1085,36.166305,0.20631572986632685,0.3313243133786635,1.0353918899420158
1086,36.199638,0.26653960266028265,0.36574098706822333,1.05903058384898
1087,36.232971,0.29247243470606027,0.33990622640349055,1.0556152425473573
1088,36.266304,0.3786997884681115,0.32672753383300535,1.075949471663871
1089,36.299637,0.4622853240154908,0.316503891768527,1.114969209064481
1090,36.332969999999996,0.5423524061995613,0.30646133552767896,1.1333260030923178
1091,36.366302999999995,0.5923042773943418,0.3259439156903424,1.1332977345208568
1092,36.399636,0.6330289222258968,0.323934311227859,1.1496268449087423
1093,36.432969,0.6419661807364467,0.27935318229469014,1.143086513204291
1094,36.466302,0.6557918700030086,0.26242485867961224,1.1723972384411625
1095,36.499635,0.6752768576807833,0.2503318348917872,1.1497445349436834
1096,36.532968,0.6666169168588791,0.24335890054595255,1.1396023853877006
1097,36.566300999999996,0.6598915539216585,0.2584100095951336,1.1421736174678865
1098,36.599633999999995,0.6401249964398118,0.25636379472281795,1.1481484439677552
1099,36.632967,0.6462032336591235,0.2284815379906418,1.1325876393013472
1100,36.6663,0.6518589016999408,0.21779207826623243,1.1335752901044134
1101,36.699633,0.6715867171734665,0.18533340546164215,1.130177510793414
1102,36.732966,0.666552055217975,0.15304666842138132,1.1188211072756127
1103,36.766299,0.6623693081818193,0.1744078656683276,1.1102496658393022
1104,36.799631999999995,0.6773566638997259,0.1535667225317873,1.103438647951828
1105,36.832965,0.6719861974065029,0.17504518370829292,1.0945908928683694
1106,36.866298,0.6510547688742291,0.1905188898822434,1.0846215100517227
1107,36.899631,0.6531121510186725,0.1868956547219745,1.071346364420116
1108,36.932964,0.6508884353884694,0.1883605665713208,1.0751770643540617
1109,36.966297,0.6439539127734952,0.1911483061858934,1.0723919402518696
1110,36.999629999999996,0.6129490729903073,0.17448852032604317,1.0596451949199963
1111,37.032962999999995,0.6121296769405764,0.1785361923879622,1.0575980168532653
1112,37.066296,0.6312996642421471,0.19585794474335289,1.0579006478903445
1113,37.099629,0.644700404669895,0.19278114341392366,1.0578340367541699
1114,37.132962,0.6489686000750047,0.1998606608323692,1.060948419082066
1115,37.166295,0.6278436369761036,0.19695607015048483,1.0578553665196953
1116,37.199628,0.6198390233605845,0.1907346640379509,1.0556246508767275
1117,37.232960999999996,0.6015898297079075,0.19501076522838,1.0482225778867102
1118,37.266293999999995,0.5962887719056823,0.19308561975321156,1.066622465545811
1119,37.299627,0.5961299160703957,0.1931911985919043,1.0487167290054211
1120,37.33296,0.625188205913043,0.18506892985994455,1.0674814345197978
1121,37.366293,0.6273888830962566,0.19811185544711513,1.0593531390222781
1122,37.399626,0.6329024656193846,0.19536850274547962,1.0498437512748604
1123,37.432959,0.6008094292109745,0.18554177237867162,1.055312151471023
1124,37.466291999999996,0.6119342230948145,0.18467331364783174,1.055227363635142
1125,37.499624999999995,0.6266073997299333,0.1911342805675861,1.059006587368254
1126,37.532958,0.6430149374174239,0.18928423925605137,1.0589805176368594
1127,37.566291,0.5845557190739339,0.18909149847865026,1.04789161509051
1128,37.599624,0.618780056120448,0.1899510260384856,1.0437863720709384
1129,37.632957,0.5945002611266013,0.1898599692518638,1.0481134126060447
1130,37.66629,0.6153442499107784,0.18318708364169817,1.042278357386765
1131,37.699622999999995,0.6122370732868032,0.17774708746921902,1.0429595778814549
1132,37.732956,0.6207635387837657,0.18645725955658904,1.0629125937369237
1133,37.766289,0.620128335738094,0.17277870082484045,1.0497624577294316
1134,37.799622,0.6245353314546727,0.18900789049340858,1.0479981885849925
1135,37.832955,0.5987145439522243,0.18817811490166664,1.0483599314977756
1136,37.866288,0.5879457370295695,0.1978932149293468,1.0500287657561003
1137,37.899620999999996,0.6099790139786628,0.19287342239865882,1.048333447343659
1138,37.932953999999995,0.6042555047082545,0.19677261911508848,1.0519185590809845
1139,37.966287,0.5997606884498978,0.20127583159320478,1.0475253112591003
1140,37.99962,0.5922817692790203,0.19049219250807936,1.0396020113505677
1141,38.032953,0.6060399191619502,0.19444363937219894,1.0358683592687687
1142,38.066286,0.6035734107114534,0.19743857010411778,1.0302862019568908
1143,38.099619,0.5984393426694111,0.19144936150454073,1.0313395214569334
1144,38.132951999999996,0.5894290709887984,0.20512943697179742,1.0222294688199687
1145,38.166284999999995,0.5852452293313345,0.2187233483597607,1.0346680788740916
1146,38.199618,0.5930280532415498,0.21749158507262306,1.0051306139377525
1147,38.232951,0.6108419673197011,0.20501042225496596,1.012146038646966
1148,38.266284,0.6062450533289584,0.21435671947442717,1.0126875153966328
1149,38.299617,0.6097851051478198,0.2335338530740777,1.0303834953056477
1150,38.33295,0.5934244991143074,0.22533893120048903,1.0407077053214262
1151,38.366282999999996,0.6446428382376712,0.22345620615801148,1.0694860980955725
1152,38.399615999999995,0.6234377900210073,0.21634979422669862,1.0764483609399338
1153,38.432949,0.6152815441126961,0.23086303970591326,1.0865533758447687
1154,38.466282,0.6074244775988495,0.24382905058236326,1.1097098254343456
1155,38.499615,0.5507599874523715,0.24453981639618166,1.1015989888627882
1156,38.532948,0.46555335798930797,0.24122423725622244,1.1220487921826676
1157,38.566281,0.4580687628068699,0.2588980570288817,1.0595819829347393
1158,38.599613999999995,0.39832616091774325,0.27152641880525985,1.025603554344039
1159,38.632947,0.3157662425012141,0.27227364150712874,0.9965087026587461
1160,38.66628,0.2615290531100981,0.2671725051169825,0.977025787738665
1161,38.699613,0.22753819200505748,0.28840270641618326,0.9613120761331658
1162,38.732946,0.1887754644895568,0.2802005118625728,0.9682081927240533
1163,38.766279,0.10133299697561929,0.2901227907194001,0.9399904532885162
1164,38.799611999999996,0.09758353958606537,0.2889216650935178,0.9399007710186138
1165,38.832944999999995,0.10168197114477422,0.3009256145468279,0.9410306544619794
1166,38.866278,0.10138863365333277,0.2947299509338239,0.9576795447667125
1167,38.899611,0.10384705227200944,0.2984849141125237,0.9615720050039938
1168,38.932944,0.10268435703224751,0.28075830606797325,0.9701029363704493
1169,38.966277,0.10267113231718733,0.267043577470106,0.9712112835791417
1170,38.99961,0.10441384196693206,0.258243492236927,0.9686677247578379
1171,39.032942999999996,0.102205628562313,0.25736704386972614,0.9720917610126965
1172,39.066275999999995,0.10265486974255339,0.2615793554725756,0.970174016815452
1173,39.099609,0.09766310146555522,0.29359114561883115,0.9719055730911473
1174,39.132942,0.0963856579173834,0.26950724449947955,0.9702106106772013
1175,39.166275,0.09670928699434306,0.26544246050049025,0.9653459430310467
1176,39.199608,0.09959271521294095,0.25018903734127446,0.9693774132788663
1177,39.232941,0.10063358566632838,0.25522532439690737,0.9629481256179889
1178,39.266273999999996,0.09704344666763137,0.2498914617671389,0.9561179933820374
1179,39.299606999999995,0.09855789370390754,0.25612506230582166,0.9425760601874472
1180,39.33294,0.09964138056249622,0.2570719468722377,0.933831548349094
1181,39.366273,0.10199026145737856,0.2794772121982426,0.9281575157015225
1182,39.399606,0.10013470271702929,0.2814325662421393,0.9289167675176419
1183,39.432939,0.10246232352283409,0.27680436243370166,0.927933666441227
1184,39.466272,0.10535508509715424,0.28371674973573263,0.9197872694399084
1185,39.499604999999995,0.10513728548557849,0.27427638098308055,0.9355966507686932
1186,39.532938,0.10546738914463197,0.26666952632442037,0.9337924987736906
1187,39.566271,0.103341216887458,0.2950520859743295,0.9283896503606127
1188,39.599604,0.09989036029310983,0.29295045541356546,0.9344444155973646
1189,39.632937,0.09865945566543458,0.30082849771302156,0.9283341850560916
1190,39.66627,0.09977889823600043,0.3057133317111136,0.9502864307412964
1191,39.699602999999996,0.10349339402538668,0.2889669583640875,0.9428584742529352
1192,39.732935999999995,0.10253604278563606,0.3055422045469398,0.9416320664248243
1193,39.766269,0.10210024546183731,0.29289002967696953,0.9415972320501906
1194,39.799602,0.10171473747711035,0.3014082070131047,0.9468369300990107
1195,39.832935,0.10336080891825952,0.2991977314491667,0.9335766891526238
1196,39.866268,0.10250949804658026,0.3079240536201245,0.9282062279433319
1197,39.899601,0.10280208157369573,0.30145923707652866,0.9474441597104437
1198,39.932933999999996,0.10179618337444045,0.2925005831514781,0.9382443614339713
1199,39.966266999999995,0.10194531422177867,0.30052785654614744,0.9272566345148832
1200,39.9996,0.10256868566005473,0.3063544842314408,0.9310979612622392
1201,40.032933,0.10204677998806781,0.3122520232947986,0.9279919931839931
1202,40.066266,0.10206825362560837,0.30891177733539005,0.925131602840563
1203,40.099599,0.10034299678942994,0.307579251909064,0.9223003719669027
1204,40.132932,0.10063702484784041,0.3044994430062303,0.9118026372788578
1205,40.166264999999996,0.0995979729725475,0.2999302304985703,0.912315081877619
1206,40.199597999999995,0.10055440675364047,0.2952329665790771,0.9091763833175144
1207,40.232931,0.10090570434156927,0.2965019599331555,0.9072975526264675
1208,40.266264,0.10027562931063916,0.2972612280504986,0.9123633477088958
1209,40.299597,0.10064819110474076,0.29351594738278974,0.9098652747963754
1210,40.33293,0.10190096153398935,0.2927756844578732,0.9074188210018528
1211,40.366263,0.10103804826075174,0.2976401143429272,0.9014152001234512
1212,40.399595999999995,0.10105950513466198,0.31346798419657473,0.901012777100851
1213,40.432929,0.10031546781694492,0.30679482454909796,0.8903808334370414
1214,40.466262,0.09933187242802065,0.3057015309149633,0.8984456133675774
1215,40.499595,0.098195089683273,0.30844769687251583,0.8850429663638051
1216,40.532928,0.10244500649882868,0.2930312847530114,0.8656912897481762
1217,40.566261,0.09957161073616792,0.2952509176977606,0.8487894711074694
1218,40.599593999999996,0.09716908852844679,0.2926375680142531,0.8046242321735649
1219,40.632926999999995,0.09822507048625455,0.31178615309533175,0.8000214557210623
1220,40.66626,0.08875940037042729,0.311356049926655,0.7750385917055018
1221,40.699593,0.0943490709698271,0.30523516582461846,0.7368724121259229
1222,40.732926,0.07036562997286755,0.3017004617805276,0.7410374794977147
1223,40.766259,0.07189978634579675,0.30789712422093674,0.7446462626577509
1224,40.799592,0.08389823430067216,0.3122630547883429,0.7746487720043814
1225,40.832924999999996,0.08254060195217752,0.3048351656297198,0.7797028989716535
1226,40.866257999999995,0.0868857695798912,0.3022037026730055,0.7965825582075964
1227,40.899591,0.08652931716607047,0.31247247573424053,0.8197213428516259
1228,40.932924,0.0888780271837423,0.3163182618026958,0.8188820276267588
1229,40.966257,0.09803286631803017,0.31639042466466294,0.8300881026237525
1230,40.99959,0.09490829877636958,0.3184139831442576,0.8340645833395917
1231,41.032923,0.08983797911591283,0.3079008101298048,0.836833459401938
1232,41.066255999999996,0.09228091433353545,0.301528956474283,0.8383729722004016
1233,41.099588999999995,0.09548187002246411,0.30331247362977243,0.842940377688956
1234,41.132922,0.09183234532258945,0.3098316894809936,0.8446703733318545
1235,41.166255,0.08673745266126386,0.32173334361409184,0.842004027058293
1236,41.199588,0.09052687865979427,0.310552150254791,0.8202222680193525
1237,41.232921,0.10778035472364968,0.3152052626372768,0.8869035365011942
1238,41.266253999999996,0.11932494266822746,0.345788722302955,0.923814026814355
1239,41.299586999999995,0.11291381607847013,0.35145228695947095,0.937290708938717
1240,41.33292,0.11447729089570795,0.35372218676667444,0.934537353856917
1241,41.366253,0.10307859676115869,0.3378165920849154,0.8848257265191571
1242,41.399586,0.10596006794504745,0.33692238635968835,0.878661249169684
1243,41.432919,0.10221114651237323,0.3280337365912974,0.8444718654980617
1244,41.466252,0.09967593626481051,0.3224291757482942,0.8788485045150544
1245,41.499584999999996,0.10062968039996877,0.34188331340796363,0.8553130322637138
1246,41.532917999999995,0.0992065569607096,0.34079060392691596,0.8592293279436066
1247,41.566251,0.10026565075641632,0.3359021304494464,0.8559446264232459
1248,41.599584,0.09986597641873293,0.326833777716228,0.8510955810781586
1249,41.632917,0.09932985871344965,0.33015425131661846,0.8514801914784176
1250,41.66625,0.10184311429839653,0.33637334901766225,0.8615256181938452
1251,41.699583,0.10171435131987068,0.33577620375633954,0.8535627095664482
1252,41.732915999999996,0.10290867143667416,0.3222874439854286,0.8516816774925109
1253,41.766248999999995,0.09990010797297225,0.3358300818697225,0.8602391297353368
1254,41.799582,0.09973696986198237,0.32354534978340166,0.8549015735014494
1255,41.832915,0.10060393582247576,0.28819721794129655,0.8516300653319917
1256,41.866248,0.1007457292345254,0.0828315112262982,0.8567250046061942
1257,41.899581,0.10092802375724849,0.0965396764161082,0.87225687908422
1258,41.932914,0.10103122197291504,0.17165779593489014,0.8634950583353618
1259,41.966246999999996,0.10106350784645614,0.20091635023501758,0.8545985618695928
1260,41.999579999999995,0.09881429181624889,0.2121867707931596,0.8530580170154554
1261,42.032913,0.09925032559248423,0.21808907702473526,0.8468364726993038
1262,42.066246,0.09757984527517509,0.22702808735204122,0.8443873460251403
1263,42.099579,0.09965040866782107,0.23500893786999466,0.8456327512637495
1264,42.132912,0.09747970645184603,0.23597027771125337,0.8448656522226737
1265,42.166244999999996,0.0991421040389772,0.24306056880506616,0.8436253156775647
1266,42.199577999999995,0.09766190762330526,0.2439850236569999,0.8438625384149042
1267,42.232910999999994,0.09811876409583359,0.24846420337008052,0.8425919343646803
1268,42.266244,0.09720694644262422,0.2612654123132304,0.8306699767003659
1269,42.299577,0.09694950793981524,0.2609298280072275,0.8382286275303674
1270,42.33291,0.09858924454561814,0.2508395982117365,0.8357272638182651
1271,42.366243,0.0996214656091165,0.11753422240363523,0.8482599139292218
1272,42.399575999999996,0.10219899942752077,0.08925091737794567,0.8433295493718275
1273,42.432908999999995,0.0986114201402311,0.21920633632075578,0.8363060428339877
1274,42.466242,0.10001078771068499,0.2605948746428499,0.8238331571788529
1275,42.499575,0.09779013419920239,0.2956474554643487,0.820838504964286
1276,42.532908,0.09704527763886774,0.30579756873749925,0.8024767937625927
1277,42.566241,0.09652804413549598,0.29486060752472576,0.7958815713599018
1278,42.599574,0.09752283573711905,0.27299349841520437,0.8002500015689309
1279,42.632906999999996,0.09464358129251961,0.28814003626309953,0.7852441805512511
1280,42.666239999999995,0.0928641165111837,0.3012095227074628,0.776877927745291
1281,42.699573,0.09028937011903329,0.27718402251407426,0.7412150261442005
1282,42.732906,0.08069545837292617,0.26969270431810954,0.7139842644300437
1283,42.766239,0.07767546579102211,0.2729293861133928,0.6882178794011795
1284,42.799572,0.0756886266914243,0.2844027685015029,0.6598677091994893
1285,42.832905,0.07242314612061974,0.30283307531796855,0.6383074448116696
1286,42.866237999999996,0.06919414976544772,0.3083753094443036,0.6331375309130515
1287,42.899570999999995,0.06981345432062563,0.3058014277955052,0.6208261724823879
1288,42.932904,0.06680749028260237,0.30766504312821624,0.6153980370239152
1289,42.966237,0.06411594837618556,0.3102798322638163,0.6115849069490639
1290,42.99957,0.0638802501318068,0.3223417603389054,0.6055654498796793
1291,43.032903,0.06276890030301358,0.3284292191504522,0.6092277673250719
1292,43.066235999999996,0.06112789157616317,0.32991123717827453,0.6095943297576127
1293,43.099568999999995,0.0628006055907011,0.3360500162873027,0.6121292952551771
1294,43.132901999999994,0.06426310179240181,0.33822753869143685,0.6177027778053789
1295,43.166235,0.06167631421793448,0.34314584218313426,0.6170160176578958
1296,43.199568,0.0626240554562845,0.3414638412080109,0.6167547148901713
1297,43.232901,0.06283981844906884,0.338795035823804,0.6167332908176171
1298,43.266234,0.06402028629327118,0.3379717342222608,0.6091459827848206
1299,43.299566999999996,0.0633631872167144,0.3328209465352137,0.6149124232660566
1300,43.332899999999995,0.06405389147022846,0.32923602184074224,0.6122876374115784
1301,43.366233,0.06337478939918201,0.3355371398686209,0.609773357149308
1302,43.399566,0.06438363830542622,0.3356828605321573,0.6177248436096636
1303,43.432899,0.06439688255540747,0.32818226802968353,0.620771526715198
1304,43.466232,0.06321862460568682,0.3219972529637295,0.6200953506364031
1305,43.499565,0.06370163881436389,0.32828447462801147,0.6183962394321697
1306,43.532897999999996,0.06337343601360312,0.33323905665029685,0.6189659230910817
1307,43.566230999999995,0.06351047919184427,0.3308642712418201,0.614383209896478
1308,43.599564,0.06353517785391229,0.32441150004284697,0.6109643927787475
1309,43.632897,0.06310363684214292,0.3311714146717359,0.6132678124884441
1310,43.66623,0.06399808759543113,0.33080527553821065,0.6103187149931544
1311,43.699563,0.06270676766360597,0.32659341712973466,0.607702166023652
1312,43.732896,0.06345621327430394,0.32468125582728846,0.6102831815885547
1313,43.766228999999996,0.06311149517357248,0.3256075103703183,0.6062003448062597
1314,43.799561999999995,0.06362794519077195,0.33349908430104735,0.6045291428390784
1315,43.832895,0.0635011333447734,0.33309450588508754,0.6110374241455856
1316,43.866228,0.06439161874629065,0.32870118163384376,0.6007949031844474
1317,43.899561,0.06308490543683383,0.3306355253224351,0.6057070992737082
1318,43.932894,0.06425671621648073,0.33107895419601907,0.5983299434336197
1319,43.966226999999996,0.0627471773478761,0.3481874453068844,0.6000366664520164
1320,43.999559999999995,0.0645615227142746,0.35440759530894506,0.6005617941364527
1321,44.032892999999994,0.06213845675189062,0.38325551303909805,0.6269050503013747
1322,44.066226,0.06273220857041258,0.379455296319578,0.6468343259005153
1323,44.099559,0.06445065219554215,0.3795395896205598,0.6892819908585552
1324,44.132892,0.06491201125106788,0.3912733067037786,0.7322469484774862
1325,44.166225,0.0664459923914699,0.38610566202323854,0.7705358451668497
1326,44.199557999999996,0.06444445155392743,0.37589063906669706,0.7979084946160092
1327,44.232890999999995,0.06282675431562462,0.3675378999130403,0.8409989997603561
1328,44.266224,0.06418908895370655,0.33978990968581446,0.8820356116375399
1329,44.299557,0.07052049188427485,0.32890463312687024,0.9207552392196288
1330,44.33289,0.06954508278647265,0.3164584437672399,0.9318550841315183
1331,44.366223,0.0699006872732308,0.2941324300818797,0.9504186042463296
1332,44.399556,0.07443414502777194,0.27557721187586937,0.9441427788048277
1333,44.432888999999996,0.07312279414463702,0.2755327111330871,0.9487135588077505
1334,44.466221999999995,0.07295411249318601,0.28846208417329644,0.9436583609394453
1335,44.499555,0.07208662416243028,0.29769301882767074,0.9279258575393379
1336,44.532888,0.07168244955115112,0.29924740911980363,0.9365495653638601
1337,44.566221,0.07081888656046534,0.29425254067801215,0.9423872336113646
1338,44.599554,0.07004698242191483,0.29331232101476234,0.9423440307282093
1339,44.632887,0.07136324998147646,0.29184163027776155,0.9527402912259193
1340,44.666219999999996,0.07313471792931756,0.2901228635784153,0.9346683524779394
1341,44.699552999999995,0.07349956059943187,0.2832725858347598,0.9476156274203752
1342,44.732886,0.07348759944820556,0.28548838056765935,0.9474859000375102
1343,44.766219,0.07370707650894376,0.285150008876275,0.9379376041700841
1344,44.799552,0.07483284421108903,0.28957021631862884,0.9324018294321215
1345,44.832885,0.07550218726884537,0.2834323401082762,0.9277789328724433
1346,44.866217999999996,0.07346705664272,0.2678939335169716,0.9369181569163637
1347,44.899550999999995,0.07344093782398374,0.2558571374587633,0.9360213710787102
1348,44.932883999999994,0.07519605309282507,0.2736490688861545,0.9400623266603492
1349,44.966217,0.07333309872517142,0.2724478647095448,0.9290442756414383
1350,44.99955,0.07407841679817045,0.27404700872951543,0.93468036763742
1351,45.032883,0.07704035489133958,0.2714331954262189,0.9410087895307742
1352,45.066216,0.07457269463802167,0.2742318900494822,0.9363502853230662
1353,45.099548999999996,0.07438327028886807,0.2679100860309462,0.9310766944326475
1354,45.132881999999995,0.07366705853035761,0.26585957611096445,0.9305468963617316
1355,45.166215,0.07275584823171526,0.2683432508232757,0.933390256686529
1356,45.199548,0.07308978149374028,0.2705460647864179,0.926226575008198
1357,45.232881,0.07532464967810686,0.25967432527035317,0.930361685064008
1358,45.266214,0.0766288142498118,0.264535656948145,0.9338780839035544
1359,45.299547,0.07382930453545336,0.27029401092093874,0.9271725652385641
1360,45.332879999999996,0.07500038815653161,0.25963120418954305,0.9308848312126936
1361,45.366212999999995,0.07579278390641597,0.2495918877301519,0.940095183752753
1362,45.399546,0.07930305632265407,0.22264475164257103,0.9404915914352131
1363,45.432879,0.07905703037590078,0.2137274453554292,0.929802136752089
1364,45.466212,0.0799267118359684,0.2179701078092583,0.9290325610823615
1365,45.499545,0.0774226969735376,0.2096686073236197,0.9314428412705656
1366,45.532878,0.07777784140022621,0.20614943238645117,0.9232632179598506
1367,45.566210999999996,0.07757166747889051,0.20061739412277751,0.9201403992178672
1368,45.599543999999995,0.07516164442673344,0.19569622903991896,0.9123357119269124
1369,45.632877,0.07369397581932065,0.19878362889625567,0.9036201318767956
1370,45.66621,0.07434628567284997,0.19483241207637192,0.9009165262580922
1371,45.699543,0.07608554417489435,0.19357602584332112,0.8953280144043586
1372,45.732876,0.07621777647562628,0.20836733518422396,0.8787826811755224
1373,45.766208999999996,0.07583176547012697,0.17894746185902044,0.8841937923157442
1374,45.799541999999995,0.07895626237079975,0.06839980493686171,0.8979889718390314
1375,45.832874999999994,0.07685261670308459,0.0709517976051629,0.9257806812123587
1376,45.866208,0.08103587502267638,0.16672217310335963,0.9276646462157888
1377,45.899541,0.08159903845367195,0.20169732028492757,0.9115055576180424
1378,45.932874,0.0847325523475251,0.23128698815589147,0.919666915392305
1379,45.966207,0.08484645924950124,0.24901178507542387,0.9212167508670359
1380,45.999539999999996,0.09083798515747257,0.24663770340638244,0.9400411650439595
1381,46.032872999999995,0.09528797866397429,0.2544637101489807,0.9415416451885854
1382,46.066206,0.09679934407533654,0.26637560802076504,0.95366873799909
1383,46.099539,0.10052046681208449,0.2769750089140979,0.9619396450590205
1384,46.132872,0.1019624197491449,0.2783249782837556,0.9740598973524779
1385,46.166205,0.10309535957180863,0.2728465360020738,0.9941243508569827
1386,46.199538,0.1027853070628069,0.28320455058972155,1.0051977930825489
1387,46.232870999999996,0.10661014076795072,0.26224720177633903,1.0280641405487396
1388,46.266203999999995,0.1085523413075493,0.17375986819567424,1.0478108448820678
1389,46.299537,0.11323894108217773,0.10918321413157006,1.058803545688044
1390,46.33287,0.12176523858232845,0.14824739284143568,1.1041059193848215
1391,46.366203,0.12471376217446678,0.2072775423005086,1.1390514510668717
1392,46.399536,0.12287523140378867,0.19935249363174615,1.258710184810004
1393,46.432869,0.12601251932645607,0.2774141775092935,1.2950080841513076
1394,46.466201999999996,0.1212071245958197,0.32315109403378683,1.2491588998675072
1395,46.499534999999995,0.1309620570829599,0.3205539186700477,1.268533322350607
1396,46.532868,0.13208068366027254,0.33150320688807855,1.3419252728473272
1397,46.566201,0.12362351608010394,0.32418826608309703,1.3553993687589254
1398,46.599534,0.14035608254769885,0.33769861640214305,1.3687622143645604
1399,46.632867,0.13083654880370213,0.2829761496616727,1.4339150825904747
1400,46.666199999999996,0.13348168474692118,0.2911734142358455,1.5132185082182923
1401,46.699532999999995,0.13461625404868935,0.3939335576089963,1.5252793180342241
1402,46.732865999999994,0.12327199654045777,0.35710347519444646,1.4992931109089036
1403,46.766199,0.12001742577859972,0.4190571015793554,1.48109933547649
1404,46.799532,0.1306963549227334,0.5048762244482484,1.4641057020794472
1405,46.832865,0.134343338255961,0.42723292284688796,1.4934888201129126
1406,46.866198,0.12408694391288587,0.3505252195741041,1.4602547695762957
1407,46.899530999999996,0.12095168093622555,0.344555001380015,1.384860831848918
1408,46.932863999999995,0.13440451514499482,0.36219954015176303,1.3816857839779122
1409,46.966197,0.15278146015899122,0.4880278365243055,1.4796377081660068
1410,46.99953,0.15918747120324292,0.6028663011355254,1.5080280371027222
1411,47.032863,0.1536564339515434,0.6044851295933765,1.549981096405794
1412,47.066196,0.14669582695887406,0.6398281900088398,1.5870995738677107
1413,47.099529,0.14105574932558973,0.6341162495194625,1.6186410117691818
1414,47.132861999999996,0.1434724873449832,0.7034125843921222,1.6915181200176006
1415,47.166194999999995,0.13707694166948817,0.6725967274157184,1.6431158227895892
1416,47.199528,0.14343337426342678,0.5810366040190476,1.6078299689346445
1417,47.232861,0.1411809888091444,0.7075491954090374,1.684285431204236
1418,47.266194,0.13659335970463102,0.6876220532851083,1.731140445645329
1419,47.299527,0.1403116498330628,0.6276348280942541,1.7037014688470946
1420,47.33286,0.14513497134720277,0.7753739217396878,1.7586650527800916
1421,47.366192999999996,0.1408239205623288,0.7705713403920231,1.7808487865767657
1422,47.399525999999994,0.1322276006632982,0.755859356680882,1.7714689980600102
1423,47.432859,0.14013427066669873,0.8482392425143365,1.7987831545912722
1424,47.466192,0.14310691336071005,0.7076028593809337,1.7727341985603187
1425,47.499525,0.14590261199746116,0.6595924222835162,1.7459863422763544
1426,47.532858,0.14262477864226575,0.6407839699353192,1.711040404394488
1427,47.566190999999996,0.14803546023422498,0.7937247291722254,1.7562516689628036
1428,47.599523999999995,0.14086904688861718,0.8149744497467982,1.756158798725614
1429,47.632856999999994,0.14945116529551086,0.7110617825313142,1.7222253097452767
1430,47.66619,0.14822387748564764,0.6716152469775806,1.6383388361017845
1431,47.699523,0.14125175417824998,0.5762179528705965,1.6308082774415897
1432,47.732856,0.14294280268740162,0.5636095441323058,1.6228876711416225
1433,47.766189,0.1453055278697596,0.5205095530279893,1.5102734916509963
1434,47.799521999999996,0.15850144928890042,0.5934093462584368,1.5006784732415406
1435,47.832854999999995,0.14655706266328913,0.480407141361882,1.40595007660697
1436,47.866188,0.13031840353140153,0.4219080723263279,1.2946647956645814
1437,47.899521,0.13072151650117872,0.4019130033545236,1.3193604565305257
1438,47.932854,0.13212014057266724,0.3670198342024051,1.2575115370562828
1439,47.966187,0.12386039550083702,0.2991763258446368,1.2484461022878977
1440,47.99952,0.12987809322065705,0.31291824476665064,1.1585513688682518
1441,48.032852999999996,0.13885216032201422,0.34861759906432904,1.2031152246301442
1442,48.066185999999995,0.11753179714913992,0.29509125750326226,1.1725809329643724
1443,48.099519,0.13431564278859104,0.2483300278714001,1.1135596198683335
1444,48.132852,0.12301347898599334,0.2717547020701492,1.053707295786537
1445,48.166185,0.12510669431687446,0.28279991150680694,0.9714863358720061
1446,48.199518,0.1172104093766213,0.1955438716285563,0.9428770829924483
1447,48.232851,0.11099798271989215,0.18762308167583847,0.9367411098143101
1448,48.266183999999996,0.10333189266275257,0.1625691758793545,0.8869166179568414
1449,48.299516999999994,0.09254419128748989,0.22852112018644127,0.8595618862332749
1450,48.33285,0.08405550926099219,0.24114195772164665,0.8290604614783031
1451,48.366183,0.07619356825738255,0.2739355550063909,0.8078463349595792
1452,48.399516,0.07067912894667681,0.2953553237425438,0.818572443921294
1453,48.432849,0.06972929338010676,0.2867876009361281,0.7840324448782896
1454,48.466181999999996,0.06653170096434653,0.29570939836430465,0.7709946973736833
1455,48.499514999999995,0.06241268973384034,0.29495770411061983,0.7724314641424471
1456,48.532847999999994,0.06260259104937232,0.3191269481911935,0.775384088198841
1457,48.566181,0.06200602879501724,0.3225321466114145,0.7885822232010568
1458,48.599514,0.05997728562980391,0.32540082131056924,0.7996632404439454
1459,48.632847,0.05784818379331945,0.354438490040199,0.7988115599906354
1460,48.66618,0.055493956394854355,0.350405076885075,0.8140701622282493
1461,48.699512999999996,0.05306444142333707,0.36321188334456855,0.814228501164424
1462,48.732845999999995,0.05309836652846125,0.3658952133761193,0.8153811100666106
1463,48.766179,0.054087975559033906,0.37899436684948906,0.8116701909163696
1464,48.799512,0.05114911422037535,0.3927882163445976,0.8068200490356814
1465,48.832845,0.05123434202305397,0.3926552045348174,0.8182989303746616
1466,48.866178,0.049816236592015686,0.39683875191180573,0.8221300026946436
1467,48.899511,0.05202918484619128,0.3975377522810575,0.8073126203270065
1468,48.932843999999996,0.052344922998707834,0.3952088499348201,0.7869432634701083
1469,48.966176999999995,0.05003349071554838,0.39469643537406723,0.7755518160861992
1470,48.99951,0.04864487246992252,0.38100388704885685,0.7695326284206518
1471,49.032843,0.04591000835639868,0.3655069693417534,0.7807205271148788
1472,49.066176,0.04826131156931542,0.3795240824375165,0.7955821066468707
1473,49.099509,0.04556263350860526,0.3725219430231379,0.8172997427741152
1474,49.132842,0.04416574199021043,0.38342470816713825,0.8093329291032342
1475,49.166174999999996,0.0462100792462509,0.3907259161411402,0.8161170056701458
1476,49.199507999999994,0.04710588613945439,0.3868214024119641,0.8137849690543855
1477,49.232841,0.04768593783904729,0.38049928046961284,0.8122937119318309
1478,49.266174,0.04862236689247305,0.37924965770616836,0.8137432397258717
1479,49.299507,0.048537710660183496,0.3878802811017078,0.811973787164239
1480,49.33284,0.04667938766832445,0.38535496974971917,0.8146649394982013
1481,49.366172999999996,0.04502126666050073,0.38712872445511454,0.8174926758840341
1482,49.399505999999995,0.04613145285310956,0.3835986282740961,0.8207835953210708
1483,49.432838999999994,0.04493651130431068,0.3879985806188162,0.8211082946717689
1484,49.466172,0.04477253450750345,0.380642206633011,0.8183424849057791
1485,49.499505,0.044133350957043786,0.40493912390360287,0.8256017380368247
1486,49.532838,0.04672077890831543,0.4020156128230867,0.8337355025323504
1487,49.566171,0.044709494933508794,0.42456528868627547,0.8582027206083084
1488,49.599503999999996,0.04263403672962793,0.42158731702025154,0.8758619177731004
1489,49.632836999999995,0.04199688824734545,0.4324547357770569,0.8920090937854314
1490,49.666169999999994,0.04257000589103954,0.42108324276036,0.9253273777155654
1491,49.699503,0.03875481776946692,0.4067700779138165,0.9495305171088556
1492,49.732836,0.04163455604841503,0.27122334831710965,0.9845574303365012
1493,49.766169,0.04129100017240212,0.22814460551749755,0.9833736755422668
1494,49.799502,0.12320255484907751,0.2853102456947287,0.9702307732837807
1495,49.832834999999996,0.14543659237123038,0.3228057575234969,0.9837022002429089
1496,49.866167999999995,0.1448358632411616,0.3334163828861002,0.9960016419631863
1497,49.899501,0.16936612079829969,0.3295794412861829,1.0000892206635505
1498,49.932834,0.1634800637213144,0.31223558769025594,1.0050054999099731
1499,49.966167,0.146203760871023,0.3087161836166886,1.0073368869151151
1500,49.9995,0.1281392153389416,0.2839065520922267,1.0252842996784077
1501,50.032833,0.11833809113958127,0.2829601505050273,1.0192102602068591
1502,50.066165999999996,0.1106397407163548,0.2735811812802077,1.0172643780526343
1503,50.099498999999994,0.12164738902274028,0.2703320856254783,1.0096404812433892
1504,50.132832,0.09568953572153821,0.25675468854558875,0.9937867156154668
1505,50.166165,0.09405702762020096,0.2716337948368032,0.9870718198513757
1506,50.199498,0.10298461731586157,0.2606281130341382,0.9878999137248624
1507,50.232831,0.1113928820292326,0.25965561692986555,1.0032648955060777
1508,50.266163999999996,0.11999706685805321,0.259372264079706,0.9996594131666455
1509,50.299496999999995,0.11269170667653515,0.2660056012916754,0.9870471804403507
1510,50.332829999999994,0.10370574649896548,0.26250663322144074,0.9877145650651068
1511,50.366163,0.11470474111328423,0.26021784888663774,0.9896523882769017
1512,50.399496,0.11970087973149957,0.2560210362515312,0.9778604332258783
1513,50.432829,0.11926257770253063,0.25736834424553723,0.9806628125700588
1514,50.466162,0.11730368042397925,0.25269736746087224,0.9653497335840007
1515,50.499494999999996,0.1210669610662227,0.26981201928966114,0.9662877529167431
1516,50.532827999999995,0.12084450306317918,0.25731232178197283,0.9630177654306779
1517,50.566160999999994,0.10931277811147497,0.2588907183994665,0.9690504808406675
1518,50.599494,0.10688588312132291,0.26422507858181976,0.9610839943494938
1519,50.632827,0.10983758151765348,0.26579617373615366,0.9614434543324001
1520,50.66616,0.10244470102132218,0.26520788099727893,0.9591943277408814
1521,50.699493,0.10828601458813775,0.2620244739009355,0.9594325344604961
1522,50.732825999999996,0.0957925285766274,0.2546874299372939,0.9621914265421906
1523,50.766158999999995,0.1087321448466636,0.26162072246618806,0.9598029313211036
1524,50.799492,0.11664653215108918,0.26218484803035114,0.9600318148180716
1525,50.832825,0.1111694991774419,0.2720769185662852,0.951332146017198
1526,50.866158,0.10449742037107408,0.2685186623613646,0.9448583615261293
1527,50.899491,0.10676180113051849,0.2704538100892099,0.9325890165898206
1528,50.932824,0.10715894163255198,0.2695913994045297,0.9294805189802041
1529,50.966156999999995,0.09864113324136083,0.2630134582852237,0.9210231426881594
1530,50.999489999999994,0.07798963596162461,0.27038510732777266,0.9093480765070071
1531,51.032823,0.09947540195810316,0.26603638210092245,0.9103096822823773
1532,51.066156,0.12986489687612024,0.26475149628907146,0.9073214385579084
1533,51.099489,0.12547223150849401,0.26750768591217755,0.8993236798158317
1534,51.132822,0.1133956888321485,0.27886749987052967,0.9028039844330106
1535,51.166154999999996,0.10431469400715675,0.2852878439483281,0.897735203089773
1536,51.199487999999995,0.060451423668719945,0.2853403372239823,0.8870503679778969
1537,51.232820999999994,0.05935835240285512,0.28256182132969254,0.8820657585241316
1538,51.266154,0.062158241716915495,0.29000473366209234,0.8840216249447523
1539,51.299487,0.06179308878069647,0.2904974346846062,0.8878642101483848
1540,51.33282,0.1061688684981647,0.2928563606344029,0.8953261095594293
1541,51.366153,0.11428213084891461,0.2936744091430503,0.8972676485555667
1542,51.399485999999996,0.11010467961984913,0.2989154771219983,0.8881024456467704
1543,51.432818999999995,0.09970618471471523,0.29769192764665886,0.8860403036437479
1544,51.466151999999994,0.09491609326700064,0.2972716987237187,0.8822339667463309
1545,51.499485,0.09675629348574756,0.2968490455923395,0.8821896108467927
1546,51.532818,0.12402111437054125,0.3074619459519045,0.889890824892744
1547,51.566151,0.14335303831973498,0.2994182147209823,0.8930140734829368
1548,51.599484,0.1538310944363706,0.29747501543756305,0.8937783485991089
1549,51.632816999999996,0.14915347886826197,0.30648613282688264,0.8896600765458306
1550,51.666149999999995,0.15491851898347622,0.3020754784907197,0.8954547070362163
1551,51.699483,0.1524736817015991,0.3096792174510642,0.8874539752323627
1552,51.732816,0.13563168438001716,0.3121357568007079,0.8903432685525459
1553,51.766149,0.1229059795768105,0.30117487953752586,0.8883559417899944
1554,51.799482,0.12748532219837935,0.3115584477044724,0.8773366170842459
1555,51.832815,0.11778823606115811,0.3208269135825982,0.8750147555611711
1556,51.866147999999995,0.1171119961331323,0.3232777205059391,0.8757379803077616
1557,51.899480999999994,0.11325101483452961,0.3140405283591329,0.8742993166724389
1558,51.932814,0.10706184639075761,0.318200844112813,0.8740126193814667
1559,51.966147,0.10707496714426282,0.3202007323595636,0.868715685249367
1560,51.99948,0.07286997092337784,0.3148965838456356,0.864527398113811
1561,52.032813,0.057528555169911906,0.30686134338428517,0.8569210693124242
1562,52.066145999999996,0.05848756121142322,0.3133771706697651,0.8577626463814668
1563,52.099478999999995,0.05748533014648231,0.3126357021020545,0.8557918817082415
1564,52.132811999999994,0.05841187853488314,0.3173817564297966,0.8600848052047085
1565,52.166145,0.05868747283550477,0.31771632647252923,0.8489645062269503
1566,52.199478,0.05924697001159219,0.31739732108020297,0.8402748394946412
1567,52.232811,0.055469849650235034,0.31601081103420947,0.840042287222489
1568,52.266144,0.05795298886023837,0.31406314548655356,0.8275310532417296
1569,52.299476999999996,0.05890800485496836,0.3147965532228614,0.8152754247750099
1570,52.332809999999995,0.057740159195672006,0.305603825634129,0.7867170787450926
1571,52.366142999999994,0.05887543173808439,0.3219804852521917,0.7669886032188908
1572,52.399476,0.05628507186957049,0.325445997263423,0.7391821690826683
1573,52.432809,0.054911007974561464,0.327726431049251,0.7222942313989622
1574,52.466142,0.05360320955759083,0.32281468966897664,0.7020921930191565
1575,52.499475,0.054848182686942526,0.31086057706120707,0.6858632594524776
1576,52.532807999999996,0.053901247709417545,0.3072387534623003,0.6841251392090725
1577,52.566140999999995,0.05368652103857654,0.30207487153619916,0.6699949532151346
1578,52.599474,0.053315752534271746,0.3008385713905954,0.6672966764712288
1579,52.632807,0.055890821014225656,0.29081504410833126,0.6506326603394811
1580,52.66614,0.056521534251746434,0.2927313775541549,0.6423540381731379
1581,52.699473,0.0550348071482773,0.29429793722561065,0.6379964572888775
1582,52.732806,0.05557363487108726,0.3000875208905685,0.6191077010936974
1583,52.766138999999995,0.05605355421545195,0.2887344138908249,0.6190098773660585
1584,52.799471999999994,0.05689608170945991,0.2975178631233477,0.6150149567276866
1585,52.832805,0.05420874562701843,0.292295167137812,0.6039888903870299
1586,52.866138,0.05458091501851988,0.2892983907970471,0.6025786677821
1587,52.899471,0.05449895598676614,0.29267028584511917,0.6025608174274145
1588,52.932804,0.05549684827360472,0.2990257230176381,0.5987377729676496
1589,52.966136999999996,0.056446220204793375,0.3031417717809882,0.5973066494670086
1590,52.999469999999995,0.05755992632360653,0.30362391872825417,0.5930098997195427
1591,53.032802999999994,0.05737051536616998,0.30185861403755543,0.5957817924730044
1592,53.066136,0.058249649633341775,0.2973477582021287,0.5930671462948438
1593,53.099469,0.05781755835436959,0.29670587376524815,0.589195892213626
1594,53.132802,0.05660933074876193,0.2954344266685829,0.5980225664818857
1595,53.166135,0.057473125439603326,0.29929992187274324,0.5898850866441564
1596,53.199467999999996,0.05689640549643345,0.29719791506770454,0.5964606221279624
1597,53.232800999999995,0.05825351559679055,0.2985827544787546,0.5966877558930324
1598,53.266133999999994,0.05731774962642771,0.2969375548154357,0.5853530036615352
1599,53.299467,0.05718815882146848,0.2962303270472089,0.5848451976400932
1600,53.3328,0.056628314621330174,0.2908373124878253,0.5838084382945871
1601,53.366133,0.05429488769141754,0.2926744203060086,0.5854063640352525
1602,53.399466,0.056007876501370686,0.2955416009241862,0.5860288591349443
1603,53.432798999999996,0.05696359260189369,0.2929544412282807,0.5860481430735827
1604,53.466131999999995,0.0563945540320747,0.2937644162619888,0.5895112324319214
1605,53.499465,0.05611009837513102,0.29485986067212594,0.6005481990601266
1606,53.532798,0.05446033072074741,0.29971950517222523,0.5970455833148737
1607,53.566131,0.05640865562602602,0.31483991611083206,0.5906995135185793
1608,53.599464,0.05713602538769272,0.31248551456961,0.5908199487847096
1609,53.632797,0.055147272300690116,0.3143186485515167,0.5933136709543325
1610,53.666129999999995,0.05517090408307523,0.3136824537352384,0.5961210064674962
1611,53.699462999999994,0.05526686640381449,0.31580823380163947,0.5905786086473152
1612,53.732796,0.05484219873168357,0.3195620569797132,0.591542119990684
1613,53.766129,0.055175202928658934,0.32426842091183894,0.5891685151224832
1614,53.799462,0.055281348501591714,0.3215999406485933,0.5894258968570751
1615,53.832795,0.05676820445969548,0.32035602390512385,0.5904008909229134
1616,53.866127999999996,0.05760735493049655,0.3193895879842772,0.591845995780486
1617,53.899460999999995,0.056897381178090047,0.3215437122756084,0.5918586362449763
1618,53.932793999999994,0.0563216487267746,0.31706085001619017,0.6012922107395927
1619,53.966127,0.05776981696877831,0.311344008376965,0.6058034421682859
1620,53.99946,0.0576023702517532,0.31180859080092066,0.6037709864564758
1621,54.032793,0.057969552993466976,0.3133786038183135,0.6017563105170036
1622,54.066126,0.05725095850582691,0.3120836554878398,0.600553738814383
1623,54.099458999999996,0.05798348951070714,0.30999133948108837,0.6049409419921971
1624,54.132791999999995,0.05770568461378949,0.30545370777574843,0.6111607160078746
1625,54.166124999999994,0.05920437052263234,0.3080366418148548,0.6137078997927384
1626,54.199458,0.05788236763985591,0.3140374510913534,0.6162764570791205
1627,54.232791,0.06157031852125813,0.2601706394383139,0.6326684058221188
1628,54.266124,0.06014019735908371,0.09203803306414887,0.6230508521142535
1629,54.299457,0.05726993530564811,0.24937399124862858,0.645156217330589
1630,54.332789999999996,0.05870704750022877,0.2955415275300076,0.6703214797095141
1631,54.366122999999995,0.07363328064792501,0.3150109445328472,0.6850654868601296
1632,54.399456,0.08221467715849813,0.31484805850498127,0.7046341282452824
1633,54.432789,0.0743018666443035,0.32078125511207956,0.739302332826725
1634,54.466122,0.09573545161847882,0.3197353120148587,0.7422912129872772
1635,54.499455,0.09996677558383266,0.33142048796620843,0.7680910895548926
1636,54.532788,0.09599031390959194,0.3332122280672527,0.7836181827565142
1637,54.566120999999995,0.10466912230992027,0.3543280156759584,0.8170738938595599
1638,54.599453999999994,0.10712422145098549,0.34797700692203704,0.8343769755460142
1639,54.632787,0.1132914522851074,0.3488069741154156,0.8549720809612488
1640,54.66612,0.11154804964189786,0.35198653318257495,0.8654183192125136
1641,54.699453,0.12459261619717851,0.3355499649697602,0.8874940854998477
1642,54.732786,0.12233808716847133,0.32742043633649454,0.9043800107549294
1643,54.766118999999996,0.12245177871552278,0.3347330462748547,0.9223868310910626
1644,54.799451999999995,0.12847539355126644,0.33837943907208967,0.9262230258962306
1645,54.832784999999994,0.1589223534162561,0.33264902175393934,0.9439209849678021
1646,54.866118,0.1482494209517788,0.3296296256900588,0.967037595408109
1647,54.899451,0.13342088557240467,0.3208889358058096,0.9702734767112946
1648,54.932784,0.13642354366048579,0.31931193828935667,0.9678366301732165
1649,54.966117,0.13787274457120352,0.3014997360488674,0.967470648306863
1650,54.999449999999996,0.13741879372966073,0.2998380707486192,0.9962827349345369
1651,55.032782999999995,0.12802502743501226,0.29497306015960606,0.9986645632448102
1652,55.066115999999994,0.13558062767508924,0.27594003716596915,0.9912846439510874
1653,55.099449,0.13055729200349636,0.2808989410929551,0.9920529287868284
1654,55.132782,0.12660548894675885,0.27114424126775266,0.9956383073235753
1655,55.166115,0.11953339407767734,0.27877947917442525,0.9909151930530413
1656,55.199448,0.12107178546773595,0.2782743830934368,0.9998722828063739
1657,55.232780999999996,0.10014693565471769,0.2757921058024997,1.0041850855576664
1658,55.266113999999995,0.10032851980274685,0.2684831435180252,1.0079550622895068
1659,55.299447,0.09438245736130252,0.26432307503860697,1.0081923361725693
1660,55.33278,0.09899956932768529,0.2530265054960665,1.0030454621970277
1661,55.366113,0.09601746600678024,0.2595078058887361,1.0001859054948308
1662,55.399446,0.10428998211797962,0.2594960579985265,0.9984683456115161
1663,55.432779,0.09180060768054268,0.26074310055302946,0.9886420963578677
1664,55.466111999999995,0.10125236449564415,0.25925342604008605,0.9899152133344514
1665,55.499444999999994,0.09706876454218227,0.25716447626330446,0.9918136168127059
1666,55.532778,0.1194547856292254,0.2545805537380104,0.990585072778928
1667,55.566111,0.11970402095968544,0.24595714984980335,0.9881506130675464
1668,55.599444,0.13144867052195874,0.262573126507624,0.9890305943147101
1669,55.632777,0.14590084727774083,0.2593728145367019,0.9938537324752378
1670,55.666109999999996,0.15273343904835285,0.25865922784070594,0.9879907002779511
1671,55.699442999999995,0.1565995026359154,0.2642599290915782,0.981853225471263
1672,55.732775999999994,0.15105152040291872,0.26457391744654246,0.9990600620871025
1673,55.766109,0.1555380561503737,0.2559553100254298,0.985493237487166
1674,55.799442,0.15116166864171196,0.2616411052352823,0.9825338093865528
1675,55.832775,0.13301167106183134,0.2730923267510936,0.9743961600327428
1676,55.866108,0.1367548428741153,0.28113100198379337,0.9699002988804569
1677,55.899440999999996,0.1532895273530714,0.2917187847919116,0.9546355273401161
1678,55.932773999999995,0.153722358010274,0.28333965534944106,0.9426785449916775
1679,55.966106999999994,0.1329845009471048,0.28026600327589357,0.9284175698400792
1680,55.99944,0.12022675252776474,0.28438598447080704,0.9099936941853262
1681,56.032773,0.08184114761715984,0.29752069406382153,0.8907561817987597
1682,56.066106,0.06041842940097258,0.3024756025235721,0.8493546207357813
1683,56.099439,0.0602126280096789,0.3005971138542944,0.8147926788095546
1684,56.132771999999996,0.061834982054861015,0.30669101273786364,0.7862753848181967
1685,56.166104999999995,0.06212915653299827,0.2796737872466074,0.766860818579754
1686,56.199438,0.06462638450145182,0.2719734971653479,0.7522102790733511
1687,56.232771,0.06652747268903952,0.18488385445198863,0.7386705954348993
1688,56.266104,0.06706770495818387,0.06519908496519045,0.6851997195382699
1689,56.299437,0.0668343625407077,0.195467893618249,0.7125480203149613
1690,56.33277,0.06585713070584003,0.2524457045902273,0.6894500200826801
1691,56.366102999999995,0.06612268941461247,0.2846170832634309,0.6670828094041892
1692,56.399435999999994,0.06499143538217168,0.30109351637939546,0.64567816112175
1693,56.432769,0.06380258057613658,0.3077395869223919,0.6350472253381683
1694,56.466102,0.06611857832002403,0.3113502094886419,0.6397636923836522
1695,56.499435,0.06562320388136708,0.31056873222968295,0.6452899188780176
1696,56.532768,0.06553803408950178,0.3100470607236482,0.6392071054229649
1697,56.566100999999996,0.06470571903261933,0.31626455413653,0.6418968473252877
1698,56.599433999999995,0.06512894308807889,0.3155467278569308,0.6456972462972977
1699,56.632766999999994,0.06517348677362994,0.3161205687959696,0.6461471746786945
1700,56.6661,0.06397841222442341,0.3178643802287988,0.6501224689271932
1701,56.699433,0.06366194907166714,0.3179326907601221,0.6533226823312458
1702,56.732766,0.06500817891732724,0.3208410395337979,0.6613087691984942
1703,56.766099,0.06375528221331851,0.3214793433634837,0.6644111155384024
1704,56.799431999999996,0.06349627547845146,0.3221925656492692,0.6709658475175903
1705,56.832764999999995,0.06355755850638012,0.3193818969174213,0.6648190310278749
1706,56.866097999999994,0.06411655540259675,0.32400682715968,0.6691453063064836
1707,56.899431,0.06408740511938196,0.31512229953584325,0.6718374730608043
1708,56.932764,0.06427658565906062,0.3259642659298686,0.666501373076338
1709,56.966097,0.06361366788943003,0.32346937150225474,0.6675474521519033
1710,56.99943,0.06347982857590617,0.3239625210316874,0.6733223704651703
1711,57.032762999999996,0.06358267512889998,0.3211903830486269,0.6673100131708538
1712,57.066095999999995,0.06285811702344896,0.3200114183105581,0.6666794056321739
1713,57.09942899999999,0.06386318705602614,0.32292218983918963,0.6661933104631029
1714,57.132762,0.06390400038521875,0.3170916350836605,0.6696118410438667
1715,57.166095,0.06374031837232788,0.31979971492864107,0.6662334976403443
1716,57.199428,0.06323568499905423,0.3188625865726209,0.664859345742371
1717,57.232760999999996,0.06347294464190853,0.32003167470535787,0.671644443465744
1718,57.266093999999995,0.06296198008120349,0.3181460182571991,0.6720182367382455
1719,57.299426999999994,0.06203483724806143,0.3157562723669325,0.6683622059811575
1720,57.33276,0.06308433645439154,0.3179240780690615,0.6693706443276868
1721,57.366093,0.06435391681649907,0.31021023492181937,0.6644502024738212
1722,57.399426,0.06293433843754584,0.3106702037827443,0.6592443823817311
1723,57.432759,0.06361862179975186,0.30928612308171577,0.6626275205863753
1724,57.466091999999996,0.06260947547974519,0.31559416086984915,0.6627534435438535
1725,57.499424999999995,0.06238062488554924,0.31786549738418796,0.6619106473941372
1726,57.532757999999994,0.06201589440546816,0.3187905650904113,0.6641684060953894
1727,57.566091,0.0639654063549798,0.31803488030133387,0.6648762949221382
1728,57.599424,0.06371485791954022,0.32066608425630305,0.6580785985302405
1729,57.632757,0.06364676989206065,0.3185125273549236,0.6689349126385585
1730,57.66609,0.06326744041058262,0.3185225392008121,0.6689978182077532
1731,57.699422999999996,0.06364305841317269,0.32293285586530474,0.6698501382519626
1732,57.732755999999995,0.06311673028602965,0.3175114674427729,0.6623389240789314
1733,57.766088999999994,0.0642436296890282,0.3263024036148354,0.666926780982481
1734,57.799422,0.06317968498545538,0.3239044726330258,0.6682255010391086
1735,57.832755,0.06289294372799266,0.3179262873621602,0.6694286738861805
1736,57.866088,0.06285014943896593,0.3107266762429224,0.6703291957238656
1737,57.899421,0.06270121163060131,0.313565345177394,0.6680886297708112
1738,57.932753999999996,0.06401161627665981,0.31685363841979114,0.6669219669214035
1739,57.966086999999995,0.06443661829866175,0.32159991569661395,0.6668570981080327
1740,57.99941999999999,0.06451615872362443,0.3266160045028345,0.6673756327848112
1741,58.032753,0.06463703485408451,0.32195846764101077,0.6663930838862476
1742,58.066086,0.06357825459282228,0.3252300970157712,0.6660938811932119
1743,58.099419,0.06398006599411157,0.3160757494760362,0.6666553965633509
1744,58.132751999999996,0.06275092569644379,0.31536104393992515,0.6591757729409893
1745,58.166084999999995,0.0630904977074147,0.31867463346510116,0.6636879448740023
1746,58.199417999999994,0.062214504237470616,0.3087638510586572,0.6675340126816561
1747,58.232751,0.06314004923801884,0.3111631889684401,0.665156886990866
1748,58.266084,0.06137672132088842,0.3102157303261895,0.6667138712452101
1749,58.299417,0.060802462923569355,0.30815182063817337,0.6660237833388767
1750,58.33275,0.06182957613606724,0.309625901578125,0.6706537787224607
1751,58.366082999999996,0.06095785070690465,0.3110563988480541,0.6764347125402888
1752,58.399415999999995,0.062122508390986333,0.3192344304765008,0.6752974203505082
1753,58.432748999999994,0.061745767900136965,0.31570467478077835,0.6755528321205897
1754,58.466082,0.062210207906424835,0.30827667830614397,0.6797447917030769
1755,58.499415,0.06261317481650176,0.1741021877149584,0.6945391917983631
1756,58.532748,0.06257750355385616,0.06234586346649747,0.6703700728206569
1757,58.566081,0.06284155378605602,0.05872192340216193,0.6685373341913372
1758,58.599413999999996,0.06251445041707225,0.05859947686284957,0.6658732071841429
1759,58.632746999999995,0.06283503281484557,0.05424922884751014,0.6706833678939643
1760,58.666079999999994,0.0622615035058706,0.05370501570523877,0.6668548762536592
1761,58.699413,0.0628401164307504,0.05374283686455422,0.6697340371816852
1762,58.732746,0.06286197933564755,0.052695660111927646,0.6763354079603611
1763,58.766079,0.062437252279536316,0.05531695872663059,0.7025993072158304
1764,58.799412,0.06097528967583942,0.05682971899037334,0.7264171142308081
1765,58.832744999999996,0.1529137797877558,0.06018437713380184,0.7615692555927192
1766,58.866077999999995,0.31193070403103035,0.053195182013792267,0.794458469817465
1767,58.89941099999999,0.3878901376342047,0.05192391157467404,0.7891072480981934
1768,58.932744,0.4146260206286241,0.05929323118863908,0.7939637160336187
1769,58.966077,0.4129560872749759,0.0671897511631537,0.7875314072112867
1770,58.99941,0.41319753507568135,0.0689948277419318,0.797774319757897
1771,59.032742999999996,0.43409796219447966,0.07062956392766137,0.796408281297337
1772,59.066075999999995,0.44039484958512304,0.07428780031111834,0.7867515870488923
1773,59.099408999999994,0.43653916637747786,0.0735087707535371,0.7879351590856668
1774,59.132742,0.42875123684937866,0.0775563980061695,0.7938516218677008
1775,59.166075,0.423642195676681,0.0754063512108266,0.7984893311850411
1776,59.199408,0.4222536716047581,0.08060279582735724,0.8008231544408275
1777,59.232741,0.41054606248267006,0.0867018885707512,0.7895480936542834
1778,59.266073999999996,0.39792304316770943,0.08356484649548587,0.7795779255160212
1779,59.299406999999995,0.39794154108665075,0.07993172722073322,0.7822530784577685
1780,59.332739999999994,0.39673909657358936,0.08665462235808023,0.789441717308702
1781,59.366073,0.38238866808699445,0.08263974650817894,0.7898507895016507
1782,59.399406,0.37869840789024545,0.08893354798586224,0.7947843995030995
1783,59.432739,0.38007512121597,0.0878377311288139,0.7941542739754043
1784,59.466072,0.3850180704126529,0.09010979593868251,0.798989907657737
1785,59.499404999999996,0.37917089967399575,0.08774988171220283,0.793540851666532
1786,59.532737999999995,0.3767638322081149,0.0907081323691786,0.8000312998862685
1787,59.566070999999994,0.37864266505750416,0.08422626481395885,0.7855134121409985
1788,59.599404,0.3778076041779328,0.08681628124749131,0.7989780851271419
1789,59.632737,0.36699868051301576,0.09311947214444913,0.7939618833490915
1790,59.66607,0.3712667405572771,0.0874688263372127,0.799029264758842
1791,59.699403,0.3701896457861614,0.09165201494485896,0.8006091114527347
1792,59.732735999999996,0.37731511520831235,0.09306735318175735,0.7973930364028217
1793,59.766068999999995,0.3736322321613307,0.08932333358831718,0.7977881317075283
1794,59.79940199999999,0.36914430882062355,0.08695772619703887,0.79361470005564
1795,59.832735,0.36484039411646824,0.09131475181076312,0.7974378981141118
1796,59.866068,0.3704603670447224,0.08958109451699132,0.801977315608303
1797,59.899401,0.36825566739400417,0.09184613372705633,0.8013419959206649
1798,59.932733999999996,0.37381077821447245,0.09025663820400429,0.802993174483653
1799,59.966066999999995,0.3776070808730292,0.09340744148316002,0.803383596605392
1800,59.999399999999994,0.37147684059289804,0.08892803708601005,0.8022528228969055
1801,60.032733,0.37330993404814794,0.08663308671645698,0.8094014278388422
1802,60.066066,0.3716641814129117,0.08933941287762265,0.7980091715817796
1803,60.099399,0.365970797368139,0.0920262299361296,0.80451988487137
1804,60.132732,0.3690587826801176,0.09503638055818381,0.8027387326912057
1805,60.166064999999996,0.3660053158453144,0.08836543510268866,0.7971299401204295
1806,60.199397999999995,0.3631373574119624,0.09145734318884884,0.7989463986188725
1807,60.232730999999994,0.35993918730382685,0.09028227245549371,0.8021692386307806
1808,60.266064,0.3600025686404615,0.09446947152300975,0.7965193427201894
1809,60.299397,0.3591735504361492,0.09759933212677507,0.7987296260047093
1810,60.33273,0.36343160820637227,0.09275467447221805,0.7858778117536765
1811,60.366063,0.3626643248334909,0.09789066508799035,0.7991930360704684
1812,60.399395999999996,0.3523291260354304,0.09350473415343588,0.7975640934610962
1813,60.432728999999995,0.3600998163681565,0.09024665061891698,0.7907707889320984
1814,60.466061999999994,0.35866628720597277,0.09591797646296904,0.7898416176510729
1815,60.499395,0.3576743906935815,0.09228320612711602,0.7894150862027561
1816,60.532728,0.3608978197697332,0.09743770574653315,0.7843842024483589
1817,60.566061,0.35354209479633175,0.08839365718421531,0.7913896796580453
1818,60.599394,0.363453425860133,0.08773222193006688,0.7951887133794634
1819,60.632726999999996,0.3741282823069614,0.08646058388151881,0.7972294118383628
1820,60.666059999999995,0.36714205289914426,0.08750099799535516,0.807847852732445
1821,60.69939299999999,0.3719772048649599,0.09343043210074517,0.8022010579175807
1822,60.732726,0.3645987966085243,0.09023232494679581,0.799439058255885
1823,60.766059,0.3619068238918554,0.08792818091859429,0.795971675944954
1824,60.799392,0.3677851906002229,0.08075493877644052,0.8030259316508025
1825,60.832724999999996,0.3571778432389691,0.08394823852264796,0.7964474186367372
1826,60.866057999999995,0.3550065044353182,0.0776293062709206,0.7959215248295194
1827,60.899390999999994,0.3579642377703756,0.07464638506762253,0.78936817195576
1828,60.932724,0.3728926263104811,0.07720187655001527,0.7845894389515135
1829,60.966057,0.07971154922533548,0.07435303214784295,0.6941454638381899
1830,60.99939,0.06683155706746811,0.065190506199261,0.628118218769252
1831,61.032723,0.07195063372883914,0.07185458112975787,0.6187715882817157
1832,61.066055999999996,0.07655125351460934,0.07607929784857012,0.6404275532506926
1833,61.099388999999995,0.0850705498335686,0.07776590735004646,0.6455471655091607
1834,61.132721999999994,0.07971851449427042,0.08309701609260094,0.6446248882293233
1835,61.166055,0.08046259148796375,0.08709549437005118,0.6434549676443723
1836,61.199388,0.09738958996532213,0.07869476592362701,0.6568140128031936
1837,61.232721,0.07583137341766297,0.09684294023902842,0.6861304365894834
1838,61.266054,0.08225082690996746,0.11873710207289176,0.7092579556553149
1839,61.299386999999996,0.07991843893025788,0.07186142030313397,0.7152075953684548
1840,61.332719999999995,0.08188212592250056,0.04937381213210555,0.7030471364864713
1841,61.366052999999994,0.07658037622631253,0.06067795514366468,0.6828208442378008
1842,61.399386,0.07283596710364955,0.12627540253693903,0.7181774663820583
1843,61.432719,0.07458442551316277,0.17343503838000654,0.7485842466809753
1844,61.466052,0.07388224512325173,0.05855908526096892,0.7386248680341448
1845,61.499385,0.07707904883647251,0.04926540902913042,0.7192644277592385
1846,61.532717999999996,0.06541146279550267,0.09208051345935622,0.7400225268367694
1847,61.566050999999995,0.08781764194538524,0.16919051454376627,0.7805573067399522
1848,61.59938399999999,0.08245028432747646,0.19772721752849748,0.8144188996314967
1849,61.632717,0.06814210860811841,0.212192372627436,0.8107435545274276
1850,61.66605,0.08369631626309215,0.20828086009393176,0.8235232906508698
1851,61.699383,0.07360163553381231,0.21132624197837802,0.8211093874606455
1852,61.732715999999996,0.08535885456768585,0.22615325665600178,0.7811725060181134
1853,61.766048999999995,0.13455258028017258,0.20925406043062808,0.8139647844407597
1854,61.799381999999994,0.1388891116188709,0.2230152072580582,0.7868060803264046
1855,61.832715,0.0783675357134748,0.21744604502520137,0.8185192090979079
1856,61.866048,0.07806137897063302,0.22748715648948845,0.8101572639638613
1857,61.899381,0.07616028171719055,0.2325591697279475,0.8032196700919431
1858,61.932714,0.07682890464320044,0.22464923380220003,0.7968615411045729
1859,61.966046999999996,0.0763586280127704,0.2309400375200681,0.7971457770000684
1860,61.999379999999995,0.07782425571444088,0.2309541326797052,0.7998079336235259
1861,62.032712999999994,0.07757733255591176,0.24047449876928706,0.8043236388797123
1862,62.066046,0.08079933423251243,0.2364276879589712,0.8047320291646466
1863,62.099379,0.07939968861207232,0.2441630777501787,0.79977908802973
1864,62.132712,0.07592671291123511,0.2477580702945229,0.8035513851227322
1865,62.166045,0.07611640330437924,0.242071960916798,0.8066771950208579
1866,62.199377999999996,0.0755418953349373,0.240767307259316,0.8110701428339014
1867,62.232710999999995,0.07476753080301657,0.25592762351097775,0.8123639394337054
1868,62.266043999999994,0.07508022450660677,0.26325592402340514,0.8048057438861335
1869,62.299377,0.07497602927257654,0.25963595229666514,0.8220240290957463
1870,62.33271,0.07491516247595432,0.24575604567233444,0.833070924574972
1871,62.366043,0.0711360014246303,0.23927123703836228,0.8327111698812205
1872,62.399376,0.07281348803239017,0.24373616088428984,0.8315928724284376
1873,62.432708999999996,0.0714216408042192,0.25759336613969824,0.8315715997025787
1874,62.466041999999995,0.0732323964868807,0.2548633845661027,0.8327565825854133
1875,62.49937499999999,0.07141823265331726,0.25437747953385714,0.8289822997004027
1876,62.532708,0.07103796236092126,0.24930378893354038,0.8296698236357397
1877,62.566041,0.07046384519405244,0.23870961537936242,0.8210891260782693
1878,62.599374,0.06775863311745199,0.19554395945717065,0.8240590235649579
1879,62.632706999999996,0.06834311187936803,0.04505259201729142,0.847434482567777
1880,62.666039999999995,0.06744560173336837,0.05358327725934596,0.8245947318713616
1881,62.699372999999994,0.06881208616256625,0.10002450918360403,0.8204203067556255
1882,62.732706,0.06702512150140752,0.17384842909570164,0.8251849628650361
1883,62.766039,0.06805452007092486,0.19025443827452015,0.8216788577447655
1884,62.799372,0.06797073966137196,0.2000432127030249,0.8208937538437978
1885,62.832705,0.06461792878838629,0.2070107046038112,0.8199554926121775
1886,62.866037999999996,0.06504233747654932,0.214764828306156,0.8076217659491673
1887,62.899370999999995,0.06714153856925577,0.22116619364127388,0.8080098713310844
1888,62.932703999999994,0.06669929778268897,0.22898485654431214,0.801792328369489
1889,62.966037,0.066306656297021,0.2296920939327299,0.7929937172865122
1890,62.99937,0.06712054634025401,0.22894919250009807,0.7864729578388415
1891,63.032703,0.0652004891250199,0.23432793273156133,0.7812450524500932
1892,63.066036,0.06631801295251617,0.23726899729008322,0.7798832876634149
1893,63.099368999999996,0.06598199948202099,0.25268346451522444,0.7772083014908415
1894,63.132701999999995,0.0653802883963372,0.25804214056376296,0.7724408424440704
1895,63.166034999999994,0.06592118877417705,0.26001033125550743,0.7653506277127266
1896,63.199368,0.06603668844715599,0.26072610133906327,0.7643746419596954
1897,63.232701,0.06583544012578654,0.2665317006231507,0.7599977830294825
1898,63.266034,0.06503068713095499,0.26621308522200826,0.7685656321507283
1899,63.299367,0.06605740881170191,0.2644509899549833,0.7650729644198445
1900,63.332699999999996,0.06545560439458531,0.2662884982887219,0.7611269970876803
1901,63.366032999999995,0.06631253446006043,0.2636498850386664,0.7618477130721776
1902,63.39936599999999,0.06632124363939954,0.18631012624980314,0.7799230677507606
1903,63.432699,0.06632557043607104,0.050015760306137046,0.7575316717387744
1904,63.466032,0.06577624911436267,0.13603476112645613,0.7671129811054967
1905,63.499365,0.06584037236878934,0.20979912837451176,0.7661824894009969
1906,63.532697999999996,0.06722103903879421,0.22608694028163506,0.7709538401423234
1907,63.566030999999995,0.06581353869840018,0.22965089554640705,0.7637364434519244
1908,63.599363999999994,0.06714441143494645,0.23904741148704434,0.7640701439284218
1909,63.632697,0.06650207559401683,0.24006674304338152,0.7662418997762166
1910,63.66603,0.06570795342288673,0.24116424740777734,0.760025546904486
1911,63.699363,0.06739704040832432,0.2404623107788932,0.7626664674971346
1912,63.732696,0.06725428250259041,0.24452216377047808,0.7573994139917188
1913,63.766028999999996,0.06861861334993426,0.25668382879909424,0.7655884574429529
1914,63.799361999999995,0.0679394382235246,0.2581024422631848,0.751442327220648
1915,63.832694999999994,0.06793667943446512,0.2583662770594012,0.7506453943806486
1916,63.866028,0.06792581723879064,0.26050704960999505,0.7466987671019587
1917,63.899361,0.06915940481519403,0.26500450622968064,0.7492812894154873
1918,63.932694,0.0683482091709682,0.26612715472175075,0.747038010283793
1919,63.966027,0.06804060265912995,0.2662226634569268,0.7461937915882109
1920,63.999359999999996,0.06743706885974231,0.2691547959753285,0.7473878854475157
1921,64.032693,0.06607130573105723,0.2722791543160852,0.7439912465221822
1922,64.066026,0.06832278112206165,0.27824444008830307,0.751509464161713
1923,64.09935899999999,0.0664952297325949,0.27246925787656834,0.7529743502804895
1924,64.13269199999999,0.06648750555762148,0.27816337516658746,0.7554609100062596
1925,64.16602499999999,0.06575110723802721,0.28226669292073725,0.7554756582309389
1926,64.199358,0.06607692402912278,0.28043115449424993,0.7531311884717685
1927,64.232691,0.06799466835045637,0.28032559078187613,0.7540951940231891
1928,64.266024,0.0683434688530694,0.2883574960475244,0.7580244886143626
1929,64.299357,0.06503810766909889,0.27880889010329785,0.7564280483619688
1930,64.33269,0.06514209883871849,0.2712401643165513,0.7620796540623583
1931,64.366023,0.0633457848760119,0.2617083146236732,0.7635051457501376
1932,64.399356,0.06472692931160917,0.2629559609680804,0.7628794205249931
1933,64.432689,0.06489643975057731,0.26064165783430004,0.7591229771756894
1934,64.466022,0.06608704198260759,0.26749368072640867,0.7635033296442157
1935,64.499355,0.06530021189617073,0.2628898180721818,0.7581567818623092
1936,64.532688,0.06666209814729643,0.2633428162424931,0.7565644291599324
1937,64.56602099999999,0.06774128618644039,0.26019291736673644,0.7660430610118226
1938,64.59935399999999,0.0656258119534469,0.2611446235993361,0.7580902473320781
1939,64.63268699999999,0.06732076017510519,0.26359031856890713,0.7605699459170706
1940,64.66602,0.06648403552122963,0.26641577854301585,0.7569499136793821
1941,64.699353,0.06734435166262524,0.2623803381697216,0.7563380263275411
1942,64.732686,0.06793205096770163,0.2627059248150969,0.7567831705827188
1943,64.766019,0.06666970502897432,0.26306725555568494,0.7612376751371014
1944,64.799352,0.06736015985738412,0.2608186600060248,0.7616457173785789
1945,64.832685,0.06580436324779741,0.2628259025839199,0.7607793716233071
1946,64.866018,0.06754156258448146,0.259420836019298,0.7577283856236543
1947,64.899351,0.06635273729980373,0.2593653105312943,0.7625815788942318
1948,64.932684,0.0666071063200965,0.26341940585601886,0.757859600113987
1949,64.966017,0.06634661571711585,0.2593349732242738,0.7590828721530483
1950,64.99934999999999,0.06709844367955632,0.26144036667127646,0.7600742262263528
1951,65.03268299999999,0.06757717013096896,0.2604594686743867,0.756523645859331
1952,65.06601599999999,0.06784606850084336,0.2620318506449516,0.7600843995499834
1953,65.099349,0.06767633861736348,0.26157497981012523,0.7557888064901518
1954,65.132682,0.06772226135654914,0.26023077831413455,0.753429760210892
1955,65.166015,0.06733710698100163,0.26053284296691726,0.7556970425332259
1956,65.199348,0.06709558539813223,0.2609648037407254,0.7556807623578793
1957,65.232681,0.06705002832493383,0.26236384725954,0.7558685482905002
1958,65.266014,0.06575270398885015,0.26096597180552483,0.7542211554475188
1959,65.299347,0.06714347315159967,0.26630178181219155,0.7514877393774851
1960,65.33268,0.06667514607149773,0.2652574675011264,0.7559573846392892
1961,65.366013,0.06596115780000333,0.26197327826923444,0.7501093229605285
1962,65.399346,0.06673068232814122,0.26577955433148975,0.7567176333513872
1963,65.432679,0.06525726366894999,0.26628105090911747,0.750300917886157
1964,65.46601199999999,0.06685580903347044,0.26881852913750626,0.7519642828040325
1965,65.49934499999999,0.06592773075061731,0.2669052625396785,0.7536202800474194
1966,65.53267799999999,0.06699728073880455,0.2667474747568969,0.7532230758473656
1967,65.566011,0.06651287976595671,0.2681995148670501,0.7518247974098261
1968,65.599344,0.06536901364797307,0.26803031799885046,0.7497085516043414
1969,65.632677,0.06571139574828024,0.26888309985351266,0.7496580467157449
1970,65.66601,0.06744110610561271,0.26754187233256926,0.7520214506924738
1971,65.699343,0.06611111140071486,0.2695237228660142,0.7505655456627269
1972,65.732676,0.06720171510370654,0.268800235248833,0.7509981512565329
1973,65.766009,0.06705349658017262,0.2682145340883953,0.7497124262538124
1974,65.799342,0.06597856369811649,0.2674485703060176,0.7516548886371333
1975,65.832675,0.06619316128451042,0.2712198674805165,0.7496288239001428
1976,65.866008,0.06755473997122896,0.2724875598067453,0.7543586883990203
1977,65.89934099999999,0.06485066162181197,0.2656151375468954,0.7531161727249688
1978,65.93267399999999,0.06528959375127524,0.25298212475792087,0.7557035735776787
1979,65.96600699999999,0.06539106713460874,0.0939950688046392,0.759955406330196
1980,65.99934,0.0653702270828395,0.0855865395971477,0.7467395066809261
1981,66.032673,0.0651884070678467,0.18076647286013545,0.762620027110467
1982,66.066006,0.06594442075152634,0.20557508978592065,0.7652294528840898
1983,66.099339,0.06429377234100014,0.21252295694831175,0.7669997108603499
1984,66.132672,0.06448223970392777,0.22178989675624258,0.7690743283963346
1985,66.166005,0.06506332571463626,0.22902032658828037,0.7647175659259182
1986,66.199338,0.06461460478750462,0.23148861264072695,0.768632286307328
1987,66.232671,0.06469955946689744,0.23082832375524173,0.7655671982110973
1988,66.266004,0.06352090511495333,0.2349509296257779,0.7649282682618563
1989,66.299337,0.06390035631217085,0.23586937944103498,0.7610230432376223
1990,66.33267,0.06525685629496143,0.24381123505014446,0.7584857405304705
1991,66.36600299999999,0.0643448560384557,0.24308559641665603,0.7547220389464827
1992,66.39933599999999,0.0647750644461969,0.24410861652806398,0.7567231676621101
1993,66.43266899999999,0.06355031869884079,0.2387221676427731,0.7535906555610661
1994,66.466002,0.06534937037133624,0.24909190494964834,0.7487728524181411
1995,66.499335,0.06466323317577849,0.26298217522722295,0.7438441377374813
1996,66.532668,0.06489191472886228,0.2695036530666921,0.7456175174170394
1997,66.566001,0.06495157220637415,0.24592079360056648,0.749168115436574
1998,66.599334,0.06462749267670716,0.051338891722241826,0.7537943778886143
1999,66.632667,0.06437909646696095,0.05497841751374488,0.7519047347402182
2000,66.666,0.06644693440709568,0.12908342175453125,0.7564647391922419
2001,66.699333,0.06586341151016457,0.21086738290952384,0.7571010550060151
2002,66.732666,0.0656366701790248,0.23928449283692255,0.7507468562500811
2003,66.765999,0.06817743940789327,0.25656210314768335,0.7399947604805334
2004,66.79933199999999,0.06693462461286805,0.2695674116016841,0.7399962483443653
2005,66.83266499999999,0.06739390164982975,0.2710741814518196,0.7387028170799576
2006,66.86599799999999,0.06758457933814853,0.2751117368702092,0.7333415791354652
2007,66.899331,0.06664119242389899,0.2750481560285309,0.7360200502121619
2008,66.932664,0.06711685367558744,0.27789057352599333,0.7296487114088651
2009,66.965997,0.06683734798002809,0.2766206897723981,0.7297532311983144
2010,66.99933,0.06586575363394445,0.27863742067910613,0.7324640112111297
2011,67.032663,0.06696377062585333,0.28055658556588575,0.731710006172966
2012,67.065996,0.06734569979814349,0.2824866879436577,0.7323701651016342
2013,67.099329,0.06791841103440735,0.2825536913408512,0.7321197856079042
2014,67.132662,0.06701720097606592,0.27117251205735043,0.7331164582390011
2015,67.165995,0.06702347106610722,0.2694629681855728,0.7392271374294255
2016,67.199328,0.06679687707850514,0.27281738414113654,0.7401277776779671
2017,67.232661,0.06616559451946694,0.2733701034308937,0.7405943319486754
2018,67.26599399999999,0.06688343483182811,0.2792661204400727,0.7428896503976284
2019,67.29932699999999,0.06578572243311721,0.2743367599068656,0.7382019596319744
2020,67.33265999999999,0.06605186840281917,0.2683580493553481,0.7457731389111304
2021,67.365993,0.06589217888405367,0.2744625610045363,0.7410978498539179
2022,67.399326,0.0668177458929855,0.293853042868242,0.7440232052826495
2023,67.432659,0.06673889085067547,0.30382962089493537,0.7500098338492563
2024,67.465992,0.07016918808872417,0.28179351300463185,0.7522146535146257
2025,67.499325,0.0716857496788492,0.27925983988150455,0.7562026729306898
2026,67.532658,0.07250875308748678,0.28294432793776153,0.7666604761950272
2027,67.565991,0.07220688142738486,0.28010579396240654,0.771945809254785
2028,67.599324,0.07120777530037681,0.280854588353202,0.7695297906999781
2029,67.632657,0.0723822829150016,0.2737108465857113,0.7757775945049721
2030,67.66599,0.07222044547828552,0.27049226779963176,0.7870936424570327
2031,67.69932299999999,0.07249686301643704,0.26455754584108343,0.793601836064792
2032,67.73265599999999,0.07480274515015392,0.26553282138025547,0.7921923339568044
2033,67.76598899999999,0.07569117851590042,0.26812426715880056,0.7868285938159465
2034,67.799322,0.0770361490052562,0.27883474168416567,0.7880992273310791
2035,67.832655,0.07932794900227645,0.2733006921175163,0.7840117101352283
2036,67.865988,0.08041088751981687,0.27424595290220355,0.7790864932488829
2037,67.899321,0.08015050093336426,0.2716249259351262,0.7760426954644339
2038,67.932654,0.07941982343390654,0.25619729328720886,0.7808278440469616
2039,67.965987,0.07950701658337794,0.14414115171861414,0.7995882248897894
2040,67.99932,0.07930435736196229,0.12675867471561297,0.7957419729395372
2041,68.032653,0.07920732734320331,0.2044389983619082,0.7986004610695875
2042,68.065986,0.07816133834616802,0.23886895495836763,0.7783906529963854
2043,68.099319,0.07864165302820299,0.2710501078266019,0.7770925512183553
2044,68.132652,0.07894158192769908,0.27765708539961426,0.7687628570496081
2045,68.16598499999999,0.07876502012793477,0.28831859562808204,0.7670642638832402
2046,68.19931799999999,0.07745339574575968,0.29341064743669304,0.7582110721304682
2047,68.23265099999999,0.07661418037024591,0.29536579004704766,0.7455545770023684
2048,68.265984,0.07694170020023607,0.29798805934742467,0.727677152688627
2049,68.299317,0.0764633174462378,0.298190810210874,0.7092295150962508
2050,68.33265,0.07762863566836513,0.30753115722162405,0.6923283535558623
2051,68.365983,0.07906389336052674,0.2712052453276483,0.6979959775263872
2052,68.399316,0.07717763637168351,0.07264413377605851,0.6750409967424188
2053,68.432649,0.07726700296195911,0.10789724486832536,0.6804061333019387
2054,68.465982,0.07715396414782885,0.21097486489359835,0.6758382409157637
2055,68.499315,0.07798678177574973,0.2518185631241424,0.6644824369663306
2056,68.532648,0.07744329560241421,0.2746448850474872,0.6647343059297289
2057,68.565981,0.07705100791580954,0.26589106957675257,0.659180002496069
2058,68.59931399999999,0.07650752559857964,0.27036703145113805,0.6631438667058804
2059,68.63264699999999,0.07668480374754374,0.2749885922924508,0.663909319061918
2060,68.66597999999999,0.07672143755987601,0.2817184230811916,0.6617420613186278
2061,68.69931299999999,0.07716778447073193,0.2958178827086452,0.6716883090607575
2062,68.732646,0.07634533998874625,0.30002097679594725,0.6766069521526666
2063,68.765979,0.0746217417751906,0.28881552390041754,0.7008759830211129
2064,68.799312,0.07433799275808219,0.29005838123545535,0.7120099913616258
2065,68.832645,0.07472051090966379,0.2911730532831758,0.7282185981165918
2066,68.865978,0.07562347402624367,0.2784241659289344,0.7571546417168202
2067,68.899311,0.07413537437074992,0.2753232153125063,0.7765123378118376
2068,68.932644,0.07370715456335376,0.2646264541525136,0.7969014972289841
2069,68.965977,0.07399445379141202,0.2585070866984129,0.8214772793324926
2070,68.99931,0.07212978998282804,0.2609294450876606,0.836119220002936
2071,69.032643,0.07441483762305963,0.24876318465857317,0.8498974327709267
2072,69.06597599999999,0.07316343888830928,0.24096148660968547,0.8561948512144725
2073,69.09930899999999,0.07386265970845877,0.2336308271215229,0.8668576719442961
2074,69.13264199999999,0.07447443046406953,0.23229226431428943,0.8806648059131997
2075,69.165975,0.07550746747854022,0.23695211135281236,0.8872973351331905
2076,69.199308,0.07300910232563158,0.23714272165285616,0.8973748133592164
2077,69.232641,0.07596239789900022,0.23748866226357354,0.8945119480943647
2078,69.265974,0.07500883716229163,0.22950247118044936,0.8930036822464023
2079,69.299307,0.07466665315537084,0.23464790803792196,0.899316429576927
2080,69.33264,0.0756625944199735,0.2356213525339924,0.8991437830783887
2081,69.365973,0.07538642016127686,0.23508294697655588,0.8964134927912681
2082,69.399306,0.07486315263134352,0.23484671116788616,0.8872561941494469
2083,69.432639,0.07578619367064811,0.2291765827970162,0.884214959932624
2084,69.465972,0.07584233462857916,0.23263695357063296,0.879315585321117
2085,69.49930499999999,0.07464727155858542,0.2320610507077887,0.8809904551662437
2086,69.53263799999999,0.07332661569054107,0.23682924413595494,0.8779199180227638
2087,69.56597099999999,0.07367566968972157,0.23833499707454725,0.8757480403377826
2088,69.59930399999999,0.07346023277206587,0.22959364783459385,0.8709507990916806
2089,69.632637,0.07455245996692146,0.2388883171716048,0.8723985912741006
2090,69.66597,0.0741013117688502,0.23772687121397873,0.8677025323785592
2091,69.699303,0.07468907444463634,0.23609770571306002,0.8656285382163671
2092,69.732636,0.07227449878349117,0.23605540545799347,0.8626875097335295
2093,69.765969,0.07384737228756741,0.23505819186656246,0.8588997133498275
2094,69.799302,0.07272826276035253,0.23683591086937744,0.8593983644171708
2095,69.832635,0.07379665902337629,0.23414089463656107,0.8561497683405346
2096,69.865968,0.0735294278938288,0.2347974937510749,0.8607695538112878
2097,69.899301,0.07254106422071148,0.23313107533591176,0.851799200352823
2098,69.932634,0.07359234818775141,0.242124953531205,0.8612152373384224
2099,69.96596699999999,0.07291814361367244,0.23704206778788672,0.8568013131443707
2100,69.99929999999999,0.0730634593543466,0.23291599120530948,0.8571893673731478
2101,70.03263299999999,0.07370999423188268,0.23467033048332947,0.8576891447602809
2102,70.065966,0.07363516955123293,0.23148018155286515,0.8571514196339372
2103,70.099299,0.07173402515368801,0.2302603049451029,0.8631671288462618
2104,70.132632,0.07339628096432747,0.24920833618069632,0.8541925220603688
2105,70.165965,0.07422705221702817,0.2575064992348248,0.8476488838963341
2106,70.199298,0.07560191878496292,0.2570475806616819,0.8468519931581695
2107,70.232631,0.07652061535111328,0.25157395411671096,0.8465519532057794
2108,70.265964,0.0760140775736311,0.2376016822797909,0.8503534910254591
2109,70.299297,0.07494110463252723,0.06941999499367309,0.8749465994649512
2110,70.33263,0.073985381908469,0.05114259881298719,0.871711066946831
2111,70.365963,0.0740482906328735,0.15037963752888994,0.870684845972212
2112,70.39929599999999,0.0729975980039267,0.20084595297316724,0.8600720964272777
2113,70.43262899999999,0.0758307368973065,0.2221152596229098,0.849882855369271
2114,70.46596199999999,0.07469552825257296,0.23321729951171438,0.84256635704724
2115,70.49929499999999,0.0734317672776686,0.2403208349879053,0.8416357035623184
2116,70.532628,0.07407041397955025,0.2516451683321452,0.8421286333318452
2117,70.565961,0.07465375845574941,0.2566759132431791,0.8367342900545816
2118,70.599294,0.07327829146187913,0.25323362509239045,0.839032354382202
2119,70.632627,0.07480285840625256,0.2598270453546068,0.8366818133370518
2120,70.66596,0.07298106814661116,0.25229960103425464,0.8376219665715577
2121,70.699293,0.0735536573710796,0.25785851686601086,0.8328125061359173
2122,70.732626,0.07398967636702444,0.2584882650710103,0.8382354292893658
2123,70.765959,0.0751293476928256,0.2619689096309694,0.8365162269802493
2124,70.799292,0.0727243014520441,0.262954096070816,0.8324691468233568
2125,70.832625,0.07387041675396055,0.26647671566345643,0.8314855755290518
2126,70.86595799999999,0.07515093328444256,0.2621871854344934,0.8348612993530828
2127,70.89929099999999,0.07378997306250379,0.26041656723804674,0.8392945692180276
2128,70.93262399999999,0.07389866162633876,0.26420919630749823,0.8409107325878129
2129,70.965957,0.07368531139542887,0.26958965764931386,0.8453444415613325
2130,70.99929,0.07443326882615947,0.26927688545793166,0.8427761953292654
2131,71.032623,0.07441477304578321,0.27332571025760144,0.8374816535524202
2132,71.065956,0.07306670128437405,0.26528162289855783,0.8405135105254448
2133,71.099289,0.07341118171976387,0.2660964182279253,0.8366595381463297
2134,71.132622,0.07308625177301399,0.26773635992283584,0.8368429651364336
2135,71.165955,0.07351130220167633,0.2686717665451329,0.837097578698036
2136,71.199288,0.07301485307612447,0.2659363274243498,0.832996729741746
2137,71.232621,0.07415064752979017,0.2697333113716609,0.8267378814112383
2138,71.265954,0.07274703845437161,0.2686948634573234,0.8263138739826298
2139,71.29928699999999,0.07370494103488573,0.2748429039255662,0.8307024250390471
2140,71.33261999999999,0.07279598191485386,0.2730463980501581,0.8282724737033667
2141,71.36595299999999,0.07336033291501388,0.2736461791576961,0.8261999996838227
2142,71.39928599999999,0.07405171329393673,0.2758073534578378,0.8211506005316598
2143,71.432619,0.07451623430100128,0.27300387373715274,0.8207364447009542
2144,71.465952,0.07392248539761843,0.2687850905528869,0.8261915493521794
2145,71.499285,0.07323693810770204,0.2639416596327263,0.8269466006976159
2146,71.532618,0.07439131079642616,0.27380226905586996,0.8210156552109482
2147,71.565951,0.07371852021756117,0.26943744599747055,0.8270650639038516
2148,71.599284,0.0735578155698727,0.2709490880050781,0.8267281286589792
2149,71.632617,0.07346504527642655,0.26204020915471343,0.8248978404897507
2150,71.66595,0.0740365800823786,0.2690892422490143,0.829047965902624
2151,71.699283,0.07347134463582204,0.25454166411573725,0.8608428952587275
2152,71.732616,0.07530867669179016,0.25278494980801214,0.8837616050495086
2153,71.76594899999999,0.0724083289929329,0.25256111863797776,0.9074873644822716
2154,71.79928199999999,0.16839687061412564,0.25802792938680275,0.9226997603134213
2155,71.83261499999999,0.20852875962428802,0.2538109922425702,0.9347011488587957
2156,71.865948,0.19526439311353222,0.24497097080327168,0.9332391533978996
2157,71.899281,0.18369556661443653,0.2458958632423398,0.9294058854265039
2158,71.932614,0.1790876095619804,0.24538728853571373,0.9284611927743069
2159,71.965947,0.1584364732065658,0.24580534697532458,0.9024319024064873
2160,71.99928,0.1114779157091933,0.25092069784306514,0.8755737274530434
2161,72.032613,0.07450699803734948,0.24800398280776165,0.8650368783651674
2162,72.065946,0.07332054846399655,0.24319677754502841,0.8665555573339634
2163,72.099279,0.07371313051374274,0.2495760144469895,0.8604385103577868
2164,72.132612,0.07224287881978037,0.25122635537744353,0.8545157284706254
2165,72.165945,0.07512508206508821,0.2420352100791796,0.8433179760600996
2166,72.19927799999999,0.07334974539640308,0.2413120627485142,0.846988462069304
2167,72.23261099999999,0.07362152970709772,0.2389377600611085,0.8436135570546225
2168,72.26594399999999,0.07312396510065812,0.245102237302517,0.8438264680726437
2169,72.29927699999999,0.07253041063601265,0.24120405390675792,0.8417715309820715
2170,72.33261,0.07335020738176865,0.24481740756619993,0.8394150500046098
2171,72.365943,0.07372915928955942,0.24787083732052145,0.8426844944165547
2172,72.399276,0.07423578984767314,0.24790412629890413,0.8386986032001381
2173,72.432609,0.07395166424388891,0.2626514277467626,0.8361176828812098
2174,72.465942,0.07225144872961717,0.25228194476758126,0.8345401269051411
2175,72.499275,0.07281161865251128,0.24632755603356282,0.8388115683125821
2176,72.532608,0.07168154728408631,0.2454307690002275,0.8414560055883795
2177,72.565941,0.07211385420453383,0.23781375204492128,0.8447389783482288
2178,72.599274,0.07366630078850203,0.2407175012535789,0.8376548514155111
2179,72.632607,0.07237231017460018,0.24159783542180227,0.8336579996030623
2180,72.66593999999999,0.07154373235156113,0.23812387486269976,0.8361840211840297
2181,72.69927299999999,0.07386402293484677,0.2496854098410104,0.8365297593945276
2182,72.73260599999999,0.07295688608283166,0.24328701464544128,0.8355908804515235
2183,72.765939,0.07439335921283734,0.2571575512419675,0.8386249279394031
2184,72.799272,0.07476287993852421,0.2450095525317018,0.8403586697355951
2185,72.832605,0.07353716658347235,0.26575025937630703,0.8175017981673814
2186,72.865938,0.07282501237847469,0.246091662057073,0.8279265343299184
2187,72.899271,0.07385462594745404,0.25113710987309656,0.8357500794803764
2188,72.932604,0.07372110704348078,0.24561261946682011,0.8356176340916363
2189,72.965937,0.07405631559769112,0.26170292823663704,0.8282874886989684
