idx,time_sec,mar,ear,nose_chin
0,0.0,0.18097802618770503,0.3725309060594919,0.8979346528003477
1,0.033333,0.1799230327409812,0.35290697871282606,0.8990185942946587
2,0.066666,0.16939582279777887,0.36203936659474556,0.9176334705568349
3,0.09999899999999999,0.17051178835684008,0.366447950591652,0.9173674740870862
4,0.133332,0.16304023929317799,0.36029999334085294,0.9202527807554924
5,0.16666499999999998,0.19489130516205738,0.3719261624611929,0.9113683450828123
6,0.19999799999999998,0.17714115203801512,0.34553180302494046,0.9052058304680212
7,0.23333099999999998,0.15881878017201653,0.3625418097911379,0.8922316667035081
8,0.266664,0.15001692693622853,0.35957166920126743,0.8715184594963609
9,0.29999699999999996,0.1435938418268372,0.3577421173087427,0.8719888894929292
10,0.33332999999999996,0.14149112896564894,0.3569131361193071,0.8660474024099585
11,0.36666299999999996,0.14091004216847816,0.3523574050062805,0.8527020912457661
12,0.39999599999999996,0.1490984515772959,0.3414331278668533,0.8561117222243814
13,0.43332899999999996,0.13860070630793764,0.3458999869913545,0.8517435320929047
14,0.46666199999999997,0.1405575323986239,0.35360649888724477,0.8467660281620842
15,0.49999499999999997,0.14035348385140128,0.34882932942498257,0.8464216738045934
16,0.533328,0.1418395631344174,0.3524413621464284,0.8402034258953508
17,0.566661,0.1378656936393071,0.3412720733699952,0.8373981768968458
18,0.5999939999999999,0.13747069997101205,0.3404280801434564,0.8387109241258663
19,0.633327,0.13900121298000576,0.3447522040013229,0.8417713336326308
20,0.6666599999999999,0.1400937430591606,0.34520010952880364,0.8410032902489727
21,0.699993,0.14311914058340935,0.3362420066925377,0.8403271999789539
22,0.7333259999999999,0.14373320734970962,0.33950140953102304,0.834880407815422
23,0.766659,0.13843836992193853,0.3463847705080556,0.8407251962107202
24,0.7999919999999999,0.13852279857088032,0.34322231166372297,0.839754913435971
25,0.833325,0.1357641731460658,0.3462348046952646,0.8448177216995256
26,0.8666579999999999,0.13525084397633974,0.3472912728053805,0.8402174130147267
27,0.899991,0.13663941583439665,0.34562083692399714,0.8402602897429791
28,0.9333239999999999,0.1380226644125453,0.34301385437806287,0.8411770608549357
29,0.966657,0.1428255509679129,0.34573823479897886,0.8353750411937906
30,0.9999899999999999,0.13709121932926085,0.3378233773685251,0.8407957883756758
31,1.033323,0.13338051109653726,0.3387581069693407,0.8494778373114936
32,1.066656,0.13347585672863765,0.34262761536665776,0.8416067932807214
33,1.0999889999999999,0.13265760381373026,0.3415564246992004,0.841459554857764
34,1.133322,0.13379822106300443,0.3445011540019335,0.8416677526168931
35,1.166655,0.13962595090612517,0.3482011264110041,0.84251773362129
36,1.1999879999999998,0.14495533273505715,0.33015766996943297,0.8463628617113368
37,1.233321,0.14264061680213339,0.2330429699968687,0.8765389910682336
38,1.266654,0.1475371494677802,0.04666140414224337,0.8533324974335149
39,1.299987,0.1499245785509206,0.04052487040675391,0.8583619125418631
40,1.3333199999999998,0.15440798166544079,0.19313119522321126,0.8854279668305846
41,1.366653,0.1554148549181694,0.31852371357485265,0.8858795566531366
42,1.399986,0.14269376226932362,0.3589796142831581,0.8778480808722434
43,1.433319,0.1466121265778896,0.40855074013832937,0.8866330481616336
44,1.4666519999999998,0.1631078243146516,0.4065443336399458,0.8919038758446771
45,1.499985,0.16006427198127005,0.4254985801005252,0.9044763648730204
46,1.533318,0.16372446300570342,0.4231427808430138,0.9033772460838104
47,1.566651,0.1732260222823721,0.42612964795307917,0.8974575646829915
48,1.5999839999999999,0.1764744700569412,0.43443261925979026,0.9139514853700591
49,1.633317,0.16530078776805338,0.43325461832636486,0.9168561537400395
50,1.66665,0.16615851338511134,0.4347987331900399,0.9209140238944501
51,1.699983,0.16410773072333498,0.43483074248232767,0.9278591689124994
52,1.7333159999999999,0.1783033546116112,0.43300035353420446,0.9348142317288048
53,1.766649,0.17732982831950733,0.4326340716686566,0.9409277437294402
54,1.799982,0.1761863156443878,0.421448575470021,0.9407468069377167
55,1.8333149999999998,0.1826162854382152,0.43552111393672555,0.9520757912957021
56,1.8666479999999999,0.18662294582870292,0.43139893307169513,0.9624713735169405
57,1.899981,0.17919796826107315,0.42933323120775113,0.9612192701362173
58,1.933314,0.18472109391102426,0.4363648840833694,0.9705761914513243
59,1.9666469999999998,0.18033979913196793,0.43242493264348225,0.9654952678361752
60,1.9999799999999999,0.17244351368206387,0.44057128639325827,0.9714228122772356
61,2.0333129999999997,0.18170075353876758,0.44178319179519443,0.9718492272085949
62,2.066646,0.1719767374995195,0.4380417749761568,0.9758410316134802
63,2.099979,0.17106203549297558,0.4252783548666065,0.9712879016465885
64,2.133312,0.17067179291633838,0.4222469463225158,0.9699322784129459
65,2.166645,0.17376653158296587,0.41340902198999485,0.9759654902935655
66,2.1999779999999998,0.17267847480585288,0.4201458313238879,0.977170376758867
67,2.233311,0.17291950197139172,0.4262476416229318,0.9700382378260098
68,2.266644,0.1625543484546032,0.4316258886762694,0.9640754454711968
69,2.2999769999999997,0.15371439696952466,0.4437959052312852,0.9853002541111356
70,2.33331,0.14413272770928964,0.4320886056816735,0.9619541742952945
71,2.366643,0.140391990385647,0.4323800424621585,0.9666633493754946
72,2.3999759999999997,0.12908880451539806,0.4381943282536915,0.9717219282415476
73,2.433309,0.11056331822965527,0.4418658276021068,0.9656842168838459
74,2.466642,0.0920167891985949,0.43924497611624647,0.9540656068288091
75,2.499975,0.06227111275231508,0.4348434366672698,0.9594824030099192
76,2.533308,0.061792909407866956,0.4310705128543647,0.9582562585805924
77,2.5666409999999997,0.08415005346519082,0.4467311015459656,0.9589396712944752
78,2.599974,0.17664902629924845,0.44468137938976915,0.9813403301151846
79,2.633307,0.2158085336934007,0.42601990504017284,0.9695144830343352
80,2.6666399999999997,0.2233524563910173,0.4230655307888539,0.9707610455486444
81,2.699973,0.2143223700205417,0.41641977691569254,0.9776197521032992
82,2.733306,0.1936147278593829,0.4130824246145175,0.9664330778671251
83,2.766639,0.15886537692142316,0.41100715438103474,0.955433679714116
84,2.799972,0.13094992179688042,0.39499459188499614,0.935691939494476
85,2.8333049999999997,0.1125436857786672,0.38182102277008606,0.9344898058997645
86,2.866638,0.12034738360263836,0.3634242267927168,0.9219850766790678
87,2.899971,0.1295659793497724,0.36617625341300686,0.9217432362937402
88,2.9333039999999997,0.13620080351747865,0.37397870179742343,0.9119190329859082
89,2.966637,0.13428075227029065,0.37193613085050803,0.9144651511865346
90,2.99997,0.13418807595343143,0.3609880676897683,0.9137090245296497
91,3.0333029999999996,0.13470444463211098,0.3507312296601385,0.9017938372016544
92,3.066636,0.138499206432431,0.3449410819178605,0.9213539889580704
93,3.0999689999999998,0.1473434293644452,0.3306868975066163,0.9368031138793279
94,3.133302,0.16224011423595341,0.31721836242088136,0.9561743934991807
95,3.166635,0.15733126650898813,0.32232120861854,0.9493053150127054
96,3.1999679999999997,0.14799141534239624,0.3128051442094262,0.9482802531693613
97,3.233301,0.14833617760623533,0.3133324401095456,0.9412906369925343
98,3.266634,0.15534654284643304,0.3128298275347625,0.9368413099951316
99,3.2999669999999997,0.14873835079137118,0.27280288534331687,0.9333551841216334
100,3.3333,0.11344782989472028,0.10795209529513629,0.921071841538316
101,3.3666329999999998,0.11237700276773699,0.036637998765640625,0.8945554664137061
102,3.399966,0.11414373480802464,0.043653125645750676,0.8897426775823135
103,3.433299,0.12692392196414068,0.1296377148275259,0.8998793170414606
104,3.4666319999999997,0.1643706665969638,0.19127952319671332,0.908688272644503
105,3.499965,0.17187175065326443,0.2317964218162939,0.9114727515354437
106,3.533298,0.20469271628239075,0.2545741485306412,0.9343306605660036
107,3.5666309999999997,0.19946980851904242,0.2767721296748473,0.9501670185264327
108,3.599964,0.20204364089771826,0.27697238328819307,0.9570223495032344
109,3.6332969999999998,0.1987238322768234,0.2835524694236116,0.9557041636643916
110,3.6666299999999996,0.20054699884102112,0.29297731793510995,0.9496369489756507
111,3.699963,0.21663055620910288,0.3030896150702769,0.9364066247355851
112,3.7332959999999997,0.21087521250028576,0.3043412453698249,0.9458143798440728
113,3.766629,0.20628954441203692,0.31675358015586486,0.942900295365379
114,3.799962,0.21300823710093028,0.3194031013679658,0.9573953907368004
115,3.8332949999999997,0.21813476336647955,0.3228179677342691,0.946767416518999
116,3.866628,0.2366869035726896,0.32861802801365014,0.9501293757758454
117,3.899961,0.23963847609884892,0.33683981540529206,0.962589823415762
118,3.9332939999999996,0.22913667354593195,0.3469089616832073,0.978296345287114
119,3.966627,0.2211363666355141,0.3536432949377736,0.9871580570441767
120,3.9999599999999997,0.2286067748155553,0.35197260156628407,0.9993343004400482
121,4.033293,0.22525829809577746,0.3630954173511463,1.0056822278717712
122,4.066625999999999,0.22435789757613037,0.3584371868920844,1.0052353808497052
123,4.099959,0.22635292376176294,0.36168305679964474,1.0169780900589283
124,4.133292,0.23103270009253696,0.3528253809284758,1.0122773040929818
125,4.166625,0.23844000399507798,0.35685243559428054,1.0217777972002826
126,4.199958,0.24187870165052544,0.35484722767998234,1.0220302783549127
127,4.2332909999999995,0.23519496793965208,0.3570569569993683,1.032294781608616
128,4.266624,0.22031160907937783,0.35015734140777016,1.031348757616801
129,4.299957,0.2098614161262675,0.35446886728171223,1.0185397875538709
130,4.33329,0.20491405064851323,0.34585309567932804,1.0203182487434574
131,4.366623,0.20535933489935024,0.35275877077048656,1.0210400549455163
132,4.3999559999999995,0.1974407596708447,0.3472476515209322,1.017376626548322
133,4.433288999999999,0.20448278448499602,0.35235010166009173,1.0100994665835414
134,4.466622,0.2104604475386463,0.35566132291034813,1.004919051534741
135,4.499955,0.20916030842526553,0.34587555474129783,1.0069785084380627
136,4.533288,0.2177206655265949,0.34650560022778,1.0085868291859634
137,4.566621,0.22112060915814238,0.3454174876209746,1.0087248304319765
138,4.599953999999999,0.22751576268927617,0.3590744493924295,1.0279896776566597
139,4.633287,0.22385229549078428,0.3623507873538586,1.024260057158252
140,4.66662,0.17132568459776923,0.36407317631657843,1.0233855497056545
141,4.699953,0.10258244754614107,0.36198997787301485,1.008992055425609
142,4.733286,0.10263054027492528,0.36235338079641377,0.9975019600525697
143,4.7666189999999995,0.10155631737639287,0.3767749353309866,1.0007178438147244
144,4.799951999999999,0.10171248596551939,0.3745049677943054,0.9899393697986449
145,4.833285,0.1544007978730139,0.3703986227505024,0.9970121274720307
146,4.866618,0.18917711373473312,0.36968452170719945,0.9886991170386982
147,4.899951,0.2004558121960057,0.37193072384556763,0.9893148912615289
148,4.933284,0.20103404077552553,0.3704293549529793,1.0066223252254762
149,4.966616999999999,0.18829225779018477,0.3778741278957185,1.0044603063751374
150,4.99995,0.1999710391280849,0.37309801125623476,1.0109250621861503
151,5.033283,0.15820829359539929,0.27547028488217434,1.0371773257911552
152,5.066616,0.10461254704288933,0.07659367615392915,0.9977180607228697
153,5.099949,0.09431739747015076,0.06358783219360734,0.9645468353171044
154,5.1332819999999995,0.09105045914482635,0.15757645954526373,0.9625913281094025
155,5.166615,0.09140087104050364,0.28685052777002357,0.948261854245722
156,5.199948,0.13500591570626097,0.3376274360913454,0.9356076437761673
157,5.233281,0.15344925970559645,0.3672236973633626,0.9218493408899338
158,5.266614,0.17992938280919035,0.37435867769440745,0.9212419447947919
159,5.2999469999999995,0.18973273157667936,0.36809566676592803,0.9354238931851213
160,5.333279999999999,0.19028647807343396,0.3637337336504477,0.9309380397757023
161,5.366613,0.1873816549427066,0.3552471554556872,0.9122321385993104
162,5.399946,0.17333687177351007,0.35668569562839625,0.9175373323427128
163,5.433279,0.146880906597076,0.3535989777722049,0.9254846113569917
164,5.466612,0.14798202411407932,0.3544477370096616,0.9236154303147247
165,5.499944999999999,0.14017498991280705,0.3480333174302963,0.9162256982408972
166,5.533278,0.13540691116254863,0.3447997499868096,0.9043864411350877
167,5.566611,0.13532121428849014,0.35156460649480115,0.9090345109038764
168,5.599944,0.15476615389019918,0.3550142504235857,0.9230279028195081
169,5.633277,0.16376608668443582,0.34984094881274613,0.9305984705503244
170,5.6666099999999995,0.16462638871542795,0.3397931604845007,0.9359104590297598
171,5.699942999999999,0.17153604316835924,0.3400528319703574,0.9413714409090891
172,5.733276,0.18059973727987458,0.3396782890604023,0.9499207352509911
173,5.766609,0.18091620169297123,0.3648720153640769,0.9453149474262205
174,5.799942,0.1988772824571401,0.36855216324993706,0.9509672911870732
175,5.8332749999999995,0.21139220272656653,0.3613912706426574,0.9592878876774565
176,5.866607999999999,0.20300144271852869,0.3496435595283549,0.9621482048405925
177,5.899941,0.20853549133960578,0.35116748536376197,0.9692132332289105
178,5.933274,0.21555260090261313,0.3513390786440074,0.9733635555290632
179,5.966607,0.2136603187977973,0.35525771389092,0.9730881047422048
180,5.99994,0.21645374288704275,0.3709346753433206,0.9667364348277256
181,6.033272999999999,0.2178039341284473,0.36544214094239436,0.9635660656036057
182,6.066605999999999,0.2290961735441006,0.37090117744450857,0.9687747567791613
183,6.099939,0.23770392539741614,0.3620147242825817,0.9798712851103156
184,6.133272,0.24066210838951946,0.35454234814478164,0.9841213126832247
185,6.166605,0.24874572396143058,0.3722235583884518,0.9873307435501479
186,6.1999379999999995,0.2527393375762345,0.38415787288004216,0.9855923825516831
187,6.233270999999999,0.261807842774365,0.3874885862643497,0.99003612017875
188,6.266604,0.2647500773348796,0.38021006217043174,0.984934587552565
189,6.299937,0.26929876937094943,0.39127226250943653,0.984719201508936
190,6.33327,0.27102389622702855,0.3355462428216438,1.003894040421717
191,6.366603,0.2584692326277826,0.08982381058401434,1.011938639042308
192,6.399935999999999,0.24638803872220733,0.023802809915191493,1.0020631700217701
193,6.433268999999999,0.24978370744147083,0.03977920798212513,1.0068320068215875
194,6.466602,0.24234569879859053,0.09310677887938726,1.0217858525676975
195,6.499935,0.23772109520915832,0.16590979292561375,1.0203211118391764
196,6.533268,0.2366287604828745,0.21183497583265615,1.036936895231904
197,6.5666009999999995,0.23339456739446834,0.2521562373949257,1.0309378879484254
198,6.599933999999999,0.22870582682782906,0.24601877670363087,1.012678175026679
199,6.633267,0.22815071079060403,0.24304826986087746,1.0098182961782654
200,6.6666,0.2443320865036907,0.250973068669803,1.0209825407938373
201,6.699933,0.25551346993724755,0.26266573537460775,1.0176412430621948
202,6.7332659999999995,0.24277514721732155,0.26607055609477426,1.0094473381087925
203,6.766598999999999,0.22911142640835364,0.25628376978563333,1.0037996890890206
204,6.799932,0.217635292187018,0.2425577565710994,0.9991879550522303
205,6.833265,0.20914643613366882,0.31323165375857337,0.9582689389683998
206,6.866598,0.19769495938898812,0.3398929832309504,0.9388052572099786
207,6.899931,0.2064934013275934,0.3670246823111898,0.9344145999182222
208,6.933263999999999,0.2156208540925808,0.37931722690914715,0.9203345828304207
209,6.966596999999999,0.2085652840939152,0.37982430103088327,0.918488014190162
210,6.99993,0.22732691343791256,0.3890015309000302,0.9150494342486777
211,7.033263,0.22741087658098819,0.3928052427334704,0.9135272132872164
212,7.066596,0.2167490524175533,0.392881116004701,0.9147290926132229
213,7.0999289999999995,0.2176544417471489,0.39178357965738986,0.9179374021255982
214,7.133261999999999,0.2086928165127138,0.3981622029627968,0.9213423107248705
215,7.166595,0.20768439586858314,0.3807876199893504,0.9279764093293661
216,7.199928,0.2331270591074201,0.3804971360649553,0.9438509045498672
217,7.233261,0.22384220862648074,0.3851296011025678,0.9484440968776463
218,7.2665939999999996,0.21353588028806178,0.37822798572064287,0.9424399138813782
219,7.299926999999999,0.17963422202999685,0.38009975601700574,0.9227239334388943
220,7.333259999999999,0.15226754315680857,0.3844497495056889,0.9115597839896997
221,7.366593,0.1505245746685615,0.3899307008811663,0.9129039462180714
222,7.399926,0.1303925646783328,0.40153463030669034,0.8975771360883025
223,7.433259,0.12792145155176154,0.4129519625002489,0.9056185861710464
224,7.4665919999999995,0.11387318297149977,0.41268935058168144,0.9087476232190165
225,7.499924999999999,0.11731304601484395,0.4179697105328898,0.9127723905918455
226,7.533258,0.13190371786624225,0.4176512180927483,0.9257847216840686
227,7.566591,0.13515027897410503,0.4298663042350354,0.9264310994416568
228,7.599924,0.1192275781078398,0.4259305642405218,0.9261429332273096
229,7.6332569999999995,0.09764395536604886,0.41467365757848135,0.9303194953328675
230,7.666589999999999,0.1268709810224749,0.4116068473760913,0.9338422555396639
231,7.699922999999999,0.13504604978887086,0.4057711193380584,0.9461368717228326
232,7.733256,0.1359873823341049,0.40129519951019926,0.9353628484771805
233,7.766589,0.11663475956196827,0.38922670558639705,0.9356745427845506
234,7.799922,0.12503042078344592,0.39854092322848117,0.9386401106305587
235,7.833254999999999,0.13191202619717637,0.4010254177216703,0.9319913785104014
236,7.866587999999999,0.15718427200790816,0.40586543929274554,0.9349853193289382
237,7.899921,0.16478948648197808,0.3907708383391152,0.932146118538474
238,7.933254,0.16744476826293872,0.3783035611336858,0.9423641121182569
239,7.966587,0.17099377689037598,0.36729358046580063,0.952477303320623
240,7.9999199999999995,0.17143300034053965,0.37925662524130227,0.9539064528394927
241,8.033253,0.17069976069869092,0.3817893396799386,0.9625474160960105
242,8.066586,0.18542615094272138,0.3867944415274358,0.9808560558573959
243,8.099919,0.197993291580464,0.38686307192742464,0.9803770643099425
244,8.133251999999999,0.1941050529811903,0.38359944197092966,0.9867653174141027
245,8.166585,0.20421262126842302,0.38164657284868975,0.9787212169715375
246,8.199918,0.19957926180526128,0.375172333109129,0.9793256233542452
247,8.233251,0.2063258818763454,0.37689501128675557,0.9854005454650618
248,8.266584,0.19747226751658653,0.36688699929012786,0.9996841695235733
249,8.299916999999999,0.19814212695528388,0.3161470626327161,1.0211265230146056
250,8.33325,0.21701447420704953,0.2779996709230207,1.0446960176309474
251,8.366583,0.23846071034507438,0.2527250612095387,1.027254022747893
252,8.399916,0.22767030438377425,0.2603534589801997,1.0361350405061442
253,8.433249,0.20572423219154967,0.2604247351315151,1.0280631450489912
254,8.466581999999999,0.17530947443129502,0.26288312005527853,1.0209703239478434
255,8.499915,0.15776634576761867,0.21474997280334512,0.9951101291767507
256,8.533248,0.14449726114313985,0.0914807157340476,0.9662923860057486
257,8.566581,0.1458265223036324,0.12998638623781372,0.9542662924528849
258,8.599914,0.15244143961699597,0.24733799910636622,0.9498542189816417
259,8.633246999999999,0.159428040877078,0.28730559719517856,0.9388796565965207
260,8.66658,0.1661594048396452,0.3089740889974917,0.9200261112087431
261,8.699912999999999,0.18869944466674263,0.32373975533385557,0.910171478705362
262,8.733246,0.18800339180392814,0.30276209115212094,0.9190283359893434
263,8.766579,0.19331031627498327,0.3293430092458989,0.9109504236703885
264,8.799911999999999,0.17974286221923838,0.33794866835515097,0.9053630762531635
265,8.833245,0.17563851631699098,0.3428604604155886,0.9076016536671724
266,8.866577999999999,0.17478132632624613,0.34436253145489293,0.9140387671593104
267,8.899911,0.17133434041478215,0.34578623253606844,0.9192352971066771
268,8.933244,0.1810347718870514,0.34784448300172494,0.9181822929343462
269,8.966577,0.1926573390712744,0.3557788581696607,0.916595223194639
270,8.99991,0.19243606717623435,0.342151850515535,0.9319366352729669
271,9.033242999999999,0.2040300765456834,0.3339436554440467,0.9362366177507748
272,9.066576,0.2055173490812488,0.32951943349069923,0.9237703383723345
273,9.099909,0.20232242148761131,0.3319330945153073,0.9234770653231372
274,9.133242,0.2037124095357549,0.33003312422618447,0.9176985962823554
275,9.166575,0.19539074244150428,0.32247320749041486,0.9148803384106194
276,9.199907999999999,0.19974846202221058,0.3224009175577265,0.918868458366889
277,9.233241,0.19920574695608922,0.30704456079847675,0.9243193512899518
278,9.266574,0.20366983796708205,0.3124340336617153,0.9326702425417739
279,9.299907,0.21021085003847223,0.30769274075747377,0.9438321936080657
280,9.33324,0.2182970987242393,0.29690976083775855,0.9356839960832686
281,9.366572999999999,0.20954910844555893,0.29663530619413253,0.9457757620360471
282,9.399906,0.2047920377264843,0.2920235662718842,0.9549346762054293
283,9.433239,0.19439420041185196,0.2620747994738105,0.9542642671868182
284,9.466572,0.1935922800619587,0.22363809507501528,0.9534304044835713
285,9.499905,0.19237022894638187,0.2450797881488072,0.9433304737912745
286,9.533237999999999,0.19292150818515727,0.2736300616635241,0.9349944871037446
287,9.566571,0.17938264292370243,0.28043133369551854,0.9274967313779999
288,9.599903999999999,0.17373110283828794,0.29302622980045856,0.9185332501799448
289,9.633237,0.1701652571163689,0.26524043394432684,0.920941367254371
290,9.66657,0.1736361627263061,0.12262641839159495,0.9344041842001138
291,9.699902999999999,0.18202717472449312,0.0199012672393439,0.9037192001449795
292,9.733236,0.18440118237286746,0.01244491137792015,0.9083937121566225
293,9.766568999999999,0.19475408383225365,0.01210493647114362,0.9089600120637044
294,9.799902,0.2103356378207836,0.013347939216290461,0.9107189400555683
295,9.833235,0.22860288404068074,0.01252584607312017,0.9194939878288131
296,9.866568,0.25253690359317515,0.012766656096615942,0.9366865497670037
297,9.899901,0.2538657118462413,0.01240833926159199,0.946134817086078
298,9.933233999999999,0.2828692563698904,0.015097893715417244,0.9505797252819629
299,9.966567,0.2955063370272669,0.020502910601094895,0.9689759079086988
300,9.9999,0.2939600577409019,0.02720269589136493,0.977025372610762
301,10.033233,0.2955113763363995,0.027633380345742194,0.9915332538308873
302,10.066566,0.2988732065618784,0.02012894076637987,0.986674316126969
303,10.099898999999999,0.3120762224945361,0.022771471827616487,0.9912741767647909
304,10.133232,0.3108425977779571,0.028020736869016866,0.9960581809982725
305,10.166565,0.3084237987351922,0.028623736147155805,0.9944336878748937
306,10.199898,0.3159228548335738,0.03019150615564328,0.9934627262155783
307,10.233231,0.3192401094436317,0.03162953193000062,0.9865256433036809
308,10.266563999999999,0.32162634502598586,0.03196239898719522,0.9927897345760818
309,10.299897,0.317387295148758,0.032456866550224846,0.9979246113156444
310,10.33323,0.32745948031548244,0.03063257494657645,0.9992781517245467
311,10.366563,0.33793871290105854,0.03516870394235978,0.9933524757011506
312,10.399896,0.3371404608769542,0.030881025247119418,0.9869754151561336
313,10.433228999999999,0.32882042623058283,0.03449853577164213,0.9846342130047261
314,10.466562,0.31834869251315423,0.02838109262645821,0.9795474170358117
315,10.499894999999999,0.30541210604996055,0.018502938393614055,0.976420223486139
316,10.533228,0.3019427646030689,0.03548877176661334,0.9797330948541076
317,10.566561,0.31533444137563055,0.11313047252776116,1.000423519338258
318,10.599893999999999,0.31622671356282006,0.18718440576940581,1.0324279934899279
319,10.633227,0.30532813582994583,0.24446609529656368,1.0355233220969164
320,10.666559999999999,0.3030165264558732,0.26680850579686555,1.0387271656712533
321,10.699893,0.294443670662856,0.2788595933779748,1.0181232359283088
322,10.733226,0.3033150327042011,0.276095228987984,1.0102388432709062
323,10.766558999999999,0.31156680593774577,0.289203835444683,1.002052274583914
324,10.799892,0.3219238351821126,0.31392797793614247,0.9872918496866668
325,10.833224999999999,0.3161737037960271,0.3146579689908924,0.9779259409368027
326,10.866558,0.3105938009110178,0.30000257104437034,0.9745514346566012
327,10.899891,0.30620134679790295,0.13884552435236044,0.9479638595876583
328,10.933224,0.29913591475128143,0.03776616589602401,0.9227744414657839
329,10.966557,0.29516744975479464,0.03632267018148555,0.9094087625931078
330,10.999889999999999,0.28559336015709,0.13055617704578895,0.931236455251239
331,11.033223,0.27029678666114626,0.22311756281046205,0.9478569543735329
332,11.066556,0.26545046046655696,0.27326517568068387,0.9351992526402885
333,11.099889,0.2642201035844137,0.2926129909738781,0.9267226917367889
334,11.133222,0.24650871351196613,0.273039442458654,0.9347767016873628
335,11.166554999999999,0.23544036466241608,0.30060278848018607,0.9459000410580539
336,11.199888,0.23471235623346548,0.30109632300115163,0.9592286579856022
337,11.233220999999999,0.24389556676288757,0.31626460407258505,0.9587156226121653
338,11.266554,0.2279338557649787,0.3340570824561383,0.9576811346786485
339,11.299887,0.2031613904881829,0.33935156352311213,0.9366614318787152
340,11.333219999999999,0.20230283062889387,0.34155668754032475,0.9276158238676498
341,11.366553,0.1956418535550165,0.3466010918919502,0.9208462007348729
342,11.399885999999999,0.18073297201283864,0.35712365559076154,0.9187141064692219
343,11.433219,0.19016941182915048,0.3456848350879079,0.921707414529757
344,11.466552,0.1847144919312773,0.3525488808920522,0.9048579204091003
345,11.499884999999999,0.2093055811820109,0.34975921171352875,0.9066301337832692
346,11.533218,0.1911101912386076,0.35054521926466414,0.9049315152259528
347,11.566550999999999,0.17828655023334983,0.361472970546172,0.9060290139773667
348,11.599884,0.15713390766103,0.35478628978149296,0.9049424872765283
349,11.633217,0.12878963470639326,0.33883577312550706,0.8938801709058901
350,11.666549999999999,0.09178071515783967,0.34847872259374557,0.8746674155985782
351,11.699883,0.08740685770224395,0.3343945176784594,0.8802719278026612
352,11.733215999999999,0.08784895752497995,0.337276082304246,0.876962617493076
353,11.766549,0.08193936050062353,0.3437926576818984,0.8719129899510821
354,11.799882,0.0891122625818051,0.3456146669278112,0.8706406038163922
355,11.833215,0.08320113984659609,0.35314544863676767,0.8663377563316531
356,11.866548,0.08205632441746587,0.34839793340079767,0.8755989361840597
357,11.899880999999999,0.08295062070090677,0.3494486314489642,0.877107231428221
358,11.933214,0.07980408694701005,0.3345138155921049,0.8843489677785342
359,11.966547,0.07875421165459896,0.33718883052099996,0.8706412099884436
360,11.99988,0.08141382035128424,0.3396550250873651,0.8766682959297424
361,12.033213,0.08132187075813148,0.33426493807746577,0.8781691189080743
362,12.066545999999999,0.08113907577256552,0.33651862612960914,0.8739199850608114
363,12.099879,0.08215291891278023,0.3350781440747711,0.8704679671761312
364,12.133211999999999,0.07966647953765002,0.3382942982615065,0.8710888055046161
365,12.166545,0.08078564154644291,0.34723117771977474,0.8740555909507388
366,12.199878,0.07952184202900012,0.34123267180646677,0.8538405079221836
367,12.233210999999999,0.08027222415249316,0.3322247050539606,0.8670635729456184
368,12.266544,0.08077614642406913,0.33456018596898157,0.8578910010081383
369,12.299876999999999,0.08277558184441211,0.3370726840610364,0.8701846477581231
370,12.33321,0.08355810425977431,0.33604388721720146,0.8736512890679383
371,12.366543,0.08776198618273923,0.3382595893789144,0.8866248679669665
372,12.399875999999999,0.08690231537583544,0.3333359517921851,0.8885154939751866
373,12.433209,0.08848287647774675,0.3308468482593504,0.894272352721676
374,12.466541999999999,0.08975118311302854,0.3370303401343808,0.9038851404034586
375,12.499875,0.09126753800859456,0.34466071750366856,0.9030484633371839
376,12.533208,0.08971064691311834,0.34514108006032473,0.8987174836609056
377,12.566540999999999,0.09244597168791076,0.34529258997556467,0.892134681719969
378,12.599874,0.09164736184023331,0.34722823805463066,0.8878094830406554
379,12.633206999999999,0.09266667809450552,0.34549057663706806,0.8956581695042116
380,12.66654,0.09068859749391235,0.34989394865733814,0.8926646276019375
381,12.699873,0.09022812022925586,0.35590518271456173,0.9064364623749079
382,12.733206,0.09069788245175461,0.35215853274232767,0.915542846613908
383,12.766539,0.09549072546268488,0.35160365619261313,0.9194789880926718
384,12.799871999999999,0.10786945896682895,0.3432111328429902,0.9238923577782069
385,12.833205,0.12587938063763834,0.3533502654225136,0.9131156594963199
386,12.866537999999998,0.13444638033227255,0.35651850281825,0.9150353516471603
387,12.899871,0.13941167366203835,0.3553930366754414,0.9200159324419748
388,12.933204,0.1477184303387173,0.351288258617372,0.9248367812086776
389,12.966536999999999,0.14380497923733065,0.3364914911334767,0.9325135491378292
390,12.99987,0.15285562157302274,0.282370712669181,0.9409120623048903
391,13.033202999999999,0.16800769433402507,0.10334798737148271,0.9238040511382
392,13.066536,0.17004232180253806,0.17155147693226935,0.9185196335109227
393,13.099869,0.17601423827025575,0.2588437092737579,0.9138249790718107
394,13.133201999999999,0.17479237793783173,0.2967454964281595,0.9060667563619702
395,13.166535,0.1712020398925089,0.3236794281845896,0.8955689751302197
396,13.199867999999999,0.17390789719107252,0.3410104623152146,0.8888525649704769
397,13.233201,0.17077040529480342,0.3661265258397093,0.898670610154028
398,13.266534,0.17180518927677654,0.3872474647159135,0.8942215513314217
399,13.299866999999999,0.1721780654741009,0.3848070561993208,0.8932614803885471
400,13.3332,0.17828221887829213,0.3842449832145616,0.8861574877565462
401,13.366532999999999,0.17186168213554665,0.38278756242779466,0.8879516637179675
402,13.399866,0.17212527472248076,0.3908425944326751,0.8844197478446572
403,13.433199,0.17308305155236303,0.39074715326854154,0.8858724355864726
404,13.466531999999999,0.1724157285786113,0.3903039221190265,0.8859135775375624
405,13.499865,0.17611219614457038,0.3901090712352385,0.8809768276237834
406,13.533197999999999,0.17619271104295806,0.38052912759107094,0.876145205254205
407,13.566531,0.1743481637057141,0.38356988178379947,0.8805846418460985
408,13.599864,0.1724465739032842,0.37720771756964877,0.8820043362394788
409,13.633197,0.17758847749049125,0.34467210052318886,0.8886962882901446
410,13.66653,0.17549603611569878,0.3846777430936408,0.8964109112440555
411,13.699862999999999,0.17556660441495817,0.42084535395874434,0.9050270901305318
412,13.733196,0.17877024646572456,0.41816060019969603,0.8977562092786554
413,13.766528999999998,0.18398894062584745,0.4045549332996967,0.8977947253391034
414,13.799862,0.18356062741578863,0.40109410545182733,0.9103359260547514
415,13.833195,0.1875311161971848,0.4162315919434245,0.9179831568848443
416,13.866527999999999,0.19179087502319847,0.41448956788444147,0.9208634113242379
417,13.899861,0.1981053137114784,0.4153497181941016,0.9228550469634597
418,13.933193999999999,0.19785221485365379,0.40210267273056266,0.9233768360489846
419,13.966527,0.19747089925171538,0.4149776061754745,0.9342331293101576
420,13.99986,0.19800221919050123,0.39535497550858856,0.9317450094751234
421,14.033192999999999,0.20049868471727672,0.3941433012480015,0.940109764139521
422,14.066526,0.19423063299044485,0.3990431577661911,0.9332229931095749
423,14.099858999999999,0.196222644315362,0.39488616312433955,0.9354916348993507
424,14.133192,0.1924500563651155,0.40135243181723135,0.9328024807349236
425,14.166525,0.19166465636462476,0.3881723518349221,0.9433359807333676
426,14.199857999999999,0.18990112479349608,0.3911446089593733,0.9457527290368837
427,14.233191,0.19342247660279033,0.3800403109020939,0.944764337362847
428,14.266523999999999,0.19174540104415527,0.38522011290238267,0.9598003114812578
429,14.299857,0.1990194754781735,0.3927589917326931,0.9552073853433414
430,14.33319,0.19865186569876755,0.3886130144021097,0.9651213470452761
431,14.366522999999999,0.20852282580148332,0.38850798086461497,0.9729308615565477
432,14.399856,0.21602856194536058,0.39279774270638407,0.983369311114817
433,14.433188999999999,0.2308484391756418,0.3814066809467336,0.9924773827940996
434,14.466522,0.2382970672138386,0.37418224413706885,1.0058597284182862
435,14.499854999999998,0.24648536309121355,0.37244232617705325,1.0179684401074964
436,14.533187999999999,0.2463093082461488,0.37926313856211646,1.0220733559997466
437,14.566521,0.2244348960066357,0.3794417014508323,0.9993287875114985
438,14.599853999999999,0.21984169668526732,0.39224291336355926,0.9872993637065381
439,14.633187,0.20835130153494755,0.38925536389532106,0.9935000320382601
440,14.666519999999998,0.20501839702665575,0.3873375909990828,0.9785689518754842
441,14.699853,0.20341843098573625,0.38806329288726354,0.9803880580306523
442,14.733186,0.21116120001354138,0.39572655471831375,0.9889896616967256
443,14.766518999999999,0.22932716495341604,0.3866073179938755,0.9895293942899308
444,14.799852,0.24389835284816078,0.3866950314478231,0.99258055068714
445,14.833184999999999,0.26370626714591316,0.39078689725138827,0.9890899986578865
446,14.866518,0.2672904465706458,0.39093871425780435,0.9933270588741758
447,14.899851,0.24442854484912527,0.37952363287883095,0.9993639455862218
448,14.933183999999999,0.22301182891936086,0.37378560342670447,0.9851345362008564
449,14.966517,0.18247588886340846,0.3706343139926864,0.9731877372639222
450,14.999849999999999,0.16004333800730491,0.38259620766674707,0.9630330874692453
451,15.033183,0.14868174625901506,0.39190477224737447,0.9500632409869036
452,15.066516,0.1528286546392545,0.40065146682358455,0.9454581840958717
453,15.099848999999999,0.15826077801821323,0.3964203414000351,0.9412525067086598
454,15.133182,0.16109093778850087,0.39715001582300163,0.9382104779613301
455,15.166514999999999,0.162539430529605,0.39428727328894364,0.9329817352876832
456,15.199848,0.15741271471618234,0.39613006051873983,0.932058735776772
457,15.233181,0.16035831119769267,0.38385163581438303,0.9304939534446296
458,15.266513999999999,0.16252997546655337,0.3809127840263199,0.9360166245050477
459,15.299847,0.16768896260680338,0.387465592172186,0.9359506707922904
460,15.333179999999999,0.1739286005590945,0.3854132149724031,0.9412297387324929
461,15.366513,0.18259554227776606,0.387436442734623,0.9365101818510286
462,15.399845999999998,0.18360414563839692,0.38316526377593263,0.9344971523450007
463,15.433178999999999,0.19027086355353212,0.39062687955180336,0.9465810892923123
464,15.466512,0.19550094801594747,0.38650221565819187,0.947639894751432
465,15.499844999999999,0.19655559316872911,0.39285151374036026,0.9464734030452883
466,15.533178,0.198349174146284,0.3913555661490188,0.9524578790051583
467,15.566510999999998,0.19992714541890108,0.3930984412623718,0.9568059633654554
468,15.599844,0.19222443551429033,0.391564916223484,0.9550341970602888
469,15.633177,0.19078633955142302,0.39608850149778835,0.9622073712363434
470,15.666509999999999,0.19477844048275,0.39101091157132967,0.9514295789470155
471,15.699843,0.19160908911745275,0.3882677573534944,0.95967512383209
472,15.733175999999998,0.189573961986209,0.3881391666737981,0.9670393353829531
473,15.766509,0.19017295054729486,0.38955396446984203,0.956855958386527
474,15.799842,0.19150692201943653,0.3854656006544859,0.9596845186569473
475,15.833174999999999,0.1923981365606222,0.3813980295050416,0.9565311638421692
476,15.866508,0.18946017125479578,0.3848382697925066,0.9561158187588764
477,15.899840999999999,0.192224140950174,0.3715449500487434,0.9519794743340595
478,15.933174,0.19213814660039816,0.36764872602914345,0.9577211344729288
479,15.966507,0.19478664463413342,0.37140487975323605,0.9631552092294056
480,15.999839999999999,0.19498266030471992,0.36035569872727835,0.959816503091678
481,16.033172999999998,0.19757777310848312,0.3725831194079288,0.9533869522729623
482,16.066506,0.2012973851327455,0.3598275486153786,0.9588317575831788
483,16.099839,0.20014713161486308,0.35913076271144734,0.9576013086631642
484,16.133172,0.2043408497782366,0.3657193093214395,0.9590202815429727
485,16.166505,0.20142157898489474,0.3595409444551354,0.9601197848670583
486,16.199838,0.20222309213017234,0.3521586047421851,0.9647059920346003
487,16.233171,0.19719257570228602,0.3625745795342236,0.9614869360617386
488,16.266503999999998,0.20563800052971812,0.35695189489074586,0.9598589991643538
489,16.299837,0.20036251376226966,0.360896536828361,0.9621616171505372
490,16.33317,0.19701927589496301,0.3569149284725003,0.9612325401755183
491,16.366502999999998,0.1946094173910596,0.36135522072931436,0.9566667682566702
492,16.399836,0.19868903117508846,0.35499661979709,0.960874238376512
493,16.433169,0.19755874849652955,0.3543493422115809,0.9616649865703794
494,16.466502,0.19975172807135605,0.3529907407328524,0.9616324455923911
495,16.499835,0.19716392673852748,0.34860932504847086,0.9539193514988759
496,16.533168,0.19383753037258739,0.3518978962558822,0.9593021342589768
497,16.566501,0.19324474614042514,0.3487636982192852,0.9606124805502909
498,16.599833999999998,0.19599952911247337,0.35734190175068464,0.9587031464636369
499,16.633167,0.19424281550219735,0.3587352329001763,0.9569419202443913
500,16.6665,0.19549714014936234,0.35455208492811285,0.9556964518811155
501,16.699832999999998,0.19798714905820766,0.3560363002771154,0.9636844627200792
502,16.733166,0.19798149795524314,0.35150096311095164,0.95958997632422
503,16.766499,0.19608857305510877,0.35020805167175073,0.96036645675799
504,16.799832,0.1975620312233362,0.3545849965366473,0.9519261753382744
505,16.833164999999997,0.1987350602532106,0.3516171068605901,0.9533211131130701
506,16.866498,0.1971904228061537,0.35364689394919135,0.9519265416700887
507,16.899831,0.19719505969358878,0.3565358553021498,0.9544209494808694
508,16.933163999999998,0.1999829668154646,0.3569484024204337,0.9644594105663241
509,16.966497,0.1967912590217851,0.3529461072335961,0.9548679728184727
510,16.99983,0.1956902195642112,0.35506265029912243,0.9553101103398409
511,17.033163,0.19856117103242787,0.3246579754746946,0.9656873774594644
512,17.066496,0.20130189084334257,0.1965124352238271,0.9749775777398046
513,17.099829,0.19610044786655076,0.09990227935345895,0.9665700795253375
514,17.133162,0.19705351337338464,0.13264106440305992,0.9563028639527485
515,17.166494999999998,0.1977512977068723,0.18797522665180408,0.953290509007259
516,17.199828,0.20089405412272696,0.22037025397439886,0.9572793420747585
517,17.233161,0.19954037331875404,0.23202802187122512,0.9631028637054652
518,17.266493999999998,0.19752738762141436,0.23832773042650301,0.9582351523011253
519,17.299827,0.19881070623550687,0.24850867213907157,0.9563846270835773
520,17.33316,0.1999198738599044,0.2575987986296231,0.9524154947586007
521,17.366493,0.20017291283995092,0.2643748731158324,0.949683833985141
522,17.399825999999997,0.20003025096735572,0.262235043265778,0.9494014223240242
523,17.433159,0.20104217660045878,0.2733661765706731,0.9486345298061105
524,17.466492,0.19892875577959748,0.2921574454084497,0.9344818614858859
525,17.499824999999998,0.1994079418697307,0.30892732757700214,0.9278796467110875
526,17.533158,0.20041627948244103,0.3224797317449455,0.9285947059343016
527,17.566491,0.20193216478503742,0.32357085408412634,0.9275736198557599
528,17.599823999999998,0.20010076731226054,0.324242031674121,0.9256751134070718
529,17.633157,0.20126992903596022,0.32657179465061903,0.9209756603007396
530,17.66649,0.201495008716847,0.3216525761139615,0.9255307419500564
531,17.699823,0.20357045372548932,0.31785296805794294,0.9300506556391723
532,17.733155999999997,0.20664166940028905,0.3198840011801499,0.9259484634071957
533,17.766489,0.2052315606853563,0.31593137892011414,0.9394389092865518
534,17.799822,0.2071406718800722,0.321865970099967,0.9318358696059823
535,17.833154999999998,0.2079767658028939,0.3220555419792154,0.9328154951155558
536,17.866488,0.21340551635308896,0.32426324298327464,0.9281790941711915
537,17.899821,0.21071834602478576,0.3169654686338399,0.9311328501494174
538,17.933154,0.2116918620068664,0.32140361038486953,0.9371745075506052
539,17.966487,0.21734641307235184,0.32680163656550487,0.9372872823145019
540,17.99982,0.21729124777057457,0.31974655289159293,0.9328584572292564
541,18.033153,0.21468600088938494,0.30324015313830954,0.9276367964655319
542,18.066485999999998,0.2159227141389707,0.28986822917185395,0.9362689551312487
543,18.099819,0.216158666672974,0.2839058439519057,0.9336754562054591
544,18.133152,0.21890989088659185,0.2814877667670495,0.9336231688865898
545,18.166484999999998,0.21470741512449387,0.27877135581681656,0.9292606259350357
546,18.199818,0.21872465888217485,0.26917651119078423,0.9359701074243434
547,18.233151,0.22172439850076828,0.2678486908621789,0.934623599561829
548,18.266484,0.22052045295750022,0.2553448458524951,0.9394391413367068
549,18.299816999999997,0.22025890124181613,0.2548704566623403,0.9363968680004388
550,18.33315,0.22082588056126395,0.2721909455376585,0.9312659644550915
551,18.366483,0.22247985741488763,0.2867576243233051,0.9305993776024462
552,18.399815999999998,0.21641412844088723,0.2894924118577664,0.9374539346579143
553,18.433149,0.21729697542613385,0.2966690275333416,0.9344602173986388
554,18.466482,0.21827995494626337,0.2981135074942096,0.9352971922072081
555,18.499814999999998,0.22650133203019202,0.30725227561479046,0.937606749456802
556,18.533148,0.22315384233187227,0.30841837179554116,0.9428868493822467
557,18.566481,0.22218097981060325,0.3129270423982695,0.9392395078925079
558,18.599814,0.2252546256911807,0.2801035887523152,0.9406226395317787
559,18.633146999999997,0.22735440256380274,0.26883625661751565,0.9465592802227383
560,18.66648,0.23203777699189837,0.27459317410955136,0.9378418996769071
561,18.699813,0.23513102054150722,0.28768017302934445,0.9410712173947067
562,18.733145999999998,0.2416945568213729,0.2966043647333246,0.9548461862905107
563,18.766479,0.2383247514019002,0.3109554991623488,0.9416096928920874
564,18.799812,0.22675894798806182,0.3088469881656546,0.928979265486131
565,18.833145,0.20649899964848015,0.2926483201768725,0.9176646549422531
566,18.866478,0.18019002180562174,0.2957523306963371,0.9304588400962042
567,18.899811,0.17433886422551745,0.3124668341547343,0.9294021619388807
568,18.933144,0.13614029652483672,0.31857636425230745,0.9256142976556178
569,18.966476999999998,0.10026925666110516,0.3221150099198518,0.9399043943184705
570,18.99981,0.08483864603872765,0.31531585074227975,0.9341156781775708
571,19.033143,0.08861126260199442,0.3213309424843981,0.9240147385276279
572,19.066475999999998,0.08783766802080531,0.3321568557478157,0.9221355885519839
573,19.099809,0.08611868408485959,0.3324826930878896,0.9289733736614251
574,19.133142,0.08404692822113678,0.3391607207463315,0.9261589200148658
575,19.166475,0.08269514924295761,0.34249772357517616,0.9298224837598531
576,19.199807999999997,0.08305196641166447,0.34245695273418175,0.9308879599599694
577,19.233141,0.08364850095064041,0.3460805235107097,0.9283252310238931
578,19.266474,0.0831889154627151,0.35529767821827474,0.9337807148254467
579,19.299806999999998,0.08376355225602689,0.3574394430060633,0.9333172184772303
580,19.33314,0.08439292898961236,0.35426072024383864,0.9330353203141092
581,19.366473,0.08567422549432098,0.3501151897741388,0.9265850610110707
582,19.399805999999998,0.08517573403486085,0.3549784632818342,0.9279111503480679
583,19.433139,0.08466975702805613,0.36173697235879954,0.9293705484434293
584,19.466472,0.08516842428410554,0.35846454284034707,0.9219168799734611
585,19.499805,0.08399610116111077,0.3641074572588586,0.9242449397133546
586,19.533137999999997,0.08332265861565534,0.36177819978208003,0.9128619354357435
587,19.566471,0.08330560859821515,0.3604778414148741,0.9127503504457252
588,19.599804,0.08311480421823428,0.34794827042479193,0.9064785227375286
589,19.633136999999998,0.08452901067526256,0.3525357461492,0.9059938622264416
590,19.66647,0.08313856603160526,0.3454401154750053,0.9030522329252324
591,19.699803,0.08357438858711543,0.34344471645745667,0.9049536978514479
592,19.733136,0.08453663201025266,0.33651153695897534,0.8996233801400799
593,19.766469,0.08265401065122956,0.33888720743582196,0.9021465868652662
594,19.799802,0.0835706018638755,0.3372971152001162,0.8968636630282822
595,19.833135,0.08337814726136739,0.3380430795682006,0.9008760333431565
596,19.866467999999998,0.08404891886220212,0.34211078108072757,0.901599339982652
597,19.899801,0.08298655489631199,0.3309857666584535,0.899529614818339
598,19.933134,0.08351397496911066,0.3332283485873514,0.9026766641301762
599,19.966466999999998,0.08301909405131337,0.3344328511041421,0.9000433041699616
600,19.9998,0.08370851942404504,0.3365518399590264,0.9026661413051622
601,20.033133,0.08487514840365554,0.3345792050494909,0.8993789649516791
602,20.066466,0.08558762235103284,0.3362701567808867,0.9026955272524564
603,20.099798999999997,0.08444906420159078,0.3311147972583267,0.9144972505289383
604,20.133132,0.08397007771636657,0.3355216976603514,0.9096803150166293
605,20.166465,0.08592241680963916,0.33473121141119266,0.9087225542086629
606,20.199797999999998,0.08512864210250215,0.3296365821049359,0.9195015624887838
607,20.233131,0.08337621190455903,0.3294038161149257,0.9218236874030086
608,20.266464,0.08510829079446265,0.3260057802484394,0.9181164313644945
609,20.299796999999998,0.08430572497124625,0.3209983561672465,0.9148510233354106
610,20.33313,0.08381588734400355,0.3061390106559306,0.9205615148869072
611,20.366463,0.08649817416255684,0.29760432363499956,0.9177773138285872
612,20.399796,0.08506511058878059,0.24120080487868714,0.929867413471643
613,20.433128999999997,0.08334307068168906,0.20347390881513144,0.9661298626781645
614,20.466462,0.09407703675679815,0.21718431050228876,0.9591595412142462
615,20.499795,0.15194454130998775,0.2293411520038285,0.959589557741151
616,20.533127999999998,0.16677518989982795,0.22699761250233608,0.9515034088996607
617,20.566461,0.18806414759207332,0.23538446136465221,0.9554808927025408
618,20.599794,0.2027797133186633,0.23519770386528288,0.9613797780732836
619,20.633126999999998,0.22699909408764427,0.12308984695332928,0.9733319916315111
620,20.66646,0.25965878701062606,0.04818189851291431,0.9605949520568012
621,20.699793,0.2762476103000124,0.030219287150718484,0.9640281576039479
622,20.733126,0.28394866144114317,0.030169911873904796,0.975904927368736
623,20.766458999999998,0.30080613566586845,0.031900088568721924,0.982384057132563
624,20.799792,0.3097512082165289,0.03230985370853119,0.994816979946368
625,20.833125,0.3079605779562596,0.021600978103098176,0.9970213731513953
626,20.866457999999998,0.3050576279312056,0.02742866365816571,0.9973697898871543
627,20.899791,0.2964698333031757,0.02478937942667911,1.0087672643396972
628,20.933124,0.30502929818660235,0.06128155215982621,1.0297777374500283
629,20.966457,0.3277474927514693,0.20776075995568197,1.0646610300660009
630,20.999789999999997,0.34985789937604583,0.2640717910472835,1.0771004593764282
631,21.033123,0.3769371379188221,0.2806626263969991,1.0546205950062137
632,21.066456,0.38417955856654246,0.2943176064904085,1.0593257457144376
633,21.099788999999998,0.4100201600391649,0.28058337592069726,1.070859536829836
634,21.133122,0.4126550346186492,0.2921355798600149,1.0841771774018862
635,21.166455,0.43370538152707894,0.2922763061248126,1.093162031738066
636,21.199787999999998,0.4543967789476503,0.296349149703662,1.1034365317153523
637,21.233121,0.4492747802345176,0.3088786531685127,1.1202221258605374
638,21.266454,0.468502732133462,0.3179011194436484,1.1351484905390243
639,21.299787,0.47557777056171124,0.32367510368977026,1.136412076222037
640,21.333119999999997,0.49641602032503335,0.3259518538977104,1.1496039633948039
641,21.366453,0.5185299444743194,0.3290476312245705,1.159114238058986
642,21.399786,0.5265493858579414,0.33014811529418553,1.1755012306130739
643,21.433118999999998,0.5467237519061066,0.33021240216990566,1.1805916231525182
644,21.466452,0.5601565765773339,0.3203803145209204,1.1961835011449444
645,21.499785,0.553607018289064,0.2929171217188205,1.2076490253594936
646,21.533117999999998,0.5625413196322926,0.2823484325409968,1.2140915519555227
647,21.566450999999997,0.6006531945388344,0.27776223482162055,1.2205114174114462
648,21.599784,0.5936396809803061,0.27941372867880554,1.220615876337419
649,21.633117,0.6187033780562224,0.28539690504315574,1.2157521177590713
650,21.666449999999998,0.6107143278142938,0.2866613552517395,1.2193997526090412
651,21.699783,0.622402805535155,0.28675705159177933,1.2146759413760817
652,21.733116,0.6176170428112157,0.27747809414679736,1.228942307750263
653,21.766448999999998,0.640613882043197,0.25084731754042594,1.256307944855967
654,21.799782,0.6348702786839695,0.25121307114994584,1.2537594400980285
655,21.833115,0.6200573141834909,0.2742519504173657,1.2505426951614358
656,21.866448,0.6126711335182164,0.287314816734338,1.2476338766805863
657,21.899780999999997,0.595611345666196,0.2820034107114341,1.2420277083339963
658,21.933114,0.5709185153203883,0.2793644679432856,1.251979938733825
659,21.966447,0.5935719506105254,0.2745802979213665,1.243981938579849
660,21.999779999999998,0.5893328034661319,0.28209691944108956,1.2302764952240934
661,22.033113,0.5542525085244328,0.3054989467115482,1.219605750936077
662,22.066446,0.577645738089886,0.3142576223677127,1.2178734997964227
663,22.099778999999998,0.5642767173053452,0.31948697755027095,1.2095819158591083
664,22.133112,0.5603349310779552,0.3269580433719109,1.2183960845520412
665,22.166445,0.5817533730091411,0.3305275050225724,1.2058264809020134
666,22.199778,0.5651030208555877,0.3361709956978819,1.2016260134949557
667,22.233110999999997,0.5522031328670364,0.3340681331911104,1.204658197111713
668,22.266444,0.5441641816976368,0.33366754289594097,1.2031906291496373
669,22.299777,0.5555719579791569,0.3338097321114602,1.211703382373013
670,22.333109999999998,0.5576226407832702,0.33072232708352756,1.208858700714728
671,22.366443,0.5636756264335482,0.3341663438645146,1.2046946011114492
672,22.399776,0.5462241072454682,0.33544570898404763,1.2094204446084098
673,22.433108999999998,0.571814413108711,0.3319187177146581,1.2082550217174124
674,22.466441999999997,0.5858620946791924,0.32746046181829125,1.2182162929397278
675,22.499775,0.5895044691170612,0.3301692200058365,1.2118881832509936
676,22.533108,0.6053768217409871,0.32970199650585114,1.2209143757664875
677,22.566440999999998,0.5880569623506066,0.3267260651368674,1.2226852282295395
678,22.599774,0.5736196611342294,0.3336101087455211,1.2181153770370283
679,22.633107,0.5849233829171184,0.3287156917159604,1.2153087291472053
680,22.666439999999998,0.5750151318057881,0.3307183943563068,1.2186052182253655
681,22.699773,0.5830366722980085,0.32416939956428237,1.2184854281749962
682,22.733106,0.5610192639013234,0.32855269407296195,1.2179165088890564
683,22.766439,0.5666367336568547,0.3263849257481274,1.2162470815152147
684,22.799771999999997,0.5776175921867523,0.33353578713487364,1.2161134773777527
685,22.833105,0.5706999735687798,0.32870434205665744,1.2082105451243843
686,22.866438,0.5502377604575062,0.33389032570721877,1.2096489784266975
687,22.899770999999998,0.5477091119917338,0.338426535823769,1.1977379843685965
688,22.933104,0.5323924056378491,0.3417979145032227,1.1991545889555348
689,22.966437,0.494007110772331,0.33601140815555475,1.1849114234414084
690,22.999769999999998,0.4842345862487033,0.33670133522932927,1.1699432242125443
691,23.033103,0.4732467122608447,0.32882603164659674,1.1583121242649816
692,23.066436,0.435971158203425,0.3352423901113907,1.1528855543339913
693,23.099769,0.4429431500572158,0.3236653257484303,1.122144901912447
694,23.133101999999997,0.40924666985628194,0.33162845471619035,1.1142215984509654
695,23.166435,0.4252588257149171,0.3378264483094837,1.1193743568134573
696,23.199768,0.40901369262111636,0.3371016928967019,1.1196201520507636
697,23.233100999999998,0.409537435917014,0.3410296305893491,1.1214069547113992
698,23.266434,0.41967500614288406,0.3408847380184745,1.1266999005191756
699,23.299767,0.4208751332276348,0.33363943528345286,1.12836980146539
700,23.333099999999998,0.43345918977704256,0.3401599902243517,1.1208071544367748
701,23.366432999999997,0.42912595131876896,0.3353569287143675,1.1125411454003946
702,23.399766,0.4282588619871975,0.3391624060753866,1.1123283989179367
703,23.433099,0.4317790724417397,0.3384005550259371,1.1139497816543493
704,23.466431999999998,0.4369045195751939,0.33505299173955716,1.1137271378779352
705,23.499765,0.4249662139772419,0.34245426139246904,1.1169701590785215
706,23.533098,0.41696508789310854,0.33613632176233527,1.1069816886955561
707,23.566430999999998,0.39752691690477415,0.3376053691231816,1.0998526253363368
708,23.599764,0.38157466557482544,0.3317797592872235,1.082735360197526
709,23.633097,0.35765576113795644,0.32878506529233187,1.0788839762024556
710,23.66643,0.3489153569148363,0.32745412005806857,1.0618577956422504
711,23.699762999999997,0.32341700757151365,0.3335845207547998,1.0453709391158752
712,23.733096,0.3089562432113408,0.3350361210334314,1.0298077732181368
713,23.766429,0.28460550372844523,0.34303241137900153,1.0096785835366258
714,23.799761999999998,0.2640039203048804,0.34606139773290456,1.0055692179044684
715,23.833095,0.24782584722205056,0.34630768308084037,0.9826119942538621
716,23.866428,0.2297297604209178,0.3461699705347954,0.9571179105646427
717,23.899760999999998,0.2172232977604853,0.3510745331110895,0.941842399634539
718,23.933094,0.18943017847998708,0.3517689639982887,0.9327849592351111
719,23.966427,0.1764699126501357,0.3515898094613756,0.927367410619626
720,23.99976,0.16726504706583942,0.3450210719487484,0.9171491630560021
721,24.033092999999997,0.1585488891545047,0.3390606593145523,0.9054191693855912
722,24.066426,0.16067428225692054,0.3345402639152769,0.9007355766657691
723,24.099759,0.14643654022807318,0.2961587014157925,0.8981007932808796
724,24.133091999999998,0.142452294895,0.15279465901696843,0.90636059626491
725,24.166425,0.13979558311801077,0.08846541807954901,0.8870716581664326
726,24.199758,0.13466564937191935,0.14207516124991854,0.8784132792149757
727,24.233090999999998,0.13667803804320408,0.23309315604638442,0.9039798711087135
728,24.266423999999997,0.13246771643872995,0.26156776040598917,0.9014642196062446
729,24.299757,0.13050879416245983,0.2792212728303076,0.8875982203961367
730,24.33309,0.12256994349854675,0.3022199803473965,0.8789901721427668
731,24.366422999999998,0.11542876081091324,0.3075669918021571,0.8674337689746056
732,24.399756,0.10426000545341364,0.3195565502685076,0.8654508175873281
733,24.433089,0.07322994912363452,0.319022727027772,0.8559129216285932
734,24.466421999999998,0.07216581853434627,0.3243833651559829,0.8550668439415783
735,24.499755,0.07072809905995645,0.3234751642092702,0.8551730233923078
736,24.533088,0.06870129695685745,0.3474159513975912,0.8526426403781987
737,24.566421,0.06797266098557161,0.3524834529171226,0.8509102078021511
738,24.599753999999997,0.06860712808748702,0.3554997959128986,0.8476545204507965
739,24.633087,0.06995359368298146,0.3511893054329517,0.8482716443096511
740,24.66642,0.06910386868355291,0.34782744085498796,0.84219926105719
741,24.699752999999998,0.06935179533126924,0.3577972439131965,0.8534764962502596
742,24.733086,0.0693737166312638,0.35497961490485586,0.8418594319544951
743,24.766419,0.07099600688476411,0.35943661123846027,0.8463525729228509
744,24.799751999999998,0.0723817112554957,0.3623997878190421,0.8392875305671311
745,24.833084999999997,0.0730037074983715,0.3605553167816137,0.8428186274899786
746,24.866418,0.07066913147860579,0.35998598462610776,0.8373060431779796
747,24.899751,0.07055080298433403,0.3518908634749538,0.844440620945541
748,24.933083999999997,0.06990911217199505,0.3539965636072352,0.8522209293687132
749,24.966417,0.071358694613387,0.35472062324248876,0.8437467394251407
750,24.99975,0.07026095327141531,0.3563608629814991,0.8492794573126741
751,25.033082999999998,0.07020508183546116,0.36097566499708544,0.8597025004535406
752,25.066416,0.07008323161519314,0.34605403985142646,0.8521405078512683
753,25.099749,0.07027637942732372,0.362843553377572,0.8528067725623683
754,25.133081999999998,0.06980935319118542,0.3631711277486752,0.859218873209698
755,25.166414999999997,0.06879946712017918,0.3679896073084118,0.8587021206599895
756,25.199748,0.06796997334175169,0.37376223151707055,0.8646631800766477
757,25.233081,0.06921683296581842,0.3747271256883701,0.8618801061314941
758,25.266413999999997,0.0680319878622437,0.366041375744564,0.859585062154336
759,25.299747,0.0684048340534597,0.36824330912180325,0.860649174245337
760,25.33308,0.06658501112989958,0.3675206425467365,0.8634794374555338
761,25.366412999999998,0.06700602106762439,0.36585230075661346,0.8681374189918992
762,25.399746,0.06619365486445908,0.3617163419914178,0.8688574887551379
763,25.433079,0.06634287849491394,0.36385624391080573,0.8658145965036204
764,25.466412,0.06633068084440638,0.348334580954244,0.8875846406969343
765,25.499744999999997,0.0668099095805018,0.3916874399603406,0.8990849550868601
766,25.533078,0.06977451276759929,0.4018946811342152,0.8927560976593651
767,25.566411,0.06712699203906207,0.40519847717819546,0.905526753364892
768,25.599743999999998,0.06490938580923876,0.39778558568711386,0.9130395002192427
769,25.633077,0.06625005771390932,0.39734756524356096,0.9158580097424283
770,25.66641,0.06294983568379664,0.4080653867302269,0.9256907679453379
771,25.699742999999998,0.06334039152791485,0.410178706183415,0.9273240787549567
772,25.733075999999997,0.07659398443055011,0.4132294449353793,0.9264019537684064
773,25.766409,0.09869410672326968,0.41001782948627175,0.932368279383579
774,25.799742,0.09776470432147785,0.4050057433679548,0.9292951950740446
775,25.833074999999997,0.10515862715320916,0.39737352854342345,0.9287027800458206
776,25.866408,0.12431496537033493,0.41376685441805916,0.9312217487225395
777,25.899741,0.1306917342061275,0.4148617509489492,0.9346108621526437
778,25.933073999999998,0.1470061298748479,0.42605109235504446,0.9496979449918646
779,25.966407,0.14337343902794897,0.4271130619470915,0.9584897361326304
780,25.99974,0.14185520618572503,0.4222662802088403,0.9468998510560234
781,26.033072999999998,0.14820842026473074,0.42404705292720657,0.9688526028776825
782,26.066405999999997,0.1524286504796975,0.4213691989023497,0.9661572216667698
783,26.099739,0.15966924099148774,0.4067916752090761,0.9653476428801449
784,26.133072,0.15408191151855982,0.41010382026475745,0.9669090372778784
785,26.166404999999997,0.15377984188596988,0.41466770746299936,0.9800199710956559
786,26.199738,0.155672378124069,0.4132926698933872,0.9799963295694732
787,26.233071,0.16101731294305874,0.39128897649269423,0.9812412427061645
788,26.266403999999998,0.16114070087691823,0.3979508756856085,0.9879803554394646
789,26.299737,0.1657145621811506,0.38646050776189655,0.9884314471034491
790,26.33307,0.1738706158046141,0.40230582170385104,1.0000265402533366
791,26.366403,0.1786761400971435,0.38893730193545883,1.0052624080254777
792,26.399735999999997,0.1902029132551651,0.3786045038117365,1.0147917882291972
793,26.433069,0.189547731390061,0.38560625916095825,1.0086555786169649
794,26.466402,0.1817241940567257,0.38318641244025864,1.005762383412795
795,26.499734999999998,0.18325831266414638,0.3872685546812892,1.014703207071374
796,26.533068,0.1785921172189769,0.3805413330401729,1.0112613133568422
797,26.566401,0.18153598090904985,0.3817961866195336,1.0135597144844757
798,26.599733999999998,0.18260601625561723,0.3881624124959122,1.0052177363024435
799,26.633066999999997,0.17852802422081746,0.39321003373483776,1.0088019692527666
800,26.6664,0.18111306505152744,0.38353520539022923,1.0025880612415554
801,26.699733,0.17791614669187017,0.3828404066106333,1.0037704008597554
802,26.733065999999997,0.16891880013641358,0.3937038007306616,1.007493884420904
803,26.766399,0.16831390546091232,0.3899775641290558,1.005976833572913
804,26.799732,0.16771015502423614,0.38642029494582636,0.9989737960632817
805,26.833064999999998,0.16508863252204492,0.3787346694100379,0.9886247738366414
806,26.866398,0.16138200579203274,0.4008705829235349,0.9911758800320145
807,26.899731,0.1581734021972849,0.39386879582023704,0.9920268134783367
808,26.933063999999998,0.1601789342528226,0.3931381744373187,0.9991039943644106
809,26.966396999999997,0.15693399621651363,0.38435897158416066,0.9877713013071341
810,26.99973,0.15061817112996528,0.4037528975420279,1.0007405157422768
811,27.033063,0.15170625668215282,0.389070482588604,0.9948454335388377
812,27.066395999999997,0.15070832738933096,0.39929642368732304,0.9830782766879331
813,27.099729,0.15217080252172166,0.3985737647556612,0.9888209076118978
814,27.133062,0.1527363426825492,0.39876033010251327,0.9807095220827393
815,27.166394999999998,0.15119896078861841,0.40008391651060105,0.9900197474852183
816,27.199728,0.15175495547225526,0.4034043037937018,0.9900235084831748
817,27.233061,0.15003965316466253,0.4077558464562494,0.9923284187705318
818,27.266394,0.15350978887524688,0.40795094968067697,0.9886114261883471
819,27.299726999999997,0.15337428799907807,0.4086852233447511,0.9899125756463979
820,27.33306,0.1535983514685259,0.40462968474301786,0.986519015957611
821,27.366393,0.14915303423657392,0.40356681242406856,0.9834846273216359
822,27.399725999999998,0.15275759441223757,0.40755870482947665,0.9831829355205817
823,27.433059,0.1534330416618372,0.40304612062902734,0.977572836802598
824,27.466392,0.14866309226304053,0.4095607297196593,0.9813139015811693
825,27.499724999999998,0.15715883781926412,0.4008714065352541,0.9731254840570291
826,27.533057999999997,0.15314998253812734,0.403171652535391,0.9835224570033914
827,27.566391,0.15398732056602715,0.4044577596664971,0.9891564255536944
828,27.599724,0.1451302808113588,0.33910733624192174,1.0018762471462568
829,27.633056999999997,0.1449159751836587,0.10092096926421878,0.9972633649029576
830,27.66639,0.1551459599873834,0.17720406745777012,1.0094379905839712
831,27.699723,0.15497885094850597,0.2797478091888262,0.9994564276466453
832,27.733055999999998,0.14977392250551222,0.3154599059103049,0.9999757285063517
833,27.766389,0.1529313475405524,0.3379995729944184,0.9950830062453275
834,27.799722,0.15312055279707912,0.3510965860658459,0.9921540633189172
835,27.833054999999998,0.15133371802118864,0.35292496331579987,0.9927006231456718
836,27.866387999999997,0.15809747985414271,0.3643293359726829,0.984784142438179
837,27.899721,0.15366553935777352,0.3781968498343967,0.9915909130433718
838,27.933054,0.15245665134034264,0.37714658799383527,0.9898780326313734
839,27.966386999999997,0.15272686140717984,0.3836050439679134,0.9925406066392163
840,27.99972,0.15266385457354928,0.3861110962805645,0.9865425079618791
841,28.033053,0.15765835163830375,0.3876587638620882,0.990071580918032
842,28.066385999999998,0.1562319289341675,0.3870825974943458,0.9827166426524641
843,28.099719,0.15481291316225554,0.39033286757244623,0.9897817062355048
844,28.133052,0.15503775732466638,0.3910562604649598,0.9816554296535184
845,28.166385,0.15379094605765511,0.39408754134941293,0.9860372435345961
846,28.199717999999997,0.15312718290888283,0.3972093281217083,0.9858340596583994
847,28.233051,0.1527890869257745,0.3989316596876,0.9819183775517337
848,28.266384,0.15396349065915801,0.39819365529136264,0.9851249474613055
849,28.299716999999998,0.15537397537864453,0.3956354243685771,0.980306559667569
850,28.33305,0.15811735989804535,0.386436336893325,0.9772505340981769
851,28.366383,0.16096672375323415,0.38606475004781593,0.9855770045012787
852,28.399715999999998,0.16136864519111846,0.38246431570098716,0.9777031464364137
853,28.433048999999997,0.15499198720061466,0.38584253454163314,0.9777654094938824
854,28.466382,0.16054940894373246,0.3898581030097201,0.9799267851030696
855,28.499715,0.1622860444909667,0.38889818455120406,0.9758750879799954
856,28.533047999999997,0.16728166794697805,0.3890476348257149,0.9791142035073941
857,28.566381,0.16122030298795134,0.3882241212611198,0.9788592467470023
858,28.599714,0.16215643146285444,0.3851321613181215,0.9762763825972782
859,28.633046999999998,0.16021127649167685,0.38849426927627173,0.9711189516170636
860,28.66638,0.15741971606234778,0.3878335284647287,0.9760802211770837
861,28.699713,0.16541377025915244,0.3879133512291315,0.9760444288808319
862,28.733045999999998,0.16781164732335233,0.38823972729110867,0.9714718611629001
863,28.766378999999997,0.1607062224834478,0.39049830780777756,0.9632817614192892
864,28.799712,0.1649118157768416,0.38807247047136917,0.9650237185683961
865,28.833045,0.16786599856062118,0.3820843680236927,0.9644159252279415
866,28.866377999999997,0.16654157423996746,0.3802252581362771,0.957190722400659
867,28.899711,0.17068675234005046,0.3649454573209914,0.9644637786992301
868,28.933044,0.16826963979347162,0.2780681339704683,0.9915819172109331
869,28.966376999999998,0.16309755911133128,0.13928096567695022,0.9869077090440836
870,28.999709999999997,0.16185302789575434,0.17479125580049348,0.9770972600281532
871,29.033043,0.16263869444780912,0.2579802584533635,0.9747146109291639
872,29.066375999999998,0.16823107273824162,0.28649282387867236,0.9526651758956018
873,29.099708999999997,0.172127270329733,0.2898928063893723,0.9415740684952217
874,29.133042,0.17591741368536962,0.30769085939357976,0.935799391519231
875,29.166375,0.17030487403615707,0.32132377149682834,0.9177526473182097
876,29.199707999999998,0.17166413048772014,0.31438843948713235,0.9233947276579915
877,29.233041,0.16584017766533557,0.3206256617188143,0.9128011769538663
878,29.266374,0.16705117457394675,0.339529390476909,0.9076759403035579
879,29.299706999999998,0.17645732365789976,0.3486221967811027,0.9040441857648693
880,29.333039999999997,0.1781011529653153,0.34994780824842453,0.9020217270081271
881,29.366373,0.17837505979227514,0.35344432405952597,0.8996982163558516
882,29.399706,0.17383502407629606,0.36077629166531067,0.9013494332971036
883,29.433038999999997,0.17760462077944458,0.35869912205497667,0.8935559774664922
884,29.466372,0.17002714649621084,0.35874040886565717,0.8799687490604855
885,29.499705,0.16789157047979966,0.35504997731454707,0.8717794025081497
886,29.533037999999998,0.16655778966838758,0.3609516634901133,0.8724809813404051
887,29.566371,0.1635444223481339,0.3694174055078204,0.8697195346530604
888,29.599704,0.16758032901515535,0.3738479064578827,0.8705994836676296
889,29.633036999999998,0.17138407822115284,0.37560734525486145,0.867733767629316
890,29.666369999999997,0.1696309658099487,0.3741399928647896,0.862657470483849
891,29.699703,0.17279735900815366,0.36993981429085043,0.8646033328302226
892,29.733036,0.17309553907530045,0.36594471655991195,0.8686708093898653
893,29.766368999999997,0.17391975189786477,0.35530635475956773,0.874940543157582
894,29.799702,0.17428686574872843,0.3603270522303871,0.8704868741257493
895,29.833035,0.1695197818054428,0.35293731379933585,0.870762322896712
896,29.866367999999998,0.1759144794895284,0.356856455413339,0.8682466775467826
897,29.899700999999997,0.17707730763843993,0.35822982947310705,0.8592492463987682
898,29.933034,0.1764717448699852,0.34729292571363735,0.8593435513951606
899,29.966366999999998,0.17818313095078578,0.35689214993058593,0.861141418497563
900,29.999699999999997,0.17610753096492146,0.36004171585526873,0.8574162722556924
901,30.033033,0.17656164310038053,0.36116982708078627,0.8592806936802858
902,30.066366,0.17569025866137514,0.36430004560923,0.8545170593871119
903,30.099698999999998,0.17492854603841032,0.36816458938700924,0.8578836021780255
904,30.133032,0.1755951087036594,0.3682770417164798,0.8583091088334086
905,30.166365,0.17690139958865547,0.3738655927568719,0.8619528460680529
906,30.199697999999998,0.17452821230558094,0.3730278551704749,0.8610240471209473
907,30.233030999999997,0.1768583585355186,0.3721108148814314,0.8572935851396912
908,30.266364,0.17597497202400655,0.3724101319661449,0.8554025868429566
909,30.299697,0.1732580512848797,0.37223904079653897,0.8557951993758542
910,30.333029999999997,0.1782716089653706,0.36684235615446115,0.8578766331789359
911,30.366363,0.17541338862709405,0.3691997848483469,0.8579380977174781
912,30.399696,0.1762363927795906,0.3552593464589733,0.8561338399188323
913,30.433028999999998,0.17673154365000138,0.356307205104369,0.8546140940195422
914,30.466362,0.1783888510145488,0.35314068150411515,0.8581549189493933
915,30.499695,0.17913515679021075,0.35488695211119103,0.8559600244703705
916,30.533027999999998,0.1793896214760646,0.3609662620136789,0.8574559285518557
917,30.566360999999997,0.1781560378966703,0.36130891656761127,0.863187448481986
918,30.599694,0.17819970760530293,0.365952679483313,0.8651990913006802
919,30.633027,0.17169122869029385,0.3691481281193511,0.8644879442716231
920,30.666359999999997,0.17249062243702143,0.33111679645477704,0.8692536486031791
921,30.699693,0.17407582342166006,0.19690808624447917,0.8874768776722911
922,30.733026,0.16542847569577399,0.059960019240781814,0.8644241919398815
923,30.766358999999998,0.1642609765599618,0.09658461304074112,0.8711854976457531
924,30.799691999999997,0.17800235342772905,0.2187586476552344,0.8892305085990904
925,30.833025,0.17888926359044702,0.2500817949516234,0.8889193120353683
926,30.866357999999998,0.18578849705021352,0.27023607665270843,0.9156160441772032
927,30.899690999999997,0.2106634495505065,0.29633893986307935,0.9604041432763317
928,30.933024,0.2357914079297789,0.3029271159308059,0.994028763358328
929,30.966357,0.26779466421893594,0.3069505206040394,1.0048072329859272
930,30.999689999999998,0.25374453457850615,0.3222200559699727,0.9916641059360386
931,31.033023,0.2108802544224643,0.323165561547055,0.987864593441445
932,31.066356,0.19566908403236552,0.32522347688915243,0.9741304386405829
933,31.099688999999998,0.18035464880014435,0.33596814648130185,0.9448619163293297
934,31.133021999999997,0.11342283530970924,0.3449854768533961,0.9283633991443321
935,31.166355,0.09013685626059548,0.35096273629667346,0.9076589607986842
936,31.199688,0.08917356083980602,0.3502524064131383,0.8916333205803267
937,31.233020999999997,0.08778656619554748,0.35687680718269366,0.8907458448244585
938,31.266354,0.08405988994111076,0.36091147613694735,0.888270273831534
939,31.299687,0.08201305311200796,0.35987314682816807,0.8920126488149429
940,31.333019999999998,0.0811744654260914,0.36660731351962716,0.9025046977643117
941,31.366353,0.08209749460615913,0.356234917855205,0.9096062847013457
942,31.399686,0.09270168032238021,0.3682863674765722,0.9098612284308524
943,31.433018999999998,0.15936689732489517,0.3543211247684551,0.903442726443118
944,31.466351999999997,0.17242814472148085,0.3442123028328581,0.9119372805024127
945,31.499685,0.20759146112480428,0.36236488026674185,0.9171410064254603
946,31.533018,0.2108912184373514,0.35956198418237956,0.9165063014946908
947,31.566350999999997,0.1954779117333473,0.3578214646426481,0.9146381990438709
948,31.599684,0.16930414606894073,0.3470342757369258,0.9068851887409852
949,31.633017,0.15341176469828346,0.35021883855140135,0.8967774414165611
950,31.666349999999998,0.14171395879726192,0.35500359077431487,0.8882274022352213
951,31.699682999999997,0.15523825859345375,0.36260146076270283,0.8908733593336869
952,31.733016,0.1564354140465015,0.3623502771414905,0.8957991165240623
953,31.766348999999998,0.15172095606983782,0.3545921189293342,0.8974961205084413
954,31.799681999999997,0.12986358947979418,0.36493912379543725,0.8910805826029728
955,31.833015,0.13122988902650626,0.36496426149167094,0.889406827387176
956,31.866348,0.1451525964885639,0.3614988501810322,0.8923728129222691
957,31.899680999999998,0.1594475571486864,0.36883437575762223,0.8974697820085145
958,31.933014,0.17577531775314298,0.35641967511812306,0.9001861654577531
959,31.966347,0.18944530534489196,0.3533500944996991,0.9030790488672001
960,31.999679999999998,0.19510885540642098,0.3642444668386989,0.9015387732560385
961,32.033013,0.21123649197912353,0.3571461172428932,0.8991235115935081
962,32.066345999999996,0.21741053305623476,0.31792118554362003,0.9011537584056188
963,32.099679,0.20382307891526166,0.12691259373137936,0.8982030963598052
964,32.133012,0.19981233412349844,0.09219772477951478,0.8855206939023712
965,32.166345,0.1965594253266618,0.2192360274372107,0.901875119123373
966,32.199678,0.19724244866698173,0.2697138048634818,0.8890345898603574
967,32.233011,0.20048761158492076,0.31379218729200353,0.8833546781578311
968,32.266344,0.19105429001554364,0.3349533784459996,0.8812786968059798
969,32.299676999999996,0.18121016872655088,0.35095053477233484,0.8772469345675307
970,32.33301,0.181467292854692,0.36081342368091973,0.880273164502724
971,32.366343,0.19260062858726618,0.3633768688671368,0.873055734234488
972,32.399676,0.18603664321138216,0.3656993276293775,0.8733289391669465
973,32.433009,0.18273631516401104,0.3633795385110312,0.8714313605802216
974,32.466342,0.1858160420286585,0.3551332102699672,0.8795223209642469
975,32.499674999999996,0.18467852845949034,0.36555810550474,0.8832493847795243
976,32.533007999999995,0.18185077118786971,0.3748266820033269,0.8780999738760025
977,32.566341,0.1767313183599462,0.38458505310340363,0.8748141138313454
978,32.599674,0.17480191933148473,0.3841629258403535,0.8851095232038964
979,32.633007,0.18547224616395178,0.3738544171157404,0.888144998284087
980,32.66634,0.1839718235047142,0.3785835062891378,0.9000313070843575
981,32.699673,0.1750162388116788,0.38223057642542513,0.90214414115883
982,32.733005999999996,0.17717972026073475,0.41298147106734473,0.8951273983559815
983,32.766338999999995,0.16720583236759579,0.41344808882337825,0.9026697288153332
984,32.799672,0.1753817029816398,0.4207486074862179,0.9063309229419865
985,32.833005,0.16664785833012846,0.4302893935070463,0.8988300240184373
986,32.866338,0.16298655907441226,0.4159708962649168,0.9046238120167673
987,32.899671,0.16538852662522768,0.41575757953060677,0.9171924882843469
988,32.933004,0.17162924462265505,0.41952505051070466,0.9158021333158086
989,32.966336999999996,0.16598300113843914,0.41727205265575973,0.9220408574771856
990,32.99967,0.159336033680572,0.41852185190720714,0.9350712482352811
991,33.033003,0.18665602566740588,0.42194713472115253,0.9367496355659157
992,33.066336,0.1709413857867767,0.4142032531458951,0.9520208421856802
993,33.099669,0.16038176541281948,0.3947757055000868,0.9755124104104564
994,33.133002,0.1665510466165107,0.36277535074916684,0.9754448939372867
995,33.166335,0.16467325301468808,0.38990395190960986,0.9669526435643238
996,33.199667999999996,0.1610638797809708,0.3770676013619838,0.9679167030366499
997,33.233001,0.16537089326141108,0.38095900674403926,0.9719827956015906
998,33.266334,0.15914770737253142,0.37680490535376887,0.9730180169807342
999,33.299667,0.16211257072681037,0.37892300976504917,0.9763173673226152
1000,33.333,0.1577779535622216,0.39023870928288285,0.9707056157651779
1001,33.366333,0.1652289845492305,0.3927635023173152,0.9594372195356666
1002,33.399665999999996,0.1644948393019436,0.39818967742529066,0.9585495999741058
1003,33.432998999999995,0.16326165667969653,0.39655543692131323,0.9615182202908525
1004,33.466332,0.15922646241544128,0.3796454128584491,0.9712678083733748
1005,33.499665,0.16075266047309864,0.3743889195063336,0.9711525796547364
1006,33.532998,0.16511671893531635,0.37974464345803444,0.9704276164491816
1007,33.566331,0.16170688612293577,0.3739135467429995,0.9826071939471009
1008,33.599664,0.15851416795563533,0.3795313038780491,0.9769933596765759
1009,33.632996999999996,0.160607067938271,0.38759921947416814,0.9708479161107234
1010,33.666329999999995,0.15841976068026778,0.3860059154331954,0.9724059277389142
1011,33.699663,0.16168082143981533,0.38800558409169605,0.9778124450832918
1012,33.732996,0.1601089630338515,0.3907195027501206,0.9736557540222762
1013,33.766329,0.16004779138400366,0.39664831932746814,0.981772024780081
1014,33.799662,0.1629096361549786,0.4010478252269727,0.9779876716118028
1015,33.832995,0.16509303258838753,0.393817383097542,0.9718394355135971
1016,33.866327999999996,0.16997032068903728,0.40399134679673854,0.9655131591643423
1017,33.899661,0.16794220453513325,0.3940278773550629,0.9699728917067113
1018,33.932994,0.16883449086370358,0.3418180452042209,0.9809809451350162
1019,33.966327,0.1701386917498572,0.21183986929527857,1.0019193011874297
1020,33.99966,0.16807791333164923,0.1715677275446535,0.9835102722915835
1021,34.032993,0.1617658199902532,0.25014869864470113,0.983442885687227
1022,34.066326,0.15712970930185186,0.28575378387530836,0.9663572855342871
1023,34.099658999999996,0.16105059807513067,0.308497675711175,0.9576077092558815
1024,34.132992,0.16393824841943436,0.3075902369866662,0.9545592010112058
1025,34.166325,0.15865152788278333,0.32037684805420985,0.9428107310682458
1026,34.199658,0.16489704617860412,0.3177426265696298,0.937848876867747
1027,34.232991,0.1632175241501865,0.32429072024714456,0.9248361924794205
1028,34.266324,0.1606346412955343,0.31512631809691655,0.9257914787031754
1029,34.299656999999996,0.1514216073717197,0.3168787007166401,0.9239732786514161
1030,34.332989999999995,0.15075209013781762,0.313700550101916,0.9269403270847842
1031,34.366323,0.14661338696141907,0.3171821827598857,0.9236727059172
1032,34.399656,0.1481639220281516,0.30565972255799045,0.9208369849699447
1033,34.432989,0.1450190605680691,0.3121369745324344,0.9216778393564906
1034,34.466322,0.14104307865619806,0.3260434804750873,0.9100875150962501
1035,34.499655,0.15257054794702574,0.3133687066825155,0.9071147920095006
1036,34.532987999999996,0.1438979030392503,0.32717364434919594,0.914599791621134
1037,34.566320999999995,0.1407643192249744,0.33346490356723213,0.9091159697748653
1038,34.599654,0.14887870776967774,0.32646828837974473,0.9041991369563375
1039,34.632987,0.15101346995782464,0.32381515763246116,0.8971056264920706
1040,34.66632,0.14337620997261713,0.3379659984796956,0.8979316849552487
1041,34.699653,0.14684145429739684,0.3360376520003405,0.9006740216497896
1042,34.732986,0.14585820570682884,0.3375550325470198,0.8944135173782821
1043,34.766318999999996,0.14814062493265373,0.3303340465752167,0.8878411328674696
1044,34.799651999999995,0.14404542323900488,0.33871639860507613,0.8865034566607868
1045,34.832985,0.14949575730174272,0.3336504203754337,0.889396377611525
1046,34.866318,0.14226456042230454,0.34089168510698264,0.8864614187728899
1047,34.899651,0.13884799246959165,0.33560614868467475,0.8864409138825079
1048,34.932984,0.14435580569919268,0.34313453680734346,0.888406919900311
1049,34.966317,0.1397472597248685,0.34453707391591504,0.8855446503970446
1050,34.999649999999995,0.1372552832337438,0.3420622417405134,0.8871789097237573
1051,35.032983,0.1379842642432041,0.34286236359567523,0.8884321532316496
1052,35.066316,0.13692846073557297,0.3387508281398577,0.8852055403849844
1053,35.099649,0.14262635897339457,0.3303825198997235,0.8832158225506431
1054,35.132982,0.1406016922993269,0.32817718447996,0.8838228824703284
1055,35.166315,0.14501290964138205,0.31804436881946857,0.8876249810477855
1056,35.199647999999996,0.14698850270567487,0.3204985779058255,0.8841290732905189
1057,35.232980999999995,0.15458480745043945,0.3200851353991192,0.881077099261032
1058,35.266314,0.15127921824335827,0.3117837283952172,0.8838216220967959
1059,35.299647,0.14504215801938108,0.32050297020814433,0.8850029241931706
1060,35.33298,0.14786400163342397,0.30944853514786874,0.8856774607965026
1061,35.366313,0.14457513306058015,0.31677443194352234,0.8815335816834771
1062,35.399646,0.14663930247623921,0.3427888009913949,0.8789558093838258
1063,35.432978999999996,0.14502530778147665,0.3572294023527828,0.8783147422434635
1064,35.466311999999995,0.13967046039124628,0.36134906971278224,0.8788673164160271
1065,35.499645,0.1383292655292191,0.38159051789459675,0.8766511540163023
1066,35.532978,0.13857963246807156,0.3908070701505012,0.8717039109828008
1067,35.566311,0.14223993659209955,0.39536683266929107,0.8709891517495322
1068,35.599644,0.14224367519042533,0.3841955545730462,0.8704958466694442
1069,35.632977,0.1414390833837221,0.3835446564542595,0.8719111038069595
1070,35.666309999999996,0.1375244918225774,0.3883527573158949,0.8666171435633019
1071,35.699642999999995,0.13797053408826798,0.3945054403546303,0.8706717678228549
1072,35.732976,0.13608687586878807,0.39023510351865287,0.8699143493869096
1073,35.766309,0.13783732377214603,0.387577430033443,0.8685673163355189
1074,35.799642,0.13927330329567236,0.3919031460316274,0.8660906198329952
1075,35.832975,0.1348715060064257,0.3882666969776529,0.8690382765945351
1076,35.866308,0.14768601772201764,0.39404208806093677,0.8702670110232282
1077,35.899640999999995,0.14514534719101804,0.3881903139047994,0.8752257246714354
1078,35.932974,0.14632582364049998,0.3894743189339136,0.8716574048483308
1079,35.966307,0.14258625580949083,0.3879500091128293,0.8710449068174755
1080,35.99964,0.14511855018274641,0.39401452487146943,0.8729835568021318
1081,36.032973,0.1450243283683027,0.3877593306807259,0.8746549594433308
1082,36.066306,0.14542656605331983,0.38494834875953293,0.8739331698091938
1083,36.099638999999996,0.14709277825454756,0.3877792975061561,0.8743857325166611
1084,36.132971999999995,0.14108966705844644,0.38834534421378253,0.8782125869897534
1085,36.166305,0.1488907358161202,0.3913198318151797,0.8821517555975721
1086,36.199638,0.1499089034879453,0.39514373944317127,0.869504818435954
1087,36.232971,0.15351115420496567,0.39306303243161894,0.8687452087023768
1088,36.266304,0.15423802119426247,0.41137496593100764,0.8753614949784406
1089,36.299637,0.15787381632986658,0.4068529384962803,0.8719908112858343
1090,36.332969999999996,0.1539054162726299,0.4104421237211551,0.8758969222841554
1091,36.366302999999995,0.15237481130594033,0.4017859506074509,0.8756737134984398
1092,36.399636,0.15924410017848858,0.31170597602053063,0.8963266124112074
1093,36.432969,0.16150031181569222,0.19292039878253425,0.9173650954663035
1094,36.466302,0.1616193738615317,0.09073914086635732,0.8940961052427351
1095,36.499635,0.16103430015744893,0.162210902769096,0.9065880346710907
1096,36.532968,0.16107674029895688,0.23894604664328628,0.9162134211913548
1097,36.566300999999996,0.16275511857646394,0.3286036562964307,0.9376840368223783
1098,36.599633999999995,0.1585362159009458,0.35115171225807695,0.9661718494575143
1099,36.632967,0.16877612150863416,0.37678340565059226,0.9873898962600633
1100,36.6663,0.1629842463290375,0.3600178832833445,1.0095268171393175
1101,36.699633,0.15740685179558356,0.36063056436595203,1.026204621266725
1102,36.732966,0.1556236674323923,0.36738326104694446,1.024031681393806
1103,36.766299,0.16201325544394035,0.3660973377621094,1.0237566184859888
1104,36.799631999999995,0.15515378729259857,0.35661173228330334,1.02863599462862
1105,36.832965,0.15849943750863485,0.36573891237067535,1.0118405471095688
1106,36.866298,0.1548752836456253,0.3703293937513247,1.011355754312783
1107,36.899631,0.15836905590101338,0.3779703054013368,1.0032810469959177
1108,36.932964,0.1576047372924488,0.37031258235664904,1.0070451624581775
1109,36.966297,0.1557547157795644,0.3647087472363683,1.0067871526590149
1110,36.999629999999996,0.16068993596651163,0.37009219407325433,1.0022683780212225
1111,37.032962999999995,0.16335003735392067,0.36777326588058423,1.0017084081982552
1112,37.066296,0.16294732511908305,0.34137450749910414,0.9973745635580528
1113,37.099629,0.1584899882450881,0.2513979715237902,1.0136357964314224
1114,37.132962,0.15236243318301723,0.19654375383301725,1.0129399691077137
1115,37.166295,0.14960805908962338,0.3051819434928007,0.998559804759073
1116,37.199628,0.14717717517374995,0.3701400887495028,0.9882703916511293
1117,37.232960999999996,0.1423305608118366,0.3709075035821793,0.9738481211875677
1118,37.266293999999995,0.14003419112691642,0.3967810663426678,0.974233964044418
1119,37.299627,0.1290913393688627,0.4014391290270053,0.9653658643726993
1120,37.33296,0.12437335762490866,0.4155016349622856,0.960564822452731
1121,37.366293,0.12791254956378753,0.41710874414199217,0.9540460101203095
1122,37.399626,0.12980449928008472,0.42486495967256016,0.9610931008665098
1123,37.432959,0.1330106642567037,0.41161871592877547,0.9731444129598532
1124,37.466291999999996,0.14975472064698925,0.4238828703286618,0.9648969056068677
1125,37.499624999999995,0.14578799332481154,0.41366216078004703,0.9658770523132898
1126,37.532958,0.15834057997619597,0.4140323892614237,0.9711901179997833
1127,37.566291,0.15771563482044287,0.4167881600321195,0.9728326456378897
1128,37.599624,0.15127250998194536,0.4231472727247347,0.9743431627144592
1129,37.632957,0.16148694387486023,0.4233273753987169,0.978465164748919
1130,37.66629,0.1673377600969571,0.41967017680363894,0.9731284493178405
1131,37.699622999999995,0.1683358526184064,0.4189312423431977,0.9781751068951456
1132,37.732956,0.1662920380740622,0.41552386268600106,0.9817384140812127
1133,37.766289,0.17484781295037255,0.4181392701811878,0.9664890019168029
1134,37.799622,0.17455158032689314,0.41579159476784033,0.9666059211010559
1135,37.832955,0.17298198847385565,0.41453243331944867,0.9703968128453018
1136,37.866288,0.1705687923736904,0.41541276064579247,0.9778627907223966
1137,37.899620999999996,0.16764986483423155,0.4179010207242885,0.9706754418605594
1138,37.932953999999995,0.16880730012424233,0.41864794043382614,0.9776564579388096
1139,37.966287,0.16796382638793525,0.42212569720890414,0.9746031426295755
1140,37.99962,0.16934152583507195,0.4136158994735566,0.9645786974793131
1141,38.032953,0.16933693862514232,0.41485512601268204,0.9710605820495536
1142,38.066286,0.1629381823502067,0.4151592357519718,0.9678058296147819
1143,38.099619,0.1606009505453456,0.40686081316183453,0.9702030069274594
1144,38.132951999999996,0.15708504747751792,0.3994434003305491,0.9670841496576604
1145,38.166284999999995,0.157423664722129,0.3821577756002392,0.9791831131319939
1146,38.199618,0.1595890402854115,0.38845056101361075,0.9776790678421309
1147,38.232951,0.16822733898497577,0.3887748856957861,0.9859129643246928
1148,38.266284,0.16715067939401432,0.3965608119943757,0.9800826269855898
1149,38.299617,0.16478888820385845,0.39279957977555935,0.985188020058219
1150,38.33295,0.15356160710045771,0.4046561379732668,0.982427852819591
1151,38.366282999999996,0.16200310689110484,0.3816618881531323,0.9829878804806916
1152,38.399615999999995,0.16140023621635222,0.38771329550468153,0.9944911056452662
1153,38.432949,0.15423591637273087,0.3903422613515939,1.0007096458624312
1154,38.466282,0.1451550414069116,0.39285760724555374,1.0054567317747045
1155,38.499615,0.1512498769659785,0.38825555710992005,1.014780297271881
1156,38.532948,0.1452466885554909,0.37819747458882,1.0172257035072112
1157,38.566281,0.15018807945662335,0.3802722843640115,1.011251358738599
1158,38.599613999999995,0.14846158429274064,0.38850436049452464,1.0098504914414124
1159,38.632947,0.14884539680562736,0.38987985893741994,1.0161699678270888
1160,38.66628,0.15391444884648472,0.3941016394493594,1.005336302278207
1161,38.699613,0.14855831610135467,0.3818618011607592,1.0011190890113695
1162,38.732946,0.14246008546835032,0.38402984423101405,1.003107485715931
1163,38.766279,0.14280738056489434,0.3942222881270168,0.9983363413936448
1164,38.799611999999996,0.1377126953540183,0.39011529432240416,0.9998773505186466
1165,38.832944999999995,0.14450045033539752,0.36078720010667265,0.9857852182333647
1166,38.866278,0.1476465929363888,0.20516852364045995,1.005871220647451
1167,38.899611,0.14551836847052216,0.16188168925874422,1.0058317178749185
1168,38.932944,0.13905968243774697,0.2670592873303005,1.0104377842236036
1169,38.966277,0.1502606045622177,0.34488122365352225,0.9894256444776239
1170,38.99961,0.14576085424158416,0.3744308595509461,0.9802919111087145
1171,39.032942999999996,0.1492319806821356,0.3826954504367249,0.973696870543107
1172,39.066275999999995,0.15131310113217564,0.39612804682880165,0.9694743687535231
1173,39.099609,0.15003229909327453,0.40434299049415384,0.9597237289740193
1174,39.132942,0.15398974160992535,0.40159288286297634,0.9594087972827543
1175,39.166275,0.15226651590487547,0.40378723011032885,0.9605454296777937
1176,39.199608,0.15719336690447883,0.4017879532706864,0.9691099380159428
1177,39.232941,0.14739172596725886,0.4047052751032727,0.9727125356094074
1178,39.266273999999996,0.15134024890584993,0.39970319392047626,0.9675483231631652
1179,39.299606999999995,0.14996855161767206,0.40517539700085414,0.9713748156966518
1180,39.33294,0.15317670704642852,0.4073954724876924,0.9606622469453167
1181,39.366273,0.15829873682986637,0.3908761651456437,0.9555982731646364
1182,39.399606,0.1583412909413958,0.3888210021409397,0.9420337280951182
1183,39.432939,0.163125197115569,0.2978555377248647,0.9551328020282553
1184,39.466272,0.17274683694877052,0.14249810275589198,0.9586820045761163
1185,39.499604999999995,0.1731558205928315,0.12465784445082373,0.9398260398352541
1186,39.532938,0.16665083023118604,0.22847283545351432,0.9434086744480735
1187,39.566271,0.16525348500599352,0.26559412872930077,0.915926679392783
1188,39.599604,0.16749661565176766,0.2921178492318365,0.8987457277845318
1189,39.632937,0.1758855704388048,0.318627442224639,0.8988931227100985
1190,39.66627,0.17565015293390565,0.3379282943771811,0.8893539030413156
1191,39.699602999999996,0.1787052252161639,0.34577688898214975,0.891877371620101
1192,39.732935999999995,0.18223275687935014,0.3541712039748565,0.8870644874796695
1193,39.766269,0.1782255819802663,0.36588913833015424,0.8801123682894006
1194,39.799602,0.17436553421699677,0.36456836421901906,0.8750278793643206
1195,39.832935,0.17407672772462232,0.36793778342382377,0.875775570246962
1196,39.866268,0.17687465156763635,0.37262476414089496,0.8763179408210791
1197,39.899601,0.17231031104491226,0.3744105154739503,0.8731936916870902
1198,39.932933999999996,0.16990129500510448,0.37962911101213015,0.8680918740998667
1199,39.966266999999995,0.16805377076684055,0.3848812815651555,0.8750755522332118
1200,39.9996,0.16891896709058285,0.37832741352475924,0.8772654988861932
1201,40.032933,0.17301840133820798,0.3752558903680895,0.8802599089366723
1202,40.066266,0.17391834525361324,0.38008812812529325,0.8881264534746008
1203,40.099599,0.17401512021969498,0.3746199452117357,0.8820257844947036
1204,40.132932,0.16363064207332725,0.38248228732413564,0.8841960447894784
1205,40.166264999999996,0.16459574367780677,0.37484983058057497,0.8856558391131438
1206,40.199597999999995,0.16533922270098772,0.38090375662520415,0.8808785792408171
1207,40.232931,0.1621271505376844,0.39146951221248866,0.888254970337785
1208,40.266264,0.16293800493236432,0.39458801999757354,0.884797907166693
1209,40.299597,0.1651338565899148,0.3917924452419707,0.8875439076516859
1210,40.33293,0.16394835767007981,0.39087745740087737,0.882724517946631
1211,40.366263,0.16299663880150073,0.37485018737958054,0.8834194051730317
1212,40.399595999999995,0.16206914992276336,0.3830113636002538,0.8862652220497449
1213,40.432929,0.1563515213404936,0.37555549604064054,0.887752145631001
1214,40.466262,0.154618649708914,0.381678875388063,0.8863605193745501
1215,40.499595,0.1620088631708322,0.37757263224767246,0.888769921481099
1216,40.532928,0.15638198824573166,0.3831294732963707,0.8855836924721597
1217,40.566261,0.16014099718521252,0.39012640431302714,0.8848124413215381
1218,40.599593999999996,0.1588192354648442,0.38013173192495187,0.8852750211611975
1219,40.632926999999995,0.16245881372457788,0.3813217271359268,0.8820441833296553
1220,40.66626,0.16665139365691004,0.3884131821026952,0.8847047514315555
1221,40.699593,0.16631221834608978,0.3787544526861716,0.8819263889992445
1222,40.732926,0.16608730429853447,0.3838847474968652,0.8812154591474124
1223,40.766259,0.1632555386288585,0.38403506122152586,0.8823255577848271
1224,40.799592,0.16711847285324596,0.3659242825442296,0.8780489146721543
1225,40.832924999999996,0.16772330969940025,0.37088884916623477,0.8711394968922883
1226,40.866257999999995,0.1668439639244237,0.3572819904954857,0.8733444173427329
1227,40.899591,0.16860463682383425,0.3533808495869871,0.8833684702515286
1228,40.932924,0.17304957323465806,0.3546411241344999,0.9030385610690073
1229,40.966257,0.15887271276701662,0.3556421714717968,0.8963102539203036
1230,40.99959,0.1668852329316698,0.3664251398586832,0.8989465996929076
1231,41.032923,0.16733144972680253,0.3574597847277978,0.9068558049377097
1232,41.066255999999996,0.16984948799296604,0.36285814935474303,0.9023628409399159
1233,41.099588999999995,0.17019285594251882,0.37925999268566135,0.9068181236980691
1234,41.132922,0.18113787328006173,0.38245474158275616,0.9107403196707364
1235,41.166255,0.18291959211870643,0.3872598835560422,0.9067495366237408
1236,41.199588,0.18312440682603126,0.39289471544615884,0.9060173800733816
1237,41.232921,0.18671697670266874,0.39343426800838155,0.9074846018977126
1238,41.266253999999996,0.18659771742298395,0.3841973076853517,0.9075059280618863
1239,41.299586999999995,0.18668373612949243,0.3877312526682568,0.9174266813890605
1240,41.33292,0.18312436599355408,0.3883258211032897,0.906794782598319
1241,41.366253,0.18103797804258992,0.3866254647755233,0.9217150435080046
1242,41.399586,0.1863055224039331,0.38230857314326167,0.9153724176143898
1243,41.432919,0.19335224643946258,0.37751545871188563,0.9259455734462474
1244,41.466252,0.1984019152397095,0.3708546656111217,0.9319652967646125
1245,41.499584999999996,0.20511508977895082,0.3690896698896549,0.9266993090890481
1246,41.532917999999995,0.1976902120699301,0.3758308335228042,0.9370555477944585
1247,41.566251,0.1683835846214198,0.3827056041030875,0.9376188716863507
1248,41.599584,0.16185607410971736,0.3720272417614865,0.9282578246562602
1249,41.632917,0.12385584851498581,0.37787957540736056,0.9234761352826758
1250,41.66625,0.08652680072396116,0.39066611863783585,0.9139991740178615
1251,41.699583,0.08446899540239967,0.3967705747996593,0.9182521213076923
1252,41.732915999999996,0.08485561032667349,0.37268228699089434,0.9165653255238578
1253,41.766248999999995,0.10000758773079085,0.37490136256607065,0.9190297869756666
1254,41.799582,0.1929739875325482,0.362259844048845,0.9260327522389747
1255,41.832915,0.21135436952311537,0.360480836169578,0.925123496203569
1256,41.866248,0.1968565045298882,0.37112037593915137,0.910548088339362
1257,41.899581,0.2003211004482007,0.35745642102590236,0.8914019208094262
1258,41.932914,0.2025817684061272,0.3731360352280784,0.8955136527146914
1259,41.966246999999996,0.21131887992438525,0.3815426020227447,0.8911301218333564
1260,41.999579999999995,0.22182113741076323,0.3856517859039107,0.8882199260637773
1261,42.032913,0.19766416096625028,0.39323362232216186,0.8857101934663477
1262,42.066246,0.19525949087020858,0.3862164767310037,0.8904976738749794
1263,42.099579,0.20300633053168762,0.3906058746249915,0.8920555587070907
1264,42.132912,0.20601822035891537,0.3811133517991739,0.8938371130224376
1265,42.166244999999996,0.20896623438857467,0.36947154854639674,0.8914479615304584
1266,42.199577999999995,0.2074681116874696,0.3653929027818049,0.8849911287288094
1267,42.232910999999994,0.20047829956054058,0.3810904257012523,0.8875736333640672
1268,42.266244,0.20543574129791217,0.38892910866617514,0.8906479618760437
1269,42.299577,0.2069014301758832,0.3830813000978881,0.8881170116213777
1270,42.33291,0.20639890752710602,0.3739016073655871,0.8861278663861019
1271,42.366243,0.20609141286012578,0.3775283420812572,0.8902186584868241
1272,42.399575999999996,0.19308742747901,0.37182726355494966,0.8992331278306837
1273,42.432908999999995,0.17937670569572292,0.4011441445000513,0.9065031317861879
1274,42.466242,0.18422708525320244,0.4015649338182682,0.9100069512776332
1275,42.499575,0.19656478244412556,0.4000058825611794,0.9221237376091016
1276,42.532908,0.23562573088438052,0.3836962644335232,0.9440113253024468
1277,42.566241,0.2522795322493288,0.38985108836288646,0.9516285278644987
1278,42.599574,0.2241097518884634,0.4072908613635643,0.9456099319962725
1279,42.632906999999996,0.12543400980222547,0.4029460627889596,0.9168869144179652
1280,42.666239999999995,0.07581122604161647,0.38592722207620944,0.901264793119006
1281,42.699573,0.08345380619876788,0.3722804182789372,0.9034928853629468
1282,42.732906,0.1445039517241426,0.3894935297985873,0.9090792732902847
1283,42.766239,0.15347668393548186,0.3951968971623602,0.9136118462206194
1284,42.799572,0.16067364724483982,0.3883330007585911,0.9237117384584228
1285,42.832905,0.16994446599589522,0.38915492166385346,0.9425065290514602
1286,42.866237999999996,0.19498557896260385,0.4026703017518021,0.9298762638822984
1287,42.899570999999995,0.19997951861433538,0.40331820336307755,0.9545225701271913
1288,42.932904,0.21123380314037166,0.41693158979198797,0.9460345957204264
1289,42.966237,0.236524422105924,0.42653502127464793,0.9563088336009252
1290,42.99957,0.2523478944987857,0.4261517885166907,0.9547202974756215
1291,43.032903,0.2414377366979093,0.428516766931472,0.9624809251168386
1292,43.066235999999996,0.2217471395595295,0.42890705384144784,0.9600650646951787
1293,43.099568999999995,0.19263485593348179,0.41863666725846893,0.9580444638787202
1294,43.132901999999994,0.1881275019481275,0.4152622914233527,0.9414266500106258
1295,43.166235,0.17939877967468046,0.41109448839926976,0.9301239346286336
1296,43.199568,0.1676221021665046,0.41803674615620623,0.9375537161450819
1297,43.232901,0.1701404704134532,0.42206154891622083,0.939406008286837
1298,43.266234,0.17093364247772863,0.4208655583926224,0.9479786874197387
1299,43.299566999999996,0.16583008390443502,0.41792781067473544,0.9495662820657462
1300,43.332899999999995,0.16677753363482384,0.41619613818204393,0.9515295632517387
1301,43.366233,0.17778438817095207,0.41961443186047886,0.9521094718524257
1302,43.399566,0.17898442885104654,0.41286435552156425,0.9534838005009689
1303,43.432899,0.17920717070120695,0.40168432400006987,0.9476814289543246
1304,43.466232,0.18973081428479502,0.40823645719344115,0.9513629230929467
1305,43.499565,0.18932691049428343,0.4097300341163629,0.9572694357611505
1306,43.532897999999996,0.1765138352770948,0.41237069760613965,0.9568295345964866
1307,43.566230999999995,0.1863874649033568,0.4082041445172052,0.9488493192796205
1308,43.599564,0.18435384225210474,0.4069090716983874,0.9557366816391624
1309,43.632897,0.1933151721692163,0.40179118998004754,0.9409898669973561
1310,43.66623,0.18617435533877905,0.41248057608071564,0.9585240021836073
1311,43.699563,0.1839704889047756,0.4091818891216273,0.9448986019994889
1312,43.732896,0.18643226537006483,0.4070485402851163,0.9557481861357003
1313,43.766228999999996,0.18664924451585135,0.40795869733583945,0.9468056130050885
1314,43.799561999999995,0.19033468587316596,0.41242135663071405,0.9476069885588168
1315,43.832895,0.19022613610083022,0.4187990046667166,0.9439167427022145
1316,43.866228,0.18506947502588209,0.4128214967356139,0.9442961321626497
1317,43.899561,0.18017943489148686,0.417977747641488,0.9456340271724284
1318,43.932894,0.17272616413425568,0.3980564940657213,0.940407995923889
1319,43.966226999999996,0.16660715132234186,0.40279084892373174,0.9418107811604962
1320,43.999559999999995,0.16048862985677878,0.3997811358592045,0.9439632275452756
1321,44.032892999999994,0.1544265578716171,0.40385562270120645,0.9380482126901565
1322,44.066226,0.15561192163426052,0.401549125011748,0.944596793620989
1323,44.099559,0.15149191923035324,0.40221271727714525,0.9417476580274825
1324,44.132892,0.1514483278641615,0.40450447496252634,0.9418791051233169
1325,44.166225,0.14914595285125737,0.4066387949380432,0.9512051767516106
1326,44.199557999999996,0.1509525845504756,0.3992188485618344,0.9440740048978227
1327,44.232890999999995,0.15225016963644195,0.4012221236202316,0.9330488810760134
1328,44.266224,0.1491989470906056,0.40334641401079663,0.9410275096401147
1329,44.299557,0.15182011349066135,0.4094460729337356,0.9437914108074571
1330,44.33289,0.15092581689763376,0.4048748791711188,0.9379221087158458
1331,44.366223,0.15747855724760687,0.4006468148670854,0.9427068114442106
1332,44.399556,0.15572392532566204,0.4059171097190504,0.9430785689804261
1333,44.432888999999996,0.15578354380989223,0.403201537668926,0.9445931202565487
1334,44.466221999999995,0.15650710191063166,0.4042483540064795,0.9484461643985196
1335,44.499555,0.15626866775219875,0.4006053612175827,0.9441416236513259
1336,44.532888,0.1750142227004298,0.39725112288370146,0.9519974595620609
1337,44.566221,0.18250704345356208,0.3775012736090625,0.9648670756567012
1338,44.599554,0.1872036862215592,0.37018806718665925,0.9701297258612369
1339,44.632887,0.18096675503237272,0.3527517859560681,0.9522432657802266
1340,44.666219999999996,0.18304428591604957,0.3629226462968773,0.9352035436798218
1341,44.699552999999995,0.197019056150549,0.3556297395103882,0.9332508382693983
1342,44.732886,0.20360772186663545,0.36263843425245734,0.9330529784479619
1343,44.766219,0.2048318964897718,0.35791510262968596,0.9402231369418874
1344,44.799552,0.16097084269822012,0.3565828418993891,0.9346636316762494
1345,44.832885,0.10902412770173979,0.3727791493150798,0.9232277086986211
1346,44.866217999999996,0.07880436870277319,0.36645238508998035,0.9226856892052342
1347,44.899550999999995,0.09934244064238033,0.35948450474187793,0.9364485931523577
1348,44.932883999999994,0.10717051306012565,0.36119121171140456,0.942662474979335
1349,44.966217,0.14265710432405435,0.3645660749640042,0.9315931266853098
1350,44.99955,0.13660057074099113,0.3478406901843873,0.9305008044072279
1351,45.032883,0.11774426304659663,0.3559259453390068,0.917401283634054
1352,45.066216,0.11043173456237616,0.3588275932007986,0.9055397716531828
1353,45.099548999999996,0.10736163296575862,0.3660730413670915,0.9019647338845012
1354,45.132881999999995,0.08761245082710559,0.3740260128922456,0.9115173864102496
1355,45.166215,0.07354388870520272,0.27240691455064303,0.9366773679062932
1356,45.199548,0.07577027758272625,0.13031829079525836,0.9293087145569323
1357,45.232881,0.11619145512324952,0.11567530169800126,0.9226217321259877
1358,45.266214,0.12331943194618518,0.20614418327860448,0.9384031729974789
1359,45.299547,0.1544599997108367,0.24544708566889084,0.9184892432549904
1360,45.332879999999996,0.15432357959919762,0.26580750925070057,0.9158325317322494
1361,45.366212999999995,0.14613446693520288,0.2897477433204284,0.9043002049728184
1362,45.399546,0.1353800052563742,0.3010896348971548,0.900050242883137
1363,45.432879,0.12442776339090535,0.30472939828057355,0.8941495577622045
1364,45.466212,0.1452049287011949,0.33380586418353575,0.8922535597177557
1365,45.499545,0.15491797948788374,0.3510834216640552,0.8897514443157083
1366,45.532878,0.15866461706978835,0.35478473900861174,0.8857584278938048
1367,45.566210999999996,0.1621613355499445,0.3517438275528237,0.8853241118726087
1368,45.599543999999995,0.15650133708033528,0.3481995569969195,0.8909989418407386
1369,45.632877,0.15472988333171026,0.35530381351507045,0.8818303103355709
1370,45.66621,0.14763797505195245,0.36063485514551946,0.8788384004534198
1371,45.699543,0.15213121996897833,0.3553823765818558,0.8815257389927024
1372,45.732876,0.15297261773600837,0.36309857991355277,0.875675436607816
1373,45.766208999999996,0.1549469588713038,0.3617084158873449,0.8846123935068483
1374,45.799541999999995,0.1545163757764317,0.3602816543309368,0.8837853112211166
1375,45.832874999999994,0.1600318774971049,0.361594736839436,0.8831660814643298
1376,45.866208,0.16695309206643363,0.364335082546247,0.8870644264291657
1377,45.899541,0.17144840234911038,0.35971291476698675,0.8893722291611263
1378,45.932874,0.16176988046404037,0.3641959425163993,0.8885476448513927
1379,45.966207,0.16040782604091286,0.36715067226764375,0.8880569641318261
1380,45.999539999999996,0.16351808565767542,0.35851464172019176,0.8875203922117391
1381,46.032872999999995,0.16354510059731042,0.3566961703175294,0.8832621386013654
1382,46.066206,0.17116477826988905,0.35913614757719337,0.8782904491184476
1383,46.099539,0.16689622564662712,0.36139873081319135,0.8804153135266124
1384,46.132872,0.17202124444907455,0.35920182857171434,0.8767817728401277
1385,46.166205,0.17422680401508647,0.3628204943980947,0.8742699934711853
1386,46.199538,0.17811272651771926,0.36636381120968287,0.8788149151202633
1387,46.232870999999996,0.17319647463700816,0.3655784076010028,0.8792303952731771
1388,46.266203999999995,0.17868340490147497,0.3661799378389335,0.8803532268039571
1389,46.299537,0.18256102073981822,0.363723951310958,0.8769365014539371
1390,46.33287,0.17622142179183226,0.3341762391531572,0.8876403479869581
1391,46.366203,0.17985445270723377,0.315020091532231,0.8954632798716123
1392,46.399536,0.17598037069587447,0.314682367379448,0.8907179269469361
1393,46.432869,0.17579111611490214,0.32430657516265105,0.8804025006984416
1394,46.466201999999996,0.17217091370927767,0.3101060346083049,0.8778739415337032
1395,46.499534999999995,0.17964612360428545,0.325098811661658,0.8726308924343503
1396,46.532868,0.1768328986247496,0.3280544063583819,0.8761138242228231
1397,46.566201,0.18272482556951444,0.3271916600005073,0.8802727882444289
1398,46.599534,0.17525049169359197,0.3188194457275201,0.8783699089409229
1399,46.632867,0.17825559616178135,0.3261888770131019,0.8888515127394212
1400,46.666199999999996,0.17890612099740932,0.25766470250689705,0.8879669905956558
1401,46.699532999999995,0.18195906189861363,0.10941304371560599,0.8743827461778797
1402,46.732865999999994,0.17050867266681824,0.1266036822832472,0.8664522348035315
1403,46.766199,0.1650360964334283,0.23626125872166834,0.8672075250195712
1404,46.799532,0.14881657264271309,0.2840957629944899,0.8545617673467303
1405,46.832865,0.10267740108403867,0.3133467452261536,0.8465796801734466
1406,46.866198,0.07669030408818864,0.3202140204513794,0.8381032716573011
1407,46.899530999999996,0.07589870056722872,0.3241567197805152,0.8300934613033926
1408,46.932863999999995,0.07767849234653783,0.33798784023112727,0.8312314685441498
1409,46.966197,0.0771544952539732,0.33191813564353867,0.8310998426412964
1410,46.99953,0.07640656353492005,0.3466697675580053,0.8323599832803662
1411,47.032863,0.07708489437596752,0.3472957333109738,0.84210683955513
1412,47.066196,0.07711578115600118,0.35996288532216014,0.8437207695447625
1413,47.099529,0.0774362790287035,0.3524421782886194,0.8471305843275977
1414,47.132861999999996,0.07429222636721666,0.3627489206250025,0.8530898781073877
1415,47.166194999999995,0.07318657886511554,0.3602899453360893,0.8657333564538114
1416,47.199528,0.07248864201693621,0.36103258667126836,0.8530356478729593
1417,47.232861,0.06931508026327661,0.3546861087641189,0.8544778596199583
1418,47.266194,0.07124447156739548,0.34692273242314564,0.8659607787136449
1419,47.299527,0.07007213536915931,0.3434461304992196,0.8556577805114216
1420,47.33286,0.06965305819663013,0.34294558112677825,0.8587703027449135
1421,47.366192999999996,0.06968049519421757,0.34089735978731256,0.8553536006945269
1422,47.399525999999994,0.07037126170159336,0.32779685196888575,0.8725464719072409
1423,47.432859,0.06680220260368475,0.32053161300260613,0.8771313674936744
1424,47.466192,0.06638096636460286,0.3286690462210544,0.8740380142370233
1425,47.499525,0.06799512506016422,0.3544796301832437,0.8760053970435159
1426,47.532858,0.06935100839360074,0.35988594712430877,0.8748171255488701
1427,47.566190999999996,0.06689827306985374,0.37221347980362796,0.872432445189179
1428,47.599523999999995,0.06658049009535973,0.368096307227582,0.8745003839967943
1429,47.632856999999994,0.06477317428532459,0.3430506133261657,0.8731747683968761
1430,47.66619,0.06335980866568096,0.3373940151563406,0.8772503085258585
1431,47.699523,0.06085017139607719,0.363951493183935,0.882789613433003
1432,47.732856,0.0559041508050046,0.3706022275531238,0.8815806492066952
1433,47.766189,0.05193838503695461,0.37922981713697007,0.915497093767632
1434,47.799521999999996,0.047336066154443204,0.3915383690530597,0.9601558742685773
1435,47.832854999999995,0.04273961827009041,0.4116306678280971,0.9804661458977381
1436,47.866188,0.04187038601717417,0.4270109694260511,1.016438837379327
1437,47.899521,0.039509738073715,0.437290229569931,1.0336583938815187
1438,47.932854,0.039600846518603516,0.42726324959927,1.0575706569215635
1439,47.966187,0.03996607281008917,0.4231880784391786,1.0950752917525413
1440,47.99952,0.037430501281071886,0.4294783271516726,1.086168220224447
1441,48.032852999999996,0.03724270763149491,0.44772256118128684,1.077503853431626
1442,48.066185999999995,0.03773479069613791,0.45566101975274015,1.0695951727886293
1443,48.099519,0.035147307317023965,0.4604194399662058,1.0786794839180238
1444,48.132852,0.03647934393908101,0.4606662299861999,1.0709745877589996
1445,48.166185,0.0394399147744925,0.4639217357405203,1.0724075345799469
1446,48.199518,0.03825373245938354,0.46170317258958693,1.055079281456524
1447,48.232851,0.03990061540287351,0.4564958200536089,1.0503696901082542
1448,48.266183999999996,0.043819032624856355,0.4621971865452452,1.042417196811713
1449,48.299516999999994,0.039681986319225655,0.4606235556395013,1.0382076344351356
1450,48.33285,0.04244944950554484,0.4579465800587954,1.0307231702082493
1451,48.366183,0.04078279780501692,0.47803523724157393,1.0301355428291548
1452,48.399516,0.041385913280023584,0.4702400030313599,1.0336235669643719
1453,48.432849,0.0827887462232102,0.4771189175991468,1.0368912620577577
1454,48.466181999999996,0.1495921322623904,0.4721701217558931,1.0509881727870518
1455,48.499514999999995,0.1836769885413329,0.47727825648436584,1.048827412642419
1456,48.532847999999994,0.2322054103407437,0.4707335123603183,1.0550954994082657
1457,48.566181,0.19239897930975572,0.46894353765259456,1.038948362572902
1458,48.599514,0.15342250314529313,0.45875923331349266,1.0340936570247483
1459,48.632847,0.12609583815179032,0.47040808008796103,1.0361934475443
1460,48.66618,0.08645753845659902,0.47443908888580266,1.0337542213107138
1461,48.699512999999996,0.09126345617153134,0.47196127330019466,1.0444256811260941
1462,48.732845999999995,0.0762958848273051,0.47682854725903867,1.0245273425596466
1463,48.766179,0.09124232025886814,0.4668435946939304,1.0292275404660038
1464,48.799512,0.08600640974350358,0.4732569815353199,1.0218207861319353
1465,48.832845,0.07892117800974789,0.4561712206380619,1.0218671969920132
1466,48.866178,0.07800008045124121,0.4532330519192857,1.0099399469681498
1467,48.899511,0.07807370090697859,0.4574814067444868,1.0129597729138435
1468,48.932843999999996,0.0775133039770632,0.45316392488604407,1.0027491604108865
1469,48.966176999999995,0.0762194527093389,0.44831283906042635,1.001525223532013
1470,48.99951,0.08514339158614292,0.4513198628609685,0.9859881666971445
1471,49.032843,0.07606283399762902,0.4471391500551568,0.9771286008322829
1472,49.066176,0.07593647813924716,0.4433833874059864,0.9766511152725085
1473,49.099509,0.09023190944730136,0.45168324918165403,0.9651324048169712
1474,49.132842,0.09145570505974228,0.4550714570576323,0.9640891925168804
1475,49.166174999999996,0.09015603822918443,0.46280339539523313,0.951953980564051
1476,49.199507999999994,0.09618570784311234,0.46356539656147233,0.9488499118600229
1477,49.232841,0.08683188948156928,0.45275317284761596,0.9423916948698952
1478,49.266174,0.09255702594936983,0.46158907108661335,0.9391947193583484
1479,49.299507,0.08548782810626929,0.4613622306481977,0.9423028123525006
1480,49.33284,0.09756720019658267,0.4581974243212824,0.9270247482261914
1481,49.366172999999996,0.10960872843317038,0.4500388094055616,0.9291366706081556
1482,49.399505999999995,0.10850167062818289,0.45726312540842906,0.9264203197094121
1483,49.432838999999994,0.11370705223106702,0.4450987745107047,0.9227304916054001
1484,49.466172,0.12275911838695347,0.44304487994324404,0.9091167517625438
1485,49.499505,0.11875228345745728,0.363017824718896,0.9098189827868388
1486,49.532838,0.11699168859355367,0.20324589082111538,0.9278570714350214
1487,49.566171,0.12927039707528365,0.13007269458541584,0.9147377993961661
1488,49.599503999999996,0.12736594465975445,0.20966071975893305,0.9084349564846212
1489,49.632836999999995,0.13066431224718722,0.27017498881335056,0.8947610302411418
1490,49.666169999999994,0.1389918271048974,0.30839970878514456,0.8853478935732377
1491,49.699503,0.14422519245045368,0.33499948159246506,0.874146237518725
1492,49.732836,0.13646456408082022,0.35865149448139944,0.8546319934414512
1493,49.766169,0.13776792081389916,0.3540863783789634,0.8490580528880787
1494,49.799502,0.14637220135106221,0.37018229522920176,0.8399030029728669
1495,49.832834999999996,0.13347194435106338,0.3951199231666235,0.8356942863953223
1496,49.866167999999995,0.1401437141260152,0.40173087569861965,0.8408602251680624
1497,49.899501,0.13907384226207908,0.40927853993550173,0.8533784033182262
1498,49.932834,0.14136621370134989,0.4098095130892684,0.8647314277869724
1499,49.966167,0.14751901475240642,0.3905118734393528,0.8804057077095786
1500,49.9995,0.1610010981705324,0.3825436017962323,0.9039041414560406
1501,50.032833,0.169246909647894,0.38577953036094237,0.9206245735574531
1502,50.066165999999996,0.1925685599722486,0.3568224003405708,0.9390782030702148
1503,50.099498999999994,0.19856017046273103,0.3910836057578711,0.9700570590015674
1504,50.132832,0.21873656035337063,0.3704092103832692,1.0011235748198397
1505,50.166165,0.20946230156014067,0.3680840350325904,1.0227514723024071
1506,50.199498,0.2027594352307191,0.3616407569214083,1.0316909819163393
1507,50.232831,0.20994838273352873,0.3682955861358626,1.0230459495521544
1508,50.266163999999996,0.1925187136040656,0.36647241556263044,1.023809867920086
1509,50.299496999999995,0.13174986164275895,0.3691132731472149,1.004570921898293
1510,50.332829999999994,0.08487070116993868,0.39087826666200687,0.9522242106503322
1511,50.366163,0.08275401959178906,0.36279118939510674,0.9339783980197466
1512,50.399496,0.08192476486208515,0.37015270429602,0.9377780666521204
1513,50.432829,0.08471938784612026,0.3956850317132649,0.9484722446057088
1514,50.466162,0.08948248889326993,0.38789216424915796,0.9493597643815782
1515,50.499494999999996,0.12398517345778898,0.36819906627883603,0.9409239726588573
1516,50.532827999999995,0.15282910855600124,0.3686202687309985,0.9330435247161567
1517,50.566160999999994,0.18233540585540184,0.373242671455688,0.9347318958066728
1518,50.599494,0.19878548206913416,0.3724092285454068,0.943368932894433
1519,50.632827,0.19926598840974286,0.38228674109095007,0.9509690204296439
1520,50.66616,0.22665240719629695,0.3796917827337083,0.9491959184094262
1521,50.699493,0.22868037149653012,0.37712096651466975,0.9467000989118215
1522,50.732825999999996,0.21700560114057083,0.36335675674248186,0.9334767280204436
1523,50.766158999999995,0.21407821245219308,0.35350661303482267,0.9442121223508214
1524,50.799492,0.29230950022710467,0.3373720464114581,0.9581966352169795
1525,50.832825,0.3391789988786919,0.36325096407126467,0.9862128457645398
1526,50.866158,0.35593943327017613,0.3639539144403445,0.9999082069306355
1527,50.899491,0.3264665584027046,0.3553950330941238,0.994308343614924
1528,50.932824,0.2364735267709994,0.3640358397027429,0.9475764394072753
1529,50.966156999999995,0.13725341874351862,0.3708630012433981,0.9118385862167916
1530,50.999489999999994,0.12213758017097127,0.3858356467182816,0.8971695203548514
1531,51.032823,0.1270840929727222,0.3816096962452107,0.8904312871274009
1532,51.066156,0.13319740555674,0.3728878198799125,0.8899307657809254
1533,51.099489,0.14909748967653053,0.36482554813716417,0.9027865500556553
1534,51.132822,0.1732004427921861,0.34046842416337164,0.922601896525083
1535,51.166154999999996,0.2172154964020688,0.3291077021093072,0.9392920418840216
1536,51.199487999999995,0.1929372298920398,0.3255937447581786,0.9317741187746076
1537,51.232820999999994,0.20730129964632493,0.3278341451167821,0.9226237703996973
1538,51.266154,0.18830412970829347,0.31669297758112785,0.9252140109374163
1539,51.299487,0.15519672455306754,0.32003218401763334,0.9130810455859648
1540,51.33282,0.13689819422143362,0.3249923443872957,0.9014424011601042
1541,51.366153,0.10927625703836427,0.3249558667394047,0.9030456519342497
1542,51.399485999999996,0.10583606394486975,0.3298399973271043,0.9095999173055134
1543,51.432818999999995,0.12534569865335637,0.32671748639107095,0.9170862812198064
1544,51.466151999999994,0.14877615385634868,0.32547628867841816,0.9098093845106474
1545,51.499485,0.16823109358919583,0.3292685401688197,0.9238117146661633
1546,51.532818,0.1679420406916222,0.3126020711001399,0.9241260582003616
1547,51.566151,0.18561792646447955,0.20194974941180652,0.9380968892890307
1548,51.599484,0.2036475842992595,0.10755440762923446,0.9322889899357828
1549,51.632816999999996,0.19749789609241258,0.2266039986661746,0.9382246135503889
1550,51.666149999999995,0.19454016667184149,0.28320343033244155,0.9447170460027181
1551,51.699483,0.19374815994201497,0.3259792296063574,0.9242319265167527
1552,51.732816,0.1925052398965891,0.3426670090338935,0.9214370039893299
1553,51.766149,0.19134831863382343,0.3628189009178919,0.9162324172454626
1554,51.799482,0.18903245858506634,0.3838629550319737,0.9109921357615965
1555,51.832815,0.18842889644999225,0.3854295574602528,0.9141687431692656
1556,51.866147999999995,0.17987625334766255,0.39695641118562053,0.9114014461957869
1557,51.899480999999994,0.17303187728287145,0.39390044328388646,0.9126060021933955
1558,51.932814,0.1768128479586133,0.37906956198609687,0.9119288746518531
1559,51.966147,0.17562266127557377,0.4225199442850397,0.9022881895048747
1560,51.99948,0.16288767448864536,0.4206563915191512,0.9009187313569564
1561,52.032813,0.14994706600681063,0.42634951164689017,0.9065446424244458
1562,52.066145999999996,0.15626840486311896,0.4208857485212725,0.9140588920649187
1563,52.099478999999995,0.15388246069320577,0.4270340014095706,0.9147203393619032
1564,52.132811999999994,0.15077138918342645,0.4324972228067028,0.9127341077623685
1565,52.166145,0.15260584312450368,0.43552472487863364,0.9182849388941109
1566,52.199478,0.15533489708307208,0.430126061174911,0.9186792940571644
1567,52.232811,0.15796892181945982,0.42542025187077015,0.9179337462697968
1568,52.266144,0.15291455923341177,0.43032260631953534,0.919414706877603
1569,52.299476999999996,0.15120735985389983,0.4238091124888216,0.9205568342256172
1570,52.332809999999995,0.16262331361322513,0.41495543706230736,0.9219276007009259
1571,52.366142999999994,0.15343346717413617,0.4241082579063038,0.9210763402731874
1572,52.399476,0.15722091953378384,0.4166835471370835,0.9167831762827938
1573,52.432809,0.1550442937948935,0.42213597407773285,0.9237448269588052
1574,52.466142,0.16084912487510528,0.41804768607950066,0.9230699322493093
1575,52.499475,0.15641716150441515,0.4249742339575163,0.9287729263024013
1576,52.532807999999996,0.16063462013135274,0.424085636638116,0.9317750361286445
1577,52.566140999999995,0.1614891524818467,0.418744085649444,0.9303454388936436
1578,52.599474,0.1614013804751603,0.4157208206902909,0.9343491611802924
1579,52.632807,0.16390442089652413,0.4272254878056384,0.922852148058601
1580,52.66614,0.15355151908380638,0.4210479343925795,0.9256568505235362
1581,52.699473,0.16195381791873187,0.42544893221353486,0.9244071180927038
1582,52.732806,0.1593335571760021,0.4169263100471414,0.9334845036644263
1583,52.766138999999995,0.15948394920449016,0.4200801503888233,0.9317008717233943
1584,52.799471999999994,0.16310794338496484,0.43124893340569925,0.927044100438823
1585,52.832805,0.1518750631048298,0.42012374077527986,0.9291298953475441
1586,52.866138,0.15231797975215391,0.42327881882863305,0.9285161757554602
1587,52.899471,0.15372065145206495,0.4255730710913794,0.9295761478221538
1588,52.932804,0.15719897949755693,0.4243409858430306,0.9322823749252123
1589,52.966136999999996,0.15345707455933016,0.4252725164498429,0.9250843924819719
1590,52.999469999999995,0.14649851016154153,0.41379735922345884,0.9254294022975862
1591,53.032802999999994,0.1557118930021919,0.41956099563555027,0.930191655773106
1592,53.066136,0.1586134968453452,0.4157508921583408,0.9279367027059253
1593,53.099469,0.1604870437194488,0.4161024885407662,0.9243392107596656
1594,53.132802,0.14956868886358973,0.42273385414976283,0.9287424410279848
1595,53.166135,0.14713855184654206,0.4284588816132987,0.9356793516850257
1596,53.199467999999996,0.1482339084243292,0.4268029289480358,0.9327504082130729
1597,53.232800999999995,0.15273087008380784,0.42305668008289,0.935787394362017
1598,53.266133999999994,0.15870871357581717,0.4295892875791656,0.9390749273587136
1599,53.299467,0.15436487858813447,0.42509484006647963,0.9331290401555188
1600,53.3328,0.1488215330849517,0.41760095642341777,0.9333729889326489
1601,53.366133,0.1580898189336486,0.43482298154084165,0.9382366467997088
1602,53.399466,0.15054416582273564,0.4220537127219206,0.9347016189078786
1603,53.432798999999996,0.14859710719969982,0.4205907375622773,0.9378231901462414
1604,53.466131999999995,0.15127209763793134,0.35485261349279074,0.9357361502330432
1605,53.499465,0.14099439209827397,0.2489588459726686,0.9684669820774052
1606,53.532798,0.14770244248923836,0.20134098409309617,0.9539481450885708
1607,53.566131,0.1464738899269512,0.2541500006975575,0.9387861256793254
1608,53.599464,0.14889575841864452,0.29802668979519126,0.9296389210041069
1609,53.632797,0.139334889799892,0.31953878856866924,0.9231722034341786
1610,53.666129999999995,0.1403281114664873,0.34527919533687823,0.9297888106489697
1611,53.699462999999994,0.14170754133302738,0.3537404842619884,0.9164398909727827
1612,53.732796,0.14050694419388446,0.3500873478468467,0.9127761720351051
1613,53.766129,0.14116408401470068,0.3636058481550585,0.89953586858555
1614,53.799462,0.14550316865025956,0.36767400755665286,0.9014455404409858
1615,53.832795,0.1460613076643952,0.37272192164113516,0.9036683083950005
1616,53.866127999999996,0.1433194975134741,0.382760993758694,0.8996622025060976
1617,53.899460999999995,0.14515965324226612,0.3947509764054728,0.9044505153815142
1618,53.932793999999994,0.14679552502726237,0.3920503277933626,0.9032813267050813
1619,53.966127,0.1438861156261658,0.3751450585726665,0.896806013547019
1620,53.99946,0.13325210989566655,0.36730307793275824,0.8979894744217515
1621,54.032793,0.1373135975472813,0.3612074988474665,0.8985422301181502
1622,54.066126,0.1367111930928853,0.3659272457208331,0.9008982901840891
1623,54.099458999999996,0.13439496686795152,0.3678483546185282,0.8954793480510156
1624,54.132791999999995,0.129952179559167,0.3675021256976647,0.8967590157328356
1625,54.166124999999994,0.13951536058306918,0.3631037114516116,0.8966388152513559
1626,54.199458,0.13381277459971996,0.3641210388720312,0.8984362584108884
1627,54.232791,0.13188176067630056,0.36327010429627826,0.8979607824123745
1628,54.266124,0.13177415627420125,0.35977004240615745,0.894718070855136
1629,54.299457,0.13609373481427178,0.35981074966700505,0.8991728098912634
1630,54.332789999999996,0.13343209049587168,0.36160689783517613,0.8975151732506548
1631,54.366122999999995,0.1345647518281239,0.36568052977037063,0.8979915709973691
1632,54.399456,0.13697744326737057,0.3614473809261983,0.8969212127088418
1633,54.432789,0.12601806521031086,0.35868629424839304,0.9033276582138409
1634,54.466122,0.12774435027696818,0.3541382507457817,0.9021788421316029
1635,54.499455,0.12979704331261543,0.3562099141151729,0.9019198606240852
1636,54.532788,0.13019126905682696,0.36018507210145234,0.8979295114139579
1637,54.566120999999995,0.13633989076638278,0.35365428799775434,0.9009285603314986
1638,54.599453999999994,0.1233267024734573,0.3514274628828755,0.9011102518715346
1639,54.632787,0.12896070530884687,0.35074934104467914,0.8969932441425364
1640,54.66612,0.12842185544749726,0.3493911333699721,0.8970353046904121
1641,54.699453,0.1314594324068511,0.3505398152242251,0.8924653823510994
1642,54.732786,0.12990426285153267,0.35508223832481345,0.8940694920830254
1643,54.766118999999996,0.12901047903866472,0.35680797020018573,0.8949507610834172
1644,54.799451999999995,0.13577046884930735,0.35217918485668975,0.8969555227253283
1645,54.832784999999994,0.14167352137415762,0.3547378411846306,0.8995432725233159
1646,54.866118,0.1526835912492186,0.35743006274725614,0.8949043472456215
1647,54.899451,0.14871756029493297,0.35156067377091205,0.9031892387753649
1648,54.932784,0.1473330434450479,0.3516164425220154,0.9012723739691982
1649,54.966117,0.13665687537802382,0.35662170807577154,0.9025826235660774
1650,54.999449999999996,0.13037450052687516,0.34659419926037854,0.9043177355792464
1651,55.032782999999995,0.12779240188805774,0.3473634606622994,0.9023767002113213
1652,55.066115999999994,0.11202572305983116,0.35189246868334895,0.8973367100540043
1653,55.099449,0.11438771689458185,0.3494492080228628,0.9041780067793764
1654,55.132782,0.09401725237174952,0.3514834984178339,0.9022946274311124
1655,55.166115,0.07200164722318197,0.35523054852969077,0.9017469468185527
1656,55.199448,0.07523595018729336,0.351734287302004,0.8984240056176775
1657,55.232780999999996,0.07302544934955421,0.3499709492165708,0.892803947548875
1658,55.266113999999995,0.12924562145665186,0.3403675729784127,0.9015823381500324
1659,55.299447,0.17225199791753118,0.33262427445184845,0.9081820476718956
1660,55.33278,0.17880546005518716,0.23980809518415575,0.9279831630873522
1661,55.366113,0.1815666448274645,0.060238661367115975,0.9028209813852128
1662,55.399446,0.1734191055456365,0.039966699870470954,0.8803478186339689
1663,55.432779,0.1795592505359447,0.0726554572761246,0.8706160827143767
1664,55.466111999999995,0.1771459288701349,0.144100368709136,0.8787986539453269
1665,55.499444999999994,0.18102250357172414,0.2573856403709788,0.8851242955833235
1666,55.532778,0.20225396425411388,0.2732847528383179,0.9038817693041671
1667,55.566111,0.22948612602004012,0.29227290353058777,0.9253346469795072
1668,55.599444,0.23860345352528345,0.3039214936546978,0.9127795763183908
1669,55.632777,0.25639316202987883,0.3220643741050031,0.902697641809262
1670,55.666109999999996,0.2526421384326564,0.3328582142153238,0.8919697260162576
1671,55.699442999999995,0.2494416209337863,0.3390693377194164,0.8928743423772776
1672,55.732775999999994,0.22466539959436152,0.3540952478732677,0.9072901421243978
1673,55.766109,0.21323951857844722,0.36164519111427484,0.923363287871156
1674,55.799442,0.2042526658805173,0.36880047072386885,0.9398860055560624
1675,55.832775,0.2023046977448771,0.3594820333816653,0.9498389328110901
1676,55.866108,0.19514279973996806,0.37121974163472704,0.9496945216824095
1677,55.899440999999996,0.19044953888178345,0.36985679940067107,0.9518304147053626
1678,55.932773999999995,0.1908969458444834,0.3659342351518524,0.9498986488113759
1679,55.966106999999994,0.18141960409255492,0.36946067141592365,0.9488859259426288
1680,55.99944,0.18229401561838582,0.3772802553630119,0.9445141297392894
1681,56.032773,0.17949609260211913,0.3549628720291238,0.9466620765103245
1682,56.066106,0.1763738178592207,0.37168347192184126,0.9470789179356099
1683,56.099439,0.17796773113465048,0.36190176738941193,0.9451966280766964
1684,56.132771999999996,0.17237435713815338,0.3542355066228194,0.9441220706328096
1685,56.166104999999995,0.17202940310455622,0.35275220534531015,0.9445390787304885
1686,56.199438,0.17245472158019445,0.34161725926797454,0.9359407911058707
1687,56.232771,0.16910294528905234,0.3887938374610537,0.9193551874553304
1688,56.266104,0.17178950446301594,0.40166166615956644,0.9164959872443762
1689,56.299437,0.16586163307392907,0.40127099917749964,0.9103521591803362
1690,56.33277,0.16392266810609757,0.4094379657399134,0.9068475341437991
1691,56.366102999999995,0.15921525081470908,0.40708049060285256,0.9095350650826072
1692,56.399435999999994,0.15675696719967047,0.4054453434983102,0.9071001701056332
1693,56.432769,0.15982090559720366,0.4048354558277134,0.9032966813402625
1694,56.466102,0.16235589046163876,0.4028144798915408,0.8979331364561852
1695,56.499435,0.16161772739088912,0.3993561667994425,0.8917234976511138
1696,56.532768,0.16299350573711105,0.3866747579048983,0.8978718351439792
1697,56.566100999999996,0.15738481693961986,0.4017233191259381,0.9068509005373422
1698,56.599433999999995,0.16208694719319391,0.37579249470606635,0.9023213166657997
1699,56.632766999999994,0.15939298941525387,0.3787067367626983,0.9042444090049335
1700,56.6661,0.1599852240043377,0.3798365716763137,0.9111233065627367
1701,56.699433,0.1562592023874266,0.4010110607217328,0.9190655365489189
1702,56.732766,0.14800551405812595,0.40051127698709343,0.9094104908753519
1703,56.766099,0.15228844695540752,0.38894333023115457,0.8993856607839129
1704,56.799431999999996,0.1506652451468147,0.3899821364377235,0.8905132847480371
1705,56.832764999999995,0.1540344698671851,0.3961714439101893,0.8947638068136404
1706,56.866097999999994,0.15144148572701327,0.3880759018855161,0.892904179427855
1707,56.899431,0.15409985454746078,0.38588869012222027,0.8915189398285495
1708,56.932764,0.1473184089026066,0.38230212039324596,0.8957343317154357
1709,56.966097,0.15021657234536523,0.3883015231176946,0.8968174385617956
1710,56.99943,0.15371946007544482,0.387990557105388,0.8984440477581648
1711,57.032762999999996,0.1533647935859362,0.388994205576757,0.9053498041854289
1712,57.066095999999995,0.14574505963321516,0.38780874742327553,0.9073545933240851
1713,57.09942899999999,0.15108356771665543,0.3850815735227674,0.9060261554217459
1714,57.132762,0.138494777949668,0.3867553037260584,0.9081844298964704
1715,57.166095,0.1426854810164929,0.39401307019079856,0.9089319348701241
1716,57.199428,0.1435412430837951,0.39054769346581514,0.9112267040400683
1717,57.232760999999996,0.13799565600162053,0.392044173557751,0.9092921906467251
1718,57.266093999999995,0.1423966004638527,0.40725513900396504,0.9134005583275997
1719,57.299426999999994,0.1446186076665001,0.40081744813377584,0.9154517740938791
1720,57.33276,0.14622310678927095,0.39799235361101015,0.9103739307310755
1721,57.366093,0.14928237568258512,0.38650802164475295,0.9167698057602957
1722,57.399426,0.1504112139714231,0.36456709008276544,0.9141332970949758
1723,57.432759,0.15305683561757388,0.3549421738106826,0.9091748336539811
1724,57.466091999999996,0.15848379419749237,0.3486842498132754,0.9150254743011761
1725,57.499424999999995,0.15796716324641108,0.34176493875483593,0.9099164855650069
1726,57.532757999999994,0.1567752049124872,0.34171279754686446,0.9047835951373175
1727,57.566091,0.14651405184191754,0.35134237781427513,0.8974924811868731
1728,57.599424,0.14893265392932198,0.35493845414288294,0.8945479284109553
1729,57.632757,0.13795978256440666,0.35535026212648213,0.8907328525211563
1730,57.66609,0.13736322245342303,0.3537627884228526,0.8896875406184735
1731,57.699422999999996,0.14138905121599865,0.3088473375975337,0.8980379376219431
1732,57.732755999999995,0.1366978633582678,0.12819511703363093,0.9052585995543365
1733,57.766088999999994,0.12649831702263775,0.01383910539712612,0.8739216799467144
1734,57.799422,0.13004386505999987,0.024557284210703682,0.8722790811649731
1735,57.832755,0.13588416996487918,0.169793284349102,0.9121974248068934
1736,57.866088,0.13549761709561875,0.275933398305042,0.9293075373313539
1737,57.899421,0.1343511754448079,0.3074631110720051,0.9169022362346655
1738,57.932753999999996,0.14093082588852046,0.3338507337211585,0.9251979594856562
1739,57.966086999999995,0.1460583635267729,0.3529985070675375,0.9166008222997375
1740,57.99941999999999,0.16504456143684906,0.3678779837661571,0.9180561679278142
1741,58.032753,0.18688282610905982,0.3714690295901839,0.9401952093759695
1742,58.066086,0.1957647556497805,0.39028700236684866,0.9626891152664755
1743,58.099419,0.20325698087572205,0.39969621816915,0.9506048651617135
1744,58.132751999999996,0.20275941038744877,0.3895549930664711,0.9475881231342661
1745,58.166084999999995,0.20915925396547022,0.2925791955679096,0.9704055952364109
1746,58.199417999999994,0.2095772368388329,0.1282826570304996,0.9672147733226613
1747,58.232751,0.20291219195199356,0.16418151367834477,0.957652111326887
1748,58.266084,0.2054769806163329,0.23815139299025012,0.9697928488423033
1749,58.299417,0.2063464784707329,0.26554827139385606,0.967838096949372
1750,58.33275,0.20765283212383193,0.2836235006921738,0.9787044118629061
1751,58.366082999999996,0.2214931172449591,0.2778027053495654,0.9765367625583014
1752,58.399415999999995,0.22049537589971435,0.2884968772315271,0.9770375103352051
1753,58.432748999999994,0.2199932231076409,0.2904738070417431,0.9781034545329031
1754,58.466082,0.22020588713311667,0.26607792528961377,0.9754426195485562
1755,58.499415,0.2056047697795233,0.12748246131197896,0.9664938530286925
1756,58.532748,0.19940652467117773,0.037252350308098224,0.9589573627824274
1757,58.566081,0.18505205248355625,0.03605856541605278,0.9542251106718757
1758,58.599413999999996,0.18108628805134586,0.13583421648985244,0.9776471247109269
1759,58.632746999999995,0.18420014547648697,0.250198915100348,1.0041747750249117
1760,58.666079999999994,0.1793181224418665,0.2994812708586544,0.9773012064626247
1761,58.699413,0.17908550873614607,0.32822894564172567,0.9710605420848819
1762,58.732746,0.1730457236448615,0.32777120230490686,0.9716102033967315
1763,58.766079,0.1962679767659298,0.3447581411639311,0.9902979137535329
1764,58.799412,0.2214959373317548,0.3583634166936372,1.0029271887010391
1765,58.832744999999996,0.24976621722447073,0.3651845598640034,1.0400885321801314
1766,58.866077999999995,0.316427844560369,0.37579357861540574,1.0576435899937462
1767,58.89941099999999,0.36015699168525894,0.3842333759035973,1.0791908470414024
1768,58.932744,0.39131740389269526,0.39308605626278115,1.1000815514857836
1769,58.966077,0.39295694881528337,0.3859998414127725,1.1106396432377543
1770,58.99941,0.39364480895067305,0.3733663877389961,1.1128467967109048
1771,59.032742999999996,0.3827356332467991,0.3755737216714303,1.1155791237870654
1772,59.066075999999995,0.3772164757325559,0.37759104002475696,1.11358477325986
1773,59.099408999999994,0.3780234605984474,0.38120141149507225,1.1163773382088737
1774,59.132742,0.3923288293654368,0.3849638002611533,1.1245355026607882
1775,59.166075,0.398331017606721,0.3814244684623661,1.1290246257161787
1776,59.199408,0.41244281311156394,0.37771645914730545,1.130714147806325
1777,59.232741,0.44583194689314415,0.3612136179007436,1.1298055972968561
1778,59.266073999999996,0.45437364507495354,0.36447394884782003,1.1319568784839287
1779,59.299406999999995,0.4921899433623773,0.3690708942896692,1.145636035378081
1780,59.332739999999994,0.5007132277549828,0.36242071199989223,1.1702490823469176
1781,59.366073,0.5062148743923632,0.3632668645135462,1.1821664795730042
1782,59.399406,0.5160368798367526,0.36199126758437894,1.1930370059528685
1783,59.432739,0.5600492186719375,0.3711254398234705,1.197245257789241
1784,59.466072,0.5817863719135912,0.35913973620277706,1.2098361785559888
1785,59.499404999999996,0.5566422882931434,0.3600555127369861,1.2100359717904874
1786,59.532737999999995,0.5654770789574345,0.358520794026985,1.2275130167080142
1787,59.566070999999994,0.5917539675685206,0.36670080663864535,1.2312125225546495
1788,59.599404,0.6083275565312373,0.36397825570442366,1.2444893263656147
1789,59.632737,0.629157106746834,0.3520694697760204,1.2462405090253583
1790,59.66607,0.610156048713446,0.3503499793825827,1.2479827570079327
1791,59.699403,0.6423289442943901,0.3363054096937183,1.263100173740507
1792,59.732735999999996,0.6442144903069535,0.3272385483016516,1.2588680431983323
1793,59.766068999999995,0.6400207875543323,0.33362862748029193,1.2477033461964648
1794,59.79940199999999,0.6350935398199551,0.33932482426300636,1.237345806508194
1795,59.832735,0.6357783789289589,0.3325121552017763,1.2504853601907016
1796,59.866068,0.6317508544945023,0.3331917859148964,1.249708673150506
1797,59.899401,0.5995798494309184,0.32846844392142527,1.2462636976747314
1798,59.932733999999996,0.6082791972106827,0.3307802717275394,1.2360946096554029
1799,59.966066999999995,0.5954606028594571,0.3305287772985326,1.2292259177025544
1800,59.999399999999994,0.607862986327578,0.3198100154989565,1.2411654440506696
1801,60.032733,0.6076264301021975,0.29400449704751364,1.233614297098896
1802,60.066066,0.598388772442246,0.2943290029383733,1.2483979108441192
1803,60.099399,0.6123822664006718,0.29001530761001215,1.243372606979582
1804,60.132732,0.5914786708821418,0.2880104824586911,1.2478974065598312
1805,60.166064999999996,0.5953563548469984,0.29042357168768473,1.2397771922570058
1806,60.199397999999995,0.572444389541964,0.29449218581986447,1.2327241783250922
1807,60.232730999999994,0.5679520351297305,0.28523523018364383,1.2415483171479607
1808,60.266064,0.5821758472828961,0.28036795920741064,1.2329870420032818
1809,60.299397,0.5696298058243596,0.2996806681645531,1.2379784212021314
1810,60.33273,0.5720994312000094,0.32774400434186507,1.2418399980657744
1811,60.366063,0.5730646283539189,0.3197715458644652,1.241300773648384
1812,60.399395999999996,0.5752473199991985,0.3178850046271162,1.239320493992625
1813,60.432728999999995,0.556643132530754,0.3227729825458824,1.2300412666783476
1814,60.466061999999994,0.5872432715395804,0.32632456034375235,1.2319848101319415
1815,60.499395,0.5767432336430681,0.3324980813777942,1.2381823198909339
1816,60.532728,0.5798024363704283,0.3256549354553839,1.2394425480256086
1817,60.566061,0.5710092144407977,0.3152849315745694,1.2361368755240105
1818,60.599394,0.5745497293294153,0.3236561732892983,1.2345263923245275
1819,60.632726999999996,0.5655280968812905,0.3228486021779631,1.236167639808583
1820,60.666059999999995,0.5540287175065485,0.3237749141087187,1.2222440123553948
1821,60.69939299999999,0.5508105895111383,0.32432956035268956,1.2183105045844123
1822,60.732726,0.5445104274232524,0.3374800257211056,1.2181578427030482
1823,60.766059,0.5156298684702006,0.33882523685319954,1.1983277953792741
1824,60.799392,0.5130858086646131,0.33821901162417356,1.1886571434235884
1825,60.832724999999996,0.5011981416569421,0.3357153215541955,1.1806896620565017
1826,60.866057999999995,0.47083756343488337,0.3312867910351236,1.1697547278395544
1827,60.899390999999994,0.43507032005651763,0.327537936295789,1.1568203306954774
1828,60.932724,0.4248988026225968,0.32419712098142506,1.141270037491337
1829,60.966057,0.41838607681403706,0.32903080975516685,1.1322354290222607
1830,60.99939,0.42515687118580536,0.3304744934802524,1.1293232988576567
1831,61.032723,0.4109992366007301,0.3282590049198508,1.1248939726443012
1832,61.066055999999996,0.3955357606435206,0.3292038206298331,1.1181568443838537
1833,61.099388999999995,0.3947982334747941,0.33283068898584234,1.1041965524237813
1834,61.132721999999994,0.3957223003250278,0.3310005774192063,1.0895230097680542
1835,61.166055,0.37074886453609296,0.3299251402058546,1.0781966890014973
1836,61.199388,0.3582652110524247,0.33217867849626814,1.0612743888547451
1837,61.232721,0.34102992580788183,0.3449803247371297,1.0411109234760232
1838,61.266054,0.31546093965812516,0.3431162876911402,1.031650654372422
1839,61.299386999999996,0.2988413708087036,0.3456302557832427,1.0302888144759808
1840,61.332719999999995,0.286463989418616,0.3448159405612804,1.0222127747811964
1841,61.366052999999994,0.2516602574040839,0.33955754175401837,0.9987224491878851
1842,61.399386,0.2421599078254387,0.34262884254200887,0.9807138085976643
1843,61.432719,0.22339483402018873,0.34374564664253837,0.9636733043678385
1844,61.466052,0.20709144297847973,0.34540206548507824,0.939811048051722
1845,61.499385,0.1999453874118225,0.35033894485096684,0.9281319610982579
1846,61.532717999999996,0.1876329762860381,0.35884050606953866,0.9306384603206369
1847,61.566050999999995,0.1715177083772779,0.350292988933225,0.919387346360729
1848,61.59938399999999,0.1686291917283173,0.3480896066346525,0.9034851268651731
1849,61.632717,0.16951299720243854,0.3579845942384018,0.8923830409376032
1850,61.66605,0.16259640467810338,0.3603938619850456,0.888614778872438
1851,61.699383,0.15251125105402322,0.35922549070222465,0.880941830902248
1852,61.732715999999996,0.1481281652132101,0.3622372954308003,0.8764563509306136
1853,61.766048999999995,0.14361546211749607,0.36673683242777155,0.8699511020208837
1854,61.799381999999994,0.14306704823421174,0.37268158389487505,0.8674631197153851
1855,61.832715,0.1437172006443255,0.3693321105834717,0.8619634085971077
1856,61.866048,0.1316513699531874,0.3765620635354838,0.8663407174461661
1857,61.899381,0.13018261972229617,0.36682616278380764,0.8617814574131399
1858,61.932714,0.13000021586826338,0.37108707724550927,0.8568123874606371
1859,61.966046999999996,0.1135281735097148,0.3723173289604046,0.8558479119880568
1860,61.999379999999995,0.08847661230135186,0.3731719178328587,0.8523159627293315
1861,62.032712999999994,0.07078184127348125,0.36777334427000535,0.8517778541821686
1862,62.066046,0.06866402538823665,0.36866331370248256,0.8491595449281283
1863,62.099379,0.07098142720238,0.36498054933715357,0.8467596909901207
1864,62.132712,0.0682698447649136,0.3696404555974748,0.8487928336368429
1865,62.166045,0.06739802596752148,0.36722519555217215,0.8420399583700675
1866,62.199377999999996,0.06689598595385142,0.3707454086747206,0.8439709301707046
1867,62.232710999999995,0.06844653995479576,0.3669827964775173,0.8421453286962787
1868,62.266043999999994,0.0683968683350126,0.37522297827154555,0.8356512788631516
1869,62.299377,0.06766251117213236,0.36904479247065314,0.8425055913788753
1870,62.33271,0.06860819691206456,0.37786822738645465,0.8372226751072093
1871,62.366043,0.0694815758246576,0.3715066286525973,0.8374808676426972
1872,62.399376,0.0676047674165083,0.3728813715916024,0.8371554133654366
1873,62.432708999999996,0.0689792674103307,0.3649906665441006,0.8432572645664834
1874,62.466041999999995,0.06942525131206906,0.34917816553128656,0.8335774418511342
1875,62.49937499999999,0.06768992757342958,0.3487899279328902,0.8386561382837368
1876,62.532708,0.06654787001605438,0.3494788971261906,0.8414281121575415
1877,62.566041,0.06848059539914719,0.3420834127194037,0.8480052113096184
1878,62.599374,0.06811050016306035,0.3469964838978038,0.8493055106612356
1879,62.632706999999996,0.0675632641768106,0.33364865519974984,0.8526410597899223
1880,62.666039999999995,0.06832429988993587,0.343773630715718,0.8465469083508619
1881,62.699372999999994,0.06994269349940084,0.3429776941363608,0.8576433166252048
1882,62.732706,0.06859414653085309,0.3376580509513002,0.8533857380676816
1883,62.766039,0.06745791411255586,0.3049859749437129,0.8586063957530272
1884,62.799372,0.06710790483938989,0.31413919634507725,0.8520608941174979
1885,62.832705,0.0700749761368724,0.33252592964440353,0.8524147982866643
1886,62.866037999999996,0.06955628264678496,0.34938770468934,0.855087254784897
1887,62.899370999999995,0.06667761608402367,0.36069373119166287,0.8544926223325238
1888,62.932703999999994,0.06862836323013954,0.36013962675155897,0.8476886584170776
1889,62.966037,0.06966996892940759,0.36881828547139495,0.8459445811643465
1890,62.99937,0.07036495427434974,0.3731754797979987,0.8405911682921301
1891,63.032703,0.06829763914279313,0.3714579882900653,0.8489214867082485
1892,63.066036,0.06941767587191544,0.38115077619593063,0.8400405390966234
1893,63.099368999999996,0.07056349762199733,0.3694042140923105,0.8426788198716704
1894,63.132701999999995,0.06917600439972428,0.3240014300313342,0.8527153868093478
1895,63.166034999999994,0.0701930179080403,0.1810997900834781,0.8643560871010795
1896,63.199368,0.07329558408278475,0.0627142462506887,0.8449611984674746
1897,63.232701,0.0716477226849675,0.11887009925533687,0.8476047714739045
1898,63.266034,0.07227228459428853,0.23297714317133972,0.8701980055917505
1899,63.299367,0.0734113867667903,0.26047011602333237,0.87080196579208
1900,63.332699999999996,0.07259159527563179,0.2759015590890662,0.8535086210895714
1901,63.366032999999995,0.07260425505735214,0.28897377867129015,0.8477294842552576
1902,63.39936599999999,0.07216640199474962,0.299167821511878,0.8389700223001334
1903,63.432699,0.07294048585159371,0.3099285824587297,0.8334777186980451
1904,63.466032,0.07146513685872387,0.3172277170496771,0.8278034932556847
1905,63.499365,0.07350503494547149,0.33208435962903293,0.8178635422323662
1906,63.532697999999996,0.07247357619496873,0.3276775307998171,0.8173391270089807
1907,63.566030999999995,0.0732838029609915,0.33295706095333716,0.8117461283246518
1908,63.599363999999994,0.07327642856750641,0.3302805118269527,0.8132860004264808
1909,63.632697,0.07222737276543863,0.31252571454908806,0.8187524816622127
1910,63.66603,0.07256298319250269,0.3220840336856956,0.8118615942386695
1911,63.699363,0.07264950050645066,0.3251757212639694,0.8142712096339173
1912,63.732696,0.07203834154936581,0.3296252184792742,0.8123634845208144
1913,63.766028999999996,0.07378645978401673,0.3288774522367398,0.814766829361703
1914,63.799361999999995,0.0726173528440127,0.3153162472953854,0.8182251529926093
1915,63.832694999999994,0.07283738710074271,0.2687751475298107,0.8407455847528826
1916,63.866028,0.07500163696092634,0.22449992349169395,0.8477465398513504
1917,63.899361,0.07412157348743069,0.26294561011526363,0.8413398762479375
1918,63.932694,0.07387200887968672,0.29271073368644085,0.834866454019759
1919,63.966027,0.10146345363876653,0.31016497541167926,0.8390841743833325
1920,63.999359999999996,0.1342811430149554,0.3285124306541281,0.8437728235258618
1921,64.032693,0.148502958921207,0.33993946349510384,0.8454749597172583
1922,64.066026,0.13726923133169083,0.3495466253084839,0.8502246339698238
1923,64.09935899999999,0.12344005434772386,0.35793976479543044,0.8431157770200104
1924,64.13269199999999,0.11463374763067015,0.35532559794560575,0.8474130372718013
1925,64.16602499999999,0.08718774308176813,0.3713965038378322,0.8515473956723724
1926,64.199358,0.06992782155529112,0.3710016711886631,0.8548275962200864
1927,64.232691,0.06720119606781755,0.37112362404158367,0.8554747497512217
1928,64.266024,0.09350376691004836,0.33267246056694955,0.8593525956813464
1929,64.299357,0.09943208187579118,0.14956679927927882,0.8756890445519998
1930,64.33269,0.12177669788092195,0.04698764319396738,0.8384905682012347
1931,64.366023,0.12765789661219387,0.07802607013782208,0.8208143597164841
1932,64.399356,0.13309982172779042,0.16312397487799857,0.8308998056953858
1933,64.432689,0.1576877967058711,0.25836007534418837,0.8365529146093554
1934,64.466022,0.1859762906716019,0.2577726879735408,0.8521765009680043
1935,64.499355,0.1986858102280008,0.27959061065878366,0.857219175109531
1936,64.532688,0.20843219100741547,0.2920131090409556,0.8471850119020277
1937,64.56602099999999,0.21158523223787046,0.2886612373509835,0.843067623412392
1938,64.59935399999999,0.20840480421049357,0.3143192244095715,0.842067485420506
1939,64.63268699999999,0.2034140432982795,0.3265814844626882,0.8382662147330955
1940,64.66602,0.19082829568538312,0.3299572433193373,0.840703913964357
1941,64.699353,0.18588644057339562,0.3309398052191468,0.8258142642871548
1942,64.732686,0.17328186096796214,0.33511346489189187,0.8269749419723423
1943,64.766019,0.16757300180229825,0.33155769000806284,0.8258520466184278
1944,64.799352,0.1696138237730451,0.3404964553101647,0.8317831367945904
1945,64.832685,0.16792587489540606,0.34095934969196817,0.841874023263195
1946,64.866018,0.16087138685103078,0.3376012825532608,0.8388665746846865
1947,64.899351,0.16859341312913126,0.332865696927837,0.8409107037320068
1948,64.932684,0.1700224028631293,0.31500781690553514,0.8494113848394876
1949,64.966017,0.16944348610489457,0.31323880585208036,0.8482874122444622
1950,64.99934999999999,0.17347544726145822,0.31771515550342017,0.847865366260836
1951,65.03268299999999,0.18199698278977236,0.31667474522222183,0.8488154066446763
1952,65.06601599999999,0.18882471786700408,0.30781826715914895,0.8444006584769146
1953,65.099349,0.19056396543828116,0.30998859491112674,0.8369521459712621
1954,65.132682,0.18955374568170738,0.3159766760156074,0.8326377602473841
1955,65.166015,0.1879923744946481,0.3075525556368184,0.8510517378373921
1956,65.199348,0.18299067628021978,0.3170728645819863,0.8412078318949513
1957,65.232681,0.18430194420895535,0.3075726662501024,0.8426237672232946
1958,65.266014,0.18508872224638687,0.3107544524013506,0.8436634153122415
1959,65.299347,0.18777783535429216,0.3047731050115824,0.837154798589495
1960,65.33268,0.1880145284732231,0.3137277958015501,0.8308398876402099
1961,65.366013,0.18572531039405327,0.30248494454898545,0.8387014669370295
1962,65.399346,0.18446794916213272,0.3107876023496288,0.8401378365304835
1963,65.432679,0.1869524614143246,0.30849637556151777,0.8396827250444213
1964,65.46601199999999,0.18339829547692707,0.3076905992578043,0.8474848294032238
1965,65.49934499999999,0.18342615129509668,0.3128541647967066,0.8528126470347235
1966,65.53267799999999,0.19056696971730447,0.3059377764551424,0.8621604970959725
1967,65.566011,0.1907494344485145,0.312012248946131,0.8592575166865649
1968,65.599344,0.1939633715042058,0.32125427982492993,0.8592736074373531
1969,65.632677,0.19738384783602794,0.3211028715047284,0.8698368920954758
1970,65.66601,0.198258701019398,0.30976109896374016,0.864567762489545
1971,65.699343,0.19348029019715582,0.31666541341673027,0.8620709198175808
1972,65.732676,0.1935018429324157,0.32056009877680697,0.8578862768016167
1973,65.766009,0.1951038665133447,0.31907049187264713,0.8554862412038357
1974,65.799342,0.19340787205949134,0.3133073738849307,0.8565316017132582
1975,65.832675,0.19583982024236699,0.3144788455236851,0.8578168751902786
1976,65.866008,0.19030156008357194,0.30975025725521044,0.8604005086439679
1977,65.89934099999999,0.1955851495334687,0.30981021999814873,0.8627585377034577
1978,65.93267399999999,0.19569369735228143,0.3107447009237217,0.8610131794349173
1979,65.96600699999999,0.19017800644396773,0.3345832026633298,0.8531945791036797
1980,65.99934,0.18777377240919166,0.35483039008167955,0.8481153905309298
1981,66.032673,0.18575099452895905,0.36377318871912134,0.8431363082083552
1982,66.066006,0.18628772127175544,0.3631192975358286,0.8431061199571372
1983,66.099339,0.18455685309378334,0.3596296013246799,0.8412128160433183
1984,66.132672,0.185284048821507,0.36157852123710416,0.8427690130774557
1985,66.166005,0.18436310559306163,0.3616049274101553,0.8361019127355802
1986,66.199338,0.1875789329871678,0.3728201457961937,0.8464596735197835
1987,66.232671,0.19381947929024043,0.36113947482415654,0.8476545154087666
1988,66.266004,0.19081088435516827,0.38289769180806854,0.8520806387647674
1989,66.299337,0.191116478884249,0.38861021978271826,0.8612106871414829
1990,66.33267,0.19105718950854186,0.391788457509104,0.8551426585689925
1991,66.36600299999999,0.18939091194439903,0.38695185139655314,0.8599042341497053
1992,66.39933599999999,0.18547645377331848,0.3688931421323681,0.8702663706252213
1993,66.43266899999999,0.18634548672079754,0.38080113857231673,0.8629843710337244
1994,66.466002,0.18723428837186407,0.38222725167694227,0.8809622338365013
1995,66.499335,0.18733085918994857,0.38020988950762236,0.8837638180469706
1996,66.532668,0.19625115145511177,0.3883899653803612,0.8952589813276578
1997,66.566001,0.18524307577312324,0.4044916571856736,0.9018288780605286
1998,66.599334,0.18578102189582296,0.3999429423496058,0.9101597227610567
1999,66.632667,0.18606860984521545,0.3918344689515586,0.9081229683203836
2000,66.666,0.1872338027789143,0.38767665475900226,0.907996129785035
2001,66.699333,0.18679473524010545,0.3880860232443781,0.9091677340822577
2002,66.732666,0.18920657773886745,0.3911154421586981,0.9257813593117661
2003,66.765999,0.1833123412182874,0.38746527591933017,0.923186984781852
2004,66.79933199999999,0.1843855754282651,0.40411411232301386,0.9201152187944172
2005,66.83266499999999,0.18480275820553171,0.3948616237523622,0.9270954568155296
2006,66.86599799999999,0.18475991321948876,0.3992369368222676,0.9320374524746244
2007,66.899331,0.18537644497260664,0.3953699127198571,0.9393133807697313
2008,66.932664,0.18600736380211744,0.39150743790961584,0.9317578565173273
2009,66.965997,0.1873347897530551,0.39258289708464855,0.9316939703493433
2010,66.99933,0.18921394274988734,0.38975991118684317,0.931638769159002
2011,67.032663,0.1900457351941779,0.3857584483571918,0.9319051373750713
2012,67.065996,0.1914446668936522,0.38640352994457405,0.9329541358915232
2013,67.099329,0.1888715878174629,0.38963656616525383,0.9313131982338373
2014,67.132662,0.18823542229110363,0.39188189587596245,0.9321637203475347
2015,67.165995,0.18961438678121878,0.3944900255822437,0.9320330339676747
2016,67.199328,0.18838269102230412,0.3880419885510674,0.9448537932430465
2017,67.232661,0.18801111316165273,0.28934670099459125,0.9531346492640957
2018,67.26599399999999,0.1815348110548176,0.07938517052862411,0.9583647419989348
2019,67.29932699999999,0.18543230344889367,0.13045613010458815,0.9715701645320441
2020,67.33265999999999,0.18553834401597055,0.24382652060177704,0.9799173972066483
2021,67.365993,0.1852894310027848,0.29996432192249434,0.9575244499678169
2022,67.399326,0.1861501348039139,0.3220316504068358,0.9637138834788608
2023,67.432659,0.18981138815098714,0.3422028108496584,0.9577041667309173
2024,67.465992,0.18657876153330488,0.3544054994485125,0.9653362328840158
2025,67.499325,0.18420311307475845,0.35917808943862944,0.9597091587004866
2026,67.532658,0.18491109501311861,0.36779687403716677,0.9604203318301612
2027,67.565991,0.1819642981711786,0.36886430584789487,0.9675621140042455
2028,67.599324,0.1849606379690022,0.3680476864711375,0.9552772907618944
2029,67.632657,0.18230687275538646,0.38213624421211023,0.9581256694257584
2030,67.66599,0.18170306235550018,0.37501439687176585,0.959410760199421
2031,67.69932299999999,0.17874867505000727,0.3797435515092942,0.9633075762100347
2032,67.73265599999999,0.17889941860834357,0.3760361754133461,0.9592173838725523
2033,67.76598899999999,0.17558575324542575,0.3800614196233961,0.9554432302597129
2034,67.799322,0.17916926706777866,0.38358437805493356,0.9535299671252405
2035,67.832655,0.16718723705517816,0.380997755961326,0.9542251946116878
2036,67.865988,0.16413300898760919,0.38853772843734624,0.9517882138131418
2037,67.899321,0.15847334245381342,0.38694824210194684,0.9528959943954761
2038,67.932654,0.1482832037950713,0.3468087161670121,0.9500087275580231
2039,67.965987,0.12787946441899578,0.2640997532565996,0.9538841234508346
2040,67.99932,0.1179043582897945,0.24924439115035146,0.9538371885174604
2041,68.032653,0.07888743350177185,0.2717941180555492,0.947411471457933
2042,68.065986,0.06261731320126979,0.28351225134840413,0.9323379166920931
2043,68.099319,0.06327981682852815,0.28118682520045307,0.9353695646067729
2044,68.132652,0.05958951738712153,0.2910552688767267,0.9337758934459484
2045,68.16598499999999,0.06371558888258658,0.2950642186262009,0.9402170561604891
2046,68.19931799999999,0.059307299020138295,0.302931956949567,0.9418027031885166
2047,68.23265099999999,0.0591893153722791,0.32115651016631014,0.9435082599527439
2048,68.265984,0.06394779419900622,0.33735485041409474,0.9370459781030801
2049,68.299317,0.0633813054931904,0.34929928672095745,0.9353773372888167
2050,68.33265,0.06427587590194603,0.3564556300284187,0.9400921002781566
2051,68.365983,0.09665818272411125,0.36310631489625433,0.9382179186839038
2052,68.399316,0.0780357054386824,0.3574549194228011,0.9361120954766715
2053,68.432649,0.06579401589180155,0.36113211496307607,0.9354321179646066
2054,68.465982,0.0676655014593439,0.3614967231739257,0.9425742502527507
2055,68.499315,0.06845738990197796,0.3565247186135896,0.9508314809829584
2056,68.532648,0.07427889268468828,0.36731619923780034,0.9437612786583103
2057,68.565981,0.15430753114171175,0.36761942172474404,0.9382211694573197
2058,68.59931399999999,0.1270918849120972,0.3655556309711938,0.9409251582004442
2059,68.63264699999999,0.09596100363108667,0.3667143877270377,0.9444724094295153
2060,68.66597999999999,0.07637830534176664,0.37296493333935893,0.9437476070713965
2061,68.69931299999999,0.08497794326337751,0.3703028148649909,0.9401835000348917
2062,68.732646,0.08129881686085279,0.3661983185851404,0.9348967739474583
2063,68.765979,0.09499122680901328,0.36408823819849534,0.9376231849546347
2064,68.799312,0.11337657344281712,0.3626249046424194,0.9414407615055399
2065,68.832645,0.12728081915513872,0.3659852676202028,0.9440446616731888
2066,68.865978,0.13989553411892575,0.3576361187690624,0.9432381392989407
2067,68.899311,0.13454611509787656,0.3612460862991624,0.9356941195607308
2068,68.932644,0.141887999469936,0.3591272790951713,0.9366290119451559
2069,68.965977,0.14222511506251004,0.3625857155221274,0.9313409790475563
2070,68.99931,0.14388904456324114,0.36637066371955884,0.9306874890679658
2071,69.032643,0.14865633767238348,0.3618638473883311,0.9233657365455693
2072,69.06597599999999,0.1413251861474182,0.3605229829509846,0.9077543382106491
2073,69.09930899999999,0.13247123348010684,0.3526365358019366,0.90634432460582
2074,69.13264199999999,0.12727522512318462,0.35721882688599316,0.9019014392779862
2075,69.165975,0.12315284403397311,0.3531287742658297,0.8892243740387374
2076,69.199308,0.11097707465510172,0.3628110460915912,0.8768701065631535
2077,69.232641,0.10765716780251594,0.3622558549227235,0.8721675251219505
2078,69.265974,0.09415855361845378,0.3661260554904846,0.869670396280839
2079,69.299307,0.09058277851662697,0.37139158809016115,0.8713250901939804
2080,69.33264,0.09950363493475933,0.3648510389080065,0.8690809170886534
2081,69.365973,0.08888121815833039,0.37260393066831365,0.8657936411008329
2082,69.399306,0.09366207707573777,0.3744454945651351,0.8679966574882979
2083,69.432639,0.08902058357779433,0.3703772288686599,0.8692976224597838
2084,69.465972,0.09937101937532837,0.36603369639843675,0.8703834815362466
2085,69.49930499999999,0.08354013473089653,0.36392574979599956,0.8654382465068973
2086,69.53263799999999,0.07618065063788258,0.36618887909376285,0.8642725880642219
2087,69.56597099999999,0.06614347140060427,0.3637083095579964,0.866237055786676
2088,69.59930399999999,0.06462085647553405,0.3634738320039771,0.8698030522525866
2089,69.632637,0.0640586637557948,0.3720673617253485,0.8636025882856194
2090,69.66597,0.06433158903833315,0.36804520824165476,0.8655058402148044
2091,69.699303,0.06396860846905704,0.3685999582790215,0.8626856180211399
2092,69.732636,0.06503189445821117,0.3679789738914348,0.864343115036259
2093,69.765969,0.0650871849596078,0.3710586407612627,0.8626661284789127
2094,69.799302,0.06591140127556677,0.3700180902539362,0.86580925607107
2095,69.832635,0.06834583621287856,0.36761597188860834,0.8660108057594661
2096,69.865968,0.06871106465567803,0.3656134481406602,0.8628992484972167
2097,69.899301,0.06765505252761209,0.37436666569214816,0.8567425211340176
2098,69.932634,0.06956315039738588,0.37318921747152034,0.8589840848765679
2099,69.96596699999999,0.06780673892373927,0.37848240789623977,0.8521111354567953
2100,69.99929999999999,0.0663809524320502,0.3814113665271175,0.8495818993234306
2101,70.03263299999999,0.06729637709400695,0.3736602209511737,0.8463811666404742
2102,70.065966,0.06948581716189206,0.37340486310394017,0.8476951831781121
2103,70.099299,0.07006741814125478,0.3758623491429791,0.8424341109991806
2104,70.132632,0.07099806193925047,0.3696288726237259,0.8392221731711893
2105,70.165965,0.07112559876965714,0.35634917784990483,0.8453857197679994
2106,70.199298,0.07153262227677634,0.34510393329470274,0.847792523492523
2107,70.232631,0.07053061244138413,0.3484011848041925,0.8455937513487541
2108,70.265964,0.0700486274572317,0.3461062593967783,0.8471293215712947
2109,70.299297,0.07002151140174627,0.3467181545816378,0.8492883473519912
2110,70.33263,0.07062427521685695,0.342674644210878,0.8412117507094807
2111,70.365963,0.06875202473562937,0.32460476268701666,0.8455945037616269
2112,70.39929599999999,0.06909910967021184,0.34132863631929133,0.8436416200797896
2113,70.43262899999999,0.06862970624043388,0.3510581421102862,0.8487331457886503
2114,70.46596199999999,0.06854575050734701,0.3497861992248426,0.8339588315448045
2115,70.49929499999999,0.06985870985372945,0.3514496135291689,0.8409261978098993
2116,70.532628,0.06940465283429101,0.34065187540199615,0.844000568522344
2117,70.565961,0.0689630912562459,0.34388528890848036,0.8387550448610481
2118,70.599294,0.06877395549472978,0.3453458141896504,0.8457516712202364
2119,70.632627,0.06833243005566846,0.3507807961669853,0.8448161497848788
2120,70.66596,0.0680157981377914,0.344192654425328,0.8498597274038472
2121,70.699293,0.06817593534975684,0.34864595301390666,0.8454378085377278
2122,70.732626,0.06642615804316146,0.34702364209322384,0.8404631247925047
2123,70.765959,0.06819460697413401,0.3368669248154502,0.8415996800485641
2124,70.799292,0.0686303189451296,0.3422168270084271,0.8450326549423702
2125,70.832625,0.06672967213769157,0.3461473422872967,0.8406932228915812
2126,70.86595799999999,0.06832834723558487,0.34588891241779207,0.841352289093568
2127,70.89929099999999,0.0674758213882369,0.3497209703848815,0.8448113836467539
2128,70.93262399999999,0.06669877694319665,0.35725386195260356,0.8430468539225593
2129,70.965957,0.0690553257633306,0.35853420297061467,0.8450094060854602
2130,70.99929,0.06655131762348691,0.35212297465737485,0.8473652756029575
2131,71.032623,0.06852656795768064,0.36331675883968856,0.8439641366060217
2132,71.065956,0.0663763758178294,0.3527647994272124,0.8486611152178731
2133,71.099289,0.06662783339428884,0.36490700641573126,0.8407301433970091
2134,71.132622,0.06543401617414144,0.35514487457941946,0.8447714204400665
2135,71.165955,0.06690635961405517,0.35962109422497224,0.8491425820048497
2136,71.199288,0.0661284266656711,0.3648309768453929,0.8475418884479747
2137,71.232621,0.06671364456278063,0.3648319853449613,0.8446450528880703
2138,71.265954,0.06809218208753788,0.3668890038248282,0.8448286807220573
2139,71.29928699999999,0.06874727342125074,0.36487035268194845,0.8456041705373822
2140,71.33261999999999,0.06858827637973058,0.35590474760625546,0.845127337381847
2141,71.36595299999999,0.06865271042905749,0.3602556228581577,0.8503691400574233
2142,71.39928599999999,0.06679548247586943,0.36214980404735697,0.8491467810552628
2143,71.432619,0.06751282280540341,0.35153324681804565,0.8469451648934065
2144,71.465952,0.06726060319088113,0.296324696855221,0.8640817323420156
2145,71.499285,0.06976632312841777,0.12049885873097213,0.8637273106921582
2146,71.532618,0.06749740294163158,0.04727296625402605,0.8452568702217284
2147,71.565951,0.06887327891148076,0.15026113596380103,0.8719110677724565
2148,71.599284,0.06780804026906685,0.22962336433345476,0.8827779290548159
2149,71.632617,0.06636814835088535,0.26100680655075836,0.877962475946506
2150,71.66595,0.0680724976751377,0.28048950138213885,0.8722889811229817
2151,71.699283,0.06626737775341718,0.3003642823716093,0.8632256367280178
2152,71.732616,0.0673697648519515,0.3130096454023793,0.8644896745702054
2153,71.76594899999999,0.06779270482100509,0.32175740472262676,0.8619712092062642
2154,71.79928199999999,0.06735087032167118,0.31857868976098935,0.8570111067055051
2155,71.83261499999999,0.06839569136033777,0.3457938346713881,0.8537869024722683
2156,71.865948,0.07508357201016005,0.3595916375691156,0.8494563707358389
2157,71.899281,0.07323676986440295,0.36746507840683207,0.8510701350739048
2158,71.932614,0.0808260426602713,0.37249670800641477,0.8457543027570253
2159,71.965947,0.09253833725201376,0.37320744185784643,0.8456228139056364
2160,71.99928,0.08686946276240469,0.3770185617011745,0.852011472909784
2161,72.032613,0.08037039310084523,0.37944988141020486,0.8486235159037678
2162,72.065946,0.08097020231746098,0.3737250110743528,0.8452654238469658
2163,72.099279,0.08096123377065513,0.37921742895515836,0.8431216433770254
2164,72.132612,0.06781406548677382,0.3793660924878129,0.848991549499995
2165,72.165945,0.07697419158443544,0.37893831572522263,0.8472555785925131
2166,72.19927799999999,0.09466243453877855,0.36740149780242215,0.8508227075519567
2167,72.23261099999999,0.08600008456377978,0.36940200776435483,0.8531710029641546
2168,72.26594399999999,0.094796306206961,0.3749245481265985,0.8555843090958736
2169,72.29927699999999,0.07752800633171479,0.36893084479371724,0.8562811384989427
2170,72.33261,0.09718396289778422,0.3693245830017212,0.8514513693943042
2171,72.365943,0.09678760407864391,0.3685447533288563,0.8564547034655777
2172,72.399276,0.09600335727661934,0.35056673396615384,0.8549987910600606
2173,72.432609,0.09697070974677578,0.3521472615765435,0.8619805683376746
2174,72.465942,0.08727795809628269,0.35851122932850005,0.8583140267661827
2175,72.499275,0.07567295377781834,0.3518996923902519,0.8601584512291787
2176,72.532608,0.06880571058927545,0.3467000302191394,0.8592055590241984
2177,72.565941,0.06747095015187905,0.3512036534859936,0.8618804345663699
2178,72.599274,0.07298639062849101,0.3487234959283305,0.8611439188226406
2179,72.632607,0.08649042035613337,0.33907837204096664,0.8623807474131124
