idx,time_sec,mar,ear,nose_chin
0,0.0,0.17390006632226854,0.3181757781231892,0.8120075104630395
1,0.033333,0.15833877631987012,0.30707987430223316,0.8022073373991815
2,0.066666,0.15251043241544712,0.3067285997047429,0.8202968466368626
3,0.09999899999999999,0.16297801326671066,0.30992668945577784,0.8290700214815174
4,0.133332,0.16285291986279762,0.31395748081112884,0.8251289969954237
5,0.16666499999999998,0.16951507726050147,0.32741615882111297,0.8130725791296209
6,0.19999799999999998,0.16459802053103284,0.31017456086050904,0.817066588899372
7,0.23333099999999998,0.1742454907694267,0.3171326994895821,0.8225881240199937
8,0.266664,0.17016733682052146,0.31367178983834776,0.8298781958474309
9,0.29999699999999996,0.16199812145584735,0.30429816967556667,0.8334645933979058
10,0.33332999999999996,0.16184673290485033,0.31225501159222935,0.8341113326012182
11,0.36666299999999996,0.170050967015046,0.3142551430329468,0.8301022996990198
12,0.39999599999999996,0.1710113095387192,0.31243941680513926,0.8236922503077593
13,0.43332899999999996,0.1666274087768722,0.31631611975181334,0.8104070041833151
14,0.46666199999999997,0.16893039002017107,0.3284715763619179,0.8241006805202546
15,0.49999499999999997,0.1645872005294923,0.32047324113181147,0.8234704339734596
16,0.533328,0.1674229106628099,0.31456453005205154,0.8267429457869694
17,0.566661,0.1737361492962238,0.31668953698674385,0.8294419212909456
18,0.5999939999999999,0.16615103803434964,0.30963432327440243,0.8234946639120158
19,0.633327,0.16527179940133527,0.3152111840572439,0.8202307851596555
20,0.6666599999999999,0.18125517940309294,0.3328630149014138,0.8093898529872934
21,0.699993,0.18619419298743922,0.32237778916443754,0.8136926569641173
22,0.7333259999999999,0.17485337460208752,0.30164937624549265,0.807744878659747
23,0.766659,0.17261451962972776,0.3270641623961713,0.8153929301960026
24,0.7999919999999999,0.18447048660068494,0.32435100071845535,0.7937402051066103
25,0.833325,0.18053443572292344,0.3156677434017723,0.787087036916985
26,0.8666579999999999,0.1789946368936909,0.317510860750017,0.7976696769523116
27,0.899991,0.16477861536997404,0.31708064759641874,0.8157898611180731
28,0.9333239999999999,0.17176229535742968,0.3369689004041697,0.8050135056272163
29,0.966657,0.19328099785374409,0.3368635062423768,0.8308801490076787
30,0.9999899999999999,0.15501776341808246,0.3159776306562737,0.8219343399621117
31,1.033323,0.17188876586478982,0.30652669154094514,0.8008150011164905
32,1.066656,0.18614059418325346,0.3214129234908989,0.811007984961874
33,1.0999889999999999,0.17836599977359213,0.3335277355752573,0.8201030166440735
34,1.133322,0.1560850949451126,0.29544264787206787,0.817626597228959
35,1.166655,0.15002094934403765,0.31141556753179206,0.8147552749736519
36,1.1999879999999998,0.1646875302527349,0.30868862795888263,0.8295661749549785
37,1.233321,0.15776834109186186,0.3191258041535554,0.833220645710003
38,1.266654,0.166998286126619,0.3232477029368842,0.8288930091257424
39,1.299987,0.15938933888362392,0.3084326260131506,0.8310596920236012
40,1.3333199999999998,0.15839134307476635,0.3190541703297718,0.8297941868717651
41,1.366653,0.16529545003774726,0.3063253709461193,0.8285872679553818
42,1.399986,0.1595092514103598,0.3102991669244642,0.8288138527072354
43,1.433319,0.15682264416373817,0.31634352465932714,0.8330259995469849
44,1.4666519999999998,0.16281529797756406,0.3143505139813895,0.8272827867102174
45,1.499985,0.16399403833488202,0.3185843882045959,0.83094453760099
46,1.533318,0.16208382387560674,0.31180096528596135,0.8294068616532184
47,1.566651,0.1583035054484817,0.31832993820206523,0.8338641961879402
48,1.5999839999999999,0.16507984213464852,0.3178490739074321,0.8294376762413874
49,1.633317,0.15585093048499402,0.31583494821807095,0.8295925558826458
50,1.66665,0.16082334080669022,0.31287030221761586,0.8254022274315073
51,1.699983,0.15844189923075008,0.31486059847732895,0.8254744650084758
52,1.7333159999999999,0.16428189773365715,0.31237707540436577,0.828725098901129
53,1.766649,0.16029052090472226,0.3057398917184506,0.8275128171464464
54,1.799982,0.1654474859096787,0.3159123543150516,0.8298375574178711
55,1.8333149999999998,0.16344757915436803,0.3086227648560955,0.8310443180839103
56,1.8666479999999999,0.16040583768032154,0.30963893607105236,0.8241197068521712
57,1.899981,0.15951737852666328,0.31112047357467015,0.8318664764502648
58,1.933314,0.16184545686982488,0.23445846932623293,0.842536644743832
59,1.9666469999999998,0.173072019838098,0.07777272103181143,0.8255435561965232
60,1.9999799999999999,0.1565044615143913,0.20973165020733206,0.8450084635282968
61,2.0333129999999997,0.14055664731238712,0.28221967729219943,0.857820059688143
62,2.066646,0.13213003100167067,0.3131620388749149,0.8731651809592808
63,2.099979,0.08293858794856575,0.3261013646410843,0.8716761833573746
64,2.133312,0.07306855516818297,0.3314576415766969,0.8610293499621424
65,2.166645,0.07240098488397563,0.3154897779593746,0.8516290415504651
66,2.1999779999999998,0.07198317949567372,0.32048983814555665,0.8460704056888096
67,2.233311,0.07319830117895114,0.3174454769127071,0.8458995761560453
68,2.266644,0.08956458344616494,0.3390277883714333,0.8391318108281237
69,2.2999769999999997,0.07326496970066976,0.3298745447635446,0.8479834408490795
70,2.33331,0.07377382747193957,0.32849427485008387,0.8485806450854351
71,2.366643,0.11862769612754674,0.3239824830884027,0.8753158928188102
72,2.3999759999999997,0.12181771734244112,0.32643927695377173,0.891981428688185
73,2.433309,0.15718810479701484,0.34593742265634364,0.8973091451533025
74,2.466642,0.16498649820669897,0.35000386075031453,0.8920978696667251
75,2.499975,0.1628856847838909,0.3437240337603164,0.8893948122315396
76,2.533308,0.1660538615606759,0.338676035303219,0.8898904604690864
77,2.5666409999999997,0.16463122058954574,0.3335095827749066,0.8919743196079286
78,2.599974,0.16068543975657326,0.3197952455867966,0.8865199331912424
79,2.633307,0.17547480630052603,0.3267945902656696,0.8977220446645156
80,2.6666399999999997,0.1838611331204647,0.33508904524981364,0.896884847573605
81,2.699973,0.1968372729997036,0.33926096910673686,0.9129656648483918
82,2.733306,0.20487792767424143,0.33443106943282924,0.9105386940686692
83,2.766639,0.20319050622948992,0.32998362110297075,0.911707431073062
84,2.799972,0.19145456740986722,0.33331012067308075,0.9117859490411027
85,2.8333049999999997,0.1985749330995536,0.3185357129889017,0.9117607955216294
86,2.866638,0.19641218835518134,0.3225750165738538,0.9035251752126202
87,2.899971,0.1883506479836764,0.3115741756399093,0.909127673273968
88,2.9333039999999997,0.19818495650695783,0.24818120950838718,0.9180577085803762
89,2.966637,0.1785364507709697,0.10528094278714373,0.9008134924790115
90,2.99997,0.16896947735313486,0.10764834939976865,0.9086131904860276
91,3.0333029999999996,0.1647436880441874,0.24212258035590623,0.9331934394282448
92,3.066636,0.16533864379483912,0.28947829601682773,0.920822258385104
93,3.0999689999999998,0.17211293320798507,0.32269208838876384,0.9550137097120401
94,3.133302,0.159486874314292,0.3396657909037506,0.9583295698889286
95,3.166635,0.17219288032753302,0.3582744287555107,0.9583371470617033
96,3.1999679999999997,0.16753271807529205,0.36938990106579894,0.9684584611433438
97,3.233301,0.1729058601470685,0.3863165482561993,0.9744901738510069
98,3.266634,0.1806069988395571,0.37361065855326064,0.9757520911327621
99,3.2999669999999997,0.17634705189217742,0.3903828703272444,0.971997895191079
100,3.3333,0.17659664737980915,0.3953660818951126,0.9794413769469383
101,3.3666329999999998,0.16591883224331327,0.3872795278539614,0.9700222244995427
102,3.399966,0.15644985330300654,0.38985635425893794,0.9503289662549903
103,3.433299,0.08559374066212996,0.3900700345723537,0.9796222344507213
104,3.4666319999999997,0.04869611560305431,0.39629035874050933,1.0043290458665064
105,3.499965,0.04746194179154517,0.3965766005123657,1.0006837071473762
106,3.533298,0.05445426471973842,0.403313406193972,1.0173731389644756
107,3.5666309999999997,0.13868443074345696,0.42192903919601366,1.0580255322077141
108,3.599964,0.17962970389882874,0.40554930429547237,1.0517286170709783
109,3.6332969999999998,0.18381216041822585,0.4000003751100394,1.0675524362895705
110,3.6666299999999996,0.20189778549478476,0.41230434532618254,1.0724221333253434
111,3.699963,0.21035210411686903,0.41565891330713933,1.0544236662421342
112,3.7332959999999997,0.19637377967467173,0.4017487959534981,1.0621281855257474
113,3.766629,0.18749033390834144,0.42926673520894654,1.0560140796049993
114,3.799962,0.2011942186085729,0.42359017336129234,1.0463005292384757
115,3.8332949999999997,0.19021011438829263,0.42022948587344,1.0477700613068666
116,3.866628,0.1839362609085811,0.3992546938710363,1.048234297424396
117,3.899961,0.16574326815485643,0.35643044092662757,1.072125752549335
118,3.9332939999999996,0.16386538359472197,0.23440798915641622,1.071060519673673
119,3.966627,0.1592657375198303,0.1549735861126399,1.0391292399154684
120,3.9999599999999997,0.15329360343875653,0.15872831496696344,0.9918545446165744
121,4.033293,0.16156732226996415,0.1692301217845164,0.956642121542449
122,4.066625999999999,0.150385165905959,0.1967209754858855,0.9441328180883047
123,4.099959,0.15489991775831538,0.2268318422773605,0.9193616330985799
124,4.133292,0.1685341437481016,0.24847521367601488,0.9114991957484384
125,4.166625,0.17406013762755965,0.26270550151573846,0.9042573674304445
126,4.199958,0.17662304643029472,0.26499833657608657,0.8932975695023659
127,4.2332909999999995,0.18337694523493456,0.27054664602437517,0.8829123808759501
128,4.266624,0.17631665537385902,0.27235071382259046,0.8736647253873487
129,4.299957,0.1831770230194537,0.28296873837463415,0.8622215187995987
130,4.33329,0.18774856485624725,0.2822162104399193,0.8571187532423772
131,4.366623,0.18422297011217803,0.2853899934325448,0.8555924458599208
132,4.3999559999999995,0.1787585407264335,0.29869803451163934,0.8528506863462564
133,4.433288999999999,0.1698948117261466,0.2966066732097776,0.8508205018342219
134,4.466622,0.16032292542538018,0.2937660402861467,0.8481489480281009
135,4.499955,0.15452566436342183,0.3013798761358522,0.8415403940785068
136,4.533288,0.13741969802324555,0.2894033203385288,0.8443883332599792
137,4.566621,0.11976964415272875,0.30504495739389736,0.8368301201750471
138,4.599953999999999,0.07331731404344341,0.29016518080208936,0.8446194927800136
139,4.633287,0.07111196997082374,0.2956788227889008,0.8396563943118113
140,4.66662,0.07046052385496865,0.29458346973060023,0.8402550267139671
141,4.699953,0.0710934569303226,0.2957578954513398,0.8454208113191153
142,4.733286,0.07227447310248862,0.29768402994221144,0.8482170037517662
143,4.7666189999999995,0.07073585385127387,0.3068094330626791,0.8509241166896583
144,4.799951999999999,0.07242265616351647,0.30584075113052456,0.849612027880391
145,4.833285,0.07254553671053093,0.3013515866678123,0.8447862252380556
146,4.866618,0.06986838866312464,0.30383524652878385,0.8438497933305511
147,4.899951,0.07253396962751331,0.2989128768740036,0.8341776362147262
148,4.933284,0.07117944409029893,0.30211114419726903,0.8270831978427312
149,4.966616999999999,0.07229651351527719,0.2975869717454348,0.8233477646060939
150,4.99995,0.07209836867524336,0.30000985149500425,0.8217878102397612
151,5.033283,0.07113292118875861,0.29840692820919823,0.819609170969095
152,5.066616,0.07179702051300725,0.307302032810977,0.8217478907278903
153,5.099949,0.07160880012655443,0.3155952799864802,0.8262046095088478
154,5.1332819999999995,0.07221420443249735,0.31228443691933266,0.8227745503864924
155,5.166615,0.07317384453082584,0.31784552732861576,0.8238461084060916
156,5.199948,0.07222066398625827,0.31276058847486654,0.8332051268865673
157,5.233281,0.0731952091511732,0.32127226853841306,0.8314612121858976
158,5.266614,0.10307628531833461,0.3218858413081185,0.8307975301885284
159,5.2999469999999995,0.1515687844323297,0.30896081010292464,0.8307097271200694
160,5.333279999999999,0.17514283291084917,0.30236700003784506,0.8292473494533414
161,5.366613,0.18268988257967517,0.2971303691273326,0.8323177506583428
162,5.399946,0.18877300421164397,0.3052060071570124,0.8379221046841705
163,5.433279,0.1857490817805256,0.30988642089292245,0.8329122529072586
164,5.466612,0.18639244737782484,0.3107647874118158,0.8295749236169091
165,5.499944999999999,0.18264424397705697,0.30936488490107583,0.8318664727303888
166,5.533278,0.18009767720491174,0.3062946376494987,0.8307228524896488
167,5.566611,0.18414038653226547,0.3068962240978147,0.8266466437575684
168,5.599944,0.18797909250296083,0.31097946052692854,0.8280263653227261
169,5.633277,0.18576757466699462,0.3080403829631483,0.8250085262004782
170,5.6666099999999995,0.1874623887131939,0.30695525518688227,0.8205298247209942
171,5.699942999999999,0.18224170618320867,0.3131792757416076,0.8168544734678073
172,5.733276,0.1889307431961546,0.3094648305844626,0.8193854712334213
173,5.766609,0.181065124235969,0.3126001062366044,0.825589083579982
174,5.799942,0.18581258706202655,0.3138450075260715,0.8262219110997526
175,5.8332749999999995,0.18882778367605801,0.31853811562650464,0.8234820645099393
176,5.866607999999999,0.18922818932304264,0.3179416726306714,0.825166161268391
177,5.899941,0.1847434202621551,0.32142385607279955,0.8241858247547316
178,5.933274,0.18163814992129465,0.32231480349438957,0.8290525527781695
179,5.966607,0.1795631018137705,0.3213171668189945,0.8262181823528443
180,5.99994,0.18057606235896626,0.3129051051924244,0.8329225869228144
181,6.033272999999999,0.18203987788672962,0.3180943658943187,0.827430087079433
182,6.066605999999999,0.18372422093875837,0.3149233967640835,0.8360436804827708
183,6.099939,0.18367942941688065,0.3127331791814911,0.8327020786296658
184,6.133272,0.17555070852820318,0.31162640251348006,0.8393540228714251
185,6.166605,0.17651879124281467,0.3158905241547495,0.8327657988486813
186,6.1999379999999995,0.17750384499624705,0.3108894832264383,0.8356948854723721
187,6.233270999999999,0.17607010104255155,0.3118029933898717,0.8311538585090226
188,6.266604,0.17641259623999142,0.30847744993366805,0.8354803097852943
189,6.299937,0.1752429198200111,0.31465111663551937,0.8300722727843642
190,6.33327,0.17032860769496713,0.30821752521355694,0.8333621668069474
191,6.366603,0.17248342305534803,0.3131583768369421,0.8333766598783762
192,6.399935999999999,0.1648775475048855,0.30987629821749485,0.8362278883664126
193,6.433268999999999,0.1644457741452968,0.3170632903042644,0.8284240360672156
194,6.466602,0.1670496443396765,0.31489511072915366,0.8319877993681373
195,6.499935,0.16762060216876704,0.3180705801360115,0.8330205439780122
196,6.533268,0.16047252300249767,0.3117982285771157,0.8307733699555426
197,6.5666009999999995,0.16015515472887434,0.317044550440194,0.8299499500142283
198,6.599933999999999,0.1492769365109359,0.3101284071522741,0.8365969838311511
199,6.633267,0.14312844798738836,0.31200204496329065,0.8285638520105189
200,6.6666,0.14536816977177658,0.3081248193319106,0.8300216405259309
201,6.699933,0.136153832727545,0.3091114882098073,0.829018793236854
202,6.7332659999999995,0.13239887652062626,0.3061380235594384,0.8180705725171976
203,6.766598999999999,0.13704171417753133,0.3046243642780462,0.8172213291550179
204,6.799932,0.14318000324790048,0.30162693553954023,0.8120776869716122
205,6.833265,0.14349452279140207,0.2970411351692871,0.8148610887057446
206,6.866598,0.13860195458102534,0.238830850428122,0.8180616336750899
207,6.899931,0.13685765585251464,0.158934670189064,0.8106653052342958
208,6.933263999999999,0.13416617583459145,0.08122491169456814,0.7979134857866204
209,6.966596999999999,0.13995153696963006,0.057664450043417734,0.7780117318382441
210,6.99993,0.13570968262271124,0.06975521353042222,0.7800732305300333
211,7.033263,0.14179566565131743,0.0726728952434068,0.7693960014405936
212,7.066596,0.14919392257430122,0.06851979288587404,0.7617235000111993
213,7.0999289999999995,0.13373693084371527,0.0726280425708058,0.7481091340290289
214,7.133261999999999,0.1322115534155821,0.08414377578839011,0.7371577453655342
215,7.166595,0.1313818757668581,0.140833834196007,0.7657672483184885
216,7.199928,0.1350940568731437,0.1926469972344236,0.7761521508543792
217,7.233261,0.13740414960193076,0.20975424974594808,0.7807606083197263
218,7.2665939999999996,0.15181653748729554,0.23678950095500456,0.7956105285471144
219,7.299926999999999,0.1614632428997406,0.2540205128925009,0.7901626944253924
220,7.333259999999999,0.15211938628391883,0.26174176899097223,0.789698470697166
221,7.366593,0.14243408636089458,0.26212183115629556,0.7949650633523931
222,7.399926,0.1155380510825521,0.2663071221130905,0.7879880911913317
223,7.433259,0.11043563194982702,0.2635181907663168,0.7880688884046445
224,7.4665919999999995,0.08959576550440257,0.2399062157111972,0.7942720545363586
225,7.499924999999999,0.10325648687035349,0.24478427697142557,0.7879731380031596
226,7.533258,0.10537833455846222,0.2679628297178703,0.79090396973537
227,7.566591,0.10274451177417179,0.27456567331304615,0.8074267507393874
228,7.599924,0.12488590672941202,0.29357735307498356,0.8193343055864258
229,7.6332569999999995,0.15565378165063937,0.2989561230180209,0.8669156574786784
230,7.666589999999999,0.19080284510786,0.2992715325572301,0.9051538494366654
231,7.699922999999999,0.21904076566607206,0.25902771004886804,0.9335709641771316
232,7.733256,0.1543388185601983,0.22012603744800224,0.9196992956880935
233,7.766589,0.06814193453580517,0.04079270206656045,0.8567701635335326
234,7.799922,0.06929158821287991,0.037559087233199624,0.8449836229156379
235,7.833254999999999,0.11088694147445853,0.028797763468741407,0.8316446644091897
236,7.866587999999999,0.14892007316898342,0.037222146912304466,0.8075090646078845
237,7.899921,0.15788045634798215,0.03876386844770266,0.789164738985708
238,7.933254,0.1434292155692415,0.04999351630446494,0.77041820096257
239,7.966587,0.14963833352221398,0.0696830712840474,0.7883754776069738
240,7.9999199999999995,0.17299928287810445,0.15301799385556683,0.8212124169533304
241,8.033253,0.18170550964543827,0.19137726265951713,0.82483455478182
242,8.066586,0.1750751564267057,0.22235715115626,0.838680874444034
243,8.099919,0.15510648616778935,0.24204595358333475,0.8358733392960019
244,8.133251999999999,0.10227361124380682,0.2483197665980274,0.8327452543315119
245,8.166585,0.07775721602460288,0.24980269344105743,0.834088537201442
246,8.199918,0.07450646307497284,0.248780314237747,0.8388892544157331
247,8.233251,0.10729064240701508,0.251523600920263,0.8405680411994638
248,8.266584,0.16548344465300968,0.24566364451909528,0.8602455756878263
249,8.299916999999999,0.201669448134749,0.2367615789832213,0.8801086385492299
250,8.33325,0.23906834947595193,0.20431553609078154,0.8775357195071728
251,8.366583,0.2336550468725757,0.08479594394099506,0.8663168151011814
252,8.399916,0.22789634050886187,0.06840156790862653,0.850697975827877
253,8.433249,0.2243416512590545,0.06551157533796986,0.8500566310470452
254,8.466581999999999,0.2115039211974362,0.07270336074655925,0.8239531248536907
255,8.499915,0.21160178840142374,0.05951123626197978,0.825714256720497
256,8.533248,0.2133412772763374,0.052520113158066185,0.8139309074619222
257,8.566581,0.21086443656266876,0.06658966115305291,0.819133878199406
258,8.599914,0.20572529475807477,0.07419715395786644,0.82059761697008
259,8.633246999999999,0.20686343644580668,0.1549050415684553,0.8523810537359631
260,8.66658,0.17937289041975907,0.23222587644052317,0.8901005997653977
261,8.699912999999999,0.13867943595099502,0.284250022073843,0.912280522755002
262,8.733246,0.05037098323123484,0.3238469427595333,0.9244105505768949
263,8.766579,0.04962302127828424,0.35309169755966263,0.9315163955705426
264,8.799911999999999,0.05725961210527433,0.3670926601422352,0.9483960664162809
265,8.833245,0.1517029299124315,0.3471592079021979,0.9743746846409044
266,8.866577999999999,0.180245529672607,0.3510844003263739,1.0026616776480284
267,8.899911,0.14866478038455988,0.3553124971902676,0.9695495481708749
268,8.933244,0.11700545741189071,0.35321547813667875,0.9515406077134319
269,8.966577,0.058910999667081555,0.3397435722543444,0.940760703096262
270,8.99991,0.0686147871862493,0.3436368656697235,0.9155594573045028
271,9.033242999999999,0.0672063160723374,0.3415773009215788,0.9281084409336441
272,9.066576,0.14742734176196062,0.3551690305929693,0.912216883074062
273,9.099909,0.18831300398987302,0.3652611263653386,0.929732626294415
274,9.133242,0.22084849873444842,0.36327512656785954,0.9380258011725274
275,9.166575,0.22134828255310296,0.3677810019586141,0.9477575870496923
276,9.199907999999999,0.227822397677983,0.33277104424184945,0.9638135661571468
277,9.233241,0.2289586382929813,0.31150163843144174,0.9656132429358569
278,9.266574,0.23490098528470482,0.2990153475433941,0.9825483967100758
279,9.299907,0.2192289398321072,0.29999593134148955,0.9920027896526029
280,9.33324,0.22981970265111784,0.30011816500297595,1.0138806467523864
281,9.366572999999999,0.2271838940032335,0.29283959240880986,1.0113257258590282
282,9.399906,0.23934600968719266,0.3091079972298692,1.0144109180137324
283,9.433239,0.24260170185001495,0.29302530612826677,1.016034466167705
284,9.466572,0.2379623515043732,0.29976427478562667,1.0086233656537722
285,9.499905,0.24318707419603486,0.2913981194950189,1.024345739017672
286,9.533237999999999,0.23573661785775288,0.3087554926209871,1.0265959369852007
287,9.566571,0.2367403526349175,0.28683344934230115,1.0238325618701087
288,9.599903999999999,0.23792206642248204,0.2869590612616917,1.0249937587271323
289,9.633237,0.23680882567788192,0.29145696183308345,1.005197107403206
290,9.66657,0.24460768372907113,0.2978967106672945,0.9977186973601145
291,9.699902999999999,0.2512878941744951,0.3014858824207548,0.9862177417818779
292,9.733236,0.2566914994249339,0.2850528777081476,0.9859750921931408
293,9.766568999999999,0.2473268342734576,0.2975645909797313,0.9844550380141286
294,9.799902,0.24801870627280195,0.30168557804706864,0.9704364833325726
295,9.833235,0.24516652181109094,0.29808289053408044,0.9656826069079706
296,9.866568,0.24245281494488097,0.30731384815277685,0.9530874797043297
297,9.899901,0.24073596227735128,0.3080331280422796,0.9441096817289778
298,9.933233999999999,0.23632522498075037,0.31858253837215444,0.9454648667790985
299,9.966567,0.242991051275376,0.30486357200184266,0.9412053978729275
300,9.9999,0.23757911199270615,0.3014602998377184,0.9370916907501705
301,10.033233,0.23952487783976303,0.2900612688073466,0.9257339600804377
302,10.066566,0.23991197880942358,0.27111325438472833,0.9165122775738473
303,10.099898999999999,0.23666451125290602,0.25984115553989395,0.9054739378579869
304,10.133232,0.23841722572930552,0.26543573365081347,0.8988333140038288
305,10.166565,0.24044386814847524,0.26530992782917295,0.8875973968858434
306,10.199898,0.24646022723516775,0.26255960970205505,0.8773376722073186
307,10.233231,0.2402074138609911,0.28436575612601434,0.8785815304613973
308,10.266563999999999,0.24115126863577013,0.27469383025604865,0.8675874223709011
309,10.299897,0.23974836938195995,0.27624162872549096,0.866760368801569
310,10.33323,0.24353249656845471,0.27460412634184095,0.8600526598323064
311,10.366563,0.246576428090643,0.2843768048194827,0.8570461416241153
312,10.399896,0.23829862768712307,0.2834703890637842,0.8619802775365696
313,10.433228999999999,0.23476169004904304,0.28169956386641093,0.8669464089246871
314,10.466562,0.2387752406770923,0.2899784242317742,0.8615731577359762
315,10.499894999999999,0.2399902527119621,0.29249947582663716,0.8582995717448315
316,10.533228,0.2467634870305208,0.29667822844103886,0.8582532216143515
317,10.566561,0.24998906215969122,0.2985059429398741,0.8652291544768368
318,10.599893999999999,0.2465420552003114,0.26793025140722304,0.8773869603116621
319,10.633227,0.2364576894043646,0.26642656295663736,0.8847675863699768
320,10.666559999999999,0.23137446113887644,0.27575849815216963,0.8748932456785193
321,10.699893,0.2216967920584537,0.29333800464000914,0.8726750272365137
322,10.733226,0.21671235498397365,0.30312348332525985,0.8709565580208234
323,10.766558999999999,0.21567265668706614,0.30181029018995037,0.8709707806700281
324,10.799892,0.21244473952674559,0.30410868336360886,0.8727927446302285
325,10.833224999999999,0.2112460424346285,0.30631299856232647,0.8679379325191097
326,10.866558,0.21483476812284866,0.3007226155957427,0.8635362755748845
327,10.899891,0.21322294303439593,0.2953384313092594,0.8657248430317153
328,10.933224,0.20905116759213282,0.27916662761280625,0.8602538906720791
329,10.966557,0.20944643141255004,0.17487239638345722,0.8385117846375598
330,10.999889999999999,0.2099040563864903,0.05459825180345459,0.820055214859521
331,11.033223,0.20846458053232184,0.09788456870504625,0.8166188884128511
332,11.066556,0.19970018782735627,0.20245759973607114,0.8562738433977286
333,11.099889,0.19674112492552095,0.24149225739419822,0.8576670754344345
334,11.133222,0.199390801684745,0.2715190294497771,0.8452427015752102
335,11.166554999999999,0.20363076198335117,0.2867897768255142,0.8508262444264607
336,11.199888,0.20399116323364458,0.29843754305577774,0.8469313434539302
337,11.233220999999999,0.20544700506525218,0.3005788631046535,0.8549548802467473
338,11.266554,0.19691367962169862,0.3108871275828454,0.8517178894400043
339,11.299887,0.19302593546485314,0.3133002396586677,0.8584766119124145
340,11.333219999999999,0.19460892715872016,0.3138509700659945,0.8549794220225958
341,11.366553,0.19314385961517586,0.3188779162668943,0.8669237018591909
342,11.399885999999999,0.1932344502113068,0.32257977463946286,0.8640580189523659
343,11.433219,0.20124061286578107,0.3282199186658754,0.86279399851742
344,11.466552,0.20096535546407068,0.33510836158994817,0.8687660884119504
345,11.499884999999999,0.20888527592211176,0.3342125008962247,0.8680005706448638
346,11.533218,0.2163110124477769,0.3405487833408962,0.8615878659572953
347,11.566550999999999,0.21435532727561238,0.33375214121323615,0.868041200782588
348,11.599884,0.21484813695524052,0.3375978923172065,0.862157653245166
349,11.633217,0.21443487741127507,0.33789593935049966,0.8564157176970192
350,11.666549999999999,0.21005159270205115,0.3357010108981991,0.8552584641691697
351,11.699883,0.20893591247450896,0.33357318614441,0.8613961783188752
352,11.733215999999999,0.20666534057495192,0.3326003732760533,0.8525644145335805
353,11.766549,0.20081318688838315,0.32394431886140806,0.8555043789565333
354,11.799882,0.19349345399321916,0.31691542059342376,0.8591607749290286
355,11.833215,0.19184559391431927,0.3058711176752609,0.8645045540943376
356,11.866548,0.18458598106620172,0.3206893375534893,0.8783434382238658
357,11.899880999999999,0.18099515897908314,0.3231000406944523,0.8616669290668421
358,11.933214,0.1799855900831195,0.3391664324310425,0.8409700003090727
359,11.966547,0.1824631670268735,0.3460024503645581,0.8387032733702202
360,11.99988,0.1878651228846646,0.3289571424829304,0.8341050712543273
361,12.033213,0.18715678126376165,0.333379964567581,0.8352260793767033
362,12.066545999999999,0.18798683708259373,0.34730621328526656,0.8341581875556706
363,12.099879,0.1891486044707308,0.3498161148512785,0.8339547717282164
364,12.133211999999999,0.19307083446302095,0.34782275398507195,0.8442378933355013
365,12.166545,0.19577128557409615,0.37209990169040336,0.8524818580031661
366,12.199878,0.1957198842497921,0.3606868431822898,0.8686935031338372
367,12.233210999999999,0.20281532482435394,0.36394890057047435,0.8742037126551503
368,12.266544,0.1997575904433419,0.36323595880546805,0.875119156446049
369,12.299876999999999,0.20808924575615267,0.37001148413283175,0.9012426014387876
370,12.33321,0.20030301811571075,0.36753102201491217,0.8876898829022697
371,12.366543,0.20491415341121094,0.3720316925007502,0.9011709150844647
372,12.399875999999999,0.1992926263548039,0.3749994692914086,0.8858304205523232
373,12.433209,0.19650025935751367,0.3811083864392154,0.9083932504590777
374,12.466541999999999,0.19305669327058372,0.36053261440083095,0.8884987265252402
375,12.499875,0.19582278151340698,0.35513092559083104,0.9042836114785727
376,12.533208,0.19834256211633322,0.37079071515369383,0.901196323796818
377,12.566540999999999,0.19517456273572284,0.37119335034817214,0.8997338115737428
378,12.599874,0.18904930191964409,0.36541072108082345,0.8839385137302278
379,12.633206999999999,0.16267539673093948,0.36461378581781434,0.8680464988165802
380,12.66654,0.1206090284898723,0.36360273431898427,0.8626044330782685
381,12.699873,0.08978655391139972,0.3746515813517622,0.8691339344791547
382,12.733206,0.08917243248732122,0.36159944136292965,0.8715497863911378
383,12.766539,0.09198565974182273,0.3486740718380589,0.8786925519661384
384,12.799871999999999,0.09088418777000022,0.3356190564592494,0.8765328235627342
385,12.833205,0.09040359366958825,0.310958545126775,0.8778554064348827
386,12.866537999999998,0.08534765725646991,0.10098002125832717,0.8438237482271506
387,12.899871,0.08152494351855816,0.08450901987860218,0.8181606245506706
388,12.933204,0.08036264167073243,0.19938500948553317,0.8561985980345596
389,12.966536999999999,0.08032139999941565,0.27124266817286036,0.8458686166525081
390,12.99987,0.08049681184486951,0.2862755355754918,0.8285874758253557
391,13.033202999999999,0.08054484988801824,0.29426477042668897,0.8235826325458545
392,13.066536,0.0770036368182578,0.2782924871704715,0.8327272413508511
393,13.099869,0.0745313938692768,0.2948111456022439,0.8276183427746568
394,13.133201999999999,0.07385646469109261,0.32555859560858735,0.824377676968546
395,13.166535,0.07094795039329176,0.34719926182300265,0.8407690950159122
396,13.199867999999999,0.06862010744859676,0.3754295241531769,0.8332426268369036
397,13.233201,0.06544701379949956,0.3852534507236228,0.8535470910447748
398,13.266534,0.06362060717315217,0.3749833197615887,0.8623110257662572
399,13.299866999999999,0.06197566588079805,0.41946440849579303,0.9014199391152155
400,13.3332,0.06232562131417081,0.41155232885517146,0.9282498713552154
401,13.366532999999999,0.06139966222541375,0.39425647263275,0.9599273513117538
402,13.399866,0.06128706418473575,0.3945767051432607,0.9595320474232879
403,13.433199,0.06136848016431808,0.4001894803253456,0.9684281112370565
404,13.466531999999999,0.06006487002829877,0.3920403368840216,0.9600244576075688
405,13.499865,0.059997051313932175,0.3834487768203127,0.9667147991263502
406,13.533197999999999,0.06092196042519294,0.38986584657843637,0.968972810718542
407,13.566531,0.05939741443523357,0.3889843520633209,0.9702494068812113
408,13.599864,0.06032763465853306,0.3937900421096471,0.9700075863603814
409,13.633197,0.05944639902789785,0.3933664602204878,0.980029068142992
410,13.66653,0.05958609034430748,0.4004799935645169,0.9825803716186879
411,13.699862999999999,0.06024823115381785,0.40220721196989406,0.9843357774259618
412,13.733196,0.06104043341923207,0.4066987020314352,0.980190681785882
413,13.766528999999998,0.06146672638855201,0.40845205001402324,0.9914477205010288
414,13.799862,0.06010541604316062,0.41220592685630314,0.9938045016696254
415,13.833195,0.05932020210127718,0.40941674269617645,0.9802713048002828
416,13.866527999999999,0.06174998528184996,0.4028042051424485,0.9806613463094391
417,13.899861,0.061805479350645676,0.39940882946070677,0.988763156803968
418,13.933193999999999,0.06228300417202492,0.39213431897346535,0.9943629446038872
419,13.966527,0.06270345064035418,0.38452884004401744,1.0013536893284027
420,13.99986,0.09598916114973463,0.39912736629506573,1.0015106899281818
421,14.033192999999999,0.14068927519701746,0.3948226246148583,0.9982312593964218
422,14.066526,0.16647603058033072,0.40804348383264005,0.9995891280390058
423,14.099858999999999,0.1719204167188759,0.38605227913427126,1.0008511511759017
424,14.133192,0.17535895900239762,0.2835530860808102,1.0238516644689934
425,14.166525,0.18246551836350675,0.09337164343525345,1.0044368959591927
426,14.199857999999999,0.19546840933828336,0.09731397700658342,0.9591609994973707
427,14.233191,0.1859342561775602,0.17318529467274552,0.97505735955562
428,14.266523999999999,0.17972326178190404,0.22738889690378825,0.9531405479402948
429,14.299857,0.14486428974439783,0.26282935552300746,0.9132048161113955
430,14.33319,0.0637182304992801,0.24928034890842593,0.8789632595971612
431,14.366522999999999,0.06614801510558128,0.25765302333402834,0.881580989692438
432,14.399856,0.1096210560633674,0.2711177797319644,0.8774792155552708
433,14.433188999999999,0.14809415371628235,0.27876399205855756,0.8837865111962997
434,14.466522,0.15529497344105897,0.2702336620271133,0.8903751511159469
435,14.499854999999998,0.14811086010246602,0.28051435041854,0.886260766919101
436,14.533187999999999,0.07258111677731524,0.2841657969527405,0.8715481089483039
437,14.566521,0.07306047689264507,0.28794683129149506,0.8801670190688208
438,14.599853999999999,0.11805729780038247,0.290301260510834,0.8740704656420929
439,14.633187,0.161997783353242,0.2979404960201706,0.8774720598659809
440,14.666519999999998,0.19377168510704942,0.2868971239413771,0.8800063191279031
441,14.699853,0.21164043272690541,0.2818206395738739,0.8729570837061651
442,14.733186,0.22824121682973017,0.25375634563618255,0.8848596988180221
443,14.766518999999999,0.23668817405950313,0.0954651676316596,0.8737457811962923
444,14.799852,0.2421164345971182,0.10142671718667642,0.8759363872634801
445,14.833184999999999,0.25108386171473007,0.18339225067870946,0.8951389065046936
446,14.866518,0.24818273847380587,0.24298588280554623,0.887221629664946
447,14.899851,0.23604050399789356,0.2789659026401755,0.881005570411163
448,14.933183999999999,0.2233905501029444,0.2974181975604021,0.8821797110929992
449,14.966517,0.2521707563712723,0.30964408261830245,0.8847250419425612
450,14.999849999999999,0.261739516509921,0.28827787785663495,0.8973019616703856
451,15.033183,0.20857362092288517,0.3165346733299115,0.8941717700091775
452,15.066516,0.11841732559417396,0.33482502899370387,0.9056400746767075
453,15.099848999999999,0.07852672024325065,0.32927631701119775,0.902273207197583
454,15.133182,0.07727595604832335,0.3278849773290685,0.9085626052408643
455,15.166514999999999,0.12089405680943704,0.3027893334034809,0.9068441898536022
456,15.199848,0.1928178963146218,0.2971087547713789,0.9268696452155103
457,15.233181,0.31086160157930104,0.3001622783442149,0.9591367080850751
458,15.266513999999999,0.3658874347993804,0.30044191946062127,1.0042704378801908
459,15.299847,0.43140114058051526,0.297621805518549,1.0500251552335806
460,15.333179999999999,0.4465017369319398,0.2938118309219757,1.0866950715655208
461,15.366513,0.48027046895662734,0.2841727600484171,1.105437166953605
462,15.399845999999998,0.5172502891600791,0.2764620152853765,1.14043257432533
463,15.433178999999999,0.542866036300942,0.26310107310809716,1.151137694466381
464,15.466512,0.5482751130855121,0.21088211378944827,1.1842073610585557
465,15.499844999999999,0.5635653823366682,0.18875697245596404,1.192533274506826
466,15.533178,0.5884818436629464,0.22197420460848072,1.1950475806530843
467,15.566510999999998,0.589113851854619,0.2527178649948019,1.2070583249504925
468,15.599844,0.5982601025970729,0.26302875090017463,1.21380627150419
469,15.633177,0.6046221444557135,0.25769009373066953,1.2014098681362588
470,15.666509999999999,0.6146750808449265,0.2510822029677441,1.2208684089525492
471,15.699843,0.6264156275419421,0.25248937518442244,1.234472877272941
472,15.733175999999998,0.6341496513989092,0.27225715758623326,1.2407524310168563
473,15.766509,0.6250373611660465,0.2746428992186736,1.2356438547319626
474,15.799842,0.6281190879021817,0.2861711707991175,1.235329256053101
475,15.833174999999999,0.6459464734634068,0.2872342841480983,1.2364551135218251
476,15.866508,0.6475894030417151,0.2691567483516015,1.2337276254225835
477,15.899840999999999,0.6442621360565541,0.2703041929056481,1.2267322322946514
478,15.933174,0.6637595810782613,0.2797060884831094,1.2311579271705262
479,15.966507,0.6627370269050775,0.2794267446721222,1.2380235986726753
480,15.999839999999999,0.6639851072144114,0.2781377741569465,1.2362701590878327
481,16.033172999999998,0.6698587149356334,0.2734333900785957,1.2329990428098185
482,16.066506,0.6692448483566037,0.27310439145807686,1.2362485558691103
483,16.099839,0.6759120920846471,0.28640629481018726,1.2434028546850575
484,16.133172,0.6707814334073121,0.27853988400520935,1.2394311520856638
485,16.166505,0.6715872233888094,0.27143153655439245,1.2380638106805555
486,16.199838,0.654649924335322,0.2665491538683444,1.2434872691076413
487,16.233171,0.6378552803188409,0.2099171477707541,1.2596640485302066
488,16.266503999999998,0.652845627348822,0.1130626728010114,1.2450387791069317
489,16.299837,0.6539463937758964,0.13883471808969267,1.206539768112705
490,16.33317,0.6352238717086078,0.20077139587877169,1.253807598952091
491,16.366502999999998,0.6343852936786056,0.22362313138050133,1.2739108615069668
492,16.399836,0.6342451673201853,0.22196680158135618,1.2633638931260205
493,16.433169,0.6357870120912121,0.23348406827856952,1.2687021201587745
494,16.466502,0.6345196148818985,0.2280267778905924,1.26823781998898
495,16.499835,0.6349062410378333,0.22623027552623015,1.268803598333591
496,16.533168,0.64165046091289,0.1426552879455825,1.2420752350031603
497,16.566501,0.6496941694848202,0.0998800952390205,1.2444450429372336
498,16.599833999999998,0.6540204799834526,0.08169808826914543,1.2290093261146797
499,16.633167,0.6621430084193725,0.08064487769538722,1.2249675270838412
500,16.6665,0.6710612158549375,0.10492272317526208,1.2439502772541264
501,16.699832999999998,0.6710313916941787,0.1166438299340664,1.2418001393366527
502,16.733166,0.6706900976840723,0.12974630760171177,1.2532482488506043
503,16.766499,0.6705431900618473,0.1210296111302549,1.2532701342862436
504,16.799832,0.6721679630611994,0.13202990083269903,1.2585617070307074
505,16.833164999999997,0.6769079124257863,0.1289966366658083,1.2609122408448095
506,16.866498,0.6826487259505841,0.11856568340837556,1.251106364760551
507,16.899831,0.6803608297266025,0.1275742486137857,1.264675234169676
508,16.933163999999998,0.6923388306164038,0.1254889706345455,1.2587206326299412
509,16.966497,0.6939310330643169,0.11984218194276772,1.2670021909034574
510,16.99983,0.6975669567129078,0.11793026588085564,1.261814015047531
511,17.033163,0.6746863696638351,0.13657180244316452,1.2617754285240514
512,17.066496,0.68579266688945,0.12757850898130635,1.260644748229545
513,17.099829,0.6779657509079519,0.12510587727351027,1.2642189743777608
514,17.133162,0.6860510291078366,0.12855080518625953,1.2576537949316302
515,17.166494999999998,0.6759146438716856,0.12796974764178115,1.2607113199183018
516,17.199828,0.6777980118283504,0.12543357712645523,1.2437654569769656
517,17.233161,0.6516227416670188,0.12830818461701304,1.2535296487108707
518,17.266493999999998,0.6614983481938268,0.11806512113808365,1.233260878046094
519,17.299827,0.6433382492751337,0.1301895644001207,1.2464570155175911
520,17.33316,0.6524231830019745,0.13388172157940728,1.251404030644521
521,17.366493,0.6552126570871825,0.13951943881505,1.2627233830981894
522,17.399825999999997,0.6483401308891475,0.14069183106333447,1.2652003866365955
523,17.433159,0.6488132042198166,0.1290132358804459,1.2610874973655444
524,17.466492,0.6530015958880502,0.13281586949604915,1.2492674740662992
525,17.499824999999998,0.6473088281217231,0.13217085796403444,1.2438886326084377
526,17.533158,0.652106566751685,0.13104588789833818,1.238567888795057
527,17.566491,0.6545708972929205,0.12266612696391407,1.243331879221495
528,17.599823999999998,0.652628076732229,0.13199453223369406,1.2293070691883379
529,17.633157,0.6517577463718713,0.13540298414857702,1.2261201618185709
530,17.66649,0.6702747855838234,0.17048147280623852,1.2227467587680232
531,17.699823,0.6706232159849772,0.2069609246732681,1.2409746292174995
532,17.733155999999997,0.662054313108519,0.2513670820987063,1.2142398364223106
533,17.766489,0.6634748801298963,0.2588620410062057,1.1940443448769884
534,17.799822,0.6601015992160464,0.2760535339426495,1.2074559588876934
535,17.833154999999998,0.6564659111390397,0.2749415702991877,1.2240975812101227
536,17.866488,0.6368447497173024,0.30487000143340587,1.2016556408568124
537,17.899821,0.6135280077181448,0.337767512446304,1.200273447658289
538,17.933154,0.6074837389208327,0.34173325295986523,1.2011007900499493
539,17.966487,0.597049528408634,0.3411268899849508,1.2038225325743743
540,17.99982,0.5526094014554371,0.3290346366959831,1.198453470709672
541,18.033153,0.5444593606284902,0.33508284154271006,1.1873587898407225
542,18.066485999999998,0.5368813710132291,0.35168148429704804,1.1958691311312815
543,18.099819,0.5196137881427938,0.3551404178618626,1.2099595966389511
544,18.133152,0.5155381603430622,0.3493741647901913,1.2015416513958164
545,18.166484999999998,0.5124901401084884,0.3630693975915321,1.195574394656816
546,18.199818,0.5046019633032519,0.3347034302585314,1.2072755707829104
547,18.233151,0.47940736553095875,0.3337423788384122,1.206612266314833
548,18.266484,0.46942983689971746,0.3336997444735426,1.197054081067123
549,18.299816999999997,0.45882025151495337,0.35026794271851236,1.1717647918209788
550,18.33315,0.4294131874847806,0.3613840520187143,1.171848110009063
551,18.366483,0.425490092394768,0.35360920208937335,1.1808749290645484
552,18.399815999999998,0.42169430951947007,0.30086174218710793,1.1784916806085615
553,18.433149,0.4147177386473213,0.13866445611650285,1.168757467784168
554,18.466482,0.3725352739372323,0.1350195387865899,1.1408114970794543
555,18.499814999999998,0.356137447353152,0.2329544525969613,1.1403153337431902
556,18.533148,0.3322958346022837,0.2428201380575219,1.109465908357185
557,18.566481,0.3286899098936849,0.2443464118040654,1.0602604010687764
558,18.599814,0.29146082846444693,0.24842447028819972,1.0293605791540272
559,18.633146999999997,0.24039506489348925,0.254787177782855,1.0198879514323063
560,18.66648,0.2179106301290989,0.2563997185657089,0.9834706401850388
561,18.699813,0.21834699949434244,0.24791303578328622,0.9821291542007652
562,18.733145999999998,0.21236997710731265,0.24503669950416362,0.9607323865761007
563,18.766479,0.19728751258955857,0.23976968748767152,0.9517772972520792
564,18.799812,0.20343898263351945,0.18337202039555223,0.9516774820362748
565,18.833145,0.20309151013041984,0.0906127799624783,0.929170128444478
566,18.866478,0.1986983833778959,0.13970747104036216,0.9415270719696817
567,18.899811,0.1789878237206139,0.27228970547474884,0.9316206985032641
568,18.933144,0.15928325662366344,0.31909360907405476,0.9200047935968815
569,18.966476999999998,0.14782086797114385,0.350140352202981,0.9144174486333612
570,18.99981,0.14155033329287378,0.35036287553087114,0.932106481002316
571,19.033143,0.1375341738310163,0.34342469837473777,0.9576126247731587
572,19.066475999999998,0.09455487364789254,0.3672151464249282,0.9526782585997611
573,19.099809,0.06191887872955662,0.3947007561343945,0.985616002405258
574,19.133142,0.1058046461222393,0.40786589193304457,0.9902213034343377
575,19.166475,0.14432380330748884,0.41715484265501046,1.0104961024523837
576,19.199807999999997,0.19537338374490387,0.43479766782782386,1.056316470448393
577,19.233141,0.23038575024199304,0.4269954054007383,1.0666772749361062
578,19.266474,0.22244749238625186,0.42196122468257496,1.0741059356091114
579,19.299806999999998,0.14141767047565174,0.4298551630115835,1.0385693609104163
580,19.33314,0.10584035310808688,0.4119187083710189,1.0488966185213058
581,19.366473,0.09535290895918357,0.3966133696593162,1.0289335976991956
582,19.399805999999998,0.11055112374968828,0.4125312418498581,1.0344909000009652
583,19.433139,0.09696260431812541,0.40130068679340125,1.042245394292415
584,19.466472,0.10238076613736119,0.4119045292852005,1.0524556532894782
585,19.499805,0.13033743150060095,0.4071643137528889,1.0561037382225948
586,19.533137999999997,0.12372873823859178,0.4057626825149723,1.055054290242234
587,19.566471,0.12161241217884197,0.4144997614309728,1.0616264995012807
588,19.599804,0.11300111354480362,0.41226677599132283,1.0513778724850105
589,19.633136999999998,0.12067591895043511,0.40245025569900544,1.0638822427325152
590,19.66647,0.1428895904753928,0.42376616867704153,1.080974622443636
591,19.699803,0.11703132572314029,0.3772360636807748,1.0765626611839552
592,19.733136,0.050097780916158484,0.30809047227696384,1.0889294303294
593,19.766469,0.04899943829090549,0.15802681019323675,1.0669537843910744
594,19.799802,0.06575451225063847,0.14619302445913157,1.0578278193862107
595,19.833135,0.13481691875884078,0.1873764864409812,0.9905975649611434
596,19.866467999999998,0.17276963604037351,0.21900418025002127,1.0154665569453616
597,19.899801,0.19692803376115722,0.2233885856813528,0.9946821858251113
598,19.933134,0.20773311483137252,0.2288276466531249,1.0055319462921846
599,19.966466999999998,0.22219237339864395,0.22762212837190604,0.9861949706928388
600,19.9998,0.22226097335643527,0.22871798157266748,0.9666444241212633
601,20.033133,0.22076541993231114,0.23248111282962447,0.9621148881586002
602,20.066466,0.2329303308088527,0.24805519486989733,0.958006725706935
603,20.099798999999997,0.21565479041185928,0.26881599839488995,0.951961555936019
604,20.133132,0.21287770346793305,0.2774133190817415,0.9483061738391608
605,20.166465,0.23507121113181584,0.27544683743685616,0.94912288714956
606,20.199797999999998,0.2496162466282875,0.27731123287197723,0.9640816011841569
607,20.233131,0.29525126420054976,0.2787866819707806,1.0055917850702678
608,20.266464,0.3149024248897658,0.27532978723460244,0.9986932673109987
609,20.299796999999998,0.2514799101190658,0.2765991748933119,0.962520155136831
610,20.33313,0.21495292523515527,0.2860809478934104,0.9388156711797544
611,20.366463,0.2046965074037263,0.2836541529829551,0.925093825347935
612,20.399796,0.22416372678905125,0.2851703035814106,0.9088171888449811
613,20.433128999999997,0.24268496994658426,0.2699092795740932,0.9073527187192209
614,20.466462,0.24293503026061272,0.270236127516262,0.9127207775127113
615,20.499795,0.24886242576694265,0.2652799191899957,0.9232587894771681
616,20.533127999999998,0.2503774452598135,0.2687861864801344,0.9329417341261338
617,20.566461,0.24971055223338842,0.26197114225114193,0.9294764909405545
618,20.599794,0.2526524354197324,0.26017971174319854,0.9400153108630157
619,20.633126999999998,0.25056068595012887,0.26988626056874754,0.9454601180225366
620,20.66646,0.24282691953847899,0.2665092718591576,0.9429144147220854
621,20.699793,0.24058093086647744,0.26097418891482127,0.9308443071562035
622,20.733126,0.2380786280256852,0.2663664284513155,0.9308013815287611
623,20.766458999999998,0.24355169110351654,0.2653649401009762,0.9342897757211323
624,20.799792,0.27467066621124336,0.25643059280796676,0.9434150088170178
625,20.833125,0.27463149173317386,0.23436218354158636,0.9556038827132319
626,20.866457999999998,0.26221421420183905,0.06004646173244391,0.9318905163343808
627,20.899791,0.24555506360740403,0.0791556438928074,0.9418858812918682
628,20.933124,0.2318858213335394,0.09287796150715583,0.956133913195892
629,20.966457,0.2307963515141766,0.15261713963309304,0.9529500666932545
630,20.999789999999997,0.22235982185535985,0.16729665153884912,0.9500838538610192
631,21.033123,0.22610963640407897,0.19123845458074573,0.9468167833059361
632,21.066456,0.22690530830293432,0.20032408272067748,0.944554021035442
633,21.099788999999998,0.23368360976001154,0.21439669841236325,0.9507274414186448
634,21.133122,0.24466453576396188,0.22202661821291791,0.9550584439852624
635,21.166455,0.2523475577473646,0.22268641567414232,0.9496486982256981
636,21.199787999999998,0.256514423610217,0.22887204769153197,0.9483910973732413
637,21.233121,0.26060090395403,0.22803943542754462,0.9476649189411399
638,21.266454,0.27875645644065206,0.2353760059801318,0.9467487042662883
639,21.299787,0.29123999176011045,0.24014632011405196,0.943287323516848
640,21.333119999999997,0.29796725432804444,0.23499004400085477,0.9481805293296856
641,21.366453,0.2977691525381734,0.24624252530976615,0.9525654451267617
642,21.399786,0.2976902357681899,0.24648930935256072,0.9583335654337951
643,21.433118999999998,0.298055078129146,0.24108084945577635,0.9588110309369794
644,21.466452,0.30281517990004764,0.23626026934959557,0.9555603002732094
645,21.499785,0.30338810560270224,0.245612560187611,0.9481459224069808
646,21.533117999999998,0.3029220132089769,0.24612368750459665,0.9484351543451182
647,21.566450999999997,0.3007930872036838,0.24993806636579607,0.9404813586496807
648,21.599784,0.2929123243850078,0.24562136466816947,0.9455187300578848
649,21.633117,0.2884205594400603,0.2518077878100243,0.9365124328621979
650,21.666449999999998,0.27892775872406894,0.25576100981018574,0.9152216419015952
651,21.699783,0.2601114848416079,0.25211985514417856,0.9048056021421353
652,21.733116,0.2569234458790425,0.2532901221039731,0.9022454708932692
653,21.766448999999998,0.2639941132794011,0.25536623404700154,0.9141805151015707
654,21.799782,0.2897106084090015,0.25743560434389723,0.9347403290688606
655,21.833115,0.2985099480227459,0.2547975475278588,0.9475840859349813
656,21.866448,0.29756146221624014,0.2623939928671263,0.9491667209202341
657,21.899780999999997,0.2923498167030366,0.27915862711443773,0.9399303236289528
658,21.933114,0.23881734314059339,0.2823843376125571,0.9256312057458219
659,21.966447,0.16390833171807656,0.2723037051557304,0.9010469987396436
660,21.999779999999998,0.12144387009015334,0.2776823902554144,0.8850327924177205
661,22.033113,0.07515867572969476,0.27506966365656527,0.8603553591379468
662,22.066446,0.07438703582316299,0.2811326667696945,0.8448515564696989
663,22.099778999999998,0.08450648507347706,0.27669680277587383,0.8452567348167076
664,22.133112,0.16380664092412847,0.2717787534144034,0.8556998508805405
665,22.166445,0.20405830511031905,0.2773772904825553,0.87189651009056
666,22.199778,0.22657505078468673,0.2659593877419347,0.8862525621570039
667,22.233110999999997,0.23877651511357587,0.26097289199204193,0.9018773979583866
668,22.266444,0.24687249323037772,0.2657828487947025,0.9081850285245964
669,22.299777,0.24233044803208909,0.2574547154632868,0.9161645762696392
670,22.333109999999998,0.24906429997047683,0.22553686423807714,0.9109726254907715
671,22.366443,0.24980635740912926,0.19314795030809462,0.9080209491943048
672,22.399776,0.241593486188914,0.20569261673448194,0.9188563060459747
673,22.433108999999998,0.24372284420630205,0.19331388807079958,0.8894597121869184
674,22.466441999999997,0.24099282974362032,0.21943722155931594,0.8858370149208338
675,22.499775,0.2454659158226497,0.206582942809795,0.8860869265678458
676,22.533108,0.2516803302766831,0.20620494185491106,0.9051614260413469
677,22.566440999999998,0.2714134386033016,0.24981467107072403,0.9026308626488504
678,22.599774,0.27388753836777374,0.2496600682627348,0.9188414185501873
679,22.633107,0.2683249331125163,0.2707194017507094,0.9195976783642559
680,22.666439999999998,0.26855574646250296,0.28688800299306283,0.9173458969744841
681,22.699773,0.2720266455660391,0.27852039472373935,0.974063828176825
682,22.733106,0.2708257165996841,0.335615278979407,0.9704282797665928
683,22.766439,0.27656723457208954,0.3430480546755871,1.0093346228857032
684,22.799771999999997,0.28636548628826425,0.33911610114870894,0.9995987712969531
685,22.833105,0.30022990412808237,0.32739182533837363,1.006912723390062
686,22.866438,0.2973051734060975,0.32212804493905434,1.0074242348786182
687,22.899770999999998,0.302282933966532,0.3283352193781256,1.0258242583690513
688,22.933104,0.30046937959601516,0.3362795193887107,1.0452048002121228
689,22.966437,0.31159684617147887,0.3228534069420847,1.027186216281019
690,22.999769999999998,0.3144129839953655,0.3195659866800946,1.0251653051264915
691,23.033103,0.312563161944844,0.3183806963613821,1.0306813559085408
692,23.066436,0.2984098129951971,0.3279442674323445,1.023978656396241
693,23.099769,0.30187838441816955,0.32376774133756175,1.0420222811265243
694,23.133101999999997,0.2958921788737057,0.310836462159908,1.039133411825311
695,23.166435,0.2937098087765965,0.32168102391462056,1.028459165284768
696,23.199768,0.28583885396781733,0.3366145090343141,1.0128458693113749
697,23.233100999999998,0.25890246766163405,0.34932961261294837,0.9913557594337311
698,23.266434,0.24490737384439645,0.335408948751001,0.9715021901765959
699,23.299767,0.2313540098185857,0.3457289602116844,0.9906219267021723
700,23.333099999999998,0.2159706606352905,0.3468059644602234,0.9546468102459513
701,23.366432999999997,0.20526464323865626,0.3532190393357689,0.9730224718988645
702,23.399766,0.18710533564482915,0.3144866963408358,0.9635282755395534
703,23.433099,0.1928798714554963,0.19273935081483395,0.9673055521167598
704,23.466431999999998,0.17150238492961528,0.12952788416571787,0.9513248263931383
705,23.499765,0.1594125615188771,0.22153415939329463,0.9130174343825286
706,23.533098,0.13575869228602708,0.2563609138680036,0.8921437385904707
707,23.566430999999998,0.13383990663130352,0.2968391693677822,0.8837639751009468
708,23.599764,0.10203443189810046,0.2706548498133372,0.8823664140334944
709,23.633097,0.09872955547722696,0.2988490976079733,0.9012245224268728
710,23.66643,0.09325979664566883,0.2946213233244285,0.9029670621572444
711,23.699762999999997,0.07272838169886316,0.2833164536630056,0.9125989552139957
712,23.733096,0.06268273897472185,0.2788109080768181,0.9381060676833324
713,23.766429,0.06259036134544305,0.3173611074844336,0.9304517033055133
714,23.799761999999998,0.06282309522163432,0.313000469218639,0.9492742290423246
715,23.833095,0.059744279283952095,0.37211183830215966,0.9139238399252253
716,23.866428,0.058642618277191104,0.39124115740949317,0.9237198829115699
717,23.899760999999998,0.09045166813762434,0.35853726031483607,0.8576046373511315
718,23.933094,0.15193849034765342,0.37416569911299336,0.8055420562983198
719,23.966427,0.1956149068269278,0.38294493480290215,0.8146416673461436
720,23.99976,0.2220508917900907,0.37209729338943776,0.8250660029889558
721,24.033092999999997,0.23455715249818207,0.379184008250952,0.8256783165082844
722,24.066426,0.25443463654066095,0.3631311638150285,0.8645914573405625
723,24.099759,0.2424052398822063,0.34688922561639146,0.909925333008303
724,24.133091999999998,0.24348799587786274,0.3679133194457954,0.9351798441315392
725,24.166425,0.25509072631676954,0.38733902036677803,0.9481379881259355
726,24.199758,0.2686568642077719,0.3503934237053289,0.9766011265129492
727,24.233090999999998,0.26094807842566814,0.3383310672502657,0.989823363267527
728,24.266423999999997,0.2588797591261563,0.3130631583861264,1.0141514357801231
729,24.299757,0.24923364536595857,0.30425359339333435,1.0164405124215579
730,24.33309,0.2544488021792457,0.3113696345818653,1.0194852805793693
731,24.366422999999998,0.2525495083904343,0.3131576834487795,1.0148300700609647
732,24.399756,0.25074708786732336,0.3199090655972837,1.0207133191418516
733,24.433089,0.24878427494412417,0.29943757688095896,1.0215995614434403
734,24.466421999999998,0.2654127575188594,0.2151422241133135,1.0414809421000364
735,24.499755,0.2611149712955284,0.07118922855548425,1.0121165682715982
736,24.533088,0.2630331521888851,0.0550494947931045,0.9880125947791006
737,24.566421,0.25723902379379915,0.11309510471193276,1.006003932784369
738,24.599753999999997,0.24712489711178154,0.17254213785736577,1.00785788054024
739,24.633087,0.2417500776919878,0.1884643045415088,0.9868270352208582
740,24.66642,0.24683275224638007,0.18215730839683958,0.9672666659945165
741,24.699752999999998,0.25175818198600675,0.1952731250133628,0.9528492205719999
742,24.733086,0.25447765616785667,0.21444106252494718,0.927520092317544
743,24.766419,0.2581795095093667,0.22596569049923937,0.9217701940556714
744,24.799751999999998,0.2575775166809449,0.23437926421096983,0.9217714343399785
745,24.833084999999997,0.2613271719883961,0.22630901336885895,0.9174928353146434
746,24.866418,0.25964435321221196,0.235608605015671,0.9126330007134067
747,24.899751,0.26117899223393065,0.24105763433819893,0.9119765778399497
748,24.933083999999997,0.2607610754381534,0.2335809919322258,0.9069236267883143
749,24.966417,0.26177432890545516,0.24886799476627008,0.9121589700258876
750,24.99975,0.2642626332232824,0.2442554253124078,0.912967329248094
751,25.033082999999998,0.2653665829726794,0.24086703913667737,0.9158212281469272
752,25.066416,0.2695183137593605,0.2452502877541548,0.9112098803325095
753,25.099749,0.26484979600373565,0.24030297008341245,0.9217549490772003
754,25.133081999999998,0.2657377452285153,0.24568226589076841,0.9213569441840986
755,25.166414999999997,0.2629245464023374,0.26093450957347897,0.9139490882316191
756,25.199748,0.25420216548793845,0.26086850927256294,0.9088911089977426
757,25.233081,0.25975360523358887,0.2693776624575054,0.9002759911962954
758,25.266413999999997,0.2551712120465011,0.2623279024867545,0.8917174041960327
759,25.299747,0.25910778016744995,0.26671895708314053,0.8850461638533866
760,25.33308,0.2557530866524992,0.26900059028562656,0.8946905371032726
761,25.366412999999998,0.25554590851057446,0.27288674544017577,0.8985644153365309
762,25.399746,0.25188579627889346,0.2739657195929194,0.8983271924420314
763,25.433079,0.2513438561567887,0.2749565732490895,0.9046699568337183
764,25.466412,0.24384611122055694,0.2767944813337778,0.8944052071697038
765,25.499744999999997,0.24432521111072703,0.2711301437624911,0.8896700985451906
766,25.533078,0.24118947681895042,0.2771106591671109,0.8894384286804257
767,25.566411,0.23469741959945176,0.27871567681019893,0.8780198761633634
768,25.599743999999998,0.2422433217036989,0.28278983881065745,0.8761711873483693
769,25.633077,0.23268542632565858,0.2694760939701949,0.8730508072688337
770,25.66641,0.22773088046873424,0.15294119536338088,0.8580991448767036
771,25.699742999999998,0.22981176112482588,0.09494828761584254,0.8574486271817061
772,25.733075999999997,0.22654261422157485,0.17630308541532386,0.871770250188408
773,25.766409,0.2360503031057343,0.21659154633029284,0.890701299028089
774,25.799742,0.23519372117699458,0.24304387673217073,0.8838716314288634
775,25.833074999999997,0.2310852021447534,0.25482701917036665,0.8879265796373313
776,25.866408,0.23093326591267394,0.25963825236103977,0.8927675517874946
777,25.899741,0.22943933712561823,0.2528968489871018,0.8969424148354004
778,25.933073999999998,0.2294519874742842,0.2727686327491424,0.8969091104182553
779,25.966407,0.2264105212178771,0.2760284710206535,0.8989819617167871
780,25.99974,0.2136296468258128,0.28126702708739326,0.9076332907822392
781,26.033072999999998,0.19287720415558024,0.28529306914162716,0.9095156962273344
782,26.066405999999997,0.17058794919164788,0.2929972568110383,0.9028947273005393
783,26.099739,0.13999068569545167,0.30032656519311196,0.8977006912111611
784,26.133072,0.12454782664833068,0.2555855916639097,0.9193424002169244
785,26.166404999999997,0.08725896730930857,0.056123104110725484,0.8757631167029033
786,26.199738,0.08330462964643039,0.05251150543624457,0.8639811833039572
787,26.233071,0.08423452829318578,0.09017914004637073,0.8493039999690215
788,26.266403999999998,0.09074076575953481,0.12254343439741483,0.8726955077314504
789,26.299737,0.09679880579568195,0.21739723113751774,0.8973168188023516
790,26.33307,0.0951521004827966,0.285921312254217,0.8997424664489518
791,26.366403,0.10398034252669758,0.2887301925566155,0.9104478355305491
792,26.399735999999997,0.10415208046582841,0.31765500390690926,0.923108315306847
793,26.433069,0.10821232322707994,0.3369132407240215,0.9110916444314366
794,26.466402,0.10812807796739725,0.34989038059662336,0.9206436485289788
795,26.499734999999998,0.11159233837453789,0.3626213538688934,0.9319617684771456
796,26.533068,0.17725663905195246,0.3653464537223483,0.9479188843701821
797,26.566401,0.21495187104345892,0.36272915689368906,0.944072666876932
798,26.599733999999998,0.2130192591699009,0.3503111083537514,0.9342611052257832
799,26.633066999999997,0.21860180344978988,0.3537517490607758,0.9471068093584114
800,26.6664,0.2276946431538803,0.35061116639052653,0.9477570954866061
801,26.699733,0.2433540015026247,0.34959675599499684,0.9525958308706043
802,26.733065999999997,0.24302474192246365,0.3486642248559745,0.9616884042006957
803,26.766399,0.2434140533764659,0.3526080775062764,0.9540935285775164
804,26.799732,0.2588884612542499,0.34107860504591003,0.9384667066870085
805,26.833064999999998,0.26515301354554427,0.35374650968229393,0.943684296830877
806,26.866398,0.2573963853402873,0.3456144498203578,0.9366856989918649
807,26.899731,0.2040369562954011,0.34613198996727385,0.9437335334450685
808,26.933063999999998,0.21803857926430661,0.3245698946838833,0.9378234778510876
809,26.966396999999997,0.27987077796697635,0.3344320606854243,0.9637725705439005
810,26.99973,0.29173133829448905,0.3156573240349373,0.9484076905911192
811,27.033063,0.2630968097566052,0.31180436855448346,0.9376931025355296
812,27.066395999999997,0.20728507851172176,0.31403566098298746,0.9316698698553901
813,27.099729,0.22414981081460789,0.3145181159430581,0.9280616072364531
814,27.133062,0.26350721622985557,0.2447181979343643,0.8995043391147467
815,27.166394999999998,0.2703920204815843,0.1623924222734755,0.8965008693587154
816,27.199728,0.2608223957442712,0.20373742227814168,0.8852075525577544
817,27.233061,0.25772948940171053,0.23983404333095776,0.9044124308473911
818,27.266394,0.2531325336826767,0.28224433026870677,0.909066545268716
819,27.299726999999997,0.25055909733777926,0.277433227377741,0.9044349762469526
820,27.33306,0.24679854564156584,0.26267116567661836,0.9094985413902559
821,27.366393,0.2384605109719333,0.2673736841710176,0.9211263061733226
822,27.399725999999998,0.2234420773041343,0.2674818663534634,0.9251736090149153
823,27.433059,0.2274555719743245,0.27429522253232885,0.9155496207395287
824,27.466392,0.23267809317647178,0.2734219809121339,0.9129069138176578
825,27.499724999999998,0.24487182524081313,0.26056691247349556,0.9255924097198855
826,27.533057999999997,0.257253070437129,0.27068714085123424,0.9444714750244891
827,27.566391,0.2810113354845135,0.26071430579176125,0.9677181818822099
828,27.599724,0.28296583662978175,0.26057295717354023,0.9636965694589245
829,27.633056999999997,0.25903847658684437,0.26071380997954174,0.9590785018020536
830,27.66639,0.20452606153606753,0.26527071141115005,0.917219962111784
831,27.699723,0.13663911978513754,0.2769449151289235,0.8772704952817424
832,27.733055999999998,0.0806201937353307,0.262542386234063,0.8709096044998135
833,27.766389,0.0784060575396403,0.25953885965906376,0.8708903512418841
834,27.799722,0.1140551600714675,0.2623422693718399,0.8764422635433536
835,27.833054999999998,0.16405737157862066,0.2594003412388991,0.890010310746729
836,27.866387999999997,0.18565227335897982,0.13692348605066976,0.8944928782971348
837,27.899721,0.17874163175514385,0.040170255692980675,0.8633248770846513
838,27.933054,0.14142458104141353,0.04877053467894753,0.8408572403884277
839,27.966386999999997,0.10363735720048735,0.11905906972866581,0.8608496678296068
840,27.99972,0.1323018584164678,0.19971282449124758,0.8990101463944552
841,28.033053,0.1558772350556874,0.23696799345947342,0.8954660530120926
842,28.066385999999998,0.16017645988660378,0.25872811632032977,0.8813896496956019
843,28.099719,0.10291816865965879,0.27877348044051153,0.8665482335776343
844,28.133052,0.07769534151148576,0.27543299377435426,0.8666278344621597
845,28.166385,0.07738522394408437,0.2822451914238647,0.8599406877778092
846,28.199717999999997,0.08888815019326618,0.2806662817587707,0.855448233825037
847,28.233051,0.12971948119388196,0.2739133452751742,0.8685496425252343
848,28.266384,0.14205146951188652,0.2847342726569942,0.8677279224602273
849,28.299716999999998,0.17693112485629098,0.2805534741710578,0.8716333484122858
850,28.33305,0.1972404752711809,0.2813068310378305,0.8708808005254732
851,28.366383,0.2162426114700245,0.28920595876068234,0.8850696513386888
852,28.399715999999998,0.2244844636170539,0.28845726740829525,0.8750222544372491
853,28.433048999999997,0.2307185305500806,0.29806884841205883,0.891508639496236
854,28.466382,0.24425659163232946,0.2906723170984701,0.893897363158578
855,28.499715,0.2471495466301615,0.3053023189551977,0.9014738549740331
856,28.533047999999997,0.2380676225420214,0.3029308530770708,0.8993193163408945
857,28.566381,0.13466266601411175,0.3128597381481715,0.8778981204974251
858,28.599714,0.07299415914222372,0.3222549833738323,0.8677005831028755
859,28.633046999999998,0.07314881256961091,0.3179157620747711,0.8603610188434244
860,28.66638,0.1164129280125247,0.3226555913421081,0.8522954545412964
861,28.699713,0.16105588063967943,0.3120936617014206,0.8604200763119995
862,28.733045999999998,0.1785750181555356,0.32613436318668904,0.8683944217060499
863,28.766378999999997,0.1824659950168244,0.3408817503192421,0.8664135377778506
864,28.799712,0.18944397449903488,0.3409624155382396,0.8635054029101988
865,28.833045,0.19385493738843146,0.3377996756875105,0.859252216492991
866,28.866377999999997,0.1938549550010903,0.3459685131085757,0.8590335191844041
867,28.899711,0.19911525179356693,0.34190209743654987,0.8586464964922664
868,28.933044,0.1965624913023983,0.3370097380673021,0.8524406487693534
869,28.966376999999998,0.19645930743227127,0.3411288819780372,0.8486455548491666
870,28.999709999999997,0.19662807102606986,0.34123064136926085,0.8495819896731717
871,29.033043,0.19809933642140132,0.33651103688957035,0.8442075425032711
872,29.066375999999998,0.19085869056451335,0.34734777693402,0.8450748073733034
873,29.099708999999997,0.17357204993609116,0.3404069935746715,0.8502377450219541
874,29.133042,0.14556948214122387,0.3226930027688505,0.8520604848018872
875,29.166375,0.12046647416378649,0.2631426353753957,0.8607034160354061
876,29.199707999999998,0.07408689148765212,0.11241506090415668,0.8564311962497366
877,29.233041,0.07398875917077449,0.1735972130187557,0.8569766380013669
878,29.266374,0.07083583004067502,0.23854455301530986,0.8398838315942876
879,29.299706999999998,0.07143370854462275,0.27001671223946344,0.8486700578716494
880,29.333039999999997,0.07072947028274794,0.2800141651509568,0.8550623744152941
881,29.366373,0.07060709212657354,0.2982023969666506,0.8632903636318918
882,29.399706,0.06844172556435849,0.2504609756140915,0.8705126691142747
883,29.433038999999997,0.06840148832266406,0.053356218312687095,0.8315587872811505
884,29.466372,0.06924915027563557,0.054175028934142555,0.8366589930335574
885,29.499705,0.06942251552394192,0.07064835609620443,0.8162496625418666
886,29.533037999999998,0.06709759173192505,0.13577831999598738,0.8522080720875135
887,29.566371,0.06499303755363948,0.2643427625623411,0.8689483947201909
888,29.599704,0.06341425879255026,0.3237701798566746,0.8592516007227131
889,29.633036999999998,0.059541683077952184,0.34583832049200924,0.8801151272258819
890,29.666369999999997,0.06022556254844628,0.3657684793923344,0.880031529843265
891,29.699703,0.05726503856536887,0.3688905320256339,0.9036071166415814
892,29.733036,0.058260590318172635,0.3770435944743361,0.925549450539239
893,29.766368999999997,0.05666462794239144,0.39274276468472163,0.9513430895002458
894,29.799702,0.06493471870261891,0.39083318908074405,0.9502278809615428
895,29.833035,0.12463698014117927,0.40219950175560665,0.9566883002356783
896,29.866367999999998,0.14378422022379875,0.393401392968147,0.9697178495791619
897,29.899700999999997,0.15364961056667914,0.39677838599964665,0.9686290830472042
898,29.933034,0.14872665050014838,0.39679389624936034,0.9630562933210225
899,29.966366999999998,0.14168366223449608,0.39942462904582204,0.9567836521496046
900,29.999699999999997,0.11608508625493508,0.3952433208623173,0.9549743471514761
901,30.033033,0.05757857528354841,0.38602987462397176,0.9508017854439841
902,30.066366,0.05385181148972192,0.37688230872994716,0.9583957561305301
903,30.099698999999998,0.05149910843073625,0.3790084375216149,0.9575500007627636
904,30.133032,0.11228913081096938,0.37618630694505556,0.974878607680071
905,30.166365,0.14979885068065082,0.36959318887797815,0.9852944549597464
906,30.199697999999998,0.19770605277029318,0.3905203510712053,0.9841169127284657
907,30.233030999999997,0.21519308197933742,0.39750580503246696,1.0127845707888148
908,30.266364,0.2189822764190134,0.39827817046659675,1.009629050315681
909,30.299697,0.21663309405824305,0.3979429161961136,1.014528718486868
910,30.333029999999997,0.19062472285019075,0.3967871731304134,1.0156051552486685
911,30.366363,0.21639384898624972,0.3876382480767542,1.0075756797460649
912,30.399696,0.20880791354178527,0.40164054989324216,1.0183276571698912
913,30.433028999999998,0.19750081666433275,0.40394593519723,1.007820529313897
914,30.466362,0.19721037755982143,0.40052363732879026,1.0079600527406936
915,30.499695,0.19973220640897268,0.40220480633210964,1.0059042186797873
916,30.533027999999998,0.17960049712638052,0.40950188239684754,0.9997775609355216
917,30.566360999999997,0.18565520550775388,0.4031219541471693,0.9937566955510775
918,30.599694,0.16968991504752487,0.39240165986381537,0.9727734881675565
919,30.633027,0.18109159927691387,0.3943955824796035,0.9691798422679739
920,30.666359999999997,0.1888487185369534,0.38041201323766416,0.9636729641963531
921,30.699693,0.18680731219929164,0.37359590151594857,0.9687807868665917
922,30.733026,0.17837275788115356,0.36688892106657367,0.9654259754477854
923,30.766358999999998,0.1722288676506257,0.358412695212864,0.9508264310439545
924,30.799691999999997,0.17341801674861712,0.30965227532323814,0.9668600326137925
925,30.833025,0.1805277954618009,0.146025863079548,0.9868158280250141
926,30.866357999999998,0.1738639667436703,0.06552715566954322,0.9433707455033955
927,30.899690999999997,0.1656488021023609,0.14205625982532144,0.9353560742347292
928,30.933024,0.17435031845752272,0.21731484696528913,0.9355224178924091
929,30.966357,0.17352800976582017,0.25669966603927047,0.9191102583860514
930,30.999689999999998,0.17408057783617217,0.2731053974144044,0.9140863374016732
931,31.033023,0.17138293519915726,0.29127823806815417,0.8975078812661226
932,31.066356,0.16209073346369268,0.30205709284292126,0.8932500317639137
933,31.099688999999998,0.1593531723790493,0.2967345318045473,0.901438769312583
934,31.133021999999997,0.16003776243638834,0.2814907874732565,0.8866841574891542
935,31.166355,0.1601504763620789,0.2843446606042881,0.8849564179159601
936,31.199688,0.16083765589474658,0.2846747231537404,0.890661388842729
937,31.233020999999997,0.16827319574754215,0.30930201830678,0.9036469443969095
938,31.266354,0.16503284011334443,0.3124282482642887,0.9073546748499989
939,31.299687,0.17291644856135954,0.3066942102169842,0.915149205838273
940,31.333019999999998,0.16904039486368674,0.31962808520572394,0.9197234480301176
941,31.366353,0.16555496454267368,0.3238185568523373,0.9220091627958947
942,31.399686,0.1710848217325766,0.314125194193306,0.9170828330796441
943,31.433018999999998,0.1690560518256911,0.3166665474664404,0.914679847711394
944,31.466351999999997,0.1600870364804117,0.3184594464410173,0.9087523718779351
945,31.499685,0.15814044746983,0.3208842519281941,0.8948739094293292
946,31.533018,0.15576373394088872,0.31924139327626544,0.8799435648789515
947,31.566350999999997,0.1475080626310307,0.31461968905193116,0.8843163844957185
948,31.599684,0.1375712436225252,0.3257572532416244,0.8741313929709982
949,31.633017,0.13822677246116666,0.3269678655012708,0.8738479544457218
950,31.666349999999998,0.13079191649039057,0.323283051102948,0.8737328693311315
951,31.699682999999997,0.12724242663801041,0.31072588461779993,0.8688726960640238
952,31.733016,0.13218130076212925,0.23610433479558576,0.8665244618622447
953,31.766348999999998,0.13444725523947432,0.06498832123263325,0.8312863410785484
954,31.799681999999997,0.14637392810968347,0.06299387173017115,0.8244404075092785
955,31.833015,0.1493579165204077,0.16351037296369256,0.8668914767371737
956,31.866348,0.1561373836846612,0.21867247739925538,0.8644924050189937
957,31.899680999999998,0.15837155908149467,0.2578710228986949,0.8600438044617438
958,31.933014,0.15997957706574775,0.2825857565070239,0.8628300779092707
959,31.966347,0.16436927981750232,0.28846221583361,0.8644639097517064
960,31.999679999999998,0.16808796964867365,0.29205939039811335,0.8721475169460411
961,32.033013,0.17669801221054293,0.2943518389034938,0.8731665058743332
962,32.066345999999996,0.1759903241629495,0.2919939403138673,0.868571015641796
963,32.099679,0.17583799945485268,0.30177357595574833,0.8714579109439015
964,32.133012,0.18124454373999124,0.30011009034330205,0.8725657864546376
965,32.166345,0.1779329489812019,0.30026531917562044,0.8687042868943257
966,32.199678,0.17594622838490037,0.30907911673537014,0.8639234587158435
967,32.233011,0.1797686397273351,0.3043784762357195,0.8642481389633737
968,32.266344,0.18756581535043187,0.3134000669641003,0.8696255105996226
969,32.299676999999996,0.1890959887979259,0.30522668070490877,0.8722432398745822
970,32.33301,0.18075733019181436,0.3087634851339409,0.8727250360026982
971,32.366343,0.15091825916994744,0.31161710647943514,0.8728939095227545
972,32.399676,0.1250256356606745,0.29746319629152485,0.8718081369791453
973,32.433009,0.11877137266836642,0.30844512220053455,0.8782873963898895
974,32.466342,0.10843230208421813,0.30888047244155703,0.8825112258680088
975,32.499674999999996,0.12695160352514454,0.3070543705703202,0.8787604771646146
976,32.533007999999995,0.15345033991998464,0.30138116371822793,0.882325434212776
977,32.566341,0.17330846007971998,0.31234409211821923,0.8800323498687069
978,32.599674,0.17012388515023705,0.30222735532692746,0.8745859490445195
979,32.633007,0.1716446698549936,0.30472538643317365,0.8747856082629266
980,32.66634,0.16222198472963476,0.29785969804238466,0.8672861722570885
981,32.699673,0.16345476246226603,0.2932613577029807,0.8621499431036334
982,32.733005999999996,0.1513418147447463,0.2984454250875732,0.8599889604309381
983,32.766338999999995,0.13606774514817657,0.291178798601746,0.8501762580518873
984,32.799672,0.13096144387405625,0.29534079855578654,0.8533497910868286
985,32.833005,0.1373791478506252,0.2916947341623073,0.8556499996001028
986,32.866338,0.15812385383813726,0.298903462517632,0.8597236585434299
987,32.899671,0.1734593453876266,0.2990499541946713,0.8641081336269768
988,32.933004,0.1787833899175178,0.2949144736302632,0.8768953408747442
989,32.966336999999996,0.17479302197182145,0.2549062785127659,0.8973319233741346
990,32.99967,0.18309304126359058,0.04486193560744292,0.849723133905927
991,33.033003,0.1950048673605899,0.06244369717853292,0.8522564296286723
992,33.066336,0.19125717846195453,0.11613230786958001,0.8748191933630646
993,33.099669,0.16619876389602906,0.19836935160460661,0.8951432848749596
994,33.133002,0.11615621022265651,0.25353914652167936,0.8667249789928158
995,33.166335,0.07393630233467624,0.2825141547245744,0.8583874483082585
996,33.199667999999996,0.07292168174024397,0.29083580300841044,0.854925859233064
997,33.233001,0.09637559597147285,0.29373281576172183,0.8553472885845403
998,33.266334,0.15891677792176198,0.28738256029531406,0.8720875005456322
999,33.299667,0.19900824822852398,0.2839964966484292,0.8736591641694597
1000,33.333,0.21165769476842672,0.2860431595938041,0.8838668993535199
1001,33.366333,0.24012098154752715,0.28838877658618717,0.887051968688121
1002,33.399665999999996,0.2512535747902991,0.29030943343813975,0.8750844068551793
1003,33.432998999999995,0.24553740997768478,0.28649328315882633,0.8835211366932277
1004,33.466332,0.20887978147616088,0.27020654736721494,0.8908260648115593
1005,33.499665,0.19305713818020429,0.14004740394281004,0.8943751139023346
1006,33.532998,0.18181476825678985,0.07866743722244862,0.8607916524846643
1007,33.566331,0.16979876457085963,0.23170291839765172,0.901190144214508
1008,33.599664,0.18474646619841295,0.33276085813699285,0.8852092298697412
1009,33.632996999999996,0.1878057759354965,0.363601821651688,0.870316770815941
1010,33.666329999999995,0.18842523328611513,0.35960443321777813,0.8896926901451627
1011,33.699663,0.19837487698123116,0.3664585850348629,0.9175318500952967
1012,33.732996,0.20635957197714755,0.3795158198164589,0.9335634842811662
1013,33.766329,0.2061779867673342,0.38358592319550844,0.9384660796765739
1014,33.799662,0.201056352115522,0.38992700912608513,0.9485889573257505
1015,33.832995,0.1724037052975193,0.40216180175454874,0.9490268866627517
1016,33.866327999999996,0.12634865942393103,0.41061328540939646,0.9523525998666715
1017,33.899661,0.10768120362906168,0.3928696847250355,0.9672677753124901
1018,33.932994,0.12723964383916336,0.382939955700797,0.9643141667829588
1019,33.966327,0.14708456086899677,0.37719191056536083,0.9743775552866929
1020,33.99966,0.18336603027027643,0.3757686064763188,0.982706256470967
1021,34.032993,0.21011596664921828,0.3810991741683061,0.9811107293632781
1022,34.066326,0.2242134771872785,0.3775584939638301,0.9863903248060615
1023,34.099658999999996,0.2215736903711241,0.3752757419925542,0.98666696782895
1024,34.132992,0.17367941899840103,0.3806153892760664,0.9732685692848
1025,34.166325,0.13523535558565025,0.3876277130294019,0.9815027318980211
1026,34.199658,0.11120703054832876,0.3975413533117318,0.9723592173601939
1027,34.232991,0.05836297515510181,0.3843810536993908,0.9696202817690692
1028,34.266324,0.058941678623908075,0.38009220990347514,0.9611593953149244
1029,34.299656999999996,0.05542240471340266,0.40217033260898183,0.9641948275788049
1030,34.332989999999995,0.056931780047538245,0.406035372254626,0.9741302412221586
1031,34.366323,0.14591691191315265,0.4069214470140992,0.972122691004594
1032,34.399656,0.16632677257860276,0.42248856602507123,0.9838133817527004
1033,34.432989,0.17785395249094585,0.42359052180707624,0.9751299409117198
1034,34.466322,0.16195861144500523,0.41589386263885286,0.9764177844144831
1035,34.499655,0.14759184504683073,0.4052992805871879,0.9796519118219575
1036,34.532987999999996,0.1618676284502744,0.4091323853180039,0.988320179918188
1037,34.566320999999995,0.16701800266815964,0.41056099797563134,0.9826897762357667
1038,34.599654,0.16160242591909557,0.41413529674207883,0.9885350151899273
1039,34.632987,0.15209562386584743,0.4064929408505549,0.9779053529985005
1040,34.66632,0.16240109027455046,0.4107285824096659,0.98796371001301
1041,34.699653,0.16158774215810115,0.40552428033120913,0.98683459205707
1042,34.732986,0.1764820173420568,0.39470645508193825,0.979488772675331
1043,34.766318999999996,0.17839663287713764,0.22064732215493313,1.0125944764929715
1044,34.799651999999995,0.188628384971677,0.0825544126991932,0.9641322733846304
1045,34.832985,0.17129069146527068,0.07147838955166025,0.9592554464133259
1046,34.866318,0.1741268317127108,0.16159004148997227,0.9587561594849182
1047,34.899651,0.16397965034497292,0.2217511273841558,0.9501927331021299
1048,34.932984,0.15573055051208926,0.2617133516703042,0.946019889015744
1049,34.966317,0.16372297230597546,0.26915415652897157,0.9331427793560576
1050,34.999649999999995,0.1853556839645178,0.26404092668199175,0.9311712548902228
1051,35.032983,0.19898059902225104,0.27552928476151783,0.9243145326045753
1052,35.066316,0.20285040710481825,0.29096564274572456,0.9170639759978356
1053,35.099649,0.2233392592008419,0.30838466320975005,0.9245860185690974
1054,35.132982,0.2208609671265532,0.3161302891858311,0.9166182202097186
1055,35.166315,0.23669137987394467,0.31547645833937815,0.915748966557906
1056,35.199647999999996,0.2378714644265615,0.3231757699111121,0.9034359001778078
1057,35.232980999999995,0.2402329926205413,0.3109870993539197,0.9094615689251888
1058,35.266314,0.2385596059161741,0.3096839867174229,0.9164692708524428
1059,35.299647,0.23123942721170934,0.30574429719755747,0.9134273640408201
1060,35.33298,0.23018126849825424,0.31818810478303156,0.9025147105032514
1061,35.366313,0.2201004632241882,0.31818464304966876,0.8990588135821331
1062,35.399646,0.21585527857945114,0.3188883942678087,0.8901842243041047
1063,35.432978999999996,0.20334916279803197,0.3233049805434445,0.8867880869603535
1064,35.466311999999995,0.21108330462968997,0.33777416827168694,0.877933541457431
1065,35.499645,0.21484836206714308,0.33639837378622844,0.8753829629140824
1066,35.532978,0.20734341612921978,0.3361576036646903,0.8746685891723932
1067,35.566311,0.20276258415516984,0.34564055220420087,0.8708645464995071
1068,35.599644,0.20082662777799923,0.3531688802097409,0.863530315504814
1069,35.632977,0.20254322912003697,0.34545557334495525,0.8668287684035305
1070,35.666309999999996,0.20696788487325973,0.3540681101335653,0.8729892377814868
1071,35.699642999999995,0.2091027251296047,0.3590094396538667,0.8706500055591964
1072,35.732976,0.20663765403183232,0.35568051696555597,0.8837111355350109
1073,35.766309,0.20272144145890097,0.3500151236668938,0.8775747402103334
1074,35.799642,0.20473112111874103,0.34410140271191536,0.8748612533371825
1075,35.832975,0.20782073254704073,0.34472069411666906,0.8727073016703537
1076,35.866308,0.2025973301305181,0.34585409416872526,0.8792757305859352
1077,35.899640999999995,0.19480574872949508,0.34931789952816084,0.8731431132498686
1078,35.932974,0.18300248185236806,0.34576244155464303,0.8753860812863198
1079,35.966307,0.17972930334031662,0.34664361120061227,0.8746272934939009
1080,35.99964,0.1629592467841425,0.31301138159999775,0.882633521878105
1081,36.032973,0.14528963469399894,0.13508687736080327,0.8772138195595406
1082,36.066306,0.10821807940451146,0.07219374858301868,0.8519247816341776
1083,36.099638999999996,0.07742727616620759,0.16822863107123184,0.8711071042644067
1084,36.132971999999995,0.07422093300133933,0.21320922555195476,0.8808429130089384
1085,36.166305,0.07436582126653075,0.2684260666149532,0.8725522867011754
1086,36.199638,0.07562898366682833,0.3000852314839765,0.8700290079856061
1087,36.232971,0.07619807647597074,0.30720968751641453,0.8620663055327277
1088,36.266304,0.07642936955778598,0.3206306421566859,0.8567525696462965
1089,36.299637,0.07725007299848295,0.32255262841040067,0.8560647473300973
1090,36.332969999999996,0.07558707412859682,0.3280074094386317,0.8492248727483184
1091,36.366302999999995,0.07604056057929572,0.33008100233959115,0.8483972510867333
1092,36.399636,0.07640021854608953,0.3333452870899631,0.8532891693889866
1093,36.432969,0.07437770420396375,0.32237536419950613,0.8541127289037492
1094,36.466302,0.1397845962814999,0.30440726111085603,0.8627721895192335
1095,36.499635,0.16946854768952763,0.29967351826161187,0.8651394473086871
1096,36.532968,0.18513730590492886,0.3090349461816113,0.8667159678139377
1097,36.566300999999996,0.1830913247828222,0.296086294420158,0.8691017848652989
1098,36.599633999999995,0.18365685274748256,0.2955052028478625,0.8640663193627535
1099,36.632967,0.18783341196919767,0.3018369595899042,0.8719266803297627
1100,36.6663,0.19149558047793924,0.30222760536383936,0.8752558435908102
1101,36.699633,0.1892194902603086,0.3037791864818784,0.8780245152640971
1102,36.732966,0.19108464790041035,0.30782010226784007,0.8727811136430884
1103,36.766299,0.18723884905277444,0.302614060110667,0.8755065068759239
1104,36.799631999999995,0.18124685972566545,0.3094545264843407,0.8750730305665089
1105,36.832965,0.1861504147282182,0.307997651032238,0.8784688617140696
1106,36.866298,0.18271636222070464,0.30697831870819015,0.8682635069395179
1107,36.899631,0.18367685670170003,0.31064842072092136,0.8726885515886317
1108,36.932964,0.18310404719847861,0.3048916088206818,0.8745808548820125
1109,36.966297,0.18328414660053102,0.3090673505922551,0.8718402670890739
1110,36.999629999999996,0.18184107838892588,0.3100982250366491,0.872480761466667
1111,37.032962999999995,0.18166761121759664,0.26659621417383694,0.8720573958977429
1112,37.066296,0.17207368845486382,0.05585531721005754,0.8318008127842087
1113,37.099629,0.1759255766366386,0.03464988481863698,0.8263174884446535
1114,37.132962,0.19026035972986916,0.06326678955320086,0.8571493551732239
1115,37.166295,0.22471404197522485,0.13671832236416773,0.8963209199494485
1116,37.199628,0.23523253370959998,0.23498599728345854,0.9253236674549673
1117,37.232960999999996,0.205385755353142,0.2766172872217548,0.9107156898825983
1118,37.266293999999995,0.14719219298261013,0.3060163697342353,0.9143717053138669
1119,37.299627,0.12604598072342904,0.31646120412189455,0.9014983248478784
1120,37.33296,0.08905968560094352,0.3251958965043598,0.9019602820516449
1121,37.366293,0.07015786632885267,0.3281887491954498,0.905100889823436
1122,37.399626,0.07132938194735906,0.33330436930445173,0.8923725315735729
1123,37.432959,0.0671200013783166,0.3211633359882805,0.8929886690500833
1124,37.466291999999996,0.06862988663853671,0.3134184380671672,0.8772609066918644
1125,37.499624999999995,0.06793674893488169,0.3198392930640924,0.8833144572550453
1126,37.532958,0.07048076053729724,0.3208147208244372,0.8813974664251981
1127,37.566291,0.07037743771008774,0.3305261408652194,0.8720006301395845
1128,37.599624,0.07195832498803828,0.33501076106023747,0.8739962315710206
1129,37.632957,0.07302378261671597,0.3274646547355756,0.8728258949120152
1130,37.66629,0.07230514029125872,0.33275084916925113,0.8712438505747095
1131,37.699622999999995,0.07318719826226777,0.33636118881841387,0.874707393622408
1132,37.732956,0.07355796180414041,0.33590328545294285,0.8755822209102635
1133,37.766289,0.07305312029966698,0.33576374843470663,0.8801568643450819
1134,37.799622,0.07355370016604784,0.3308829155992754,0.87349708670799
1135,37.832955,0.07358534060891933,0.3359270262045479,0.8769105492681176
1136,37.866288,0.07242112937928222,0.33634031069477077,0.8722511539133905
1137,37.899620999999996,0.07402147514053169,0.3351962277841074,0.8668365648838571
1138,37.932953999999995,0.07416213348438366,0.33412690244622545,0.8700966224251728
1139,37.966287,0.07366791143259803,0.33360190025848635,0.8716161181387777
1140,37.99962,0.07459315119279632,0.32535871413751855,0.8762002633772491
1141,38.032953,0.0739851613447018,0.326880311863376,0.883125640613657
1142,38.066286,0.07389448969987215,0.3511392446832257,0.8742756986188793
1143,38.099619,0.07365439738236851,0.37228685512307375,0.8748733780139425
1144,38.132951999999996,0.07365121927473799,0.374519218747406,0.8763340103917391
1145,38.166284999999995,0.07511784559218561,0.3795484897784366,0.8707344058144285
1146,38.199618,0.16292156010530412,0.3832612090767459,0.8757415450133574
1147,38.232951,0.17169543895724493,0.36821053477721866,0.8741195806604642
1148,38.266284,0.19542389903166477,0.355127371419405,0.896413429723133
1149,38.299617,0.21224864223730383,0.3571056662943656,0.900685594722056
1150,38.33295,0.1912098183727782,0.3673466779072605,0.9077716025270081
1151,38.366282999999996,0.16508217419029447,0.3526594335051009,0.891213019319029
1152,38.399615999999995,0.15700019719969116,0.35545946996461325,0.8757768471838154
1153,38.432949,0.12701832073053101,0.35300911788373157,0.8705210219704402
1154,38.466282,0.07350608536524389,0.36443086909935785,0.8671327847459509
1155,38.499615,0.0739317627893529,0.3712306258409891,0.8630185470455355
1156,38.532948,0.1262993131505294,0.3742024412677031,0.8594572109988475
1157,38.566281,0.17199905101990304,0.36284078085465876,0.8632280525385115
1158,38.599613999999995,0.19206238260912842,0.3692155167598659,0.8615159111151943
1159,38.632947,0.21066814470707226,0.3774531211110777,0.8671327358443617
1160,38.66628,0.21322473549787258,0.37513482949898674,0.8643613816862049
1161,38.699613,0.20189685900531612,0.3700523842641469,0.8731626638419931
1162,38.732946,0.16000288518169395,0.33804118671217254,0.8772373068684376
1163,38.766279,0.1269607744135589,0.11070267525404096,0.8542578619034817
1164,38.799611999999996,0.07494512542518995,0.04996063970596287,0.8465414963002353
1165,38.832944999999995,0.07363732586409934,0.05456252309173082,0.827681682018163
1166,38.866278,0.07307969128552194,0.12717580281145136,0.8489791023092442
1167,38.899611,0.07416751813982787,0.20979603866500102,0.878782952530094
1168,38.932944,0.07296733759697425,0.2557436030785505,0.8714771589208935
1169,38.966277,0.07407838717407919,0.28767613806791237,0.8851006922605789
1170,38.99961,0.07547721978288355,0.2935608685251577,0.8916254356582688
1171,39.032942999999996,0.0757361361023289,0.3003540375163525,0.8881158089382454
1172,39.066275999999995,0.07608725291041901,0.2999499651364221,0.8920783133004153
1173,39.099609,0.07666522685924826,0.33724791306304225,0.8784561193741268
1174,39.132942,0.07547072697485278,0.34392321173360346,0.8740115683319669
1175,39.166275,0.07597613209662672,0.35280131954203675,0.8589760885164528
1176,39.199608,0.07594615142290373,0.34576662676432146,0.8508842739792237
1177,39.232941,0.07533676681264555,0.3563611748928774,0.8453356756137939
1178,39.266273999999996,0.07388624686722194,0.3492485108872629,0.8501021041448192
1179,39.299606999999995,0.0736149179122491,0.3547113099773487,0.8454696110629227
1180,39.33294,0.07326091369984196,0.37139115210528906,0.860051917429184
1181,39.366273,0.07159314176918352,0.38669002596206875,0.8403248126821468
1182,39.399606,0.0717505868400987,0.3787441744555408,0.8636891357195264
1183,39.432939,0.07299082274826856,0.37249883795654226,0.8756769078143893
1184,39.466272,0.07263448196641228,0.3738724494945134,0.8851821254825768
1185,39.499604999999995,0.06958907894376011,0.38533431424748976,0.8838374108869199
1186,39.532938,0.06624893430005577,0.3729215595398005,0.883769574615356
1187,39.566271,0.06595378005007889,0.3854410050527759,0.8804610208915667
1188,39.599604,0.06847463112248782,0.3869769133138204,0.8895389044101135
1189,39.632937,0.06862922944896142,0.39200206144081795,0.8977869283792136
1190,39.66627,0.1276294305234308,0.3988989847502337,0.9044331607687032
1191,39.699602999999996,0.13677895922353944,0.3910139688403673,0.9103573462761445
1192,39.732935999999995,0.15024959191554793,0.3924823375148024,0.912949050206954
1193,39.766269,0.1631551335750709,0.38405961395576316,0.9157719231575551
1194,39.799602,0.17676657564461562,0.37714586261827715,0.9276693111673104
1195,39.832935,0.18044140537713457,0.3602549914876809,0.9435316798714657
1196,39.866268,0.19660888158983944,0.13670296513326063,0.9705134463039548
1197,39.899601,0.2183462657899857,0.06312000611049032,0.9477572235488843
1198,39.932933999999996,0.2198278368241537,0.14217011488568354,0.967508893788484
1199,39.966266999999995,0.24373418850869427,0.18987365266158238,0.9758276698117906
1200,39.9996,0.263291109734095,0.24071452365147386,0.9757106470325404
1201,40.032933,0.29794612948159455,0.2603136572496862,0.9778047278480594
1202,40.066266,0.3323121946707353,0.2668729294970657,1.0016048750480342
1203,40.099599,0.37022417139971076,0.2629688747832567,1.00506485159096
1204,40.132932,0.40461756665397547,0.2594887532205345,1.0444426350047402
1205,40.166264999999996,0.45802903276632095,0.2611002221202955,1.0554774882218203
1206,40.199597999999995,0.4960616288159687,0.26732434573739416,1.0898074833632374
1207,40.232931,0.5034889546959058,0.2890798956053853,1.0944575417543774
1208,40.266264,0.5100074366136023,0.29510756943845406,1.1122728829066189
1209,40.299597,0.5412780358676935,0.2999613624201076,1.1250100059545112
1210,40.33293,0.5582665586589773,0.296373872686835,1.1306437957498834
1211,40.366263,0.5749952047887427,0.2966437776382429,1.1531111310682927
1212,40.399595999999995,0.610500752307338,0.310329770634994,1.1606515725690796
1213,40.432929,0.6080340343098657,0.3021840844764068,1.1633163819053691
1214,40.466262,0.6045937951219504,0.3227049552563342,1.1629928481887084
1215,40.499595,0.5996394759584728,0.3191547536562764,1.1625631835555277
1216,40.532928,0.6035341023575554,0.32740413973126337,1.159640138681611
1217,40.566261,0.6031101513544997,0.3269878074390082,1.159953836374609
1218,40.599593999999996,0.6097158777806698,0.32836234492022665,1.1642081361199652
1219,40.632926999999995,0.6132128407404525,0.3280834819264651,1.1577298072200572
1220,40.66626,0.6050227098838775,0.3349322558392164,1.1697965433212625
1221,40.699593,0.6196596996940111,0.32326832000373223,1.1813995543117108
1222,40.732926,0.6149341283061585,0.3064817572881336,1.1826003874273097
1223,40.766259,0.6086925095683665,0.318544364596399,1.2052885010570882
1224,40.799592,0.6106042619701966,0.3178288321838791,1.2098376516157932
1225,40.832924999999996,0.6244270906543063,0.318326134827965,1.214908723305677
1226,40.866257999999995,0.6324203125458343,0.3233363271298382,1.2111133912720171
1227,40.899591,0.6242846681108968,0.3175318336221318,1.2017674487043044
1228,40.932924,0.646491279937148,0.26388602612711753,1.2077801741141403
1229,40.966257,0.6135712219856204,0.09322423248997531,1.2012908925677557
1230,40.99959,0.6203545657378386,0.08221513747395028,1.210377937655367
1231,41.032923,0.6182963916110424,0.136900509500958,1.2126665718202656
1232,41.066255999999996,0.6201299591630199,0.20563189711809632,1.2324400881963495
1233,41.099588999999995,0.6213618111945326,0.2175884817144968,1.2261428582758864
1234,41.132922,0.6255248771459053,0.24373667317457187,1.2200120479526193
1235,41.166255,0.6285522575098207,0.23378440019540897,1.2193744230955381
1236,41.199588,0.6236659615524907,0.2493181607251249,1.2123755930956541
1237,41.232921,0.6338309344017801,0.24589469000608805,1.2250912888188696
1238,41.266253999999996,0.6460069286292451,0.24563035854332294,1.2215259925392865
1239,41.299586999999995,0.6489145241800566,0.2446682539397559,1.2298502660984485
1240,41.33292,0.6663533843194126,0.25523567967926974,1.2247909769796839
1241,41.366253,0.6641839803376932,0.25423944854347397,1.2362623405093918
1242,41.399586,0.6683168688005746,0.2417062600940405,1.223232213614685
1243,41.432919,0.6723477212718693,0.26298361892987254,1.2261014301063917
1244,41.466252,0.67153133918842,0.3183739996675617,1.2165019333837341
1245,41.499584999999996,0.6711981654429273,0.36449881955663166,1.2150375424723092
1246,41.532917999999995,0.6601250280981331,0.3741434212578696,1.2268326272734145
1247,41.566251,0.6450352044767138,0.37022149908912105,1.2227522256478631
1248,41.599584,0.6570867720983329,0.3769292606514496,1.2201240316514876
1249,41.632917,0.628823543483348,0.3685129483722407,1.2149385671994664
1250,41.66625,0.6431754392558461,0.35768722790642404,1.2138653578868663
1251,41.699583,0.6453071020050727,0.3595595859036813,1.217103069566451
1252,41.732915999999996,0.6619180525551502,0.3622686799055582,1.2199818924567718
1253,41.766248999999995,0.6558687020345564,0.35081417001445053,1.214945852257722
1254,41.799582,0.6669877612901188,0.3478339764920083,1.2145900765191353
1255,41.832915,0.6605561360566391,0.34862671148282054,1.203981830372705
1256,41.866248,0.6715919239747364,0.34373088796864226,1.2075809342749346
1257,41.899581,0.6603035971013526,0.3508476398295313,1.1977335322726308
1258,41.932914,0.6692856569252296,0.3416468257072731,1.216264617496394
1259,41.966246999999996,0.6674926175698304,0.35184349841900264,1.2020714868334663
1260,41.999579999999995,0.6826791822521969,0.3356984252047322,1.2011432309334753
1261,42.032913,0.6633643806820801,0.34465293540812525,1.2007819893858254
1262,42.066246,0.6776871460770059,0.3395174379601079,1.2148394516425884
1263,42.099579,0.6669618359447792,0.30749974100397015,1.2093787980156752
1264,42.132912,0.6782727400418694,0.17992990099204054,1.2638092658684588
1265,42.166244999999996,0.6841961077621285,0.10606309252184296,1.2728924087816604
1266,42.199577999999995,0.6850523785437042,0.09306567346329037,1.270343732489794
1267,42.232910999999994,0.6660770729088366,0.12588410320196947,1.2604959184516809
1268,42.266244,0.6666744773241763,0.16903666328458672,1.2626648508955665
1269,42.299577,0.6670838096323554,0.18811789756282454,1.2505354523406211
1270,42.33291,0.6607262396213113,0.1991464060601728,1.2460460372821183
1271,42.366243,0.6569820142674001,0.20900135009227322,1.2416748235813362
1272,42.399575999999996,0.6486804556965879,0.21177518397407952,1.2365608165361952
1273,42.432908999999995,0.6674968594375209,0.20687334263707152,1.2265828711368476
1274,42.466242,0.6711104246046207,0.21321045673092132,1.2280458134970629
1275,42.499575,0.6584656513236642,0.19874611472043874,1.2261002769869147
1276,42.532908,0.6736024096034997,0.20720580422736234,1.2367122184707449
1277,42.566241,0.6728665139862148,0.2120079053081109,1.2237159235443387
1278,42.599574,0.6715778136633146,0.2125072026527997,1.238683932867226
1279,42.632906999999996,0.6640905225576988,0.15257702234571796,1.2558376651838408
1280,42.666239999999995,0.6799491140898194,0.09338607508761285,1.2582826781441494
1281,42.699573,0.6899462040741207,0.08085707962730354,1.257182844254642
1282,42.732906,0.6849320906500711,0.08405739617116668,1.245310457115824
1283,42.766239,0.6676301140161649,0.08189809729165315,1.2471603998808534
1284,42.799572,0.6914122939355776,0.0921249413477877,1.2503529942649505
1285,42.832905,0.6948542411205996,0.08973071883994567,1.2539898188196998
1286,42.866237999999996,0.695698058998299,0.09757406230151397,1.2586475772038481
1287,42.899570999999995,0.6803616908002148,0.08335778285008025,1.24449659605757
1288,42.932904,0.7117127066873966,0.08864637275350537,1.2534800098550567
1289,42.966237,0.6930188566915761,0.09504654570093815,1.2469256342110857
1290,42.99957,0.6843640004083842,0.10511561587269497,1.2583644602644368
1291,43.032903,0.7042623239708996,0.09720235892094259,1.2507322140867445
1292,43.066235999999996,0.6897482949175796,0.10312811348856496,1.2615661595037744
1293,43.099568999999995,0.684830885839715,0.10189158271134048,1.2554017850127197
1294,43.132901999999994,0.7086450870992134,0.10910160581152548,1.2668618876405564
1295,43.166235,0.7009831734932929,0.12644602641085273,1.2748188394124234
1296,43.199568,0.6858655123304572,0.1294386624264765,1.2714518918522015
1297,43.232901,0.6865817301484775,0.1207134149071255,1.2664027041956905
1298,43.266234,0.6921261102029959,0.10881305838444366,1.2568729964829493
1299,43.299566999999996,0.6889553304201866,0.11844954497400877,1.2611616001039445
1300,43.332899999999995,0.6769823045339057,0.10923702869959621,1.2520230719797034
1301,43.366233,0.6858461524071374,0.10985640643716221,1.2419355389988516
1302,43.399566,0.6758276740198453,0.10636576627649477,1.245705237647927
1303,43.432899,0.6684379817297836,0.1189661949962769,1.2314627094799115
1304,43.466232,0.6552055490789768,0.13312259141057578,1.2358553147850764
1305,43.499565,0.657157700200558,0.14581668459511,1.2408243135673749
1306,43.532897999999996,0.639152206063414,0.13953831269917027,1.2351951947864592
1307,43.566230999999995,0.6294610552391345,0.16313930080228503,1.2569963713899144
1308,43.599564,0.6206201537395741,0.18932108032056189,1.2614128343621045
1309,43.632897,0.6303679272952647,0.20801501003461656,1.2237248075275924
1310,43.66623,0.623606302437539,0.2321069044296269,1.2018582521476886
1311,43.699563,0.6066388458929898,0.25344236886267085,1.1970865099789565
1312,43.732896,0.6085080234826794,0.26953958710847803,1.2001317422991336
1313,43.766228999999996,0.6096740535083728,0.26497594226653026,1.2022284160940462
1314,43.799561999999995,0.6061231086393492,0.26723967965214424,1.2014791632323556
1315,43.832895,0.6006179184641898,0.2646631379366964,1.1954713038398566
1316,43.866228,0.6095055988052265,0.26997142864907153,1.1988211147004832
1317,43.899561,0.6132517748356743,0.27033116588080364,1.1948523746844983
1318,43.932894,0.6146856929841349,0.288470016576233,1.1938983842473725
1319,43.966226999999996,0.605634270059866,0.2874034198411187,1.1945925472154921
1320,43.999559999999995,0.5903927533399805,0.28063610636481684,1.1911220872863753
1321,44.032892999999994,0.5886522375636178,0.20304443499076208,1.1766810006783812
1322,44.066226,0.5813232235988182,0.0690176310695004,1.137414448153278
1323,44.099559,0.5677148526421139,0.09560070002548891,1.1437623109815753
1324,44.132892,0.5479093033903896,0.14046076207487948,1.1658290571815175
1325,44.166225,0.5204486234433151,0.21343224715707343,1.1505684257470195
1326,44.199557999999996,0.5142252330957294,0.2323808093740855,1.152708041064981
1327,44.232890999999995,0.5026096090846546,0.24844387331310286,1.1451996621965808
1328,44.266224,0.5014404765093368,0.27737527229681647,1.126158545595972
1329,44.299557,0.48454856204615876,0.27337586321545604,1.1281865878138355
1330,44.33289,0.47414114240918787,0.28169388380795507,1.1134298694896352
1331,44.366223,0.4716843224283613,0.28130577582189026,1.1021638518641168
1332,44.399556,0.4580976659814491,0.2813542033657564,1.096770297089517
1333,44.432888999999996,0.42967075657506926,0.2819847768852566,1.091583434058935
1334,44.466221999999995,0.42575478377837805,0.2824434848604072,1.0799528430912806
1335,44.499555,0.433970922801292,0.2929797161054378,1.06629148560233
1336,44.532888,0.41999513096980684,0.31060909017927674,1.0490739428570008
1337,44.566221,0.4200540096780874,0.3052646289274223,1.0342749085431182
1338,44.599554,0.4032426045141448,0.3077773232462194,1.0254311423251876
1339,44.632887,0.38738892486309967,0.3087509683219045,1.0100923133127948
1340,44.666219999999996,0.36904787445441156,0.3160132844731021,1.0084317466297863
1341,44.699552999999995,0.36911092469969403,0.31306840454057583,1.008071269242512
1342,44.732886,0.358371372775827,0.32130549577558404,1.0129356555396891
1343,44.766219,0.33731533248147416,0.31785360848157357,0.9925359819837738
1344,44.799552,0.31883492599863517,0.32258521314591604,1.0022978909958633
1345,44.832885,0.3112501698431073,0.31239218088099857,0.9863279358877319
1346,44.866217999999996,0.27195844354319576,0.30781900069730406,0.9784748562823233
1347,44.899550999999995,0.24699394961562707,0.3046671412248685,0.9659888323548413
1348,44.932883999999994,0.22812258938361232,0.31722618984062095,0.9415506519338401
1349,44.966217,0.22051679720977377,0.3206830304452948,0.9342081887705297
1350,44.99955,0.19543717590102436,0.3145084071760679,0.9259437903463137
1351,45.032883,0.17085271536237523,0.3182671701700488,0.9173972873360651
1352,45.066216,0.15373538374422707,0.3166215205046846,0.9152125922620558
1353,45.099548999999996,0.13240682237603113,0.19381288309456124,0.93232086898237
1354,45.132881999999995,0.10255209148705542,0.0909556175640453,0.8905075580391651
1355,45.166215,0.0994328788774819,0.15689824426189736,0.8893294907754001
1356,45.199548,0.08669105257566684,0.20584898163834114,0.8845414978306545
1357,45.232881,0.09046027900052576,0.2655595656559626,0.8720806516759746
1358,45.266214,0.08722792694133405,0.3008844985485525,0.8863270176283453
1359,45.299547,0.08732567745444031,0.2987850755353479,0.8812694268128266
1360,45.332879999999996,0.09108469704953327,0.3270236333381189,0.9151967697885421
1361,45.366212999999995,0.09563440174845064,0.3189944649689261,0.905640574668372
1362,45.399546,0.0980777865760505,0.33783354831028534,0.9365931624434823
1363,45.432879,0.10008444475886918,0.3531567614746913,0.9577046103717244
1364,45.466212,0.1082945939120832,0.37034972409657263,0.9684369260632842
1365,45.499545,0.11027281989818542,0.36708088137703476,0.9669108338141222
1366,45.532878,0.11159012190055459,0.3650361552128494,0.9613417451942953
1367,45.566210999999996,0.10760916207328738,0.37368878052357674,0.9609501127149072
1368,45.599543999999995,0.10595544909671524,0.3634415120577337,0.9762821969568394
1369,45.632877,0.10532398931493529,0.37242819354076157,0.9576386360606972
1370,45.66621,0.10772851602177279,0.369668935655718,0.9818021486259916
1371,45.699543,0.10862460113294051,0.3650708456365947,0.9752509699542476
1372,45.732876,0.10722967067712467,0.3573607241156145,0.9835864696635531
1373,45.766208999999996,0.10825910748106006,0.37041652120803026,0.9674053052482511
1374,45.799541999999995,0.10598499067258889,0.3303067043475024,0.9807110327940758
1375,45.832874999999994,0.10375575437378362,0.35120738181333877,0.9825989861853686
1376,45.866208,0.10127164113196122,0.3414359029945391,0.9567596915366584
1377,45.899541,0.10318188449614493,0.347291982682704,0.9284086421859203
1378,45.932874,0.10387778120661936,0.3410067256984345,0.9008912445565661
1379,45.966207,0.10023917924777875,0.3341684911528786,0.8899482309861604
1380,45.999539999999996,0.0921805711896555,0.2716611164724322,0.8883951370008499
1381,46.032872999999995,0.09171694624299116,0.11952054248796376,0.8821414023322705
1382,46.066206,0.08735799694295508,0.10253265361640845,0.8654708836608905
1383,46.099539,0.0798018248825084,0.16187673806690972,0.8758501516219758
1384,46.132872,0.07724095730173755,0.243800292798786,0.8758584323224811
1385,46.166205,0.07400751957390628,0.29206747998646077,0.8659506468363157
1386,46.199538,0.07028431875239982,0.3572662807041004,0.8667071009268723
1387,46.232870999999996,0.06831206696351468,0.36147380899443476,0.8704263624445419
1388,46.266203999999995,0.06720454453057156,0.3641781631452625,0.8743804278022591
1389,46.299537,0.06601949789421452,0.3796093315472356,0.8782115686576383
1390,46.33287,0.06319805605707068,0.378109893407423,0.9057005249910046
1391,46.366203,0.06056580392462819,0.3835287605350166,0.9114883455593026
1392,46.399536,0.061041857669261394,0.38689578923475487,0.9316824412043638
1393,46.432869,0.06332877076073638,0.37948646194451185,0.9421666409869253
1394,46.466201999999996,0.07169243490394588,0.3869252531056387,0.9565599098075444
1395,46.499534999999995,0.08258314654958974,0.4023633307432419,0.9693450817503635
1396,46.532868,0.09247379006294373,0.40895337044540625,0.9631203453799572
1397,46.566201,0.09689454258383225,0.4140497312223888,0.9675816737253049
1398,46.599534,0.09975124277384285,0.42152952770695495,0.9700768336626038
1399,46.632867,0.10162275760367713,0.421784771107108,0.9791224074845921
1400,46.666199999999996,0.10379440453298842,0.4197261177265505,0.9767416941373286
1401,46.699532999999995,0.10936221853984963,0.4047344304439743,0.9888086412297248
1402,46.732865999999994,0.10879190258756999,0.41756554070174634,0.9817009101442731
1403,46.766199,0.10539127273952247,0.4062456356243376,0.9831707534845386
1404,46.799532,0.09494436017962854,0.4073516387064461,0.9827932966452273
1405,46.832865,0.11325585683891086,0.39836214470282477,0.98808103580524
1406,46.866198,0.10798810445352297,0.41332308925076616,0.9777575309372863
1407,46.899530999999996,0.1167269520731461,0.4085655758454255,0.9793084038492063
1408,46.932863999999995,0.11192728364704439,0.41207739992710013,0.9895190576734632
1409,46.966197,0.1167890593760255,0.4158032558713025,0.9867888162954517
1410,46.99953,0.11290114411992132,0.42253317481991426,0.9926588441751872
1411,47.032863,0.11567592734297723,0.4147002368500555,0.9847045457688498
1412,47.066196,0.11918152499194304,0.407220066540306,0.9874305334568696
1413,47.099529,0.11054535294411602,0.41854701044325887,0.9885756795173488
1414,47.132861999999996,0.11501075840487679,0.42551269053601454,0.9926829883454463
1415,47.166194999999995,0.11660413830673931,0.4197889199791677,0.9974096471269527
1416,47.199528,0.12138749394238918,0.4066777918413319,0.9867124390997265
1417,47.232861,0.11973574210811706,0.40613144363341236,0.9883867614954782
1418,47.266194,0.12142603411787217,0.40615515517343914,0.9837319465572745
1419,47.299527,0.11664094238449679,0.4034928914736978,0.9893778053018262
1420,47.33286,0.11616641995020878,0.40985552194056424,0.9877857969772227
1421,47.366192999999996,0.11571390880082308,0.4027483141994989,0.9974455773570668
1422,47.399525999999994,0.11006160990222197,0.4126758439052429,0.9894098987625343
1423,47.432859,0.11689623889121235,0.40883075529269863,0.9966649788407117
1424,47.466192,0.11538651065660868,0.41677236412385765,0.9804180583626103
1425,47.499525,0.12161654224878833,0.41656806021146153,0.9987144782339991
1426,47.532858,0.11425780915954216,0.42257094315786087,0.9862582828226555
1427,47.566190999999996,0.11218759880351993,0.4122749227712431,0.9834589979289253
1428,47.599523999999995,0.1288804154432041,0.411746777597824,1.0024147931089065
1429,47.632856999999994,0.1175835456901271,0.3989318789409205,0.9911336034518936
1430,47.66619,0.1345221839922001,0.4141762919911939,0.990314467812561
1431,47.699523,0.14011697971036124,0.40592643977907295,0.9933711511942314
1432,47.732856,0.14439110370543057,0.41121631918040036,0.9861594784102732
1433,47.766189,0.14682961282622564,0.4092912851631605,0.9845836336625883
1434,47.799521999999996,0.15219962789601002,0.40442071156770487,0.9834640728244087
1435,47.832854999999995,0.14951802907417341,0.3244581022133125,1.028078840309221
1436,47.866188,0.14985383404147928,0.14378348409278147,1.0054367207402966
1437,47.899521,0.15504776918859545,0.12465691472062065,0.9946301448893999
1438,47.932854,0.15872115754217112,0.18071658377352262,0.9872039802931867
1439,47.966187,0.16408019461596823,0.23855989124651283,0.9732335359646507
1440,47.99952,0.16328450338479344,0.28077274822077647,0.9705596882549843
1441,48.032852999999996,0.16452481999494392,0.30276505708170864,0.9581313669334729
1442,48.066185999999995,0.17115600444867213,0.30893980867984594,0.9462154956657771
1443,48.099519,0.16349152993334218,0.3134136399005605,0.9322074094929931
1444,48.132852,0.16633749809590348,0.3119262797455721,0.9278586014146772
1445,48.166185,0.16202431456335945,0.3060331012594585,0.9256208175537979
1446,48.199518,0.15826073552781106,0.31406972807232547,0.9247888649899894
1447,48.232851,0.14438800338886368,0.3100057215242113,0.9106747860540637
1448,48.266183999999996,0.12690259834105957,0.3087349182682364,0.9055642524259196
1449,48.299516999999994,0.12696199678074468,0.3061421389643795,0.906633847130188
1450,48.33285,0.14040601114655965,0.3026693614911051,0.9039731570752816
1451,48.366183,0.17004539077153474,0.29980740568231357,0.9165279923577969
1452,48.399516,0.1874122514966627,0.30546390092901354,0.9215161013514167
1453,48.432849,0.18014267299241582,0.3079298110890518,0.9147085579434329
1454,48.466181999999996,0.15884532473051222,0.31646344523090375,0.9062801996056143
1455,48.499514999999995,0.12149537882415122,0.3141011233067119,0.8997609062056374
1456,48.532847999999994,0.06813694501675151,0.31119282815080895,0.8830670548179547
1457,48.566181,0.0677862351489809,0.3147266613472101,0.8747148527372595
1458,48.599514,0.06790418425400986,0.3033823591758935,0.8729328707393716
1459,48.632847,0.0685985862602488,0.2820864766717185,0.872679136150607
1460,48.66618,0.06924889054593615,0.08727189168025587,0.874105086979751
1461,48.699512999999996,0.06881731519078901,0.06347679153267773,0.8651957632964596
1462,48.732845999999995,0.0665045824818038,0.09866885522826298,0.8729190177852336
1463,48.766179,0.06827725893211928,0.17758699664768673,0.885245836107406
1464,48.799512,0.06797978238568722,0.2160523054149795,0.8760605888559332
1465,48.832845,0.0696799810424078,0.245663459430922,0.8701590850751001
1466,48.866178,0.07060018253228864,0.26404717311363196,0.8573632680572678
1467,48.899511,0.07106837357452594,0.2648208264719095,0.8598529203887818
1468,48.932843999999996,0.07239923899800284,0.26618150197937496,0.8600016657129552
1469,48.966176999999995,0.07122464817833533,0.2715558429424718,0.8507695968965313
1470,48.99951,0.07193304122926229,0.27162052563925443,0.8619100393672293
1471,49.032843,0.07130467748718423,0.27670246952191124,0.8548530315294776
1472,49.066176,0.07297947139972781,0.2881423441414973,0.8608035557097055
1473,49.099509,0.0724653835828812,0.2966600438574128,0.8629178857180833
1474,49.132842,0.07205521411971111,0.30464472883525107,0.8684445213940036
1475,49.166174999999996,0.0723338212707743,0.30556529075479966,0.8687101945009579
1476,49.199507999999994,0.07208367015059011,0.3001559537349379,0.869444177922995
1477,49.232841,0.07157321400145886,0.3089527844245187,0.8702549224802809
1478,49.266174,0.07266004278107498,0.3068143942998287,0.8713445739345901
1479,49.299507,0.07250975015420713,0.30992223368175614,0.872061555210416
1480,49.33284,0.07382387201818912,0.3104599631431705,0.8706019718998254
1481,49.366172999999996,0.0720353343202098,0.3142606111946343,0.8778046027499933
1482,49.399505999999995,0.0738130566275696,0.31895643550208086,0.8746540955761655
1483,49.432838999999994,0.07330934392898347,0.31686271745419575,0.8741486738732738
1484,49.466172,0.07486235061373873,0.30956830262248264,0.8705578438589961
1485,49.499505,0.07327224867222284,0.3145559220110231,0.8718242909572144
1486,49.532838,0.07437296294789361,0.32184568186555723,0.8690173283785615
1487,49.566171,0.07446443001164098,0.31421583656678814,0.8684008400561468
1488,49.599503999999996,0.07243807920852056,0.3135047980974829,0.8699859398844179
1489,49.632836999999995,0.07425150450636306,0.23556540722869238,0.8696613180974772
1490,49.666169999999994,0.07391198701090985,0.055807555749066956,0.8498551914624026
1491,49.699503,0.07465845354097625,0.04079982889239732,0.8199922482078764
1492,49.732836,0.08718201994236967,0.10947697479864753,0.8494485844245679
1493,49.766169,0.12064677719083187,0.20652715733474422,0.8873445378632552
1494,49.799502,0.11676588419792046,0.263262000816084,0.8855466721957261
1495,49.832834999999996,0.12615007609239182,0.2815219022578621,0.8936724405004036
1496,49.866167999999995,0.1368282198540169,0.29138549388951807,0.893716034047749
1497,49.899501,0.1539520820299966,0.31268914401512693,0.9097209989055125
1498,49.932834,0.1800497573403563,0.3194536541690464,0.9116550347614073
1499,49.966167,0.20134003664352376,0.3187879229314592,0.9138102592864776
1500,49.9995,0.2043289973859512,0.2964473708895582,0.9124128971629871
1501,50.032833,0.19679422220156045,0.22086703309337924,0.9213258970703342
1502,50.066165999999996,0.19583235111668623,0.0914341056279129,0.8951789770463159
1503,50.099498999999994,0.19320784517550552,0.15999038272836036,0.9093644785834027
1504,50.132832,0.18470575727209493,0.22350940470763686,0.911471116728673
1505,50.166165,0.18467125193923076,0.25066479596201796,0.901585178471887
1506,50.199498,0.18445306567911082,0.26637761877551813,0.9092151118830626
1507,50.232831,0.22002941775407614,0.26605767333636837,0.9165556828284351
1508,50.266163999999996,0.22701489616233592,0.27077302440858286,0.9148056732162727
1509,50.299496999999995,0.2088007047116643,0.2645931210610717,0.9128364556944594
1510,50.332829999999994,0.20344545434466788,0.2255490515046607,0.9094088148821895
1511,50.366163,0.20637823225215868,0.06446209258326682,0.8747433155433885
1512,50.399496,0.20051262488446825,0.05967915909116059,0.8724033819240034
1513,50.432829,0.19393323644802637,0.12602772405244755,0.892615325964252
1514,50.466162,0.20664063543206418,0.22819496488458044,0.8774620838390474
1515,50.499494999999996,0.22440105415728812,0.26687241751410173,0.896460467787858
1516,50.532827999999995,0.20545766945498545,0.2998784032931564,0.8939215593563111
1517,50.566160999999994,0.17327259403027587,0.3136868114561412,0.8646890628625198
1518,50.599494,0.09032462788541316,0.32377863052695405,0.8778644851855801
1519,50.632827,0.08978414426637354,0.33033416339564586,0.8680404517174609
1520,50.66616,0.09128229999448856,0.3488768691684174,0.8925919517120259
1521,50.699493,0.0922200741853732,0.3452020741398,0.8913511957319287
1522,50.732825999999996,0.15693297404446974,0.3488006576159294,0.9231453619585879
1523,50.766158999999995,0.19288834775660396,0.3444623544730927,0.9496747826232078
1524,50.799492,0.2048981331825903,0.33982258883945593,0.9426722656905226
1525,50.832825,0.20199522341628554,0.341565867714212,0.938331482177865
1526,50.866158,0.17863610108182604,0.3446283995088241,0.9332364928154468
1527,50.899491,0.09626038079292701,0.350103277468452,0.9130473663120264
1528,50.932824,0.09551516368312205,0.34153400719089155,0.9141467110042227
1529,50.966156999999995,0.09067170269458956,0.3474526354436175,0.9007356005754924
1530,50.999489999999994,0.08974220677099391,0.3462878672205574,0.8898305005267126
1531,51.032823,0.09251852540709009,0.2986351045323428,0.8887313238340482
1532,51.066156,0.0949181031045568,0.11242537802134674,0.8894407911144152
1533,51.099489,0.12524267877974193,0.10166144735405844,0.8733859333189176
1534,51.132822,0.121399772443524,0.13945206203639002,0.8845399503916674
1535,51.166154999999996,0.14130856583726747,0.2297961702919832,0.8909828169094908
1536,51.199487999999995,0.17151450920571257,0.27381428664035345,0.8872219759195197
1537,51.232820999999994,0.1901277878551735,0.29933193734073177,0.8975539466546395
1538,51.266154,0.22852210092027697,0.3187641193411461,0.9088362747875487
1539,51.299487,0.21278377804562318,0.3246925831769305,0.9372786827251945
1540,51.33282,0.14199722783659616,0.32242223605901743,0.9083780758228825
1541,51.366153,0.06196412016924668,0.34557072660791527,0.8948024094160092
1542,51.399485999999996,0.057964495361365255,0.3720563572366613,0.893832972018003
1543,51.432818999999995,0.08672622133613617,0.3731311376599493,0.9168084436252218
1544,51.466151999999994,0.1456859730121443,0.38264280829603103,0.9515930373400793
1545,51.499485,0.14669716727347515,0.37670552923158773,0.9572214857324992
1546,51.532818,0.112998243386327,0.3732183375865456,0.9658759750796695
1547,51.566151,0.10097393347751406,0.36867927110778936,0.9655320200129186
1548,51.599484,0.09827946509808717,0.386756890374601,0.9719722247731808
1549,51.632816999999996,0.10636854844914255,0.39855568957292997,0.9751453554764468
1550,51.666149999999995,0.11861002437134503,0.39239089911127356,0.9891340269273288
1551,51.699483,0.10445596411407698,0.3939175125027412,0.9714549932337981
1552,51.732816,0.07783868458758081,0.40495053083871824,0.9943181731420475
1553,51.766149,0.0883972782163934,0.41469929206981754,0.9964499583219842
1554,51.799482,0.12677013355514827,0.4082306696846169,1.0111855953494127
1555,51.832815,0.162180536623175,0.39451388386833786,0.9982890273680757
1556,51.866147999999995,0.18557366257943447,0.3914200655663539,0.994797644308681
1557,51.899480999999994,0.1973928321839658,0.39453275938969806,1.019459732856915
1558,51.932814,0.20536281722087704,0.39407781526047525,1.0104633453135323
1559,51.966147,0.2109447336611736,0.39600940205031276,1.0064242208506753
1560,51.99948,0.22497274613403356,0.373487070624021,1.0073072900466993
1561,52.032813,0.22051736310803496,0.37434226735905163,1.003594332099055
1562,52.066145999999996,0.21779856709434464,0.3612197767483023,1.000243026720957
1563,52.099478999999995,0.2120336052208919,0.36336909271250906,1.003546677399959
1564,52.132811999999994,0.2208749539614433,0.36151286342537836,1.0036882892948693
1565,52.166145,0.21830143907806995,0.34725940786111187,1.001748610822045
1566,52.199478,0.21181769989160565,0.3210445059475069,1.0049472563753574
1567,52.232811,0.21437947717857067,0.16156600898839657,1.0091187024936137
1568,52.266144,0.21392562286676337,0.13850426833886992,0.986546828133794
1569,52.299476999999996,0.2169760718966156,0.17302014514006064,0.9759045236041065
1570,52.332809999999995,0.21801567671003794,0.2187260484655105,0.9827179473711023
1571,52.366142999999994,0.21840069191893288,0.2422064583949572,0.9625912598485095
1572,52.399476,0.22121479744947334,0.2555029942348038,0.9572777056547299
1573,52.432809,0.2126705273184845,0.25649730994608955,0.9178664193225529
1574,52.466142,0.21236748209972922,0.2359587695047042,0.9065637256593756
1575,52.499475,0.21014493792712924,0.22626376215159696,0.9015424747521332
1576,52.532807999999996,0.20968920792057014,0.23590525452584749,0.893597368918779
1577,52.566140999999995,0.20696732940136822,0.24831724755334875,0.8826064713266094
1578,52.599474,0.21158351795555572,0.25033607941135183,0.8702460152292009
1579,52.632807,0.2169628683092155,0.24677065765042816,0.8732748394835894
1580,52.66614,0.21340797805372755,0.24498369562143496,0.8614639390977741
1581,52.699473,0.21248556973226027,0.2492654968587984,0.8585735414916253
1582,52.732806,0.21033726531110866,0.24513194765966567,0.8534043534211379
1583,52.766138999999995,0.22025203334699225,0.2432850925526254,0.8451267604931922
1584,52.799471999999994,0.21828304632260467,0.25274061894046085,0.8525435804562241
1585,52.832805,0.21705538478146374,0.23760527511245957,0.8508183006405988
1586,52.866138,0.22045060065965738,0.25051130070402716,0.8507640609639059
1587,52.899471,0.211445866750874,0.23721538896303918,0.8472929585574936
1588,52.932804,0.2165495714552256,0.23649563785698824,0.8472655594827183
1589,52.966136999999996,0.2123720897259225,0.23833316175946512,0.8444831409708308
1590,52.999469999999995,0.2115300495791662,0.21568660348823654,0.8534578138256524
1591,53.032802999999994,0.21167824816682995,0.14365264643679904,0.8372241799735363
1592,53.066136,0.21661221259632624,0.178183827984623,0.8440158377764863
1593,53.099469,0.2159557818941982,0.2201528370006971,0.8447956356120457
1594,53.132802,0.21526661527106863,0.24553510554149294,0.8425080108451652
1595,53.166135,0.21291073047114334,0.2547279820407096,0.83967441517912
1596,53.199467999999996,0.21572652740976048,0.26102097119372225,0.8447296154636245
1597,53.232800999999995,0.22117818087708116,0.2697332685624264,0.8329284824382421
1598,53.266133999999994,0.22149335784254784,0.28367317218101284,0.8337961331502205
1599,53.299467,0.22070349229728436,0.288455433452819,0.828347656175205
1600,53.3328,0.2206029186890189,0.29788084866737163,0.8261442508459833
1601,53.366133,0.2145644069032664,0.290182880669836,0.834813954804821
1602,53.399466,0.21683918111543837,0.2915791066913836,0.8358690945795242
1603,53.432798999999996,0.2161349549540083,0.2943279902832464,0.8397454222186409
1604,53.466131999999995,0.21918349047751204,0.2954972293142364,0.8355409112025349
1605,53.499465,0.2209860591796261,0.2857316364425788,0.8369605065099233
1606,53.532798,0.22317741897371002,0.2923358076708053,0.8335418318699405
1607,53.566131,0.22548130879142456,0.29676790723173174,0.8413085477396613
1608,53.599464,0.22494479132907985,0.30216705675663524,0.8373350252550311
1609,53.632797,0.23214592255882446,0.3032811486748985,0.8386229744275822
1610,53.666129999999995,0.22885829782196576,0.30448888715321043,0.8403368570667958
1611,53.699462999999994,0.23121118625505735,0.3033228802793665,0.8357534272522846
1612,53.732796,0.23371072559213388,0.3053066329622952,0.8319330050959993
1613,53.766129,0.22789103557854068,0.30139339474798943,0.8349792599082237
1614,53.799462,0.22708608536120806,0.30208230125342606,0.8308067685671668
1615,53.832795,0.22803425450335849,0.3025095540473338,0.8325637016967995
1616,53.866127999999996,0.23423036046930362,0.3015445154108959,0.8313425425432331
1617,53.899460999999995,0.23615737470558812,0.2772462635149231,0.8358514524987608
1618,53.932793999999994,0.2513724393864361,0.24197930166173226,0.8514055378468963
1619,53.966127,0.2560174686954088,0.22799068566350003,0.8480292239465215
1620,53.99946,0.23806144145868488,0.2580122911439312,0.850830084847837
1621,54.032793,0.22590207372948823,0.29569317236378573,0.8447183001713695
1622,54.066126,0.19906604359412305,0.3096089978041381,0.8389271907515392
1623,54.099458999999996,0.18922161450694666,0.3197551386570999,0.8320795838570944
1624,54.132791999999995,0.18618976862069037,0.300581420728753,0.8294672570773498
1625,54.166124999999994,0.1783450854407701,0.25221622342061467,0.8297073758306281
1626,54.199458,0.16809814580530288,0.054281366610580806,0.787729756623502
1627,54.232791,0.1674750018819844,0.06271945159795231,0.7858748872691852
1628,54.266124,0.1720520511214795,0.1906704823670509,0.8246214241063231
1629,54.299457,0.16705267818432762,0.24836732899371744,0.8195623162751262
1630,54.332789999999996,0.1602157041964683,0.2873283671127055,0.8228386815863403
1631,54.366122999999995,0.13799544442543912,0.3083301931098388,0.8229385611868097
1632,54.399456,0.07296875391072401,0.31705047700957434,0.8147802321787813
1633,54.432789,0.07171022172274381,0.3235586192760914,0.8064940524738927
1634,54.466122,0.07377215526711872,0.3275716524840331,0.796750774492759
1635,54.499455,0.07360809587245852,0.3297732021139308,0.7992197542824663
1636,54.532788,0.07400756129770393,0.33124834200200104,0.7934580010935838
1637,54.566120999999995,0.07489500805298056,0.3248470092945128,0.7970899824272337
1638,54.599453999999994,0.07349315037687593,0.30049607660419625,0.7960769823069777
1639,54.632787,0.07358101823347916,0.1803695168163524,0.7821903960739747
1640,54.66612,0.07525481906102699,0.05274476334019701,0.7610600638480236
1641,54.699453,0.07650812882582556,0.11141456483658563,0.7875483459089249
1642,54.732786,0.07587781556479326,0.2325585119661749,0.792749762282517
1643,54.766118999999996,0.07460644156036736,0.279865247694409,0.7901676585388884
1644,54.799451999999995,0.07394307933129471,0.2913674900971102,0.7920741036149527
1645,54.832784999999994,0.07418760001445925,0.3034780973053883,0.7896965944792617
1646,54.866118,0.07488467141331213,0.307339692665377,0.7928774993042361
1647,54.899451,0.07536665222471435,0.3107791409604148,0.793076962642283
1648,54.932784,0.07509383949126446,0.3213095099921849,0.7933892302654589
1649,54.966117,0.07717192987038055,0.31213944132081917,0.7966295542381272
1650,54.999449999999996,0.07626485446988054,0.3210092008541473,0.7965257738541206
1651,55.032782999999995,0.07670996608536072,0.30647099555450596,0.8076769585680623
1652,55.066115999999994,0.0748259493452713,0.25470738918749647,0.7994552036150775
1653,55.099449,0.07595453160057214,0.23337828066139332,0.7946991665901024
1654,55.132782,0.07722911187287805,0.25897654071822773,0.7982734263040121
1655,55.166115,0.0750763607038186,0.29249184515384113,0.7954133989753187
1656,55.199448,0.07466138293952254,0.29034791254348946,0.786312666611364
1657,55.232780999999996,0.07484083313880059,0.29601685925976906,0.785089938922246
1658,55.266113999999995,0.07440064528351344,0.3016738744414921,0.7788341015292023
1659,55.299447,0.07408053089968372,0.3075791233740329,0.7846806291540922
1660,55.33278,0.0753247415659392,0.3144779680469951,0.7909125878262909
1661,55.366113,0.07455317103557851,0.3208152743691437,0.7945480330694865
1662,55.399446,0.07642668329898744,0.3163502872786167,0.8056799672382303
1663,55.432779,0.07669952766999734,0.3216722497677183,0.8088027624808433
1664,55.466111999999995,0.0758053518380119,0.31677685041509784,0.8098191327674832
1665,55.499444999999994,0.07480041815739068,0.32774235300802945,0.8067164873381454
1666,55.532778,0.07590100246939759,0.33086258878090324,0.8112754143176454
1667,55.566111,0.07620889728977384,0.32461773401031757,0.8053489933597919
1668,55.599444,0.07465255593162759,0.3276399304206785,0.8069336470978323
1669,55.632777,0.07560161782053383,0.3274217970081485,0.8144607255247811
1670,55.666109999999996,0.0751175506740535,0.33264973551081456,0.8239663842096487
1671,55.699442999999995,0.07511818301395239,0.3265532329335874,0.8196412566324218
1672,55.732775999999994,0.07394610192413562,0.32468378246068025,0.8224486847291079
1673,55.766109,0.07402954191111229,0.3311622548145151,0.833296694965694
1674,55.799442,0.07245524531127401,0.3251026034769481,0.8351266424048631
1675,55.832775,0.07265512830242332,0.3285843559031546,0.8380767336859136
1676,55.866108,0.07242710107970218,0.32909861963323744,0.8403152214700464
1677,55.899440999999996,0.07301894595149658,0.323768833334877,0.8466876740999821
1678,55.932773999999995,0.07284634205932067,0.3316235800351718,0.8452969923304318
1679,55.966106999999994,0.0734835086499474,0.3298897969594199,0.8481796269969211
1680,55.99944,0.07280506421279762,0.3339820692226656,0.849185983587446
1681,56.032773,0.07380606922238331,0.3347316728152757,0.8437090334191494
1682,56.066106,0.07299600362445208,0.33298323149215686,0.8448335227788386
1683,56.099439,0.07283080965756418,0.3113350827361275,0.843598216696347
1684,56.132771999999996,0.07357225914584399,0.32977279240805846,0.8482741806871354
1685,56.166104999999995,0.07384751498579707,0.33400707260463436,0.8481344652435641
1686,56.199438,0.07461270534883326,0.33406495907193623,0.8470546652043299
1687,56.232771,0.0746849762211357,0.3323945638681066,0.8446089272847188
1688,56.266104,0.07442886564635433,0.34528801326272307,0.8398329406826236
1689,56.299437,0.07506062600831777,0.3307340453843074,0.8390035548346946
1690,56.33277,0.07437012521564977,0.3319731991809566,0.8442414714800683
1691,56.366102999999995,0.07471317506607826,0.33302997695819714,0.84041198846662
1692,56.399435999999994,0.07465638937389973,0.331681148353257,0.8435906127347473
1693,56.432769,0.07564392879255558,0.3350385728307703,0.8401971240028838
1694,56.466102,0.07619081443843233,0.3387555299403282,0.8355374080738918
1695,56.499435,0.07596153066307747,0.3339326139097518,0.83558354645201
1696,56.532768,0.07609213441885308,0.33706603883760416,0.8355457342013578
1697,56.566100999999996,0.0749767234735788,0.3373933573098864,0.8310311135887977
1698,56.599433999999995,0.07422197043551161,0.33110306122213984,0.8331861266320368
1699,56.632766999999994,0.07507699381589918,0.33606024379217403,0.8329631403963299
1700,56.6661,0.0752625834796853,0.3324735543312235,0.8265644307090317
1701,56.699433,0.07469809320336625,0.3239425572877506,0.8280584208920875
1702,56.732766,0.07439301585529463,0.3188988422845209,0.8275224697480069
1703,56.766099,0.07369917630040004,0.32536982195975683,0.8263486377381001
1704,56.799431999999996,0.07378668311095092,0.3224707281464627,0.8182100098159107
1705,56.832764999999995,0.07444242968484953,0.3207675321805044,0.8218189918747488
1706,56.866097999999994,0.07409201631230265,0.3223874783987206,0.826796813290263
1707,56.899431,0.07461061937121233,0.32526694631814346,0.819424212671855
1708,56.932764,0.07292255138376988,0.3248370907039717,0.8166477786965106
1709,56.966097,0.07477359003968934,0.31920969451445014,0.8286125445093426
1710,56.99943,0.07446450428127825,0.30821463113017705,0.8243567406638416
1711,57.032762999999996,0.07230629110907368,0.16526170995147213,0.807158713899975
1712,57.066095999999995,0.07479229731348004,0.07100918800826714,0.800603838714303
1713,57.09942899999999,0.0741442555874788,0.08395140637267862,0.8073722929004689
1714,57.132762,0.0748465241135009,0.19674858499467457,0.8449207010396627
1715,57.166095,0.07396097583193548,0.2605234884990847,0.8383455373378261
1716,57.199428,0.07475988700089092,0.2957892648215439,0.8379037572858972
1717,57.232760999999996,0.07399102290539875,0.31612624767478115,0.8397019664587785
1718,57.266093999999995,0.07448612942527721,0.3258280713104179,0.8359839654013985
1719,57.299426999999994,0.07444424809470981,0.3447128480801912,0.8318531412007119
1720,57.33276,0.07411102384116734,0.3355626318483483,0.8498796061927715
1721,57.366093,0.07330672512470217,0.3280188786359115,0.8458793990595108
1722,57.399426,0.07517877400584864,0.3337504257622388,0.8483995374285361
1723,57.432759,0.07439346482526074,0.33093364371185274,0.8557922332002955
1724,57.466091999999996,0.07462359559085374,0.33811088429141223,0.8589023619299441
1725,57.499424999999995,0.07444510806728451,0.33023882195243054,0.8621849190616283
1726,57.532757999999994,0.0744615924571968,0.33272774325458404,0.8634137641739278
1727,57.566091,0.07505259321769348,0.3390963519903659,0.8673035381888653
1728,57.599424,0.07542104187175158,0.3315541513205851,0.861840736086878
1729,57.632757,0.0746229044338463,0.33372749056312245,0.867348135197053
1730,57.66609,0.0753967740506171,0.3274555961567485,0.868152623454755
1731,57.699422999999996,0.07488577480107082,0.32585008136144167,0.8732552199040428
1732,57.732755999999995,0.07466351796522311,0.32788498857487913,0.8672177060585583
1733,57.766088999999994,0.07488785560858556,0.33496203486138765,0.8789127437339698
1734,57.799422,0.0746525256180826,0.3340522713156757,0.8710772987238538
1735,57.832755,0.07462103074615561,0.33388191087717445,0.8689321637763783
1736,57.866088,0.07362994968958618,0.3388466494490787,0.8716760380244853
1737,57.899421,0.07501993985862118,0.3319728697607971,0.8741450893397648
1738,57.932753999999996,0.07364586625137312,0.33607202448111123,0.8689537262491641
1739,57.966086999999995,0.07412612489072416,0.3315059857213265,0.8729090159349404
1740,57.99941999999999,0.07475816666521898,0.32560809567853255,0.8808468283166786
1741,58.032753,0.0741081429007396,0.3357488058115423,0.8823336181059794
1742,58.066086,0.07422878536172482,0.3388365346318805,0.8752422964214278
1743,58.099419,0.07417013752453785,0.33870100185418495,0.8813113698545277
1744,58.132751999999996,0.07449071490279728,0.3444879215458183,0.8723201763782739
1745,58.166084999999995,0.07437786764819287,0.34761691716641185,0.8721336913679973
1746,58.199417999999994,0.07330705100742765,0.34014935703114624,0.877209110705772
1747,58.232751,0.07254994255132272,0.3223422854206983,0.8617387931505819
1748,58.266084,0.07259542024844798,0.3225592490717963,0.8650952746983114
1749,58.299417,0.07233409528046537,0.3263754797816021,0.8559327682975547
1750,58.33275,0.07276622482273092,0.3313344608718658,0.8535447820755302
1751,58.366082999999996,0.07117173063573225,0.331337457139142,0.8565837460053658
1752,58.399415999999995,0.07154938351072165,0.2654043042520975,0.8766929644561046
1753,58.432748999999994,0.0713609228436438,0.07663583859404924,0.8483940381600513
1754,58.466082,0.0712323420329589,0.10549685275573034,0.8528063627120678
1755,58.499415,0.07015216138373649,0.2425978077117874,0.8497986775226659
1756,58.532748,0.06851999988358913,0.33508347863061794,0.8542932006943473
1757,58.566081,0.06747427185105162,0.3688022686807878,0.8585173221827563
1758,58.599413999999996,0.06451046768217722,0.37436964330664413,0.8668809183862082
1759,58.632746999999995,0.06384424817922979,0.38072939757820384,0.8588138143631838
1760,58.666079999999994,0.06327542442624344,0.3746180465678818,0.8724534543455447
1761,58.699413,0.06256001901666833,0.38465363765996463,0.8917670160076668
1762,58.732746,0.06176761298496612,0.39059568217182083,0.9085763067653216
1763,58.766079,0.0608784548170762,0.40653681893003135,0.9081064677916139
1764,58.799412,0.06211423862228866,0.41053012497362196,0.9228485591019862
1765,58.832744999999996,0.06127218006440136,0.4051432296923382,0.9242807285008704
1766,58.866077999999995,0.05905405658058843,0.39938334007842025,0.9287718280346838
1767,58.89941099999999,0.06039370069297802,0.39603174455266654,0.927868073807356
1768,58.932744,0.06064782626703925,0.40208198417500207,0.9292095709806191
1769,58.966077,0.061012399012302744,0.40162014710272576,0.9289202113149294
1770,58.99941,0.06270445998134057,0.3986412832190243,0.9282529403013596
1771,59.032742999999996,0.06260285635600357,0.41648679069506817,0.9360429660304277
1772,59.066075999999995,0.06150491656306705,0.41377238376053416,0.9392377737896148
1773,59.099408999999994,0.060858196829950154,0.4076460892856164,0.9367585821511932
1774,59.132742,0.06337424473903643,0.40351613021163907,0.9362224219332859
1775,59.166075,0.06259519352588398,0.40948655618342533,0.9317274945351585
1776,59.199408,0.06254422685901206,0.40772571868430474,0.935814790892261
1777,59.232741,0.06338527641614285,0.3971604976416461,0.9403941837814818
1778,59.266073999999996,0.0633691834005359,0.4034883158666134,0.932482734563603
1779,59.299406999999995,0.061697212921153065,0.4059296396580634,0.9390140524238155
1780,59.332739999999994,0.06409097332345637,0.4013303688891612,0.9292462018844011
1781,59.366073,0.061362447840141804,0.4100496838625469,0.9258740919811119
1782,59.399406,0.06270091117898582,0.4024824142747215,0.9220155582345108
1783,59.432739,0.06354237746234752,0.4028458793691512,0.9136497137983064
1784,59.466072,0.06300881801926139,0.4029343862985765,0.9118419671088892
1785,59.499404999999996,0.063672612122718,0.3974745108808938,0.9045349379083498
1786,59.532737999999995,0.06228721738484717,0.4027733340946844,0.9013376664403885
1787,59.566070999999994,0.06363698516178184,0.36070832000786146,0.9155829551176724
1788,59.599404,0.06297818903100413,0.3434894293618382,0.9156046746103993
1789,59.632737,0.06334924111154236,0.34973691827241027,0.9057024542722851
1790,59.66607,0.06294147527757264,0.3557235115890971,0.9017755936796058
1791,59.699403,0.06450418223079651,0.36385435680014583,0.8997022114692214
1792,59.732735999999996,0.06298898039150921,0.3565428674624837,0.8960608594320106
1793,59.766068999999995,0.0649355753346628,0.35908544792674707,0.8953993974160436
1794,59.79940199999999,0.0632720785998598,0.33621797785476204,0.9024609375823842
1795,59.832735,0.06409410348357948,0.3324080462411362,0.8928756968102851
1796,59.866068,0.06347991647863532,0.33474497570328565,0.894021333076566
1797,59.899401,0.06371580074720033,0.34755840245684416,0.8966310732120977
1798,59.932733999999996,0.06378733059952785,0.3400411069550908,0.8949664772443432
1799,59.966066999999995,0.06414216163574916,0.3363549463534833,0.885781864542484
1800,59.999399999999994,0.0640658195134369,0.33245033721223805,0.8902516358607012
1801,60.032733,0.061774892161011244,0.335443792278054,0.8914603919212846
1802,60.066066,0.062299866433488935,0.3342016530029879,0.8930417923129833
1803,60.099399,0.0629753918216242,0.33685336432733837,0.9019601381579025
1804,60.132732,0.06346388472778043,0.34722973175404426,0.9017181981365984
1805,60.166064999999996,0.06366432073516551,0.34481236724851594,0.8920481734885701
1806,60.199397999999995,0.06401806234125934,0.3498714453593904,0.8893257751158479
1807,60.232730999999994,0.06469932976293093,0.35377730786871076,0.8880830089200078
1808,60.266064,0.06424899658549822,0.35881279037844044,0.8891128252950725
1809,60.299397,0.06537781914458742,0.35259104740994385,0.8842964068335606
1810,60.33273,0.0645581505542592,0.32914138710294716,0.8905027574059367
1811,60.366063,0.06474868822433406,0.214691893600731,0.911036848888124
1812,60.399395999999996,0.06404027686572666,0.059895783514446486,0.8746452002296756
1813,60.432728999999995,0.06490763323883057,0.13189971539194273,0.8796713387700572
1814,60.466061999999994,0.0651606799728205,0.20379187290767375,0.8843107419555057
1815,60.499395,0.06488280765523927,0.2736637600796562,0.8792082367122173
1816,60.532728,0.06543653418624959,0.3029914157087478,0.8803331127295277
1817,60.566061,0.06497564825646689,0.31493914808778256,0.879696621982085
1818,60.599394,0.06537624610317591,0.32639552710995945,0.8868181088033398
1819,60.632726999999996,0.06551423966406414,0.32535565365956304,0.8872491714392274
1820,60.666059999999995,0.06550161102989217,0.324669456613064,0.8787439223151534
1821,60.69939299999999,0.06588795230054899,0.32508711344282604,0.8759807628852329
1822,60.732726,0.06490698622637216,0.32249737658033073,0.8786544044140443
1823,60.766059,0.06607641075900567,0.32285664758149724,0.8789920657549947
1824,60.799392,0.0662586617282886,0.32378124181212486,0.8728616586632683
1825,60.832724999999996,0.06677344473456338,0.3303219324466802,0.8847011405290214
1826,60.866057999999995,0.06759810781638165,0.32117821271682523,0.871540327209886
1827,60.899390999999994,0.06669239305114241,0.3520289470712762,0.8749841910889061
1828,60.932724,0.06664007136951261,0.3485065327352721,0.8769011372896869
1829,60.966057,0.06607933948950366,0.3640109885208973,0.8663528983473392
1830,60.99939,0.06753133246609354,0.36292726212951865,0.8763202986163164
1831,61.032723,0.06596012689071229,0.36211780078344546,0.8798733333533931
1832,61.066055999999996,0.06573309487743957,0.3625867256333404,0.8769839638319975
1833,61.099388999999995,0.06636247923509586,0.36599978396917604,0.8756537408136755
1834,61.132721999999994,0.06722834862335358,0.3599962576938128,0.8782378297382621
1835,61.166055,0.06645793856081891,0.37887428594850886,0.8770194622535217
1836,61.199388,0.06657962054358121,0.3705246187868083,0.8752879340631943
1837,61.232721,0.06572464167722522,0.3700145767543008,0.8812455941601425
1838,61.266054,0.06601824137192133,0.3881308260740002,0.873784477416105
1839,61.299386999999996,0.06628149379518258,0.3803070269542759,0.8761630992297441
1840,61.332719999999995,0.06656936060208254,0.36676325673294397,0.8758634471641746
1841,61.366052999999994,0.06746501215356183,0.3517831865100609,0.867972701144104
1842,61.399386,0.0670054938616587,0.34866066486578534,0.8700540737758545
1843,61.432719,0.06715205258108291,0.36144283189858106,0.8690901998794528
1844,61.466052,0.06739314571737665,0.35118302126466616,0.8704706809392198
1845,61.499385,0.06692308080768966,0.3493487664782525,0.8697546574602955
1846,61.532717999999996,0.06702303113123297,0.2635478170616387,0.8755470548796901
1847,61.566050999999995,0.06809292425424032,0.05875865117012515,0.8629627487539917
1848,61.59938399999999,0.06693254265765168,0.07707193999002912,0.8469023231175605
1849,61.632717,0.06792540903446648,0.19830770242924203,0.8526611189234069
1850,61.66605,0.06797955961016502,0.28683069169381264,0.8259963143768531
1851,61.699383,0.06612049608685072,0.282503266587277,0.8089617909656909
1852,61.732715999999996,0.06648608896276606,0.2947303692744813,0.7774830343972735
1853,61.766048999999995,0.06837401729044892,0.309722539669416,0.7761113666486894
1854,61.799381999999994,0.06802779442786358,0.3088146232416278,0.7873648777698847
1855,61.832715,0.06713514428998288,0.31371433355473655,0.7976216718004492
1856,61.866048,0.06932129673514756,0.3083117363415484,0.8086542135706791
1857,61.899381,0.06785647606211317,0.320806047015177,0.8176599473852715
1858,61.932714,0.07005691040874468,0.33207662620585066,0.8250443660637299
1859,61.966046999999996,0.06871378335657023,0.3268283075821017,0.8306355582783891
1860,61.999379999999995,0.06942565184463695,0.3246939564209783,0.8390531442916268
1861,62.032712999999994,0.07014641176168292,0.33304028160148724,0.8430563543427316
1862,62.066046,0.07051636990454473,0.32303716022371864,0.854382716210355
1863,62.099379,0.07096378467764636,0.32533082846934414,0.857843136520336
1864,62.132712,0.07205073722436597,0.32607574139543377,0.8612853148152907
1865,62.166045,0.07196938859422347,0.32352716756765165,0.8570728888407011
1866,62.199377999999996,0.07220095693999666,0.32836144490073904,0.8547554973600838
1867,62.232710999999995,0.06920774471326979,0.3306221759747905,0.861229147911278
1868,62.266043999999994,0.07180408090144974,0.3270518782179824,0.8528694552321322
1869,62.299377,0.06956983507986907,0.33051171408538127,0.8545067904406835
1870,62.33271,0.07055657830550502,0.3317178848658894,0.8525245616394316
1871,62.366043,0.069797532536082,0.3323933371249367,0.8525468709371878
1872,62.399376,0.07113450900956314,0.3279955548907624,0.8490584387041166
1873,62.432708999999996,0.07151198038099647,0.2914533660466393,0.8511662098013845
1874,62.466041999999995,0.07120233932609528,0.1492824756655443,0.8355303939158093
1875,62.49937499999999,0.07113006689688589,0.12037164279145735,0.8275768184109978
1876,62.532708,0.07177972606077776,0.2320399194687362,0.8489328250570065
1877,62.566041,0.0715160673771024,0.27822058243512005,0.8538728344431382
1878,62.599374,0.07144726206345663,0.3176032757271531,0.852551612404396
1879,62.632706999999996,0.07263017720134776,0.3304188483214141,0.8450981489013416
1880,62.666039999999995,0.07200042012642068,0.3257600113943146,0.8483681276983199
1881,62.699372999999994,0.07281466289556268,0.32912336631861516,0.8418252760777876
1882,62.732706,0.07299545423366365,0.31753450800919836,0.8413839358364141
1883,62.766039,0.07158210020919697,0.3343736457885325,0.8437543092677927
1884,62.799372,0.07229642607830541,0.33746331772930344,0.8329372129987008
1885,62.832705,0.17181565556297973,0.34255714217018063,0.838691706460069
1886,62.866037999999996,0.19858411131797143,0.34354370343601104,0.8471549562964367
1887,62.899370999999995,0.23847929134668053,0.34981495831203024,0.8617260963725268
1888,62.932703999999994,0.23588083673239685,0.3279258990425482,0.8500752112638768
1889,62.966037,0.17718089636137313,0.3248340109233122,0.8414770659496191
1890,62.99937,0.11013771444553953,0.3166248026768579,0.8412207302744019
1891,63.032703,0.06824154300438885,0.3311442533475777,0.8299376394557627
1892,63.066036,0.06840283270983129,0.3388256916476934,0.8274683840883098
1893,63.099368999999996,0.09069225945324474,0.32988548623834846,0.8257493872344128
1894,63.132701999999995,0.13602921267659626,0.33606318008359126,0.8424163574151
1895,63.166034999999994,0.177562933357289,0.32910079411299986,0.8470997383539142
1896,63.199368,0.17723501925657592,0.3264372962207255,0.842615698405693
1897,63.232701,0.17427883758204715,0.3302308379764457,0.8476398077114726
1898,63.266034,0.17497806412520803,0.339615482696022,0.8437871226122027
1899,63.299367,0.18235481128027464,0.33882876844109144,0.8548071322081829
1900,63.332699999999996,0.17779530253310194,0.3275810203810846,0.8531868322392813
1901,63.366032999999995,0.18079031301809045,0.3186135031615053,0.866021316157311
1902,63.39936599999999,0.16862222848435515,0.3326182701437252,0.8604319337800429
1903,63.432699,0.16112024940788672,0.33811673538148723,0.8606644153427658
1904,63.466032,0.17742565112680023,0.34372010453403223,0.8601257027656144
1905,63.499365,0.17409394332684344,0.34292695063135503,0.8571475369675139
1906,63.532697999999996,0.16059343090560774,0.35031789314406425,0.86332546992586
1907,63.566030999999995,0.17465027399409355,0.357621365186533,0.8597238732302548
1908,63.599363999999994,0.17881739077948416,0.35857535829289755,0.8590571619410177
1909,63.632697,0.16748560002633017,0.3478903222379943,0.8593616030821672
1910,63.66603,0.16556707140987678,0.346908190446913,0.8599889190770545
1911,63.699363,0.1576122471272864,0.348761809420214,0.8597858793941653
1912,63.732696,0.15634168668232876,0.34758145445831723,0.8608109929425237
1913,63.766028999999996,0.16075729462206204,0.3495653224982724,0.8552518685914408
1914,63.799361999999995,0.15389037519405732,0.30250652686170953,0.8637475681440654
1915,63.832694999999994,0.1616182284050539,0.08851213634020666,0.8703272382165611
1916,63.866028,0.15992202235335515,0.09546065442093205,0.8569786282888989
1917,63.899361,0.15934740073078507,0.1843897735678997,0.8702015365749078
1918,63.932694,0.157816891493655,0.26028615698027746,0.8666029549085672
1919,63.966027,0.15249767043918266,0.2842306889958057,0.8628875952130498
1920,63.999359999999996,0.155392795039063,0.2903845125039697,0.865415577631156
1921,64.032693,0.15618136452346498,0.2915579861708778,0.8640313390735883
1922,64.066026,0.15494511978019712,0.2947141760019122,0.8736410066228992
1923,64.09935899999999,0.15245954939364378,0.3008857457906148,0.8715952603994762
1924,64.13269199999999,0.16020359409582496,0.30653344049336284,0.8746710014047424
1925,64.16602499999999,0.15422150644123667,0.30770582995787454,0.8758379619863074
1926,64.199358,0.15165199177874564,0.31028012685764395,0.8752162540700772
1927,64.232691,0.15099340740430708,0.3022098904528108,0.8654782914122507
1928,64.266024,0.14157744785381868,0.30405535743723067,0.8184493902860607
1929,64.299357,0.10294670922571157,0.301789592620178,0.7859075145662532
1930,64.33269,0.08968611458325972,0.30426367019276934,0.7326455973790458
1931,64.366023,0.0762311601685925,0.2686806341767849,0.7000316645999685
1932,64.399356,0.07430717868665296,0.22478003339916355,0.6967470128143229
1933,64.432689,0.07632338929699854,0.0856126050130303,0.6917505855334795
1934,64.466022,0.08020408513518146,0.063146842596518,0.7035108258177514
1935,64.499355,0.07890862238838318,0.215835356793667,0.7759346805473171
1936,64.532688,0.0780589644849872,0.2557358168170173,0.7894510898974432
1937,64.56602099999999,0.07458972031033288,0.2875361977431239,0.8206404675803955
1938,64.59935399999999,0.09302221311142551,0.31330807794051807,0.8374449906362984
1939,64.63268699999999,0.08691499410857753,0.31842559155723527,0.8476756916752223
1940,64.66602,0.08913389961661763,0.3254556632354344,0.8596941556663653
1941,64.699353,0.07503842813647787,0.33554805403192,0.8731317719030023
1942,64.732686,0.0757374412814191,0.33688965890767353,0.8817097635169947
1943,64.766019,0.07345446158945562,0.33364007554568886,0.88120477965939
1944,64.799352,0.07457992183191714,0.32852986643011417,0.8888337587793326
1945,64.832685,0.0734962542466612,0.33252776632326686,0.8828866406204181
1946,64.866018,0.07464273046309193,0.34390497734610875,0.8885624134332653
1947,64.899351,0.0731763101488658,0.32188198323426237,0.8818609610191517
1948,64.932684,0.0731820918046546,0.3260621647266222,0.884102179516954
1949,64.966017,0.07333207760822194,0.32164714110041315,0.8775089900029855
1950,64.99934999999999,0.07504504611636588,0.3309253398699701,0.8784329087376688
1951,65.03268299999999,0.07355277849844323,0.32423115767555055,0.8790600403996954
1952,65.06601599999999,0.07584017726205539,0.33356181663687123,0.8759192408899827
1953,65.099349,0.07614925739915808,0.3290323786052376,0.8825084435460867
1954,65.132682,0.07332040102214432,0.3250846776895627,0.8797346830293754
1955,65.166015,0.07456772460063002,0.3284987207959058,0.880658478926544
1956,65.199348,0.07398747513246892,0.32555912327351727,0.8776481986236131
1957,65.232681,0.0754357511952966,0.324219840638457,0.8800567618367138
1958,65.266014,0.07495190160253275,0.30594243558731904,0.8824091884563583
1959,65.299347,0.09911149849532193,0.20281535862732902,0.8962382087842335
1960,65.33268,0.1364370742083516,0.06128512084340382,0.8757379454137917
1961,65.366013,0.13700552434480398,0.20338306172526438,0.9221738923283817
1962,65.399346,0.15657482234426923,0.3188047027763292,0.9096454850875517
1963,65.432679,0.1747991156477782,0.36215625313900746,0.9241006605491962
1964,65.46601199999999,0.17976089843696794,0.36177832852878733,0.937151406681528
1965,65.49934499999999,0.17061615599157348,0.3865906765608528,0.9161712107595203
1966,65.53267799999999,0.15398738759352654,0.4216774161485134,0.8624512915568195
1967,65.566011,0.10883033493081677,0.39592649150973974,0.7899544391787757
1968,65.599344,0.09122064127046992,0.35541785345182353,0.7656257445462304
1969,65.632677,0.07667093631927897,0.34995850308904974,0.7689998884441398
1970,65.66601,0.06774265756045277,0.3972148473919761,0.767784184453814
1971,65.699343,0.06914473796430537,0.4058231779580844,0.7917030595151915
1972,65.732676,0.06847189535364386,0.41519236103751056,0.8435964201175365
1973,65.766009,0.06599304296749883,0.4167604761696536,0.8747710268058234
1974,65.799342,0.06876107733035004,0.40124605187695944,0.8964280424820897
1975,65.832675,0.06505777374679464,0.388359724355734,0.9049838679953958
1976,65.866008,0.06768892577411297,0.40350065485971365,0.8962026105425108
1977,65.89934099999999,0.06398276988242241,0.4194032988964198,0.8654395581130241
1978,65.93267399999999,0.06516143081353083,0.4020074851401241,0.8445011830782141
1979,65.96600699999999,0.06504480595350712,0.39520758748706963,0.8370811500487028
1980,65.99934,0.0739571485677249,0.40109423223056284,0.844666148125188
1981,66.032673,0.06621782343201026,0.4049466932426966,0.8496801794784197
1982,66.066006,0.0692636069663947,0.416873168064933,0.8743911220677562
1983,66.099339,0.0792980559402035,0.398156628433907,0.8845873670998913
1984,66.132672,0.06869339418523039,0.40486207979398514,0.8804933710909829
1985,66.166005,0.0649965565498182,0.3985855822357185,0.8610201014261517
1986,66.199338,0.06454603382235924,0.39352981947620547,0.8586156546895028
1987,66.232671,0.08128827333835184,0.18463781082620456,0.890438691508324
1988,66.266004,0.07549509573493003,0.10701116836049611,0.867767255620393
1989,66.299337,0.0706656302039737,0.21443034484696571,0.9040446970272029
1990,66.33267,0.0760951958665689,0.2467147980970324,0.9007528884287865
1991,66.36600299999999,0.07039924046756323,0.2870084032602192,0.8930908353337343
1992,66.39933599999999,0.06784431835945175,0.3051059522668601,0.8872090204300692
1993,66.43266899999999,0.0693305891740017,0.31210559473317956,0.868561061195586
1994,66.466002,0.06923516148277577,0.30922545831266435,0.8581200645488657
1995,66.499335,0.09013860165306137,0.3124613658285108,0.8581572196404258
1996,66.532668,0.07016091114775035,0.3221629441492051,0.8670641121773798
1997,66.566001,0.08697272576992154,0.33443952695516044,0.8740928478677471
1998,66.599334,0.09049195174288813,0.32463100399994316,0.8834715397893692
1999,66.632667,0.0989575018548698,0.3171008275444652,0.8863541282007618
2000,66.666,0.11795834508324514,0.3317198870109556,0.8808821351974401
2001,66.699333,0.12909411925535313,0.32400282588317725,0.876535540637977
2002,66.732666,0.13252472838031396,0.33193316039122467,0.8748496531536418
2003,66.765999,0.1261186478172389,0.33802460481154484,0.8750638014497354
2004,66.79933199999999,0.1341130593418494,0.3380391082181671,0.8823782726418516
2005,66.83266499999999,0.1376687105863528,0.33599077968327495,0.8857937421650283
2006,66.86599799999999,0.14341330973728897,0.3321535968337295,0.8891812466233385
2007,66.899331,0.1403104238111301,0.3409056761181245,0.8937992910093508
2008,66.932664,0.15305759186423037,0.3332635645294239,0.8981263854734343
2009,66.965997,0.15953416817022809,0.331575302999619,0.8918238715064715
2010,66.99933,0.15602017707029092,0.3349456664635089,0.9030044966751873
2011,67.032663,0.1664442286996345,0.3370287261133101,0.8965897130268405
2012,67.065996,0.1707609597401142,0.3357485389989582,0.9046439697595131
2013,67.099329,0.18988003360630482,0.3341855954425301,0.8979444769074044
2014,67.132662,0.21164527486574708,0.33542480887459736,0.9135675924227908
2015,67.165995,0.2468713136157062,0.34765019192097424,0.9084953353143439
2016,67.199328,0.2766039330259266,0.34670201160052916,0.9233218951607021
2017,67.232661,0.298457594221775,0.33901127402943465,0.9284107725818256
2018,67.26599399999999,0.3080030859266691,0.3133211416299174,0.9404137657898479
2019,67.29932699999999,0.32118710435286607,0.07849547625156393,0.9309914416505785
2020,67.33265999999999,0.338691753653197,0.0478453971632372,0.938839101440598
2021,67.365993,0.354190329220009,0.05751272754142729,0.9469803780075297
2022,67.399326,0.37148002340812236,0.15351839758807329,0.9825713597767941
2023,67.432659,0.39314928678435,0.2301058762446403,1.0191337150298179
2024,67.465992,0.4249114187713526,0.2645551604062971,1.023348187635086
2025,67.499325,0.4396581523607141,0.2735691345116553,1.0332176087695548
2026,67.532658,0.4574750546515483,0.28389224217701026,1.0402910363629045
2027,67.565991,0.4697919951718439,0.28080416048624707,1.0506332269886272
2028,67.599324,0.47828858766823035,0.29229192986755237,1.0530499227590473
2029,67.632657,0.4673562419748821,0.291685578181586,1.0636239497174584
2030,67.66599,0.46310582276373835,0.2835391402166952,1.0659670202780804
2031,67.69932299999999,0.46782282694022026,0.290773903586609,1.0752000335040302
2032,67.73265599999999,0.4796279104420744,0.2897527301357242,1.0840817748215341
2033,67.76598899999999,0.47571608163886947,0.2959165794278934,1.0863767368596222
2034,67.799322,0.478938749865316,0.28522051821458466,1.1019624574984277
2035,67.832655,0.48148522706622987,0.2805604941404698,1.1070305193198082
2036,67.865988,0.48336243159366693,0.2854205054504762,1.1014707456243438
2037,67.899321,0.4798767153294463,0.29800015605121977,1.1042247099533784
2038,67.932654,0.4766019595700607,0.31465585219332637,1.1052669063471277
2039,67.965987,0.48905222019422523,0.3019557645122377,1.1145795749865313
2040,67.99932,0.48428520589586654,0.2959218051228594,1.1302933438438703
2041,68.032653,0.479319546725219,0.30172389419638546,1.1313203078859015
2042,68.065986,0.47292022288722285,0.3100746269211024,1.131471025202623
2043,68.099319,0.47434360922044727,0.3165867952712103,1.1224589525127993
2044,68.132652,0.47533880941797885,0.3182715810165291,1.1278815824935329
2045,68.16598499999999,0.47475174714967383,0.3223087420235665,1.1094998778556397
2046,68.19931799999999,0.4810030654690931,0.33504287217132933,1.1153787105497168
2047,68.23265099999999,0.4692656736747265,0.32063151385354083,1.1237337881288145
2048,68.265984,0.4817706190517768,0.3132819679423762,1.1215498263559072
2049,68.299317,0.49019325731508334,0.32240682097369855,1.1215781336556991
2050,68.33265,0.4914051530729011,0.3334755165409725,1.1216438729767964
2051,68.365983,0.494480887893853,0.338894518075723,1.1215737463725517
2052,68.399316,0.4919480045185619,0.3379260529869717,1.1219802991950591
2053,68.432649,0.5000910205172422,0.3392818276750651,1.1226146993806276
2054,68.465982,0.49671011435920676,0.32964705519199733,1.1292010472571734
2055,68.499315,0.5051835150273581,0.3354992910699702,1.1257316925998795
2056,68.532648,0.5029001176254028,0.32712653601713626,1.1283205050575662
2057,68.565981,0.5206820337900957,0.3216013815606342,1.1324253383772462
2058,68.59931399999999,0.5200646152169179,0.3183137467008287,1.1301850734931786
2059,68.63264699999999,0.53013788349988,0.2929701602284036,1.1565027386664313
2060,68.66597999999999,0.5361738485472344,0.28322582841653343,1.1454794974179219
2061,68.69931299999999,0.5460575541244241,0.30158126294759835,1.1544663515746618
2062,68.732646,0.5530881747921274,0.29845674442904513,1.1447791879273406
2063,68.765979,0.5597419831004199,0.29990763514015895,1.1555770370837344
2064,68.799312,0.5625814290641249,0.28182224134346595,1.1638048195555262
2065,68.832645,0.5716534717258585,0.17629111718018625,1.165901740895239
2066,68.865978,0.5667382894844757,0.07194198812258605,1.1482660761789685
2067,68.899311,0.5901878613044761,0.19387526356731904,1.1908215830947764
2068,68.932644,0.6064819118432108,0.22997554522958458,1.1909240390497138
2069,68.965977,0.6017734751153384,0.26726679832377326,1.1982150770100655
2070,68.99931,0.622312081182765,0.28664494710196425,1.1840577009806332
2071,69.032643,0.6109956359714179,0.28708659458657304,1.1909503589674855
2072,69.06597599999999,0.624575862827612,0.30068789824510606,1.190243799104504
2073,69.09930899999999,0.634727937742738,0.30262149319458687,1.1999151918789206
2074,69.13264199999999,0.645062543713692,0.29903474579485523,1.1898875187121771
2075,69.165975,0.6432760503765086,0.3024123011411235,1.1943408385919914
2076,69.199308,0.6462136182781417,0.29844761871556835,1.2013236972529762
2077,69.232641,0.6422739440473513,0.2990107307236159,1.1936832610402348
2078,69.265974,0.6453388008275647,0.30436105997301954,1.1931615060443517
2079,69.299307,0.651914710356406,0.30411266596550585,1.1959616376107596
2080,69.33264,0.648011003211233,0.30176499494844156,1.1937050885004135
2081,69.365973,0.6429649192333587,0.3022971477361309,1.18719216676085
2082,69.399306,0.6404202161829055,0.3047929577941456,1.1877690697051393
2083,69.432639,0.6493223077470618,0.3045625394050986,1.180388170301262
2084,69.465972,0.6422020997150473,0.2972547133043981,1.212171772776024
2085,69.49930499999999,0.6257918898168987,0.3002200560831487,1.1971027860848837
2086,69.53263799999999,0.6469445586405072,0.29601087892359457,1.1983924573317293
2087,69.56597099999999,0.6366861796835772,0.28869708703967356,1.1886346091574955
2088,69.59930399999999,0.6455994511334913,0.28520905940327546,1.1986117755633754
2089,69.632637,0.6470218753960781,0.28834297969142686,1.1907366757284379
2090,69.66597,0.6481629902008378,0.2893402800355039,1.1929998730946856
2091,69.699303,0.6457224728361748,0.2960190225781134,1.1883308301152637
2092,69.732636,0.6540395382600899,0.29353154985731944,1.1943822163923405
2093,69.765969,0.6528368304312931,0.29974606687720584,1.2057183639879203
2094,69.799302,0.6360373370256953,0.295524290520342,1.2041822127669752
2095,69.832635,0.6221074771348618,0.291558462915398,1.2003658162998008
2096,69.865968,0.6205806684496081,0.2894917872905597,1.197001592394601
2097,69.899301,0.5976598404093278,0.21927877504775733,1.2043986141350032
2098,69.932634,0.5646444539976098,0.10803905336203681,1.1708525803762708
2099,69.96596699999999,0.5506651906834777,0.21070073507128878,1.2092168020714806
2100,69.99929999999999,0.557381112250727,0.23712131398580008,1.20685244149519
2101,70.03263299999999,0.5468237625636684,0.2661304178202992,1.2176314398656425
2102,70.065966,0.574513356822276,0.27934690034450577,1.2096976990816146
2103,70.099299,0.5686467605841151,0.2877901548389403,1.2200214624625623
2104,70.132632,0.5732111341807502,0.2852280548844217,1.2143042166300029
2105,70.165965,0.5804325235756874,0.2965418364824156,1.2227794752992374
2106,70.199298,0.5829054787872587,0.294902329953652,1.2188160598886355
2107,70.232631,0.6085039623933132,0.29886922933842636,1.2180378852951257
2108,70.265964,0.6153965459023072,0.29887589654330393,1.2186958089778999
2109,70.299297,0.6264981362872818,0.3122984260871112,1.2211338278865376
2110,70.33263,0.6295575626465649,0.3113702311273573,1.2127903119283294
2111,70.365963,0.6329861124016292,0.315378624171337,1.2069408550828806
2112,70.39929599999999,0.6321506658041078,0.3060827089832193,1.2107319708045965
2113,70.43262899999999,0.631886325535696,0.3002915206642186,1.2129197767276416
2114,70.46596199999999,0.6375621738521126,0.3039370419431262,1.2136146047040037
2115,70.49929499999999,0.6207409069330004,0.305620116520781,1.2154739544615687
2116,70.532628,0.6289301103478754,0.30030650052829816,1.2162610238656817
2117,70.565961,0.6459850739349192,0.29713195238493023,1.2151120794474235
2118,70.599294,0.6335902849936443,0.3027689578226377,1.2085476243243738
2119,70.632627,0.65041511631251,0.29385294838719267,1.2023756419205993
2120,70.66596,0.6576297629397405,0.28757686730479026,1.1959735421160216
2121,70.699293,0.6492663163770952,0.28820579549824865,1.2028273274531651
2122,70.732626,0.6560863190481274,0.2850930925786698,1.1953903037700322
2123,70.765959,0.6441261229430566,0.18485343886606254,1.193871380691739
2124,70.799292,0.638944299265753,0.07035894360650502,1.1762004935376305
2125,70.832625,0.6303146278129669,0.09874769885187656,1.1690352943271163
2126,70.86595799999999,0.6176338535134819,0.1813360536686995,1.174810367233516
2127,70.89929099999999,0.5878757141654216,0.21040840783500148,1.1697697228107127
2128,70.93262399999999,0.5430883769099083,0.24648065328881602,1.152807913476536
2129,70.965957,0.496331839688342,0.27020950592963616,1.1318293331062974
2130,70.99929,0.46379858868269336,0.28304911829149204,1.1046437390252386
2131,71.032623,0.43954404654567003,0.2806634750821899,1.0860737508045957
2132,71.065956,0.35759996180493525,0.2944830935681847,1.0364796951118156
2133,71.099289,0.331966821841153,0.28181301641042544,1.0131521158203265
2134,71.132622,0.3015987249243194,0.3125347706282158,0.9933598786493251
2135,71.165955,0.2599253793555523,0.3050513677708587,0.9736554378745738
2136,71.199288,0.23424466420198614,0.3070550174538974,0.9506452545606504
2137,71.232621,0.21410765678098378,0.31228024968591445,0.9356564918525657
2138,71.265954,0.19253266606912425,0.32750102833676287,0.9331083398345744
2139,71.29928699999999,0.18523964692303388,0.3219394468737239,0.9181711891980169
2140,71.33261999999999,0.1696655209940834,0.3073577639725525,0.9081584014092424
2141,71.36595299999999,0.1653920144946095,0.30818789118755474,0.9006852690057522
2142,71.39928599999999,0.1555966850067565,0.3063427329450802,0.8928397422875142
2143,71.432619,0.15414353309951798,0.3106196535217569,0.8831675240471354
2144,71.465952,0.1477302364281342,0.30899862267623035,0.8790703003691132
2145,71.499285,0.13355169760358837,0.3153147140678894,0.8643969333725847
2146,71.532618,0.10301384602272087,0.3053234598798569,0.871723298038067
2147,71.565951,0.07293966229795601,0.32776824301240093,0.8543256905087788
2148,71.599284,0.07332089706088246,0.3275594687221889,0.8588108666426462
2149,71.632617,0.07393781695894967,0.3167870563165609,0.8532324149815597
2150,71.66595,0.07486387858208095,0.32987310305653383,0.8503874758255127
2151,71.699283,0.07631939794789652,0.3427826709115567,0.8487236949780681
2152,71.732616,0.07665861128281413,0.3350935123034126,0.8396070279364182
2153,71.76594899999999,0.07784169160592214,0.3291075935208161,0.8398333765109212
2154,71.79928199999999,0.07840828476708182,0.3107402654804742,0.8372605092093505
2155,71.83261499999999,0.15359610409332056,0.28735346474001894,0.8465481219859219
2156,71.865948,0.1842606076967676,0.15368891062621887,0.8411070297142191
2157,71.899281,0.2172933910749257,0.07702267956037155,0.8595903464631829
2158,71.932614,0.3051404616422491,0.1185107704585722,0.9091748845130622
2159,71.965947,0.29463908758687113,0.23946761288479007,0.9290757619819912
2160,71.99928,0.2414199615361087,0.2666460507956807,0.8996261241928192
2161,72.032613,0.21331699408990965,0.29388950192351904,0.8828217214081978
2162,72.065946,0.22676435333954129,0.29735194119619834,0.8885752815486482
2163,72.099279,0.2311883027205882,0.31679326316194956,0.8827810669550178
2164,72.132612,0.23025433973357912,0.3137474741394993,0.8882653505908262
2165,72.165945,0.23358688339762587,0.31395973616545647,0.8848933071587823
2166,72.19927799999999,0.1985364652153197,0.32321352451245144,0.9031437648773817
2167,72.23261099999999,0.1772816038075973,0.3468737874467852,0.9316095059106038
2168,72.26594399999999,0.09289772027576132,0.3411139729678897,0.9062591116324785
2169,72.29927699999999,0.09113394928179239,0.36018570127299593,0.8987565242776479
2170,72.33261,0.09064156751254825,0.3626148268651448,0.9161206750332125
2171,72.365943,0.16498716628093085,0.3730944348325992,0.9471459298467014
2172,72.399276,0.20434361696371509,0.3883598994155551,0.9610001149572157
2173,72.432609,0.22846834445807745,0.36587174497814845,0.9639087533513578
2174,72.465942,0.19750776928959557,0.3765096114650125,0.956568349676866
2175,72.499275,0.09819453820845814,0.37675026025623365,0.9331977695718272
2176,72.532608,0.09787608582222203,0.37836177080046285,0.9500338392518543
2177,72.565941,0.09871507496949151,0.3693512585757846,0.9355527135195686
2178,72.599274,0.0942955808148958,0.3675669099626353,0.9374328685195754
2179,72.632607,0.1942890462375854,0.3422951814485795,0.9446031835534227
2180,72.66593999999999,0.22352418142003652,0.3518300473943181,0.9590424377674899
2181,72.69927299999999,0.2283826589497477,0.362270893778247,0.9595646849141226
2182,72.73260599999999,0.22543283659069507,0.3431082552621289,0.9416752774061878
2183,72.765939,0.20812716656871258,0.3514447132643705,0.9225414481766293
2184,72.799272,0.19257165625448283,0.3714488110126629,0.9192668586137343
2185,72.832605,0.11984683696478793,0.34546977343058627,0.897010301639224
2186,72.865938,0.0876689818010093,0.25971705658978983,0.8884422300958829
2187,72.899271,0.08375965949427969,0.08805453941179237,0.8760234551604398
2188,72.932604,0.07639701408295986,0.09740172043984124,0.8966563071080215
2189,72.965937,0.07954189145153515,0.17742664142140172,0.8962430132442327
2190,72.99927,0.09911707911746545,0.25796108583540633,0.8800501623377559
2191,73.032603,0.15190737267675153,0.32036068377163385,0.8874200742956502
2192,73.065936,0.16551723705083216,0.3678455436642234,0.8937702507913895
2193,73.09926899999999,0.11742253810040203,0.38956119042606585,0.8876635603403857
2194,73.13260199999999,0.102854639426829,0.3788544543772937,0.8922286281972722
2195,73.16593499999999,0.13660719410795472,0.3929925852638037,0.9115484549367437
2196,73.19926799999999,0.13958859463690582,0.3961261734380256,0.9410528496854972
2197,73.232601,0.09523714312737443,0.39555302573719264,0.9467493985311195
2198,73.265934,0.05871899444352907,0.3912645703108605,0.9396579524021113
2199,73.299267,0.055200965633150856,0.36660323288540286,0.9709881054535506
2200,73.3326,0.10721441313835076,0.37652918232508925,0.9725604885852658
2201,73.365933,0.14452846946557987,0.4129641308053416,0.9969787534462752
2202,73.399266,0.18193776027774805,0.4170958393896945,0.9909252122839887
2203,73.432599,0.2043302747795589,0.4198678333705831,0.9910384526957959
2204,73.465932,0.18043533090833325,0.42870437430414543,1.0100482672087086
2205,73.499265,0.14209537617619009,0.4320055825362864,1.0143048884776504
2206,73.532598,0.10964234927142875,0.4260495987816223,1.0205470233977867
2207,73.56593099999999,0.07766604146536783,0.42249684581822156,1.0253173749263251
2208,73.59926399999999,0.06899193152041895,0.4396765181376321,1.0152609459458637
2209,73.63259699999999,0.08790232190648149,0.4398780563517733,1.0172907256409236
2210,73.66593,0.11649466506099514,0.4381680565925495,1.0271500211972482
2211,73.699263,0.15869687059606744,0.4381670716906043,1.0153431223251015
2212,73.732596,0.1909661257154959,0.4284032130825376,1.0293552781554631
2213,73.765929,0.22405585942743078,0.4463144017561663,1.0285407660884127
2214,73.799262,0.2182695235944869,0.45283316236325766,1.022210450286198
2215,73.832595,0.22259836507644024,0.45001210504268924,1.0336219001872156
2216,73.865928,0.21272391907797683,0.4418929612495193,1.039973598674014
2217,73.899261,0.20155713252969212,0.4354883027624509,1.0487297803578408
2218,73.932594,0.21101099597864376,0.4361458555572473,1.050129791965687
2219,73.965927,0.20779067725109449,0.42518617650606055,1.0347673513567541
2220,73.99925999999999,0.20382020533927997,0.4265410159495011,1.031365061481168
2221,74.03259299999999,0.20878137644936923,0.42041491835751366,1.0341040810351088
2222,74.06592599999999,0.21695651985521205,0.41377716482485527,1.0371001897319299
2223,74.09925899999999,0.2183952005778784,0.413824850548588,1.0429950629279303
2224,74.132592,0.2133200545662338,0.41032022070929897,1.0371199711496843
2225,74.165925,0.201180303853231,0.4064736064142044,1.0338044291940565
2226,74.199258,0.19123783515045556,0.4056245951318632,1.0233670608225343
2227,74.232591,0.17263352542005084,0.4040948395976808,1.0224328214906888
2228,74.265924,0.16579859726722782,0.41424618343333874,1.0133823392033552
2229,74.299257,0.1758039040503772,0.41722068316541283,1.0087696382869358
2230,74.33259,0.1758925569027161,0.4188414502802707,1.0038995111420381
2231,74.365923,0.1769033004542534,0.41304719063963113,1.0032885803131044
2232,74.399256,0.14269622176306285,0.4091135358961431,0.9917845233972814
2233,74.432589,0.12249307268871326,0.41990631567301495,0.9949831783477764
2234,74.46592199999999,0.0728217675584353,0.39709123988130085,0.9986040425873711
2235,74.49925499999999,0.0542271379591484,0.1929530769714256,1.0035800912640127
2236,74.53258799999999,0.05329914237059665,0.11276137715409175,0.9878508574972106
2237,74.565921,0.05632701892603576,0.18255460582035293,0.9736494473585418
2238,74.599254,0.055894197352845156,0.2520485132170568,0.973490992269763
2239,74.632587,0.055524786790306445,0.2661517990035641,0.9600419171458352
2240,74.66592,0.06005786458323948,0.30284045930346065,0.9402324697631916
2241,74.699253,0.06316162971446788,0.3185077611679279,0.9251188404456322
2242,74.732586,0.0634936145802712,0.3123981123782036,0.9131996939477014
2243,74.765919,0.06485377069001425,0.31996666624942394,0.9167434904172662
2244,74.799252,0.06557917692793863,0.3238786700142581,0.905897017487252
2245,74.832585,0.06516914095750266,0.31393679916160616,0.8966775386602306
2246,74.865918,0.06628892512266599,0.3191781882773453,0.8839994387204996
2247,74.89925099999999,0.06866448855140875,0.32542231675580824,0.8795355797049267
2248,74.93258399999999,0.06940665461527021,0.3074594024181434,0.8717998880202198
2249,74.96591699999999,0.07077346005780318,0.3113081933856867,0.869465593824696
2250,74.99924999999999,0.07100166318219885,0.3381768601671144,0.8682996656433403
2251,75.032583,0.07117963783139918,0.3402761163229865,0.8711397143558978
2252,75.065916,0.07121837502522173,0.34688517161120536,0.8753030970574035
2253,75.099249,0.07185304497292243,0.35345523225731623,0.8744698168056414
2254,75.132582,0.07189810907785459,0.35530134431552846,0.8771024700987595
2255,75.165915,0.07245547016541443,0.3586284070065219,0.8754209188921181
2256,75.199248,0.07325149136900067,0.36121789428488227,0.88540838464631
2257,75.232581,0.07425285806090808,0.3603074489141559,0.8810403775988701
2258,75.265914,0.07329500979304047,0.3447911365399724,0.8746804501462512
2259,75.299247,0.0738456485122265,0.29080628413191906,0.8764779913907801
2260,75.33258,0.07431094637603995,0.09108873840843551,0.7788305142373836
2261,75.36591299999999,0.07248541496897189,0.0514059975605871,0.71899735885921
2262,75.39924599999999,0.07367653973842905,0.0926023177365031,0.6958241237614842
2263,75.43257899999999,0.07429678887904849,0.23247908040766174,0.738202084027395
2264,75.465912,0.07192835399585092,0.2927726226041575,0.744185228449688
2265,75.499245,0.07486640967963278,0.33706086909471167,0.7632632138797237
2266,75.532578,0.07302128109232982,0.3780663422409726,0.8041606118435821
2267,75.565911,0.07286605271085121,0.3813195334762135,0.8261358782727145
2268,75.599244,0.07321079701304432,0.36215267937369033,0.8698219878814198
2269,75.632577,0.07262391292084913,0.3479980238355357,0.8905810999420075
2270,75.66591,0.07298506222494726,0.3413275485324027,0.899968448059361
2271,75.699243,0.07138741258705772,0.33664845601715254,0.899891544896735
2272,75.732576,0.10951258108505907,0.33487946768830423,0.8971175893438188
2273,75.765909,0.14223659449231316,0.3375755580729132,0.9046477534823318
2274,75.79924199999999,0.14094314024438212,0.3390724632860776,0.9070027892402879
2275,75.83257499999999,0.12311044049096037,0.3439692844465614,0.9064392164937379
2276,75.86590799999999,0.1185289044298467,0.33785333827605757,0.9024214408444012
2277,75.89924099999999,0.14761190322618253,0.33937106101665715,0.8991012541412706
2278,75.932574,0.17886840236476054,0.34173734136295697,0.9030340300757755
2279,75.965907,0.2309426114788257,0.3529773153356871,0.9059046645121418
2280,75.99924,0.23978864157747906,0.3422604125543266,0.9137636137200466
2281,76.032573,0.16888204488541123,0.3467028866648215,0.898989818178138
2282,76.065906,0.07206092740898848,0.33567908879498676,0.888400368941482
2283,76.099239,0.07074554593088304,0.3465644617735215,0.8800263652755599
2284,76.132572,0.08395181786023122,0.3483505118433755,0.8842465759067263
2285,76.165905,0.13527655276708137,0.3492682440749607,0.8856840446930638
2286,76.199238,0.1814505031190763,0.34906958725869996,0.8908222891087794
2287,76.232571,0.1810728084056168,0.35444277359031584,0.8852302561367663
2288,76.26590399999999,0.17138370075823678,0.3678925632168494,0.8905120948179344
2289,76.29923699999999,0.18015954822744065,0.37139722618286874,0.8956503355033978
2290,76.33256999999999,0.18940611292321657,0.3694695501808378,0.8962029566834058
2291,76.365903,0.1868148801843197,0.3521249886105169,0.9029631361366963
2292,76.399236,0.1502821159277435,0.3544334242119835,0.8920086250338585
2293,76.432569,0.11750610251227789,0.35639904071561573,0.8838764155292932
2294,76.465902,0.12956560704180844,0.34785200868120364,0.8877977459193127
2295,76.499235,0.16623595509700903,0.354768342599755,0.9037235552052816
2296,76.532568,0.19886415822674827,0.3646033095602239,0.917883593985207
2297,76.565901,0.21481558359913627,0.3618838871649938,0.9287921392776523
2298,76.599234,0.21666116737983337,0.3552389460492088,0.919582659698913
2299,76.632567,0.1966034170584328,0.3681413694088824,0.9229856812701948
2300,76.6659,0.18774343741950797,0.36584532874885345,0.9105393627888663
2301,76.69923299999999,0.16814867912039533,0.316018509304661,0.9171031393931744
2302,76.73256599999999,0.1496145712753916,0.07294772642387,0.9016126993024427
2303,76.76589899999999,0.07472982557937613,0.049057430281659306,0.8810395840473304
2304,76.79923199999999,0.07047405679588221,0.04160937971541569,0.8624289530413153
2305,76.832565,0.07082059573843591,0.07355080550630909,0.8595310991973384
2306,76.865898,0.1385466508173201,0.23059283220889878,0.9169279512088574
2307,76.899231,0.16939785802252666,0.2612763016476424,0.9039398038043619
2308,76.932564,0.1721039634984893,0.29631708427276704,0.9101387040068958
2309,76.965897,0.17462506533175828,0.3135988006859499,0.9003816208272747
2310,76.99923,0.16069460099819408,0.3176437521849862,0.8989424677967471
2311,77.032563,0.13386573894128853,0.3192939857274851,0.876696134192184
2312,77.065896,0.09900908262135162,0.3268976417759133,0.876013055233787
2313,77.099229,0.08586811502519251,0.3269344816052682,0.8736433882227418
2314,77.132562,0.1199063935063874,0.3384353902133412,0.8703186466085955
2315,77.16589499999999,0.16279544273266125,0.33822938331675806,0.8755826314940656
2316,77.19922799999999,0.18336887452127654,0.35034769636007357,0.8796722516680757
2317,77.23256099999999,0.16859018370949558,0.3570569624498481,0.8810425266695615
2318,77.265894,0.16725607572554016,0.34995201177293517,0.887350898982068
2319,77.299227,0.17187267713643645,0.3591775158231577,0.8779823320632217
2320,77.33256,0.14375159637908472,0.35561744437020043,0.8742352455251123
2321,77.365893,0.0837329478672509,0.3635911154438365,0.8659530169257543
2322,77.399226,0.07003527025513655,0.3594888276188245,0.8572760280736231
2323,77.432559,0.06962537270313639,0.35635352449402,0.868473401431793
2324,77.465892,0.15115363871981463,0.35407552628084826,0.872882002894202
2325,77.499225,0.19755688719022063,0.35120544325974135,0.886063543092279
2326,77.532558,0.20406632533071065,0.3594653521012411,0.8970871440740382
2327,77.565891,0.2159700544071952,0.3517480069904268,0.8898448595676083
2328,77.59922399999999,0.19988631903159645,0.3496928146260102,0.8824376344593231
2329,77.63255699999999,0.19413128840733143,0.3536468458343535,0.8720877792738709
2330,77.66588999999999,0.1801322226183933,0.3472854966387722,0.8728780776368056
2331,77.69922299999999,0.16547833440454632,0.3450847907669579,0.8771084944379056
2332,77.732556,0.15302483647562717,0.3411571588720719,0.8768154355556264
2333,77.765889,0.14057558257836095,0.34544302372379854,0.8702973902715656
2334,77.799222,0.11993743852161326,0.3488867219134355,0.8733844911441726
2335,77.832555,0.06987200602875285,0.35732250307314384,0.8650576737899587
2336,77.865888,0.06962122835023184,0.3481825419081734,0.861571338380285
2337,77.899221,0.06881888360400712,0.34629766724229427,0.8594341202141559
2338,77.932554,0.06837803258162374,0.34443984574561337,0.8682258235940522
2339,77.965887,0.06881446851481386,0.3460837653162756,0.8657737752483528
2340,77.99922,0.06881877954326382,0.3507893856282732,0.8647987011599639
2341,78.032553,0.0699720728700322,0.3501495704055956,0.8682656986774863
2342,78.06588599999999,0.06979625359794839,0.35230529222312124,0.8682827075538928
2343,78.09921899999999,0.0689074443803716,0.3475927606209855,0.8715636376740645
2344,78.13255199999999,0.07109057229031754,0.342069406191291,0.8656438163958075
2345,78.165885,0.07085513359674253,0.3385462985440275,0.8610954072518799
2346,78.199218,0.07171461272213217,0.3394662248193159,0.8641463555259891
2347,78.232551,0.07188738780378227,0.3324085512995821,0.8629439424736037
2348,78.265884,0.07204450442738641,0.32593549241573627,0.8643816486715681
2349,78.299217,0.07413044554681895,0.34501796843635635,0.8614842783152274
2350,78.33255,0.07272622092497763,0.34807402838520585,0.8643361601834232
2351,78.365883,0.07281931633428806,0.33782439085059074,0.8584167883628665
2352,78.399216,0.07236169569270902,0.3534005147158613,0.8658153441804499
2353,78.432549,0.07397757282185502,0.3423767866859022,0.8610485861845371
2354,78.465882,0.07285484359020235,0.3451378231094775,0.8684144122670165
2355,78.49921499999999,0.07287188587449663,0.3386279926771002,0.8679137749280793
2356,78.53254799999999,0.07258631926913461,0.34405139366637694,0.8726103402553308
2357,78.56588099999999,0.07356899328967845,0.3407447547482193,0.8641730386126852
2358,78.59921399999999,0.07337821245461223,0.3432325322132982,0.8698420731920585
2359,78.632547,0.0732399227332519,0.33658624927071074,0.870469003012347
2360,78.66588,0.07362375468918209,0.33537227949788717,0.8661009787480068
2361,78.699213,0.07206636615935363,0.2937804185217018,0.8804648834608477
2362,78.732546,0.07340801334886625,0.06592553799076778,0.8512339466813189
2363,78.765879,0.07268150569510659,0.06145363402558456,0.8420266728328859
2364,78.799212,0.07303119576020359,0.10726397012028371,0.8430184872594713
2365,78.832545,0.13108169885530058,0.2504229144457047,0.8781616423221054
2366,78.865878,0.1724224652047247,0.28047140480972566,0.8839915502382201
2367,78.899211,0.20663544176919005,0.3186948106823364,0.9078601857266119
2368,78.932544,0.2262291569147197,0.33129278213202024,0.902922247832544
2369,78.96587699999999,0.22326036699234336,0.33539313191221043,0.9165583502945882
2370,78.99920999999999,0.22102875207916556,0.33105038417886123,0.9313534609237533
2371,79.03254299999999,0.24302480202662663,0.33737710911543717,0.9315683373559875
2372,79.065876,0.22239269672329937,0.34502784818954146,0.9265218147511932
2373,79.099209,0.20239266003668782,0.3510204737649798,0.9095112168593382
2374,79.132542,0.18885026882172842,0.343522708820023,0.9125936269459896
2375,79.165875,0.18205142887140713,0.3407422421293514,0.9149621333755701
2376,79.199208,0.1793339689050701,0.3264898133111864,0.920260658776562
2377,79.232541,0.15054943581810115,0.24913478172436598,0.9247795907224341
2378,79.265874,0.14591489620575815,0.044350930983073855,0.8828689662354172
2379,79.299207,0.09642862509609872,0.02885666014866739,0.8596099755461296
2380,79.33254,0.07475271426810633,0.04127469781493938,0.8513350338201027
2381,79.365873,0.07604229838289543,0.09527332534318828,0.860710408755337
2382,79.39920599999999,0.07136083813251276,0.19482744004386288,0.8808866587038604
2383,79.43253899999999,0.07111395976376596,0.2545308235369398,0.8786855525357891
2384,79.46587199999999,0.06946714856309462,0.27212156180740765,0.8772319366073024
2385,79.49920499999999,0.0702950118871771,0.2870721467887164,0.8755780110372767
2386,79.532538,0.07113431730197224,0.2968447161284288,0.8855340695259245
2387,79.565871,0.0717530359602763,0.2977987721226514,0.8803809491813066
2388,79.599204,0.07199741889867098,0.29566595599666584,0.8738431114269674
2389,79.632537,0.07224558967810321,0.30454032569711154,0.8889279134710534
2390,79.66587,0.07228843327054917,0.31154792518914054,0.8884239396576917
2391,79.699203,0.07248002940649885,0.3154025364102455,0.8875293773186128
2392,79.732536,0.0723000652427511,0.3173556198389372,0.8818222015583931
2393,79.765869,0.07263387613145701,0.3067997797403914,0.8822468148219955
2394,79.799202,0.07189664204310293,0.3140972943354423,0.8858505133119672
2395,79.832535,0.07303179912212496,0.28437105051394657,0.8934417964977646
2396,79.86586799999999,0.07274391751040853,0.27671013050840354,0.9093466963388727
2397,79.89920099999999,0.07380901472663198,0.3036485721253855,0.896522345722095
2398,79.93253399999999,0.07494344772217877,0.3158102083376634,0.883135582701477
2399,79.965867,0.0780037835170924,0.3081160187320733,0.8686828689572917
2400,79.9992,0.07865678156475568,0.3133952357336295,0.8663973234338069
2401,80.032533,0.0811007435386315,0.3319793968625818,0.8594153204075711
2402,80.065866,0.08631600807007536,0.34211365268500166,0.8657279487498243
2403,80.099199,0.08998402354337474,0.34519575008748893,0.8627854791172043
2404,80.132532,0.09233948223164966,0.3445226940867984,0.8781575702909441
2405,80.165865,0.09403483079339899,0.34060560160735603,0.8903220713526351
2406,80.199198,0.09445961156883488,0.3586953544045236,0.8997290236000683
2407,80.232531,0.09369654575347462,0.3605830408498038,0.9003538761744543
2408,80.265864,0.0933672011971312,0.3584282480203319,0.8976924361052829
2409,80.29919699999999,0.09361122253591099,0.3572752806254084,0.8946139703940607
2410,80.33252999999999,0.09296656149121688,0.3514557288187791,0.8924745914679796
2411,80.36586299999999,0.0929569682819259,0.34340840780051934,0.88235004478374
2412,80.39919599999999,0.0926955605484866,0.3460415963830416,0.8834664696428914
2413,80.432529,0.09266434573731124,0.3485300556327078,0.8854202007845126
2414,80.465862,0.09192338115725389,0.3451109000893403,0.8874747748717635
2415,80.499195,0.0915972085030854,0.3436894895356856,0.891832703651723
2416,80.532528,0.09167176693048863,0.3392940365789418,0.8787243677449637
2417,80.565861,0.09057033361529479,0.35402451340751456,0.878240741068256
2418,80.599194,0.08986090346360415,0.3426082781923117,0.8717854597734854
2419,80.632527,0.08987327148654076,0.3411461806818566,0.8838890430012643
2420,80.66586,0.08792009814812769,0.34080323659452966,0.8807097759772948
2421,80.699193,0.08910070240751242,0.35180332684005367,0.8871488936938421
2422,80.732526,0.08787975513542105,0.34170968944714286,0.8904207425854291
2423,80.76585899999999,0.08929196189914518,0.3399687459820322,0.8729974783734927
2424,80.79919199999999,0.09059755931791423,0.27236777996943495,0.8647976805503449
2425,80.83252499999999,0.08436351573795199,0.10062356861532015,0.8771313032460021
2426,80.865858,0.14505504085863857,0.09826743513005304,0.8795035539426442
2427,80.899191,0.13040214994529578,0.07730852348751124,0.876282496326238
2428,80.932524,0.07119849564583401,0.20323272985373658,0.8915744348584319
2429,80.965857,0.06686854657953147,0.281008630237908,0.8813200180775089
2430,80.99919,0.13131502362329966,0.34337846643450054,0.8927234960106649
2431,81.032523,0.1443678543220324,0.3847082808351688,0.8764066019794765
2432,81.065856,0.11381389616454872,0.38284295807161584,0.8936334992094229
2433,81.099189,0.06508216856882014,0.386573084606984,0.8950666576924675
2434,81.132522,0.0673680825158564,0.38782482121300044,0.8970966944781522
2435,81.165855,0.08654158301309696,0.39642008075235935,0.9162014774565292
2436,81.19918799999999,0.1611660322312594,0.38459387654530214,0.9390467475700522
2437,81.23252099999999,0.26087188609270734,0.38983831550564446,0.9849452717947218
2438,81.26585399999999,0.24400606457105634,0.3942860988462689,0.9772036659991662
2439,81.29918699999999,0.14803992804026309,0.39219135411964673,0.9488210601097073
2440,81.33252,0.060240953138612365,0.39851117406624736,0.9501959577978959
2441,81.365853,0.0566533211653021,0.39187639294909304,0.9517702268476185
2442,81.399186,0.12821587292850967,0.4066966204546031,0.9766912343487968
2443,81.432519,0.1852628763032747,0.40323497882343895,0.9833358764496145
2444,81.465852,0.1950831354961322,0.4075557110812742,0.9784134067433305
2445,81.499185,0.2086324684149329,0.4008379685854019,0.9858157790140724
2446,81.532518,0.20437131781987988,0.40166539645841615,0.9881396530217192
2447,81.565851,0.20829738606538797,0.3930677776198913,0.9839472115658442
2448,81.599184,0.2128325555413844,0.40085999492453295,0.9804705177545316
2449,81.63251699999999,0.21274103384378162,0.4076363037148568,0.9807852998435919
2450,81.66584999999999,0.2113136787215608,0.39877202412916457,0.9802802154121595
2451,81.69918299999999,0.20366209732543814,0.39768991313532626,0.9895149177284953
2452,81.73251599999999,0.18608665779210878,0.4016977088202901,0.9696533787653807
2453,81.765849,0.17248106130001747,0.3992637128210985,0.9675485394023567
2454,81.799182,0.1631689367070935,0.39314448995679196,0.9730694975229007
2455,81.832515,0.15698763286740572,0.39999841559950944,0.9681268344829019
2456,81.865848,0.15311567423280492,0.3932448293970628,0.961042836826073
2457,81.899181,0.14825013501565218,0.39374647474330116,0.9568014622739356
2458,81.932514,0.14054897259186078,0.4002456920272126,0.9513367186877375
2459,81.965847,0.14622747291838206,0.40334806909656007,0.9510591150399569
2460,81.99918,0.14282370206616374,0.400644467766483,0.9364299676941009
2461,82.032513,0.1432202149478933,0.39990420237301016,0.9440868332736755
2462,82.065846,0.13537513991392588,0.40488540760727826,0.9446151299098701
2463,82.09917899999999,0.12690898090165917,0.40367271635801005,0.9505525398653092
2464,82.13251199999999,0.1251144924349324,0.4028798418131168,0.9352549526824336
2465,82.16584499999999,0.12370813935190592,0.40878954116704636,0.9506067528243055
2466,82.19917799999999,0.11732047053957906,0.4057528266253146,0.9378551741965061
2467,82.232511,0.12393262384953842,0.4091370533962829,0.9419946103392357
2468,82.265844,0.12376733831134185,0.40509859869170584,0.950772128516801
2469,82.299177,0.1281368796970307,0.3921776049245792,0.9500372193524287
2470,82.33251,0.13298647868668123,0.40431560403914907,0.9494986966193315
2471,82.365843,0.13559873265698882,0.40544095272916,0.9511138574416302
2472,82.399176,0.14034595944163072,0.4021129028880851,0.9467268592684319
2473,82.432509,0.13896995908397455,0.40248830528752927,0.9471573612664167
2474,82.465842,0.1361095624344827,0.4016762156678282,0.9456014245422043
2475,82.499175,0.14037382242267663,0.4046361635481862,0.9485648380008496
2476,82.53250799999999,0.14605094455576406,0.39860159469711715,0.943364324653649
2477,82.56584099999999,0.14219835814228673,0.39689988585923586,0.9439991899789267
2478,82.59917399999999,0.146438259513843,0.39973606941847384,0.9510273021948384
2479,82.63250699999999,0.14589013247024668,0.4006524867434996,0.9414296245223441
2480,82.66584,0.14540503374161773,0.39822381212353997,0.9570176372681513
2481,82.699173,0.15406799109515584,0.40184289140370066,0.9429181050892892
2482,82.732506,0.14578598857619834,0.40317351831427717,0.9508873391097729
2483,82.765839,0.15427579032502567,0.39572254302846555,0.9543835720998314
2484,82.799172,0.15412786836302608,0.3981097594438439,0.9556620240269298
2485,82.832505,0.15428715519681052,0.3965563267494241,0.952150983492598
2486,82.865838,0.1593467390767947,0.3881037917872986,0.951817714577938
2487,82.899171,0.1578664222277728,0.3964825297776341,0.9558648942865857
2488,82.932504,0.16099232538566288,0.4000742153888893,0.9491153431492655
2489,82.965837,0.1627494635883453,0.40948691595484665,0.9467998522038819
2490,82.99916999999999,0.16302286406315714,0.4102530551028066,0.9439515635950099
2491,83.03250299999999,0.16330123553149586,0.3948208899653033,0.9455886631037619
2492,83.06583599999999,0.1569808206881858,0.2981095927004167,0.9735396897393398
2493,83.09916899999999,0.1599950147729214,0.08612352375081382,0.9504619247093283
2494,83.132502,0.16245767965041552,0.10427490734184086,0.9549823627339682
2495,83.165835,0.17000692170894605,0.19348604914008266,0.9723979236271711
2496,83.199168,0.16677831265812887,0.2302736156834937,0.9552884611555076
2497,83.232501,0.16907171605115984,0.25349939921414255,0.945574318951855
2498,83.265834,0.1568280538183923,0.2718814310161133,0.9403940494175003
2499,83.299167,0.16426658185009477,0.28043121512228264,0.9302523868150706
2500,83.3325,0.13907256096024403,0.28096096532933545,0.9182428733322473
2501,83.365833,0.12011184670248991,0.28795984823656284,0.9191754480922971
2502,83.399166,0.11724514285973764,0.30188121769044385,0.9111305055427128
2503,83.43249899999999,0.07306532191975436,0.3087810878521619,0.9195398025595345
2504,83.46583199999999,0.06998229593159937,0.31224636113093424,0.9148178070159638
2505,83.49916499999999,0.07103614131717838,0.32406190969965876,0.9308549403765187
2506,83.53249799999999,0.1016195239948487,0.32866141102970203,0.9101025472171503
2507,83.565831,0.17296075340018427,0.32472702223327493,0.9161882296602271
2508,83.599164,0.18315494543261893,0.32432859849168927,0.9202298941668251
2509,83.632497,0.19196120538772024,0.33554347493171643,0.9108000923176433
2510,83.66583,0.1936662124480922,0.33515091600383584,0.9072794517715459
2511,83.699163,0.17956478593433708,0.3348809147743923,0.9204243620477284
2512,83.732496,0.17358824729675643,0.3387387008655142,0.9242075006483699
2513,83.765829,0.1777741062466536,0.3329154001029725,0.9217826636590778
2514,83.799162,0.1785872067391064,0.33292845813776073,0.9183020146815561
2515,83.832495,0.18523221323237368,0.34381658988363695,0.9146790366525588
2516,83.865828,0.18509148328926384,0.3372020819382954,0.9232737922643112
2517,83.89916099999999,0.1885618554053552,0.3329642394159483,0.9180838709839935
2518,83.93249399999999,0.19075904999580306,0.3432958976338879,0.9190687509583827
2519,83.96582699999999,0.1752590268566274,0.3337969515228141,0.9128678454049166
2520,83.99915999999999,0.175911068103767,0.33022614537646,0.9009441225256418
2521,84.032493,0.1675013892663109,0.3362703989293991,0.8982375963625651
2522,84.065826,0.15634549018731694,0.32990700641233384,0.9043964018031024
2523,84.099159,0.15177379932098922,0.3360982793914341,0.9003838504127833
2524,84.132492,0.15021790937254823,0.32628700774015784,0.892629962293642
2525,84.165825,0.14332431902708617,0.32618007114477454,0.884349142474
2526,84.199158,0.13456377388839846,0.32571428514199063,0.8866881579634615
2527,84.232491,0.12319135861627568,0.3345538170411085,0.8803261933080289
2528,84.265824,0.1127119134576801,0.33098784936097553,0.8804465790098721
2529,84.299157,0.10790745897834003,0.3342239243348861,0.887458204860062
2530,84.33248999999999,0.11132477342283412,0.3450469086078348,0.8868655292557689
2531,84.36582299999999,0.1088486474531151,0.33161321401855903,0.8862782834984367
2532,84.39915599999999,0.12697020037818144,0.3365441372604557,0.8854453708615015
2533,84.43248899999999,0.12239662109466797,0.32077834787988985,0.888929651694611
2534,84.46582199999999,0.1205816837267069,0.32366782460071253,0.88702441024934
2535,84.499155,0.12122485138059166,0.32114108539273145,0.887663631965771
2536,84.532488,0.11803043779009778,0.33070690292796945,0.8902944475875267
2537,84.565821,0.12101692191306555,0.3272894837413792,0.8846808896755022
2538,84.599154,0.11201219503849498,0.33583817524847887,0.8873759190882187
2539,84.632487,0.11229923830178674,0.3351497891591263,0.8808229570151741
2540,84.66582,0.1148665502912101,0.3380421245564105,0.8856709514826095
2541,84.699153,0.11442658917979598,0.347158523221538,0.8857593849161985
2542,84.732486,0.10825054481132264,0.33151841970348095,0.8778227873213955
2543,84.765819,0.1065766768592171,0.33346771585784296,0.88153676649395
2544,84.79915199999999,0.09031350935670368,0.33109398283703506,0.8765884695670163
2545,84.83248499999999,0.10467394211647554,0.32878238801802034,0.875518866566548
2546,84.86581799999999,0.08309342288892488,0.3397142907983822,0.878509598326304
2547,84.89915099999999,0.08577315260996417,0.3286535039356828,0.8757716587281066
2548,84.932484,0.07502099927583951,0.10419187100721174,0.8887756427832312
2549,84.965817,0.10576794982607265,0.07888403757158605,0.8756641838955406
2550,84.99915,0.09568635229747928,0.17550467891444876,0.8944112806283651
2551,85.032483,0.11640944366266726,0.23843498910333502,0.8885904598218056
2552,85.065816,0.13438686059568075,0.27655614328780803,0.8995299143125024
2553,85.099149,0.15886435597529214,0.2891728645362701,0.8999353650659359
2554,85.132482,0.16522245671729913,0.2945591619408414,0.9088052933097406
2555,85.165815,0.17789403683192842,0.30450264643533254,0.9123227002847505
2556,85.199148,0.17801108901101773,0.301679477696857,0.9151138609352822
2557,85.23248099999999,0.17834713599577096,0.3112730500054057,0.9101912782342759
2558,85.26581399999999,0.17437632663028266,0.3127169374318311,0.9121603197584027
2559,85.29914699999999,0.17569845144479657,0.30800438166547794,0.9092919916318104
2560,85.33247999999999,0.17258930557252772,0.31017550103036673,0.9039216815707599
2561,85.36581299999999,0.17546652728746948,0.3091305234895162,0.9109146227717244
2562,85.399146,0.17207664805941716,0.31359552965065585,0.9030438953803743
2563,85.432479,0.16995251318188115,0.31467484915595834,0.9039955624548984
2564,85.465812,0.17128673137533887,0.3108438743376334,0.9062199863863036
2565,85.499145,0.16695865940462987,0.3133167275706646,0.9006503194187317
2566,85.532478,0.17946197659182364,0.3131652915510435,0.8977362358247026
2567,85.565811,0.1674625818187843,0.31492855695576827,0.9054053175594157
2568,85.599144,0.16494445778749153,0.3053073488238248,0.8976505805162571
2569,85.632477,0.16778180452172597,0.2988988137722101,0.8955136437937843
2570,85.66581,0.17116866712338577,0.3197527231940616,0.9027111884168129
2571,85.69914299999999,0.17080950165503941,0.32881480566558446,0.8975167653190158
2572,85.73247599999999,0.1680416343422295,0.32703938813900724,0.893126779804096
2573,85.76580899999999,0.16708887530122485,0.3332724228205295,0.8931685651559078
2574,85.79914199999999,0.17212527334831285,0.32996909745908437,0.8857101140359115
2575,85.832475,0.17350628459392406,0.33703052137035505,0.8883081424916804
2576,85.865808,0.1710976097360588,0.32993631851200744,0.8822767591195223
2577,85.899141,0.1792734185686001,0.3364055754651366,0.8819494792419049
2578,85.932474,0.17323765737317437,0.3327107135594739,0.8780576520423292
2579,85.965807,0.1772966795037055,0.3263689155201128,0.8743641250406495
2580,85.99914,0.1715645355050937,0.32739737363397814,0.875960149296161
2581,86.032473,0.1767558768391905,0.327675536334713,0.8809818177549448
2582,86.065806,0.1740337644504351,0.3362237485815496,0.8788743268819853
2583,86.099139,0.16876228318265415,0.33214839264876705,0.8782950368291901
2584,86.13247199999999,0.16891933608308426,0.33290156720045383,0.8746440491453811
2585,86.16580499999999,0.17110000919004628,0.32899891973321893,0.8812203826324846
2586,86.19913799999999,0.1643031658014767,0.3297274588894692,0.8791568778975054
2587,86.23247099999999,0.16409813529718,0.33325687262535597,0.8756313133003081
2588,86.26580399999999,0.17416997217204738,0.3375018868786467,0.875496771856754
2589,86.299137,0.17315530562104703,0.333022886530921,0.8814857493732754
2590,86.33247,0.17049437926762423,0.3332820833401009,0.8807057228195506
2591,86.365803,0.16247617498096095,0.32861082004368736,0.8768471676301676
2592,86.399136,0.16952485715809082,0.33710812552869995,0.8773039555284289
2593,86.432469,0.16289557850137742,0.32782055960815004,0.8816886541606139
2594,86.465802,0.16897666535635286,0.3342533150853973,0.8771210117748462
2595,86.499135,0.16025858089263678,0.32854046764649897,0.8761975095483054
2596,86.532468,0.1642753508256419,0.33604825725442955,0.8753740952776384
2597,86.565801,0.1600835032701648,0.3234049374164393,0.8753768407221393
2598,86.59913399999999,0.1627280925581675,0.33287344807365926,0.8799770290896731
2599,86.63246699999999,0.15938147069173086,0.33056401857307116,0.8784611423269177
2600,86.66579999999999,0.16088763903992614,0.3238322656589924,0.8788272785765832
2601,86.69913299999999,0.16644015572515347,0.3312929771580592,0.8763932233744751
2602,86.732466,0.16044281659052037,0.33019933794181855,0.8813938658789655
2603,86.765799,0.15692182217382417,0.32642295512515823,0.8722590804784275
2604,86.799132,0.16639803262058808,0.3292978814655363,0.8791550741274324
2605,86.832465,0.16059787235661482,0.3268252525015779,0.879580875270857
2606,86.865798,0.16015898856083913,0.32872661757917554,0.8745450656411206
2607,86.899131,0.1516621461014965,0.3315169329916344,0.8781975219167122
2608,86.932464,0.15066106570457652,0.3215959964297481,0.8794194504886045
2609,86.965797,0.1538291974117422,0.3245802661528129,0.8802024017087997
2610,86.99913,0.14434258285237878,0.2580888867550266,0.8929303935884697
2611,87.03246299999999,0.1401036163372468,0.06657803228892784,0.8683692891270274
2612,87.06579599999999,0.16367664508442067,0.10815701485867772,0.8490296109945042
2613,87.09912899999999,0.1740522059821015,0.24061077513898568,0.8858036775533437
2614,87.13246199999999,0.15400442227728772,0.2837811491710933,0.8895885003596021
2615,87.16579499999999,0.07537968493524644,0.3004979401822702,0.8878161531326718
2616,87.199128,0.07110610006219187,0.26546568832948897,0.8995068266412618
2617,87.232461,0.07458279295729497,0.23180531661249348,0.919550539808065
2618,87.265794,0.08482126671413963,0.27133712391376996,0.9141242931076855
2619,87.299127,0.07812112183349673,0.28679256823221855,0.91699045159219
2620,87.33246,0.07823225130857524,0.29666746812974465,0.9027628513653019
2621,87.365793,0.07269873478500347,0.28801085434325446,0.8857288925163963
2622,87.399126,0.07228366749335782,0.22121494361488914,0.903846642911468
2623,87.432459,0.07320529571213175,0.06178794417340314,0.8511459638339416
2624,87.465792,0.09789359091517924,0.05554604730880011,0.848817528104573
2625,87.49912499999999,0.15255563248014337,0.1707972603655712,0.8736453316222776
2626,87.53245799999999,0.18863403038575563,0.246981123516093,0.8783085786345644
2627,87.56579099999999,0.22150840054275406,0.2786582267580878,0.9006567598505312
2628,87.59912399999999,0.21296291355453578,0.29494174694975706,0.9024132086769738
2629,87.632457,0.19044372635209134,0.30082084007134735,0.915580999422893
2630,87.66579,0.07584360967725672,0.21634319310164585,0.909270521066924
2631,87.699123,0.06600651625512052,0.12567321221605138,0.903831844222859
2632,87.732456,0.0649369093200919,0.22209548773137544,0.9142136633672401
2633,87.765789,0.07644507956173546,0.33260566671731323,0.8886722647244837
2634,87.799122,0.09430271692711292,0.3700105852788467,0.9422037925920108
2635,87.832455,0.12588085199191792,0.393977503047256,0.9698643343282354
2636,87.865788,0.17962083757150885,0.41583516302709356,1.0010654722164871
2637,87.899121,0.19849636479017901,0.44317708024489355,1.0175016647580344
2638,87.93245399999999,0.21353339802616972,0.45121560615234746,1.015928743152688
2639,87.96578699999999,0.2042713958956057,0.4558108199284426,1.0335799616249652
2640,87.99911999999999,0.20597036238780028,0.44487588229580577,1.040308408617233
2641,88.03245299999999,0.2093725481203039,0.43326382521897977,1.0409357739349814
2642,88.06578599999999,0.2028576772798596,0.43250370010242567,1.0403186404819416
2643,88.099119,0.2015440133233809,0.4416624410625331,1.0308195245378877
2644,88.132452,0.21058085338797206,0.4368405545372799,1.036018385578163
2645,88.165785,0.22341722711951248,0.43822347907053294,1.0238185867460334
2646,88.199118,0.23398482256365608,0.4357741186304305,1.0467117015123326
2647,88.232451,0.2448217764144107,0.4433860980479105,1.0290593628469962
2648,88.265784,0.23877993943071693,0.43617579559070485,1.030677757425668
2649,88.299117,0.23350826421370843,0.43662838512467006,1.031065749403034
2650,88.33245,0.23723905502511464,0.43986452578256036,1.024789601534691
2651,88.365783,0.2498213183749679,0.44331548298654333,1.039099370698892
2652,88.39911599999999,0.2692168868886845,0.44814084813222405,1.03679959139073
2653,88.43244899999999,0.2669292263590707,0.4458712852073603,1.0436768903123788
2654,88.46578199999999,0.2744141166038919,0.43404452304747254,1.0612496137202367
2655,88.49911499999999,0.2872970968408404,0.42549110667777396,1.0660377726435692
2656,88.532448,0.2624624962026547,0.4419115978762813,1.0587479997803855
2657,88.565781,0.19950368375356567,0.42055848298799287,1.0390095649076618
2658,88.599114,0.19733577469636526,0.42701785081751076,1.0212310367612365
2659,88.632447,0.233446612055497,0.434534812305358,1.0293366186125865
2660,88.66578,0.25037998015071794,0.42515777448400954,1.0521818373847611
2661,88.699113,0.2578822248839698,0.42742388127352615,1.0657822453416839
2662,88.732446,0.3631844696968784,0.4312032274649738,1.0984525148903972
2663,88.765779,0.3697649856723427,0.4163608762745711,1.0862885854372655
2664,88.799112,0.3070951243170002,0.41250198102390645,1.0726887736159845
2665,88.83244499999999,0.20745244860452544,0.42201921777760465,1.0457590514567083
2666,88.86577799999999,0.1843251096428274,0.4179595697805533,1.0219401130856949
2667,88.89911099999999,0.1422331391219451,0.42053122134537024,1.025639467170405
2668,88.93244399999999,0.09433678174601749,0.41838156628330414,1.0348078155619065
2669,88.96577699999999,0.09551553838370158,0.4118879707208528,1.0140124842529972
2670,88.99911,0.08259251782107686,0.4112283361305369,1.018361555091478
2671,89.032443,0.07931106403158339,0.39384927025894534,1.0184256877577968
2672,89.065776,0.0872453056248243,0.417805288026595,1.0123795797013844
2673,89.099109,0.07818036299052337,0.4126636630541291,0.9999106180890481
2674,89.132442,0.10381436097264408,0.41295050981486187,1.0111209893804252
2675,89.165775,0.10812716119707064,0.41115729759633457,1.008097111970368
2676,89.199108,0.05516624738226281,0.41580993710189706,1.0034120812988974
2677,89.232441,0.05258497564238777,0.4071608559509433,0.9963919004160198
2678,89.265774,0.055448960984422396,0.4064176621217633,0.9853128798231864
2679,89.29910699999999,0.10024231067832469,0.40647985229032135,0.9891729748919708
2680,89.33243999999999,0.15543189359348875,0.4010884975932583,0.9925761607405081
2681,89.36577299999999,0.19313075247002048,0.4039284582740348,0.9972601517370474
2682,89.39910599999999,0.18704163180288857,0.3994558344888672,1.0081361760850074
2683,89.432439,0.19725432593140074,0.4000707104644721,1.0015445179512585
2684,89.465772,0.18872484333806297,0.40019848080548026,1.0003452486002686
2685,89.499105,0.1997552898403067,0.3926161906821215,0.9983929068283064
2686,89.532438,0.21824008358777594,0.31694683630046516,1.032158824850512
2687,89.565771,0.22009311478295882,0.13364127387092692,1.0040091935871245
2688,89.599104,0.2235879993186739,0.10067340146840772,0.9947413431617416
2689,89.632437,0.24080936047646456,0.18541023039076732,0.9896420468064879
2690,89.66577,0.22495348907746102,0.24035334186545393,0.9805023301740464
2691,89.699103,0.22851972850858462,0.2681954906634339,0.9602725362268585
2692,89.73243599999999,0.22608560954342083,0.26473808293735135,0.9515932851313188
2693,89.76576899999999,0.22272700729046419,0.284603786594989,0.9582561537125195
2694,89.79910199999999,0.22116148102720035,0.2773915740949778,0.9614702512975931
2695,89.83243499999999,0.2231038617292936,0.2846254505412364,0.9386430304878206
2696,89.86576799999999,0.18793666597688757,0.27925768939791623,0.9433871839479544
2697,89.899101,0.1990880624476074,0.28038021998434604,0.9440211629064688
2698,89.932434,0.19785618727961593,0.2896138024054637,0.9395883213169809
2699,89.965767,0.19259408536968883,0.2919645357571151,0.925007503601662
2700,89.9991,0.18433837708227852,0.29618858926192526,0.9149609259497128
2701,90.032433,0.17823722656443666,0.2959256748239031,0.9164192385302158
2702,90.065766,0.17443494349828265,0.2377331667931611,0.9352167204929073
2703,90.099099,0.16977681818233759,0.06385361034115872,0.9040280961765478
2704,90.132432,0.18324664779812214,0.06475981421439753,0.8802735205077233
2705,90.165765,0.17693017895509672,0.1063828649267258,0.8858438376245932
2706,90.19909799999999,0.168216779996041,0.23986547797985563,0.892531567945448
2707,90.23243099999999,0.17740145152726525,0.2726797201139858,0.8698773808289698
2708,90.26576399999999,0.18416315432214125,0.2966731053107233,0.8505428733927186
2709,90.29909699999999,0.18839161985763214,0.31419420621528815,0.835123988029341
2710,90.33243,0.19120430880846012,0.30685888054499033,0.8200361801026013
2711,90.365763,0.18833602321779774,0.3159389358266477,0.8194333095681497
2712,90.399096,0.19071241986113951,0.32181307619843247,0.8219696408485618
2713,90.432429,0.18392661408521788,0.3245871501898586,0.8268082137249971
2714,90.465762,0.16911568596823687,0.3193930765362868,0.823629529816576
2715,90.499095,0.16379090202368457,0.3153843465875895,0.8252078584330463
2716,90.532428,0.17098861890749703,0.31820203105482775,0.8319742627152579
2717,90.565761,0.16273652579788533,0.319030688173081,0.8352539813430848
2718,90.599094,0.16143087309430312,0.32039176144175924,0.8369641854689331
2719,90.63242699999999,0.16276863044747225,0.3151491427035676,0.84237436705095
2720,90.66575999999999,0.15627045516595742,0.31806185876718207,0.8468593359460812
2721,90.69909299999999,0.15526875251392316,0.30819671225627165,0.8441005651167932
2722,90.73242599999999,0.1555648214574221,0.3223181917657263,0.8518211821695767
2723,90.76575899999999,0.15879909100179704,0.32124216535301864,0.8549046648205543
2724,90.799092,0.1573222951718286,0.32649285709644366,0.8566057672345223
2725,90.832425,0.15857431069620329,0.3324594865856927,0.8569312417971773
2726,90.865758,0.16365671043643987,0.33780867820512883,0.861131606364754
2727,90.899091,0.1745694056244201,0.32893485095842867,0.8587850741579637
2728,90.932424,0.18138684648913558,0.3242893864413337,0.8673103972549834
2729,90.965757,0.19575723332837403,0.327745436204988,0.867328151171831
2730,90.99909,0.2023643403750054,0.32877167260855567,0.8700530490291709
2731,91.032423,0.20082445973465682,0.32793554068423936,0.8714318801269252
2732,91.065756,0.22294785417849847,0.32238630736144613,0.8643498380047497
2733,91.09908899999999,0.25825120705091703,0.3251069541826439,0.8721767581541825
2734,91.13242199999999,0.24344074809800306,0.33092336485627477,0.8704855628985645
2735,91.16575499999999,0.23886417878763797,0.33447455035810036,0.8778105056615098
2736,91.19908799999999,0.22682351348422447,0.32963997500890696,0.8720145961709332
2737,91.232421,0.2548068290977754,0.3312181569627529,0.8747334772846814
2738,91.265754,0.2360487713520702,0.3339580178042145,0.8775174536108844
2739,91.299087,0.24821499291153054,0.33313695507908025,0.8808939356813172
2740,91.33242,0.236720390659777,0.3281813511538237,0.8831033181856642
2741,91.365753,0.2537052068115321,0.3213961797594054,0.8823580547161148
2742,91.399086,0.25697108791226625,0.32798985662261754,0.8753072249672768
2743,91.432419,0.2460157232244898,0.33103757176519,0.8758316571614978
2744,91.465752,0.23922176998787859,0.32748986378120226,0.881697386197627
2745,91.499085,0.27643268623173367,0.3274421400466006,0.8812203379623746
2746,91.53241799999999,0.24914477111265693,0.33848492614623416,0.881480059237862
2747,91.56575099999999,0.27585985052719475,0.3331617637164022,0.8778071250121133
2748,91.59908399999999,0.2640175230458985,0.3276393435967585,0.8765958483985391
2749,91.63241699999999,0.2336943556466189,0.3372873727178616,0.8794713119170963
2750,91.66574999999999,0.24910863360237015,0.33212441242855806,0.8808620902445597
2751,91.699083,0.25902981085735105,0.32905646160980434,0.8813089845593717
2752,91.732416,0.24719645052234773,0.33189922664081417,0.8743862992790334
2753,91.765749,0.2453523544939374,0.3343573061150814,0.8751129745813907
2754,91.799082,0.24478042764214517,0.33155030579940925,0.8743779491769205
2755,91.832415,0.24549282887679827,0.33039240431859657,0.882498749376859
2756,91.865748,0.2495984576812032,0.3347247682618184,0.8753836368830598
2757,91.899081,0.25069627904264236,0.3412149441662783,0.872268631509502
2758,91.932414,0.2455659759718606,0.3426780026787656,0.8775445829688132
2759,91.965747,0.25136384036645687,0.33757205811512103,0.8780880715660863
2760,91.99907999999999,0.25662034268431755,0.33974261496658564,0.8839320437405546
2761,92.03241299999999,0.2524990008043524,0.3288749536055319,0.8854535874039339
2762,92.06574599999999,0.26379365327407006,0.3307396016549603,0.8801083043163567
2763,92.09907899999999,0.2790046759363576,0.3354771993354709,0.886296152685961
2764,92.132412,0.2708553351750161,0.3342148511897096,0.8913908035948925
2765,92.165745,0.2797018931376763,0.3383318609290258,0.8903297195104204
2766,92.199078,0.27394631164534494,0.3323400034359636,0.8943539766911937
2767,92.232411,0.2762540881821357,0.3394751484105204,0.8865508910603324
2768,92.265744,0.27256364149088913,0.3287898623152863,0.8984559573914358
2769,92.299077,0.27993407226476164,0.33200391892531195,0.8909004486975178
2770,92.33241,0.2952571321954496,0.33356653829270866,0.8973131286788246
2771,92.365743,0.2934289342703859,0.32948552353750044,0.9005338262898552
2772,92.399076,0.2886166884240697,0.32923680830634294,0.9038555629587545
2773,92.43240899999999,0.28856993087455085,0.3265748240203471,0.9059485674811434
2774,92.46574199999999,0.30554635056043566,0.3245823301455628,0.8980980276984066
2775,92.49907499999999,0.3030776394663052,0.3257849939942847,0.9090192412241269
2776,92.53240799999999,0.29303120011553296,0.28562003562375826,0.9259688089116904
2777,92.56574099999999,0.30637501317461735,0.071961826392658,0.9098827771829645
2778,92.599074,0.2950677863143082,0.05430623405902976,0.88361528154792
2779,92.632407,0.30755352628829397,0.07625107043258078,0.888897551410567
2780,92.66574,0.29924537854374755,0.17885114096842636,0.926243022647512
2781,92.699073,0.29956640461832024,0.23195415868967836,0.9343760453097678
2782,92.732406,0.29157767797405487,0.26232005415739157,0.9288418330358663
2783,92.765739,0.2960586165684213,0.27583983621622155,0.9238182835710407
2784,92.799072,0.2962664753833676,0.2828353398877703,0.9247027871642968
2785,92.832405,0.298550893891737,0.28026834435260284,0.9223624444055133
2786,92.865738,0.30704405989218386,0.28489563023354825,0.9215749168685541
2787,92.89907099999999,0.3036697030414393,0.2755342550747292,0.9282964625204635
2788,92.93240399999999,0.30131681634791585,0.28175421498606973,0.9362229412500638
2789,92.96573699999999,0.3011106603238192,0.30565904431108604,0.9371491418030576
2790,92.99906999999999,0.30563169908977006,0.31369286780452976,0.9248722381885837
2791,93.032403,0.32488786377722856,0.3144923341351782,0.9190154510855401
2792,93.065736,0.328238858246523,0.3236296643831524,0.9271952091720941
2793,93.099069,0.3336577720076142,0.3282399353108178,0.9427578417462477
2794,93.132402,0.3433860702596307,0.32993969098837567,0.9438747840905037
2795,93.165735,0.3460105620860157,0.32968341647740207,0.9439319262776935
2796,93.199068,0.35798148545812847,0.3291913369239722,0.9600878440182922
2797,93.232401,0.37764368691402095,0.3322465873252852,0.9646844544659725
2798,93.265734,0.3884693139536223,0.31113289008046996,0.9817201598607983
2799,93.299067,0.4072044712393444,0.32451996351259804,0.997866377671539
2800,93.33239999999999,0.39122194008657,0.33227225156505313,1.002016340752107
2801,93.36573299999999,0.42143243474270975,0.3236496761539881,1.0135591989494699
2802,93.39906599999999,0.44886067593145246,0.33555943704997804,1.0283115796540792
2803,93.43239899999999,0.4515074077509289,0.34045879497733456,1.0378038642685035
2804,93.46573199999999,0.46875087012348154,0.3527718066753415,1.0490599631494324
2805,93.499065,0.48455989268552796,0.3540022256074724,1.0648332537469523
2806,93.532398,0.4899031009151516,0.34932223005657814,1.0821075307549801
2807,93.565731,0.5103694555129822,0.354595679187791,1.0871319462045224
2808,93.599064,0.5151862457227502,0.3515453674728341,1.1039073801275399
2809,93.632397,0.5224524210913254,0.3516272331066925,1.109459149596883
2810,93.66573,0.5314498735002151,0.33717369800873853,1.1178843486713193
2811,93.699063,0.5379296530318539,0.32988543229257905,1.1192705744853675
2812,93.732396,0.5384594330215636,0.3058016666138404,1.1351797152221246
2813,93.765729,0.5437252318232195,0.19382618786645667,1.146933911298608
2814,93.79906199999999,0.5531883613919518,0.07325458338818723,1.1356492827233242
2815,93.83239499999999,0.5606664377356775,0.08585791644316897,1.1371225169796597
2816,93.86572799999999,0.5758586036497435,0.1363253028895715,1.1347879416878917
2817,93.89906099999999,0.5700994020463065,0.23218636436848472,1.153582487784577
2818,93.932394,0.6092997058321112,0.2477671214910791,1.1564423411208788
2819,93.965727,0.6129245677556804,0.2616509353679931,1.1731578754753422
2820,93.99906,0.6117027555677902,0.26459335969937775,1.1867377704541668
2821,94.032393,0.6147221987693783,0.2638907708844197,1.191616802525388
2822,94.065726,0.6112936790714444,0.25867355246977863,1.2040794968485986
2823,94.099059,0.6290004862934965,0.2624243001796902,1.202176797107539
2824,94.132392,0.6254302067060942,0.2687086979331933,1.2014611463929583
2825,94.165725,0.6005594452962942,0.2589749417005799,1.2070304527550426
2826,94.199058,0.5884253144294987,0.25862660222324796,1.2094400044512474
2827,94.23239099999999,0.582507076625936,0.2658763956620635,1.2116012030311114
2828,94.26572399999999,0.597005047002398,0.27551796554564095,1.2126215411873857
2829,94.29905699999999,0.580277311546968,0.2741111688642642,1.2202793367166886
2830,94.33238999999999,0.5840203475364557,0.28132180722201006,1.2190204495099217
2831,94.36572299999999,0.5669592325173163,0.27392730163201123,1.217573763100587
2832,94.399056,0.5889682907489192,0.28128637206240337,1.2239356591819728
2833,94.432389,0.5780217893179225,0.2808510262753612,1.2321146271827625
2834,94.465722,0.5908062410951339,0.2903938176411296,1.2262679904110385
2835,94.499055,0.5864317782959796,0.29652787313233375,1.220363233081864
2836,94.532388,0.5863959747833187,0.28896442856537885,1.2385196852523963
2837,94.565721,0.5998725341516044,0.2928643219670315,1.2377318617863353
2838,94.599054,0.6027100413123458,0.2861850621415908,1.2568826215167839
2839,94.632387,0.603774131627463,0.2891884799949753,1.2359976590074717
2840,94.66572,0.6053588892895369,0.28592511096866435,1.2555047450977148
2841,94.69905299999999,0.5986349209101932,0.2889678291525154,1.2412748448888744
2842,94.73238599999999,0.6063542995627083,0.2833375064059396,1.2570325624141396
2843,94.76571899999999,0.5912634803822343,0.28672345292387097,1.2497232884315346
2844,94.79905199999999,0.5988684950549102,0.2770504881359563,1.248008654208215
2845,94.832385,0.5914107931755922,0.2866565033442058,1.2478744382398466
2846,94.865718,0.5908305197903518,0.28704313242150825,1.2545054794991826
2847,94.899051,0.5904461912123469,0.2905597184155083,1.2365382100638327
2848,94.932384,0.5996538445130242,0.2860568115237761,1.2515719538936758
2849,94.965717,0.5836065871472885,0.28744795854828575,1.2238801264801584
2850,94.99905,0.5912310590909643,0.28939810415218137,1.2365891548825996
2851,95.032383,0.6024038630710923,0.2987521752509814,1.2380905166694798
2852,95.065716,0.6066876684675185,0.28887795052435983,1.245091466502748
2853,95.099049,0.5979799458276137,0.2816982161355416,1.2371412551835057
2854,95.13238199999999,0.5874391246155192,0.2223690839365482,1.2578375346508182
2855,95.16571499999999,0.584792747827746,0.12537769242136426,1.2320862350158874
2856,95.19904799999999,0.5790790511415507,0.15261138849540495,1.210444125437239
2857,95.23238099999999,0.601938974066715,0.1984571563728667,1.2181137435291858
2858,95.26571399999999,0.5824531069631712,0.20580941074810225,1.2364511976200712
2859,95.299047,0.5915591752814798,0.23436814389468025,1.2261465710337516
2860,95.33238,0.5953431369922171,0.24003493282177496,1.2337072163330247
2861,95.365713,0.5905584312126769,0.25769877743493486,1.2305211047641886
2862,95.399046,0.5952037213139026,0.2648160455637131,1.240838894286888
2863,95.432379,0.5875008566599458,0.27817312248917436,1.2310371108042344
2864,95.465712,0.5997826149881341,0.28909350174234305,1.236437110380268
2865,95.499045,0.5924253344845235,0.2877528520217331,1.2307508141574384
2866,95.532378,0.5846811634797402,0.277532194714612,1.2234816329053235
2867,95.565711,0.5853176350295918,0.2702328591396762,1.232402607283366
2868,95.59904399999999,0.5802955938985738,0.28018226254289713,1.2321512347381902
2869,95.63237699999999,0.5639560359142469,0.2764886100020088,1.2336515946506235
2870,95.66570999999999,0.5726258761713459,0.276305948108714,1.2291276238396165
2871,95.69904299999999,0.5849709197072208,0.2869379902138908,1.2193107859583814
2872,95.732376,0.5912692048373408,0.292761474921717,1.2183013085963819
2873,95.765709,0.5933228232639589,0.2869082989470603,1.2180121098375194
2874,95.799042,0.6112838355722008,0.2799224531663401,1.2059129678467753
2875,95.832375,0.6102938667777366,0.28761538357200744,1.1888968490900074
2876,95.865708,0.6019898487669361,0.28913162460837594,1.1858788502137256
2877,95.899041,0.5916107494425419,0.2898185636307473,1.1642011616054835
2878,95.932374,0.5847128810536829,0.305682170107034,1.14656847248681
2879,95.965707,0.5498302843583885,0.2941579572053817,1.1365519666726607
2880,95.99904,0.5061794623946979,0.29983279563059106,1.1376688265399737
2881,96.03237299999999,0.4961835166037814,0.2940235816730359,1.1254130649552754
2882,96.06570599999999,0.47307731661377567,0.29276476364438786,1.122883726087455
2883,96.09903899999999,0.4563910985146716,0.3004066522596985,1.1100150397421404
2884,96.13237199999999,0.4273451504670997,0.3016403662363697,1.0855219421055942
2885,96.16570499999999,0.4104740890528188,0.3088696637152927,1.098811384818974
2886,96.199038,0.38985066773211174,0.303102700227406,1.0757884300007476
2887,96.232371,0.3939874824362941,0.30275002005572155,1.0527396611908677
2888,96.265704,0.380963871017765,0.2950445512280221,1.0592813420364329
2889,96.299037,0.37494468204939385,0.30299777142721207,1.0591641824103306
2890,96.33237,0.37720108728321833,0.29224745476036096,1.050643471649401
2891,96.365703,0.35017329074636355,0.3046239798515877,1.0405183701821972
2892,96.399036,0.34009283069845786,0.24787483789939532,1.0379004200734958
2893,96.432369,0.3124447270694906,0.10942014027886335,1.0248276334014494
2894,96.465702,0.30239921687020616,0.1571852886170592,1.0094359951082514
2895,96.49903499999999,0.2910165920295699,0.236009852188599,0.9993781315410533
2896,96.53236799999999,0.2671705858831471,0.32718638970512215,0.9770745348519602
2897,96.56570099999999,0.24222111126116927,0.34165330140081,0.9345073490779666
2898,96.59903399999999,0.2162721109890397,0.36198316101052835,0.9450169986697502
2899,96.632367,0.19894722864496622,0.378316995671797,0.912152763675238
2900,96.6657,0.19376509747497508,0.3646094595228135,0.8980030624379569
2901,96.699033,0.17119391834594438,0.3869648660738676,0.900797730786133
2902,96.732366,0.16248642320016166,0.38010599964962394,0.906720767505074
2903,96.765699,0.15689042284188193,0.3661381173235655,0.9220742248689059
2904,96.799032,0.16042726621635262,0.3729547029965008,0.9221550377164497
2905,96.832365,0.15792099929816678,0.3756428314028121,0.9184129825735723
2906,96.865698,0.16247316678233187,0.3781882518250297,0.9199453119018461
2907,96.899031,0.16769080864565122,0.36312066276546173,0.9301583520637177
2908,96.93236399999999,0.1602196338075347,0.37280275559355214,0.9240074889563349
2909,96.96569699999999,0.1566522389404886,0.3850120047524995,0.9167847587591775
2910,96.99902999999999,0.14470535927090913,0.3793998527297089,0.9179562646557605
2911,97.03236299999999,0.14115028568101365,0.3796450386872663,0.9210082267553251
2912,97.06569599999999,0.13552648974647064,0.36699638344467844,0.9165555392589133
2913,97.099029,0.12816987650886816,0.26314641445032416,0.9420700462203655
2914,97.132362,0.11834045907379116,0.08921981435455817,0.9183183775246594
2915,97.165695,0.11310435101824409,0.14855885268108776,0.9340765363381646
2916,97.199028,0.11375025409832258,0.1643827198904149,0.9296728603397699
2917,97.232361,0.10701867767231744,0.20944610655039245,0.9252897177460719
2918,97.265694,0.0844471924697164,0.26215895649684545,0.9315771189445926
2919,97.299027,0.08311111145378165,0.28374714922466926,0.8852384170555573
2920,97.33236,0.08395076179784965,0.28529542466000657,0.887045944188547
2921,97.365693,0.08632772966621954,0.31801925654982877,0.8701527508013187
2922,97.39902599999999,0.09164529293750807,0.3255120069459936,0.8744155880239447
2923,97.43235899999999,0.09376500772008911,0.31308313898983886,0.8733326364271637
2924,97.46569199999999,0.0956114458313521,0.3334215751878692,0.8923295974022528
2925,97.49902499999999,0.09473909794997493,0.34261948428986866,0.8766191654863794
2926,97.532358,0.0987467816491276,0.3571740250158168,0.8969039228105355
2927,97.565691,0.09814809639961737,0.35929636828874534,0.893391312347411
2928,97.599024,0.09982208156070257,0.35935778990680955,0.894207037650837
2929,97.632357,0.09867792327477606,0.3637786623039045,0.8899648993332687
2930,97.66569,0.09926386496221544,0.36999853076044964,0.9054768240675933
2931,97.699023,0.09684059824846297,0.36814862721267994,0.8969275631981868
2932,97.732356,0.09568328960508217,0.36590618720526646,0.8986249114295015
2933,97.765689,0.09537029453871497,0.3757358950175405,0.899429294414116
2934,97.799022,0.09584156309056589,0.3656270184398862,0.8997683669960168
2935,97.83235499999999,0.0943035528057401,0.36620788548169714,0.8929134778286819
2936,97.86568799999999,0.09247191162828507,0.37346320733087646,0.8957581807418687
2937,97.89902099999999,0.09173977141849005,0.3794584921799519,0.8919336762384302
2938,97.93235399999999,0.09297120518567124,0.3687738795152852,0.8856534238380149
2939,97.96568699999999,0.09337854789907779,0.3532525984812651,0.8842849622398377
2940,97.99902,0.09431696171026721,0.3504530755488962,0.8746003382368995
2941,98.032353,0.0932322588164134,0.3544826241190953,0.8726822487101445
2942,98.065686,0.09120842833714791,0.347625351810215,0.8667467354116197
2943,98.099019,0.09152339853165462,0.34718608415543195,0.8584079865394633
2944,98.132352,0.08970218590867403,0.33107237705309295,0.8615292359822979
2945,98.165685,0.09032163319453818,0.3064507735861796,0.860262595944627
2946,98.199018,0.08983544748143998,0.15868567192070304,0.853217554971837
2947,98.232351,0.08953545752337265,0.15140559892020714,0.8572108957090921
2948,98.265684,0.09006862819423843,0.22035258338294939,0.8679892936422567
2949,98.29901699999999,0.08880082749157538,0.271509288008291,0.8727736872490105
2950,98.33234999999999,0.08603997664425629,0.28966650855304144,0.8827922908097562
2951,98.36568299999999,0.08595009193926098,0.31441127286200343,0.8738987823802596
2952,98.39901599999999,0.08131389833997987,0.31616949297058206,0.8761923218492884
2953,98.432349,0.07656452071322835,0.3367138926587239,0.8834065406165448
2954,98.465682,0.0759650886150869,0.33396790326239134,0.8826682439006354
2955,98.499015,0.07860876220409121,0.26188311898554945,0.8854526004310064
2956,98.532348,0.07621044751869012,0.0777997429932199,0.868933278948615
2957,98.565681,0.07431591609486102,0.09921378263757985,0.8726080673835895
2958,98.599014,0.0714255876638118,0.21639047814724566,0.9011242779106459
2959,98.632347,0.06960559714865495,0.2979264867563356,0.8766523712068925
2960,98.66568,0.06692631949550376,0.3353332213412648,0.8775994919967686
2961,98.699013,0.0680671617990014,0.38276578965549923,0.8588648310159297
2962,98.73234599999999,0.06439784655279969,0.38125621320742964,0.8821358151111591
2963,98.76567899999999,0.06229394772509567,0.4014200657168182,0.8887703317104783
2964,98.79901199999999,0.061423345980437825,0.390497342524065,0.8868896171745358
2965,98.83234499999999,0.061738372059652324,0.4015054472030575,0.9057960536020206
2966,98.86567799999999,0.06248494715283699,0.41454876063619195,0.9188338166471797
2967,98.899011,0.06257335770453162,0.4032130000314402,0.9234203410718234
2968,98.932344,0.061174048767446886,0.40447019473101276,0.9201871086521467
2969,98.965677,0.061494200165752355,0.4071392615933449,0.9260258547091578
2970,98.99901,0.06258261621032506,0.410129393558421,0.920984458238022
2971,99.032343,0.06329723488732802,0.403490489268735,0.9318107983840623
2972,99.065676,0.062101894276183366,0.4003364764718332,0.9266871074630998
2973,99.099009,0.0635501683018558,0.39351055064856444,0.9215165594376524
2974,99.132342,0.06276761856084784,0.3907684084823321,0.9209968246746434
2975,99.165675,0.06259187769877468,0.40004370308304654,0.9249316895527336
2976,99.19900799999999,0.1149285217247712,0.39674662879381384,0.923971630244211
2977,99.23234099999999,0.1384290516040791,0.38968571149900255,0.9219860467306117
2978,99.26567399999999,0.1621192132448523,0.402563125626235,0.9191543647520368
2979,99.29900699999999,0.16227480367922006,0.3913349888706242,0.9173449130032824
2980,99.33233999999999,0.15793850860068884,0.3917300757351617,0.9310925090177663
2981,99.365673,0.1537229857804071,0.2259178937235707,0.9609631111993346
2982,99.399006,0.14663794849637596,0.11051642439060935,0.933398028520739
2983,99.432339,0.1363980632981633,0.1987218591251554,0.8999913273163145
2984,99.465672,0.14785220711584632,0.2548385697126508,0.9132244588433026
2985,99.499005,0.14760600574127453,0.2722748882259794,0.9110765134804548
2986,99.532338,0.15384665765131564,0.276762645925392,0.9097128189164928
2987,99.565671,0.1897604364938354,0.2818588021270013,0.9410407011911753
2988,99.599004,0.20891072700443664,0.2873664114740636,0.9459505251649305
2989,99.63233699999999,0.1912655318801741,0.29117009170607977,0.9432129131142384
2990,99.66566999999999,0.12312202004599615,0.2923343759707448,0.919205418694698
2991,99.69900299999999,0.07280020616317118,0.29528925300490527,0.9054780869549273
2992,99.73233599999999,0.07346449665736403,0.2877850906229278,0.8958204574686898
2993,99.76566899999999,0.0746070894345571,0.28424597706389226,0.906154087036569
2994,99.799002,0.13404485269091687,0.28869091518805945,0.903556611013279
2995,99.832335,0.11734757954843374,0.2798844805076268,0.901191745828187
2996,99.865668,0.07113092379423616,0.22139316624891048,0.9225221654546292
2997,99.899001,0.07199144036977441,0.06437753204039218,0.8754225519608503
2998,99.932334,0.07512452456451862,0.05330406986945281,0.8651075528923905
2999,99.965667,0.151089099561499,0.11691586057045578,0.8924463653138122
3000,99.999,0.17123516574215047,0.1837045316607439,0.9061754450038227
3001,100.032333,0.16519908047508278,0.24451017925577273,0.9003868951040063
3002,100.065666,0.16961298808959585,0.2658605422689999,0.9004081738598336
3003,100.09899899999999,0.19253110571955603,0.27017863540477594,0.9022005461369508
3004,100.13233199999999,0.20193325486998503,0.266432931799235,0.9005928978118828
3005,100.16566499999999,0.20777470183098068,0.28240474755515277,0.9045300200189487
3006,100.19899799999999,0.20611234816486035,0.2886039001230786,0.8981897709956872
3007,100.23233099999999,0.2066766004158392,0.29897587972450174,0.901477260955647
3008,100.265664,0.20431031505390657,0.2832433908383345,0.9012294241320045
3009,100.298997,0.19542489373324207,0.09405330749384153,0.8875430288709767
3010,100.33233,0.19839116666219386,0.052210650896700295,0.8747630767266313
3011,100.365663,0.2032989547045893,0.14003748878995625,0.8999237662788439
3012,100.398996,0.18669708568609794,0.21564985540151893,0.9199927494653919
3013,100.432329,0.10513602257975019,0.2610473211883416,0.9009508817525588
3014,100.465662,0.07192773911554394,0.2895330523416212,0.893717549063134
3015,100.498995,0.07254603348120775,0.29794503916635784,0.9090998749376925
3016,100.53232799999999,0.10627298496229275,0.29258557849354183,0.9047501119449134
3017,100.56566099999999,0.15265100680621607,0.298730741648249,0.9185640950982874
3018,100.59899399999999,0.15794458413474408,0.3042264953148335,0.9117219050335129
3019,100.63232699999999,0.16396968500605652,0.31161695427078373,0.9068292364248988
3020,100.66565999999999,0.16612529629632652,0.307737547749845,0.9029757568105259
3021,100.698993,0.16280743964097086,0.31373747610530195,0.8942918400021395
3022,100.732326,0.1700101239219322,0.3202626428252077,0.8853270875953633
3023,100.765659,0.165977531535029,0.31148721881147656,0.8798788622199271
3024,100.798992,0.17624404359181745,0.31159969927691356,0.8750805569820067
3025,100.832325,0.19156706600917334,0.30763823937087975,0.8829613785373563
3026,100.865658,0.21276653999220166,0.31168967594161645,0.8952998016234289
3027,100.898991,0.24977009696948432,0.3174783506430744,0.9105382337628988
3028,100.932324,0.27773424702576066,0.3167296300440091,0.9084780325196369
3029,100.965657,0.29103268229813606,0.31091614365958065,0.9198143522263189
3030,100.99898999999999,0.29045615589394663,0.3099195211521052,0.9155356683886983
3031,101.03232299999999,0.29503070108870294,0.3135866352339419,0.9214594023189656
3032,101.06565599999999,0.3002872259970082,0.3068014776025777,0.9113001233610456
3033,101.09898899999999,0.2776188433732626,0.31506157084958397,0.9181154244841075
3034,101.13232199999999,0.24947145756620903,0.30894834081730066,0.9264272155778174
3035,101.165655,0.19803549255841543,0.30010901714112304,0.9185231494414465
3036,101.198988,0.15212654431164666,0.30585902745362364,0.9049724842213285
3037,101.232321,0.12611865308124742,0.3221045873390511,0.8989580727633985
3038,101.265654,0.1462855288362221,0.31451521993105397,0.8905102237480628
3039,101.298987,0.17899499614656167,0.31483975092791705,0.8987753095699502
3040,101.33232,0.19011254725517793,0.3206092224741188,0.9085716831887234
3041,101.365653,0.23426998455708253,0.3102556708539913,0.9241275760501636
3042,101.398986,0.2432795714482213,0.295511966100497,0.9310643586046059
3043,101.43231899999999,0.22634752391019572,0.3038216611505527,0.9231572030321018
3044,101.46565199999999,0.17319190620597524,0.30340115627363484,0.9108955960769349
3045,101.49898499999999,0.07443764617525538,0.30503268224169044,0.9011615853653375
3046,101.53231799999999,0.07326660830808142,0.3092607775734233,0.89151352855199
3047,101.56565099999999,0.07310638313521947,0.31655098698309014,0.8844139209812469
3048,101.598984,0.1372848580345727,0.31894490033160366,0.890696462743101
3049,101.632317,0.1729968778569386,0.31637424204989045,0.9113258449790601
3050,101.66565,0.19172688272925853,0.32134570376238303,0.9125046014057638
3051,101.698983,0.21202073182704295,0.30791439067987286,0.9157913154893051
3052,101.732316,0.20875244461537937,0.3122089651418616,0.9114121552968533
3053,101.765649,0.2184497730499133,0.3122031412892209,0.9083965517355438
3054,101.798982,0.21250047082052245,0.3140042220261578,0.9104937312302647
3055,101.832315,0.21116760713447527,0.3126626205256897,0.9106690081361819
3056,101.865648,0.22645583574133135,0.31118848173258845,0.9171468027190782
