idx,time_sec,mar,ear,nose_chin
0,0.0,0.060529047688138646,0.2283348048264812,0.7953013174727401
1,0.033333,0.1743932237618303,0.1728072395265507,0.8861022478516392
2,0.066666,0.12284186471119962,0.0913792854484403,0.8682276217700966
3,0.09999899999999999,0.12310485976177585,0.08659848175212179,0.8479852892753069
4,0.133332,0.13681556767810574,0.0996434249200547,0.8644956384545529
5,0.16666499999999998,0.15030982307970925,0.10146895374564814,0.8608185754026996
6,0.19999799999999998,0.1251513845087063,0.16666915285992828,0.8702209704861312
7,0.23333099999999998,0.13188243718442702,0.20623986031805208,0.884258121844057
8,0.266664,0.20535718884279172,0.21655585589906545,0.8846670676686358
9,0.29999699999999996,0.09361692929639763,0.23781544558504797,0.8716027883717945
10,0.33332999999999996,0.11536709395231337,0.2165307770497612,0.8713125080855448
11,0.36666299999999996,0.11460725506919775,0.23332847415695598,0.86053619505523
12,0.39999599999999996,0.12249325735779036,0.22470824550719692,0.8700346122136544
13,0.43332899999999996,0.11374559378277475,0.22069738533016792,0.8485620454103066
14,0.46666199999999997,0.1146777894601238,0.2148369637067359,0.8439033541771734
15,0.49999499999999997,0.1163785784300757,0.22122057209936885,0.8175746030354679
16,0.533328,0.12408471599935975,0.24233286495216236,0.8022660571636271
17,0.566661,0.1257149384064448,0.27419106984227204,0.7442214676493839
18,0.5999939999999999,0.09354080610144244,0.22358942440630805,0.7983057151117366
19,0.633327,0.06880453263678207,0.28345943174069127,0.7844305189653314
20,0.6666599999999999,0.07827278018763667,0.3001671738827666,0.7172480582615844
21,0.699993,0.08017385487973867,0.2778299484750719,0.786331366039157
22,0.7333259999999999,0.11577680797399945,0.27118894459910836,0.7646812797881797
23,0.766659,0.12263738981934844,0.28670775881894284,0.771103258732224
24,0.7999919999999999,0.12100271302031416,0.2929282970691002,0.7997441346385873
25,0.833325,0.11816416931531454,0.29789294510702413,0.8033937449918488
26,0.8666579999999999,0.12391126622493252,0.2885152475132209,0.8146103868539513
27,0.899991,0.12548689894144321,0.2813846551686958,0.8256248619254577
28,0.9333239999999999,0.13860730440405716,0.2699948434216426,0.8479909188342342
29,0.966657,0.1421109174436007,0.29461635316109613,0.8550764253141712
30,0.9999899999999999,0.14743052803427772,0.2925037465194973,0.8685228355885518
31,1.033323,0.14699565169858297,0.2971087503163982,0.8807170791919094
32,1.066656,0.14959429691143497,0.27881134793178974,0.8831026191123023
33,1.0999889999999999,0.15867950991260274,0.30531879171825743,0.8916731971436888
34,1.133322,0.15699582507974574,0.29490023557866296,0.893658781410637
35,1.166655,0.16128405719688785,0.30382546724186255,0.8977919049233255
36,1.1999879999999998,0.15441433377902247,0.29346212877826516,0.8991774380282134
37,1.233321,0.15624720621382457,0.29590687556135375,0.9039664940264288
38,1.266654,0.1615068576916654,0.29407085220750734,0.901402539736221
39,1.299987,0.1592389663278203,0.29184916772852465,0.9016931267007734
40,1.3333199999999998,0.17214686120442493,0.29074995566437845,0.9209381579328997
41,1.366653,0.1831440212246309,0.29220074548165115,0.9209159521892376
42,1.399986,0.19206467034520922,0.292529288697184,0.9235314276334204
43,1.433319,0.1824133065351809,0.28604748683530934,0.9037897422064224
44,1.4666519999999998,0.16802799215583944,0.2804567877859596,0.8984848782897825
45,1.499985,0.17051130121489386,0.2843379582431732,0.8860025049195119
46,1.533318,0.16279468382337367,0.28537246686071444,0.8799502235496175
47,1.566651,0.16790637560536345,0.27936441134434864,0.8822681521054142
48,1.5999839999999999,0.1611090739378705,0.283870762584861,0.8824536119253771
49,1.633317,0.16605523572337466,0.276921330613098,0.8822911771104579
50,1.66665,0.16532648653207735,0.27788225714237835,0.8837184202044621
51,1.699983,0.15838822733581684,0.2774416553236476,0.8790984925625176
52,1.7333159999999999,0.1575785508535672,0.27844147412723325,0.8785914977465131
53,1.766649,0.15314705976763057,0.2797662915094151,0.8770422710018246
54,1.799982,0.15572744314724096,0.2812864563909341,0.8661332074879149
55,1.8333149999999998,0.15289930625805565,0.2833630860595113,0.869128744306002
56,1.8666479999999999,0.15425376692641182,0.28943271639037743,0.8763547902990126
57,1.899981,0.15063128063057724,0.2911458491812531,0.8712604314391842
58,1.933314,0.148581107190505,0.2837751391836181,0.876387397055254
59,1.9666469999999998,0.1494300995194454,0.2812483573676602,0.8687410385008048
60,1.9999799999999999,0.1471417457642739,0.2804454074812901,0.8717780402367759
61,2.0333129999999997,0.1502210448318765,0.2760590508020123,0.8709795237701072
62,2.066646,0.14187979414972812,0.26933264853408256,0.8708641527323792
63,2.099979,0.14546208471759528,0.27724833515432135,0.8645037535195644
64,2.133312,0.14122426709937777,0.27861598598676496,0.8732978150009131
65,2.166645,0.1468654463001443,0.27643480211881877,0.8661516151037314
66,2.1999779999999998,0.14277259285488172,0.27615230799579094,0.877829875066674
67,2.233311,0.14917498464290893,0.27532523452210556,0.8785323637352427
68,2.266644,0.14224547784671923,0.28280936859285477,0.8681079169404219
69,2.2999769999999997,0.13955677021034102,0.2795315468868633,0.8737363502257592
70,2.33331,0.13478311121904687,0.28762261243052234,0.8746270760648025
71,2.366643,0.135068122055342,0.2782203057390016,0.8678392636659414
72,2.3999759999999997,0.13418356052916036,0.28917967585508714,0.8716898998022625
73,2.433309,0.13334902466562076,0.28280831430005404,0.8664090960991381
74,2.466642,0.13320852873747488,0.27763642917886283,0.8633599505846465
75,2.499975,0.13562692699232803,0.27687890484088207,0.8534313403625595
76,2.533308,0.1271649750934561,0.2742242388601705,0.8532078792987057
77,2.5666409999999997,0.1274832198062919,0.27780792514396846,0.8521091259930851
78,2.599974,0.1285295248472629,0.2766534950197742,0.8551105957039401
79,2.633307,0.12918390549328543,0.26884736002233045,0.852403314496383
80,2.6666399999999997,0.13457982862623763,0.27013816212576425,0.8526534597555886
81,2.699973,0.12801351269447608,0.27872401619657183,0.8407808878376578
82,2.733306,0.12589561632949325,0.2748944457822422,0.8466688297402069
83,2.766639,0.12561965141342787,0.2682643420941955,0.8405992436349653
84,2.799972,0.12427371937016539,0.27809069853098034,0.8512210982442189
85,2.8333049999999997,0.11899526190620782,0.27714497248678227,0.8442959765263426
86,2.866638,0.11742384424899534,0.2839482856620652,0.8462404909876394
87,2.899971,0.11896834856834648,0.279368969823912,0.8410628526616877
88,2.9333039999999997,0.11715490390227234,0.2811050707538709,0.8589966568618713
89,2.966637,0.1123678591002309,0.2776652194128001,0.8607071226909163
90,2.99997,0.11719426545369317,0.2809482406643691,0.8589363695222808
91,3.0333029999999996,0.11921019118895683,0.2792545839897209,0.868817522645045
92,3.066636,0.11557819327097531,0.2785614664990115,0.8587535442982234
93,3.0999689999999998,0.10978669850626646,0.28171795957827395,0.8664590471308984
94,3.133302,0.10060483013718717,0.27030101945817264,0.8728727102508042
95,3.166635,0.0711456030039504,0.2799223542960181,0.8640092122500057
96,3.1999679999999997,0.06848424617375994,0.29032112101350294,0.8737952067991478
97,3.233301,0.0663345189247436,0.29315891196894567,0.8942126458044178
98,3.266634,0.06836654201180241,0.28919247578017515,0.885136589811259
99,3.2999669999999997,0.0705485950814939,0.29950432525867476,0.8910498639990718
100,3.3333,0.07000666743502663,0.29743544265357647,0.9074816325339649
101,3.3666329999999998,0.07152036096772733,0.29449458036892096,0.8981123577170832
102,3.399966,0.06889344803382778,0.2920697195180455,0.9014682458734152
103,3.433299,0.06853749394340951,0.2780824210947902,0.9157379334499688
104,3.4666319999999997,0.0688298492698308,0.28464212411318573,0.9114231886547579
105,3.499965,0.0698127873376806,0.27883790719339696,0.8967849288062686
106,3.533298,0.06703871367817017,0.28328189094666956,0.8984691505238643
107,3.5666309999999997,0.06714774741550518,0.2693681860559538,0.9169660877497049
108,3.599964,0.08062833151863215,0.27379665001692644,0.9102827125727598
109,3.6332969999999998,0.07336460513578087,0.2777684229860601,0.9259994937694279
110,3.6666299999999996,0.09452842652407674,0.26801956151553863,0.9112458777343634
111,3.699963,0.07084210163665879,0.26125430841672725,0.9000767062135769
112,3.7332959999999997,0.08558396546147395,0.24623999572904076,0.8922108271147846
113,3.766629,0.08049394990763775,0.22113028592707393,0.8829110419797072
114,3.799962,0.06871975118329628,0.17730666839718695,0.8820831285527133
115,3.8332949999999997,0.09056333406895943,0.07367980607219463,0.8734300789098525
116,3.866628,0.13509854355326842,0.0983995960840903,0.8778753805401871
117,3.899961,0.15412985347265154,0.16090147455174345,0.8903118686151229
118,3.9332939999999996,0.16173916881756126,0.20415562582361127,0.8938858972469463
119,3.966627,0.17881306197812694,0.2284690132928098,0.905772241216462
120,3.9999599999999997,0.1714859279886756,0.2542182245080503,0.875108458375885
121,4.033293,0.1714143146011219,0.2723016019901837,0.9050192904787778
122,4.066625999999999,0.14493572543025102,0.28577533134679733,0.9012896359124928
123,4.099959,0.11142690556058467,0.31396881033548074,0.908385675084441
124,4.133292,0.07272231834380867,0.3092472770601657,0.901859148319725
125,4.166625,0.05384926315977346,0.2939823944082483,0.8925489302113998
126,4.199958,0.05055184784999934,0.2897225343516354,0.8914671378969802
127,4.2332909999999995,0.050561093792833356,0.29602519203773425,0.8897552470628383
128,4.266624,0.05034245833170844,0.2987576395262762,0.8942338227176494
129,4.299957,0.04712219104967291,0.29510816437002996,0.8803602686028048
130,4.33329,0.049414406529079864,0.2914102983106468,0.8758953989245185
131,4.366623,0.04995847134090107,0.3025667305872054,0.870056239468402
132,4.3999559999999995,0.049323283495153275,0.30540210892839015,0.8702199819438801
133,4.433288999999999,0.10008201901783804,0.29630911760046336,0.8724695984227238
134,4.466622,0.12752930584647515,0.30411133578034943,0.8654416794379539
135,4.499955,0.1387850630563886,0.3069165137064551,0.8754457318345478
136,4.533288,0.1382115670546168,0.3111432826702214,0.872799941326844
137,4.566621,0.14538074623829658,0.31724405008770984,0.8655739069421431
138,4.599953999999999,0.14641566558476807,0.3102881278713381,0.8771585190247599
139,4.633287,0.14523299243774046,0.2971049489512506,0.8636528718571801
140,4.66662,0.11501002586871995,0.31773039339535203,0.8540926868384684
141,4.699953,0.10563126860346676,0.3046006654021443,0.8415647004449435
142,4.733286,0.09966026148335828,0.310321032457474,0.832546912362474
143,4.7666189999999995,0.0705555983697698,0.33116100211482524,0.8298694739478853
144,4.799951999999999,0.070250833809091,0.3294083494438379,0.8236514459105599
145,4.833285,0.06410146113761295,0.33263051666792154,0.8273849721655506
146,4.866618,0.05986554707714363,0.3278898613975145,0.8198775377358816
147,4.899951,0.06310602135876056,0.32952835634811317,0.8147141865107604
148,4.933284,0.0853866083619323,0.3289948664417447,0.8178704088586473
149,4.966616999999999,0.07859000363135513,0.3310314069157647,0.8216235480711316
150,4.99995,0.07039508002426435,0.336801601440331,0.8118315102577287
151,5.033283,0.05033691015542595,0.31827360543803007,0.8039795132989853
152,5.066616,0.0513588140784864,0.3339111049923404,0.8081385440988188
153,5.099949,0.052690870926128314,0.3349345704063773,0.8102251268707201
154,5.1332819999999995,0.052230135349059605,0.3359632321601148,0.8037029709131591
155,5.166615,0.05088347251822058,0.3256903483531133,0.8000916337955625
156,5.199948,0.05268582037398805,0.3245521117134,0.802174222805571
157,5.233281,0.052226887352245815,0.3358747459594395,0.8071317401017577
158,5.266614,0.05111536970375928,0.3300788898264069,0.8034506169695694
159,5.2999469999999995,0.05056027449848873,0.3231257886849041,0.8058896357229905
160,5.333279999999999,0.05187970958716389,0.32121928123442967,0.8024142967352504
161,5.366613,0.0514303068271913,0.31783824216189616,0.803566763526593
162,5.399946,0.05115490904389677,0.32246610855807933,0.7942764387787645
163,5.433279,0.05266801486001909,0.3189417253817097,0.7965573442191591
164,5.466612,0.05268944556195483,0.32475738072977034,0.7924432633052151
165,5.499944999999999,0.052215502128980046,0.32191474239949275,0.7925186486836935
166,5.533278,0.05184932764876948,0.3274675526422393,0.7959475289040763
167,5.566611,0.05217589634431386,0.318579073301019,0.800275808580396
168,5.599944,0.05161799102819479,0.32718471907676616,0.7871762929936972
169,5.633277,0.05158901863632603,0.32411069451880153,0.7929001127251818
170,5.6666099999999995,0.05169112903823398,0.31993167132285316,0.798747274392889
171,5.699942999999999,0.05188228836254966,0.31715599560413765,0.7880034174822439
172,5.733276,0.05197701390914308,0.32680816084687236,0.7933568163585624
173,5.766609,0.05040286027302534,0.32160324415079755,0.7955937736603885
174,5.799942,0.050738993784150914,0.3187319579508651,0.7963677707721634
175,5.8332749999999995,0.05129570836176463,0.3245681821141269,0.8052083755160032
176,5.866607999999999,0.050569314692245154,0.32703458874666835,0.796184225910392
177,5.899941,0.05057732291679407,0.32635936418054756,0.8000750954105148
178,5.933274,0.0500626234893345,0.32631517747486793,0.7927675886761707
179,5.966607,0.0510284538149241,0.3120091766616646,0.7896400807255914
180,5.99994,0.051600276851226305,0.3158658649126017,0.7960380145178078
181,6.033272999999999,0.050904069745472964,0.31653143924174676,0.7976034409133561
182,6.066605999999999,0.050575255946103785,0.3137569928728038,0.7978509943058694
183,6.099939,0.0505615695923739,0.3165709644613274,0.7992442237029584
184,6.133272,0.04912001863432899,0.2887547853670453,0.815339064445726
185,6.166605,0.047998605928650614,0.12801647681947398,0.7933175397530269
186,6.1999379999999995,0.04464645571043458,0.1466641405450576,0.8227384743633144
187,6.233270999999999,0.04341129285720072,0.21767110154305352,0.8793274416593053
188,6.266604,0.03715382397968453,0.3427419769619745,0.9511120967405067
189,6.299937,0.03547702074215729,0.3718795823157433,0.9675010442306142
190,6.33327,0.036306082831213296,0.36605517780366625,0.9673505108326473
191,6.366603,0.03325695696226626,0.3643802042002428,0.9998642348303852
192,6.399935999999999,0.03196683822656618,0.37694236360396904,1.032989978525686
193,6.433268999999999,0.030969326420316218,0.38188957228845544,1.0734820120213011
194,6.466602,0.034121003631972686,0.32010212740310373,1.1053221501104236
195,6.499935,0.036524002188477345,0.3113800146953695,1.1224603325598834
196,6.533268,0.038085251588746004,0.3120940844248875,1.1102767445159918
197,6.5666009999999995,0.03524626884478962,0.29067614535999575,1.108371749194119
198,6.599933999999999,0.03316631533827536,0.31348096794069247,1.0976232136413857
199,6.633267,0.03340802820254812,0.31367930027453017,1.117942065107545
200,6.6666,0.03246502241739611,0.34054975486511607,1.1186002837907236
201,6.699933,0.030119460945334575,0.35263103005783064,1.0776610268307156
202,6.7332659999999995,0.03404975587578769,0.3334611810359682,1.0810419113807843
203,6.766598999999999,0.034296536327833416,0.3475739316331773,1.0804799184510014
204,6.799932,0.03744523600720813,0.36505091002455503,1.0793603327413201
205,6.833265,0.03424435518493848,0.2896186867810727,1.0243064756368896
206,6.866598,0.036677384822434864,0.15876126934411383,0.9461952203332702
207,6.899931,0.03910062758711529,0.13415481503814777,0.9229865376819928
208,6.933263999999999,0.04092033244460302,0.13184659868176257,0.9211326234611986
209,6.966596999999999,0.04517487880024977,0.23454886222501128,0.9033905064906795
210,6.99993,0.049089275146803606,0.25876749324704257,0.8789940860793887
211,7.033263,0.051608516665718925,0.27418044263538294,0.8544358946356804
212,7.066596,0.053671745239100684,0.3031893281589537,0.8407533990907986
213,7.0999289999999995,0.05420417175168155,0.3038363374856027,0.8365286526415981
214,7.133261999999999,0.05551580275133711,0.30550087821744687,0.825693132791817
215,7.166595,0.05735659064152524,0.29500248136189644,0.8025351013273894
216,7.199928,0.05844189862346474,0.280168321994417,0.7911203979110081
217,7.233261,0.06218230416297617,0.2841777017580137,0.7728121915807511
218,7.2665939999999996,0.06371075402949955,0.2915168917485817,0.7791494027277067
219,7.299926999999999,0.07970428651392956,0.29298510796346033,0.7740122209160286
220,7.333259999999999,0.0685099152335604,0.29091056404967663,0.782296032444903
221,7.366593,0.07204469575534657,0.2978677234045728,0.7963889829805452
222,7.399926,0.08136381555949491,0.2945179361414617,0.8099633525081423
223,7.433259,0.07035802249433126,0.29678475835105167,0.8099684123786558
224,7.4665919999999995,0.08968068622503113,0.283216886677626,0.8144055837685723
225,7.499924999999999,0.08706901486475262,0.27729313610685136,0.81735815178034
226,7.533258,0.08249148667221375,0.28099831263942354,0.8161553668763568
227,7.566591,0.09188404524165267,0.2778004806534671,0.8194336393879919
228,7.599924,0.09595020703169249,0.28305355132026866,0.8163882133606978
229,7.6332569999999995,0.07536782823101523,0.27778884184403263,0.8279946615517214
230,7.666589999999999,0.07434469118992047,0.2812027211566881,0.8385268818040253
231,7.699922999999999,0.09246784023481575,0.27807057016269604,0.8418846510900901
232,7.733256,0.11087036372597572,0.27986046647156904,0.842471968616046
233,7.766589,0.09853853466653456,0.2850235898150323,0.8457246015327554
234,7.799922,0.10319082507181072,0.2843604709170171,0.848944640536548
235,7.833254999999999,0.1199808356644198,0.2872554985265584,0.8566991247833453
236,7.866587999999999,0.1216582889027761,0.2889602512727613,0.8492945237817542
237,7.899921,0.12523261366112848,0.2888072044723774,0.8548559067203906
238,7.933254,0.1228883843504509,0.28703362177139324,0.8655047255800453
239,7.966587,0.13532118313816466,0.27913773786266616,0.8644069231573628
240,7.9999199999999995,0.13092832116785036,0.277386334287462,0.8591261685654723
241,8.033253,0.1302460067532093,0.2811731697821849,0.8626501088943613
242,8.066586,0.1280910904904048,0.2839399430280428,0.8606811326009494
243,8.099919,0.12438954725128497,0.29248434723742933,0.8618984941971054
244,8.133251999999999,0.1191504298796747,0.28303094242610133,0.8636199169758312
245,8.166585,0.1193990831289712,0.2760447020059469,0.8587927986849412
246,8.199918,0.11894504105057847,0.2891229466225377,0.8627477176605903
247,8.233251,0.10827697372566471,0.283869224123585,0.8651989090656649
248,8.266584,0.11622658714606836,0.29150053847328805,0.8657130015915327
249,8.299916999999999,0.09608508993384648,0.292730959860785,0.8777511847490299
250,8.33325,0.09424671415591994,0.291391079119694,0.8739029581913778
251,8.366583,0.08807374063544494,0.26217816784200576,0.8744474079074928
252,8.399916,0.07669834166583869,0.1940748094992945,0.8830458149225142
253,8.433249,0.09631776885452015,0.12417637762990084,0.8788965522332212
254,8.466581999999999,0.08267871383553416,0.12425106990517575,0.8869906887008935
255,8.499915,0.0819200983138532,0.1874984195116734,0.8988092136579459
256,8.533248,0.08525991059759751,0.21300923189156618,0.8934679420801324
257,8.566581,0.09616956530883385,0.232404253618405,0.9024132180279715
258,8.599914,0.08078437998721542,0.23465668783322002,0.88845427121053
259,8.633246999999999,0.08382979385189437,0.24889116366662506,0.8972886140396035
260,8.66658,0.0865615332864563,0.25688811348554796,0.8916580699675123
261,8.699912999999999,0.10239404817477132,0.2554465326492966,0.8980660135400269
262,8.733246,0.09863767404657307,0.25989336471156,0.8902525355371307
263,8.766579,0.1061322394372076,0.26824413487409926,0.9000021930279856
264,8.799911999999999,0.11628510813121935,0.282432855467319,0.9050400258160197
265,8.833245,0.13308145543124406,0.2759914893987168,0.8957033010870495
266,8.866577999999999,0.13635221386482482,0.27560084239575144,0.899216551399782
267,8.899911,0.1450163669866033,0.2743333732432165,0.9041222957732884
268,8.933244,0.14744462284506762,0.2781272730790061,0.9066597940545151
269,8.966577,0.147548790675472,0.27895192597631513,0.9050055725106004
270,8.99991,0.14936599896603264,0.2792254499136172,0.9053863410688641
271,9.033242999999999,0.14259577614140492,0.2773040313048179,0.9028701403474108
272,9.066576,0.14454657182217764,0.2736811678392901,0.8993000056037992
273,9.099909,0.14746012797843153,0.27792069168227607,0.9025465318950635
274,9.133242,0.15145189569443368,0.274470634006234,0.906824855596929
275,9.166575,0.1504530062322686,0.2813094944649096,0.9017857059448132
276,9.199907999999999,0.14934328408919958,0.27923398080412337,0.9055937721036027
277,9.233241,0.15070267525312644,0.2799184696429284,0.9057848789312363
278,9.266574,0.1540311695811183,0.27552019007603135,0.9023316361627894
279,9.299907,0.15146522841188226,0.27603253359117863,0.9012622558793068
280,9.33324,0.15667769102072276,0.26891647202824553,0.888266094039575
281,9.366572999999999,0.15592162529315146,0.2859791152443749,0.8816139651121219
282,9.399906,0.15671612781075517,0.28644793372566735,0.8886729586539776
283,9.433239,0.1498846331943888,0.2779454142314757,0.8793371985093584
284,9.466572,0.15642316052613614,0.27015393730032417,0.8804783166658953
285,9.499905,0.16158730259851603,0.28960385465848115,0.8912730523200201
286,9.533237999999999,0.16677081023427917,0.2880627850746464,0.8925356216167247
287,9.566571,0.15940182184420126,0.2800290186087805,0.8988500945944536
288,9.599903999999999,0.14522934126839923,0.2699127864728666,0.8944043711004624
289,9.633237,0.15251827905942333,0.2717180078353198,0.8968818883695082
290,9.66657,0.151985703356087,0.26739380618669684,0.8905198230244806
291,9.699902999999999,0.1499252059940613,0.2620232089586587,0.8857912800698553
292,9.733236,0.15162717735925083,0.2611889668994081,0.8866987648405217
293,9.766568999999999,0.14877341402191313,0.25803770017094674,0.8869651761984672
294,9.799902,0.1509243964359437,0.26018797540907657,0.8802008529360213
295,9.833235,0.13817248823198466,0.26934047033068165,0.8921352227136011
296,9.866568,0.1467520081870079,0.26945577423187445,0.8750013792956653
297,9.899901,0.14415602601410002,0.25530836685998326,0.8872463021697715
298,9.933233999999999,0.14380787005074452,0.249247086095271,0.8877152626420265
299,9.966567,0.13719173333195747,0.2310168215926231,0.901345746564222
300,9.9999,0.15322166608889573,0.156674868452363,0.9040504852469055
301,10.033233,0.14339984935399044,0.10020036906879828,0.8826091652556941
302,10.066566,0.14521954578174112,0.11259631411048847,0.9048304902267266
303,10.099898999999999,0.11823605101330778,0.21064826669477232,0.9014582088018457
304,10.133232,0.09302210677244335,0.24966920881957888,0.8947542810635472
305,10.166565,0.08972506948842125,0.24967643950243937,0.8924795893163527
306,10.199898,0.08598577257007996,0.25985216066698413,0.9007595517430843
307,10.233231,0.08960084492727265,0.2567243888256015,0.9068417937051569
308,10.266563999999999,0.08141715529091574,0.26031102961311137,0.9201803815678692
309,10.299897,0.09293027278408908,0.26460130821446015,0.9168920011003174
310,10.33323,0.13021167418282878,0.2684709468968876,0.9171420359794016
311,10.366563,0.11268866430228992,0.27194233901480225,0.8953131398316281
312,10.399896,0.12556342857403763,0.2685989318313883,0.8920276112424916
313,10.433228999999999,0.1232648439442031,0.2741082212388542,0.8889994107134561
314,10.466562,0.12354976099136263,0.2734365409699405,0.881604358237657
315,10.499894999999999,0.12444286600777377,0.2721434816769368,0.8881451523126781
316,10.533228,0.11526056241497427,0.2718705901747912,0.892358853923451
317,10.566561,0.12002066639560866,0.2738477703943583,0.9022215325573127
318,10.599893999999999,0.11665673628623478,0.2841294960057693,0.9030956336900228
319,10.633227,0.12808873646409127,0.2751374732584162,0.8930788206370729
320,10.666559999999999,0.12281117695286035,0.2715611794960781,0.9074181958873212
321,10.699893,0.11305133397391735,0.2736247096663923,0.9075624183655957
322,10.733226,0.1242203054874513,0.2784207853713009,0.9133237864968367
323,10.766558999999999,0.11546342850785606,0.2739857483238819,0.9150917006505414
324,10.799892,0.09992960074031963,0.2778330901508522,0.9087706843525003
325,10.833224999999999,0.10917470190448036,0.2714620019339114,0.909593896047541
326,10.866558,0.07963248088001597,0.2712825413910474,0.913786654871342
327,10.899891,0.09478387914693065,0.27473504219855305,0.9131804213261877
328,10.933224,0.10074416093306238,0.2696963202687668,0.8979365028445395
329,10.966557,0.09692851549963644,0.2661825883881327,0.9085133019679003
330,10.999889999999999,0.10352374986833748,0.2801040349188012,0.9007995493643255
331,11.033223,0.09024093686004546,0.29150800201260496,0.8964429131422185
332,11.066556,0.11252971120025343,0.26459708669988835,0.8794752987709983
333,11.099889,0.11761507397081475,0.27907060860255806,0.8786610356772523
334,11.133222,0.12695137150956504,0.2736684336802315,0.8841401674806441
335,11.166554999999999,0.1239589854280094,0.2811058563413332,0.8816104905454878
336,11.199888,0.12274175415638378,0.2881011885243592,0.8634654216891986
337,11.233220999999999,0.12527414986506832,0.29325007024604655,0.865066671261879
338,11.266554,0.1335653628548588,0.28510421718220924,0.8679988244610508
339,11.299887,0.12490780603825377,0.2956272078048995,0.863323404027403
340,11.333219999999999,0.12548262481750053,0.2911466259693337,0.8569872011354951
341,11.366553,0.12996110640076547,0.2924307936394401,0.8519751895985724
342,11.399885999999999,0.12362651725060182,0.29793767512817804,0.8557899906807958
343,11.433219,0.1313961583471838,0.29260292803449306,0.8657065399840558
344,11.466552,0.12198719496375549,0.29011685362769324,0.8696041006812667
345,11.499884999999999,0.11022884755459876,0.2667943545192161,0.8823670882872401
346,11.533218,0.11936207544183955,0.24646301201469623,0.8868296867899852
347,11.566550999999999,0.12398034071582245,0.2378416963979082,0.8817166463218684
348,11.599884,0.13171842853545918,0.24009881921914406,0.8720275976221319
349,11.633217,0.13015901272751024,0.2366855158530105,0.8738628809178588
350,11.666549999999999,0.1257070121710268,0.23055022052369273,0.8740072583619957
351,11.699883,0.12715161486215373,0.2345910105600355,0.8677068638929704
352,11.733215999999999,0.12618705470554178,0.2384840226522875,0.8665195377945144
353,11.766549,0.1262712707307099,0.23080424962113638,0.8718668241894866
354,11.799882,0.12346494923292946,0.22684433635820345,0.8767387179119026
355,11.833215,0.12579199825744836,0.190605631898961,0.8800009809299782
356,11.866548,0.1253191404969369,0.07235954714890065,0.8793454026221718
357,11.899880999999999,0.11800694834880976,0.042194425322427107,0.8854101980670468
358,11.933214,0.1113885180625482,0.058297925609495815,0.890909648244945
359,11.966547,0.10416214142712339,0.14244446197378743,0.9061453293533418
360,11.99988,0.10346571310608016,0.20750734417726402,0.9129479422189288
361,12.033213,0.11167217874420678,0.23721362775972304,0.917682596741181
362,12.066545999999999,0.1125899058979235,0.25444862136749835,0.9188719295254316
363,12.099879,0.12244905011973041,0.2656912103719826,0.908121444722747
364,12.133211999999999,0.11552230976128931,0.2674411764001907,0.9135702156099508
365,12.166545,0.10856783319342808,0.27557973517878875,0.9095287594736817
366,12.199878,0.10642115185516932,0.2744828589690993,0.9169757165512585
367,12.233210999999999,0.10663425121563566,0.27871836728591215,0.9137310017279722
368,12.266544,0.11431905204757571,0.2919152886803513,0.9140303074646707
369,12.299876999999999,0.10637300043139568,0.29439310617362513,0.9111886106073404
370,12.33321,0.10325808431547154,0.2842834592003808,0.9225843804015561
371,12.366543,0.0972844439023727,0.2849701794150185,0.919466362738273
372,12.399875999999999,0.10287718988523918,0.2856117499910863,0.9177249757448187
373,12.433209,0.11687660231305494,0.2927529025894533,0.9272211361995476
374,12.466541999999999,0.1258149155487681,0.3014494105260059,0.9200681651708142
375,12.499875,0.1243634099087589,0.30435987606800097,0.9232284532717346
376,12.533208,0.12147856240019658,0.29333101370563464,0.9289550389835788
377,12.566540999999999,0.11883566529616116,0.23782639026356844,0.9250237015526882
378,12.599874,0.13178145147055606,0.09192668758043093,0.9450276958409946
379,12.633206999999999,0.11629788520573303,0.0432483758267616,0.937013137347417
380,12.66654,0.11595435705806528,0.04765819136978395,0.931638085937099
381,12.699873,0.12197894842582137,0.11291634743076845,0.9241762016201244
382,12.733206,0.13376031072903713,0.2076447150125793,0.8876109974263335
383,12.766539,0.1401457808155129,0.24421436409256747,0.8813122686162148
384,12.799871999999999,0.1392428840088737,0.2644548673828481,0.8789384058224713
385,12.833205,0.1361578078459159,0.28255580718684237,0.8804133760358708
386,12.866537999999998,0.1357099733055184,0.28281450567459343,0.8798607098178485
387,12.899871,0.13653855171986995,0.28446745592803635,0.8838237322960917
388,12.933204,0.1420036670085193,0.28881662278929093,0.8793045281989266
389,12.966536999999999,0.14362934147146855,0.28464101714847845,0.884038936470282
390,12.99987,0.1346591877204602,0.2918452165628226,0.8970148242910309
391,13.033202999999999,0.14677242583839276,0.2842957895739887,0.8972836514521594
392,13.066536,0.12567231777438478,0.2908309683342002,0.8740727876396265
393,13.099869,0.11418501819351845,0.2948966988248635,0.8964778191402806
394,13.133201999999999,0.11858165530285611,0.2867078018113631,0.8906462351862509
395,13.166535,0.13905342166485818,0.29439058691449416,0.8834509615251375
396,13.199867999999999,0.1463589300172522,0.2969765773754259,0.8927685993637046
397,13.233201,0.1446370834857692,0.29033150030051236,0.8794752598000511
398,13.266534,0.1476700712351632,0.2803028706338133,0.8917313892869939
399,13.299866999999999,0.14411804095331565,0.2713823373322553,0.8741008230550342
400,13.3332,0.13680006669059497,0.2785871507732897,0.8816830660931623
401,13.366532999999999,0.15697991388929944,0.2726394880434825,0.8961362236291536
402,13.399866,0.17384438886662928,0.26476934039833666,0.8798538522051622
403,13.433199,0.15996115758525187,0.27263351375843475,0.8748153445840625
404,13.466531999999999,0.169052848589829,0.25475392016306464,0.8663191381549282
405,13.499865,0.12791204641377482,0.25618822250749324,0.852213343631884
406,13.533197999999999,0.14258266548277118,0.2751686270821121,0.8361711646890941
407,13.566531,0.14561091578973284,0.2591867997212136,0.8317828136099147
408,13.599864,0.14449028176584638,0.26377496365556485,0.8280463499302652
409,13.633197,0.14164860144658456,0.25680390363650596,0.8450740803499291
410,13.66653,0.14278356771751058,0.2604317160799371,0.8498847942602884
411,13.699862999999999,0.14277659824698502,0.2677861363379737,0.8556716329495135
412,13.733196,0.1429892617487612,0.2573226769584558,0.8541045573234204
413,13.766528999999998,0.14429442680627053,0.2637338684119617,0.8528430271714356
414,13.799862,0.14723817517886642,0.2555394232394515,0.869835162127504
415,13.833195,0.1455473862208969,0.25177985434674954,0.8538002304597135
416,13.866527999999999,0.15192114732784057,0.2597449161995033,0.8673411782677372
417,13.899861,0.15426182752430728,0.25330208414285044,0.8599959018097251
418,13.933193999999999,0.1541660675872525,0.25568157814677805,0.8611204011369894
419,13.966527,0.15693299353924306,0.2585774739056095,0.8515925256239575
420,13.99986,0.15339617367990782,0.2509366078834714,0.8561582810426315
421,14.033192999999999,0.14887130423223785,0.2579965492786607,0.8447372968285085
422,14.066526,0.14969477922641897,0.2513632691550586,0.8446554861174835
423,14.099858999999999,0.14796403372279204,0.2488303158491143,0.8333281196483342
424,14.133192,0.15137270348045076,0.2578297999311011,0.8198874022794573
425,14.166525,0.1527583570211757,0.24953348611361403,0.8027911830257028
426,14.199857999999999,0.14896485287020972,0.2531485740603417,0.8062759351398429
427,14.233191,0.1490231271466227,0.2564644509855805,0.7882928029215311
428,14.266523999999999,0.14686520870298964,0.25794892445051343,0.7935237050300696
429,14.299857,0.14718371391596727,0.2542813714941942,0.786367644556186
430,14.33319,0.14856283208545992,0.2602634394298752,0.790027684645346
431,14.366522999999999,0.14519140360928057,0.2602237766887588,0.7960960423794666
432,14.399856,0.1480040510542331,0.25629507003366125,0.7940286985152749
433,14.433188999999999,0.13903700066433664,0.256776620534365,0.7784394909703413
434,14.466522,0.14326896508924866,0.26618918380067647,0.7850680253735131
435,14.499854999999998,0.13462470088765682,0.24943193735254163,0.7943937635213625
436,14.533187999999999,0.1366599012941275,0.25427679600259073,0.7884132573131972
437,14.566521,0.13661125335649585,0.2595204269316317,0.7837888510582428
438,14.599853999999999,0.1377068148313932,0.2620661921800195,0.7820672889649186
439,14.633187,0.13598766762817927,0.2546084107478502,0.7816215079015593
440,14.666519999999998,0.13660891679134027,0.26085483356871375,0.7843231154578536
441,14.699853,0.13830418978870745,0.25669090625250846,0.7934033805279304
442,14.733186,0.14210363920559194,0.25417716113354993,0.7933365272333391
443,14.766518999999999,0.14245043633730076,0.25898749242009894,0.7895317804837626
444,14.799852,0.14471016041575843,0.25276828248101935,0.7891282260037348
445,14.833184999999999,0.14305286788491547,0.2558592836085451,0.7922521717794189
446,14.866518,0.14457783231893648,0.25670210228395657,0.7869730333607727
447,14.899851,0.15419900346505552,0.26290791831172255,0.7962175669513857
448,14.933183999999999,0.14953791093090613,0.2529740078728033,0.7954360707386419
449,14.966517,0.15285645287112734,0.24856055409223654,0.7956458247642856
450,14.999849999999999,0.15260099254450593,0.2480780453314469,0.8004288974726477
451,15.033183,0.15256995653471933,0.24813747445712353,0.807186117985367
452,15.066516,0.15594690649866694,0.24104651323400664,0.8046980489881418
453,15.099848999999999,0.1534407381645767,0.23117129889820287,0.8163001655770827
454,15.133182,0.15643405975037594,0.2227152646830065,0.821034773513874
455,15.166514999999999,0.15501369687918956,0.22693252091557453,0.8156554111569089
456,15.199848,0.15594380715041528,0.2247660113306119,0.8176900689937461
457,15.233181,0.156157142259063,0.22704742145440737,0.8166487316774244
458,15.266513999999999,0.15416063124362508,0.22841148146911916,0.8162118564404514
459,15.299847,0.15378041154550823,0.22675324623466347,0.823066947683113
460,15.333179999999999,0.15474542898096044,0.22020266248009834,0.8210249782289402
461,15.366513,0.15718764818198466,0.22014972061221466,0.8111411978897257
462,15.399845999999998,0.15625947536451984,0.22289029437463728,0.8191552294166754
463,15.433178999999999,0.15903041691125028,0.21629816863743156,0.8057196486804119
464,15.466512,0.16300630202065064,0.21998252274025104,0.8113862015654655
465,15.499844999999999,0.1644505782840575,0.20585863706289,0.8098480692908663
466,15.533178,0.1700361245647741,0.2153710955899261,0.8127677760659963
467,15.566510999999998,0.1787705482174906,0.20295585870295307,0.8119200467076942
468,15.599844,0.17714994006125337,0.21420023000137361,0.819748209019105
469,15.633177,0.17935480238464863,0.20361746427558042,0.8244183308715272
470,15.666509999999999,0.1745190705310231,0.2053814924241843,0.8320557389744416
471,15.699843,0.1713394453199279,0.18438622308621788,0.8323099933948721
472,15.733175999999998,0.1708817176200614,0.09786231268669876,0.8204314026172409
473,15.766509,0.1609664474938216,0.059658570287401735,0.805829259983208
474,15.799842,0.1611847155139211,0.06269579563879202,0.8106811325494216
475,15.833174999999999,0.15939760716045118,0.1318393186888555,0.8541638285366844
476,15.866508,0.1615959526262089,0.19492126750203737,0.857258912008034
477,15.899840999999999,0.1561773484000077,0.23964862013828483,0.8415081483410747
478,15.933174,0.15352323440987525,0.2608089647127489,0.8335428903821066
479,15.966507,0.15162748720988278,0.2686794894529825,0.8374431195261116
480,15.999839999999999,0.15353210900406078,0.271222072659369,0.8394603567814478
481,16.033172999999998,0.15258313539071,0.26305356957826187,0.8416084298974069
482,16.066506,0.15428367732633147,0.2671144958248081,0.849717894176605
483,16.099839,0.1539414987769663,0.26519162756678166,0.8449076320709998
484,16.133172,0.15696398862543087,0.27028715140606613,0.8447451669346518
485,16.166505,0.15396372440571393,0.26377455183340043,0.8505839145854018
486,16.199838,0.1542901693744895,0.2684327653016483,0.8613289408123528
487,16.233171,0.150804544633886,0.2713216332066013,0.8558563307558543
488,16.266503999999998,0.15315024678103592,0.2669630079280423,0.8582990964148796
489,16.299837,0.15394656324118197,0.2701905539584688,0.8595411182732441
490,16.33317,0.15701591898341422,0.26557552656879035,0.8570024760034982
491,16.366502999999998,0.1545479007587554,0.2591460843258791,0.8670074504764882
492,16.399836,0.1555622516407531,0.2693078255491887,0.8724273688205404
493,16.433169,0.16153706289382927,0.2629969908138012,0.8650104989847162
494,16.466502,0.1566325135504698,0.2670795694632758,0.8668791416534161
495,16.499835,0.15481968741263488,0.2698430451685466,0.8728817667427015
496,16.533168,0.14748952279670519,0.2701648442193469,0.8744932517065549
497,16.566501,0.14576468725071726,0.2708392419879858,0.8626540643266118
498,16.599833999999998,0.14025674345992148,0.27326937709967586,0.8647341954514657
499,16.633167,0.13965321956017276,0.2758633751451719,0.8653243055405488
500,16.6665,0.13213200277521664,0.2788116396552569,0.8605583922112342
501,16.699832999999998,0.12763524367009105,0.26584285594012,0.8620353434985731
502,16.733166,0.13805640652751966,0.26899565936928144,0.8665545774174753
503,16.766499,0.14427922614397334,0.2794183793249392,0.8798190477714473
504,16.799832,0.14968976709963072,0.27536898743026195,0.8750698541073639
505,16.833164999999997,0.15281314042425348,0.27265573684423094,0.8799366897943633
506,16.866498,0.15254617524825548,0.2827034371261944,0.878844622882216
507,16.899831,0.15218401140010657,0.28077187725898267,0.8782872150139966
508,16.933163999999998,0.14663505604122595,0.28445655058024555,0.8732477275467769
509,16.966497,0.14578663701531752,0.2804328918914947,0.8666728421065122
510,16.99983,0.1377438663890319,0.277596228560928,0.8772234429586073
511,17.033163,0.13137473920603862,0.28161545339385596,0.8748658574486261
512,17.066496,0.1274688516935181,0.2682695920499667,0.8776938328404871
513,17.099829,0.13123824523722816,0.26764551248061735,0.8789151278154899
514,17.133162,0.13963938690856978,0.27222143302865004,0.8861618594288035
515,17.166494999999998,0.146823700402303,0.27103364452740786,0.9059682346893596
516,17.199828,0.15934839154934718,0.26297746478809947,0.9114084438233052
517,17.233161,0.18301765173247814,0.2631878166191084,0.9227691164683265
518,17.266493999999998,0.21665664637937723,0.2648044338124854,0.9287060211702645
519,17.299827,0.23352585532496503,0.25685331078707063,0.9398079694776404
520,17.33316,0.25515327066857585,0.25068601377994615,0.9479177130870339
521,17.366493,0.26412428580149716,0.24012447685188582,0.9668259203552302
522,17.399825999999997,0.26299590294558267,0.22777019729803907,0.9749210276983126
523,17.433159,0.2737308787205346,0.23912199581410018,0.9777015301550741
524,17.466492,0.2783948394002374,0.22668472176425714,0.9782193097409437
525,17.499824999999998,0.28224387137577117,0.22645731686876197,0.990352367368916
526,17.533158,0.2997611171856359,0.22371978753352534,0.9988085685148165
527,17.566491,0.3123334256691423,0.22031400782863583,1.0037732998608948
528,17.599823999999998,0.31996023434374654,0.20396047007904974,1.015712112134096
529,17.633157,0.33541421816365014,0.20266748554679961,1.0306230201043836
530,17.66649,0.34044653339918707,0.18473345721581658,1.0459047500922598
531,17.699823,0.35680068934202985,0.1831804284086369,1.0542461519476471
532,17.733155999999997,0.35824686156659846,0.1982629534309057,1.0550255199448826
533,17.766489,0.33522119767218905,0.21812403555870746,1.0488788232255521
534,17.799822,0.31736727584562213,0.21333780212154074,1.0362755145829157
535,17.833154999999998,0.29172613269979963,0.2138157568167693,1.047739591599326
536,17.866488,0.28587572619575213,0.22414936354297824,1.0339772663923514
537,17.899821,0.29575804358300256,0.21468575393852435,1.053679058131848
538,17.933154,0.31246164181229147,0.22093245113362212,1.0584123461893176
539,17.966487,0.3288147227277131,0.21909122031330053,1.0600776917895902
540,17.99982,0.3482851679262753,0.22093350590344843,1.0920110387318567
541,18.033153,0.376427308391233,0.22095898344239673,1.0911837421311814
542,18.066485999999998,0.38788471429239385,0.21585486173996687,1.117752716568616
543,18.099819,0.4030098207053783,0.2032961234830476,1.1224314070191206
544,18.133152,0.40607631327894167,0.19102608904877583,1.1316459599328954
545,18.166484999999998,0.39384637202482037,0.18446146489243842,1.1388505563039741
546,18.199818,0.3969468358216758,0.17473526193049221,1.1551064612703157
547,18.233151,0.38143494012578566,0.16433459994409647,1.168328457246326
548,18.266484,0.3920045094286576,0.1636976206532994,1.1803204798018818
549,18.299816999999997,0.387623273386667,0.1564202101029013,1.187904946760356
550,18.33315,0.3986227446603445,0.15301462329245205,1.192019630721422
551,18.366483,0.3969448142110922,0.15402698107905916,1.215123080024003
552,18.399815999999998,0.414583973443075,0.15574522457092105,1.234774732057741
553,18.433149,0.41704656762005465,0.1556694590417228,1.23899861717507
554,18.466482,0.4289426648655016,0.1746999319035078,1.2508670864049138
555,18.499814999999998,0.42551092863337314,0.18027753888429132,1.2390713123182107
556,18.533148,0.4260624283506782,0.1847382132639063,1.2376112471758354
557,18.566481,0.43720700544616764,0.18818210041553524,1.2214392046547726
558,18.599814,0.43273924520577556,0.19688568304181797,1.237536243594126
559,18.633146999999997,0.4374222805415665,0.1983982734942204,1.2188325113912661
560,18.66648,0.43660619796606337,0.19581213716705836,1.2168214060191527
561,18.699813,0.4421108941647371,0.18066373693036442,1.2375483223257384
562,18.733145999999998,0.45892283171044934,0.17959795775881218,1.263533308717831
563,18.766479,0.4784779225936361,0.1698640085251637,1.2719897223851053
564,18.799812,0.4764487971752906,0.15860198492027688,1.2711470891112817
565,18.833145,0.48462712580310086,0.16295082355743645,1.2893979545818608
566,18.866478,0.49206690116275426,0.16105899033789373,1.2859581610029553
567,18.899811,0.4909583477116832,0.15608751731416293,1.284013269442309
568,18.933144,0.48877767300234576,0.15621289800651778,1.2858153759903448
569,18.966476999999998,0.5006443020086239,0.16996891362119712,1.287586293755199
570,18.99981,0.496646919806338,0.17399319742377198,1.2996192568524552
571,19.033143,0.5043285893995936,0.18182252880349603,1.3055593031517119
572,19.066475999999998,0.5000345124798089,0.17411378407617306,1.298077957593966
573,19.099809,0.5135994570073704,0.17366870424427683,1.2887975835607208
574,19.133142,0.508474781953912,0.1826947051507687,1.284253480183389
575,19.166475,0.47225431203938456,0.18007360658414107,1.2811589874033564
576,19.199807999999997,0.4513398174029906,0.1834695194246003,1.2664604895787557
577,19.233141,0.4332252733667423,0.19709801842131902,1.24530786668179
578,19.266474,0.3929018327205482,0.18544255300708629,1.231133979160428
579,19.299806999999998,0.389255984596955,0.19050742389748593,1.2407016688771342
580,19.33314,0.3881471646501055,0.18422618515429384,1.2295188888677595
581,19.366473,0.39838026763309087,0.19281459901943226,1.2309838283122936
582,19.399805999999998,0.38299946328052215,0.1971315167297387,1.2278226022287406
583,19.433139,0.37862796336551646,0.21198719941262217,1.2156780657976873
584,19.466472,0.3806740235945747,0.21092301131276686,1.2173715473087914
585,19.499805,0.40335929935049414,0.21577879177687453,1.210481721730096
586,19.533137999999997,0.4300674385542846,0.22245892386439603,1.2197566671953395
587,19.566471,0.4787842377519302,0.2222359754130947,1.236658689112822
588,19.599804,0.5252677740685465,0.23508772163038066,1.270349614242498
589,19.633136999999998,0.5706374257091404,0.22379417838580973,1.267118734075268
590,19.66647,0.5799206824763897,0.22371092698762246,1.2782151038585043
591,19.699803,0.6148061045704929,0.22071544295480988,1.289159047114979
592,19.733136,0.602655116862107,0.22942070292605213,1.280670231389066
593,19.766469,0.6128621577390932,0.22519759169749248,1.2813068352364565
594,19.799802,0.5419910297133743,0.23387289199415945,1.2614599024235331
595,19.833135,0.513376781083782,0.23767484700007696,1.233830493644066
596,19.866467999999998,0.46699643822743064,0.23493462952945615,1.2121561221609076
597,19.899801,0.400271908712254,0.2264670160967901,1.1959169268525105
598,19.933134,0.36592639467614135,0.23098053266367763,1.1920915286324405
599,19.966466999999998,0.3339816815095962,0.23029973100666834,1.1545012725352946
600,19.9998,0.26528342885447265,0.21505661335438203,1.1288657091125551
601,20.033133,0.23633709345482043,0.19429595030086289,1.0982070246844915
602,20.066466,0.20707931181120037,0.20072101810784704,1.0630511148407997
603,20.099798999999997,0.1627900931635554,0.2059796939990236,1.0368753494581255
604,20.133132,0.13135299522814847,0.20356896935472968,1.022639833037798
605,20.166465,0.1433525353713276,0.2148753472526627,1.0071869834165867
606,20.199797999999998,0.13982353789159885,0.21932461473071999,1.0071168330892768
607,20.233131,0.12977705510422294,0.20210551703725158,0.9958760600079275
608,20.266464,0.14335357790803432,0.1933533254524665,0.9987507410261456
609,20.299796999999998,0.14092063046389147,0.15825561808099198,0.9925743007794099
610,20.33313,0.13319197222745263,0.13950966471626808,0.9817928638979889
611,20.366463,0.15699310553546295,0.13027777348054426,0.9680985948523315
612,20.399796,0.1496333666294964,0.15192145647277405,0.9638693950183403
613,20.433128999999997,0.15053635591774706,0.18649862795421934,0.9556857963705084
614,20.466462,0.15221615722772952,0.2187646692399388,0.9413356712807728
615,20.499795,0.12823372464963825,0.22793946841415938,0.9384630015838127
616,20.533127999999998,0.14977452455253473,0.23305721742148283,0.9317064484917422
617,20.566461,0.15036573317939508,0.24503322102239217,0.9228099144307099
618,20.599794,0.1570414306898991,0.24632322114362065,0.9309936491262588
619,20.633126999999998,0.15087148676157286,0.24180399174200845,0.9192505283291611
620,20.66646,0.1516134734080956,0.24889732145785878,0.919427735707654
621,20.699793,0.1447119722096261,0.24788494008241818,0.9130802013396254
622,20.733126,0.14290708254174947,0.24894914169916532,0.9110126569897281
623,20.766458999999998,0.13301402328984108,0.25054965328396245,0.9122463070614076
624,20.799792,0.11453897545818138,0.24640991774213783,0.9153622602118455
625,20.833125,0.13670530447719628,0.25078672498761,0.9126923483514716
626,20.866457999999998,0.1268619756030433,0.25698741618202575,0.9107780641197823
627,20.899791,0.12371022079067316,0.25727894981400845,0.9013483505376306
628,20.933124,0.12803075136569053,0.2597302368527722,0.8910986566189946
629,20.966457,0.13207905655339347,0.2641116504597498,0.893044829766246
630,20.999789999999997,0.13666120892191888,0.26893172422108247,0.8784303909331765
631,21.033123,0.14749514296607674,0.27387367873891805,0.8690961412981708
632,21.066456,0.1155465982237612,0.2678642074538492,0.8575021857020272
633,21.099788999999998,0.1003662768655145,0.26444859425650424,0.8370713298264587
634,21.133122,0.08994832148351531,0.27374252627241,0.8236790329700633
635,21.166455,0.0714674937712451,0.2660191301043349,0.8093426139429982
636,21.199787999999998,0.06557696915310736,0.28450230216967903,0.802971196291077
637,21.233121,0.06431083654732916,0.30523111900715605,0.8024874941341361
638,21.266454,0.060091777315780595,0.31384465866910527,0.7861643789740796
639,21.299787,0.05798667610139943,0.31680446575789456,0.7728381965293446
640,21.333119999999997,0.05438702225688699,0.3242351105793535,0.774585706046905
641,21.366453,0.05363781218983842,0.31340903751763227,0.7746757499410877
642,21.399786,0.05554667675519367,0.29751661396049767,0.7852722536307679
643,21.433118999999998,0.053666245650874786,0.29095393088771176,0.7936173867494244
644,21.466452,0.05276066385082862,0.29684158141273403,0.7928272787709671
645,21.499785,0.05239028705096167,0.31769751364606597,0.770331148163455
646,21.533117999999998,0.052510209572093215,0.31571597142227614,0.7878749541270542
647,21.566450999999997,0.04797724944877722,0.3053825058758534,0.7813499332059787
648,21.599784,0.0473405868137612,0.30115829636728986,0.7765939711952266
649,21.633117,0.05088294408997529,0.2996117160678745,0.7771877461196794
650,21.666449999999998,0.04679392792909199,0.29486321428021933,0.8064912376612422
651,21.699783,0.06000804767855469,0.3137278785395302,0.7799879912830384
652,21.733116,0.04828970446595524,0.3141165403813778,0.7690727902078932
653,21.766448999999998,0.043696136212527714,0.30655132757925685,0.8149334966158976
654,21.799782,0.04578110851582921,0.31138380525120907,0.7985764391766903
655,21.833115,0.0482101196748007,0.31481126560367895,0.8348816580893437
656,21.866448,0.047277431147605346,0.3157529322584707,0.8336759844825271
657,21.899780999999997,0.08253070829997577,0.30844111460430795,0.834401528046466
658,21.933114,0.10917806812154303,0.30392020027587985,0.8364726454437597
659,21.966447,0.13576861426937845,0.29831122207154936,0.8363774216811575
660,21.999779999999998,0.1436522921602872,0.31263880151606077,0.8782573223809071
661,22.033113,0.1443736735423498,0.31511485516625615,0.8654458010236056
662,22.066446,0.12067714318501677,0.30214690835324615,0.8627979020033606
663,22.099778999999998,0.06586290659412265,0.3128654379971506,0.8511671733722221
664,22.133112,0.04729379299257292,0.2977116755002789,0.8554503405236644
665,22.166445,0.04501478910721635,0.30717785851663526,0.8665005249847482
666,22.199778,0.04671550866045113,0.3052113332249126,0.855124824607557
667,22.233110999999997,0.048150099980913796,0.2931474256422816,0.852598250507938
668,22.266444,0.04596043995628943,0.2407125188246308,0.8607018379276226
669,22.299777,0.04441037426021161,0.09855865872448212,0.8320635974810802
670,22.333109999999998,0.14859852705164947,0.11694938716599028,0.8453183371773672
671,22.366443,0.19699981108402623,0.17091624122684668,0.8672442070094635
672,22.399776,0.1837444596771265,0.23935495121387607,0.8793796182301783
673,22.433108999999998,0.12466667196662828,0.2621859679880909,0.8796862392130883
674,22.466441999999997,0.05362856836724728,0.26046199333824305,0.873485402659462
675,22.499775,0.05180134648712732,0.26006305314349343,0.8787842744811031
676,22.533108,0.11985111343562803,0.2594574713830655,0.8665681435552389
677,22.566440999999998,0.15016411385521491,0.2785022094591203,0.8875855562001792
678,22.599774,0.1683464661078454,0.2831874096154061,0.8885619859194084
679,22.633107,0.14223058232965682,0.2864410683166868,0.889838528956706
680,22.666439999999998,0.06985383127337483,0.28783504098844975,0.8829643934762146
681,22.699773,0.07836896051323189,0.28988721639821047,0.8826899219834372
682,22.733106,0.07596316731956107,0.30220045512907406,0.8776315107525552
683,22.766439,0.0594875240077614,0.2923570844498734,0.8801254094454556
684,22.799771999999997,0.06318863558983531,0.29204665839717203,0.9014874623066479
685,22.833105,0.06505126643384875,0.29055663205936927,0.8997783664524069
686,22.866438,0.15228580106912126,0.3006999218062026,0.9039404430255714
687,22.899770999999998,0.15902030319138377,0.3040025413301408,0.9136295641359192
688,22.933104,0.17810765010480858,0.2984640990307311,0.8998453783904513
689,22.966437,0.1939739355842827,0.28343237149581635,0.9052632426541487
690,22.999769999999998,0.19985562546082017,0.2855210830493555,0.8828904409207777
691,23.033103,0.21827800434979153,0.31417201612328927,0.8822717720027226
692,23.066436,0.19073233361640005,0.2841324254184592,1.0386544381964966
693,23.099769,0.06829293771094323,0.5266479697301705,1.215857472114854
694,23.133101999999997,0.0811692682255018,0.5023778071640592,1.015875122779966
695,23.166435,0.08029222781402592,0.3145607093735783,0.9174926645948197
696,23.199768,0.20299236942748736,0.24522059507250518,0.8028566105233139
697,23.233100999999998,0.21812837600566914,0.2861708483471907,0.8096339293056264
698,23.266434,0.17106179855705783,0.28641051162747033,0.8350287308150875
699,23.299767,0.17042335191191277,0.2844161343423099,0.8271913199274181
700,23.333099999999998,0.18095157240194748,0.28376882016037036,0.8415927300654464
701,23.366432999999997,0.19446875719882875,0.27574167726245,0.8514148746065964
702,23.399766,0.19054030985867573,0.2820663883195724,0.8501434082014387
703,23.433099,0.1873222228139153,0.2701368262958498,0.8489831938843507
704,23.466431999999998,0.17627788606254297,0.27333932821331036,0.8386283688765921
705,23.499765,0.17853154596714294,0.21843358344148664,0.8700061494314992
706,23.533098,0.18998904811062667,0.0836785600577746,0.8435788398612583
707,23.566430999999998,0.18315218730250812,0.052915994429734714,0.8321979965220303
708,23.599764,0.19192311811856266,0.13191122242138534,0.8819768341378034
709,23.633097,0.1855945614005561,0.21464635784708017,0.9084624665290844
710,23.66643,0.2003429181174212,0.24187497750120873,0.8872690004842049
711,23.699762999999997,0.18685623060571546,0.252205048511885,0.9086714669071916
712,23.733096,0.19694709677833114,0.26016990240342114,0.9087808265178988
713,23.766429,0.19946532499507544,0.27039691284021056,0.9110439178963342
714,23.799761999999998,0.19097430316841713,0.26199585631509126,0.918905604320768
715,23.833095,0.1728569112273333,0.27178985639242864,0.927274290724757
716,23.866428,0.17210078996720932,0.2709104272357772,0.9321521869814813
717,23.899760999999998,0.15896964639375483,0.27274104408269745,0.9259559139574399
718,23.933094,0.137737698322109,0.2624357053843457,0.9182775341658608
719,23.966427,0.12088463206352673,0.26135312378880515,0.9036593880545318
720,23.99976,0.11859200844327338,0.26885802259133673,0.8929739195835847
721,24.033092999999997,0.08723748072863305,0.2599864286951901,0.8932319654403241
722,24.066426,0.07348074157763274,0.2638340029765688,0.8843129888960941
723,24.099759,0.07292410332392729,0.26621028652554707,0.8803749257701954
724,24.133091999999998,0.07362895374798065,0.25834192101508974,0.8776136870338841
725,24.166425,0.07196932084832003,0.249375883516475,0.8841719211960244
726,24.199758,0.07283378158728715,0.263125051623168,0.879565582402602
727,24.233090999999998,0.07267618174518975,0.26095678123336763,0.8829843325080167
728,24.266423999999997,0.07494752405177946,0.2680836783936263,0.8665648145123229
729,24.299757,0.07404208452605972,0.2777977939541849,0.8676318809747782
730,24.33309,0.07497768889725144,0.279732613835884,0.8632775371801865
731,24.366422999999998,0.07314764506062826,0.2843302570542956,0.8545061160539901
732,24.399756,0.07548040227321609,0.2869008063390448,0.8582463961025523
733,24.433089,0.0737651481802258,0.2890870068349807,0.860411006563269
734,24.466421999999998,0.07426025256804068,0.2809661429089472,0.8610387316126957
735,24.499755,0.07529120585587502,0.27289531681553225,0.8675851506793347
736,24.533088,0.07239100369587768,0.2893576360549839,0.8642626854586224
737,24.566421,0.13218221588309195,0.2641718059313438,0.8717602832624489
738,24.599753999999997,0.15560750905994916,0.26875068446242023,0.8756226359451638
739,24.633087,0.1756469993692718,0.2618360102677887,0.8778780941400027
740,24.66642,0.1756298855938551,0.26415098531260706,0.8816712791540834
741,24.699752999999998,0.1707244280069526,0.2383248963989809,0.8905854460699721
742,24.733086,0.16324433015903161,0.13382583867089812,0.8951160158615703
743,24.766419,0.15818575782803282,0.14012880929796845,0.8812392452819667
744,24.799751999999998,0.1668054582763579,0.18631284884297544,0.8552433607784169
745,24.833084999999997,0.1590433250792112,0.2138339141020716,0.8610415597717066
746,24.866418,0.15518195479886854,0.231319971390462,0.8559164211848435
747,24.899751,0.14113146369659432,0.24058597556427702,0.8614994775491348
748,24.933083999999997,0.13653158390980752,0.24559336267468324,0.8515718494272086
749,24.966417,0.13380015151444097,0.2546943128830077,0.8569823073065358
750,24.99975,0.12109134605493557,0.27989351986243954,0.8867126946785217
751,25.033082999999998,0.09943866642951842,0.27934695401688403,0.8841924315449132
752,25.066416,0.08957731990514065,0.26898989495799974,0.8802082172530582
753,25.099749,0.08994938073130519,0.2792379162047536,0.8870612507669773
754,25.133081999999998,0.09307626829720564,0.27434329471859376,0.8742385360927464
755,25.166414999999997,0.0909236545244355,0.2720058528376199,0.8715452002149523
756,25.199748,0.09260728523639747,0.2745615026143391,0.8709921960228718
757,25.233081,0.0903388263560055,0.2760069308319286,0.8801315592088105
758,25.266413999999997,0.09187543245710565,0.28639864722170016,0.8751331943749397
759,25.299747,0.0901988675013365,0.28657883443471277,0.8879857503342744
760,25.33308,0.16514436990324002,0.2858092909222888,0.8991372947912392
761,25.366412999999998,0.19960024007913252,0.29067535923251603,0.8914729623310836
762,25.399746,0.20769451218267165,0.29147513431798455,0.88687101770308
763,25.433079,0.21099520500074426,0.2923404994450943,0.9031193392446587
764,25.466412,0.20924495037950802,0.29760651417398704,0.8917649136828295
765,25.499744999999997,0.21427522607725125,0.29686446036707353,0.9120599108755912
766,25.533078,0.2104378613364761,0.2853158726398414,0.9319202475039766
767,25.566411,0.23164993691690397,0.28247079216902216,0.9257962320179881
768,25.599743999999998,0.20288749685669938,0.29097409320223067,0.9405831568772736
769,25.633077,0.17095030355135893,0.2800588878767196,0.8883431315568561
770,25.66641,0.11915379978819952,0.2852944352043505,0.8767090321707623
771,25.699742999999998,0.09092078303544286,0.2889139666790975,0.8763638351790434
772,25.733075999999997,0.09340398570022307,0.2924482561011259,0.8752784281550349
773,25.766409,0.09201926265625963,0.21626597490092542,0.8834353864182507
774,25.799742,0.09071777563956289,0.08499394380213032,0.8741666526055208
775,25.833074999999997,0.08953728682021468,0.161788610142484,0.8881302888839688
776,25.866408,0.12203654207327547,0.21791633974755986,0.8780364161013946
777,25.899741,0.1508826070202746,0.2375756281642648,0.8711094879665552
778,25.933073999999998,0.08474863848065006,0.24385519391945246,0.8565498978915435
779,25.966407,0.08497262958223126,0.2542622421853995,0.8621987971896657
780,25.99974,0.0843368189847387,0.2429525731446126,0.8684423211506233
781,26.033072999999998,0.08621936609444222,0.2616149022951278,0.8784413381895881
782,26.066405999999997,0.10944214402929786,0.2809506025343702,0.8920676112865121
783,26.099739,0.16344405530115302,0.27097314147281326,0.897203237518064
784,26.133072,0.17786062217317142,0.27579502750110996,0.8784421815587856
785,26.166404999999997,0.1710188355805916,0.29185271735190854,0.8829901611775193
786,26.199738,0.14450212094007853,0.285667198241628,0.8610802487162813
787,26.233071,0.10299814431571674,0.2900846937490208,0.8483696025203018
788,26.266403999999998,0.08483513215616426,0.2900287172815812,0.8617525296738282
789,26.299737,0.08234807336394132,0.27838433306222893,0.8470096126526863
790,26.33307,0.08271667911469162,0.2780116816103128,0.8592697697312082
791,26.366403,0.09884989662309925,0.27964665758441065,0.8695952786664946
792,26.399735999999997,0.13102632156434757,0.2757613396848434,0.8788423174113406
793,26.433069,0.14447028090001476,0.27317233343179054,0.8692916900336596
794,26.466402,0.15552576772924462,0.2757501473690075,0.871623547995071
795,26.499734999999998,0.15876089031516274,0.27551114772838975,0.8663042257166514
796,26.533068,0.15408920712661114,0.27495444566576865,0.8531932342042635
797,26.566401,0.14492116903167454,0.26541026356893704,0.8462822517864217
798,26.599733999999998,0.14561779910005546,0.26568146237411583,0.8534179563782212
799,26.633066999999997,0.15077033993427433,0.2472636985535101,0.8585464758254767
800,26.6664,0.17076671473669972,0.1500481653861936,0.8739283055175413
801,26.699733,0.18516724564265807,0.0656278222888815,0.8587585113456812
802,26.733065999999997,0.17484822319525714,0.04324602643426349,0.832291738473061
803,26.766399,0.18009936221005388,0.1416428251246732,0.8487502260555111
804,26.799732,0.1803473526714671,0.24060919313549106,0.8664857763084092
805,26.833064999999998,0.15992097294378857,0.28123000435786416,0.8777559376831099
806,26.866398,0.15207583006002043,0.2978600373958793,0.8908745646549121
807,26.899731,0.1518839714838219,0.2893140829446566,0.9006335198536967
808,26.933063999999998,0.14769066996170468,0.30485027900624045,0.8979564156904474
809,26.966396999999997,0.15189068349880946,0.3072205147249368,0.8740907585278098
810,26.99973,0.14868871642262144,0.2980483062052539,0.8653393990180595
811,27.033063,0.15236905087693123,0.3012062322464396,0.8653660597751512
812,27.066395999999997,0.15042717171905004,0.29471124297266627,0.84685497325466
813,27.099729,0.15247958113684812,0.2874071577208396,0.8230215043649916
814,27.133062,0.15322391621585504,0.29391576521975776,0.82462510127806
815,27.166394999999998,0.15065592951567527,0.3065974150299866,0.8088001390260521
816,27.199728,0.14165600922812757,0.30301848751307225,0.8074495505356917
817,27.233061,0.11891333544114362,0.30648514626681495,0.8122726202769385
818,27.266394,0.05277309560915467,0.3128480305457033,0.8067076230711937
819,27.299726999999997,0.05127889061157001,0.31809221820140476,0.836166112151028
820,27.33306,0.12648792421039093,0.3057634299381498,0.86737550848462
821,27.366393,0.1736995085269783,0.30986711780388937,0.8548348211801315
822,27.399725999999998,0.17725555738305535,0.30230709709382864,0.8444577430254291
823,27.433059,0.16409143048203975,0.3094089623584323,0.8287347006984669
824,27.466392,0.14719628439709062,0.30072569537324034,0.8174256343306129
825,27.499724999999998,0.14828709138908808,0.31498823161394895,0.8257783270712761
826,27.533057999999997,0.14427351217482515,0.31292414466178575,0.8205595180183031
827,27.566391,0.09657399187761921,0.3206907247075385,0.8070431069037048
828,27.599724,0.04853496422261787,0.3153372785551752,0.7846887070420839
829,27.633056999999997,0.049054002695541395,0.330214931747115,0.8051294744806093
830,27.66639,0.05100974355532188,0.32791927487911665,0.7985962149321189
831,27.699723,0.048237022105234506,0.3283508389278911,0.8081554131692564
832,27.733055999999998,0.050709160654223276,0.3256030626949157,0.8235215320540514
833,27.766389,0.0684187945840986,0.3197694920950962,0.8133081925758056
834,27.799722,0.0778170672006322,0.3242469258296252,0.8262218033849711
835,27.833054999999998,0.06916519844891511,0.3106498467071622,0.8199894628411852
836,27.866387999999997,0.05056600503259832,0.3134945459698911,0.8221145182589544
837,27.899721,0.04949280931741172,0.3145715872038657,0.8094415912448283
838,27.933054,0.053083480346103204,0.3148402647948664,0.8239868906745927
839,27.966386999999997,0.05277664625522885,0.2983530419907975,0.8278423449131478
840,27.99972,0.05073119154105173,0.30313733606193066,0.8245475526390594
841,28.033053,0.05252843414948067,0.2979306550806724,0.8267894080693361
842,28.066385999999998,0.052417860485599724,0.3012573575130667,0.8226662708524374
843,28.099719,0.0510749146669513,0.3082403811490186,0.8110594559751831
844,28.133052,0.05044474782162784,0.3133706666985569,0.8398592966177836
845,28.166385,0.0667451604616023,0.31318780765819365,0.8363990316172699
846,28.199717999999997,0.11024206657954688,0.3229150788236499,0.831940580122574
847,28.233051,0.12494138421969588,0.3116182709924762,0.8464555529730039
848,28.266384,0.1221504422752106,0.30875974250133786,0.8357294990508406
849,28.299716999999998,0.12962106088521097,0.31494612404749345,0.8343198255523087
850,28.33305,0.13439310544031768,0.3109376660255063,0.8363632464282844
851,28.366383,0.15373485290725822,0.31092653818019395,0.8500486614803164
852,28.399715999999998,0.15301710438573818,0.3164990601278491,0.8473581046247566
853,28.433048999999997,0.16037281833362976,0.3105265887788854,0.8474458692747643
854,28.466382,0.15789024974599838,0.3092820798805521,0.8558304879058023
855,28.499715,0.1614572312967938,0.31275542329726624,0.8513997285305379
856,28.533047999999997,0.15586661599503698,0.31237025215583575,0.8573132903546099
857,28.566381,0.16422618461285507,0.31648614967080635,0.8590423291607928
858,28.599714,0.16509896956866643,0.31800737343541197,0.8521507679055024
859,28.633046999999998,0.17111473061642632,0.31973743727219095,0.852014720960776
860,28.66638,0.1711990986023961,0.3185132294488815,0.8454288186973601
861,28.699713,0.1647642074735875,0.3324610378731334,0.8500651959890865
862,28.733045999999998,0.16901842723929783,0.3376796506287394,0.8522752602855326
863,28.766378999999997,0.17348239935350612,0.3417665091301011,0.8497464388902447
864,28.799712,0.15989630047104528,0.33182548641715187,0.8614354619998029
865,28.833045,0.15341713510060492,0.33270361787819824,0.8708516699810993
866,28.866377999999997,0.14069076153067966,0.3071136637846983,0.8657720507806592
867,28.899711,0.14227058134681048,0.3310959481379406,0.8710295255076471
868,28.933044,0.14850555390625358,0.3392949821401102,0.8862437169190204
869,28.966376999999998,0.13649821723969363,0.3340054515222365,0.8842250287684957
870,28.999709999999997,0.10337215337189128,0.3278779574950369,0.8808462637561518
871,29.033043,0.06259966222949936,0.31764909623645876,0.8763429653330925
872,29.066375999999998,0.051867519102949386,0.3201311058867757,0.8621673456888316
873,29.099708999999997,0.05101543064937772,0.32752028338113937,0.8565103881316571
874,29.133042,0.05074817703009177,0.32998381434024904,0.8716098779558973
875,29.166375,0.05051799544950931,0.3279357106819,0.8614427534702024
876,29.199707999999998,0.05062862820662909,0.3192786781270515,0.8537480338867796
877,29.233041,0.05882317058926821,0.323007454128549,0.8566202377136414
878,29.266374,0.082248636590243,0.3136293968314422,0.8496548097227661
879,29.299706999999998,0.06682435128577818,0.3236400566517289,0.8641917450068428
880,29.333039999999997,0.08031118103681487,0.3198058094729893,0.8483928191745267
881,29.366373,0.08644881890944499,0.31191687012474223,0.8496545644096797
882,29.399706,0.08895264970132782,0.31774345023479034,0.8514998220155927
883,29.433038999999997,0.09863871017796577,0.31838325926495803,0.8487583074764301
884,29.466372,0.1107040265170304,0.32449634592437326,0.8601818851727284
885,29.499705,0.13592188089337467,0.3213472752295927,0.8622594620291215
886,29.533037999999998,0.1497467730870497,0.32188226241975104,0.8707285281091334
887,29.566371,0.14956171527045167,0.3073376050094063,0.8581996103233885
888,29.599704,0.15138977410679047,0.3242748142570264,0.8672211569588061
889,29.633036999999998,0.14728259048594344,0.3174732007646439,0.8586400404843664
890,29.666369999999997,0.14302766649291926,0.3174809086256637,0.8751562650752313
891,29.699703,0.14048204307441234,0.31809099085113024,0.8675611285646909
892,29.733036,0.14102797647638468,0.3220682386023137,0.8730915206402132
893,29.766368999999997,0.1321410722063323,0.31544195449479684,0.865960486366513
894,29.799702,0.12399619117302163,0.33794341559466,0.8680971609163547
895,29.833035,0.10984082359818965,0.3230147484983614,0.8567265928903195
896,29.866367999999998,0.10891336244355902,0.2457492804238438,0.8553395485298317
897,29.899700999999997,0.090259296418397,0.06459818578300681,0.7958942814879726
898,29.933034,0.07249747291240197,0.06627566562521825,0.801335471305871
899,29.966366999999998,0.05719619912494669,0.1916652883955872,0.8498607282410945
900,29.999699999999997,0.05622734078225399,0.24621307757175076,0.8498517404605191
901,30.033033,0.057234103123710335,0.2686027958773094,0.8476963995227781
902,30.066366,0.05697600360851983,0.27636308298858797,0.8345596245992457
903,30.099698999999998,0.059284453347353216,0.2723914018975455,0.8220764250338068
904,30.133032,0.05869430558145951,0.2804082469729985,0.8292555331033378
905,30.166365,0.06307834440352995,0.2698468156354196,0.8278239985491879
906,30.199697999999998,0.06183758288628056,0.2804990740802673,0.8247141023798961
907,30.233030999999997,0.06365625954594757,0.3062366853247541,0.8388254384474477
908,30.266364,0.06407098089244484,0.30280106609217905,0.8389212793291075
909,30.299697,0.06387640763206086,0.3050464650589898,0.8435438237842559
910,30.333029999999997,0.06467516639174989,0.3060424992547427,0.8434996603814795
911,30.366363,0.06355290689776896,0.2963375657302163,0.8439152329166458
912,30.399696,0.06510874516793684,0.30784210260744155,0.8461733999225933
913,30.433028999999998,0.06571513453035653,0.30789607776812383,0.849677848655015
914,30.466362,0.10819634719157384,0.3001733440257144,0.8611227475643514
915,30.499695,0.1187813765209949,0.31978516612744445,0.8693483260194577
916,30.533027999999998,0.14664879965318178,0.31988273253225974,0.8809374032564166
917,30.566360999999997,0.16824071545926025,0.3186508507505884,0.8856926116216333
918,30.599694,0.1818122754838038,0.314317533804666,0.881586707014737
919,30.633027,0.18610252675121225,0.3206128205283473,0.8747138279512411
920,30.666359999999997,0.17813478101420313,0.3291294948044253,0.8751953965163846
921,30.699693,0.16012510132384042,0.30976750720262747,0.8598281519190039
922,30.733026,0.1600414139654911,0.3016971445921769,0.8418648382199975
923,30.766358999999998,0.16014070366488864,0.2956499791332228,0.8274331807673422
924,30.799691999999997,0.15636418744972397,0.29725048083279504,0.8203754554984318
925,30.833025,0.14615268615768687,0.30207526564618026,0.8152999983754593
926,30.866357999999998,0.14490342324221664,0.2934786099333355,0.8152022351229016
927,30.899690999999997,0.1438971768812119,0.2987314772985687,0.8154289341475758
928,30.933024,0.13648680808369,0.29219277317604037,0.8120353277597978
929,30.966357,0.13209013152411891,0.29855401983402596,0.8151471499950826
930,30.999689999999998,0.12820049019382487,0.28784659108602284,0.8063046344348233
931,31.033023,0.11517480355197357,0.29742048581881053,0.8082556324580885
932,31.066356,0.10811560489428831,0.29702899158481055,0.8059038709743235
933,31.099688999999998,0.11599484607486095,0.30164660660021075,0.7924335202921479
934,31.133021999999997,0.12065776679434165,0.29855262343310635,0.8140871378011688
935,31.166355,0.11774688819826586,0.30182395698474734,0.7899297119723678
936,31.199688,0.1142010185739345,0.30442882728970044,0.8068032717381882
937,31.233020999999997,0.11908943941861866,0.307701870676129,0.8022170331249776
938,31.266354,0.12187546619371063,0.3135554265633085,0.8073707355373315
939,31.299687,0.13254396750133626,0.30321529735865305,0.8070923790203236
940,31.333019999999998,0.12345575115945005,0.30509603423710613,0.8196141720654238
941,31.366353,0.1267055372959081,0.30436302416812955,0.8164321908976706
942,31.399686,0.12524422711967528,0.30250675028527085,0.8393431837300982
943,31.433018999999998,0.12803513414169648,0.2934017280125484,0.8328018197923525
944,31.466351999999997,0.12443526233062215,0.2882197837878563,0.8295377285454244
945,31.499685,0.12794022693422027,0.2870570201917345,0.8305253624484176
946,31.533018,0.12979104192225427,0.27971104390830503,0.8379908061066168
947,31.566350999999997,0.12434298432100366,0.27326618554734206,0.8604506690988122
948,31.599684,0.12322552500982095,0.26293357085701946,0.8802160243779824
949,31.633017,0.13877718980654086,0.2526909063286105,0.8814501883056624
950,31.666349999999998,0.12575820754668926,0.2517216343664922,0.8811598586197222
951,31.699682999999997,0.12745530266334515,0.25475159140526293,0.8853067889058653
952,31.733016,0.1356882657368835,0.24864104448005747,0.8760718538992719
953,31.766348999999998,0.13009782704528333,0.2515448268065402,0.8981640564930549
954,31.799681999999997,0.1344929498453674,0.2465235066136999,0.9062376140880685
955,31.833015,0.14003663014247503,0.25612184145509226,0.9075172088296692
956,31.866348,0.13523100480920044,0.24829478599490656,0.8967762971468057
957,31.899680999999998,0.1326356845138205,0.2514722988534298,0.8918419724909636
958,31.933014,0.12302358838932052,0.24841830394488296,0.8961706947654872
959,31.966347,0.10853584949945601,0.24715768084584838,0.883322572539095
960,31.999679999999998,0.07264673933503524,0.2451940456101892,0.8863673602587554
961,32.033013,0.06620719326377103,0.24694878520749314,0.900240889550144
962,32.066345999999996,0.06713096384042883,0.24292419070851773,0.8948350595205886
963,32.099679,0.09768611241957532,0.23077474513842738,0.90165915609636
964,32.133012,0.13406911641417554,0.22800464999604803,0.9034674847620804
965,32.166345,0.14678895276435386,0.21945855979530923,0.9111217885798812
966,32.199678,0.15402331904613037,0.22309537038483604,0.9192081109382799
967,32.233011,0.15980116875222292,0.2122680185147136,0.9289923007145611
968,32.266344,0.1717549196591587,0.21206019289393313,0.9326209644352392
969,32.299676999999996,0.17607691316104035,0.19911138955205188,0.9475450946768154
970,32.33301,0.1846885147838274,0.1630392141219269,0.9607323886340514
971,32.366343,0.19629635639173384,0.1243950834234083,0.9574240468141849
972,32.399676,0.1984747012076177,0.1580052808296094,0.9612580700641927
973,32.433009,0.1939720960160013,0.20031738900178117,0.9700114066474022
974,32.466342,0.19719116085598984,0.2282701848853862,0.9509726642034247
975,32.499674999999996,0.20234697145851016,0.23856803687220818,0.9502428728823227
976,32.533007999999995,0.20655421310621494,0.2579410444132907,0.9470984649766964
977,32.566341,0.20899883619125842,0.2551268245423642,0.9490135828177769
978,32.599674,0.2109745030569084,0.2590692023677994,0.9558575571757439
979,32.633007,0.22260209615471882,0.26202095243399337,0.9688348060257714
980,32.66634,0.2229293126899837,0.25320659857851885,0.9641178436069358
981,32.699673,0.22385492788580078,0.2572011353733881,0.9752225269667988
982,32.733005999999996,0.21910295502496757,0.2614862432307643,0.9648245136211758
983,32.766338999999995,0.22223473610217198,0.24836590790474056,0.9757820025173134
984,32.799672,0.2229526945716847,0.24493206150150182,0.9785513558576269
985,32.833005,0.21703318255006496,0.2383402522329815,0.9944142842957917
986,32.866338,0.21771300798366025,0.24400482711725777,0.9973239862303417
987,32.899671,0.23023006352257586,0.2363269023233761,1.0052954973013064
988,32.933004,0.24498496044039597,0.2448951928020719,1.0179426282029111
989,32.966336999999996,0.2573124647009404,0.2328615660809988,1.0401511911440535
990,32.99967,0.2849677517605252,0.23120662343258633,1.0426022400997221
991,33.033003,0.28063747988825305,0.23940952362813486,1.0492136619347006
992,33.066336,0.2853308094416849,0.18651646594051569,1.0538338763560342
993,33.099669,0.2939046101995182,0.14075869050854756,1.0575532639272405
994,33.133002,0.298309133119959,0.0973535435785921,1.037797961150489
995,33.166335,0.31059760706655826,0.1214026727575282,1.0705913897722334
996,33.199667999999996,0.3187595341251195,0.14601836560116954,1.0846913887508425
997,33.233001,0.32790483115780733,0.1459067338226345,1.089547245540094
998,33.266334,0.32945801239651523,0.140912118147834,1.098177441592919
999,33.299667,0.3420410359746526,0.14502821944975944,1.1152427547207606
1000,33.333,0.33748827819706373,0.14441602432494988,1.1112909131905988
1001,33.366333,0.35220367024426885,0.16542757282990256,1.1211965659650962
1002,33.399665999999996,0.3715858987920517,0.16239327518376317,1.1208210800333733
1003,33.432998999999995,0.3851772912410826,0.17309534482999808,1.1294922040204094
1004,33.466332,0.4000854878259721,0.1798112785332467,1.146411567069898
1005,33.499665,0.40716696287570825,0.18204361983285058,1.1473179426118507
1006,33.532998,0.41734548743056704,0.1827606581217373,1.1481622670251437
1007,33.566331,0.4294196078722561,0.16895436519794774,1.1619995381626134
1008,33.599664,0.43013818164830214,0.19331726236992186,1.1754557688279932
1009,33.632996999999996,0.437618672314015,0.18684858809669114,1.1879909404368998
1010,33.666329999999995,0.4398907715465808,0.18315976163050335,1.2115482112788263
1011,33.699663,0.44833839793944247,0.1745446194806659,1.2070830832920363
1012,33.732996,0.45812117847264533,0.1802826859061501,1.2135265778726099
1013,33.766329,0.45951556229548135,0.16411390784173838,1.2208584697186229
1014,33.799662,0.47527027673453504,0.16712096418074368,1.239628210915103
1015,33.832995,0.49564546917649666,0.1857910713176324,1.2744215760826947
1016,33.866327999999996,0.5060237023399619,0.18775123588209255,1.273240402367169
1017,33.899661,0.5155170612308703,0.18563020780263834,1.2821284851454293
1018,33.932994,0.5119917758722341,0.18913167700906042,1.282716624241067
1019,33.966327,0.5231912298472587,0.18270521608239376,1.2770842775795577
1020,33.99966,0.5013675103360783,0.18656315368775195,1.2815649125010944
1021,34.032993,0.48781240481698723,0.17622565079704627,1.2750453986787982
1022,34.066326,0.5019250829796523,0.1970405737032228,1.2867537651099858
1023,34.099658999999996,0.49185474689478453,0.1945889366279704,1.286985987566366
1024,34.132992,0.48379623200338717,0.1946560937983723,1.2851341616146912
1025,34.166325,0.47568470840901056,0.19510274241865874,1.2834950137694898
1026,34.199658,0.4656969772178335,0.18759608628859897,1.272911499236757
1027,34.232991,0.43185279789631,0.20046621782974783,1.257014285549479
1028,34.266324,0.4026134104800292,0.1936001932820714,1.244489094157545
1029,34.299656999999996,0.3425644482840268,0.18435964732603047,1.1980709716898954
1030,34.332989999999995,0.32793422088860935,0.18720136642897087,1.1626485624145324
1031,34.366323,0.30082736824574774,0.17891534611594084,1.1469408814707882
1032,34.399656,0.2813944559477558,0.1873691104020916,1.1193969560126575
1033,34.432989,0.24001967525828294,0.20035857363577117,1.0733618619913903
1034,34.466322,0.21174731033087912,0.20326825041791005,1.0672246892762038
1035,34.499655,0.19159527224857098,0.20810323500769168,1.0408519734511479
1036,34.532987999999996,0.16706814511932652,0.226432048424421,1.0087225423811552
1037,34.566320999999995,0.1617444808823702,0.22150778681940736,0.9947358074958329
1038,34.599654,0.15622584560931693,0.21771394545079012,0.980321841111976
1039,34.632987,0.1543677317937467,0.23136305799174794,0.9561942349248956
1040,34.66632,0.14641922653085732,0.2500415244152123,0.9299113784794115
1041,34.699653,0.1565815787813192,0.24935877170465381,0.920251186723206
1042,34.732986,0.1483062215918219,0.2442789906030882,0.9210678886947584
1043,34.766318999999996,0.14844225660876745,0.24770776847039339,0.9045441356549161
1044,34.799651999999995,0.14533537064591587,0.22707212210972522,0.9060853912690242
1045,34.832985,0.14708460918916427,0.2233403159357938,0.8986832066209759
1046,34.866318,0.12933847153243722,0.22488915558012293,0.8970669747451224
1047,34.899651,0.07465749431797211,0.19088736196441589,0.8683317008077889
1048,34.932984,0.07436755996509094,0.2077611905175567,0.8713511886512326
1049,34.966317,0.07935214122419212,0.2501786971820361,0.8874278109455668
1050,34.999649999999995,0.0794875116574924,0.24461845397863197,0.8971481624504364
1051,35.032983,0.08231242261398165,0.253008688962545,0.8924824266576467
1052,35.066316,0.08573767581321907,0.2510135534490557,0.8885128526107325
1053,35.099649,0.08538815100200196,0.2521025919354475,0.8945857343963609
1054,35.132982,0.08549580179078642,0.2500329955057547,0.8931810885573224
1055,35.166315,0.08455780697617009,0.2587144588651741,0.8905315595187699
1056,35.199647999999996,0.08519969042247844,0.258713645132685,0.8979598355087319
1057,35.232980999999995,0.08518686882161036,0.266254878896534,0.8822069304034276
1058,35.266314,0.08722525403495276,0.2797741448841989,0.89961878458565
1059,35.299647,0.14375422723999343,0.25865436527053437,0.9199949889606251
1060,35.33298,0.1879784323325023,0.25587879457912405,0.9329071412816184
1061,35.366313,0.19775969532829243,0.19688310815946353,0.9444902008000736
1062,35.399646,0.21407514271008773,0.05904262858164463,0.943800842452152
1063,35.432978999999996,0.2176612440094339,0.04658406834054759,0.92045397033404
1064,35.466311999999995,0.21544530940976983,0.1657207070864622,0.932476256134871
1065,35.499645,0.20887650579922887,0.2144206004914288,0.9153363397177712
1066,35.532978,0.18986701759409594,0.23901025209587928,0.8819922508197892
1067,35.566311,0.13869314680565387,0.24509980093787348,0.8726198079179585
1068,35.599644,0.07933200940750466,0.2616283307071495,0.8710988434199205
1069,35.632977,0.07829059951368059,0.2513463075282385,0.868629143775866
1070,35.666309999999996,0.07977482406940024,0.2549580083735168,0.862596457267587
1071,35.699642999999995,0.14409542922473506,0.2605925442666352,0.8743382319486204
1072,35.732976,0.16603799710347952,0.253877494484327,0.8665847232297732
1073,35.766309,0.1667289938712253,0.2552095056620301,0.8775476912052523
1074,35.799642,0.16615498159249437,0.24208051668096162,0.872830411805068
1075,35.832975,0.16140511060769275,0.24387189972468984,0.8613464547913361
1076,35.866308,0.15863066048137955,0.23672545531222466,0.862591616170773
1077,35.899640999999995,0.16206731942713723,0.24362858810726512,0.8505303268345699
1078,35.932974,0.16324038133155325,0.24038868482873502,0.8531019856739716
1079,35.966307,0.13271930607633892,0.23866436523487275,0.8485274548959274
1080,35.99964,0.07335447018534531,0.18565200688528904,0.8477811459215804
1081,36.032973,0.07015526586264291,0.07017809661983351,0.8092939792385603
1082,36.066306,0.0688335407793684,0.07990289831300017,0.80543807304965
1083,36.099638999999996,0.12673547652495476,0.15768380054481695,0.8309903201649743
1084,36.132971999999995,0.1352758424772877,0.22730552868280318,0.8443599962418546
1085,36.166305,0.12166823839442781,0.24686891439389724,0.8526125977186693
1086,36.199638,0.0787649846785977,0.2658355088378043,0.8506428634826267
1087,36.232971,0.06473825988258038,0.2590669221222805,0.8639770377365456
1088,36.266304,0.06258148182520774,0.2580249125667405,0.8641874289442263
1089,36.299637,0.1103792246360173,0.25140137864379236,0.8528024735481818
1090,36.332969999999996,0.14896034127329386,0.24236416358523416,0.8776199301286506
1091,36.366302999999995,0.16473383681870377,0.25441335010880295,0.8817763878160102
1092,36.399636,0.17185543582737406,0.25927575084775634,0.8742893873025243
1093,36.432969,0.16931314604636444,0.26775678161816996,0.8792881754975621
1094,36.466302,0.1687608903362964,0.2662419603522358,0.876705160404475
1095,36.499635,0.16692703977174153,0.27204560318333015,0.8677876408907862
1096,36.532968,0.17124425668962215,0.26486564665406953,0.8806821601343457
1097,36.566300999999996,0.17240070582050213,0.2598686731189281,0.8804866232685736
1098,36.599633999999995,0.1754625927326326,0.2634569277895521,0.8918484971073289
1099,36.632967,0.17628467966564856,0.26343318676548555,0.893875312998724
1100,36.6663,0.17308307614814647,0.27459665667006766,0.9013620991051517
1101,36.699633,0.16876787888193498,0.262922183366951,0.8907704273982568
1102,36.732966,0.17111167570997618,0.2704725235660337,0.8979055202113257
1103,36.766299,0.16418331543271272,0.26435964246970844,0.8954052174482824
1104,36.799631999999995,0.16806476341164966,0.26217408118080104,0.8819867773165878
1105,36.832965,0.16347960715155982,0.2685018503094372,0.8906218035892968
1106,36.866298,0.16041406764772037,0.2653201392501253,0.8950790493514341
1107,36.899631,0.16170605854149708,0.27057115076994076,0.8984646272731466
1108,36.932964,0.15866974348519744,0.26749775297657646,0.8956659177164416
1109,36.966297,0.15861403664793897,0.2716304222442742,0.8967545262795459
1110,36.999629999999996,0.16110054244670566,0.2686189095887325,0.8969886628550693
1111,37.032962999999995,0.1594920759387093,0.2672205112126696,0.9001115108543151
1112,37.066296,0.1605108827967576,0.2656726491003335,0.8943384298132527
1113,37.099629,0.1602127762877894,0.2958309526484804,0.8970712067073651
1114,37.132962,0.16095308278110962,0.2691225183597667,0.9012946840271657
1115,37.166295,0.15928783601109925,0.27053981015989637,0.9044956427814973
1116,37.199628,0.16167809553076604,0.2755486436232307,0.9003417234304159
1117,37.232960999999996,0.1605240826436451,0.2714051096436628,0.8968994791574382
1118,37.266293999999995,0.1594644607824986,0.28328560134323993,0.8760882368578309
1119,37.299627,0.1546187740383502,0.2868048067520949,0.8870587991747547
1120,37.33296,0.15915670494641349,0.2862271233225084,0.8791924160614868
1121,37.366293,0.15385502241040516,0.29340565413563346,0.8845039820897588
1122,37.399626,0.15013580269479213,0.299120576662923,0.8636813803744361
1123,37.432959,0.1463092567920027,0.29989792412802635,0.8602406201710173
1124,37.466291999999996,0.14107598397403315,0.28644226283397295,0.8439922558915984
1125,37.499624999999995,0.13532309862927677,0.30040689560774236,0.8493398936941358
1126,37.532958,0.12872107720566667,0.3098282179153671,0.8411655431199148
1127,37.566291,0.12202588348930059,0.3077708140039148,0.8226080431242995
1128,37.599624,0.07623348918389883,0.3001870102708218,0.8017198120342726
1129,37.632957,0.06516846825207932,0.28537348552284725,0.8017799878026438
1130,37.66629,0.061116618411330884,0.28499545186385755,0.7860334508880763
1131,37.699622999999995,0.06107546466259091,0.28034441150832007,0.7907465930010547
1132,37.732956,0.06275426315369714,0.28276853545251013,0.792360123002714
1133,37.766289,0.06337688184790174,0.28303077277553657,0.7817340099372279
1134,37.799622,0.06377844894602895,0.28876385187716047,0.7845405314384671
1135,37.832955,0.06363874427243034,0.279782451780816,0.7873002270466174
1136,37.866288,0.06411257320918369,0.27354695915143995,0.7831928803348166
1137,37.899620999999996,0.062392174207809105,0.2771733514502827,0.7840053758496571
1138,37.932953999999995,0.06319348118510316,0.2708702327949384,0.7835790852870242
1139,37.966287,0.06466033764005176,0.26988715707565614,0.784140306916637
1140,37.99962,0.06421532338987485,0.26291132753777324,0.7838757471132078
1141,38.032953,0.06393526535955796,0.26010619919562894,0.7888087943028022
1142,38.066286,0.0668596990503507,0.26263693738858707,0.7921285055529864
1143,38.099619,0.06820695136239811,0.2672490374486386,0.7895802649304253
1144,38.132951999999996,0.06695579747775311,0.26950725430909067,0.7904827562064982
1145,38.166284999999995,0.06746381383022393,0.2711703826791716,0.7871259187880285
1146,38.199618,0.06940080957117437,0.26971693983650863,0.7828951139496929
1147,38.232951,0.07012098506005424,0.27022379468913316,0.7976972995229372
1148,38.266284,0.06842038517136877,0.27721957257230606,0.7895119770024802
1149,38.299617,0.07153717448508785,0.2766371381482229,0.7915281760425938
1150,38.33295,0.0764392365528084,0.27364835420658673,0.7915867010608109
1151,38.366282999999996,0.1343384953739496,0.2803809499313096,0.8020340187792289
1152,38.399615999999995,0.15253680325633173,0.2714650099829652,0.8120270297060237
1153,38.432949,0.1588767585437109,0.27133539472696505,0.8010414722972544
1154,38.466282,0.16280815680303853,0.2801398606969342,0.8208427868355872
1155,38.499615,0.16781398562532654,0.28404929264801504,0.8185715602485878
1156,38.532948,0.15774920423610136,0.2893424720630349,0.8197489583619118
1157,38.566281,0.15650925449496453,0.28266499489668506,0.8099579239961094
1158,38.599613999999995,0.15907630926664892,0.2892760320970429,0.8067337136393721
1159,38.632947,0.15761488655625894,0.28725219687582515,0.8075898865737575
1160,38.66628,0.15437909685586051,0.27926699632893326,0.8112098795852191
1161,38.699613,0.15314600705732234,0.27409635599305504,0.8043094346288003
1162,38.732946,0.14829926596874818,0.283965627541083,0.8168548752111743
1163,38.766279,0.1549747709842426,0.27099521755153955,0.8177868386481627
1164,38.799611999999996,0.14767211814677433,0.27508947866031325,0.8274625719643486
1165,38.832944999999995,0.1477387383610289,0.2795733579785624,0.8461854829462913
1166,38.866278,0.140140019886461,0.27029664715103985,0.8500891712305771
1167,38.899611,0.14278070192061226,0.2826364850422749,0.8633753554831003
1168,38.932944,0.12816590000040728,0.27046045190707213,0.8706225023639526
1169,38.966277,0.1204676936380178,0.2804933648448812,0.8683032193081702
1170,38.99961,0.10060507861427194,0.282366546794105,0.8623939286015128
1171,39.032942999999996,0.07428973419271467,0.27347473238878306,0.8677262736005796
1172,39.066275999999995,0.07247113046724081,0.2534602777596345,0.8529234590040027
1173,39.099609,0.07244770505583846,0.2079792556271598,0.8610819496331823
1174,39.132942,0.07331080488284762,0.20066668090653125,0.8630436613049673
1175,39.166275,0.0736715252119485,0.20928994601117393,0.8550103879373365
1176,39.199608,0.07191417016128547,0.23070751287243704,0.8642424643600918
1177,39.232941,0.0732127269268452,0.24115920842683533,0.8651856437880441
1178,39.266273999999996,0.06978102481284165,0.2476442328155925,0.8595032939232624
1179,39.299606999999995,0.07133390189909969,0.2542563470577255,0.8706613967923338
1180,39.33294,0.07085533674220983,0.24610507231712564,0.8641170003306713
1181,39.366273,0.07052739113131243,0.23252307258511934,0.8698679499867611
1182,39.399606,0.07170253569669785,0.1854020027659825,0.8653847386290063
1183,39.432939,0.07023745209361457,0.13455112470004502,0.8619770001692596
1184,39.466272,0.07024409941372367,0.17487985930742672,0.857191473577234
1185,39.499604999999995,0.07276837066820108,0.21344413472049595,0.8589235508603927
1186,39.532938,0.07065408725673657,0.22719655940042138,0.8615902736677576
1187,39.566271,0.07008739803470218,0.24317321617902593,0.8569695482899411
1188,39.599604,0.06930143685732065,0.24127680120895958,0.8651837062331947
1189,39.632937,0.06879482686206902,0.258298873029698,0.865593916337261
1190,39.66627,0.06781048708151419,0.2511704578788849,0.8638357670063956
1191,39.699602999999996,0.06957705004422225,0.2618555762615164,0.863282572236588
1192,39.732935999999995,0.06960179479880893,0.2684324931974544,0.8540742319324688
1193,39.766269,0.06902573321372793,0.26842922979332984,0.838812767662284
1194,39.799602,0.07013577276640934,0.2622938466608866,0.8572060604319077
1195,39.832935,0.06998125033073682,0.2602605931503148,0.8512433032186351
1196,39.866268,0.07061833954095731,0.2691004415427714,0.8417907882084692
1197,39.899601,0.07124557845286117,0.27114282876274143,0.8542549220520879
1198,39.932933999999996,0.06995833795370184,0.2727149093457962,0.8440523384090631
1199,39.966266999999995,0.07102508034420014,0.26943901700660056,0.8478073870730641
1200,39.9996,0.0708890472909357,0.2682848237391832,0.8482387404485902
1201,40.032933,0.07047537088226813,0.26105811094948184,0.849122630952348
1202,40.066266,0.07116366369402449,0.2629577023588497,0.8637311842330222
1203,40.099599,0.0690147363315446,0.26848308639665835,0.8670400002566208
1204,40.132932,0.07118621613223798,0.26725465097931317,0.8780604228799651
1205,40.166264999999996,0.07384020292234875,0.2817844769674523,0.8828114745877713
1206,40.199597999999995,0.07540592180924703,0.2800762016590547,0.8834268879984359
1207,40.232931,0.07351175270503943,0.27916993832078973,0.8846779600257709
1208,40.266264,0.075612844401816,0.2798942426302569,0.8819057691186755
1209,40.299597,0.07545199218486982,0.27756875463272634,0.882476356776816
1210,40.33293,0.07634890742712139,0.2779505978124465,0.8824029629020463
1211,40.366263,0.07674256657778342,0.2726731546576553,0.8808538096547983
1212,40.399595999999995,0.11551475234789255,0.28041867398626635,0.8864489819770889
1213,40.432929,0.13367599267365673,0.27884860796981603,0.8914836180755149
1214,40.466262,0.14468349584318482,0.28354322411514055,0.8962627394478082
1215,40.499595,0.15450010407470605,0.28026601846630333,0.9011244952169015
1216,40.532928,0.15571029505146794,0.27699816345772776,0.9019180511159387
1217,40.566261,0.1477408983286548,0.281085202156226,0.9086435490197936
1218,40.599593999999996,0.15865627203991584,0.27950648790278565,0.9063203879492107
1219,40.632926999999995,0.16002372015961772,0.2805942950346023,0.9133428931956195
1220,40.66626,0.16129302565209128,0.27511993055077655,0.9112517514294581
1221,40.699593,0.15788349141133537,0.2790494734478774,0.913324109990418
1222,40.732926,0.16250525976606164,0.2763256698027567,0.9018240688613322
1223,40.766259,0.16549082260026038,0.27723228611483586,0.9125926595403314
1224,40.799592,0.16054424810284523,0.2785290149669365,0.906428594611585
1225,40.832924999999996,0.1593871522125242,0.2742257516640644,0.8955645636689977
1226,40.866257999999995,0.16635726822715255,0.2780970358827265,0.9031335587178854
1227,40.899591,0.16170235613659364,0.27483084177447825,0.8918241767074274
1228,40.932924,0.164625476130597,0.2778668674557163,0.8890542473035727
1229,40.966257,0.16653671406343784,0.27952298776863593,0.8877988255053388
1230,40.99959,0.1617695129006414,0.2819283581088631,0.8916063522711348
1231,41.032923,0.15649203902169978,0.2832860826748581,0.8893659269803418
1232,41.066255999999996,0.15804809138504122,0.2778228696792879,0.8933661998230747
1233,41.099588999999995,0.15223681231630007,0.28454046603539473,0.89669703849651
1234,41.132922,0.15577638998870874,0.2803006173356255,0.8886549945133887
1235,41.166255,0.15794298360643316,0.27861914339053473,0.8918126820185966
1236,41.199588,0.15143847385917683,0.2811492169545405,0.8915050880530669
1237,41.232921,0.16250333447814486,0.27981368957618286,0.8888089231153872
1238,41.266253999999996,0.1516315808310241,0.2801977088467735,0.890746935718971
1239,41.299586999999995,0.154341531811375,0.2836307281988195,0.8838301646610266
1240,41.33292,0.1614287803189344,0.27961086777380184,0.8908251050012638
1241,41.366253,0.15381578030116222,0.27937036002440635,0.8903769999970487
1242,41.399586,0.15068289984033825,0.28214100978583023,0.882782471032258
1243,41.432919,0.1550682765739827,0.28178184897261604,0.8784927304978004
1244,41.466252,0.15007716965521586,0.28334825494879595,0.8816528685185347
1245,41.499584999999996,0.14948362998368217,0.27986608286410625,0.8924192358377268
1246,41.532917999999995,0.13802170582134515,0.28294816254460875,0.897636651089503
1247,41.566251,0.12487855767192911,0.2811297650972002,0.8811342031962823
1248,41.599584,0.14403861115189967,0.2750875941154145,0.8846461899260996
1249,41.632917,0.13481643883429026,0.2828508316168239,0.8898759009808992
1250,41.66625,0.13204323415858357,0.27624460453450017,0.8737322304212776
1251,41.699583,0.12734043859726502,0.26958081920316834,0.8725211642185486
1252,41.732915999999996,0.12510896938144084,0.2675217637016916,0.8730401150889561
1253,41.766248999999995,0.12623106193363381,0.271157100991857,0.8737797640273172
1254,41.799582,0.12164040597333442,0.2690721525852039,0.8764933425618677
1255,41.832915,0.14259811023216876,0.2718446425724675,0.8746812193088718
1256,41.866248,0.1443767341223097,0.2777067841995335,0.8732708569089612
1257,41.899581,0.16064386929716173,0.27636725866480993,0.8644331643876056
1258,41.932914,0.1552887890505024,0.25863512563416724,0.8657866599816996
1259,41.966246999999996,0.16060169219631337,0.22101767066130462,0.8712939008113065
1260,41.999579999999995,0.1615191601103307,0.1885210682774201,0.8684750471581252
1261,42.032913,0.16775455088780153,0.14929057397763013,0.8548607500247333
1262,42.066246,0.1592860435412344,0.19411682129169422,0.8516027259929264
1263,42.099579,0.15009362817174268,0.21402748351998424,0.8726128912937133
1264,42.132912,0.13611613594095137,0.24223721508356982,0.8879533459128801
1265,42.166244999999996,0.1449508045018959,0.24932546925412474,0.8846666929263955
1266,42.199577999999995,0.14516882374494947,0.27404961144835016,0.8918517546004645
1267,42.232910999999994,0.15450646555870975,0.27327564216598454,0.8958924746389185
1268,42.266244,0.15093724875503894,0.27958369173970954,0.9045403012088162
1269,42.299577,0.14986527277609166,0.2692760045039122,0.8958711170225727
1270,42.33291,0.15213294519480458,0.26757842143345134,0.8923284476292251
1271,42.366243,0.1473840535338407,0.27133379992265,0.8849710908442477
1272,42.399575999999996,0.1477522727690774,0.26317881027697254,0.8872245753445961
1273,42.432908999999995,0.15100973873467363,0.2645897704395781,0.8819750554016401
1274,42.466242,0.15137236696527484,0.2667233132705016,0.8831611720640691
1275,42.499575,0.14882572168732838,0.272193888260347,0.8883060723862968
1276,42.532908,0.14761947439288559,0.2765301806657523,0.8917709269954686
1277,42.566241,0.1505046296881735,0.2796737631891054,0.8895781860441366
1278,42.599574,0.15005231827212137,0.27949663407312464,0.9010748791949242
1279,42.632906999999996,0.1461593415347355,0.26867614969705583,0.89207848346509
1280,42.666239999999995,0.1501247307099974,0.27171091507653633,0.8846076215179938
1281,42.699573,0.14851854165027378,0.2684549796716639,0.8716677972380605
1282,42.732906,0.14465969814052596,0.2739190236996325,0.8893798766441209
1283,42.766239,0.13966040162738674,0.270804476473989,0.8820570670728066
1284,42.799572,0.13845506663631627,0.2545956155054796,0.8750113661543876
1285,42.832905,0.11435979118265809,0.17755319554989124,0.8949875141795988
1286,42.866237999999996,0.10818707908693041,0.06776038163986814,0.8930724444094608
1287,42.899570999999995,0.08978412431419407,0.09847766087223808,0.8763423104416682
1288,42.932904,0.08806102422826052,0.20205677993572335,0.8630225849158526
1289,42.966237,0.09760841369297088,0.22555228094262306,0.8474183569959653
1290,42.99957,0.08624819922633799,0.25820909547181603,0.8294927894305166
1291,43.032903,0.08460735344029852,0.26915867986064035,0.8447857144673179
1292,43.066235999999996,0.08448212010133244,0.26744495482981956,0.8361865022514338
1293,43.099568999999995,0.08754890243751827,0.2728362188084224,0.8345474213683503
1294,43.132901999999994,0.0837263212782186,0.2771442149878297,0.8259262160766868
1295,43.166235,0.0854253247331278,0.2772316535908416,0.8207786105204847
1296,43.199568,0.08525941846822387,0.27475479882591813,0.8179971015977898
1297,43.232901,0.08323235733675119,0.2772479102777454,0.8109623959031417
1298,43.266234,0.08478989780295322,0.28177572571566833,0.8199580477936932
1299,43.299566999999996,0.08263108180459178,0.2755697854631223,0.8204699467163986
1300,43.332899999999995,0.08285407318076297,0.2788440574314506,0.8167411303961878
1301,43.366233,0.08246042700996528,0.2798035202454905,0.8204455084733275
1302,43.399566,0.08153629732698149,0.27584309672462354,0.8188855503785747
1303,43.432899,0.08005359074794594,0.2734810600889363,0.8194645356278538
1304,43.466232,0.08126245048856798,0.27081165843511346,0.8233050347332536
1305,43.499565,0.0810467687050652,0.26889620375161555,0.8153886293502104
1306,43.532897999999996,0.08036092687492712,0.2701138679182197,0.8216188145395229
1307,43.566230999999995,0.0804994162097878,0.2779494075425779,0.8164328988401137
1308,43.599564,0.08000684452788376,0.2771056541353283,0.8266945415248577
1309,43.632897,0.08046118853997956,0.27529262726148457,0.8269530993701754
1310,43.66623,0.08009325512055483,0.2761428104542498,0.8156687967228219
1311,43.699563,0.07879365135523586,0.27789842137163756,0.8438359067854642
1312,43.732896,0.08058959159324255,0.2735255610024984,0.8272363355942056
1313,43.766228999999996,0.07874704936593747,0.2727106625330698,0.8325785676514673
1314,43.799561999999995,0.07827720434670865,0.27510978418150445,0.8332892475387614
1315,43.832895,0.07883511280382813,0.2681684305426764,0.8236839060369843
1316,43.866228,0.07924914164314419,0.2702873792467268,0.8209679536359978
1317,43.899561,0.07977697023351697,0.2738128928571964,0.8189688924166885
1318,43.932894,0.07794960455280325,0.2751078475264898,0.8039878936767981
1319,43.966226999999996,0.07800943345665937,0.27523200215818255,0.8141909673054635
1320,43.999559999999995,0.07697797261163862,0.273661327863304,0.8028541767636208
1321,44.032892999999994,0.07750812373554772,0.28269654405234335,0.8055788474304918
1322,44.066226,0.0751040176448123,0.26023547681365117,0.8141603963746262
1323,44.099559,0.07385614867514045,0.12076904223172763,0.8204291891886503
1324,44.132892,0.07025158162990518,0.04165187828062871,0.801509055289667
1325,44.166225,0.06641299240648943,0.19010292234428644,0.8048880483475829
1326,44.199557999999996,0.06645201369145419,0.27287331169731527,0.8142063576189766
1327,44.232890999999995,0.06404553996592534,0.3086559542371005,0.8288877803545717
1328,44.266224,0.06329134045804197,0.30792780984096646,0.8188900018666345
1329,44.299557,0.05973274820218888,0.3032078959138155,0.808104556727791
1330,44.33289,0.05872128239329036,0.30401274549958235,0.8175318682323434
1331,44.366223,0.05584966883980269,0.30094296194994397,0.8273286229900088
1332,44.399556,0.05318227327819944,0.31446404313921816,0.8226911883059286
1333,44.432888999999996,0.0535602223393733,0.3135895363537037,0.8344604767274774
1334,44.466221999999995,0.051164388128270115,0.3099902954270707,0.8249153058860296
1335,44.499555,0.051930516853684563,0.31925818843003284,0.8346063659214386
1336,44.532888,0.07892116558713276,0.32419100496172126,0.8311678552864498
1337,44.566221,0.08919852542703584,0.31160149094966855,0.8383299675067895
1338,44.599554,0.10096827108086315,0.31596060869696474,0.8408007732153201
1339,44.632887,0.10509976912510732,0.3098212172718571,0.8404937416828219
1340,44.666219999999996,0.09197687540737817,0.3156352143860379,0.8529817993061222
1341,44.699552999999995,0.09851145777124268,0.3095070606059663,0.8575787860682893
1342,44.732886,0.10887845426586605,0.3166004975050195,0.8574168539703656
1343,44.766219,0.10954301989766636,0.3045624750339808,0.8653209851297211
1344,44.799552,0.11642178025539193,0.311501919271373,0.8694610726297399
1345,44.832885,0.12779332743941782,0.30809378261102993,0.8624437328412039
1346,44.866217999999996,0.13498469855664985,0.30729850889585164,0.8677114480759377
1347,44.899550999999995,0.13662203513616647,0.318746021538708,0.8593590822119181
1348,44.932883999999994,0.14415864801668218,0.31020458689738806,0.8675009368209416
1349,44.966217,0.16284151083119938,0.3134558853995,0.8660301119913735
1350,44.99955,0.16690193148471444,0.3082243944157227,0.8678689907203233
1351,45.032883,0.19063454118115974,0.3109128272617141,0.864730484285083
1352,45.066216,0.20756210830003938,0.3065537077648396,0.8683970903276184
1353,45.099548999999996,0.214322305244172,0.30390610762171455,0.8766906682572929
1354,45.132881999999995,0.2343944747909772,0.30218029301076327,0.8729574722735535
1355,45.166215,0.23630957921981532,0.3106119495802877,0.8850468224496117
1356,45.199548,0.2278339492187388,0.31173658233546575,0.8740308053696878
1357,45.232881,0.22913885845888296,0.3101115593535718,0.8722617852245151
1358,45.266214,0.22382670213032596,0.29521575909767217,0.8733170673259821
1359,45.299547,0.20767854251070436,0.30777233857885855,0.8766296297307553
1360,45.332879999999996,0.20393261336707524,0.30013469241454216,0.8675669966216667
1361,45.366212999999995,0.18204711045463573,0.29973677984276365,0.8770989729290571
1362,45.399546,0.17072514317694074,0.30270149319551765,0.8654116677820638
1363,45.432879,0.1292862440342633,0.30490913646105766,0.8738340530208173
1364,45.466212,0.11411807547664325,0.30242394886267715,0.8845072676134422
1365,45.499545,0.10876965183955285,0.3060583002573354,0.8705516489567947
1366,45.532878,0.06148502281833669,0.31260820202394596,0.8687844339722912
1367,45.566210999999996,0.05163658801391432,0.31448764959254055,0.8795157967490984
1368,45.599543999999995,0.049967510651333404,0.303119343347716,0.8906715938891256
1369,45.632877,0.04973435589501714,0.30924817997169574,0.8925050782167222
1370,45.66621,0.04549587829735773,0.30480935344175947,0.9002513498917212
1371,45.699543,0.06314016282974165,0.31676625782406054,0.913744452206632
1372,45.732876,0.1609297549373071,0.3117324700436567,0.923430031321822
1373,45.766208999999996,0.24592892030352134,0.3086596143383886,0.9375830130318061
1374,45.799541999999995,0.3093531574337917,0.31535035771205966,0.9433300953911243
1375,45.832874999999994,0.3376212291440531,0.31467605646352664,0.9461031707005075
1376,45.866208,0.3692654897301367,0.3015192860656055,0.9536600711359033
1377,45.899541,0.3643851327374936,0.3161165016651869,0.9637482383105302
1378,45.932874,0.3793936143535362,0.3044011779861621,0.9603912496482306
1379,45.966207,0.3905609405753961,0.29836599841799216,0.967986378270558
1380,45.999539999999996,0.38833738429252507,0.30168883405302804,0.9609075348394884
1381,46.032872999999995,0.3978899875485522,0.29160039935794213,0.9713900181389701
1382,46.066206,0.40771599112647877,0.2974940125468797,0.9678333807440324
1383,46.099539,0.4212372178597438,0.3130923834770313,0.9861764389764565
1384,46.132872,0.42720113578262897,0.3082353114417874,0.9950176404376123
1385,46.166205,0.4278281482218049,0.30927757015384416,1.0082327842540342
1386,46.199538,0.4444453619666517,0.3168985695933533,1.0118722473647292
1387,46.232870999999996,0.45584872851644537,0.3243672134371809,1.0271901949196873
1388,46.266203999999995,0.4571840610280236,0.3280596373467809,1.0359690548255973
1389,46.299537,0.4599955593463089,0.33065933608481024,1.0444516810393671
1390,46.33287,0.4564967201079095,0.326175353413977,1.0528562285982654
1391,46.366203,0.45960305788025857,0.3245783049024663,1.0398128525580337
1392,46.399536,0.4591789110028976,0.3151501602597143,1.053590133614701
1393,46.432869,0.47860940500700594,0.28233179456535445,1.079134236106009
1394,46.466201999999996,0.4579537567497712,0.2267303447424127,1.076520773712156
1395,46.499534999999995,0.43372293058711925,0.09865852941869574,1.0731809079503143
1396,46.532868,0.39111402538503487,0.13538885946587845,1.0861638538681102
1397,46.566201,0.3547057548153563,0.18875517383323748,1.081651063723454
1398,46.599534,0.3232026328201451,0.22117275610595422,1.0678278584618885
1399,46.632867,0.30390769830931036,0.24370011816189163,1.0704671743454068
1400,46.666199999999996,0.30010907031389833,0.2575808144369628,1.0579852923267854
1401,46.699532999999995,0.307125441223066,0.25552009584282925,1.0456696353602646
1402,46.732865999999994,0.311554637385022,0.2563275343984788,1.0460179880878187
1403,46.766199,0.31869164705620245,0.2520010372975798,1.0612111196850227
1404,46.799532,0.3692288709238989,0.2541803754779638,1.0764052232846424
1405,46.832865,0.3913522468960448,0.24278231643946557,1.0956204685307989
1406,46.866198,0.43277741236960354,0.25986710608861635,1.1252591007102328
1407,46.899530999999996,0.440458664692554,0.2634606887150275,1.1360916766783293
1408,46.932863999999995,0.4553678368057758,0.25609599689932794,1.1400308506765884
1409,46.966197,0.48849096511465134,0.25421810174791737,1.1747681770894187
1410,46.99953,0.4838378597247548,0.23447915739418915,1.1733579203920088
1411,47.032863,0.5050725602539919,0.23979101453989554,1.190225440467987
1412,47.066196,0.4914165501670044,0.23655894357635865,1.2023047961906932
1413,47.099529,0.5096682987096108,0.23430954616060173,1.2101127805851821
1414,47.132861999999996,0.533509275165104,0.22726644165825868,1.2299069095203077
1415,47.166194999999995,0.5498107500236107,0.22126652764722504,1.2352891239235493
1416,47.199528,0.550916415272225,0.231723518433662,1.231100494245709
1417,47.232861,0.5277838248600872,0.21439081782060465,1.220525017408529
1418,47.266194,0.5472436206622157,0.21798223746605822,1.2373789532651
1419,47.299527,0.5431168973699603,0.22769920157916312,1.2296298124493608
1420,47.33286,0.5691184537245836,0.22988992877275216,1.23612844503426
1421,47.366192999999996,0.6076008871284366,0.22845198109300083,1.2420461791646984
1422,47.399525999999994,0.614001000580275,0.22896299573190954,1.248313870701759
1423,47.432859,0.6347948618486373,0.23139340055986535,1.2490785445428165
1424,47.466192,0.6261655632271647,0.22877092934876234,1.241376612718055
1425,47.499525,0.6032681092834831,0.2253130168768362,1.242410510783742
1426,47.532858,0.5905371711886871,0.22506679177005268,1.2463164632838553
1427,47.566190999999996,0.5821320548566812,0.23796822715449872,1.2429783774747956
1428,47.599523999999995,0.5671180527221932,0.23944333279234747,1.2484425038630211
1429,47.632856999999994,0.5706286933902481,0.24199013301700162,1.2406254588100494
1430,47.66619,0.5642587954495626,0.23549367070207752,1.2458748985906132
1431,47.699523,0.5728850268896699,0.21317151031822323,1.2520320074388276
1432,47.732856,0.5503097652562834,0.19482500514336615,1.2639742151136597
1433,47.766189,0.5316941574526726,0.16921440972015944,1.2638370390068125
1434,47.799521999999996,0.5438170213009512,0.17478634178463864,1.2702992778698423
1435,47.832854999999995,0.5106198084139868,0.1825412508517706,1.2599022203877546
1436,47.866188,0.507359726148942,0.19428220670902124,1.2469453274912021
1437,47.899521,0.47604435186543087,0.21237417497303918,1.237866212901101
1438,47.932854,0.4763542922668293,0.22403316032096854,1.220295645591914
1439,47.966187,0.44103193578577515,0.22785420553896216,1.2067176705597629
1440,47.99952,0.4407862685731725,0.23222117505766177,1.1828507218969084
1441,48.032852999999996,0.4122829656303836,0.22806066947525597,1.147587676833416
1442,48.066185999999995,0.3789063409242996,0.23124490650620794,1.1424938251455603
1443,48.099519,0.3674919389729588,0.23085179806859024,1.1310028815998991
1444,48.132852,0.31493058595756457,0.22475363519442965,1.1158963937796673
1445,48.166185,0.2807148298224584,0.22045912285233069,1.1063149050265904
1446,48.199518,0.23511197371401102,0.23400875203110424,1.0781015972725951
1447,48.232851,0.21292718417640638,0.25036272875643417,1.0545510658299602
1448,48.266183999999996,0.1795692071037489,0.2548723442759106,1.0334722405253214
1449,48.299516999999994,0.1723071643990671,0.251034432861705,1.0352279324894273
1450,48.33285,0.17677399370711674,0.24686587056635112,1.0259860421057128
1451,48.366183,0.1655953588486843,0.24662414937437563,1.0098444612800705
1452,48.399516,0.16681943381454245,0.2595422697723844,0.9972693132637644
1453,48.432849,0.15577927571451317,0.25897020575934704,0.9886492956008069
1454,48.466181999999996,0.15325160083506023,0.265353115028663,0.9752040520832221
1455,48.499514999999995,0.1371616770447408,0.2771267887207909,0.9714320302204248
1456,48.532847999999994,0.13505460635442185,0.28598701456321063,0.9612767859231808
1457,48.566181,0.10190995467700156,0.27581256560323286,0.9552125792462199
1458,48.599514,0.10148302992706343,0.26918810815659755,0.9492372969277093
1459,48.632847,0.09097468928346365,0.25894297098249125,0.939063863315157
1460,48.66618,0.09062067155171394,0.2658163816118272,0.9346268145114033
1461,48.699512999999996,0.09306001096063793,0.25857048082283607,0.9163814039370547
1462,48.732845999999995,0.09622665601379762,0.2486838401350945,0.9164562301007411
1463,48.766179,0.09977659448881117,0.24657560724316657,0.928368371388907
1464,48.799512,0.09468978703937245,0.24995827610800808,0.9094669228149069
1465,48.832845,0.09386982409675222,0.22389330051167577,0.9387701909669418
1466,48.866178,0.08284483558479971,0.19789959484458503,0.9312901200122056
1467,48.899511,0.08961789223948485,0.17065957066257223,0.9337840258855132
1468,48.932843999999996,0.09987021674455804,0.17090987377441297,0.9246015107371535
1469,48.966176999999995,0.1065013415471033,0.20815970620905722,0.9047620846362908
1470,48.99951,0.08932819131548389,0.21728060104467287,0.879421527803124
1471,49.032843,0.08166945663897128,0.2318086017001173,0.8690936778958434
1472,49.066176,0.07356147728281105,0.23546141148111593,0.872554665560035
1473,49.099509,0.07075490937488221,0.24357100796865608,0.860913806149464
1474,49.132842,0.07224941266801299,0.23649931344115183,0.8447264070750335
1475,49.166174999999996,0.07187833553935963,0.2369133006395357,0.8434628445751952
1476,49.199507999999994,0.07187754118907498,0.2468142930907589,0.8433582233970128
1477,49.232841,0.0725916093545769,0.2466323639582977,0.8510936916021556
1478,49.266174,0.07108894612807225,0.23983753515924594,0.8425997181556534
1479,49.299507,0.07342249337632226,0.24768719640918807,0.8326181814978942
1480,49.33284,0.07085892835024449,0.24518601532225315,0.8280315476793043
1481,49.366172999999996,0.07000901141071385,0.24508913040203334,0.8320952155491776
1482,49.399505999999995,0.07187895566725247,0.24380704670816505,0.8215571606821127
1483,49.432838999999994,0.07087797923960995,0.24384266581023184,0.8229502164195346
1484,49.466172,0.06998572780852876,0.23535399940651616,0.8315226206674816
1485,49.499505,0.07107791312941479,0.2209653015904443,0.8281602384654334
1486,49.532838,0.07202241466374128,0.16397584381438296,0.8367102448618029
1487,49.566171,0.07192361117286557,0.12953163477950572,0.8334928665819051
1488,49.599503999999996,0.07264312027102504,0.17428071500537012,0.83183245420691
1489,49.632836999999995,0.07368730504893284,0.21023499846102295,0.8284772478400252
1490,49.666169999999994,0.07245320482424628,0.22833131107602195,0.8184507527745558
1491,49.699503,0.07250941401261485,0.24310826525060097,0.810198882119599
1492,49.732836,0.07221439016210156,0.24836836092579184,0.8033764779716072
1493,49.766169,0.07257116411787208,0.24597191546911423,0.8116750075128384
1494,49.799502,0.07327574590399986,0.2536337653083316,0.8018265347210053
1495,49.832834999999996,0.07444686965756134,0.2659484290681935,0.8093030285785586
1496,49.866167999999995,0.07332669133265164,0.2651819169597565,0.8107228303394735
1497,49.899501,0.07385586874959775,0.2651302212324951,0.8133662834199644
1498,49.932834,0.07435509865611185,0.26102548594781716,0.8118871520276919
1499,49.966167,0.0743359427811323,0.267513003355473,0.8222362359965639
1500,49.9995,0.07363562750664106,0.266843486607714,0.825813902942109
1501,50.032833,0.07400816271250285,0.27347919316681857,0.8452546429535424
1502,50.066165999999996,0.07478344892636131,0.27589974705443965,0.8478286032127688
1503,50.099498999999994,0.07377146156569281,0.2707807790062038,0.8563993067057356
1504,50.132832,0.07385592881908894,0.2631630261763687,0.866755367510511
1505,50.166165,0.06986910115015593,0.26806956139104415,0.870643882831433
1506,50.199498,0.06983440541452966,0.2754391149176121,0.8752547373668004
1507,50.232831,0.06986762792876765,0.26131882193764966,0.8643784573848893
1508,50.266163999999996,0.0658576454027598,0.2646414738390042,0.8717007262528991
1509,50.299496999999995,0.06338814738885577,0.26948564262638347,0.8807383835789165
1510,50.332829999999994,0.06290231846679335,0.26767210937607,0.886758894832927
1511,50.366163,0.06180663121477256,0.2579738137558342,0.8833189889361981
1512,50.399496,0.0668892828161913,0.21914470941230058,0.8832851227961539
1513,50.432829,0.06924093753716887,0.19504572925892275,0.8744879062346058
1514,50.466162,0.06838284321057635,0.20232232339880513,0.8679857631692212
1515,50.499494999999996,0.06892220365053456,0.20050899274694642,0.8774820669092661
1516,50.532827999999995,0.07381041810074708,0.21972357279911017,0.8784544190214323
1517,50.566160999999994,0.07595546868831833,0.21860135999185287,0.8940377546586776
1518,50.599494,0.07957210475046397,0.09538208679365173,0.9013402033650894
1519,50.632827,0.08076735592334379,0.10498162262243674,0.9101616167792961
1520,50.66616,0.07971274661384944,0.1721760661364177,0.9171124437586873
1521,50.699493,0.08182441993090474,0.23851003677323795,0.9075748250537433
1522,50.732825999999996,0.08264604304480817,0.2577919841060733,0.8878956065274264
1523,50.766158999999995,0.08476125439921593,0.2747487478934654,0.8908975477552068
1524,50.799492,0.08543313872676848,0.27619927659528226,0.8896668823392251
1525,50.832825,0.08468443493811684,0.2845362052464628,0.8818888648225519
1526,50.866158,0.08741758373159592,0.2828045499198223,0.8853114403215633
1527,50.899491,0.08670184804227483,0.2767968307019179,0.8889504004068497
1528,50.932824,0.08618786790930028,0.2779005405986642,0.8907096285057537
1529,50.966156999999995,0.08889141650107192,0.27719636306266304,0.8899809313239125
1530,50.999489999999994,0.0892782708484992,0.28998312928741055,0.887140018119813
1531,51.032823,0.09056158340592811,0.29643647087244895,0.8976006996833572
1532,51.066156,0.0888363324346149,0.29423765302112115,0.8974872797447917
1533,51.099489,0.08702726987114989,0.29098159070718377,0.8934143978597071
1534,51.132822,0.0904788875909414,0.294626768974067,0.8971440472126329
1535,51.166154999999996,0.09025175530961388,0.2849556037370983,0.895071321775135
1536,51.199487999999995,0.090617626317496,0.2923539792674523,0.893598858630871
1537,51.232820999999994,0.08845222551101302,0.28370696269590595,0.8808440406146503
1538,51.266154,0.08811024555397189,0.27702614776955037,0.8688970053277031
1539,51.299487,0.08569894648973671,0.25096192474921214,0.8643255087875438
1540,51.33282,0.08470258854486784,0.1620309164602403,0.8751930023913944
1541,51.366153,0.08166959241904913,0.0661611869382708,0.8342563753974496
1542,51.399485999999996,0.08261449239854537,0.09886580284831767,0.8341987277186533
1543,51.432818999999995,0.08028428268751515,0.1939652231873516,0.837752352532709
1544,51.466151999999994,0.07663622796604978,0.2547058576529412,0.8342468467419228
1545,51.499485,0.07401281986864952,0.2610049253394854,0.8314258513268183
1546,51.532818,0.07328430520804927,0.27926823777194154,0.8445265069038773
1547,51.566151,0.06936073569656952,0.26072086027626207,0.822590965652228
1548,51.599484,0.06827504541783878,0.2109158307008447,0.8309598700645568
1549,51.632816999999996,0.06297710789639782,0.0759405678333556,0.8499240407239038
1550,51.666149999999995,0.04951604830243209,0.17821881080731322,0.8735689470966427
1551,51.699483,0.13040835107324356,0.3120135088811742,0.9601311892871659
1552,51.732816,0.20484780359881677,0.39135241993274134,1.0105281273517508
1553,51.766149,0.1921793165998125,0.4098961698415168,1.0466901715620123
1554,51.799482,0.17179441959721156,0.42513680315891067,1.0756119190850242
1555,51.832815,0.16125149867652183,0.4191276296683726,1.1157692042887537
1556,51.866147999999995,0.15188024302828015,0.41742924560960815,1.1543901968041006
1557,51.899480999999994,0.15245845641067704,0.3549759815844273,1.167699512765026
1558,51.932814,0.09313016084734668,0.31037088984179717,1.1844503942931028
1559,51.966147,0.027833747130924017,0.352129599255233,1.1975198377264116
1560,51.99948,0.03182317975075868,0.32128698495821106,1.1980030597886078
1561,52.032813,0.031467493120254694,0.37979226491162155,1.2026283922962693
1562,52.066145999999996,0.028162720873802966,0.36643205602950335,1.1953687042483527
1563,52.099478999999995,0.02968862651302359,0.3786529105155073,1.1841245590700724
1564,52.132811999999994,0.12409812289553826,0.3216834661323663,1.1173943909776696
1565,52.166145,0.1547525501493118,0.26910440784413087,1.0624513696656592
1566,52.199478,0.1846703185959503,0.29007147333715344,1.0984374234118206
1567,52.232811,0.17997277648826748,0.3262097845084604,1.0741901227426822
1568,52.266144,0.17473398466949533,0.3433853657256839,1.0504805415526386
1569,52.299476999999996,0.1663803281428352,0.3216326013603949,1.0469479462726925
1570,52.332809999999995,0.15925668225107978,0.31896319924347466,1.0276734227421394
1571,52.366142999999994,0.15885466406832632,0.30676591992158997,1.0081540942128062
1572,52.399476,0.16326805012846088,0.3043144228234449,0.9959691168492116
1573,52.432809,0.16180227146175688,0.2970968647535269,0.9916372594699542
1574,52.466142,0.15797926150697802,0.28576807716207436,0.9775806320057613
1575,52.499475,0.16195913435670944,0.27810955874429305,0.9858738799493088
1576,52.532807999999996,0.15812479138528768,0.2940272580540241,0.9691272457785788
1577,52.566140999999995,0.15517515649859256,0.2888494510274674,0.9750269816048663
1578,52.599474,0.15810527039811836,0.29192871885131905,0.9570923456043405
1579,52.632807,0.15594735407976984,0.30021695393973674,0.9463907934553688
1580,52.66614,0.16191579811905096,0.28746925168601684,0.9313541096162445
1581,52.699473,0.1622868766482475,0.2633329304426659,0.9044906498417229
1582,52.732806,0.15872880077756016,0.2911329359129487,0.8661951539603379
1583,52.766138999999995,0.165590349668126,0.2791024319085299,0.8669820808573293
1584,52.799471999999994,0.15920855961929517,0.28699795316863125,0.8323033657838724
1585,52.832805,0.1557430258688529,0.2930760829281605,0.8206250486699616
1586,52.866138,0.15804822614206615,0.2719283064029818,0.8259481107881237
1587,52.899471,0.15684822682044833,0.26199247878970383,0.8153996156062163
1588,52.932804,0.1548217612360442,0.27471090146566657,0.8254769976361821
1589,52.966136999999996,0.151927029012031,0.2759646489789993,0.8275823111732356
1590,52.999469999999995,0.154514607286795,0.28413248077992675,0.8213692576269691
1591,53.032802999999994,0.16118087088130886,0.29261743763049214,0.8255761015905138
1592,53.066136,0.15257902249282573,0.28209706505663074,0.8277242953248866
1593,53.099469,0.15388834650525374,0.2769271062380661,0.8293211206502126
1594,53.132802,0.15971323635245274,0.2855375485027688,0.8397708962125064
1595,53.166135,0.15810541808513828,0.28936067685785044,0.8439925778310068
1596,53.199467999999996,0.1599158821625638,0.29480175099186773,0.8473787207208306
1597,53.232800999999995,0.15875205825429192,0.2883635644807499,0.8502048724688754
1598,53.266133999999994,0.15622760411090264,0.29167055529191604,0.8496279681653452
1599,53.299467,0.15631415743680335,0.2908460496092317,0.8467987174880193
1600,53.3328,0.15579605682201772,0.2901161204283231,0.850493969122716
1601,53.366133,0.1587157881599514,0.2896152934352185,0.843384883732438
1602,53.399466,0.15733936600756324,0.2829783230297369,0.8378958767873987
1603,53.432798999999996,0.15412874178722333,0.27879011247492735,0.8525608348843807
1604,53.466131999999995,0.14961952414953347,0.29192829890892885,0.8612187897799845
1605,53.499465,0.14869272453436091,0.3017760912840511,0.8703501999515636
1606,53.532798,0.14502265158967867,0.30069297644158033,0.8651508515823991
1607,53.566131,0.13760826866618872,0.29862661074264196,0.8767451643114277
1608,53.599464,0.1251684523901571,0.23965933557388036,0.8680585704031123
1609,53.632797,0.12233703871238445,0.05455680088242138,0.8358540656783268
1610,53.666129999999995,0.12919391268806196,0.08227789530890461,0.8290070644805346
1611,53.699462999999994,0.12681703583084616,0.15038990491481602,0.8465427644175099
1612,53.732796,0.1397139591458458,0.22297992116192217,0.859772304905002
1613,53.766129,0.14864712676956057,0.238986089628642,0.858665333012592
1614,53.799462,0.15276698079299222,0.25085326503206284,0.8520465283749041
1615,53.832795,0.15321790905627058,0.26013437057904665,0.856909905233478
1616,53.866127999999996,0.15637827279018912,0.24478016896658364,0.841503541912124
1617,53.899460999999995,0.15293479293099224,0.2468055624277763,0.8383074558597648
1618,53.932793999999994,0.15337673343508507,0.24901775483983815,0.8263554032467139
1619,53.966127,0.1486678796357176,0.2618659661277478,0.8379690710511627
1620,53.99946,0.10041229357684038,0.2500055220886895,0.8262714479452076
1621,54.032793,0.07283390285702983,0.2492644032641248,0.8320611642226501
1622,54.066126,0.07149277423849455,0.2480689681955926,0.8367897430978041
1623,54.099458999999996,0.07215491532031386,0.2519771919882085,0.8405528039770103
1624,54.132791999999995,0.07325158143599664,0.25354940559864036,0.8412711098953698
1625,54.166124999999994,0.15656903800424674,0.25728307466267997,0.8531836118392889
1626,54.199458,0.16239410644984772,0.25526265038066687,0.8515944621249525
1627,54.232791,0.14900822108827536,0.25559998560534375,0.8443309117573962
1628,54.266124,0.14428110333617125,0.26150269156536765,0.8476637942715424
1629,54.299457,0.10146286326415989,0.2659640196726061,0.8344068684237588
1630,54.332789999999996,0.07087041572056098,0.2574742294889704,0.8268878543785264
1631,54.366122999999995,0.07052865173558036,0.2594099226333444,0.8341496097221539
1632,54.399456,0.06976361966706032,0.2580106481902934,0.8289333950036167
1633,54.432789,0.06875202040432898,0.2600149786753516,0.8373687478410038
1634,54.466122,0.08876586835790386,0.265036243593484,0.8258436363910822
1635,54.499455,0.10641482238309474,0.2566183356835361,0.8372031829602488
1636,54.532788,0.10511420228434111,0.2540517886393915,0.8309394094545766
1637,54.566120999999995,0.0899729167996852,0.2526047438675414,0.8287583508310954
1638,54.599453999999994,0.09069741092491759,0.26064443329802256,0.8253721087211443
1639,54.632787,0.07200812013120776,0.2611454550089949,0.824691572294554
1640,54.66612,0.07364565557788051,0.25459406752606284,0.8201751679279232
1641,54.699453,0.07322486060308164,0.2562579591498585,0.8317346233861461
1642,54.732786,0.07358815072869491,0.25506182357330287,0.8289138821496377
1643,54.766118999999996,0.07046340618611163,0.2522743257411276,0.8160970642895359
1644,54.799451999999995,0.13291544717439774,0.2538022259742355,0.8294715077633159
1645,54.832784999999994,0.14632761269951203,0.2612211221270154,0.8259349470037533
1646,54.866118,0.15218799425890844,0.25378575467051,0.8257591973235361
1647,54.899451,0.15143235967309404,0.2526027206434313,0.8258765857506906
1648,54.932784,0.15356841089888323,0.25512802202503637,0.8351207307414916
1649,54.966117,0.1601540442502593,0.2576112955531669,0.8360226626171923
1650,54.999449999999996,0.1606150027973561,0.26081083741069133,0.839785833633708
1651,55.032782999999995,0.158730726265984,0.25598297621967886,0.83396099746562
1652,55.066115999999994,0.15485015061764829,0.2576873965777081,0.8334782153488172
1653,55.099449,0.15585328180876312,0.2623048108707752,0.838986562973787
1654,55.132782,0.1573383431500254,0.2556530310241412,0.8345086926242619
1655,55.166115,0.16008861260312396,0.27130673745663175,0.8356280986394136
1656,55.199448,0.16268227562888216,0.26741121003895985,0.8372812070548188
1657,55.232780999999996,0.16651149048569794,0.2780249983581782,0.8430165269256331
1658,55.266113999999995,0.17039926430482777,0.2693859913624095,0.8446887842910944
1659,55.299447,0.16798496264665544,0.2717880418657458,0.8429307893395249
1660,55.33278,0.1663515286423472,0.2749953667324909,0.8435826086902982
1661,55.366113,0.17481607947291297,0.27132489510929325,0.8550617007337024
1662,55.399446,0.1705384800908668,0.27679748957603584,0.858470877184879
1663,55.432779,0.15967408829509516,0.2750774586910111,0.870336784835766
1664,55.466111999999995,0.14605736111176063,0.274415203891353,0.8592414494973506
1665,55.499444999999994,0.1369793404955772,0.275517772632626,0.8514652888340967
1666,55.532778,0.13303960309641763,0.2780656185110728,0.8524010065384731
1667,55.566111,0.11331561420294692,0.2772690885609469,0.8518723828204405
1668,55.599444,0.0991978440380939,0.2823992286709139,0.85349841668276
1669,55.632777,0.09022935523508756,0.2769583947906374,0.8530757915620787
1670,55.666109999999996,0.08390055602696761,0.2728837517825813,0.8591163305511865
1671,55.699442999999995,0.06946772273722056,0.28747725722506623,0.8516117509955371
1672,55.732775999999994,0.07136862285650382,0.2869495109169282,0.8534706972255653
1673,55.766109,0.07002910760803811,0.2822020735503742,0.8525616799819005
1674,55.799442,0.0693560601462111,0.286757072900342,0.8540714968818492
1675,55.832775,0.071101467725772,0.27461096020649334,0.8546143888182853
1676,55.866108,0.07126680372246474,0.28320512671278675,0.8599931498218975
1677,55.899440999999996,0.07113836229053513,0.28207634904339074,0.8661659727300365
1678,55.932773999999995,0.07060387576091535,0.28156440902288615,0.8667832483893256
1679,55.966106999999994,0.07094309005998643,0.28641561740206156,0.8757271190486763
1680,55.99944,0.07200138700825422,0.2850202213922762,0.8799250563910035
1681,56.032773,0.06914565749591861,0.28297886342540224,0.8790081333357118
1682,56.066106,0.07554349764740016,0.2841881310090474,0.8774810884574173
1683,56.099439,0.11853213816510137,0.28047835339095795,0.8753865864335221
1684,56.132771999999996,0.156251488235058,0.27640742328869133,0.8765861623668754
1685,56.166104999999995,0.1496319548174284,0.2854074559139145,0.8728308388804078
1686,56.199438,0.10945951458119922,0.28219478131147074,0.8654117947700032
1687,56.232771,0.1232263023897539,0.276327921167258,0.8504377014571276
1688,56.266104,0.10321852372186975,0.2848415309248003,0.8313436866822613
1689,56.299437,0.07091578252973811,0.27505732469379046,0.8217439988837937
1690,56.33277,0.07330195218826228,0.28811794801120705,0.8326273626645355
1691,56.366102999999995,0.07254791226000223,0.28932356970390494,0.8408124088994592
1692,56.399435999999994,0.07132242177997727,0.29181771997843575,0.8359695308631511
1693,56.432769,0.0709641322811641,0.29436681325205283,0.839351807199809
1694,56.466102,0.16639979529497442,0.27716285443226263,0.8558191435182563
1695,56.499435,0.17599998358524302,0.2845938397428228,0.8724915506578602
1696,56.532768,0.1783540597465804,0.28067042670043124,0.8770030766111511
1697,56.566100999999996,0.1713408406530063,0.28136005687450344,0.8788586279603214
1698,56.599433999999995,0.18393065980366685,0.2796146186882067,0.8787433019644136
1699,56.632766999999994,0.18314844809055805,0.28432980901259813,0.8799314880160524
1700,56.6661,0.18845877360543736,0.27778146654376934,0.8846823770289076
1701,56.699433,0.18886159988595413,0.23971084512895127,0.8782088849902026
1702,56.732766,0.18413741987317042,0.15305481352985295,0.896990056792607
1703,56.766099,0.1787137790549117,0.0364499816292011,0.8486628037617455
1704,56.799431999999996,0.165951575924728,0.03146251995749097,0.8446744948625972
1705,56.832764999999995,0.1632043689099988,0.0809532606009458,0.8421846167729681
1706,56.866097999999994,0.16167236971461993,0.1409991372623851,0.8713038343841863
1707,56.899431,0.1505841717601886,0.23298893122004394,0.8802638172502908
1708,56.932764,0.14995780386465107,0.2568052452973405,0.8818403828248034
1709,56.966097,0.1458137569981958,0.27494435086824287,0.8694614246034219
1710,56.99943,0.13167194577415234,0.28767027003067497,0.863466800140271
1711,57.032762999999996,0.12651295738175944,0.2858655025341621,0.8740752346890899
1712,57.066095999999995,0.12946708927667405,0.29169846738314226,0.8712532045079034
1713,57.09942899999999,0.12434380685551275,0.28972472454298737,0.8727181340303102
1714,57.132762,0.15553477995144985,0.2959872689785545,0.8864682710274003
1715,57.166095,0.16863072584651875,0.30481107803529844,0.8940315823618069
1716,57.199428,0.1758945877903994,0.28889763125259105,0.8874723416527492
1717,57.232760999999996,0.17246147474115328,0.29737300159025115,0.8843724270270672
1718,57.266093999999995,0.1342522396475675,0.3100245074206744,0.890344034204675
1719,57.299426999999994,0.11639254003372844,0.3166855436093734,0.8659713773749715
1720,57.33276,0.050495692539278866,0.3198923457868643,0.8683775716286887
1721,57.366093,0.054058488155806224,0.3211056577211222,0.8520827870716104
1722,57.399426,0.051664563334456765,0.31481456090146376,0.8667850881114456
1723,57.432759,0.050601806891308415,0.3146176866420869,0.8656797945091275
1724,57.466091999999996,0.05200290932997087,0.3259217609044664,0.8729140648077882
1725,57.499424999999995,0.05115142445384135,0.31570108196645674,0.8667772659018271
1726,57.532757999999994,0.0510335534649255,0.32329676738728064,0.8615239500018406
1727,57.566091,0.05136648927131188,0.32840878984535204,0.8628759104689286
1728,57.599424,0.06511012225747152,0.3268476448295342,0.8670767397531147
1729,57.632757,0.1338020461946324,0.3245126655612681,0.8658304181959556
1730,57.66609,0.17594483397123298,0.3200852111845822,0.8662400568571366
1731,57.699422999999996,0.17640584923947603,0.31905541053412834,0.8701744927694074
1732,57.732755999999995,0.16933169074072604,0.32227695677262713,0.8704233957004174
1733,57.766088999999994,0.1686293675529233,0.314605283486951,0.8632313503469484
1734,57.799422,0.15599111416827657,0.31491330553993047,0.8673649424910747
1735,57.832755,0.10235750348446147,0.3182177596742371,0.8516031372232521
1736,57.866088,0.0477987815525791,0.31359806464897066,0.8413357831898834
1737,57.899421,0.05036282367700144,0.31591598603805904,0.8445634288800199
1738,57.932753999999996,0.05124381538663765,0.3163498174055912,0.8347445802279999
1739,57.966086999999995,0.04979339589710519,0.3093910531455758,0.8334941228587676
1740,57.99941999999999,0.08131496383136305,0.3127516386797631,0.8435448024603251
1741,58.032753,0.10270309333900077,0.32751371400053986,0.8449634549047639
1742,58.066086,0.12273301005050992,0.32406100664565823,0.8426258662484489
1743,58.099419,0.12682944369090196,0.3143109129890114,0.8410885867153657
1744,58.132751999999996,0.12434157298068607,0.32203691993337413,0.8439529743143307
1745,58.166084999999995,0.11461611917931724,0.31669554703742536,0.8374354890830086
1746,58.199417999999994,0.10614335997490389,0.32289657333051436,0.8438394047747529
1747,58.232751,0.10460127185468723,0.3164650455652398,0.8455001908092687
1748,58.266084,0.09452751963803384,0.3157243264620863,0.8436818410363524
1749,58.299417,0.09393247975026452,0.3117591580824762,0.8382891279795049
1750,58.33275,0.08668536329058937,0.32643936850782174,0.837241016029797
1751,58.366082999999996,0.07293091785152157,0.3204534570024284,0.8411610988824039
1752,58.399415999999995,0.06385527951634486,0.3135907166573534,0.8373331625021607
1753,58.432748999999994,0.05082825133089065,0.3100454876620831,0.8397316417932229
1754,58.466082,0.04990990910479084,0.3132972474621458,0.8438254453563012
1755,58.499415,0.05082414407112698,0.3065694633577912,0.8398340440591779
1756,58.532748,0.05102815852800099,0.3060154943072718,0.8363418670846634
1757,58.566081,0.05008866049968498,0.302278933945773,0.8351194251921417
1758,58.599413999999996,0.050339069735258125,0.308989139256198,0.8387648152246134
1759,58.632746999999995,0.05120010650105409,0.30721386752867624,0.8360517199531536
1760,58.666079999999994,0.050539813283622996,0.30902946597071423,0.8246784766908205
1761,58.699413,0.05033384035448944,0.3081415703262378,0.8319076443593946
1762,58.732746,0.05015012769317384,0.3040493125273567,0.8300987937521305
1763,58.766079,0.05052336608451014,0.3059776271483772,0.8354556329678375
1764,58.799412,0.048515465973197155,0.29997123704701384,0.8331649683428075
1765,58.832744999999996,0.05139068880727812,0.31411651127985407,0.8333604713559027
1766,58.866077999999995,0.050667644696771444,0.3085928699789701,0.8286424268212315
1767,58.89941099999999,0.04905574583048003,0.3078231176134554,0.8360391992830049
1768,58.932744,0.050112468259389115,0.3042797015645743,0.8316494578161006
1769,58.966077,0.04890401881963679,0.30550734294788773,0.8357143166543153
1770,58.99941,0.04928746710510069,0.3080915390449119,0.8324710631958333
1771,59.032742999999996,0.04893607576671202,0.3054095637256226,0.8320477275224785
1772,59.066075999999995,0.05226427788425086,0.31113297032757736,0.8270070862944015
1773,59.099408999999994,0.06810436950000703,0.3099666878108012,0.8297950535156022
1774,59.132742,0.06496618386559896,0.30627962026039157,0.8330944879170967
1775,59.166075,0.06680835986465156,0.3081232900750135,0.8302297971778243
1776,59.199408,0.08454987175622931,0.30754460699426067,0.8285787293845165
1777,59.232741,0.10216962668395096,0.3090691928746899,0.8284017912485598
1778,59.266073999999996,0.11913446500584206,0.30246268333148546,0.8249239789537054
1779,59.299406999999995,0.13744002673217648,0.30118150041504443,0.8327873491170581
1780,59.332739999999994,0.1356520552737388,0.302164457797308,0.8241814389483835
1781,59.366073,0.13149848983682777,0.30787414913260946,0.8361524525016854
1782,59.399406,0.12070219932475047,0.30755744732944257,0.8319886940546619
1783,59.432739,0.12424333612777996,0.30927777476439877,0.8353468958161478
1784,59.466072,0.12518543059665327,0.3119654623841198,0.8334635631186694
1785,59.499404999999996,0.1189607446848372,0.32718458581283527,0.8362843214730873
1786,59.532737999999995,0.12015465297985906,0.31896140851560045,0.837772039843301
1787,59.566070999999994,0.11866599631638292,0.31959218505514236,0.8451870846961415
1788,59.599404,0.1133879142285141,0.3199299054810909,0.8438164693608057
1789,59.632737,0.10732786859308235,0.2633751946365511,0.8466287000227386
1790,59.66607,0.10913808707278431,0.1648957334289342,0.858653094987115
1791,59.699403,0.14953500347662338,0.0908364546813089,0.8427943401808045
1792,59.732735999999996,0.20060167193657727,0.2023256101079794,0.8917094672002526
1793,59.766068999999995,0.2480894253537822,0.25943000607773964,0.9001990826216261
1794,59.79940199999999,0.24964093679806065,0.2951264730624976,0.9046316850563112
1795,59.832735,0.235485491562522,0.30247386205850035,0.9088534630886769
1796,59.866068,0.18106465843491132,0.2952930197200986,0.9099305782111088
1797,59.899401,0.1527159339458273,0.29641797144656923,0.8934266391738149
1798,59.932733999999996,0.12208603185982837,0.2850967848301853,0.8868603237081185
1799,59.966066999999995,0.06962245513625052,0.28452835811467314,0.8853214529994228
1800,59.999399999999994,0.07191281734494581,0.28054278098810326,0.8869508613502328
1801,60.032733,0.07188003921144547,0.28447521703400536,0.8860843792972727
1802,60.066066,0.07180308928838691,0.29286822827008874,0.8625029673059057
1803,60.099399,0.07198869058930488,0.2980031661375322,0.8678708656133848
1804,60.132732,0.07087122222911481,0.29332207474004424,0.8617955982667521
1805,60.166064999999996,0.07208515045953687,0.29979136443788695,0.8626953370402897
1806,60.199397999999995,0.0740796283073278,0.2931041312190321,0.8622249885084425
1807,60.232730999999994,0.07227920002198868,0.286510198258924,0.8605428500098893
1808,60.266064,0.07199823771502722,0.2918531767972601,0.8535399915037232
1809,60.299397,0.07224677670219673,0.28545159034130707,0.8456135152587227
1810,60.33273,0.07160053794639626,0.2881556385209838,0.8526908882261742
1811,60.366063,0.07235473580971137,0.28456001877495557,0.837444374111272
1812,60.399395999999996,0.0717169650899589,0.27551380536937664,0.8375108680178049
1813,60.432728999999995,0.07011648802107705,0.28120283778312594,0.8417214600513373
1814,60.466061999999994,0.1395985841188681,0.27905800373304307,0.8596341425931033
1815,60.499395,0.15942820856328874,0.27805321621701384,0.8615495948138058
1816,60.532728,0.16406397410436527,0.2731276001860796,0.8608420672238988
1817,60.566061,0.14929173551315456,0.2738744555502598,0.8545607434457512
1818,60.599394,0.15185099830450133,0.27439050496964956,0.8590354293714118
1819,60.632726999999996,0.14854807334709508,0.2717281093525767,0.8539853805733034
1820,60.666059999999995,0.14801114552194236,0.28280093007796303,0.8563921701467055
1821,60.69939299999999,0.15086929448661615,0.2761878694293387,0.8465352199447778
1822,60.732726,0.13423575097327486,0.2851358408306146,0.8507372314954138
1823,60.766059,0.08923085287748198,0.29943902522903976,0.8410862946692313
1824,60.799392,0.070458857257428,0.29538142051740257,0.845905665581226
1825,60.832724999999996,0.07843548826268315,0.2936403649979844,0.8400526672338001
1826,60.866057999999995,0.1352104569559051,0.29221953430870995,0.8430270796667912
1827,60.899390999999994,0.17041701383145713,0.2871317102315142,0.8520467574087557
1828,60.932724,0.17397748151668854,0.28855060843844893,0.8524749869900895
1829,60.966057,0.16967812894764528,0.28622423797923746,0.847362048955737
1830,60.99939,0.15855556288573494,0.2845934937621939,0.8413300901877806
1831,61.032723,0.13570908958944602,0.2917414992596127,0.8325584587150551
1832,61.066055999999996,0.10543278684644374,0.28708614032014723,0.828527294595465
1833,61.099388999999995,0.07296805841959225,0.2867918959388107,0.8244669478247806
1834,61.132721999999994,0.0737950073099492,0.29129222252845616,0.8294370887566564
1835,61.166055,0.07323196047571291,0.28590846085420857,0.8226100941428318
1836,61.199388,0.07468039664702031,0.28577697146542425,0.8263044465467766
1837,61.232721,0.07400634662396556,0.28711125547175903,0.8298806241308286
1838,61.266054,0.08453641903123432,0.28284261421021095,0.8314735166593932
1839,61.299386999999996,0.12325452620494666,0.28476640148151416,0.8346110496390972
1840,61.332719999999995,0.12533196779402447,0.28258990039374243,0.8317716230945389
1841,61.366052999999994,0.08770155708217132,0.27703583782334096,0.8273801298711214
1842,61.399386,0.07282297968137941,0.26902353098986864,0.8280810017579542
1843,61.432719,0.07244932779427896,0.2723497701605927,0.8320971139273173
1844,61.466052,0.0925442602910881,0.26861381850439414,0.8356974529409515
1845,61.499385,0.12991481971894708,0.2695974540789712,0.8367089239907978
1846,61.532717999999996,0.15358794697294273,0.2629887789753286,0.8453336841718941
1847,61.566050999999995,0.15355004557892743,0.2563265723943513,0.8426721964831211
1848,61.59938399999999,0.14662024346847036,0.2616973403736479,0.8446936302811431
1849,61.632717,0.13637010770428645,0.26129313091765627,0.8445242940191466
1850,61.66605,0.12620512048278046,0.2524705105208501,0.8502637239984393
1851,61.699383,0.12129393463567398,0.22978275325419423,0.8543914375961352
1852,61.732715999999996,0.11099347876164022,0.11761857040308613,0.8703895562685159
1853,61.766048999999995,0.10019926846362073,0.09416639472827273,0.8682401007778396
1854,61.799381999999994,0.09229474442627501,0.17437623626751486,0.872719172908149
1855,61.832715,0.09604141258420597,0.21970715216620695,0.8504447220062232
1856,61.866048,0.07795438508242558,0.24586182496536174,0.8500557040752561
1857,61.899381,0.07537044648651549,0.25759883177433684,0.8464320096249413
1858,61.932714,0.07443616200555238,0.2566052410509021,0.8571763453863654
1859,61.966046999999996,0.08172340575567738,0.26963122055100974,0.8494266652162176
1860,61.999379999999995,0.07185846660774566,0.26522957064337294,0.8483375809445572
1861,62.032712999999994,0.07323705202478116,0.2731514813530525,0.8422487606271086
1862,62.066046,0.07224513746541854,0.2670953504523582,0.8429078428388477
1863,62.099379,0.07282452513824463,0.27150253163870625,0.8402496335008892
1864,62.132712,0.07380097218808675,0.27382486449763344,0.8582188293706746
1865,62.166045,0.07915017680286873,0.2853229654123032,0.8501710507389294
1866,62.199377999999996,0.07963158676187401,0.2727979004830897,0.849278544864785
1867,62.232710999999995,0.0905607032262584,0.2815716095510654,0.8407518150893007
1868,62.266043999999994,0.09258176792096334,0.27544698540935364,0.8464226492778778
1869,62.299377,0.10652065051687899,0.2788684559051449,0.8405331582378877
1870,62.33271,0.11027090958151357,0.27783459057293836,0.8495956152613683
1871,62.366043,0.08787058256817509,0.2785664793496352,0.8423749180995568
1872,62.399376,0.10191802833960177,0.276653770401335,0.8463560157095431
1873,62.432708999999996,0.07565224327201019,0.27678529666272833,0.8484919750136604
1874,62.466041999999995,0.09413187426668582,0.2813312164217313,0.8422937239815892
1875,62.49937499999999,0.08478720319025905,0.28868019604697526,0.8422847778876864
1876,62.532708,0.0810714793597391,0.2668225047286019,0.8324179190505943
1877,62.566041,0.07846075016934968,0.19843329070029375,0.8530759010954488
1878,62.599374,0.08271968879601968,0.12279377919216339,0.8581804827713897
1879,62.632706999999996,0.08333307370827812,0.16598924794868963,0.8662298610687132
1880,62.666039999999995,0.08424195774426542,0.2117284755445704,0.8847200043684861
1881,62.699372999999994,0.08611818609333374,0.2501003816706458,0.8999048764890584
1882,62.732706,0.0870021700088233,0.275710451196219,0.9128042896328388
1883,62.766039,0.08757534236715422,0.2687271126514199,0.9079573658244074
1884,62.799372,0.08583187170820412,0.2834458806054353,0.9132597286008982
1885,62.832705,0.10672469479581125,0.2826823921960439,0.9117320900103156
1886,62.866037999999996,0.11652317155400527,0.28133374920857246,0.9142771625509359
1887,62.899370999999995,0.1137035858628927,0.2857612676269552,0.9162407762927754
1888,62.932703999999994,0.1083580120886041,0.28570879482315203,0.9183217721465169
1889,62.966037,0.10401139863184303,0.28853143475668275,0.9121450489799093
1890,62.99937,0.1132528248342675,0.28471636630181746,0.9112515610871965
1891,63.032703,0.12230573649375256,0.28870264724614325,0.9036176868860745
1892,63.066036,0.1278378420322756,0.28810533443961295,0.915599064645651
1893,63.099368999999996,0.14430047467282234,0.2865768050301859,0.9243856427956536
1894,63.132701999999995,0.14305551055268195,0.28416226441388126,0.9284111178610572
1895,63.166034999999994,0.15961947119284442,0.27520995810038,0.9247318707201371
1896,63.199368,0.15946153250335413,0.2616066335965027,0.9073543718745141
1897,63.232701,0.15508674820674562,0.27641674377083747,0.9007846625988499
1898,63.266034,0.14700036959500107,0.28775588740724517,0.9075259230498061
1899,63.299367,0.16544858294657766,0.2915935621341621,0.9127313030383885
1900,63.332699999999996,0.1653943392400695,0.29731414051094374,0.9062447946206091
1901,63.366032999999995,0.17760981666809988,0.2858391409893802,0.8943999576163388
1902,63.39936599999999,0.17021133150658402,0.28986314437843796,0.8840073418750474
1903,63.432699,0.1644364576649138,0.278458766747683,0.8826606784673692
1904,63.466032,0.16112430211919831,0.2797306825845687,0.8793171651583042
1905,63.499365,0.16047259908622424,0.2694799363766603,0.8751122327924403
1906,63.532697999999996,0.16353067283056516,0.2754895651780631,0.8802456142735714
1907,63.566030999999995,0.18718303437287043,0.2719977657833445,0.8943964039424177
1908,63.599363999999994,0.20062138326401985,0.2833904056134511,0.8977575695157705
1909,63.632697,0.21923526574825036,0.28313095872322014,0.9115866139390855
1910,63.66603,0.2329940298213063,0.2797527080862069,0.9274109085732082
1911,63.699363,0.24629817585721175,0.28291784273821996,0.9334561710030668
1912,63.732696,0.2588747677158353,0.28335679580211603,0.9342093863718063
1913,63.766028999999996,0.25977113666119767,0.28839559711574425,0.9292491897076095
1914,63.799361999999995,0.24738344875251617,0.2886595031420514,0.9279743251449473
1915,63.832694999999994,0.23082488490322747,0.29042962930585986,0.9123109802348723
1916,63.866028,0.23155636670271945,0.29121991191344965,0.9202442355854973
1917,63.899361,0.23100243302721096,0.2931842253924293,0.9200083613000173
1918,63.932694,0.2576534497472206,0.28701530307271816,0.9325870134570292
1919,63.966027,0.2685346426699118,0.2822167941132987,0.938403135366023
1920,63.999359999999996,0.26447968846129366,0.2737320709798565,0.9483631812011951
1921,64.032693,0.2537636686726232,0.27018041585782004,0.9505714431732211
1922,64.066026,0.2263290900453373,0.2201850289264124,0.941360001597368
1923,64.09935899999999,0.21032381889993104,0.12951714181796026,0.9440357022213627
1924,64.13269199999999,0.17633811646919795,0.05639193074503793,0.8962091074307952
1925,64.16602499999999,0.15679509122233337,0.03712108360075207,0.8698935913043278
1926,64.199358,0.1428425255356796,0.043603025161719,0.8694770266053001
1927,64.232691,0.1130492707575301,0.1896069531313475,0.8799953455620743
1928,64.266024,0.09084835834642215,0.26091616274271895,0.8800185846070251
1929,64.299357,0.05898344612874811,0.3083959987661564,0.8963875198894429
1930,64.33269,0.059729091481690595,0.29966853153196465,0.9033418255105032
1931,64.366023,0.05055789286246943,0.30866804314337004,0.9100298621289923
1932,64.399356,0.047951350951315794,0.30906324532492396,0.9131906002760107
1933,64.432689,0.04918442345227767,0.3148878725725983,0.902586910922918
1934,64.466022,0.049031512053394226,0.3267612974555795,0.8964221914246298
1935,64.499355,0.0787453741155459,0.3175726764550893,0.9122545297965059
1936,64.532688,0.10015379514222837,0.32101915818108984,0.9033942065772511
1937,64.56602099999999,0.11946880952209005,0.32695348957853265,0.8926326738701442
1938,64.59935399999999,0.13351177136082662,0.33082529828268165,0.8898553361814813
1939,64.63268699999999,0.11969156523972552,0.330126767037062,0.8961510952181676
1940,64.66602,0.11886990654130158,0.3151351250940848,0.8888429343204948
1941,64.699353,0.10903739624469891,0.32115764274020353,0.9028673947359251
1942,64.732686,0.11844232308239877,0.32125449804089495,0.8948937343178918
1943,64.766019,0.11913960058556403,0.3219776764672121,0.9094929411200091
1944,64.799352,0.12549291730792952,0.32776374658607726,0.89296055498253
1945,64.832685,0.12464816203771731,0.3412213849158,0.8976364979060528
1946,64.866018,0.1132024519626954,0.335352522572692,0.9006439173822799
1947,64.899351,0.1231861783645157,0.34205230683530713,0.8958335688001231
1948,64.932684,0.11905401214933799,0.34045868237953025,0.9065598773349686
1949,64.966017,0.13017516392254427,0.3356743313641938,0.8967702181892879
1950,64.99934999999999,0.12384845608003306,0.3453295148809642,0.8939153798864021
1951,65.03268299999999,0.11917774712168391,0.34300163572411857,0.9125274247520794
1952,65.06601599999999,0.11853945330043632,0.33428065669826224,0.8976206465768817
1953,65.099349,0.1123152328679343,0.33408001838509405,0.9050739500219118
1954,65.132682,0.10121468190331208,0.3386642957472996,0.9021169826056389
1955,65.166015,0.0997727431413668,0.3309496985091681,0.9029024823406528
1956,65.199348,0.11421574772797104,0.32792289315797774,0.8837932053015527
1957,65.232681,0.12158047851716863,0.34765651453229673,0.8949742135341064
1958,65.266014,0.14001131633873812,0.33608996781038847,0.9039407066603227
1959,65.299347,0.1435579650662584,0.3479154401800638,0.9002021425318796
1960,65.33268,0.14385080964106073,0.3255729031428263,0.8895243571909709
1961,65.366013,0.14346850347520732,0.3399751407983436,0.901350976314422
1962,65.399346,0.15081151287433772,0.3245966324666406,0.9034519809302622
1963,65.432679,0.1580882669324526,0.3271062159147904,0.9052255767487414
1964,65.46601199999999,0.16061857428323864,0.3268309905610972,0.9080650536650395
1965,65.49934499999999,0.16083815488876785,0.3224339670383891,0.9191459497625397
1966,65.53267799999999,0.1600328543832959,0.3368869064950002,0.910901179438248
1967,65.566011,0.16139369738050807,0.3367533110770412,0.9143939776058033
1968,65.599344,0.16513494640964774,0.33565806230647477,0.9079533112955143
1969,65.632677,0.17428372919828325,0.3361900240942157,0.907887332598623
1970,65.66601,0.179051579803199,0.33471477290102636,0.9224094429624256
1971,65.699343,0.18006213083213612,0.33817680540963024,0.9266638487423431
1972,65.732676,0.16571288066730772,0.33144417280741445,0.917257043819699
1973,65.766009,0.16694798845038653,0.32619845268038566,0.9029380028099638
1974,65.799342,0.16358650492625057,0.32857294597290987,0.8979465865067929
1975,65.832675,0.16682528515859968,0.3204801100783333,0.9033039196683569
1976,65.866008,0.1598010859479866,0.3182260775226716,0.901748713847939
1977,65.89934099999999,0.16306728423312924,0.2728373420466051,0.8879056249845366
1978,65.93267399999999,0.16330182718359035,0.2902092349761144,0.9075404271809255
1979,65.96600699999999,0.16590235402678058,0.3145111330569882,0.8898278655747937
1980,65.99934,0.1697553933959755,0.3062334761834388,0.8751540781769146
1981,66.032673,0.16269152439052575,0.2986362551490306,0.8613656716501652
1982,66.066006,0.15841448568205344,0.2934741947966828,0.8459328219523505
1983,66.099339,0.16064657612007657,0.29329993989112196,0.8391155608752944
1984,66.132672,0.15422192903866594,0.2862196735619317,0.8449982510274209
1985,66.166005,0.15176946592006116,0.25914610787997033,0.8537641646290557
1986,66.199338,0.15043186496075908,0.23408964913895952,0.8596935001463363
1987,66.232671,0.14683568312032008,0.24300477279765892,0.8571566310351962
1988,66.266004,0.14570859097401187,0.2417883624110468,0.8554364500541278
1989,66.299337,0.12836686266298436,0.23529524017282288,0.8666815540018952
1990,66.33267,0.1172888190875079,0.12317671778966831,0.8674895245215407
1991,66.36600299999999,0.11403684419776157,0.1288397514784308,0.8873974370264247
1992,66.39933599999999,0.10997166243465202,0.22053435402251614,0.9506923097514414
1993,66.43266899999999,0.12184941552513465,0.3659505925110367,1.0319283960357821
1994,66.466002,0.11973867490302247,0.4315436751489361,1.0674881594033905
1995,66.499335,0.12075191540742423,0.4042180674610798,1.0722783833157157
1996,66.532668,0.1225386762056449,0.40176421403088436,1.0850089113301709
1997,66.566001,0.11808794576167066,0.4210420570206776,1.0554330350069678
1998,66.599334,0.12246169935619952,0.4180241591669228,1.0767067137340323
1999,66.632667,0.1101584265981786,0.4180672314589593,1.0723849887846726
2000,66.666,0.10781152700013734,0.43580080168206936,1.0685702837874198
2001,66.699333,0.11580722386442346,0.39513695823057243,1.0399135860876894
2002,66.732666,0.12391443846923265,0.32853665199990434,1.008595691672423
2003,66.765999,0.11884164170462153,0.11000167769282575,0.9248606109504096
2004,66.79933199999999,0.12855010848322826,0.08775683284820043,0.907134768399474
2005,66.83266499999999,0.12647658268217238,0.0690314504002286,0.8918972422851779
2006,66.86599799999999,0.13023313037134593,0.14473616291523547,0.9058791578548759
2007,66.899331,0.13023160035712716,0.21382283061425744,0.9043105162163819
2008,66.932664,0.11920700977652449,0.2569763066764317,0.8998892810838066
2009,66.965997,0.1290321018705459,0.2583380793973329,0.8973698964895254
2010,66.99933,0.13153241407385674,0.2540827307514441,0.8867067863834587
2011,67.032663,0.1274217464610549,0.2594820029778294,0.878320411254275
2012,67.065996,0.12929835323656597,0.25252897920913553,0.8683392722685157
2013,67.099329,0.1327261398972549,0.2523082416899071,0.8570645720709609
2014,67.132662,0.12493899096556563,0.23998447645479107,0.8661860424767216
2015,67.165995,0.1306973057493901,0.24545943638611162,0.844583039736455
2016,67.199328,0.12910035533229938,0.26936873402363803,0.8333544791517735
2017,67.232661,0.12525761233133295,0.3125237044884445,0.8231433981253657
2018,67.26599399999999,0.13057081173663865,0.3211824467030173,0.8163755669831148
2019,67.29932699999999,0.13578295468750867,0.3320486055332881,0.8501726816952465
2020,67.33265999999999,0.14079048578459735,0.3251442889759232,0.8612551401482641
2021,67.365993,0.1522463140482399,0.32886704733433947,0.8909124351873653
2022,67.399326,0.16035319775365842,0.32471450115947076,0.9216025076617834
2023,67.432659,0.15692128008397577,0.3195483433039028,0.9324941306920225
2024,67.465992,0.15632586924229405,0.33739725024991807,0.9410280694592849
2025,67.499325,0.15983972272915647,0.34028383189043704,0.947276041412229
2026,67.532658,0.16817241183132356,0.3315912330725854,0.940527621082202
2027,67.565991,0.16800136960626158,0.33156499993701427,0.9516522967831309
2028,67.599324,0.17054654501459748,0.3347736574302247,0.9504381154613581
2029,67.632657,0.1690696158475324,0.32585375880238143,0.9533091121126253
2030,67.66599,0.16621454268863625,0.33102757054079324,0.9567027683238434
2031,67.69932299999999,0.16785398981385713,0.33305560828819647,0.9415819870989692
2032,67.73265599999999,0.16528702118916713,0.32622448639183427,0.9349766049381286
2033,67.76598899999999,0.15306117144601988,0.2951318368373877,0.9324633817246143
2034,67.799322,0.14855713812839855,0.2970418909331471,0.928094937657175
2035,67.832655,0.15412254880658086,0.28856254242078383,0.9217347061801574
2036,67.865988,0.1545176743831031,0.30114869172173486,0.9136990110983658
2037,67.899321,0.1468561522815168,0.3034503689183208,0.9198654982016315
2038,67.932654,0.13934995908013278,0.29578101413884195,0.9144669443095192
2039,67.965987,0.13862708794889397,0.2871349088597993,0.8922963932723064
2040,67.99932,0.12298539018231663,0.2875968532529028,0.8801329012052748
2041,68.032653,0.11145238532788149,0.2938852687738442,0.8751197750462814
2042,68.065986,0.1161272020180468,0.28728343114761856,0.867298475265835
2043,68.099319,0.11318130073273848,0.2887803316070006,0.8821929083902849
2044,68.132652,0.10999125642621024,0.2908286562266802,0.8551139172499395
2045,68.16598499999999,0.1066345299012741,0.2927412815216721,0.858647082742309
2046,68.19931799999999,0.10861262772329738,0.28942719977687126,0.8638784525166149
2047,68.23265099999999,0.1061933921347465,0.2920395568090507,0.8721182051482855
2048,68.265984,0.10387185698910945,0.2666937739249945,0.8626527463990693
2049,68.299317,0.09724662996287699,0.2532506328495446,0.8719850845066355
2050,68.33265,0.09866737933836059,0.17919317102632387,0.8862751566292226
2051,68.365983,0.10679262644393601,0.05929092158027802,0.8681186508380541
2052,68.399316,0.10706691662938844,0.0465009314205279,0.8363253454708353
2053,68.432649,0.09511392050988836,0.045485437682753704,0.8401390772997891
2054,68.465982,0.09803394232244049,0.08141446116415724,0.8187621154009532
2055,68.499315,0.12668869578695327,0.19522049565035252,0.8350511867089976
2056,68.532648,0.09405142519260802,0.2233616255032374,0.8484825970553611
2057,68.565981,0.11953724505047962,0.24444170104930824,0.8322845593126083
2058,68.59931399999999,0.13213358952321336,0.25484035195532123,0.8258299072204399
2059,68.63264699999999,0.12243070497517419,0.25506600129297174,0.8296375598685675
2060,68.66597999999999,0.1284826696300227,0.2611460942723869,0.8406101242138946
2061,68.69931299999999,0.13077399808277634,0.2583633754439611,0.8374891884238785
2062,68.732646,0.1219098135695679,0.26171024204265114,0.8378304145890076
2063,68.765979,0.12180532008053696,0.2620136304750035,0.8392670976854066
2064,68.799312,0.1364174674031969,0.26134994218421015,0.8413071934340088
2065,68.832645,0.1410294212318862,0.26069220892282496,0.8474337020524839
2066,68.865978,0.13775049252109517,0.26633221391433193,0.8443202415874043
2067,68.899311,0.13779672413317992,0.2666395783511407,0.8528241185658468
2068,68.932644,0.14076577855883282,0.26695062519589563,0.8387703279734504
2069,68.965977,0.1419121241882847,0.2737854377267125,0.8449129442377505
2070,68.99931,0.13708878595472626,0.2723769421853949,0.8374344294397279
2071,69.032643,0.14044827656739192,0.27473917635322875,0.8372694953888271
2072,69.06597599999999,0.1377328025440343,0.2748081903690358,0.8295471036855676
2073,69.09930899999999,0.1351697311513631,0.2754602291719228,0.8351368586077887
2074,69.13264199999999,0.1372514065462278,0.27420406353021043,0.8236485150422911
2075,69.165975,0.13007775513130274,0.2721219716818398,0.8348079323155102
2076,69.199308,0.13110880358730986,0.27594285327097257,0.8238140028076046
2077,69.232641,0.12946295124028012,0.27210159562429026,0.8283916412924921
2078,69.265974,0.1279479429200649,0.2662622885548064,0.8213466669312567
2079,69.299307,0.12928890460901502,0.26314288010203085,0.8214305639941003
2080,69.33264,0.12407119288985059,0.2747981914857902,0.8230874940465277
2081,69.365973,0.12772848893876376,0.26896987276175593,0.8174840317575385
2082,69.399306,0.1215354071786608,0.2755119099211615,0.8193234574653512
2083,69.432639,0.10455474834113333,0.2689364214422748,0.8179675803286188
2084,69.465972,0.1035064381606498,0.2783413878598059,0.8193237134591365
2085,69.49930499999999,0.10053283961776699,0.2768436343067723,0.839490316468087
